solid OpenSCAD_Model
  facet normal 0 -1 0
    outer loop
      vertex -14.4 -2.25 0
      vertex 1.5 -2.25 2.5
      vertex -14.4 -2.25 2.5
    endloop
  endfacet
  facet normal 0 -1 -0
    outer loop
      vertex 1.5 -2.25 2.5
      vertex -14.4 -2.25 0
      vertex 1.5 -2.25 0
    endloop
  endfacet
  facet normal 0.514496 0.857493 -0
    outer loop
      vertex 14.7333 11.1489 0
      vertex 14.6828 11.1792 22.5
      vertex 14.7333 11.1489 22.5
    endloop
  endfacet
  facet normal 0.514496 0.857493 0
    outer loop
      vertex 14.6828 11.1792 22.5
      vertex 14.7333 11.1489 0
      vertex 14.6828 11.1792 0
    endloop
  endfacet
  facet normal -0.998786 -0.0492515 0
    outer loop
      vertex -14.9971 -1.7088 0
      vertex -15 -1.64999 2.5
      vertex -15 -1.64999 0
    endloop
  endfacet
  facet normal -0.998786 -0.0492515 0
    outer loop
      vertex -15 -1.64999 2.5
      vertex -14.9971 -1.7088 0
      vertex -14.9971 -1.7088 2.5
    endloop
  endfacet
  facet normal -1 0 0
    outer loop
      vertex -15 -1.64999 2.5
      vertex -15 10.65 0
      vertex -15 -1.64999 0
    endloop
  endfacet
  facet normal -1 0 0
    outer loop
      vertex -15 10.65 0
      vertex -15 -1.64999 2.5
      vertex -15 10.65 22.5
    endloop
  endfacet
  facet normal -1 0 0
    outer loop
      vertex -15 -2.64999 3.5
      vertex -15 10.65 22.5
      vertex -15 -1.64999 2.5
    endloop
  endfacet
  facet normal -1 0 0
    outer loop
      vertex -15 -2.64999 21
      vertex -15 10.65 22.5
      vertex -15 -2.64999 3.5
    endloop
  endfacet
  facet normal -1 0 0
    outer loop
      vertex -15 -3.14999 22.5
      vertex -15 -2.64999 21
      vertex -15 -3.14999 21.5
    endloop
  endfacet
  facet normal -1 0 0
    outer loop
      vertex -15 -2.64999 21
      vertex -15 -3.14999 22.5
      vertex -15 10.65 22.5
    endloop
  endfacet
  facet normal 0.998786 0.0492599 0
    outer loop
      vertex 15 10.65 22.5
      vertex 14.9971 10.7088 0
      vertex 14.9971 10.7088 22.5
    endloop
  endfacet
  facet normal 0.998786 0.0492599 0
    outer loop
      vertex 14.9971 10.7088 0
      vertex 15 10.65 22.5
      vertex 15 10.65 0
    endloop
  endfacet
  facet normal 1 -0 0
    outer loop
      vertex 15 -10.65 22.5
      vertex 15 10.65 0
      vertex 15 10.65 22.5
    endloop
  endfacet
  facet normal 1 0 0
    outer loop
      vertex 15 10.65 0
      vertex 15 -10.65 22.5
      vertex 15 -10.65 0
    endloop
  endfacet
  facet normal -0.0492599 -0.998786 0
    outer loop
      vertex -14.4588 -2.2471 0
      vertex -14.4 -2.25 2.5
      vertex -14.4588 -2.2471 2.5
    endloop
  endfacet
  facet normal -0.0492599 -0.998786 -0
    outer loop
      vertex -14.4 -2.25 2.5
      vertex -14.4588 -2.2471 0
      vertex -14.4 -2.25 0
    endloop
  endfacet
  facet normal -0.242695 -0.970103 0
    outer loop
      vertex -14.5742 -2.22415 0
      vertex -14.517 -2.23846 2.5
      vertex -14.5742 -2.22415 2.5
    endloop
  endfacet
  facet normal -0.242695 -0.970103 -0
    outer loop
      vertex -14.517 -2.23846 2.5
      vertex -14.5742 -2.22415 0
      vertex -14.517 -2.23846 0
    endloop
  endfacet
  facet normal -0.904394 0.426697 0
    outer loop
      vertex -14.9543 10.8796 0
      vertex -14.9292 10.9328 22.5
      vertex -14.9292 10.9328 0
    endloop
  endfacet
  facet normal -0.904394 0.426697 0
    outer loop
      vertex -14.9292 10.9328 22.5
      vertex -14.9543 10.8796 0
      vertex -14.9543 10.8796 22.5
    endloop
  endfacet
  facet normal 0.146179 0.989258 -0
    outer loop
      vertex 14.517 11.2385 0
      vertex 14.4588 11.2471 22.5
      vertex 14.517 11.2385 22.5
    endloop
  endfacet
  facet normal 0.146179 0.989258 0
    outer loop
      vertex 14.4588 11.2471 22.5
      vertex 14.517 11.2385 0
      vertex 14.4588 11.2471 0
    endloop
  endfacet
  facet normal -0.146844 -0.98916 0
    outer loop
      vertex -14.517 -2.23846 0
      vertex -14.4588 -2.2471 2.5
      vertex -14.517 -2.23846 2.5
    endloop
  endfacet
  facet normal -0.146844 -0.98916 -0
    outer loop
      vertex -14.4588 -2.2471 2.5
      vertex -14.517 -2.23846 0
      vertex -14.4588 -2.2471 0
    endloop
  endfacet
  facet normal 0.941125 0.338058 0
    outer loop
      vertex 14.9742 10.8242 22.5
      vertex 14.9543 10.8796 0
      vertex 14.9543 10.8796 22.5
    endloop
  endfacet
  facet normal 0.941125 0.338058 0
    outer loop
      vertex 14.9543 10.8796 0
      vertex 14.9742 10.8242 22.5
      vertex 14.9742 10.8242 0
    endloop
  endfacet
  facet normal -0.337004 -0.941503 0
    outer loop
      vertex -14.6296 -2.20432 0
      vertex -14.5742 -2.22415 2.5
      vertex -14.6296 -2.20432 2.5
    endloop
  endfacet
  facet normal -0.337004 -0.941503 -0
    outer loop
      vertex -14.5742 -2.22415 2.5
      vertex -14.6296 -2.20432 0
      vertex -14.5742 -2.22415 0
    endloop
  endfacet
  facet normal -0.941125 0.338058 0
    outer loop
      vertex -14.9742 10.8242 0
      vertex -14.9543 10.8796 22.5
      vertex -14.9543 10.8796 0
    endloop
  endfacet
  facet normal -0.941125 0.338058 0
    outer loop
      vertex -14.9543 10.8796 22.5
      vertex -14.9742 10.8242 0
      vertex -14.9742 10.8242 22.5
    endloop
  endfacet
  facet normal -0.0492599 0.998786 0
    outer loop
      vertex -14.4 11.25 0
      vertex -14.4588 11.2471 22.5
      vertex -14.4 11.25 22.5
    endloop
  endfacet
  facet normal -0.0492599 0.998786 0
    outer loop
      vertex -14.4588 11.2471 22.5
      vertex -14.4 11.25 0
      vertex -14.4588 11.2471 0
    endloop
  endfacet
  facet normal -0.595918 0.803046 0
    outer loop
      vertex -14.7333 11.1489 0
      vertex -14.7806 11.1138 22.5
      vertex -14.7333 11.1489 22.5
    endloop
  endfacet
  facet normal -0.595918 0.803046 0
    outer loop
      vertex -14.7806 11.1138 22.5
      vertex -14.7333 11.1489 0
      vertex -14.7806 11.1138 0
    endloop
  endfacet
  facet normal -0.242536 0.970143 0
    outer loop
      vertex -14.517 11.2385 0
      vertex -14.5742 11.2242 22.5
      vertex -14.517 11.2385 22.5
    endloop
  endfacet
  facet normal -0.242536 0.970143 0
    outer loop
      vertex -14.5742 11.2242 22.5
      vertex -14.517 11.2385 0
      vertex -14.5742 11.2242 0
    endloop
  endfacet
  facet normal 0 1 -0
    outer loop
      vertex 14.4 11.25 0
      vertex -14.4 11.25 22.5
      vertex 14.4 11.25 22.5
    endloop
  endfacet
  facet normal 0 1 0
    outer loop
      vertex -14.4 11.25 22.5
      vertex 14.4 11.25 0
      vertex -14.4 11.25 0
    endloop
  endfacet
  facet normal 0.741857 0.670558 0
    outer loop
      vertex 14.8638 11.0306 22.5
      vertex 14.8243 11.0743 0
      vertex 14.8243 11.0743 22.5
    endloop
  endfacet
  facet normal 0.741857 0.670558 0
    outer loop
      vertex 14.8243 11.0743 0
      vertex 14.8638 11.0306 22.5
      vertex 14.8638 11.0306 0
    endloop
  endfacet
  facet normal 0.989258 0.146179 0
    outer loop
      vertex 14.9971 10.7088 22.5
      vertex 14.9885 10.767 0
      vertex 14.9885 10.767 22.5
    endloop
  endfacet
  facet normal 0.989258 0.146179 0
    outer loop
      vertex 14.9885 10.767 0
      vertex 14.9971 10.7088 22.5
      vertex 14.9971 10.7088 0
    endloop
  endfacet
  facet normal -0.595699 -0.803208 0
    outer loop
      vertex -14.7806 -2.1138 0
      vertex -14.7333 -2.14888 2.5
      vertex -14.7806 -2.1138 2.5
    endloop
  endfacet
  facet normal -0.595699 -0.803208 -0
    outer loop
      vertex -14.7333 -2.14888 2.5
      vertex -14.7806 -2.1138 0
      vertex -14.7333 -2.14888 0
    endloop
  endfacet
  facet normal -0.670931 -0.74152 0
    outer loop
      vertex -14.8243 -2.07426 0
      vertex -14.7806 -2.1138 2.5
      vertex -14.8243 -2.07426 2.5
    endloop
  endfacet
  facet normal -0.670931 -0.74152 -0
    outer loop
      vertex -14.7806 -2.1138 2.5
      vertex -14.8243 -2.07426 0
      vertex -14.7806 -2.1138 0
    endloop
  endfacet
  facet normal -0.514496 0.857493 0
    outer loop
      vertex -14.6828 11.1792 0
      vertex -14.7333 11.1489 22.5
      vertex -14.6828 11.1792 22.5
    endloop
  endfacet
  facet normal -0.514496 0.857493 0
    outer loop
      vertex -14.7333 11.1489 22.5
      vertex -14.6828 11.1792 0
      vertex -14.7333 11.1489 0
    endloop
  endfacet
  facet normal -0.426697 0.904394 0
    outer loop
      vertex -14.6296 11.2043 0
      vertex -14.6828 11.1792 22.5
      vertex -14.6296 11.2043 22.5
    endloop
  endfacet
  facet normal -0.426697 0.904394 0
    outer loop
      vertex -14.6828 11.1792 22.5
      vertex -14.6296 11.2043 0
      vertex -14.6828 11.1792 0
    endloop
  endfacet
  facet normal -0.802925 -0.59608 0
    outer loop
      vertex -14.8638 -2.03062 0
      vertex -14.8989 -1.98334 2.5
      vertex -14.8989 -1.98334 0
    endloop
  endfacet
  facet normal -0.802925 -0.59608 0
    outer loop
      vertex -14.8989 -1.98334 2.5
      vertex -14.8638 -2.03062 0
      vertex -14.8638 -2.03062 2.5
    endloop
  endfacet
  facet normal -0.338058 0.941125 0
    outer loop
      vertex -14.5742 11.2242 0
      vertex -14.6296 11.2043 22.5
      vertex -14.5742 11.2242 22.5
    endloop
  endfacet
  facet normal -0.338058 0.941125 0
    outer loop
      vertex -14.6296 11.2043 22.5
      vertex -14.5742 11.2242 0
      vertex -14.6296 11.2043 0
    endloop
  endfacet
  facet normal 0.970143 0.242536 0
    outer loop
      vertex 14.9885 10.767 22.5
      vertex 14.9742 10.8242 0
      vertex 14.9742 10.8242 22.5
    endloop
  endfacet
  facet normal 0.970143 0.242536 0
    outer loop
      vertex 14.9742 10.8242 0
      vertex 14.9885 10.767 22.5
      vertex 14.9885 10.767 0
    endloop
  endfacet
  facet normal 0.0492599 0.998786 -0
    outer loop
      vertex 14.4588 11.2471 0
      vertex 14.4 11.25 22.5
      vertex 14.4588 11.2471 22.5
    endloop
  endfacet
  facet normal 0.0492599 0.998786 0
    outer loop
      vertex 14.4 11.25 22.5
      vertex 14.4588 11.2471 0
      vertex 14.4 11.25 0
    endloop
  endfacet
  facet normal -0.146179 0.989258 0
    outer loop
      vertex -14.4588 11.2471 0
      vertex -14.517 11.2385 22.5
      vertex -14.4588 11.2471 22.5
    endloop
  endfacet
  facet normal -0.146179 0.989258 0
    outer loop
      vertex -14.517 11.2385 22.5
      vertex -14.4588 11.2471 0
      vertex -14.517 11.2385 0
    endloop
  endfacet
  facet normal 0.595918 0.803046 -0
    outer loop
      vertex 14.7806 11.1138 0
      vertex 14.7333 11.1489 22.5
      vertex 14.7806 11.1138 22.5
    endloop
  endfacet
  facet normal 0.595918 0.803046 0
    outer loop
      vertex 14.7333 11.1489 22.5
      vertex 14.7806 11.1138 0
      vertex 14.7333 11.1489 0
    endloop
  endfacet
  facet normal -0.857493 0.514496 0
    outer loop
      vertex -14.9292 10.9328 0
      vertex -14.8989 10.9833 22.5
      vertex -14.8989 10.9833 0
    endloop
  endfacet
  facet normal -0.857493 0.514496 0
    outer loop
      vertex -14.8989 10.9833 22.5
      vertex -14.9292 10.9328 0
      vertex -14.9292 10.9328 22.5
    endloop
  endfacet
  facet normal 0.803046 0.595918 0
    outer loop
      vertex 14.8989 10.9833 22.5
      vertex 14.8638 11.0306 0
      vertex 14.8638 11.0306 22.5
    endloop
  endfacet
  facet normal 0.803046 0.595918 0
    outer loop
      vertex 14.8638 11.0306 0
      vertex 14.8989 10.9833 22.5
      vertex 14.8989 10.9833 0
    endloop
  endfacet
  facet normal -0.741857 0.670558 0
    outer loop
      vertex -14.8638 11.0306 0
      vertex -14.8243 11.0743 22.5
      vertex -14.8243 11.0743 0
    endloop
  endfacet
  facet normal -0.741857 0.670558 0
    outer loop
      vertex -14.8243 11.0743 22.5
      vertex -14.8638 11.0306 0
      vertex -14.8638 11.0306 22.5
    endloop
  endfacet
  facet normal -0.670558 0.741857 0
    outer loop
      vertex -14.7806 11.1138 0
      vertex -14.8243 11.0743 22.5
      vertex -14.7806 11.1138 22.5
    endloop
  endfacet
  facet normal -0.670558 0.741857 0
    outer loop
      vertex -14.8243 11.0743 22.5
      vertex -14.7806 11.1138 0
      vertex -14.8243 11.0743 0
    endloop
  endfacet
  facet normal 0.670558 0.741857 -0
    outer loop
      vertex 14.8243 11.0743 0
      vertex 14.7806 11.1138 22.5
      vertex 14.8243 11.0743 22.5
    endloop
  endfacet
  facet normal 0.670558 0.741857 0
    outer loop
      vertex 14.7806 11.1138 22.5
      vertex 14.8243 11.0743 0
      vertex 14.7806 11.1138 0
    endloop
  endfacet
  facet normal 0.904394 0.426697 0
    outer loop
      vertex 14.9543 10.8796 22.5
      vertex 14.9292 10.9328 0
      vertex 14.9292 10.9328 22.5
    endloop
  endfacet
  facet normal 0.904394 0.426697 0
    outer loop
      vertex 14.9292 10.9328 0
      vertex 14.9543 10.8796 22.5
      vertex 14.9543 10.8796 0
    endloop
  endfacet
  facet normal -0.857538 -0.514421 0
    outer loop
      vertex -14.8989 -1.98334 0
      vertex -14.9292 -1.93283 2.5
      vertex -14.9292 -1.93283 0
    endloop
  endfacet
  facet normal -0.857538 -0.514421 0
    outer loop
      vertex -14.9292 -1.93283 2.5
      vertex -14.8989 -1.98334 0
      vertex -14.8989 -1.98334 2.5
    endloop
  endfacet
  facet normal -0.803046 0.595918 0
    outer loop
      vertex -14.8989 10.9833 0
      vertex -14.8638 11.0306 22.5
      vertex -14.8638 11.0306 0
    endloop
  endfacet
  facet normal -0.803046 0.595918 0
    outer loop
      vertex -14.8638 11.0306 22.5
      vertex -14.8989 10.9833 0
      vertex -14.8989 10.9833 22.5
    endloop
  endfacet
  facet normal 0.338058 0.941125 -0
    outer loop
      vertex 14.6296 11.2043 0
      vertex 14.5742 11.2242 22.5
      vertex 14.6296 11.2043 22.5
    endloop
  endfacet
  facet normal 0.338058 0.941125 0
    outer loop
      vertex 14.5742 11.2242 22.5
      vertex 14.6296 11.2043 0
      vertex 14.5742 11.2242 0
    endloop
  endfacet
  facet normal 0.242536 0.970143 -0
    outer loop
      vertex 14.5742 11.2242 0
      vertex 14.517 11.2385 22.5
      vertex 14.5742 11.2242 22.5
    endloop
  endfacet
  facet normal 0.242536 0.970143 0
    outer loop
      vertex 14.517 11.2385 22.5
      vertex 14.5742 11.2242 0
      vertex 14.517 11.2385 0
    endloop
  endfacet
  facet normal 0.426697 0.904394 -0
    outer loop
      vertex 14.6828 11.1792 0
      vertex 14.6296 11.2043 22.5
      vertex 14.6828 11.1792 22.5
    endloop
  endfacet
  facet normal 0.426697 0.904394 0
    outer loop
      vertex 14.6296 11.2043 22.5
      vertex 14.6828 11.1792 0
      vertex 14.6296 11.2043 0
    endloop
  endfacet
  facet normal -0.989258 0.146179 0
    outer loop
      vertex -14.9971 10.7088 0
      vertex -14.9885 10.767 22.5
      vertex -14.9885 10.767 0
    endloop
  endfacet
  facet normal -0.989258 0.146179 0
    outer loop
      vertex -14.9885 10.767 22.5
      vertex -14.9971 10.7088 0
      vertex -14.9971 10.7088 22.5
    endloop
  endfacet
  facet normal -0.998786 0.0492599 0
    outer loop
      vertex -15 10.65 0
      vertex -14.9971 10.7088 22.5
      vertex -14.9971 10.7088 0
    endloop
  endfacet
  facet normal -0.998786 0.0492599 0
    outer loop
      vertex -14.9971 10.7088 22.5
      vertex -15 10.65 0
      vertex -15 10.65 22.5
    endloop
  endfacet
  facet normal -0.970063 -0.242855 0
    outer loop
      vertex -14.9742 -1.82416 0
      vertex -14.9885 -1.76704 2.5
      vertex -14.9885 -1.76704 0
    endloop
  endfacet
  facet normal -0.970063 -0.242855 0
    outer loop
      vertex -14.9885 -1.76704 2.5
      vertex -14.9742 -1.82416 0
      vertex -14.9742 -1.82416 2.5
    endloop
  endfacet
  facet normal -0.941222 -0.337788 0
    outer loop
      vertex -14.9543 -1.87961 0
      vertex -14.9742 -1.82416 2.5
      vertex -14.9742 -1.82416 0
    endloop
  endfacet
  facet normal -0.941222 -0.337788 0
    outer loop
      vertex -14.9742 -1.82416 2.5
      vertex -14.9543 -1.87961 0
      vertex -14.9543 -1.87961 2.5
    endloop
  endfacet
  facet normal -0.42767 -0.903935 0
    outer loop
      vertex -14.6828 -2.17915 0
      vertex -14.6296 -2.20432 2.5
      vertex -14.6828 -2.17915 2.5
    endloop
  endfacet
  facet normal -0.42767 -0.903935 -0
    outer loop
      vertex -14.6296 -2.20432 2.5
      vertex -14.6828 -2.17915 0
      vertex -14.6296 -2.20432 0
    endloop
  endfacet
  facet normal -0.514121 -0.857718 0
    outer loop
      vertex -14.7333 -2.14888 0
      vertex -14.6828 -2.17915 2.5
      vertex -14.7333 -2.14888 2.5
    endloop
  endfacet
  facet normal -0.514121 -0.857718 -0
    outer loop
      vertex -14.6828 -2.17915 2.5
      vertex -14.7333 -2.14888 0
      vertex -14.6828 -2.17915 0
    endloop
  endfacet
  facet normal -0.904456 -0.426566 0
    outer loop
      vertex -14.9292 -1.93283 0
      vertex -14.9543 -1.87961 2.5
      vertex -14.9543 -1.87961 0
    endloop
  endfacet
  facet normal -0.904456 -0.426566 0
    outer loop
      vertex -14.9543 -1.87961 2.5
      vertex -14.9292 -1.93283 0
      vertex -14.9292 -1.93283 2.5
    endloop
  endfacet
  facet normal -0.741399 -0.671065 0
    outer loop
      vertex -14.8243 -2.07426 0
      vertex -14.8638 -2.03062 2.5
      vertex -14.8638 -2.03062 0
    endloop
  endfacet
  facet normal -0.741399 -0.671065 0
    outer loop
      vertex -14.8638 -2.03062 2.5
      vertex -14.8243 -2.07426 0
      vertex -14.8243 -2.07426 2.5
    endloop
  endfacet
  facet normal -0.989273 -0.146081 0
    outer loop
      vertex -14.9885 -1.76704 0
      vertex -14.9971 -1.7088 2.5
      vertex -14.9971 -1.7088 0
    endloop
  endfacet
  facet normal -0.989273 -0.146081 0
    outer loop
      vertex -14.9971 -1.7088 2.5
      vertex -14.9885 -1.76704 0
      vertex -14.9885 -1.76704 2.5
    endloop
  endfacet
  facet normal -0.970143 0.242536 0
    outer loop
      vertex -14.9885 10.767 0
      vertex -14.9742 10.8242 22.5
      vertex -14.9742 10.8242 0
    endloop
  endfacet
  facet normal -0.970143 0.242536 0
    outer loop
      vertex -14.9742 10.8242 22.5
      vertex -14.9885 10.767 0
      vertex -14.9885 10.767 22.5
    endloop
  endfacet
  facet normal 0.857493 0.514496 0
    outer loop
      vertex 14.9292 10.9328 22.5
      vertex 14.8989 10.9833 0
      vertex 14.8989 10.9833 22.5
    endloop
  endfacet
  facet normal 0.857493 0.514496 0
    outer loop
      vertex 14.8989 10.9833 0
      vertex 14.9292 10.9328 22.5
      vertex 14.9292 10.9328 0
    endloop
  endfacet
  facet normal 0 0 -1
    outer loop
      vertex 6.26366 6.67723 0
      vertex -5.36035 4.28926 0
      vertex -5.35 4.5 0
    endloop
  endfacet
  facet normal 0 0 -1
    outer loop
      vertex 1.5 -2.25 0
      vertex -5.39131 4.08055 0
      vertex -5.36035 4.28926 0
    endloop
  endfacet
  facet normal 0 0 -1
    outer loop
      vertex 1.5 -2.25 0
      vertex -5.44258 3.87589 0
      vertex -5.39131 4.08055 0
    endloop
  endfacet
  facet normal 0 0 -1
    outer loop
      vertex 1.5 -2.25 0
      vertex -5.51366 3.67723 0
      vertex -5.44258 3.87589 0
    endloop
  endfacet
  facet normal 0 0 -1
    outer loop
      vertex 1.5 -2.25 0
      vertex -5.60387 3.4865 0
      vertex -5.51366 3.67723 0
    endloop
  endfacet
  facet normal 0 0 -1
    outer loop
      vertex 1.5 -2.25 0
      vertex -5.71234 3.30552 0
      vertex -5.60387 3.4865 0
    endloop
  endfacet
  facet normal 0 0 -1
    outer loop
      vertex 1.5 -2.25 0
      vertex -5.83803 3.13605 0
      vertex -5.71234 3.30552 0
    endloop
  endfacet
  facet normal 0 0 -1
    outer loop
      vertex 1.5 -2.25 0
      vertex -5.97972 2.97972 0
      vertex -5.83803 3.13605 0
    endloop
  endfacet
  facet normal 0 0 -1
    outer loop
      vertex 1.5 -2.25 0
      vertex -6.13605 2.83803 0
      vertex -5.97972 2.97972 0
    endloop
  endfacet
  facet normal 0 0 -1
    outer loop
      vertex 1.5 -2.25 0
      vertex -6.30552 2.71234 0
      vertex -6.13605 2.83803 0
    endloop
  endfacet
  facet normal 0 0 -1
    outer loop
      vertex 1.5 -2.25 0
      vertex -6.4865 2.60387 0
      vertex -6.30552 2.71234 0
    endloop
  endfacet
  facet normal 0 0 -1
    outer loop
      vertex 1.5 -2.25 0
      vertex -6.67723 2.51366 0
      vertex -6.4865 2.60387 0
    endloop
  endfacet
  facet normal 0 0 -1
    outer loop
      vertex 1.5 -2.25 0
      vertex -6.87589 2.44258 0
      vertex -6.67723 2.51366 0
    endloop
  endfacet
  facet normal 0 0 -1
    outer loop
      vertex 1.5 -2.25 0
      vertex -7.08055 2.39131 0
      vertex -6.87589 2.44258 0
    endloop
  endfacet
  facet normal 0 0 -1
    outer loop
      vertex 1.5 -2.25 0
      vertex -7.28926 2.36035 0
      vertex -7.08055 2.39131 0
    endloop
  endfacet
  facet normal 0 0 -1
    outer loop
      vertex -14.4 -2.25 0
      vertex -7.28926 2.36035 0
      vertex 1.5 -2.25 0
    endloop
  endfacet
  facet normal 0 0 -1
    outer loop
      vertex -7.28926 2.36035 0
      vertex -14.4 -2.25 0
      vertex -7.5 2.35 0
    endloop
  endfacet
  facet normal -0 0 -1
    outer loop
      vertex -7.5 2.35 0
      vertex -14.4 -2.25 0
      vertex -7.71074 2.36035 0
    endloop
  endfacet
  facet normal -0 0 -1
    outer loop
      vertex -7.71074 2.36035 0
      vertex -14.4 -2.25 0
      vertex -7.91944 2.39131 0
    endloop
  endfacet
  facet normal -0 0 -1
    outer loop
      vertex -7.91944 2.39131 0
      vertex -14.4 -2.25 0
      vertex -8.12411 2.44258 0
    endloop
  endfacet
  facet normal -0 0 -1
    outer loop
      vertex -8.12411 2.44258 0
      vertex -14.4 -2.25 0
      vertex -8.32277 2.51366 0
    endloop
  endfacet
  facet normal -0 0 -1
    outer loop
      vertex -9.60869 4.08055 0
      vertex -15 -1.64999 0
      vertex -9.63965 4.28926 0
    endloop
  endfacet
  facet normal -0 0 -1
    outer loop
      vertex -9.55742 3.87589 0
      vertex -15 -1.64999 0
      vertex -9.60869 4.08055 0
    endloop
  endfacet
  facet normal -0 0 -1
    outer loop
      vertex -9.48634 3.67723 0
      vertex -15 -1.64999 0
      vertex -9.55742 3.87589 0
    endloop
  endfacet
  facet normal -0 0 -1
    outer loop
      vertex -9.39613 3.4865 0
      vertex -15 -1.64999 0
      vertex -9.48634 3.67723 0
    endloop
  endfacet
  facet normal -0 0 -1
    outer loop
      vertex -9.28766 3.30552 0
      vertex -15 -1.64999 0
      vertex -9.39613 3.4865 0
    endloop
  endfacet
  facet normal -0 0 -1
    outer loop
      vertex -9.16197 3.13605 0
      vertex -15 -1.64999 0
      vertex -9.28766 3.30552 0
    endloop
  endfacet
  facet normal 0 0 -1
    outer loop
      vertex -15 -1.64999 0
      vertex -9.16197 3.13605 0
      vertex -14.4 -2.25 0
    endloop
  endfacet
  facet normal -0 0 -1
    outer loop
      vertex -9.02028 2.97972 0
      vertex -14.4 -2.25 0
      vertex -9.16197 3.13605 0
    endloop
  endfacet
  facet normal -0 0 -1
    outer loop
      vertex -8.86395 2.83803 0
      vertex -14.4 -2.25 0
      vertex -9.02028 2.97972 0
    endloop
  endfacet
  facet normal -0 0 -1
    outer loop
      vertex -8.69448 2.71234 0
      vertex -14.4 -2.25 0
      vertex -8.86395 2.83803 0
    endloop
  endfacet
  facet normal -0 0 -1
    outer loop
      vertex -8.5135 2.60387 0
      vertex -14.4 -2.25 0
      vertex -8.69448 2.71234 0
    endloop
  endfacet
  facet normal -0 0 -1
    outer loop
      vertex -8.32277 2.51366 0
      vertex -14.4 -2.25 0
      vertex -8.5135 2.60387 0
    endloop
  endfacet
  facet normal 0 0 -1
    outer loop
      vertex 14.4 -11.25 0
      vertex 15 -10.65 0
      vertex 14.9971 -10.7088 0
    endloop
  endfacet
  facet normal 0 0 -1
    outer loop
      vertex 15 -10.65 0
      vertex 10.0377 6.30552 0
      vertex 15 10.65 0
    endloop
  endfacet
  facet normal 0 0 -1
    outer loop
      vertex 14.4 -11.25 0
      vertex 14.9971 -10.7088 0
      vertex 14.9885 -10.767 0
    endloop
  endfacet
  facet normal 0 -0 -1
    outer loop
      vertex 10.1461 6.4865 0
      vertex 15 10.65 0
      vertex 10.0377 6.30552 0
    endloop
  endfacet
  facet normal 0 0 -1
    outer loop
      vertex 14.4 -11.25 0
      vertex 14.9885 -10.767 0
      vertex 14.9742 -10.8242 0
    endloop
  endfacet
  facet normal 0 -0 -1
    outer loop
      vertex 10.2363 6.67723 0
      vertex 15 10.65 0
      vertex 10.1461 6.4865 0
    endloop
  endfacet
  facet normal 0 0 -1
    outer loop
      vertex 14.4 -11.25 0
      vertex 14.9742 -10.8242 0
      vertex 14.9543 -10.8796 0
    endloop
  endfacet
  facet normal 0 -0 -1
    outer loop
      vertex 10.3074 6.87589 0
      vertex 15 10.65 0
      vertex 10.2363 6.67723 0
    endloop
  endfacet
  facet normal 0 0 -1
    outer loop
      vertex 14.4 -11.25 0
      vertex 14.9543 -10.8796 0
      vertex 14.9292 -10.9328 0
    endloop
  endfacet
  facet normal 0 -0 -1
    outer loop
      vertex 10.3587 7.08055 0
      vertex 15 10.65 0
      vertex 10.3074 6.87589 0
    endloop
  endfacet
  facet normal 0 0 -1
    outer loop
      vertex 14.4 -11.25 0
      vertex 14.9292 -10.9328 0
      vertex 14.8989 -10.9833 0
    endloop
  endfacet
  facet normal 0 -0 -1
    outer loop
      vertex 10.4 7.5 0
      vertex 15 10.65 0
      vertex 10.3896 7.28926 0
    endloop
  endfacet
  facet normal 0 0 -1
    outer loop
      vertex 14.4 -11.25 0
      vertex 14.8989 -10.9833 0
      vertex 14.8638 -11.0306 0
    endloop
  endfacet
  facet normal 0 0 -1
    outer loop
      vertex 10.3896 7.71074 0
      vertex 15 10.65 0
      vertex 10.4 7.5 0
    endloop
  endfacet
  facet normal 0 0 -1
    outer loop
      vertex 14.4 -11.25 0
      vertex 14.8638 -11.0306 0
      vertex 14.8243 -11.0743 0
    endloop
  endfacet
  facet normal 0 0 -1
    outer loop
      vertex 10.3587 7.91944 0
      vertex 15 10.65 0
      vertex 10.3896 7.71074 0
    endloop
  endfacet
  facet normal 0 0 -1
    outer loop
      vertex 14.4 -11.25 0
      vertex 14.8243 -11.0743 0
      vertex 14.7806 -11.1138 0
    endloop
  endfacet
  facet normal 0 0 -1
    outer loop
      vertex 10.3074 8.12411 0
      vertex 15 10.65 0
      vertex 10.3587 7.91944 0
    endloop
  endfacet
  facet normal 0 0 -1
    outer loop
      vertex 14.4 -11.25 0
      vertex 14.7806 -11.1138 0
      vertex 14.7333 -11.1489 0
    endloop
  endfacet
  facet normal 0 -0 -1
    outer loop
      vertex 14.4 11.25 0
      vertex 15 10.65 0
      vertex 10.3074 8.12411 0
    endloop
  endfacet
  facet normal 0 0 -1
    outer loop
      vertex 14.4 -11.25 0
      vertex 14.7333 -11.1489 0
      vertex 14.6828 -11.1792 0
    endloop
  endfacet
  facet normal 0 0 -1
    outer loop
      vertex 15 10.65 0
      vertex 14.4 11.25 0
      vertex 14.9971 10.7088 0
    endloop
  endfacet
  facet normal 0 0 -1
    outer loop
      vertex 14.4 -11.25 0
      vertex 14.6828 -11.1792 0
      vertex 14.6296 -11.2043 0
    endloop
  endfacet
  facet normal 0 0 -1
    outer loop
      vertex 14.9971 10.7088 0
      vertex 14.4 11.25 0
      vertex 14.9885 10.767 0
    endloop
  endfacet
  facet normal 0 0 -1
    outer loop
      vertex 14.4 -11.25 0
      vertex 14.6296 -11.2043 0
      vertex 14.5742 -11.2242 0
    endloop
  endfacet
  facet normal 0 0 -1
    outer loop
      vertex 14.9742 10.8242 0
      vertex 14.4 11.25 0
      vertex 14.9543 10.8796 0
    endloop
  endfacet
  facet normal 0 0 -1
    outer loop
      vertex 14.4 -11.25 0
      vertex 14.5742 -11.2242 0
      vertex 14.517 -11.2385 0
    endloop
  endfacet
  facet normal 0 0 -1
    outer loop
      vertex 14.9543 10.8796 0
      vertex 14.4 11.25 0
      vertex 14.9292 10.9328 0
    endloop
  endfacet
  facet normal 0 0 -1
    outer loop
      vertex 14.4 -11.25 0
      vertex 14.517 -11.2385 0
      vertex 14.4588 -11.2471 0
    endloop
  endfacet
  facet normal 0 0 -1
    outer loop
      vertex 14.9292 10.9328 0
      vertex 14.4 11.25 0
      vertex 14.8989 10.9833 0
    endloop
  endfacet
  facet normal -0 0 -1
    outer loop
      vertex 15 -10.65 0
      vertex 14.4 -11.25 0
      vertex 1.5 -2.25 0
    endloop
  endfacet
  facet normal 0 0 -1
    outer loop
      vertex 14.8989 10.9833 0
      vertex 14.4 11.25 0
      vertex 14.8638 11.0306 0
    endloop
  endfacet
  facet normal 0 0 -1
    outer loop
      vertex 14.8243 11.0743 0
      vertex 14.4 11.25 0
      vertex 14.7806 11.1138 0
    endloop
  endfacet
  facet normal 0 0 -1
    outer loop
      vertex 14.517 11.2385 0
      vertex 14.4 11.25 0
      vertex 14.4588 11.2471 0
    endloop
  endfacet
  facet normal 0 0 -1
    outer loop
      vertex 14.5742 11.2242 0
      vertex 14.4 11.25 0
      vertex 14.517 11.2385 0
    endloop
  endfacet
  facet normal 0 0 -1
    outer loop
      vertex 14.6296 11.2043 0
      vertex 14.4 11.25 0
      vertex 14.5742 11.2242 0
    endloop
  endfacet
  facet normal 0 0 -1
    outer loop
      vertex 14.7333 11.1489 0
      vertex 14.4 11.25 0
      vertex 14.6828 11.1792 0
    endloop
  endfacet
  facet normal 0 0 -1
    outer loop
      vertex 14.7806 11.1138 0
      vertex 14.4 11.25 0
      vertex 14.7333 11.1489 0
    endloop
  endfacet
  facet normal 0 -0 -1
    outer loop
      vertex 10.3896 7.28926 0
      vertex 15 10.65 0
      vertex 10.3587 7.08055 0
    endloop
  endfacet
  facet normal 0 0 -1
    outer loop
      vertex 15 -10.65 0
      vertex 9.91197 6.13605 0
      vertex 10.0377 6.30552 0
    endloop
  endfacet
  facet normal 0 0 -1
    outer loop
      vertex 15 -10.65 0
      vertex 9.77028 5.97972 0
      vertex 9.91197 6.13605 0
    endloop
  endfacet
  facet normal 0 0 -1
    outer loop
      vertex 15 -10.65 0
      vertex 9.61395 5.83803 0
      vertex 9.77028 5.97972 0
    endloop
  endfacet
  facet normal 0 0 -1
    outer loop
      vertex 15 -10.65 0
      vertex 9.44448 5.71234 0
      vertex 9.61395 5.83803 0
    endloop
  endfacet
  facet normal 0 0 -1
    outer loop
      vertex 15 -10.65 0
      vertex 9.2635 5.60387 0
      vertex 9.44448 5.71234 0
    endloop
  endfacet
  facet normal 0 0 -1
    outer loop
      vertex 15 -10.65 0
      vertex 9.07277 5.51366 0
      vertex 9.2635 5.60387 0
    endloop
  endfacet
  facet normal 0 0 -1
    outer loop
      vertex 15 -10.65 0
      vertex 8.87411 5.44258 0
      vertex 9.07277 5.51366 0
    endloop
  endfacet
  facet normal 0 0 -1
    outer loop
      vertex 15 -10.65 0
      vertex 8.66944 5.39131 0
      vertex 8.87411 5.44258 0
    endloop
  endfacet
  facet normal 0 0 -1
    outer loop
      vertex 15 -10.65 0
      vertex 1.5 -2.25 0
      vertex 8.66944 5.39131 0
    endloop
  endfacet
  facet normal 0 0 -1
    outer loop
      vertex 8.66944 5.39131 0
      vertex 1.5 -2.25 0
      vertex 8.46074 5.36035 0
    endloop
  endfacet
  facet normal 0 0 -1
    outer loop
      vertex 8.46074 5.36035 0
      vertex 1.5 -2.25 0
      vertex 8.25 5.35 0
    endloop
  endfacet
  facet normal -0 0 -1
    outer loop
      vertex 8.25 5.35 0
      vertex 1.5 -2.25 0
      vertex 8.03926 5.36035 0
    endloop
  endfacet
  facet normal -0 0 -1
    outer loop
      vertex 8.03926 5.36035 0
      vertex 1.5 -2.25 0
      vertex 7.83055 5.39131 0
    endloop
  endfacet
  facet normal -0 0 -1
    outer loop
      vertex 7.83055 5.39131 0
      vertex 1.5 -2.25 0
      vertex 7.62589 5.44258 0
    endloop
  endfacet
  facet normal -0 0 -1
    outer loop
      vertex 7.62589 5.44258 0
      vertex 1.5 -2.25 0
      vertex 7.42723 5.51366 0
    endloop
  endfacet
  facet normal -0 0 -1
    outer loop
      vertex 7.42723 5.51366 0
      vertex 1.5 -2.25 0
      vertex 7.2365 5.60387 0
    endloop
  endfacet
  facet normal -0 0 -1
    outer loop
      vertex 7.2365 5.60387 0
      vertex 1.5 -2.25 0
      vertex 7.05552 5.71234 0
    endloop
  endfacet
  facet normal -0 0 -1
    outer loop
      vertex 7.05552 5.71234 0
      vertex 1.5 -2.25 0
      vertex 6.88605 5.83803 0
    endloop
  endfacet
  facet normal -0 0 -1
    outer loop
      vertex 6.88605 5.83803 0
      vertex 1.5 -2.25 0
      vertex 6.72972 5.97972 0
    endloop
  endfacet
  facet normal -0 0 -1
    outer loop
      vertex 6.72972 5.97972 0
      vertex 1.5 -2.25 0
      vertex 6.58803 6.13605 0
    endloop
  endfacet
  facet normal -0 0 -1
    outer loop
      vertex 6.58803 6.13605 0
      vertex 1.5 -2.25 0
      vertex 6.46234 6.30552 0
    endloop
  endfacet
  facet normal -0 0 -1
    outer loop
      vertex 6.46234 6.30552 0
      vertex 1.5 -2.25 0
      vertex 6.35387 6.4865 0
    endloop
  endfacet
  facet normal 0 0 -1
    outer loop
      vertex -5.36035 4.71074 0
      vertex 6.19258 6.87589 0
      vertex -5.35 4.5 0
    endloop
  endfacet
  facet normal -0 0 -1
    outer loop
      vertex 6.26366 6.67723 0
      vertex -5.35 4.5 0
      vertex 6.19258 6.87589 0
    endloop
  endfacet
  facet normal 0 0 -1
    outer loop
      vertex -5.36035 4.28926 0
      vertex 6.26366 6.67723 0
      vertex 6.35387 6.4865 0
    endloop
  endfacet
  facet normal 0 0 -1
    outer loop
      vertex -5.36035 4.28926 0
      vertex 6.35387 6.4865 0
      vertex 1.5 -2.25 0
    endloop
  endfacet
  facet normal 0 0 -1
    outer loop
      vertex 1.5 -2.25 0
      vertex 14.4 -11.25 0
      vertex 2.10001 -11.25 0
    endloop
  endfacet
  facet normal 0 0 -1
    outer loop
      vertex 14.6828 11.1792 0
      vertex 14.4 11.25 0
      vertex 14.6296 11.2043 0
    endloop
  endfacet
  facet normal 0 0 -1
    outer loop
      vertex 14.8638 11.0306 0
      vertex 14.4 11.25 0
      vertex 14.8243 11.0743 0
    endloop
  endfacet
  facet normal 0 0 -1
    outer loop
      vertex 14.9885 10.767 0
      vertex 14.4 11.25 0
      vertex 14.9742 10.8242 0
    endloop
  endfacet
  facet normal 0 0 -1
    outer loop
      vertex 10.2363 8.32277 0
      vertex 14.4 11.25 0
      vertex 10.3074 8.12411 0
    endloop
  endfacet
  facet normal 0 0 -1
    outer loop
      vertex 10.1461 8.5135 0
      vertex 14.4 11.25 0
      vertex 10.2363 8.32277 0
    endloop
  endfacet
  facet normal 0 0 -1
    outer loop
      vertex 10.0377 8.69448 0
      vertex 14.4 11.25 0
      vertex 10.1461 8.5135 0
    endloop
  endfacet
  facet normal 0 0 -1
    outer loop
      vertex 9.91197 8.86395 0
      vertex 14.4 11.25 0
      vertex 10.0377 8.69448 0
    endloop
  endfacet
  facet normal 0 0 -1
    outer loop
      vertex 9.77028 9.02028 0
      vertex 14.4 11.25 0
      vertex 9.91197 8.86395 0
    endloop
  endfacet
  facet normal 0 0 -1
    outer loop
      vertex 9.61395 9.16197 0
      vertex 14.4 11.25 0
      vertex 9.77028 9.02028 0
    endloop
  endfacet
  facet normal 0 0 -1
    outer loop
      vertex 9.44448 9.28766 0
      vertex 14.4 11.25 0
      vertex 9.61395 9.16197 0
    endloop
  endfacet
  facet normal 0 0 -1
    outer loop
      vertex 9.2635 9.39613 0
      vertex 14.4 11.25 0
      vertex 9.44448 9.28766 0
    endloop
  endfacet
  facet normal 0 0 -1
    outer loop
      vertex 9.07277 9.48634 0
      vertex 14.4 11.25 0
      vertex 9.2635 9.39613 0
    endloop
  endfacet
  facet normal 0 0 -1
    outer loop
      vertex 8.87411 9.55742 0
      vertex 14.4 11.25 0
      vertex 9.07277 9.48634 0
    endloop
  endfacet
  facet normal 0 0 -1
    outer loop
      vertex 8.66944 9.60869 0
      vertex 14.4 11.25 0
      vertex 8.87411 9.55742 0
    endloop
  endfacet
  facet normal 0 0 -1
    outer loop
      vertex 8.46074 9.63965 0
      vertex 14.4 11.25 0
      vertex 8.66944 9.60869 0
    endloop
  endfacet
  facet normal 0 0 -1
    outer loop
      vertex 8.25 9.65 0
      vertex 14.4 11.25 0
      vertex 8.46074 9.63965 0
    endloop
  endfacet
  facet normal 0 0 -1
    outer loop
      vertex 8.03926 9.63965 0
      vertex 14.4 11.25 0
      vertex 8.25 9.65 0
    endloop
  endfacet
  facet normal 0 0 -1
    outer loop
      vertex 7.83055 9.60869 0
      vertex 14.4 11.25 0
      vertex 8.03926 9.63965 0
    endloop
  endfacet
  facet normal -0 0 -1
    outer loop
      vertex 6.19258 6.87589 0
      vertex -5.36035 4.71074 0
      vertex 6.14131 7.08055 0
    endloop
  endfacet
  facet normal 0 0 -1
    outer loop
      vertex -5.39131 4.91944 0
      vertex 6.14131 7.08055 0
      vertex -5.36035 4.71074 0
    endloop
  endfacet
  facet normal 0 0 -1
    outer loop
      vertex 1.5 -10.65 0
      vertex 2.10001 -11.25 0
      vertex 2.0412 -11.2471 0
    endloop
  endfacet
  facet normal 0 0 -1
    outer loop
      vertex 1.5 -10.65 0
      vertex 2.0412 -11.2471 0
      vertex 1.98296 -11.2385 0
    endloop
  endfacet
  facet normal 0 0 -1
    outer loop
      vertex 1.5 -10.65 0
      vertex 1.98296 -11.2385 0
      vertex 1.92584 -11.2242 0
    endloop
  endfacet
  facet normal 0 0 -1
    outer loop
      vertex 1.5 -10.65 0
      vertex 1.92584 -11.2242 0
      vertex 1.87039 -11.2043 0
    endloop
  endfacet
  facet normal 0 0 -1
    outer loop
      vertex 1.5 -10.65 0
      vertex 1.87039 -11.2043 0
      vertex 1.81717 -11.1792 0
    endloop
  endfacet
  facet normal 0 0 -1
    outer loop
      vertex 1.5 -10.65 0
      vertex 1.81717 -11.1792 0
      vertex 1.76666 -11.1489 0
    endloop
  endfacet
  facet normal 0 0 -1
    outer loop
      vertex 1.5 -10.65 0
      vertex 1.76666 -11.1489 0
      vertex 1.71938 -11.1138 0
    endloop
  endfacet
  facet normal 0 0 -1
    outer loop
      vertex 1.5 -10.65 0
      vertex 1.71938 -11.1138 0
      vertex 1.67574 -11.0743 0
    endloop
  endfacet
  facet normal 0 0 -1
    outer loop
      vertex 1.5 -10.65 0
      vertex 1.67574 -11.0743 0
      vertex 1.6362 -11.0306 0
    endloop
  endfacet
  facet normal 0 0 -1
    outer loop
      vertex 1.5 -10.65 0
      vertex 1.6362 -11.0306 0
      vertex 1.60112 -10.9833 0
    endloop
  endfacet
  facet normal 0 0 -1
    outer loop
      vertex 1.5 -10.65 0
      vertex 1.60112 -10.9833 0
      vertex 1.57085 -10.9328 0
    endloop
  endfacet
  facet normal 0 0 -1
    outer loop
      vertex 1.5 -10.65 0
      vertex 1.57085 -10.9328 0
      vertex 1.54568 -10.8796 0
    endloop
  endfacet
  facet normal 0 0 -1
    outer loop
      vertex 1.5 -10.65 0
      vertex 1.54568 -10.8796 0
      vertex 1.52585 -10.8242 0
    endloop
  endfacet
  facet normal 0 0 -1
    outer loop
      vertex 1.5 -10.65 0
      vertex 1.52585 -10.8242 0
      vertex 1.51154 -10.767 0
    endloop
  endfacet
  facet normal 0 0 -1
    outer loop
      vertex 1.5 -10.65 0
      vertex 1.51154 -10.767 0
      vertex 1.5029 -10.7088 0
    endloop
  endfacet
  facet normal 0 0 -1
    outer loop
      vertex 2.10001 -11.25 0
      vertex 1.5 -10.65 0
      vertex 1.5 -2.25 0
    endloop
  endfacet
  facet normal -0 0 -1
    outer loop
      vertex 6.14131 7.08055 0
      vertex -5.39131 4.91944 0
      vertex 6.11035 7.28926 0
    endloop
  endfacet
  facet normal 0 0 -1
    outer loop
      vertex -5.44258 5.12411 0
      vertex 6.11035 7.28926 0
      vertex -5.39131 4.91944 0
    endloop
  endfacet
  facet normal -0 0 -1
    outer loop
      vertex 6.11035 7.28926 0
      vertex -5.44258 5.12411 0
      vertex 6.1 7.5 0
    endloop
  endfacet
  facet normal 0 0 -1
    outer loop
      vertex -5.51366 5.32277 0
      vertex 6.1 7.5 0
      vertex -5.44258 5.12411 0
    endloop
  endfacet
  facet normal -0 0 -1
    outer loop
      vertex 6.1 7.5 0
      vertex -5.51366 5.32277 0
      vertex 6.11035 7.71074 0
    endloop
  endfacet
  facet normal 0 0 -1
    outer loop
      vertex -5.60387 5.5135 0
      vertex 6.11035 7.71074 0
      vertex -5.51366 5.32277 0
    endloop
  endfacet
  facet normal -0 0 -1
    outer loop
      vertex 6.11035 7.71074 0
      vertex -5.60387 5.5135 0
      vertex 6.14131 7.91944 0
    endloop
  endfacet
  facet normal 0 0 -1
    outer loop
      vertex -5.71234 5.69448 0
      vertex 6.14131 7.91944 0
      vertex -5.60387 5.5135 0
    endloop
  endfacet
  facet normal -0 0 -1
    outer loop
      vertex 6.14131 7.91944 0
      vertex -5.71234 5.69448 0
      vertex 6.19258 8.12411 0
    endloop
  endfacet
  facet normal 0 0 -1
    outer loop
      vertex -5.83803 5.86395 0
      vertex 6.19258 8.12411 0
      vertex -5.71234 5.69448 0
    endloop
  endfacet
  facet normal -0 0 -1
    outer loop
      vertex 6.19258 8.12411 0
      vertex -5.83803 5.86395 0
      vertex 6.26366 8.32277 0
    endloop
  endfacet
  facet normal 0 0 -1
    outer loop
      vertex -5.97972 6.02028 0
      vertex 6.26366 8.32277 0
      vertex -5.83803 5.86395 0
    endloop
  endfacet
  facet normal -0 0 -1
    outer loop
      vertex 6.26366 8.32277 0
      vertex -5.97972 6.02028 0
      vertex 6.35387 8.5135 0
    endloop
  endfacet
  facet normal 0 0 -1
    outer loop
      vertex -6.13605 6.16197 0
      vertex 6.35387 8.5135 0
      vertex -5.97972 6.02028 0
    endloop
  endfacet
  facet normal -0 0 -1
    outer loop
      vertex 6.35387 8.5135 0
      vertex -6.13605 6.16197 0
      vertex 6.46234 8.69448 0
    endloop
  endfacet
  facet normal 0 0 -1
    outer loop
      vertex -6.30552 6.28766 0
      vertex 6.46234 8.69448 0
      vertex -6.13605 6.16197 0
    endloop
  endfacet
  facet normal -0 0 -1
    outer loop
      vertex 6.46234 8.69448 0
      vertex -6.30552 6.28766 0
      vertex 6.58803 8.86395 0
    endloop
  endfacet
  facet normal 0 0 -1
    outer loop
      vertex -6.4865 6.39613 0
      vertex 6.58803 8.86395 0
      vertex -6.30552 6.28766 0
    endloop
  endfacet
  facet normal -0 0 -1
    outer loop
      vertex 6.58803 8.86395 0
      vertex -6.4865 6.39613 0
      vertex 6.72972 9.02028 0
    endloop
  endfacet
  facet normal 0 0 -1
    outer loop
      vertex -6.67723 6.48634 0
      vertex 6.72972 9.02028 0
      vertex -6.4865 6.39613 0
    endloop
  endfacet
  facet normal -0 0 -1
    outer loop
      vertex 6.72972 9.02028 0
      vertex -6.67723 6.48634 0
      vertex 6.88605 9.16197 0
    endloop
  endfacet
  facet normal 0 0 -1
    outer loop
      vertex -6.87589 6.55742 0
      vertex 6.88605 9.16197 0
      vertex -6.67723 6.48634 0
    endloop
  endfacet
  facet normal 0 0 -1
    outer loop
      vertex -14.4 11.25 0
      vertex 6.88605 9.16197 0
      vertex -6.87589 6.55742 0
    endloop
  endfacet
  facet normal 0 0 -1
    outer loop
      vertex 6.88605 9.16197 0
      vertex -14.4 11.25 0
      vertex 7.05552 9.28766 0
    endloop
  endfacet
  facet normal 0 0 -1
    outer loop
      vertex 7.05552 9.28766 0
      vertex -14.4 11.25 0
      vertex 7.2365 9.39613 0
    endloop
  endfacet
  facet normal 0 0 -1
    outer loop
      vertex 7.2365 9.39613 0
      vertex -14.4 11.25 0
      vertex 7.42723 9.48634 0
    endloop
  endfacet
  facet normal 0 0 -1
    outer loop
      vertex 7.42723 9.48634 0
      vertex -14.4 11.25 0
      vertex 7.62589 9.55742 0
    endloop
  endfacet
  facet normal 0 0 -1
    outer loop
      vertex 7.62589 9.55742 0
      vertex -14.4 11.25 0
      vertex 7.83055 9.60869 0
    endloop
  endfacet
  facet normal 0 0 -1
    outer loop
      vertex -14.4 11.25 0
      vertex -6.87589 6.55742 0
      vertex -7.08055 6.60869 0
    endloop
  endfacet
  facet normal 0 0 -1
    outer loop
      vertex -14.4 11.25 0
      vertex -7.08055 6.60869 0
      vertex -7.28926 6.63965 0
    endloop
  endfacet
  facet normal 0 0 -1
    outer loop
      vertex -14.4 11.25 0
      vertex -7.28926 6.63965 0
      vertex -7.5 6.65 0
    endloop
  endfacet
  facet normal 0 0 -1
    outer loop
      vertex -14.4 11.25 0
      vertex -7.5 6.65 0
      vertex -7.71074 6.63965 0
    endloop
  endfacet
  facet normal 0 0 -1
    outer loop
      vertex -14.4 11.25 0
      vertex -7.71074 6.63965 0
      vertex -7.91944 6.60869 0
    endloop
  endfacet
  facet normal -0 0 -1
    outer loop
      vertex -9.63965 4.28926 0
      vertex -15 -1.64999 0
      vertex -9.65 4.5 0
    endloop
  endfacet
  facet normal 0 0 -1
    outer loop
      vertex -15 10.65 0
      vertex -9.65 4.5 0
      vertex -15 -1.64999 0
    endloop
  endfacet
  facet normal 0 0 -1
    outer loop
      vertex -9.65 4.5 0
      vertex -15 10.65 0
      vertex -9.63965 4.71074 0
    endloop
  endfacet
  facet normal 0 0 -1
    outer loop
      vertex -9.63965 4.71074 0
      vertex -15 10.65 0
      vertex -9.60869 4.91944 0
    endloop
  endfacet
  facet normal 0 0 -1
    outer loop
      vertex -9.60869 4.91944 0
      vertex -15 10.65 0
      vertex -9.55742 5.12411 0
    endloop
  endfacet
  facet normal 0 0 -1
    outer loop
      vertex -9.55742 5.12411 0
      vertex -15 10.65 0
      vertex -9.48634 5.32277 0
    endloop
  endfacet
  facet normal 0 0 -1
    outer loop
      vertex 7.83055 9.60869 0
      vertex -14.4 11.25 0
      vertex 14.4 11.25 0
    endloop
  endfacet
  facet normal 0 0 -1
    outer loop
      vertex -8.12411 6.55742 0
      vertex -14.4 11.25 0
      vertex -7.91944 6.60869 0
    endloop
  endfacet
  facet normal 0 0 -1
    outer loop
      vertex -8.32277 6.48634 0
      vertex -14.4 11.25 0
      vertex -8.12411 6.55742 0
    endloop
  endfacet
  facet normal 0 0 -1
    outer loop
      vertex -8.5135 6.39613 0
      vertex -14.4 11.25 0
      vertex -8.32277 6.48634 0
    endloop
  endfacet
  facet normal 0 0 -1
    outer loop
      vertex -8.69448 6.28766 0
      vertex -14.4 11.25 0
      vertex -8.5135 6.39613 0
    endloop
  endfacet
  facet normal 0 0 -1
    outer loop
      vertex -8.86395 6.16197 0
      vertex -14.4 11.25 0
      vertex -8.69448 6.28766 0
    endloop
  endfacet
  facet normal 0 0 -1
    outer loop
      vertex -9.02028 6.02028 0
      vertex -14.4 11.25 0
      vertex -8.86395 6.16197 0
    endloop
  endfacet
  facet normal 0 0 -1
    outer loop
      vertex -9.16197 5.86395 0
      vertex -14.4 11.25 0
      vertex -9.02028 6.02028 0
    endloop
  endfacet
  facet normal 0 0 -1
    outer loop
      vertex -15 10.65 0
      vertex -9.16197 5.86395 0
      vertex -9.28766 5.69448 0
    endloop
  endfacet
  facet normal 0 0 -1
    outer loop
      vertex -9.48634 5.32277 0
      vertex -15 10.65 0
      vertex -9.39613 5.5135 0
    endloop
  endfacet
  facet normal 0 0 -1
    outer loop
      vertex -15 -1.64999 0
      vertex -14.4 -2.25 0
      vertex -14.4588 -2.2471 0
    endloop
  endfacet
  facet normal 0 0 -1
    outer loop
      vertex -9.39613 5.5135 0
      vertex -15 10.65 0
      vertex -9.28766 5.69448 0
    endloop
  endfacet
  facet normal 0 0 -1
    outer loop
      vertex -15 -1.64999 0
      vertex -14.4588 -2.2471 0
      vertex -14.517 -2.23846 0
    endloop
  endfacet
  facet normal 0 0 -1
    outer loop
      vertex -9.16197 5.86395 0
      vertex -15 10.65 0
      vertex -14.4 11.25 0
    endloop
  endfacet
  facet normal 0 0 -1
    outer loop
      vertex -15 -1.64999 0
      vertex -14.517 -2.23846 0
      vertex -14.5742 -2.22415 0
    endloop
  endfacet
  facet normal 0 0 -1
    outer loop
      vertex -14.4 11.25 0
      vertex -15 10.65 0
      vertex -14.4588 11.2471 0
    endloop
  endfacet
  facet normal 0 0 -1
    outer loop
      vertex -15 -1.64999 0
      vertex -14.5742 -2.22415 0
      vertex -14.6296 -2.20432 0
    endloop
  endfacet
  facet normal 0 0 -1
    outer loop
      vertex -14.4588 11.2471 0
      vertex -15 10.65 0
      vertex -14.517 11.2385 0
    endloop
  endfacet
  facet normal 0 0 -1
    outer loop
      vertex -15 -1.64999 0
      vertex -14.6296 -2.20432 0
      vertex -14.6828 -2.17915 0
    endloop
  endfacet
  facet normal 0 0 -1
    outer loop
      vertex -14.517 11.2385 0
      vertex -15 10.65 0
      vertex -14.5742 11.2242 0
    endloop
  endfacet
  facet normal 0 0 -1
    outer loop
      vertex -15 -1.64999 0
      vertex -14.6828 -2.17915 0
      vertex -14.7333 -2.14888 0
    endloop
  endfacet
  facet normal 0 0 -1
    outer loop
      vertex -14.5742 11.2242 0
      vertex -15 10.65 0
      vertex -14.6296 11.2043 0
    endloop
  endfacet
  facet normal 0 0 -1
    outer loop
      vertex -15 -1.64999 0
      vertex -14.7333 -2.14888 0
      vertex -14.7806 -2.1138 0
    endloop
  endfacet
  facet normal 0 0 -1
    outer loop
      vertex -14.6296 11.2043 0
      vertex -15 10.65 0
      vertex -14.6828 11.1792 0
    endloop
  endfacet
  facet normal 0 0 -1
    outer loop
      vertex -15 -1.64999 0
      vertex -14.7806 -2.1138 0
      vertex -14.8243 -2.07426 0
    endloop
  endfacet
  facet normal 0 0 -1
    outer loop
      vertex -14.6828 11.1792 0
      vertex -15 10.65 0
      vertex -14.7333 11.1489 0
    endloop
  endfacet
  facet normal 0 0 -1
    outer loop
      vertex -15 -1.64999 0
      vertex -14.8243 -2.07426 0
      vertex -14.8638 -2.03062 0
    endloop
  endfacet
  facet normal 0 0 -1
    outer loop
      vertex -14.7333 11.1489 0
      vertex -15 10.65 0
      vertex -14.7806 11.1138 0
    endloop
  endfacet
  facet normal 0 0 -1
    outer loop
      vertex -15 -1.64999 0
      vertex -14.8638 -2.03062 0
      vertex -14.8989 -1.98334 0
    endloop
  endfacet
  facet normal 0 0 -1
    outer loop
      vertex -14.7806 11.1138 0
      vertex -15 10.65 0
      vertex -14.8243 11.0743 0
    endloop
  endfacet
  facet normal 0 0 -1
    outer loop
      vertex -15 -1.64999 0
      vertex -14.8989 -1.98334 0
      vertex -14.9292 -1.93283 0
    endloop
  endfacet
  facet normal 0 0 -1
    outer loop
      vertex -14.8243 11.0743 0
      vertex -15 10.65 0
      vertex -14.8638 11.0306 0
    endloop
  endfacet
  facet normal 0 0 -1
    outer loop
      vertex -15 -1.64999 0
      vertex -14.9292 -1.93283 0
      vertex -14.9543 -1.87961 0
    endloop
  endfacet
  facet normal 0 0 -1
    outer loop
      vertex -14.8638 11.0306 0
      vertex -15 10.65 0
      vertex -14.8989 10.9833 0
    endloop
  endfacet
  facet normal 0 0 -1
    outer loop
      vertex -15 -1.64999 0
      vertex -14.9543 -1.87961 0
      vertex -14.9742 -1.82416 0
    endloop
  endfacet
  facet normal 0 0 -1
    outer loop
      vertex -14.8989 10.9833 0
      vertex -15 10.65 0
      vertex -14.9292 10.9328 0
    endloop
  endfacet
  facet normal 0 0 -1
    outer loop
      vertex -15 -1.64999 0
      vertex -14.9742 -1.82416 0
      vertex -14.9885 -1.76704 0
    endloop
  endfacet
  facet normal 0 0 -1
    outer loop
      vertex -14.9292 10.9328 0
      vertex -15 10.65 0
      vertex -14.9543 10.8796 0
    endloop
  endfacet
  facet normal 0 0 -1
    outer loop
      vertex -15 -1.64999 0
      vertex -14.9885 -1.76704 0
      vertex -14.9971 -1.7088 0
    endloop
  endfacet
  facet normal 0 0 -1
    outer loop
      vertex -14.9543 10.8796 0
      vertex -15 10.65 0
      vertex -14.9742 10.8242 0
    endloop
  endfacet
  facet normal 0 0 -1
    outer loop
      vertex -14.9742 10.8242 0
      vertex -15 10.65 0
      vertex -14.9885 10.767 0
    endloop
  endfacet
  facet normal 0 0 -1
    outer loop
      vertex -14.9885 10.767 0
      vertex -15 10.65 0
      vertex -14.9971 10.7088 0
    endloop
  endfacet
  facet normal -0.989273 -0.146081 0
    outer loop
      vertex -14.9885 -2.76704 3.5
      vertex -14.9971 -2.7088 21
      vertex -14.9971 -2.7088 3.5
    endloop
  endfacet
  facet normal -0.989273 -0.146081 0
    outer loop
      vertex -14.9971 -2.7088 21
      vertex -14.9885 -2.76704 3.5
      vertex -14.9885 -2.76704 21
    endloop
  endfacet
  facet normal -0.595699 -0.803208 8.20529e-05
    outer loop
      vertex -14.7806 -3.1138 21
      vertex -14.75 -3.13652 20.75
      vertex -14.7333 -3.14888 21
    endloop
  endfacet
  facet normal -0.596131 -0.802887 0
    outer loop
      vertex -14.7806 -3.1138 21
      vertex -14.75 -3.13652 3.75
      vertex -14.75 -3.13652 20.75
    endloop
  endfacet
  facet normal -0.596131 -0.802887 0
    outer loop
      vertex -14.7806 -3.1138 3.5
      vertex -14.75 -3.13652 3.75
      vertex -14.7806 -3.1138 21
    endloop
  endfacet
  facet normal -0.595699 -0.803208 -8.20529e-05
    outer loop
      vertex -14.7333 -3.14888 3.5
      vertex -14.75 -3.13652 3.75
      vertex -14.7806 -3.1138 3.5
    endloop
  endfacet
  facet normal -0.594905 -0.803796 0
    outer loop
      vertex -14.75 -3.13652 3.75
      vertex -14.7333 -3.14888 3.5
      vertex -14.7333 -3.14888 3.75
    endloop
  endfacet
  facet normal -0.594905 -0.803796 -0
    outer loop
      vertex -14.7333 -3.14888 21
      vertex -14.75 -3.13652 20.75
      vertex -14.7333 -3.14888 20.75
    endloop
  endfacet
  facet normal -0.317263 -0.670576 -0.670576
    outer loop
      vertex -14.6828 -2.17915 2.5
      vertex -14.6296 -3.20432 3.5
      vertex -14.6828 -3.17915 3.5
    endloop
  endfacet
  facet normal -0.317263 -0.670576 -0.670576
    outer loop
      vertex -14.6296 -3.20432 3.5
      vertex -14.6828 -2.17915 2.5
      vertex -14.6296 -2.20432 2.5
    endloop
  endfacet
  facet normal -0.741399 -0.671065 0
    outer loop
      vertex -14.8243 -3.07426 3.5
      vertex -14.8638 -3.03062 21
      vertex -14.8638 -3.03062 3.5
    endloop
  endfacet
  facet normal -0.741399 -0.671065 0
    outer loop
      vertex -14.8638 -3.03062 21
      vertex -14.8243 -3.07426 3.5
      vertex -14.8243 -3.07426 21
    endloop
  endfacet
  facet normal -0.670931 -0.74152 0
    outer loop
      vertex -14.8243 -3.07426 3.5
      vertex -14.7806 -3.1138 21
      vertex -14.8243 -3.07426 21
    endloop
  endfacet
  facet normal -0.670931 -0.74152 -0
    outer loop
      vertex -14.7806 -3.1138 21
      vertex -14.8243 -3.07426 3.5
      vertex -14.7806 -3.1138 3.5
    endloop
  endfacet
  facet normal -0.891723 -0.320023 -0.320023
    outer loop
      vertex -14.9543 -1.87961 2.5
      vertex -14.9742 -2.82416 3.5
      vertex -14.9742 -1.82416 2.5
    endloop
  endfacet
  facet normal -0.891723 -0.320023 -0.320023
    outer loop
      vertex -14.9742 -2.82416 3.5
      vertex -14.9543 -1.87961 2.5
      vertex -14.9543 -2.87961 3.5
    endloop
  endfacet
  facet normal -0.464435 -0.626219 -0.626219
    outer loop
      vertex -14.7806 -2.1138 2.5
      vertex -14.7333 -3.14888 3.5
      vertex -14.7806 -3.1138 3.5
    endloop
  endfacet
  facet normal -0.464435 -0.626219 -0.626219
    outer loop
      vertex -14.7333 -3.14888 3.5
      vertex -14.7806 -2.1138 2.5
      vertex -14.7333 -2.14888 2.5
    endloop
  endfacet
  facet normal 0 -0.707107 -0.707107
    outer loop
      vertex -14.4 -2.25 2.5
      vertex 0.5 -3.25 3.5
      vertex -14.4 -3.25 3.5
    endloop
  endfacet
  facet normal 0 -0.707107 -0.707107
    outer loop
      vertex 0.5 -3.25 3.5
      vertex -14.4 -2.25 2.5
      vertex 1.5 -2.25 2.5
    endloop
  endfacet
  facet normal -0.997577 -0.0491919 -0.0491919
    outer loop
      vertex -14.9971 -1.7088 2.5
      vertex -15 -2.64999 3.5
      vertex -15 -1.64999 2.5
    endloop
  endfacet
  facet normal -0.997577 -0.0491919 -0.0491919
    outer loop
      vertex -15 -2.64999 3.5
      vertex -14.9971 -1.7088 2.5
      vertex -14.9971 -2.7088 3.5
    endloop
  endfacet
  facet normal -0.390239 -0.651043 -0.651043
    outer loop
      vertex -14.7333 -2.14888 2.5
      vertex -14.6828 -3.17915 3.5
      vertex -14.7333 -3.14888 3.5
    endloop
  endfacet
  facet normal -0.390239 -0.651043 -0.651043
    outer loop
      vertex -14.6828 -3.17915 3.5
      vertex -14.7333 -2.14888 2.5
      vertex -14.6828 -2.17915 2.5
    endloop
  endfacet
  facet normal -0.337004 -0.941503 0
    outer loop
      vertex -14.6296 -3.20432 3.5
      vertex -14.5742 -3.22415 3.75
      vertex -14.6296 -3.20432 3.75
    endloop
  endfacet
  facet normal -0.337004 -0.941503 -0
    outer loop
      vertex -14.5742 -3.22415 3.75
      vertex -14.6296 -3.20432 3.5
      vertex -14.5742 -3.22415 3.5
    endloop
  endfacet
  facet normal -0.337004 -0.941503 0
    outer loop
      vertex -14.6296 -3.20432 20.75
      vertex -14.5742 -3.22415 21
      vertex -14.6296 -3.20432 21
    endloop
  endfacet
  facet normal -0.337004 -0.941503 -0
    outer loop
      vertex -14.5742 -3.22415 21
      vertex -14.6296 -3.20432 20.75
      vertex -14.5742 -3.22415 20.75
    endloop
  endfacet
  facet normal -0.146844 -0.98916 0
    outer loop
      vertex -14.517 -3.23846 3.5
      vertex -14.4588 -3.2471 3.75
      vertex -14.517 -3.23846 3.75
    endloop
  endfacet
  facet normal -0.146844 -0.98916 -0
    outer loop
      vertex -14.4588 -3.2471 3.75
      vertex -14.517 -3.23846 3.5
      vertex -14.4588 -3.2471 3.5
    endloop
  endfacet
  facet normal -0.146844 -0.98916 0
    outer loop
      vertex -14.517 -3.23846 20.75
      vertex -14.4588 -3.2471 21
      vertex -14.517 -3.23846 21
    endloop
  endfacet
  facet normal -0.146844 -0.98916 -0
    outer loop
      vertex -14.4588 -3.2471 21
      vertex -14.517 -3.23846 20.75
      vertex -14.4588 -3.2471 20.75
    endloop
  endfacet
  facet normal -0.538931 -0.595631 -0.595631
    outer loop
      vertex -14.8243 -2.07426 2.5
      vertex -14.7806 -3.1138 3.5
      vertex -14.8243 -3.07426 3.5
    endloop
  endfacet
  facet normal -0.538931 -0.595631 -0.595631
    outer loop
      vertex -14.7806 -3.1138 3.5
      vertex -14.8243 -2.07426 2.5
      vertex -14.7806 -2.1138 2.5
    endloop
  endfacet
  facet normal -0.174196 -0.696296 -0.696296
    outer loop
      vertex -14.5742 -2.22415 2.5
      vertex -14.517 -3.23846 3.5
      vertex -14.5742 -3.22415 3.5
    endloop
  endfacet
  facet normal -0.174196 -0.696296 -0.696296
    outer loop
      vertex -14.517 -3.23846 3.5
      vertex -14.5742 -2.22415 2.5
      vertex -14.517 -2.23846 2.5
    endloop
  endfacet
  facet normal -0.942662 -0.235996 -0.235996
    outer loop
      vertex -14.9742 -1.82416 2.5
      vertex -14.9885 -2.76704 3.5
      vertex -14.9885 -1.76704 2.5
    endloop
  endfacet
  facet normal -0.942662 -0.235996 -0.235996
    outer loop
      vertex -14.9885 -2.76704 3.5
      vertex -14.9742 -1.82416 2.5
      vertex -14.9742 -2.82416 3.5
    endloop
  endfacet
  facet normal 0 -1 0
    outer loop
      vertex -14.4 -3.25 3.75
      vertex -14.4 -3.25 3.5
      vertex -0.25 -3.25 3.75
    endloop
  endfacet
  facet normal 0 -1 0
    outer loop
      vertex -0.25 -3.25 20.75
      vertex -14.4 -3.25 21
      vertex -14.4 -3.25 20.75
    endloop
  endfacet
  facet normal 0 -1 0
    outer loop
      vertex -14.4 -3.25 21
      vertex -0.25 -3.25 20.75
      vertex 0.5 -3.25 21
    endloop
  endfacet
  facet normal 0 -1 0
    outer loop
      vertex -0.25 -3.25 3.75
      vertex 0.5 -3.25 21
      vertex -0.25 -3.25 20.75
    endloop
  endfacet
  facet normal 0 -1 0
    outer loop
      vertex -0.25 -3.25 3.75
      vertex 0.5 -3.25 3.5
      vertex 0.5 -3.25 21
    endloop
  endfacet
  facet normal 0 -1 0
    outer loop
      vertex 0.5 -3.25 3.5
      vertex -0.25 -3.25 3.75
      vertex -14.4 -3.25 3.5
    endloop
  endfacet
  facet normal -0.831929 -0.392361 -0.392361
    outer loop
      vertex -14.9292 -1.93283 2.5
      vertex -14.9543 -2.87961 3.5
      vertex -14.9543 -1.87961 2.5
    endloop
  endfacet
  facet normal -0.831929 -0.392361 -0.392361
    outer loop
      vertex -14.9543 -2.87961 3.5
      vertex -14.9292 -1.93283 2.5
      vertex -14.9292 -2.93283 3.5
    endloop
  endfacet
  facet normal -0.970063 -0.242855 0
    outer loop
      vertex -14.9742 -2.82416 3.5
      vertex -14.9885 -2.76704 21
      vertex -14.9885 -2.76704 3.5
    endloop
  endfacet
  facet normal -0.970063 -0.242855 0
    outer loop
      vertex -14.9885 -2.76704 21
      vertex -14.9742 -2.82416 3.5
      vertex -14.9742 -2.82416 21
    endloop
  endfacet
  facet normal -0.978883 -0.144547 -0.144547
    outer loop
      vertex -14.9885 -1.76704 2.5
      vertex -14.9971 -2.7088 3.5
      vertex -14.9971 -1.7088 2.5
    endloop
  endfacet
  facet normal -0.978883 -0.144547 -0.144547
    outer loop
      vertex -14.9971 -2.7088 3.5
      vertex -14.9885 -1.76704 2.5
      vertex -14.9885 -2.76704 3.5
    endloop
  endfacet
  facet normal -0.857538 -0.514421 0
    outer loop
      vertex -14.8989 -2.98334 3.5
      vertex -14.9292 -2.93283 21
      vertex -14.9292 -2.93283 3.5
    endloop
  endfacet
  facet normal -0.857538 -0.514421 0
    outer loop
      vertex -14.9292 -2.93283 21
      vertex -14.8989 -2.98334 3.5
      vertex -14.8989 -2.98334 21
    endloop
  endfacet
  facet normal -0.762556 -0.457443 -0.457443
    outer loop
      vertex -14.8989 -1.98334 2.5
      vertex -14.9292 -2.93283 3.5
      vertex -14.9292 -1.93283 2.5
    endloop
  endfacet
  facet normal -0.762556 -0.457443 -0.457443
    outer loop
      vertex -14.9292 -2.93283 3.5
      vertex -14.8989 -1.98334 2.5
      vertex -14.8989 -2.98334 3.5
    endloop
  endfacet
  facet normal -0.42767 -0.903935 0
    outer loop
      vertex -14.6828 -3.17915 3.5
      vertex -14.6296 -3.20432 3.75
      vertex -14.6828 -3.17915 3.75
    endloop
  endfacet
  facet normal -0.42767 -0.903935 -0
    outer loop
      vertex -14.6296 -3.20432 3.75
      vertex -14.6828 -3.17915 3.5
      vertex -14.6296 -3.20432 3.5
    endloop
  endfacet
  facet normal -0.42767 -0.903935 0
    outer loop
      vertex -14.6828 -3.17915 20.75
      vertex -14.6296 -3.20432 21
      vertex -14.6828 -3.17915 21
    endloop
  endfacet
  facet normal -0.42767 -0.903935 -0
    outer loop
      vertex -14.6296 -3.20432 21
      vertex -14.6828 -3.17915 20.75
      vertex -14.6296 -3.20432 20.75
    endloop
  endfacet
  facet normal -0.904456 -0.426566 0
    outer loop
      vertex -14.9292 -2.93283 3.5
      vertex -14.9543 -2.87961 21
      vertex -14.9543 -2.87961 3.5
    endloop
  endfacet
  facet normal -0.904456 -0.426566 0
    outer loop
      vertex -14.9543 -2.87961 21
      vertex -14.9292 -2.93283 3.5
      vertex -14.9292 -2.93283 21
    endloop
  endfacet
  facet normal -0.104399 -0.703243 -0.703243
    outer loop
      vertex -14.517 -2.23846 2.5
      vertex -14.4588 -3.2471 3.5
      vertex -14.517 -3.23846 3.5
    endloop
  endfacet
  facet normal -0.104399 -0.703243 -0.703243
    outer loop
      vertex -14.4588 -3.2471 3.5
      vertex -14.517 -2.23846 2.5
      vertex -14.4588 -2.2471 2.5
    endloop
  endfacet
  facet normal -0.514121 -0.857718 0
    outer loop
      vertex -14.7333 -3.14888 3.5
      vertex -14.6828 -3.17915 3.75
      vertex -14.7333 -3.14888 3.75
    endloop
  endfacet
  facet normal -0.514121 -0.857718 -0
    outer loop
      vertex -14.6828 -3.17915 3.75
      vertex -14.7333 -3.14888 3.5
      vertex -14.6828 -3.17915 3.5
    endloop
  endfacet
  facet normal -0.514121 -0.857718 0
    outer loop
      vertex -14.7333 -3.14888 20.75
      vertex -14.6828 -3.17915 21
      vertex -14.7333 -3.14888 21
    endloop
  endfacet
  facet normal -0.514121 -0.857718 -0
    outer loop
      vertex -14.6828 -3.17915 21
      vertex -14.7333 -3.14888 20.75
      vertex -14.6828 -3.17915 20.75
    endloop
  endfacet
  facet normal -0.998786 -0.0492515 0
    outer loop
      vertex -14.9971 -2.7088 3.5
      vertex -15 -2.64999 21
      vertex -15 -2.64999 3.5
    endloop
  endfacet
  facet normal -0.998786 -0.0492515 0
    outer loop
      vertex -15 -2.64999 21
      vertex -14.9971 -2.7088 3.5
      vertex -14.9971 -2.7088 21
    endloop
  endfacet
  facet normal -0.615629 -0.557226 -0.557226
    outer loop
      vertex -14.8243 -2.07426 2.5
      vertex -14.8638 -3.03062 3.5
      vertex -14.8638 -2.03062 2.5
    endloop
  endfacet
  facet normal -0.615629 -0.557226 -0.557226
    outer loop
      vertex -14.8638 -3.03062 3.5
      vertex -14.8243 -2.07426 2.5
      vertex -14.8243 -3.07426 3.5
    endloop
  endfacet
  facet normal -0.0348531 -0.706677 -0.706677
    outer loop
      vertex -14.4588 -2.2471 2.5
      vertex -14.4 -3.25 3.5
      vertex -14.4588 -3.2471 3.5
    endloop
  endfacet
  facet normal -0.0348531 -0.706677 -0.706677
    outer loop
      vertex -14.4 -3.25 3.5
      vertex -14.4588 -2.2471 2.5
      vertex -14.4 -2.25 2.5
    endloop
  endfacet
  facet normal -0.242695 -0.970103 0
    outer loop
      vertex -14.5742 -3.22415 3.5
      vertex -14.517 -3.23846 3.75
      vertex -14.5742 -3.22415 3.75
    endloop
  endfacet
  facet normal -0.242695 -0.970103 -0
    outer loop
      vertex -14.517 -3.23846 3.75
      vertex -14.5742 -3.22415 3.5
      vertex -14.517 -3.23846 3.5
    endloop
  endfacet
  facet normal -0.242695 -0.970103 0
    outer loop
      vertex -14.5742 -3.22415 20.75
      vertex -14.517 -3.23846 21
      vertex -14.5742 -3.22415 21
    endloop
  endfacet
  facet normal -0.242695 -0.970103 -0
    outer loop
      vertex -14.517 -3.23846 21
      vertex -14.5742 -3.22415 20.75
      vertex -14.517 -3.23846 20.75
    endloop
  endfacet
  facet normal -0.245366 -0.685491 -0.685491
    outer loop
      vertex -14.6296 -2.20432 2.5
      vertex -14.5742 -3.22415 3.5
      vertex -14.6296 -3.20432 3.5
    endloop
  endfacet
  facet normal -0.245366 -0.685491 -0.685491
    outer loop
      vertex -14.5742 -3.22415 3.5
      vertex -14.6296 -2.20432 2.5
      vertex -14.5742 -2.22415 2.5
    endloop
  endfacet
  facet normal -0.689692 -0.512018 -0.512018
    outer loop
      vertex -14.8638 -2.03062 2.5
      vertex -14.8989 -2.98334 3.5
      vertex -14.8989 -1.98334 2.5
    endloop
  endfacet
  facet normal -0.689692 -0.512018 -0.512018
    outer loop
      vertex -14.8989 -2.98334 3.5
      vertex -14.8638 -2.03062 2.5
      vertex -14.8638 -3.03062 3.5
    endloop
  endfacet
  facet normal -0.802925 -0.59608 0
    outer loop
      vertex -14.8638 -3.03062 3.5
      vertex -14.8989 -2.98334 21
      vertex -14.8989 -2.98334 3.5
    endloop
  endfacet
  facet normal -0.802925 -0.59608 0
    outer loop
      vertex -14.8989 -2.98334 21
      vertex -14.8638 -3.03062 3.5
      vertex -14.8638 -3.03062 21
    endloop
  endfacet
  facet normal -0.0492599 -0.998786 0
    outer loop
      vertex -14.4588 -3.2471 3.5
      vertex -14.4 -3.25 3.75
      vertex -14.4588 -3.2471 3.75
    endloop
  endfacet
  facet normal -0.0492599 -0.998786 -0
    outer loop
      vertex -14.4 -3.25 3.75
      vertex -14.4588 -3.2471 3.5
      vertex -14.4 -3.25 3.5
    endloop
  endfacet
  facet normal -0.0492599 -0.998786 0
    outer loop
      vertex -14.4588 -3.2471 20.75
      vertex -14.4 -3.25 21
      vertex -14.4588 -3.2471 21
    endloop
  endfacet
  facet normal -0.0492599 -0.998786 -0
    outer loop
      vertex -14.4 -3.25 21
      vertex -14.4588 -3.2471 20.75
      vertex -14.4 -3.25 20.75
    endloop
  endfacet
  facet normal -0.941222 -0.337788 0
    outer loop
      vertex -14.9543 -2.87961 3.5
      vertex -14.9742 -2.82416 21
      vertex -14.9742 -2.82416 3.5
    endloop
  endfacet
  facet normal -0.941222 -0.337788 0
    outer loop
      vertex -14.9742 -2.82416 21
      vertex -14.9543 -2.87961 3.5
      vertex -14.9543 -2.87961 21
    endloop
  endfacet
  facet normal 0 -1 0
    outer loop
      vertex -14.4 -3.75 21.5
      vertex 0 -3.75 22.5
      vertex -14.4 -3.75 22.5
    endloop
  endfacet
  facet normal 0 -1 -0
    outer loop
      vertex 0 -3.75 22.5
      vertex -14.4 -3.75 21.5
      vertex 0 -3.75 21.5
    endloop
  endfacet
  facet normal 0 -0.707107 -0.707107
    outer loop
      vertex -14.4 -3.25 21
      vertex 0 -3.75 21.5
      vertex -14.4 -3.75 21.5
    endloop
  endfacet
  facet normal 0 -0.707107 -0.707107
    outer loop
      vertex 0 -3.75 21.5
      vertex -14.4 -3.25 21
      vertex 0.5 -3.25 21
    endloop
  endfacet
  facet normal -0.942662 -0.235996 -0.235996
    outer loop
      vertex -14.9742 -2.82416 21
      vertex -14.9885 -3.26704 21.5
      vertex -14.9885 -2.76704 21
    endloop
  endfacet
  facet normal -0.942662 -0.235996 -0.235996
    outer loop
      vertex -14.9885 -3.26704 21.5
      vertex -14.9742 -2.82416 21
      vertex -14.9742 -3.32416 21.5
    endloop
  endfacet
  facet normal -0.989273 -0.146081 0
    outer loop
      vertex -14.9885 -3.26704 21.5
      vertex -14.9971 -3.2088 22.5
      vertex -14.9971 -3.2088 21.5
    endloop
  endfacet
  facet normal -0.989273 -0.146081 0
    outer loop
      vertex -14.9971 -3.2088 22.5
      vertex -14.9885 -3.26704 21.5
      vertex -14.9885 -3.26704 22.5
    endloop
  endfacet
  facet normal -0.689692 -0.512018 -0.512018
    outer loop
      vertex -14.8638 -3.03062 21
      vertex -14.8989 -3.48334 21.5
      vertex -14.8989 -2.98334 21
    endloop
  endfacet
  facet normal -0.689692 -0.512018 -0.512018
    outer loop
      vertex -14.8989 -3.48334 21.5
      vertex -14.8638 -3.03062 21
      vertex -14.8638 -3.53062 21.5
    endloop
  endfacet
  facet normal -0.514121 -0.857718 0
    outer loop
      vertex -14.7333 -3.64888 21.5
      vertex -14.6828 -3.67915 22.5
      vertex -14.7333 -3.64888 22.5
    endloop
  endfacet
  facet normal -0.514121 -0.857718 -0
    outer loop
      vertex -14.6828 -3.67915 22.5
      vertex -14.7333 -3.64888 21.5
      vertex -14.6828 -3.67915 21.5
    endloop
  endfacet
  facet normal -0.857538 -0.514421 0
    outer loop
      vertex -14.8989 -3.48334 21.5
      vertex -14.9292 -3.43283 22.5
      vertex -14.9292 -3.43283 21.5
    endloop
  endfacet
  facet normal -0.857538 -0.514421 0
    outer loop
      vertex -14.9292 -3.43283 22.5
      vertex -14.8989 -3.48334 21.5
      vertex -14.8989 -3.48334 22.5
    endloop
  endfacet
  facet normal -0.998786 -0.0492515 0
    outer loop
      vertex -14.9971 -3.2088 21.5
      vertex -15 -3.14999 22.5
      vertex -15 -3.14999 21.5
    endloop
  endfacet
  facet normal -0.998786 -0.0492515 0
    outer loop
      vertex -15 -3.14999 22.5
      vertex -14.9971 -3.2088 21.5
      vertex -14.9971 -3.2088 22.5
    endloop
  endfacet
  facet normal -0.245366 -0.685491 -0.685491
    outer loop
      vertex -14.6296 -3.20432 21
      vertex -14.5742 -3.72415 21.5
      vertex -14.6296 -3.70432 21.5
    endloop
  endfacet
  facet normal -0.245366 -0.685491 -0.685491
    outer loop
      vertex -14.5742 -3.72415 21.5
      vertex -14.6296 -3.20432 21
      vertex -14.5742 -3.22415 21
    endloop
  endfacet
  facet normal -0.741399 -0.671065 0
    outer loop
      vertex -14.8243 -3.57426 21.5
      vertex -14.8638 -3.53062 22.5
      vertex -14.8638 -3.53062 21.5
    endloop
  endfacet
  facet normal -0.741399 -0.671065 0
    outer loop
      vertex -14.8638 -3.53062 22.5
      vertex -14.8243 -3.57426 21.5
      vertex -14.8243 -3.57426 22.5
    endloop
  endfacet
  facet normal -0.104399 -0.703243 -0.703243
    outer loop
      vertex -14.517 -3.23846 21
      vertex -14.4588 -3.7471 21.5
      vertex -14.517 -3.73846 21.5
    endloop
  endfacet
  facet normal -0.104399 -0.703243 -0.703243
    outer loop
      vertex -14.4588 -3.7471 21.5
      vertex -14.517 -3.23846 21
      vertex -14.4588 -3.2471 21
    endloop
  endfacet
  facet normal -0.0492599 -0.998786 0
    outer loop
      vertex -14.4588 -3.7471 21.5
      vertex -14.4 -3.75 22.5
      vertex -14.4588 -3.7471 22.5
    endloop
  endfacet
  facet normal -0.0492599 -0.998786 -0
    outer loop
      vertex -14.4 -3.75 22.5
      vertex -14.4588 -3.7471 21.5
      vertex -14.4 -3.75 21.5
    endloop
  endfacet
  facet normal -0.390239 -0.651043 -0.651043
    outer loop
      vertex -14.7333 -3.14888 21
      vertex -14.6828 -3.67915 21.5
      vertex -14.7333 -3.64888 21.5
    endloop
  endfacet
  facet normal -0.390239 -0.651043 -0.651043
    outer loop
      vertex -14.6828 -3.67915 21.5
      vertex -14.7333 -3.14888 21
      vertex -14.6828 -3.17915 21
    endloop
  endfacet
  facet normal -0.0348531 -0.706677 -0.706677
    outer loop
      vertex -14.4588 -3.2471 21
      vertex -14.4 -3.75 21.5
      vertex -14.4588 -3.7471 21.5
    endloop
  endfacet
  facet normal -0.0348531 -0.706677 -0.706677
    outer loop
      vertex -14.4 -3.75 21.5
      vertex -14.4588 -3.2471 21
      vertex -14.4 -3.25 21
    endloop
  endfacet
  facet normal -0.970063 -0.242855 0
    outer loop
      vertex -14.9742 -3.32416 21.5
      vertex -14.9885 -3.26704 22.5
      vertex -14.9885 -3.26704 21.5
    endloop
  endfacet
  facet normal -0.970063 -0.242855 0
    outer loop
      vertex -14.9885 -3.26704 22.5
      vertex -14.9742 -3.32416 21.5
      vertex -14.9742 -3.32416 22.5
    endloop
  endfacet
  facet normal -0.538931 -0.595631 -0.595631
    outer loop
      vertex -14.8243 -3.07426 21
      vertex -14.7806 -3.6138 21.5
      vertex -14.8243 -3.57426 21.5
    endloop
  endfacet
  facet normal -0.538931 -0.595631 -0.595631
    outer loop
      vertex -14.7806 -3.6138 21.5
      vertex -14.8243 -3.07426 21
      vertex -14.7806 -3.1138 21
    endloop
  endfacet
  facet normal -0.242695 -0.970103 0
    outer loop
      vertex -14.5742 -3.72415 21.5
      vertex -14.517 -3.73846 22.5
      vertex -14.5742 -3.72415 22.5
    endloop
  endfacet
  facet normal -0.242695 -0.970103 -0
    outer loop
      vertex -14.517 -3.73846 22.5
      vertex -14.5742 -3.72415 21.5
      vertex -14.517 -3.73846 21.5
    endloop
  endfacet
  facet normal -0.978883 -0.144547 -0.144547
    outer loop
      vertex -14.9885 -2.76704 21
      vertex -14.9971 -3.2088 21.5
      vertex -14.9971 -2.7088 21
    endloop
  endfacet
  facet normal -0.978883 -0.144547 -0.144547
    outer loop
      vertex -14.9971 -3.2088 21.5
      vertex -14.9885 -2.76704 21
      vertex -14.9885 -3.26704 21.5
    endloop
  endfacet
  facet normal -0.997577 -0.0491919 -0.0491919
    outer loop
      vertex -14.9971 -2.7088 21
      vertex -15 -3.14999 21.5
      vertex -15 -2.64999 21
    endloop
  endfacet
  facet normal -0.997577 -0.0491919 -0.0491919
    outer loop
      vertex -15 -3.14999 21.5
      vertex -14.9971 -2.7088 21
      vertex -14.9971 -3.2088 21.5
    endloop
  endfacet
  facet normal -0.174196 -0.696296 -0.696296
    outer loop
      vertex -14.5742 -3.22415 21
      vertex -14.517 -3.73846 21.5
      vertex -14.5742 -3.72415 21.5
    endloop
  endfacet
  facet normal -0.174196 -0.696296 -0.696296
    outer loop
      vertex -14.517 -3.73846 21.5
      vertex -14.5742 -3.22415 21
      vertex -14.517 -3.23846 21
    endloop
  endfacet
  facet normal -0.802925 -0.59608 0
    outer loop
      vertex -14.8638 -3.53062 21.5
      vertex -14.8989 -3.48334 22.5
      vertex -14.8989 -3.48334 21.5
    endloop
  endfacet
  facet normal -0.802925 -0.59608 0
    outer loop
      vertex -14.8989 -3.48334 22.5
      vertex -14.8638 -3.53062 21.5
      vertex -14.8638 -3.53062 22.5
    endloop
  endfacet
  facet normal -0.831929 -0.392361 -0.392361
    outer loop
      vertex -14.9292 -2.93283 21
      vertex -14.9543 -3.37961 21.5
      vertex -14.9543 -2.87961 21
    endloop
  endfacet
  facet normal -0.831929 -0.392361 -0.392361
    outer loop
      vertex -14.9543 -3.37961 21.5
      vertex -14.9292 -2.93283 21
      vertex -14.9292 -3.43283 21.5
    endloop
  endfacet
  facet normal -0.762556 -0.457443 -0.457443
    outer loop
      vertex -14.8989 -2.98334 21
      vertex -14.9292 -3.43283 21.5
      vertex -14.9292 -2.93283 21
    endloop
  endfacet
  facet normal -0.762556 -0.457443 -0.457443
    outer loop
      vertex -14.9292 -3.43283 21.5
      vertex -14.8989 -2.98334 21
      vertex -14.8989 -3.48334 21.5
    endloop
  endfacet
  facet normal -0.595699 -0.803208 0
    outer loop
      vertex -14.7806 -3.6138 21.5
      vertex -14.7333 -3.64888 22.5
      vertex -14.7806 -3.6138 22.5
    endloop
  endfacet
  facet normal -0.595699 -0.803208 -0
    outer loop
      vertex -14.7333 -3.64888 22.5
      vertex -14.7806 -3.6138 21.5
      vertex -14.7333 -3.64888 21.5
    endloop
  endfacet
  facet normal -0.42767 -0.903935 0
    outer loop
      vertex -14.6828 -3.67915 21.5
      vertex -14.6296 -3.70432 22.5
      vertex -14.6828 -3.67915 22.5
    endloop
  endfacet
  facet normal -0.42767 -0.903935 -0
    outer loop
      vertex -14.6296 -3.70432 22.5
      vertex -14.6828 -3.67915 21.5
      vertex -14.6296 -3.70432 21.5
    endloop
  endfacet
  facet normal -0.337004 -0.941503 0
    outer loop
      vertex -14.6296 -3.70432 21.5
      vertex -14.5742 -3.72415 22.5
      vertex -14.6296 -3.70432 22.5
    endloop
  endfacet
  facet normal -0.337004 -0.941503 -0
    outer loop
      vertex -14.5742 -3.72415 22.5
      vertex -14.6296 -3.70432 21.5
      vertex -14.5742 -3.72415 21.5
    endloop
  endfacet
  facet normal -0.317263 -0.670576 -0.670576
    outer loop
      vertex -14.6828 -3.17915 21
      vertex -14.6296 -3.70432 21.5
      vertex -14.6828 -3.67915 21.5
    endloop
  endfacet
  facet normal -0.317263 -0.670576 -0.670576
    outer loop
      vertex -14.6296 -3.70432 21.5
      vertex -14.6828 -3.17915 21
      vertex -14.6296 -3.20432 21
    endloop
  endfacet
  facet normal -0.891723 -0.320023 -0.320023
    outer loop
      vertex -14.9543 -2.87961 21
      vertex -14.9742 -3.32416 21.5
      vertex -14.9742 -2.82416 21
    endloop
  endfacet
  facet normal -0.891723 -0.320023 -0.320023
    outer loop
      vertex -14.9742 -3.32416 21.5
      vertex -14.9543 -2.87961 21
      vertex -14.9543 -3.37961 21.5
    endloop
  endfacet
  facet normal -0.904456 -0.426566 0
    outer loop
      vertex -14.9292 -3.43283 21.5
      vertex -14.9543 -3.37961 22.5
      vertex -14.9543 -3.37961 21.5
    endloop
  endfacet
  facet normal -0.904456 -0.426566 0
    outer loop
      vertex -14.9543 -3.37961 22.5
      vertex -14.9292 -3.43283 21.5
      vertex -14.9292 -3.43283 22.5
    endloop
  endfacet
  facet normal -0.464435 -0.626219 -0.626219
    outer loop
      vertex -14.7806 -3.1138 21
      vertex -14.7333 -3.64888 21.5
      vertex -14.7806 -3.6138 21.5
    endloop
  endfacet
  facet normal -0.464435 -0.626219 -0.626219
    outer loop
      vertex -14.7333 -3.64888 21.5
      vertex -14.7806 -3.1138 21
      vertex -14.7333 -3.14888 21
    endloop
  endfacet
  facet normal -0.670931 -0.74152 0
    outer loop
      vertex -14.8243 -3.57426 21.5
      vertex -14.7806 -3.6138 22.5
      vertex -14.8243 -3.57426 22.5
    endloop
  endfacet
  facet normal -0.670931 -0.74152 -0
    outer loop
      vertex -14.7806 -3.6138 22.5
      vertex -14.8243 -3.57426 21.5
      vertex -14.7806 -3.6138 21.5
    endloop
  endfacet
  facet normal -0.941222 -0.337788 0
    outer loop
      vertex -14.9543 -3.37961 21.5
      vertex -14.9742 -3.32416 22.5
      vertex -14.9742 -3.32416 21.5
    endloop
  endfacet
  facet normal -0.941222 -0.337788 0
    outer loop
      vertex -14.9742 -3.32416 22.5
      vertex -14.9543 -3.37961 21.5
      vertex -14.9543 -3.37961 22.5
    endloop
  endfacet
  facet normal -0.146844 -0.98916 0
    outer loop
      vertex -14.517 -3.73846 21.5
      vertex -14.4588 -3.7471 22.5
      vertex -14.517 -3.73846 22.5
    endloop
  endfacet
  facet normal -0.146844 -0.98916 -0
    outer loop
      vertex -14.4588 -3.7471 22.5
      vertex -14.517 -3.73846 21.5
      vertex -14.4588 -3.7471 21.5
    endloop
  endfacet
  facet normal -0.615629 -0.557226 -0.557226
    outer loop
      vertex -14.8243 -3.07426 21
      vertex -14.8638 -3.53062 21.5
      vertex -14.8638 -3.03062 21
    endloop
  endfacet
  facet normal -0.615629 -0.557226 -0.557226
    outer loop
      vertex -14.8638 -3.53062 21.5
      vertex -14.8243 -3.07426 21
      vertex -14.8243 -3.57426 21.5
    endloop
  endfacet
  facet normal 0 0 1
    outer loop
      vertex 14.4 11.25 22.5
      vertex 15 10.65 22.5
      vertex 14.9971 10.7088 22.5
    endloop
  endfacet
  facet normal 0 0 1
    outer loop
      vertex 15 10.65 22.5
      vertex 0 -3.75 22.5
      vertex 15 -10.65 22.5
    endloop
  endfacet
  facet normal 0 0 1
    outer loop
      vertex 14.4 11.25 22.5
      vertex 14.9971 10.7088 22.5
      vertex 14.9885 10.767 22.5
    endloop
  endfacet
  facet normal 0 -0 1
    outer loop
      vertex 14.4 -11.25 22.5
      vertex 15 -10.65 22.5
      vertex 0 -3.75 22.5
    endloop
  endfacet
  facet normal 0 0 1
    outer loop
      vertex 14.4 11.25 22.5
      vertex 14.9885 10.767 22.5
      vertex 14.9742 10.8242 22.5
    endloop
  endfacet
  facet normal 0 0 1
    outer loop
      vertex 15 -10.65 22.5
      vertex 14.4 -11.25 22.5
      vertex 14.9971 -10.7088 22.5
    endloop
  endfacet
  facet normal 0 0 1
    outer loop
      vertex 14.4 11.25 22.5
      vertex 14.9742 10.8242 22.5
      vertex 14.9543 10.8796 22.5
    endloop
  endfacet
  facet normal 0 0 1
    outer loop
      vertex 14.9971 -10.7088 22.5
      vertex 14.4 -11.25 22.5
      vertex 14.9885 -10.767 22.5
    endloop
  endfacet
  facet normal 0 0 1
    outer loop
      vertex 14.4 11.25 22.5
      vertex 14.9543 10.8796 22.5
      vertex 14.9292 10.9328 22.5
    endloop
  endfacet
  facet normal 0 0 1
    outer loop
      vertex 14.9885 -10.767 22.5
      vertex 14.4 -11.25 22.5
      vertex 14.9742 -10.8242 22.5
    endloop
  endfacet
  facet normal 0 0 1
    outer loop
      vertex 14.4 11.25 22.5
      vertex 14.9292 10.9328 22.5
      vertex 14.8989 10.9833 22.5
    endloop
  endfacet
  facet normal 0 0 1
    outer loop
      vertex 14.9742 -10.8242 22.5
      vertex 14.4 -11.25 22.5
      vertex 14.9543 -10.8796 22.5
    endloop
  endfacet
  facet normal 0 0 1
    outer loop
      vertex 14.4 11.25 22.5
      vertex 14.8989 10.9833 22.5
      vertex 14.8638 11.0306 22.5
    endloop
  endfacet
  facet normal 0 0 1
    outer loop
      vertex 14.9543 -10.8796 22.5
      vertex 14.4 -11.25 22.5
      vertex 14.9292 -10.9328 22.5
    endloop
  endfacet
  facet normal 0 0 1
    outer loop
      vertex 14.4 11.25 22.5
      vertex 14.8638 11.0306 22.5
      vertex 14.8243 11.0743 22.5
    endloop
  endfacet
  facet normal 0 0 1
    outer loop
      vertex 14.9292 -10.9328 22.5
      vertex 14.4 -11.25 22.5
      vertex 14.8989 -10.9833 22.5
    endloop
  endfacet
  facet normal 0 0 1
    outer loop
      vertex 14.4 11.25 22.5
      vertex 14.8243 11.0743 22.5
      vertex 14.7806 11.1138 22.5
    endloop
  endfacet
  facet normal 0 0 1
    outer loop
      vertex 14.8989 -10.9833 22.5
      vertex 14.4 -11.25 22.5
      vertex 14.8638 -11.0306 22.5
    endloop
  endfacet
  facet normal 0 0 1
    outer loop
      vertex 14.4 11.25 22.5
      vertex 14.7806 11.1138 22.5
      vertex 14.7333 11.1489 22.5
    endloop
  endfacet
  facet normal 0 0 1
    outer loop
      vertex 15 10.65 22.5
      vertex 14.4 11.25 22.5
      vertex 0 -3.75 22.5
    endloop
  endfacet
  facet normal 0 0 1
    outer loop
      vertex 14.4 11.25 22.5
      vertex 14.7333 11.1489 22.5
      vertex 14.6828 11.1792 22.5
    endloop
  endfacet
  facet normal 0 0 1
    outer loop
      vertex 14.8638 -11.0306 22.5
      vertex 14.4 -11.25 22.5
      vertex 14.8243 -11.0743 22.5
    endloop
  endfacet
  facet normal 0 0 1
    outer loop
      vertex 14.4 11.25 22.5
      vertex 14.6828 11.1792 22.5
      vertex 14.6296 11.2043 22.5
    endloop
  endfacet
  facet normal 0 0 1
    outer loop
      vertex 14.7806 -11.1138 22.5
      vertex 14.4 -11.25 22.5
      vertex 14.7333 -11.1489 22.5
    endloop
  endfacet
  facet normal 0 0 1
    outer loop
      vertex 14.4 11.25 22.5
      vertex 14.6296 11.2043 22.5
      vertex 14.5742 11.2242 22.5
    endloop
  endfacet
  facet normal 0 0 1
    outer loop
      vertex 14.7333 -11.1489 22.5
      vertex 14.4 -11.25 22.5
      vertex 14.6828 -11.1792 22.5
    endloop
  endfacet
  facet normal 0 0 1
    outer loop
      vertex 14.4 11.25 22.5
      vertex 14.5742 11.2242 22.5
      vertex 14.517 11.2385 22.5
    endloop
  endfacet
  facet normal 0 0 1
    outer loop
      vertex 14.6828 -11.1792 22.5
      vertex 14.4 -11.25 22.5
      vertex 14.6296 -11.2043 22.5
    endloop
  endfacet
  facet normal 0 0 1
    outer loop
      vertex 14.4 11.25 22.5
      vertex 14.517 11.2385 22.5
      vertex 14.4588 11.2471 22.5
    endloop
  endfacet
  facet normal 0 0 1
    outer loop
      vertex 14.6296 -11.2043 22.5
      vertex 14.4 -11.25 22.5
      vertex 14.5742 -11.2242 22.5
    endloop
  endfacet
  facet normal 0 0 1
    outer loop
      vertex 14.5742 -11.2242 22.5
      vertex 14.4 -11.25 22.5
      vertex 14.517 -11.2385 22.5
    endloop
  endfacet
  facet normal 0 0 1
    outer loop
      vertex 14.517 -11.2385 22.5
      vertex 14.4 -11.25 22.5
      vertex 14.4588 -11.2471 22.5
    endloop
  endfacet
  facet normal 0 0 1
    outer loop
      vertex 14.8243 -11.0743 22.5
      vertex 14.4 -11.25 22.5
      vertex 14.7806 -11.1138 22.5
    endloop
  endfacet
  facet normal 0 0 1
    outer loop
      vertex 14.4 -11.25 22.5
      vertex 0 -3.75 22.5
      vertex 0.600006 -11.25 22.5
    endloop
  endfacet
  facet normal -0 0 1
    outer loop
      vertex 0 -10.65 22.5
      vertex 0.600006 -11.25 22.5
      vertex 0 -3.75 22.5
    endloop
  endfacet
  facet normal 0 0 1
    outer loop
      vertex 0.600006 -11.25 22.5
      vertex 0 -10.65 22.5
      vertex 0.541199 -11.2471 22.5
    endloop
  endfacet
  facet normal 0 0 1
    outer loop
      vertex 0.541199 -11.2471 22.5
      vertex 0 -10.65 22.5
      vertex 0.482956 -11.2385 22.5
    endloop
  endfacet
  facet normal 0 0 1
    outer loop
      vertex 0.482956 -11.2385 22.5
      vertex 0 -10.65 22.5
      vertex 0.425842 -11.2242 22.5
    endloop
  endfacet
  facet normal 0 0 1
    outer loop
      vertex 0.425842 -11.2242 22.5
      vertex 0 -10.65 22.5
      vertex 0.370392 -11.2043 22.5
    endloop
  endfacet
  facet normal 0 0 1
    outer loop
      vertex 0.370392 -11.2043 22.5
      vertex 0 -10.65 22.5
      vertex 0.317169 -11.1792 22.5
    endloop
  endfacet
  facet normal 0 0 1
    outer loop
      vertex 0.317169 -11.1792 22.5
      vertex 0 -10.65 22.5
      vertex 0.266663 -11.1489 22.5
    endloop
  endfacet
  facet normal 0 0 1
    outer loop
      vertex 0.266663 -11.1489 22.5
      vertex 0 -10.65 22.5
      vertex 0.219376 -11.1138 22.5
    endloop
  endfacet
  facet normal 0 0 1
    outer loop
      vertex 0.219376 -11.1138 22.5
      vertex 0 -10.65 22.5
      vertex 0.175735 -11.0743 22.5
    endloop
  endfacet
  facet normal 0 0 1
    outer loop
      vertex 0.175735 -11.0743 22.5
      vertex 0 -10.65 22.5
      vertex 0.1362 -11.0306 22.5
    endloop
  endfacet
  facet normal 0 0 1
    outer loop
      vertex 0.1362 -11.0306 22.5
      vertex 0 -10.65 22.5
      vertex 0.10112 -10.9833 22.5
    endloop
  endfacet
  facet normal 0 0 1
    outer loop
      vertex 0.0708466 -10.9328 22.5
      vertex 0 -10.65 22.5
      vertex 0.0456848 -10.8796 22.5
    endloop
  endfacet
  facet normal 0 0 1
    outer loop
      vertex 0.0456848 -10.8796 22.5
      vertex 0 -10.65 22.5
      vertex 0.0258484 -10.8242 22.5
    endloop
  endfacet
  facet normal 0 0 1
    outer loop
      vertex 0.0258484 -10.8242 22.5
      vertex 0 -10.65 22.5
      vertex 0.0115356 -10.767 22.5
    endloop
  endfacet
  facet normal 0 0 1
    outer loop
      vertex 0.10112 -10.9833 22.5
      vertex 0 -10.65 22.5
      vertex 0.0708466 -10.9328 22.5
    endloop
  endfacet
  facet normal -0 0 1
    outer loop
      vertex -14.4 11.25 22.5
      vertex 0 -3.75 22.5
      vertex 14.4 11.25 22.5
    endloop
  endfacet
  facet normal 0 0 1
    outer loop
      vertex -14.4 11.25 22.5
      vertex -14.4 -3.75 22.5
      vertex 0 -3.75 22.5
    endloop
  endfacet
  facet normal 0 0 1
    outer loop
      vertex -15 10.65 22.5
      vertex -14.4 11.25 22.5
      vertex -14.4588 11.2471 22.5
    endloop
  endfacet
  facet normal 0 0 1
    outer loop
      vertex -14.4 11.25 22.5
      vertex -15 10.65 22.5
      vertex -14.4 -3.75 22.5
    endloop
  endfacet
  facet normal 0 0 1
    outer loop
      vertex -15 10.65 22.5
      vertex -14.4588 11.2471 22.5
      vertex -14.517 11.2385 22.5
    endloop
  endfacet
  facet normal -0 0 1
    outer loop
      vertex -15 -3.14999 22.5
      vertex -14.4 -3.75 22.5
      vertex -15 10.65 22.5
    endloop
  endfacet
  facet normal 0 0 1
    outer loop
      vertex -15 10.65 22.5
      vertex -14.517 11.2385 22.5
      vertex -14.5742 11.2242 22.5
    endloop
  endfacet
  facet normal 0 0 1
    outer loop
      vertex -14.4 -3.75 22.5
      vertex -15 -3.14999 22.5
      vertex -14.4588 -3.7471 22.5
    endloop
  endfacet
  facet normal 0 0 1
    outer loop
      vertex -15 10.65 22.5
      vertex -14.5742 11.2242 22.5
      vertex -14.6296 11.2043 22.5
    endloop
  endfacet
  facet normal 0 0 1
    outer loop
      vertex -14.4588 -3.7471 22.5
      vertex -15 -3.14999 22.5
      vertex -14.517 -3.73846 22.5
    endloop
  endfacet
  facet normal 0 0 1
    outer loop
      vertex -15 10.65 22.5
      vertex -14.6296 11.2043 22.5
      vertex -14.6828 11.1792 22.5
    endloop
  endfacet
  facet normal 0 0 1
    outer loop
      vertex -14.517 -3.73846 22.5
      vertex -15 -3.14999 22.5
      vertex -14.5742 -3.72415 22.5
    endloop
  endfacet
  facet normal 0 0 1
    outer loop
      vertex -15 10.65 22.5
      vertex -14.6828 11.1792 22.5
      vertex -14.7333 11.1489 22.5
    endloop
  endfacet
  facet normal 0 0 1
    outer loop
      vertex -14.5742 -3.72415 22.5
      vertex -15 -3.14999 22.5
      vertex -14.6296 -3.70432 22.5
    endloop
  endfacet
  facet normal 0 0 1
    outer loop
      vertex -15 10.65 22.5
      vertex -14.7333 11.1489 22.5
      vertex -14.7806 11.1138 22.5
    endloop
  endfacet
  facet normal 0 0 1
    outer loop
      vertex -14.6296 -3.70432 22.5
      vertex -15 -3.14999 22.5
      vertex -14.6828 -3.67915 22.5
    endloop
  endfacet
  facet normal 0 0 1
    outer loop
      vertex -15 10.65 22.5
      vertex -14.7806 11.1138 22.5
      vertex -14.8243 11.0743 22.5
    endloop
  endfacet
  facet normal 0 0 1
    outer loop
      vertex -14.6828 -3.67915 22.5
      vertex -15 -3.14999 22.5
      vertex -14.7333 -3.64888 22.5
    endloop
  endfacet
  facet normal 0 0 1
    outer loop
      vertex -15 10.65 22.5
      vertex -14.8243 11.0743 22.5
      vertex -14.8638 11.0306 22.5
    endloop
  endfacet
  facet normal 0 0 1
    outer loop
      vertex -14.7333 -3.64888 22.5
      vertex -15 -3.14999 22.5
      vertex -14.7806 -3.6138 22.5
    endloop
  endfacet
  facet normal 0 0 1
    outer loop
      vertex -15 10.65 22.5
      vertex -14.8638 11.0306 22.5
      vertex -14.8989 10.9833 22.5
    endloop
  endfacet
  facet normal 0 0 1
    outer loop
      vertex -14.7806 -3.6138 22.5
      vertex -15 -3.14999 22.5
      vertex -14.8243 -3.57426 22.5
    endloop
  endfacet
  facet normal 0 0 1
    outer loop
      vertex -15 10.65 22.5
      vertex -14.8989 10.9833 22.5
      vertex -14.9292 10.9328 22.5
    endloop
  endfacet
  facet normal 0 0 1
    outer loop
      vertex -14.8243 -3.57426 22.5
      vertex -15 -3.14999 22.5
      vertex -14.8638 -3.53062 22.5
    endloop
  endfacet
  facet normal 0 0 1
    outer loop
      vertex -15 10.65 22.5
      vertex -14.9292 10.9328 22.5
      vertex -14.9543 10.8796 22.5
    endloop
  endfacet
  facet normal 0 0 1
    outer loop
      vertex -14.8638 -3.53062 22.5
      vertex -15 -3.14999 22.5
      vertex -14.8989 -3.48334 22.5
    endloop
  endfacet
  facet normal 0 0 1
    outer loop
      vertex -15 10.65 22.5
      vertex -14.9543 10.8796 22.5
      vertex -14.9742 10.8242 22.5
    endloop
  endfacet
  facet normal 0 0 1
    outer loop
      vertex -14.8989 -3.48334 22.5
      vertex -15 -3.14999 22.5
      vertex -14.9292 -3.43283 22.5
    endloop
  endfacet
  facet normal 0 0 1
    outer loop
      vertex -15 10.65 22.5
      vertex -14.9742 10.8242 22.5
      vertex -14.9885 10.767 22.5
    endloop
  endfacet
  facet normal 0 0 1
    outer loop
      vertex -14.9292 -3.43283 22.5
      vertex -15 -3.14999 22.5
      vertex -14.9543 -3.37961 22.5
    endloop
  endfacet
  facet normal 0 0 1
    outer loop
      vertex -15 10.65 22.5
      vertex -14.9885 10.767 22.5
      vertex -14.9971 10.7088 22.5
    endloop
  endfacet
  facet normal 0 0 1
    outer loop
      vertex -14.9543 -3.37961 22.5
      vertex -15 -3.14999 22.5
      vertex -14.9742 -3.32416 22.5
    endloop
  endfacet
  facet normal 0 0 1
    outer loop
      vertex -14.9742 -3.32416 22.5
      vertex -15 -3.14999 22.5
      vertex -14.9885 -3.26704 22.5
    endloop
  endfacet
  facet normal 0 0 1
    outer loop
      vertex -14.9885 -3.26704 22.5
      vertex -15 -3.14999 22.5
      vertex -14.9971 -3.2088 22.5
    endloop
  endfacet
  facet normal 0 0 1
    outer loop
      vertex 0.0115356 -10.767 22.5
      vertex 0 -10.65 22.5
      vertex 0.00289917 -10.7088 22.5
    endloop
  endfacet
  facet normal -0.970103 -0.242695 0
    outer loop
      vertex 1.52585 -10.8242 0
      vertex 1.51154 -10.767 2.5
      vertex 1.51154 -10.767 0
    endloop
  endfacet
  facet normal -0.970103 -0.242695 0
    outer loop
      vertex 1.51154 -10.767 2.5
      vertex 1.52585 -10.8242 0
      vertex 1.52585 -10.8242 2.5
    endloop
  endfacet
  facet normal -1 0 0
    outer loop
      vertex 1.5 -10.65 0
      vertex 1.5 -2.25 2.5
      vertex 1.5 -2.25 0
    endloop
  endfacet
  facet normal -1 -0 0
    outer loop
      vertex 1.5 -2.25 2.5
      vertex 1.5 -10.65 0
      vertex 1.5 -10.65 2.5
    endloop
  endfacet
  facet normal -0.98916 -0.146844 0
    outer loop
      vertex 1.51154 -10.767 0
      vertex 1.5029 -10.7088 2.5
      vertex 1.5029 -10.7088 0
    endloop
  endfacet
  facet normal -0.98916 -0.146844 0
    outer loop
      vertex 1.5029 -10.7088 2.5
      vertex 1.51154 -10.767 0
      vertex 1.51154 -10.767 2.5
    endloop
  endfacet
  facet normal -0.998786 -0.0492599 0
    outer loop
      vertex 1.5029 -10.7088 0
      vertex 1.5 -10.65 2.5
      vertex 1.5 -10.65 0
    endloop
  endfacet
  facet normal -0.998786 -0.0492599 0
    outer loop
      vertex 1.5 -10.65 2.5
      vertex 1.5029 -10.7088 0
      vertex 1.5029 -10.7088 2.5
    endloop
  endfacet
  facet normal 0 -1 0
    outer loop
      vertex 1.10001 -11.25 21
      vertex 0.600006 -11.25 22.5
      vertex 0.600006 -11.25 21.5
    endloop
  endfacet
  facet normal 0 -1 0
    outer loop
      vertex 0.600006 -11.25 22.5
      vertex 1.10001 -11.25 21
      vertex 14.4 -11.25 22.5
    endloop
  endfacet
  facet normal 0 -1 0
    outer loop
      vertex 1.10001 -11.25 3.5
      vertex 14.4 -11.25 22.5
      vertex 1.10001 -11.25 21
    endloop
  endfacet
  facet normal 0 -1 0
    outer loop
      vertex 2.10001 -11.25 2.5
      vertex 14.4 -11.25 22.5
      vertex 1.10001 -11.25 3.5
    endloop
  endfacet
  facet normal 0 -1 0
    outer loop
      vertex 14.4 -11.25 0
      vertex 2.10001 -11.25 2.5
      vertex 2.10001 -11.25 0
    endloop
  endfacet
  facet normal 0 -1 0
    outer loop
      vertex 2.10001 -11.25 2.5
      vertex 14.4 -11.25 0
      vertex 14.4 -11.25 22.5
    endloop
  endfacet
  facet normal 0.670558 -0.741857 0
    outer loop
      vertex 14.7806 -11.1138 0
      vertex 14.8243 -11.0743 22.5
      vertex 14.7806 -11.1138 22.5
    endloop
  endfacet
  facet normal 0.670558 -0.741857 0
    outer loop
      vertex 14.8243 -11.0743 22.5
      vertex 14.7806 -11.1138 0
      vertex 14.8243 -11.0743 0
    endloop
  endfacet
  facet normal -0.337788 -0.941222 0
    outer loop
      vertex 1.87039 -11.2043 0
      vertex 1.92584 -11.2242 2.5
      vertex 1.87039 -11.2043 2.5
    endloop
  endfacet
  facet normal -0.337788 -0.941222 -0
    outer loop
      vertex 1.92584 -11.2242 2.5
      vertex 1.87039 -11.2043 0
      vertex 1.92584 -11.2242 0
    endloop
  endfacet
  facet normal 0.338058 -0.941125 0
    outer loop
      vertex 14.5742 -11.2242 0
      vertex 14.6296 -11.2043 22.5
      vertex 14.5742 -11.2242 22.5
    endloop
  endfacet
  facet normal 0.338058 -0.941125 0
    outer loop
      vertex 14.6296 -11.2043 22.5
      vertex 14.5742 -11.2242 0
      vertex 14.6296 -11.2043 0
    endloop
  endfacet
  facet normal 0.803046 -0.595918 0
    outer loop
      vertex 14.8638 -11.0306 22.5
      vertex 14.8989 -10.9833 0
      vertex 14.8989 -10.9833 22.5
    endloop
  endfacet
  facet normal 0.803046 -0.595918 0
    outer loop
      vertex 14.8989 -10.9833 0
      vertex 14.8638 -11.0306 22.5
      vertex 14.8638 -11.0306 0
    endloop
  endfacet
  facet normal 0.857493 -0.514496 0
    outer loop
      vertex 14.8989 -10.9833 22.5
      vertex 14.9292 -10.9328 0
      vertex 14.9292 -10.9328 22.5
    endloop
  endfacet
  facet normal 0.857493 -0.514496 0
    outer loop
      vertex 14.9292 -10.9328 0
      vertex 14.8989 -10.9833 22.5
      vertex 14.8989 -10.9833 0
    endloop
  endfacet
  facet normal 0.514496 -0.857493 0
    outer loop
      vertex 14.6828 -11.1792 0
      vertex 14.7333 -11.1489 22.5
      vertex 14.6828 -11.1792 22.5
    endloop
  endfacet
  facet normal 0.514496 -0.857493 0
    outer loop
      vertex 14.7333 -11.1489 22.5
      vertex 14.6828 -11.1792 0
      vertex 14.7333 -11.1489 0
    endloop
  endfacet
  facet normal 0.741857 -0.670558 0
    outer loop
      vertex 14.8243 -11.0743 22.5
      vertex 14.8638 -11.0306 0
      vertex 14.8638 -11.0306 22.5
    endloop
  endfacet
  facet normal 0.741857 -0.670558 0
    outer loop
      vertex 14.8638 -11.0306 0
      vertex 14.8243 -11.0743 22.5
      vertex 14.8243 -11.0743 0
    endloop
  endfacet
  facet normal 0.0492599 -0.998786 0
    outer loop
      vertex 14.4 -11.25 0
      vertex 14.4588 -11.2471 22.5
      vertex 14.4 -11.25 22.5
    endloop
  endfacet
  facet normal 0.0492599 -0.998786 0
    outer loop
      vertex 14.4588 -11.2471 22.5
      vertex 14.4 -11.25 0
      vertex 14.4588 -11.2471 0
    endloop
  endfacet
  facet normal -0.146081 -0.989273 0
    outer loop
      vertex 1.98296 -11.2385 0
      vertex 2.0412 -11.2471 2.5
      vertex 1.98296 -11.2385 2.5
    endloop
  endfacet
  facet normal -0.146081 -0.989273 -0
    outer loop
      vertex 2.0412 -11.2471 2.5
      vertex 1.98296 -11.2385 0
      vertex 2.0412 -11.2471 0
    endloop
  endfacet
  facet normal 0.989258 -0.146179 0
    outer loop
      vertex 14.9885 -10.767 22.5
      vertex 14.9971 -10.7088 0
      vertex 14.9971 -10.7088 22.5
    endloop
  endfacet
  facet normal 0.989258 -0.146179 0
    outer loop
      vertex 14.9971 -10.7088 0
      vertex 14.9885 -10.767 22.5
      vertex 14.9885 -10.767 0
    endloop
  endfacet
  facet normal 0.242536 -0.970143 0
    outer loop
      vertex 14.517 -11.2385 0
      vertex 14.5742 -11.2242 22.5
      vertex 14.517 -11.2385 22.5
    endloop
  endfacet
  facet normal 0.242536 -0.970143 0
    outer loop
      vertex 14.5742 -11.2242 22.5
      vertex 14.517 -11.2385 0
      vertex 14.5742 -11.2242 0
    endloop
  endfacet
  facet normal -0.242855 -0.970063 0
    outer loop
      vertex 1.92584 -11.2242 0
      vertex 1.98296 -11.2385 2.5
      vertex 1.92584 -11.2242 2.5
    endloop
  endfacet
  facet normal -0.242855 -0.970063 -0
    outer loop
      vertex 1.98296 -11.2385 2.5
      vertex 1.92584 -11.2242 0
      vertex 1.98296 -11.2385 0
    endloop
  endfacet
  facet normal 0.970143 -0.242536 0
    outer loop
      vertex 14.9742 -10.8242 22.5
      vertex 14.9885 -10.767 0
      vertex 14.9885 -10.767 22.5
    endloop
  endfacet
  facet normal 0.970143 -0.242536 0
    outer loop
      vertex 14.9885 -10.767 0
      vertex 14.9742 -10.8242 22.5
      vertex 14.9742 -10.8242 0
    endloop
  endfacet
  facet normal 0.426697 -0.904394 0
    outer loop
      vertex 14.6296 -11.2043 0
      vertex 14.6828 -11.1792 22.5
      vertex 14.6296 -11.2043 22.5
    endloop
  endfacet
  facet normal 0.426697 -0.904394 0
    outer loop
      vertex 14.6828 -11.1792 22.5
      vertex 14.6296 -11.2043 0
      vertex 14.6828 -11.1792 0
    endloop
  endfacet
  facet normal -0.857718 -0.514121 0
    outer loop
      vertex 1.60112 -10.9833 0
      vertex 1.57085 -10.9328 2.5
      vertex 1.57085 -10.9328 0
    endloop
  endfacet
  facet normal -0.857718 -0.514121 0
    outer loop
      vertex 1.57085 -10.9328 2.5
      vertex 1.60112 -10.9833 0
      vertex 1.60112 -10.9833 2.5
    endloop
  endfacet
  facet normal -0.74152 -0.670931 0
    outer loop
      vertex 1.67574 -11.0743 0
      vertex 1.6362 -11.0306 2.5
      vertex 1.6362 -11.0306 0
    endloop
  endfacet
  facet normal -0.74152 -0.670931 0
    outer loop
      vertex 1.6362 -11.0306 2.5
      vertex 1.67574 -11.0743 0
      vertex 1.67574 -11.0743 2.5
    endloop
  endfacet
  facet normal 0.904394 -0.426697 0
    outer loop
      vertex 14.9292 -10.9328 22.5
      vertex 14.9543 -10.8796 0
      vertex 14.9543 -10.8796 22.5
    endloop
  endfacet
  facet normal 0.904394 -0.426697 0
    outer loop
      vertex 14.9543 -10.8796 0
      vertex 14.9292 -10.9328 22.5
      vertex 14.9292 -10.9328 0
    endloop
  endfacet
  facet normal 0.941125 -0.338058 0
    outer loop
      vertex 14.9543 -10.8796 22.5
      vertex 14.9742 -10.8242 0
      vertex 14.9742 -10.8242 22.5
    endloop
  endfacet
  facet normal 0.941125 -0.338058 0
    outer loop
      vertex 14.9742 -10.8242 0
      vertex 14.9543 -10.8796 22.5
      vertex 14.9543 -10.8796 0
    endloop
  endfacet
  facet normal -0.941503 -0.337004 0
    outer loop
      vertex 1.54568 -10.8796 0
      vertex 1.52585 -10.8242 2.5
      vertex 1.52585 -10.8242 0
    endloop
  endfacet
  facet normal -0.941503 -0.337004 0
    outer loop
      vertex 1.52585 -10.8242 2.5
      vertex 1.54568 -10.8796 0
      vertex 1.54568 -10.8796 2.5
    endloop
  endfacet
  facet normal -0.671065 -0.741399 0
    outer loop
      vertex 1.67574 -11.0743 0
      vertex 1.71938 -11.1138 2.5
      vertex 1.67574 -11.0743 2.5
    endloop
  endfacet
  facet normal -0.671065 -0.741399 -0
    outer loop
      vertex 1.71938 -11.1138 2.5
      vertex 1.67574 -11.0743 0
      vertex 1.71938 -11.1138 0
    endloop
  endfacet
  facet normal 0.146179 -0.989258 0
    outer loop
      vertex 14.4588 -11.2471 0
      vertex 14.517 -11.2385 22.5
      vertex 14.4588 -11.2471 22.5
    endloop
  endfacet
  facet normal 0.146179 -0.989258 0
    outer loop
      vertex 14.517 -11.2385 22.5
      vertex 14.4588 -11.2471 0
      vertex 14.517 -11.2385 0
    endloop
  endfacet
  facet normal 0.998786 -0.0492599 0
    outer loop
      vertex 14.9971 -10.7088 22.5
      vertex 15 -10.65 0
      vertex 15 -10.65 22.5
    endloop
  endfacet
  facet normal 0.998786 -0.0492599 0
    outer loop
      vertex 15 -10.65 0
      vertex 14.9971 -10.7088 22.5
      vertex 14.9971 -10.7088 0
    endloop
  endfacet
  facet normal -0.803208 -0.595699 0
    outer loop
      vertex 1.6362 -11.0306 0
      vertex 1.60112 -10.9833 2.5
      vertex 1.60112 -10.9833 0
    endloop
  endfacet
  facet normal -0.803208 -0.595699 0
    outer loop
      vertex 1.60112 -10.9833 2.5
      vertex 1.6362 -11.0306 0
      vertex 1.6362 -11.0306 2.5
    endloop
  endfacet
  facet normal 0.595918 -0.803046 0
    outer loop
      vertex 14.7333 -11.1489 0
      vertex 14.7806 -11.1138 22.5
      vertex 14.7333 -11.1489 22.5
    endloop
  endfacet
  facet normal 0.595918 -0.803046 0
    outer loop
      vertex 14.7806 -11.1138 22.5
      vertex 14.7333 -11.1489 0
      vertex 14.7806 -11.1138 0
    endloop
  endfacet
  facet normal -0.0492515 -0.998786 0
    outer loop
      vertex 2.0412 -11.2471 0
      vertex 2.10001 -11.25 2.5
      vertex 2.0412 -11.2471 2.5
    endloop
  endfacet
  facet normal -0.0492515 -0.998786 -0
    outer loop
      vertex 2.10001 -11.25 2.5
      vertex 2.0412 -11.2471 0
      vertex 2.10001 -11.25 0
    endloop
  endfacet
  facet normal -0.514421 -0.857538 0
    outer loop
      vertex 1.76666 -11.1489 0
      vertex 1.81717 -11.1792 2.5
      vertex 1.76666 -11.1489 2.5
    endloop
  endfacet
  facet normal -0.514421 -0.857538 -0
    outer loop
      vertex 1.81717 -11.1792 2.5
      vertex 1.76666 -11.1489 0
      vertex 1.81717 -11.1792 0
    endloop
  endfacet
  facet normal -0.426566 -0.904456 0
    outer loop
      vertex 1.81717 -11.1792 0
      vertex 1.87039 -11.2043 2.5
      vertex 1.81717 -11.1792 2.5
    endloop
  endfacet
  facet normal -0.426566 -0.904456 -0
    outer loop
      vertex 1.87039 -11.2043 2.5
      vertex 1.81717 -11.1792 0
      vertex 1.87039 -11.2043 0
    endloop
  endfacet
  facet normal -0.59608 -0.802925 0
    outer loop
      vertex 1.71938 -11.1138 0
      vertex 1.76666 -11.1489 2.5
      vertex 1.71938 -11.1138 2.5
    endloop
  endfacet
  facet normal -0.59608 -0.802925 -0
    outer loop
      vertex 1.76666 -11.1489 2.5
      vertex 1.71938 -11.1138 0
      vertex 1.76666 -11.1489 0
    endloop
  endfacet
  facet normal -0.903935 -0.42767 0
    outer loop
      vertex 1.57085 -10.9328 0
      vertex 1.54568 -10.8796 2.5
      vertex 1.54568 -10.8796 0
    endloop
  endfacet
  facet normal -0.903935 -0.42767 0
    outer loop
      vertex 1.54568 -10.8796 2.5
      vertex 1.57085 -10.9328 0
      vertex 1.57085 -10.9328 2.5
    endloop
  endfacet
  facet normal -0.989167 -0.146794 0
    outer loop
      vertex 0.511536 -10.767 3.5
      vertex 0.502899 -10.7088 21
      vertex 0.502899 -10.7088 3.5
    endloop
  endfacet
  facet normal -0.989167 -0.146794 0
    outer loop
      vertex 0.502899 -10.7088 21
      vertex 0.511536 -10.767 3.5
      vertex 0.511536 -10.767 21
    endloop
  endfacet
  facet normal -0.514451 -0.85752 0
    outer loop
      vertex 0.766663 -11.1489 3.5
      vertex 0.817169 -11.1792 21
      vertex 0.766663 -11.1489 21
    endloop
  endfacet
  facet normal -0.514451 -0.85752 -0
    outer loop
      vertex 0.817169 -11.1792 21
      vertex 0.766663 -11.1489 3.5
      vertex 0.817169 -11.1792 3.5
    endloop
  endfacet
  facet normal -0.903987 -0.427559 0
    outer loop
      vertex 0.570847 -10.9328 3.5
      vertex 0.545685 -10.8796 21
      vertex 0.545685 -10.8796 3.5
    endloop
  endfacet
  facet normal -0.903987 -0.427559 0
    outer loop
      vertex 0.545685 -10.8796 21
      vertex 0.570847 -10.9328 3.5
      vertex 0.570847 -10.9328 21
    endloop
  endfacet
  facet normal -1 0 0
    outer loop
      vertex 0.5 -10.65 3.5
      vertex 0.5 -3.25 21
      vertex 0.5 -3.25 3.5
    endloop
  endfacet
  facet normal -1 -0 0
    outer loop
      vertex 0.5 -3.25 21
      vertex 0.5 -10.65 3.5
      vertex 0.5 -10.65 21
    endloop
  endfacet
  facet normal -0.337788 -0.941222 0
    outer loop
      vertex 0.870392 -11.2043 3.5
      vertex 0.925842 -11.2242 21
      vertex 0.870392 -11.2043 21
    endloop
  endfacet
  facet normal -0.337788 -0.941222 -0
    outer loop
      vertex 0.925842 -11.2242 21
      vertex 0.870392 -11.2043 3.5
      vertex 0.925842 -11.2242 3.5
    endloop
  endfacet
  facet normal -0.706677 -0.0348531 -0.706677
    outer loop
      vertex 1.5029 -10.7088 2.5
      vertex 0.5 -10.65 3.5
      vertex 1.5 -10.65 2.5
    endloop
  endfacet
  facet normal -0.706677 -0.0348411 -0.706678
    outer loop
      vertex 0.5 -10.65 3.5
      vertex 1.5029 -10.7088 2.5
      vertex 0.502899 -10.7088 3.5
    endloop
  endfacet
  facet normal -0.595631 -0.538931 -0.595631
    outer loop
      vertex 1.67574 -11.0743 2.5
      vertex 0.6362 -11.0306 3.5
      vertex 1.6362 -11.0306 2.5
    endloop
  endfacet
  facet normal -0.595652 -0.538881 -0.595655
    outer loop
      vertex 0.6362 -11.0306 3.5
      vertex 1.67574 -11.0743 2.5
      vertex 0.675735 -11.0743 3.5
    endloop
  endfacet
  facet normal -0.707107 0 -0.707107
    outer loop
      vertex 1.5 -10.65 2.5
      vertex 0.5 -3.25 3.5
      vertex 1.5 -2.25 2.5
    endloop
  endfacet
  facet normal -0.707107 -0 -0.707107
    outer loop
      vertex 0.5 -3.25 3.5
      vertex 1.5 -10.65 2.5
      vertex 0.5 -10.65 3.5
    endloop
  endfacet
  facet normal -0.857695 -0.514159 0
    outer loop
      vertex 0.60112 -10.9833 3.5
      vertex 0.570847 -10.9328 21
      vertex 0.570847 -10.9328 3.5
    endloop
  endfacet
  facet normal -0.857695 -0.514159 0
    outer loop
      vertex 0.570847 -10.9328 21
      vertex 0.60112 -10.9833 3.5
      vertex 0.60112 -10.9833 21
    endloop
  endfacet
  facet normal -0.998787 -0.0492429 0
    outer loop
      vertex 0.502899 -10.7088 3.5
      vertex 0.5 -10.65 21
      vertex 0.5 -10.65 3.5
    endloop
  endfacet
  facet normal -0.998787 -0.0492429 0
    outer loop
      vertex 0.5 -10.65 21
      vertex 0.502899 -10.7088 3.5
      vertex 0.502899 -10.7088 21
    endloop
  endfacet
  facet normal -0.626219 -0.464435 -0.626219
    outer loop
      vertex 1.6362 -11.0306 2.5
      vertex 0.60112 -10.9833 3.5
      vertex 1.60112 -10.9833 2.5
    endloop
  endfacet
  facet normal -0.626219 -0.464435 -0.626219
    outer loop
      vertex 0.60112 -10.9833 3.5
      vertex 1.6362 -11.0306 2.5
      vertex 0.6362 -11.0306 3.5
    endloop
  endfacet
  facet normal -0.696295 -0.174195 -0.696297
    outer loop
      vertex 1.52585 -10.8242 2.5
      vertex 0.511536 -10.767 3.5
      vertex 1.51154 -10.767 2.5
    endloop
  endfacet
  facet normal -0.696292 -0.174219 -0.696294
    outer loop
      vertex 0.511536 -10.767 3.5
      vertex 1.52585 -10.8242 2.5
      vertex 0.525848 -10.8242 3.5
    endloop
  endfacet
  facet normal -0.236018 -0.942651 -0.236017
    outer loop
      vertex 1.92584 -11.2242 2.5
      vertex 0.982956 -11.2385 3.5
      vertex 0.925842 -11.2242 3.5
    endloop
  endfacet
  facet normal -0.235996 -0.942662 -0.235997
    outer loop
      vertex 0.982956 -11.2385 3.5
      vertex 1.92584 -11.2242 2.5
      vertex 1.98296 -11.2385 2.5
    endloop
  endfacet
  facet normal -0.55722 -0.615637 -0.557223
    outer loop
      vertex 1.67574 -11.0743 2.5
      vertex 0.719376 -11.1138 3.5
      vertex 0.675735 -11.0743 3.5
    endloop
  endfacet
  facet normal -0.557225 -0.615628 -0.557227
    outer loop
      vertex 0.719376 -11.1138 3.5
      vertex 1.67574 -11.0743 2.5
      vertex 1.71938 -11.1138 2.5
    endloop
  endfacet
  facet normal -0.320023 -0.891723 -0.320023
    outer loop
      vertex 1.87039 -11.2043 2.5
      vertex 0.925842 -11.2242 3.5
      vertex 0.870392 -11.2043 3.5
    endloop
  endfacet
  facet normal -0.320023 -0.891723 -0.320023
    outer loop
      vertex 0.925842 -11.2242 3.5
      vertex 1.87039 -11.2043 2.5
      vertex 1.92584 -11.2242 2.5
    endloop
  endfacet
  facet normal -0.670577 -0.317264 -0.670574
    outer loop
      vertex 1.57085 -10.9328 2.5
      vertex 0.545685 -10.8796 3.5
      vertex 1.54568 -10.8796 2.5
    endloop
  endfacet
  facet normal -0.670596 -0.317172 -0.670598
    outer loop
      vertex 0.545685 -10.8796 3.5
      vertex 1.57085 -10.9328 2.5
      vertex 0.570847 -10.9328 3.5
    endloop
  endfacet
  facet normal -0.0492515 -0.998786 0
    outer loop
      vertex 1.0412 -11.2471 3.5
      vertex 1.10001 -11.25 21
      vertex 1.0412 -11.2471 21
    endloop
  endfacet
  facet normal -0.0492515 -0.998786 -0
    outer loop
      vertex 1.10001 -11.25 21
      vertex 1.0412 -11.2471 3.5
      vertex 1.10001 -11.25 3.5
    endloop
  endfacet
  facet normal -0.426547 -0.904466 0
    outer loop
      vertex 0.817169 -11.1792 3.5
      vertex 0.870392 -11.2043 21
      vertex 0.817169 -11.1792 21
    endloop
  endfacet
  facet normal -0.426547 -0.904466 -0
    outer loop
      vertex 0.870392 -11.2043 21
      vertex 0.817169 -11.1792 3.5
      vertex 0.870392 -11.2043 3.5
    endloop
  endfacet
  facet normal -0.511981 -0.689745 -0.511983
    outer loop
      vertex 1.71938 -11.1138 2.5
      vertex 0.766663 -11.1489 3.5
      vertex 0.719376 -11.1138 3.5
    endloop
  endfacet
  facet normal -0.512018 -0.689693 -0.512017
    outer loop
      vertex 0.766663 -11.1489 3.5
      vertex 1.71938 -11.1138 2.5
      vertex 1.76666 -11.1489 2.5
    endloop
  endfacet
  facet normal -0.596023 -0.802967 0
    outer loop
      vertex 0.719376 -11.1138 3.5
      vertex 0.766663 -11.1489 21
      vertex 0.719376 -11.1138 21
    endloop
  endfacet
  facet normal -0.596023 -0.802967 -0
    outer loop
      vertex 0.766663 -11.1489 21
      vertex 0.719376 -11.1138 3.5
      vertex 0.766663 -11.1489 3.5
    endloop
  endfacet
  facet normal -0.651042 -0.390238 -0.651044
    outer loop
      vertex 1.60112 -10.9833 2.5
      vertex 0.570847 -10.9328 3.5
      vertex 1.57085 -10.9328 2.5
    endloop
  endfacet
  facet normal -0.651033 -0.390272 -0.651033
    outer loop
      vertex 0.570847 -10.9328 3.5
      vertex 1.60112 -10.9833 2.5
      vertex 0.60112 -10.9833 3.5
    endloop
  endfacet
  facet normal -0.242879 -0.970057 0
    outer loop
      vertex 0.925842 -11.2242 3.5
      vertex 0.982956 -11.2385 21
      vertex 0.925842 -11.2242 21
    endloop
  endfacet
  facet normal -0.242879 -0.970057 -0
    outer loop
      vertex 0.982956 -11.2385 21
      vertex 0.925842 -11.2242 3.5
      vertex 0.982956 -11.2385 3.5
    endloop
  endfacet
  facet normal -0.970095 -0.242727 0
    outer loop
      vertex 0.525848 -10.8242 3.5
      vertex 0.511536 -10.767 21
      vertex 0.511536 -10.767 3.5
    endloop
  endfacet
  facet normal -0.970095 -0.242727 0
    outer loop
      vertex 0.511536 -10.767 21
      vertex 0.525848 -10.8242 3.5
      vertex 0.525848 -10.8242 21
    endloop
  endfacet
  facet normal -0.803208 -0.595699 0
    outer loop
      vertex 0.6362 -11.0306 3.5
      vertex 0.60112 -10.9833 21
      vertex 0.60112 -10.9833 3.5
    endloop
  endfacet
  facet normal -0.803208 -0.595699 0
    outer loop
      vertex 0.60112 -10.9833 21
      vertex 0.6362 -11.0306 3.5
      vertex 0.6362 -11.0306 21
    endloop
  endfacet
  facet normal -0.703242 -0.104399 -0.703243
    outer loop
      vertex 1.51154 -10.767 2.5
      vertex 0.502899 -10.7088 3.5
      vertex 1.5029 -10.7088 2.5
    endloop
  endfacet
  facet normal -0.703244 -0.104363 -0.703247
    outer loop
      vertex 0.502899 -10.7088 3.5
      vertex 1.51154 -10.767 2.5
      vertex 0.511536 -10.767 3.5
    endloop
  endfacet
  facet normal -0.941466 -0.337109 0
    outer loop
      vertex 0.545685 -10.8796 3.5
      vertex 0.525848 -10.8242 21
      vertex 0.525848 -10.8242 3.5
    endloop
  endfacet
  facet normal -0.941466 -0.337109 0
    outer loop
      vertex 0.525848 -10.8242 21
      vertex 0.545685 -10.8796 3.5
      vertex 0.545685 -10.8796 21
    endloop
  endfacet
  facet normal -0.741562 -0.670884 0
    outer loop
      vertex 0.675735 -11.0743 3.5
      vertex 0.6362 -11.0306 21
      vertex 0.6362 -11.0306 3.5
    endloop
  endfacet
  facet normal -0.741562 -0.670884 0
    outer loop
      vertex 0.6362 -11.0306 21
      vertex 0.675735 -11.0743 3.5
      vertex 0.675735 -11.0743 21
    endloop
  endfacet
  facet normal -0.68549 -0.245366 -0.685492
    outer loop
      vertex 1.54568 -10.8796 2.5
      vertex 0.525848 -10.8242 3.5
      vertex 1.52585 -10.8242 2.5
    endloop
  endfacet
  facet normal -0.685478 -0.245448 -0.685474
    outer loop
      vertex 0.525848 -10.8242 3.5
      vertex 1.54568 -10.8796 2.5
      vertex 0.545685 -10.8796 3.5
    endloop
  endfacet
  facet normal -0.144537 -0.978886 -0.144538
    outer loop
      vertex 1.98296 -11.2385 2.5
      vertex 1.0412 -11.2471 3.5
      vertex 0.982956 -11.2385 3.5
    endloop
  endfacet
  facet normal -0.144547 -0.978883 -0.144547
    outer loop
      vertex 1.0412 -11.2471 3.5
      vertex 1.98296 -11.2385 2.5
      vertex 2.0412 -11.2471 2.5
    endloop
  endfacet
  facet normal -0.0491919 -0.997577 -0.0491919
    outer loop
      vertex 2.0412 -11.2471 2.5
      vertex 1.10001 -11.25 3.5
      vertex 1.0412 -11.2471 3.5
    endloop
  endfacet
  facet normal -0.0491919 -0.997577 -0.0491919
    outer loop
      vertex 1.10001 -11.25 3.5
      vertex 2.0412 -11.2471 2.5
      vertex 2.10001 -11.25 2.5
    endloop
  endfacet
  facet normal -0.671056 -0.741407 0
    outer loop
      vertex 0.675735 -11.0743 3.5
      vertex 0.719376 -11.1138 21
      vertex 0.675735 -11.0743 21
    endloop
  endfacet
  facet normal -0.671056 -0.741407 -0
    outer loop
      vertex 0.719376 -11.1138 21
      vertex 0.675735 -11.0743 3.5
      vertex 0.719376 -11.1138 3.5
    endloop
  endfacet
  facet normal -0.146071 -0.989274 0
    outer loop
      vertex 0.982956 -11.2385 3.5
      vertex 1.0412 -11.2471 21
      vertex 0.982956 -11.2385 21
    endloop
  endfacet
  facet normal -0.146071 -0.989274 -0
    outer loop
      vertex 1.0412 -11.2471 21
      vertex 0.982956 -11.2385 3.5
      vertex 1.0412 -11.2471 3.5
    endloop
  endfacet
  facet normal -0.457464 -0.762531 -0.457463
    outer loop
      vertex 1.76666 -11.1489 2.5
      vertex 0.817169 -11.1792 3.5
      vertex 0.766663 -11.1489 3.5
    endloop
  endfacet
  facet normal -0.457443 -0.762556 -0.457443
    outer loop
      vertex 0.817169 -11.1792 3.5
      vertex 1.76666 -11.1489 2.5
      vertex 1.81717 -11.1792 2.5
    endloop
  endfacet
  facet normal -0.392345 -0.831944 -0.392346
    outer loop
      vertex 1.81717 -11.1792 2.5
      vertex 0.870392 -11.2043 3.5
      vertex 0.817169 -11.1792 3.5
    endloop
  endfacet
  facet normal -0.392361 -0.83193 -0.39236
    outer loop
      vertex 0.870392 -11.2043 3.5
      vertex 1.81717 -11.1792 2.5
      vertex 1.87039 -11.2043 2.5
    endloop
  endfacet
  facet normal -0.514451 -0.85752 0
    outer loop
      vertex 0.266663 -11.1489 21.5
      vertex 0.317169 -11.1792 22.5
      vertex 0.266663 -11.1489 22.5
    endloop
  endfacet
  facet normal -0.514451 -0.85752 -0
    outer loop
      vertex 0.317169 -11.1792 22.5
      vertex 0.266663 -11.1489 21.5
      vertex 0.317169 -11.1792 21.5
    endloop
  endfacet
  facet normal -0.707107 0 -0.707107
    outer loop
      vertex 0.5 -10.65 21
      vertex 0 -3.75 21.5
      vertex 0.5 -3.25 21
    endloop
  endfacet
  facet normal -0.707107 -0 -0.707107
    outer loop
      vertex 0 -3.75 21.5
      vertex 0.5 -10.65 21
      vertex 0 -10.65 21.5
    endloop
  endfacet
  facet normal -0.511982 -0.689746 -0.511982
    outer loop
      vertex 0.719376 -11.1138 21
      vertex 0.266663 -11.1489 21.5
      vertex 0.219376 -11.1138 21.5
    endloop
  endfacet
  facet normal -0.511982 -0.689746 -0.511982
    outer loop
      vertex 0.266663 -11.1489 21.5
      vertex 0.719376 -11.1138 21
      vertex 0.766663 -11.1489 21
    endloop
  endfacet
  facet normal -0.595653 -0.538882 -0.595653
    outer loop
      vertex 0.675735 -11.0743 21
      vertex 0.1362 -11.0306 21.5
      vertex 0.6362 -11.0306 21
    endloop
  endfacet
  facet normal -0.595653 -0.538882 -0.595653
    outer loop
      vertex 0.1362 -11.0306 21.5
      vertex 0.675735 -11.0743 21
      vertex 0.175735 -11.0743 21.5
    endloop
  endfacet
  facet normal -0.670597 -0.317172 -0.670598
    outer loop
      vertex 0.570847 -10.9328 21
      vertex 0.0456848 -10.8796 21.5
      vertex 0.545685 -10.8796 21
    endloop
  endfacet
  facet normal -0.670598 -0.31717 -0.670598
    outer loop
      vertex 0.0456848 -10.8796 21.5
      vertex 0.570847 -10.9328 21
      vertex 0.0708466 -10.9328 21.5
    endloop
  endfacet
  facet normal -0.685477 -0.245448 -0.685476
    outer loop
      vertex 0.545685 -10.8796 21
      vertex 0.0258484 -10.8242 21.5
      vertex 0.525848 -10.8242 21
    endloop
  endfacet
  facet normal -0.685477 -0.245441 -0.685478
    outer loop
      vertex 0.0258484 -10.8242 21.5
      vertex 0.545685 -10.8796 21
      vertex 0.0456848 -10.8796 21.5
    endloop
  endfacet
  facet normal -1 0 0
    outer loop
      vertex 0 -10.65 21.5
      vertex 0 -3.75 22.5
      vertex 0 -3.75 21.5
    endloop
  endfacet
  facet normal -1 -0 0
    outer loop
      vertex 0 -3.75 22.5
      vertex 0 -10.65 21.5
      vertex 0 -10.65 22.5
    endloop
  endfacet
  facet normal -0.337788 -0.941222 0
    outer loop
      vertex 0.370392 -11.2043 21.5
      vertex 0.425842 -11.2242 22.5
      vertex 0.370392 -11.2043 22.5
    endloop
  endfacet
  facet normal -0.337788 -0.941222 -0
    outer loop
      vertex 0.425842 -11.2242 22.5
      vertex 0.370392 -11.2043 21.5
      vertex 0.425842 -11.2242 21.5
    endloop
  endfacet
  facet normal -0.671056 -0.741407 0
    outer loop
      vertex 0.175735 -11.0743 21.5
      vertex 0.219376 -11.1138 22.5
      vertex 0.175735 -11.0743 22.5
    endloop
  endfacet
  facet normal -0.671056 -0.741407 -0
    outer loop
      vertex 0.219376 -11.1138 22.5
      vertex 0.175735 -11.0743 21.5
      vertex 0.219376 -11.1138 21.5
    endloop
  endfacet
  facet normal -0.741562 -0.670884 0
    outer loop
      vertex 0.175735 -11.0743 21.5
      vertex 0.1362 -11.0306 22.5
      vertex 0.1362 -11.0306 21.5
    endloop
  endfacet
  facet normal -0.741562 -0.670884 0
    outer loop
      vertex 0.1362 -11.0306 22.5
      vertex 0.175735 -11.0743 21.5
      vertex 0.175735 -11.0743 22.5
    endloop
  endfacet
  facet normal -0.696293 -0.174219 -0.696293
    outer loop
      vertex 0.525848 -10.8242 21
      vertex 0.0115356 -10.767 21.5
      vertex 0.511536 -10.767 21
    endloop
  endfacet
  facet normal -0.696292 -0.174229 -0.696291
    outer loop
      vertex 0.0115356 -10.767 21.5
      vertex 0.525848 -10.8242 21
      vertex 0.0258484 -10.8242 21.5
    endloop
  endfacet
  facet normal -0.651033 -0.390272 -0.651033
    outer loop
      vertex 0.60112 -10.9833 21
      vertex 0.0708466 -10.9328 21.5
      vertex 0.570847 -10.9328 21
    endloop
  endfacet
  facet normal -0.651032 -0.390276 -0.651032
    outer loop
      vertex 0.0708466 -10.9328 21.5
      vertex 0.60112 -10.9833 21
      vertex 0.10112 -10.9833 21.5
    endloop
  endfacet
  facet normal -0.706677 -0.0348411 -0.706677
    outer loop
      vertex 0.502899 -10.7088 21
      vertex 0 -10.65 21.5
      vertex 0.5 -10.65 21
    endloop
  endfacet
  facet normal -0.706678 -0.0348432 -0.706677
    outer loop
      vertex 0 -10.65 21.5
      vertex 0.502899 -10.7088 21
      vertex 0.00289917 -10.7088 21.5
    endloop
  endfacet
  facet normal -0.049254 -0.998786 0
    outer loop
      vertex 0.541199 -11.2471 21.5
      vertex 0.600006 -11.25 22.5
      vertex 0.541199 -11.2471 22.5
    endloop
  endfacet
  facet normal -0.049254 -0.998786 -0
    outer loop
      vertex 0.600006 -11.25 22.5
      vertex 0.541199 -11.2471 21.5
      vertex 0.600006 -11.25 21.5
    endloop
  endfacet
  facet normal -0.392345 -0.831944 -0.392345
    outer loop
      vertex 0.817169 -11.1792 21
      vertex 0.370392 -11.2043 21.5
      vertex 0.317169 -11.1792 21.5
    endloop
  endfacet
  facet normal -0.392345 -0.831944 -0.392345
    outer loop
      vertex 0.370392 -11.2043 21.5
      vertex 0.817169 -11.1792 21
      vertex 0.870392 -11.2043 21
    endloop
  endfacet
  facet normal -0.236018 -0.942651 -0.236018
    outer loop
      vertex 0.925842 -11.2242 21
      vertex 0.482956 -11.2385 21.5
      vertex 0.425842 -11.2242 21.5
    endloop
  endfacet
  facet normal -0.236018 -0.942651 -0.236018
    outer loop
      vertex 0.482956 -11.2385 21.5
      vertex 0.925842 -11.2242 21
      vertex 0.982956 -11.2385 21
    endloop
  endfacet
  facet normal -0.903989 -0.427556 0
    outer loop
      vertex 0.0708466 -10.9328 21.5
      vertex 0.0456848 -10.8796 22.5
      vertex 0.0456848 -10.8796 21.5
    endloop
  endfacet
  facet normal -0.903989 -0.427556 0
    outer loop
      vertex 0.0456848 -10.8796 22.5
      vertex 0.0708466 -10.9328 21.5
      vertex 0.0708466 -10.9328 22.5
    endloop
  endfacet
  facet normal -0.596023 -0.802967 0
    outer loop
      vertex 0.219376 -11.1138 21.5
      vertex 0.266663 -11.1489 22.5
      vertex 0.219376 -11.1138 22.5
    endloop
  endfacet
  facet normal -0.596023 -0.802967 -0
    outer loop
      vertex 0.266663 -11.1489 22.5
      vertex 0.219376 -11.1138 21.5
      vertex 0.266663 -11.1489 21.5
    endloop
  endfacet
  facet normal -0.989168 -0.146785 0
    outer loop
      vertex 0.0115356 -10.767 21.5
      vertex 0.00289917 -10.7088 22.5
      vertex 0.00289917 -10.7088 21.5
    endloop
  endfacet
  facet normal -0.989168 -0.146785 0
    outer loop
      vertex 0.00289917 -10.7088 22.5
      vertex 0.0115356 -10.767 21.5
      vertex 0.0115356 -10.767 22.5
    endloop
  endfacet
  facet normal -0.703246 -0.104363 -0.703245
    outer loop
      vertex 0.511536 -10.767 21
      vertex 0.00289917 -10.7088 21.5
      vertex 0.502899 -10.7088 21
    endloop
  endfacet
  facet normal -0.703246 -0.104356 -0.703246
    outer loop
      vertex 0.00289917 -10.7088 21.5
      vertex 0.511536 -10.767 21
      vertex 0.0115356 -10.767 21.5
    endloop
  endfacet
  facet normal -0.998787 -0.0492458 0
    outer loop
      vertex 0.00289917 -10.7088 21.5
      vertex 0 -10.65 22.5
      vertex 0 -10.65 21.5
    endloop
  endfacet
  facet normal -0.998787 -0.0492458 0
    outer loop
      vertex 0 -10.65 22.5
      vertex 0.00289917 -10.7088 21.5
      vertex 0.00289917 -10.7088 22.5
    endloop
  endfacet
  facet normal -0.320023 -0.891723 -0.320023
    outer loop
      vertex 0.870392 -11.2043 21
      vertex 0.425842 -11.2242 21.5
      vertex 0.370392 -11.2043 21.5
    endloop
  endfacet
  facet normal -0.320023 -0.891723 -0.320023
    outer loop
      vertex 0.425842 -11.2242 21.5
      vertex 0.870392 -11.2043 21
      vertex 0.925842 -11.2242 21
    endloop
  endfacet
  facet normal -0.557221 -0.615638 -0.557221
    outer loop
      vertex 0.675735 -11.0743 21
      vertex 0.219376 -11.1138 21.5
      vertex 0.175735 -11.0743 21.5
    endloop
  endfacet
  facet normal -0.557221 -0.615638 -0.557221
    outer loop
      vertex 0.219376 -11.1138 21.5
      vertex 0.675735 -11.0743 21
      vertex 0.719376 -11.1138 21
    endloop
  endfacet
  facet normal -0.146073 -0.989274 0
    outer loop
      vertex 0.482956 -11.2385 21.5
      vertex 0.541199 -11.2471 22.5
      vertex 0.482956 -11.2385 22.5
    endloop
  endfacet
  facet normal -0.146073 -0.989274 -0
    outer loop
      vertex 0.541199 -11.2471 22.5
      vertex 0.482956 -11.2385 21.5
      vertex 0.541199 -11.2471 21.5
    endloop
  endfacet
  facet normal -0.857692 -0.514164 0
    outer loop
      vertex 0.10112 -10.9833 21.5
      vertex 0.0708466 -10.9328 22.5
      vertex 0.0708466 -10.9328 21.5
    endloop
  endfacet
  facet normal -0.857692 -0.514164 0
    outer loop
      vertex 0.0708466 -10.9328 22.5
      vertex 0.10112 -10.9833 21.5
      vertex 0.10112 -10.9833 22.5
    endloop
  endfacet
  facet normal -0.626219 -0.464435 -0.626219
    outer loop
      vertex 0.6362 -11.0306 21
      vertex 0.10112 -10.9833 21.5
      vertex 0.60112 -10.9833 21
    endloop
  endfacet
  facet normal -0.626219 -0.464435 -0.626219
    outer loop
      vertex 0.10112 -10.9833 21.5
      vertex 0.6362 -11.0306 21
      vertex 0.1362 -11.0306 21.5
    endloop
  endfacet
  facet normal -0.970091 -0.24274 0
    outer loop
      vertex 0.0258484 -10.8242 21.5
      vertex 0.0115356 -10.767 22.5
      vertex 0.0115356 -10.767 21.5
    endloop
  endfacet
  facet normal -0.970091 -0.24274 0
    outer loop
      vertex 0.0115356 -10.767 22.5
      vertex 0.0258484 -10.8242 21.5
      vertex 0.0258484 -10.8242 22.5
    endloop
  endfacet
  facet normal -0.941469 -0.3371 0
    outer loop
      vertex 0.0456848 -10.8796 21.5
      vertex 0.0258484 -10.8242 22.5
      vertex 0.0258484 -10.8242 21.5
    endloop
  endfacet
  facet normal -0.941469 -0.3371 0
    outer loop
      vertex 0.0258484 -10.8242 22.5
      vertex 0.0456848 -10.8796 21.5
      vertex 0.0456848 -10.8796 22.5
    endloop
  endfacet
  facet normal -0.803208 -0.595699 0
    outer loop
      vertex 0.1362 -11.0306 21.5
      vertex 0.10112 -10.9833 22.5
      vertex 0.10112 -10.9833 21.5
    endloop
  endfacet
  facet normal -0.803208 -0.595699 0
    outer loop
      vertex 0.10112 -10.9833 22.5
      vertex 0.1362 -11.0306 21.5
      vertex 0.1362 -11.0306 22.5
    endloop
  endfacet
  facet normal -0.0491944 -0.997577 -0.0491945
    outer loop
      vertex 1.0412 -11.2471 21
      vertex 0.600006 -11.25 21.5
      vertex 0.541199 -11.2471 21.5
    endloop
  endfacet
  facet normal -0.0491919 -0.997577 -0.0491923
    outer loop
      vertex 0.600006 -11.25 21.5
      vertex 1.0412 -11.2471 21
      vertex 1.10001 -11.25 21
    endloop
  endfacet
  facet normal -0.426547 -0.904466 0
    outer loop
      vertex 0.317169 -11.1792 21.5
      vertex 0.370392 -11.2043 22.5
      vertex 0.317169 -11.1792 22.5
    endloop
  endfacet
  facet normal -0.426547 -0.904466 -0
    outer loop
      vertex 0.370392 -11.2043 22.5
      vertex 0.317169 -11.1792 21.5
      vertex 0.370392 -11.2043 21.5
    endloop
  endfacet
  facet normal -0.242879 -0.970057 0
    outer loop
      vertex 0.425842 -11.2242 21.5
      vertex 0.482956 -11.2385 22.5
      vertex 0.425842 -11.2242 22.5
    endloop
  endfacet
  facet normal -0.242879 -0.970057 -0
    outer loop
      vertex 0.482956 -11.2385 22.5
      vertex 0.425842 -11.2242 21.5
      vertex 0.482956 -11.2385 21.5
    endloop
  endfacet
  facet normal -0.14454 -0.978885 -0.14454
    outer loop
      vertex 0.982956 -11.2385 21
      vertex 0.541199 -11.2471 21.5
      vertex 0.482956 -11.2385 21.5
    endloop
  endfacet
  facet normal -0.144537 -0.978886 -0.144537
    outer loop
      vertex 0.541199 -11.2471 21.5
      vertex 0.982956 -11.2385 21
      vertex 1.0412 -11.2471 21
    endloop
  endfacet
  facet normal -0.457464 -0.762531 -0.457464
    outer loop
      vertex 0.766663 -11.1489 21
      vertex 0.317169 -11.1792 21.5
      vertex 0.266663 -11.1489 21.5
    endloop
  endfacet
  facet normal -0.457464 -0.762531 -0.457464
    outer loop
      vertex 0.317169 -11.1792 21.5
      vertex 0.766663 -11.1489 21
      vertex 0.817169 -11.1792 21
    endloop
  endfacet
  facet normal -1 0 0
    outer loop
      vertex -0.25 -2.75 3.75
      vertex -0.25 -3.25 3.75
      vertex -0.25 -2.75 20
    endloop
  endfacet
  facet normal -1 0 0
    outer loop
      vertex -0.25 -2.75 20
      vertex -0.25 -2.35 20.75
      vertex -0.25 -2.35 20
    endloop
  endfacet
  facet normal -1 0 0
    outer loop
      vertex -0.25 -2.75 20
      vertex -0.25 -3.25 20.75
      vertex -0.25 -2.35 20.75
    endloop
  endfacet
  facet normal -1 0 0
    outer loop
      vertex -0.25 -3.25 20.75
      vertex -0.25 -2.75 20
      vertex -0.25 -3.25 3.75
    endloop
  endfacet
  facet normal 0 0 -1
    outer loop
      vertex -14.4 -3.25 20.75
      vertex -0.25 -2.35 20.75
      vertex -0.25 -3.25 20.75
    endloop
  endfacet
  facet normal 0 0 -1
    outer loop
      vertex -14.75 -2.35 20.75
      vertex -14.4 -3.25 20.75
      vertex -14.4588 -3.2471 20.75
    endloop
  endfacet
  facet normal 0 0 -1
    outer loop
      vertex -14.75 -2.35 20.75
      vertex -14.4588 -3.2471 20.75
      vertex -14.517 -3.23846 20.75
    endloop
  endfacet
  facet normal 0 0 -1
    outer loop
      vertex -14.75 -2.35 20.75
      vertex -14.517 -3.23846 20.75
      vertex -14.5742 -3.22415 20.75
    endloop
  endfacet
  facet normal 0 0 -1
    outer loop
      vertex -14.75 -2.35 20.75
      vertex -14.5742 -3.22415 20.75
      vertex -14.6296 -3.20432 20.75
    endloop
  endfacet
  facet normal 0 0 -1
    outer loop
      vertex -14.75 -2.35 20.75
      vertex -14.6296 -3.20432 20.75
      vertex -14.6828 -3.17915 20.75
    endloop
  endfacet
  facet normal 0 0 -1
    outer loop
      vertex -14.75 -3.13652 20.75
      vertex -14.6828 -3.17915 20.75
      vertex -14.7333 -3.14888 20.75
    endloop
  endfacet
  facet normal 0 0 -1
    outer loop
      vertex -14.6828 -3.17915 20.75
      vertex -14.75 -3.13652 20.75
      vertex -14.75 -2.35 20.75
    endloop
  endfacet
  facet normal 0 0 -1
    outer loop
      vertex -14.4 -3.25 20.75
      vertex -14.75 -2.35 20.75
      vertex -0.25 -2.35 20.75
    endloop
  endfacet
  facet normal 0 0 1
    outer loop
      vertex -0.25 -2.75 3.75
      vertex -14.4 -3.25 3.75
      vertex -0.25 -3.25 3.75
    endloop
  endfacet
  facet normal -0 0 1
    outer loop
      vertex -14.75 -2.75 3.75
      vertex -14.4 -3.25 3.75
      vertex -0.25 -2.75 3.75
    endloop
  endfacet
  facet normal 0 0 1
    outer loop
      vertex -14.4 -3.25 3.75
      vertex -14.75 -2.75 3.75
      vertex -14.4588 -3.2471 3.75
    endloop
  endfacet
  facet normal 0 0 1
    outer loop
      vertex -14.4588 -3.2471 3.75
      vertex -14.75 -2.75 3.75
      vertex -14.517 -3.23846 3.75
    endloop
  endfacet
  facet normal 0 0 1
    outer loop
      vertex -14.517 -3.23846 3.75
      vertex -14.75 -2.75 3.75
      vertex -14.5742 -3.22415 3.75
    endloop
  endfacet
  facet normal 0 0 1
    outer loop
      vertex -14.5742 -3.22415 3.75
      vertex -14.75 -2.75 3.75
      vertex -14.6296 -3.20432 3.75
    endloop
  endfacet
  facet normal 0 0 1
    outer loop
      vertex -14.6296 -3.20432 3.75
      vertex -14.75 -2.75 3.75
      vertex -14.6828 -3.17915 3.75
    endloop
  endfacet
  facet normal 0 0 1
    outer loop
      vertex -14.6828 -3.17915 3.75
      vertex -14.75 -2.75 3.75
      vertex -14.7333 -3.14888 3.75
    endloop
  endfacet
  facet normal 0 0 1
    outer loop
      vertex -14.7333 -3.14888 3.75
      vertex -14.75 -2.75 3.75
      vertex -14.75 -3.13652 3.75
    endloop
  endfacet
  facet normal 1 0 0
    outer loop
      vertex -14.75 -2.35 20.75
      vertex -14.75 -2.75 20
      vertex -14.75 -2.35 20
    endloop
  endfacet
  facet normal 1 -0 0
    outer loop
      vertex -14.75 -3.13652 20.75
      vertex -14.75 -2.75 20
      vertex -14.75 -2.35 20.75
    endloop
  endfacet
  facet normal 1 0 0
    outer loop
      vertex -14.75 -3.13652 3.75
      vertex -14.75 -2.75 20
      vertex -14.75 -3.13652 20.75
    endloop
  endfacet
  facet normal 1 0 0
    outer loop
      vertex -14.75 -2.75 20
      vertex -14.75 -3.13652 3.75
      vertex -14.75 -2.75 3.75
    endloop
  endfacet
  facet normal 0 -1 0
    outer loop
      vertex -14.75 -2.75 3.75
      vertex -0.25 -2.75 20
      vertex -14.75 -2.75 20
    endloop
  endfacet
  facet normal 0 -1 -0
    outer loop
      vertex -0.25 -2.75 20
      vertex -14.75 -2.75 3.75
      vertex -0.25 -2.75 3.75
    endloop
  endfacet
  facet normal -0 0 1
    outer loop
      vertex -14.75 -2.35 20
      vertex -0.25 -2.75 20
      vertex -0.25 -2.35 20
    endloop
  endfacet
  facet normal 0 0 1
    outer loop
      vertex -0.25 -2.75 20
      vertex -14.75 -2.35 20
      vertex -14.75 -2.75 20
    endloop
  endfacet
  facet normal 0 -1 0
    outer loop
      vertex -14.75 -2.35 20
      vertex -0.25 -2.35 20.75
      vertex -14.75 -2.35 20.75
    endloop
  endfacet
  facet normal 0 -1 -0
    outer loop
      vertex -0.25 -2.35 20.75
      vertex -14.75 -2.35 20
      vertex -0.25 -2.35 20
    endloop
  endfacet
  facet normal 0 1 0
    outer loop
      vertex 1 4 20
      vertex 1.4 4 20.75
      vertex 1.4 4 20
    endloop
  endfacet
  facet normal 0 1 0
    outer loop
      vertex 1.4 4 20.75
      vertex 1 4 20
      vertex 0.400001 4 20.75
    endloop
  endfacet
  facet normal 0 1 0
    outer loop
      vertex 0.400001 4 3.75
      vertex 1 4 20
      vertex 1 4 3.75
    endloop
  endfacet
  facet normal 0 1 0
    outer loop
      vertex 1 4 20
      vertex 0.400001 4 3.75
      vertex 0.400001 4 20.75
    endloop
  endfacet
  facet normal 0 0 -1
    outer loop
      vertex 0.400001 4 20.75
      vertex 1.4 11 20.75
      vertex 1.4 4 20.75
    endloop
  endfacet
  facet normal -0 0 -1
    outer loop
      vertex 1.4 11 20.75
      vertex 0.400001 4 20.75
      vertex 0.400001 11 20.75
    endloop
  endfacet
  facet normal -0 0 1
    outer loop
      vertex 0.400001 11 3.75
      vertex 1 4 3.75
      vertex 1 11 3.75
    endloop
  endfacet
  facet normal 0 0 1
    outer loop
      vertex 1 4 3.75
      vertex 0.400001 11 3.75
      vertex 0.400001 4 3.75
    endloop
  endfacet
  facet normal 0 -1 0
    outer loop
      vertex 0.400001 11 20.75
      vertex 1 11 20
      vertex 1.4 11 20.75
    endloop
  endfacet
  facet normal 0 -1 0
    outer loop
      vertex 0.400001 11 3.75
      vertex 1 11 20
      vertex 0.400001 11 20.75
    endloop
  endfacet
  facet normal 0 -1 -0
    outer loop
      vertex 1 11 20
      vertex 0.400001 11 3.75
      vertex 1 11 3.75
    endloop
  endfacet
  facet normal 0 -1 -0
    outer loop
      vertex 1.4 11 20.75
      vertex 1 11 20
      vertex 1.4 11 20
    endloop
  endfacet
  facet normal -1 0 0
    outer loop
      vertex 1 4 3.75
      vertex 1 11 20
      vertex 1 11 3.75
    endloop
  endfacet
  facet normal -1 -0 0
    outer loop
      vertex 1 11 20
      vertex 1 4 3.75
      vertex 1 4 20
    endloop
  endfacet
  facet normal 1 -0 0
    outer loop
      vertex 0.400001 4 20.75
      vertex 0.400001 11 3.75
      vertex 0.400001 11 20.75
    endloop
  endfacet
  facet normal 1 0 0
    outer loop
      vertex 0.400001 11 3.75
      vertex 0.400001 4 20.75
      vertex 0.400001 4 3.75
    endloop
  endfacet
  facet normal -0 0 1
    outer loop
      vertex 1 11 20
      vertex 1.4 4 20
      vertex 1.4 11 20
    endloop
  endfacet
  facet normal 0 0 1
    outer loop
      vertex 1.4 4 20
      vertex 1 11 20
      vertex 1 4 20
    endloop
  endfacet
  facet normal -1 0 0
    outer loop
      vertex 1.4 4 20
      vertex 1.4 11 20.75
      vertex 1.4 11 20
    endloop
  endfacet
  facet normal -1 -0 0
    outer loop
      vertex 1.4 11 20.75
      vertex 1.4 4 20
      vertex 1.4 4 20.75
    endloop
  endfacet
  facet normal 0.989175 -0.146741 0
    outer loop
      vertex -9.63965 4.71074 2.2
      vertex -9.60869 4.91944 0
      vertex -9.60869 4.91944 2.2
    endloop
  endfacet
  facet normal 0.989175 -0.146741 0
    outer loop
      vertex -9.60869 4.91944 0
      vertex -9.63965 4.71074 2.2
      vertex -9.63965 4.71074 0
    endloop
  endfacet
  facet normal -0.989175 -0.146741 0
    outer loop
      vertex -5.36035 4.71074 0
      vertex -5.39131 4.91944 2.2
      vertex -5.39131 4.91944 0
    endloop
  endfacet
  facet normal -0.989175 -0.146741 0
    outer loop
      vertex -5.39131 4.91944 2.2
      vertex -5.36035 4.71074 0
      vertex -5.36035 4.71074 2.2
    endloop
  endfacet
  facet normal -0.998796 -0.0490535 0
    outer loop
      vertex -5.35 4.5 0
      vertex -5.36035 4.71074 2.2
      vertex -5.36035 4.71074 0
    endloop
  endfacet
  facet normal -0.998796 -0.0490535 0
    outer loop
      vertex -5.36035 4.71074 2.2
      vertex -5.35 4.5 0
      vertex -5.35 4.5 2.2
    endloop
  endfacet
  facet normal -0.970028 -0.242993 0
    outer loop
      vertex -5.39131 4.91944 0
      vertex -5.44258 5.12411 2.2
      vertex -5.44258 5.12411 0
    endloop
  endfacet
  facet normal -0.970028 -0.242993 0
    outer loop
      vertex -5.44258 5.12411 2.2
      vertex -5.39131 4.91944 0
      vertex -5.39131 4.91944 2.2
    endloop
  endfacet
  facet normal -0.671561 -0.740949 0
    outer loop
      vertex -6.13605 6.16197 0
      vertex -5.97972 6.02028 2.2
      vertex -6.13605 6.16197 2.2
    endloop
  endfacet
  facet normal -0.671561 -0.740949 -0
    outer loop
      vertex -5.97972 6.02028 2.2
      vertex -6.13605 6.16197 0
      vertex -5.97972 6.02028 0
    endloop
  endfacet
  facet normal 0.146741 -0.989175 0
    outer loop
      vertex -7.91944 6.60869 0
      vertex -7.71074 6.63965 2.2
      vertex -7.91944 6.60869 2.2
    endloop
  endfacet
  facet normal 0.146741 -0.989175 0
    outer loop
      vertex -7.71074 6.63965 2.2
      vertex -7.91944 6.60869 0
      vertex -7.71074 6.63965 0
    endloop
  endfacet
  facet normal -0.803202 -0.595707 0
    outer loop
      vertex -5.71234 5.69448 0
      vertex -5.83803 5.86395 2.2
      vertex -5.83803 5.86395 0
    endloop
  endfacet
  facet normal -0.803202 -0.595707 0
    outer loop
      vertex -5.83803 5.86395 2.2
      vertex -5.71234 5.69448 0
      vertex -5.71234 5.69448 2.2
    endloop
  endfacet
  facet normal 0.514084 0.85774 -0
    outer loop
      vertex -8.5135 2.60387 0
      vertex -8.69448 2.71234 2.2
      vertex -8.5135 2.60387 2.2
    endloop
  endfacet
  facet normal 0.514084 0.85774 0
    outer loop
      vertex -8.69448 2.71234 2.2
      vertex -8.5135 2.60387 0
      vertex -8.69448 2.71234 0
    endloop
  endfacet
  facet normal -0.595707 -0.803202 0
    outer loop
      vertex -6.30552 6.28766 0
      vertex -6.13605 6.16197 2.2
      vertex -6.30552 6.28766 2.2
    endloop
  endfacet
  facet normal -0.595707 -0.803202 -0
    outer loop
      vertex -6.13605 6.16197 2.2
      vertex -6.30552 6.28766 0
      vertex -6.13605 6.16197 0
    endloop
  endfacet
  facet normal -0.998796 0.0490535 0
    outer loop
      vertex -5.36035 4.28926 0
      vertex -5.35 4.5 2.2
      vertex -5.35 4.5 0
    endloop
  endfacet
  facet normal -0.998796 0.0490535 0
    outer loop
      vertex -5.35 4.5 2.2
      vertex -5.36035 4.28926 0
      vertex -5.36035 4.28926 2.2
    endloop
  endfacet
  facet normal 0.242993 -0.970028 0
    outer loop
      vertex -8.12411 6.55742 0
      vertex -7.91944 6.60869 2.2
      vertex -8.12411 6.55742 2.2
    endloop
  endfacet
  facet normal 0.242993 -0.970028 0
    outer loop
      vertex -7.91944 6.60869 2.2
      vertex -8.12411 6.55742 0
      vertex -7.91944 6.60869 0
    endloop
  endfacet
  facet normal -0.427561 -0.903987 0
    outer loop
      vertex -6.67723 6.48634 0
      vertex -6.4865 6.39613 2.2
      vertex -6.67723 6.48634 2.2
    endloop
  endfacet
  facet normal -0.427561 -0.903987 -0
    outer loop
      vertex -6.4865 6.39613 2.2
      vertex -6.67723 6.48634 0
      vertex -6.4865 6.39613 0
    endloop
  endfacet
  facet normal 0.803202 -0.595707 0
    outer loop
      vertex -9.28766 5.69448 2.2
      vertex -9.16197 5.86395 0
      vertex -9.16197 5.86395 2.2
    endloop
  endfacet
  facet normal 0.803202 -0.595707 0
    outer loop
      vertex -9.16197 5.86395 0
      vertex -9.28766 5.69448 2.2
      vertex -9.28766 5.69448 0
    endloop
  endfacet
  facet normal 0.427561 -0.903987 0
    outer loop
      vertex -8.5135 6.39613 0
      vertex -8.32277 6.48634 2.2
      vertex -8.5135 6.39613 2.2
    endloop
  endfacet
  facet normal 0.427561 -0.903987 0
    outer loop
      vertex -8.32277 6.48634 2.2
      vertex -8.5135 6.39613 0
      vertex -8.32277 6.48634 0
    endloop
  endfacet
  facet normal -0.671561 0.740949 0
    outer loop
      vertex -5.97972 2.97972 0
      vertex -6.13605 2.83803 2.2
      vertex -5.97972 2.97972 2.2
    endloop
  endfacet
  facet normal -0.671561 0.740949 0
    outer loop
      vertex -6.13605 2.83803 2.2
      vertex -5.97972 2.97972 0
      vertex -6.13605 2.83803 0
    endloop
  endfacet
  facet normal 0.671561 0.740949 -0
    outer loop
      vertex -8.86395 2.83803 0
      vertex -9.02028 2.97972 2.2
      vertex -8.86395 2.83803 2.2
    endloop
  endfacet
  facet normal 0.671561 0.740949 0
    outer loop
      vertex -9.02028 2.97972 2.2
      vertex -8.86395 2.83803 0
      vertex -9.02028 2.97972 0
    endloop
  endfacet
  facet normal -0.427561 0.903987 0
    outer loop
      vertex -6.4865 2.60387 0
      vertex -6.67723 2.51366 2.2
      vertex -6.4865 2.60387 2.2
    endloop
  endfacet
  facet normal -0.427561 0.903987 0
    outer loop
      vertex -6.67723 2.51366 2.2
      vertex -6.4865 2.60387 0
      vertex -6.67723 2.51366 0
    endloop
  endfacet
  facet normal -0.336883 0.941547 0
    outer loop
      vertex -6.67723 2.51366 0
      vertex -6.87589 2.44258 2.2
      vertex -6.67723 2.51366 2.2
    endloop
  endfacet
  facet normal -0.336883 0.941547 0
    outer loop
      vertex -6.87589 2.44258 2.2
      vertex -6.67723 2.51366 0
      vertex -6.87589 2.44258 0
    endloop
  endfacet
  facet normal -0.0490535 -0.998796 0
    outer loop
      vertex -7.5 6.65 0
      vertex -7.28926 6.63965 2.2
      vertex -7.5 6.65 2.2
    endloop
  endfacet
  facet normal -0.0490535 -0.998796 -0
    outer loop
      vertex -7.28926 6.63965 2.2
      vertex -7.5 6.65 0
      vertex -7.28926 6.63965 0
    endloop
  endfacet
  facet normal 0.989176 0.146734 0
    outer loop
      vertex -9.60869 4.08055 2.2
      vertex -9.63965 4.28926 0
      vertex -9.63965 4.28926 2.2
    endloop
  endfacet
  facet normal 0.989176 0.146734 0
    outer loop
      vertex -9.63965 4.28926 0
      vertex -9.60869 4.08055 2.2
      vertex -9.60869 4.08055 0
    endloop
  endfacet
  facet normal 0.970028 -0.242993 0
    outer loop
      vertex -9.60869 4.91944 2.2
      vertex -9.55742 5.12411 0
      vertex -9.55742 5.12411 2.2
    endloop
  endfacet
  facet normal 0.970028 -0.242993 0
    outer loop
      vertex -9.55742 5.12411 0
      vertex -9.60869 4.91944 2.2
      vertex -9.60869 4.91944 0
    endloop
  endfacet
  facet normal 0.0490535 -0.998796 0
    outer loop
      vertex -7.71074 6.63965 0
      vertex -7.5 6.65 2.2
      vertex -7.71074 6.63965 2.2
    endloop
  endfacet
  facet normal 0.0490535 -0.998796 0
    outer loop
      vertex -7.5 6.65 2.2
      vertex -7.71074 6.63965 0
      vertex -7.5 6.65 0
    endloop
  endfacet
  facet normal -0.243004 0.970025 0
    outer loop
      vertex -6.87589 2.44258 0
      vertex -7.08055 2.39131 2.2
      vertex -6.87589 2.44258 2.2
    endloop
  endfacet
  facet normal -0.243004 0.970025 0
    outer loop
      vertex -7.08055 2.39131 2.2
      vertex -6.87589 2.44258 0
      vertex -7.08055 2.39131 0
    endloop
  endfacet
  facet normal -0.85774 0.514084 0
    outer loop
      vertex -5.71234 3.30552 0
      vertex -5.60387 3.4865 2.2
      vertex -5.60387 3.4865 0
    endloop
  endfacet
  facet normal -0.85774 0.514084 0
    outer loop
      vertex -5.60387 3.4865 2.2
      vertex -5.71234 3.30552 0
      vertex -5.71234 3.30552 2.2
    endloop
  endfacet
  facet normal 0.514084 -0.85774 0
    outer loop
      vertex -8.69448 6.28766 0
      vertex -8.5135 6.39613 2.2
      vertex -8.69448 6.28766 2.2
    endloop
  endfacet
  facet normal 0.514084 -0.85774 0
    outer loop
      vertex -8.5135 6.39613 2.2
      vertex -8.69448 6.28766 0
      vertex -8.5135 6.39613 0
    endloop
  endfacet
  facet normal 0.803202 0.595707 0
    outer loop
      vertex -9.16197 3.13605 2.2
      vertex -9.28766 3.30552 0
      vertex -9.28766 3.30552 2.2
    endloop
  endfacet
  facet normal 0.803202 0.595707 0
    outer loop
      vertex -9.28766 3.30552 0
      vertex -9.16197 3.13605 2.2
      vertex -9.16197 3.13605 0
    endloop
  endfacet
  facet normal 0.146741 0.989175 -0
    outer loop
      vertex -7.71074 2.36035 0
      vertex -7.91944 2.39131 2.2
      vertex -7.71074 2.36035 2.2
    endloop
  endfacet
  facet normal 0.146741 0.989175 0
    outer loop
      vertex -7.91944 2.39131 2.2
      vertex -7.71074 2.36035 0
      vertex -7.91944 2.39131 0
    endloop
  endfacet
  facet normal -0.336883 -0.941547 0
    outer loop
      vertex -6.87589 6.55742 0
      vertex -6.67723 6.48634 2.2
      vertex -6.87589 6.55742 2.2
    endloop
  endfacet
  facet normal -0.336883 -0.941547 -0
    outer loop
      vertex -6.67723 6.48634 2.2
      vertex -6.87589 6.55742 0
      vertex -6.67723 6.48634 0
    endloop
  endfacet
  facet normal -0.595707 0.803202 0
    outer loop
      vertex -6.13605 2.83803 0
      vertex -6.30552 2.71234 2.2
      vertex -6.13605 2.83803 2.2
    endloop
  endfacet
  facet normal -0.595707 0.803202 0
    outer loop
      vertex -6.30552 2.71234 2.2
      vertex -6.13605 2.83803 0
      vertex -6.30552 2.71234 0
    endloop
  endfacet
  facet normal -0.514084 0.85774 0
    outer loop
      vertex -6.30552 2.71234 0
      vertex -6.4865 2.60387 2.2
      vertex -6.30552 2.71234 2.2
    endloop
  endfacet
  facet normal -0.514084 0.85774 0
    outer loop
      vertex -6.4865 2.60387 2.2
      vertex -6.30552 2.71234 0
      vertex -6.4865 2.60387 0
    endloop
  endfacet
  facet normal -0.970025 0.243004 0
    outer loop
      vertex -5.44258 3.87589 0
      vertex -5.39131 4.08055 2.2
      vertex -5.39131 4.08055 0
    endloop
  endfacet
  facet normal -0.970025 0.243004 0
    outer loop
      vertex -5.39131 4.08055 2.2
      vertex -5.44258 3.87589 0
      vertex -5.44258 3.87589 2.2
    endloop
  endfacet
  facet normal 0.336883 -0.941547 0
    outer loop
      vertex -8.32277 6.48634 0
      vertex -8.12411 6.55742 2.2
      vertex -8.32277 6.48634 2.2
    endloop
  endfacet
  facet normal 0.336883 -0.941547 0
    outer loop
      vertex -8.12411 6.55742 2.2
      vertex -8.32277 6.48634 0
      vertex -8.12411 6.55742 0
    endloop
  endfacet
  facet normal -0.903987 -0.427561 0
    outer loop
      vertex -5.51366 5.32277 0
      vertex -5.60387 5.5135 2.2
      vertex -5.60387 5.5135 0
    endloop
  endfacet
  facet normal -0.903987 -0.427561 0
    outer loop
      vertex -5.60387 5.5135 2.2
      vertex -5.51366 5.32277 0
      vertex -5.51366 5.32277 2.2
    endloop
  endfacet
  facet normal 0.970025 0.243004 0
    outer loop
      vertex -9.55742 3.87589 2.2
      vertex -9.60869 4.08055 0
      vertex -9.60869 4.08055 2.2
    endloop
  endfacet
  facet normal 0.970025 0.243004 0
    outer loop
      vertex -9.60869 4.08055 0
      vertex -9.55742 3.87589 2.2
      vertex -9.55742 3.87589 0
    endloop
  endfacet
  facet normal 0.941547 0.336883 0
    outer loop
      vertex -9.48634 3.67723 2.2
      vertex -9.55742 3.87589 0
      vertex -9.55742 3.87589 2.2
    endloop
  endfacet
  facet normal 0.941547 0.336883 0
    outer loop
      vertex -9.55742 3.87589 0
      vertex -9.48634 3.67723 2.2
      vertex -9.48634 3.67723 0
    endloop
  endfacet
  facet normal -0.146734 -0.989176 0
    outer loop
      vertex -7.28926 6.63965 0
      vertex -7.08055 6.60869 2.2
      vertex -7.28926 6.63965 2.2
    endloop
  endfacet
  facet normal -0.146734 -0.989176 -0
    outer loop
      vertex -7.08055 6.60869 2.2
      vertex -7.28926 6.63965 0
      vertex -7.08055 6.60869 0
    endloop
  endfacet
  facet normal 0.671561 -0.740949 0
    outer loop
      vertex -9.02028 6.02028 0
      vertex -8.86395 6.16197 2.2
      vertex -9.02028 6.02028 2.2
    endloop
  endfacet
  facet normal 0.671561 -0.740949 0
    outer loop
      vertex -8.86395 6.16197 2.2
      vertex -9.02028 6.02028 0
      vertex -8.86395 6.16197 0
    endloop
  endfacet
  facet normal -0.803202 0.595707 0
    outer loop
      vertex -5.83803 3.13605 0
      vertex -5.71234 3.30552 2.2
      vertex -5.71234 3.30552 0
    endloop
  endfacet
  facet normal -0.803202 0.595707 0
    outer loop
      vertex -5.71234 3.30552 2.2
      vertex -5.83803 3.13605 0
      vertex -5.83803 3.13605 2.2
    endloop
  endfacet
  facet normal -0.941547 -0.336883 0
    outer loop
      vertex -5.44258 5.12411 0
      vertex -5.51366 5.32277 2.2
      vertex -5.51366 5.32277 0
    endloop
  endfacet
  facet normal -0.941547 -0.336883 0
    outer loop
      vertex -5.51366 5.32277 2.2
      vertex -5.44258 5.12411 0
      vertex -5.44258 5.12411 2.2
    endloop
  endfacet
  facet normal 0.941547 -0.336883 0
    outer loop
      vertex -9.55742 5.12411 2.2
      vertex -9.48634 5.32277 0
      vertex -9.48634 5.32277 2.2
    endloop
  endfacet
  facet normal 0.941547 -0.336883 0
    outer loop
      vertex -9.48634 5.32277 0
      vertex -9.55742 5.12411 2.2
      vertex -9.55742 5.12411 0
    endloop
  endfacet
  facet normal -0.514084 -0.85774 0
    outer loop
      vertex -6.4865 6.39613 0
      vertex -6.30552 6.28766 2.2
      vertex -6.4865 6.39613 2.2
    endloop
  endfacet
  facet normal -0.514084 -0.85774 -0
    outer loop
      vertex -6.30552 6.28766 2.2
      vertex -6.4865 6.39613 0
      vertex -6.30552 6.28766 0
    endloop
  endfacet
  facet normal 0.242993 0.970028 -0
    outer loop
      vertex -7.91944 2.39131 0
      vertex -8.12411 2.44258 2.2
      vertex -7.91944 2.39131 2.2
    endloop
  endfacet
  facet normal 0.242993 0.970028 0
    outer loop
      vertex -8.12411 2.44258 2.2
      vertex -7.91944 2.39131 0
      vertex -8.12411 2.44258 0
    endloop
  endfacet
  facet normal 0.595707 -0.803202 0
    outer loop
      vertex -8.86395 6.16197 0
      vertex -8.69448 6.28766 2.2
      vertex -8.86395 6.16197 2.2
    endloop
  endfacet
  facet normal 0.595707 -0.803202 0
    outer loop
      vertex -8.69448 6.28766 2.2
      vertex -8.86395 6.16197 0
      vertex -8.69448 6.28766 0
    endloop
  endfacet
  facet normal -0.85774 -0.514084 0
    outer loop
      vertex -5.60387 5.5135 0
      vertex -5.71234 5.69448 2.2
      vertex -5.71234 5.69448 0
    endloop
  endfacet
  facet normal -0.85774 -0.514084 0
    outer loop
      vertex -5.71234 5.69448 2.2
      vertex -5.60387 5.5135 0
      vertex -5.60387 5.5135 2.2
    endloop
  endfacet
  facet normal 0.740949 0.671561 0
    outer loop
      vertex -9.02028 2.97972 2.2
      vertex -9.16197 3.13605 0
      vertex -9.16197 3.13605 2.2
    endloop
  endfacet
  facet normal 0.740949 0.671561 0
    outer loop
      vertex -9.16197 3.13605 0
      vertex -9.02028 2.97972 2.2
      vertex -9.02028 2.97972 0
    endloop
  endfacet
  facet normal -0.989176 0.146734 0
    outer loop
      vertex -5.39131 4.08055 0
      vertex -5.36035 4.28926 2.2
      vertex -5.36035 4.28926 0
    endloop
  endfacet
  facet normal -0.989176 0.146734 0
    outer loop
      vertex -5.36035 4.28926 2.2
      vertex -5.39131 4.08055 0
      vertex -5.39131 4.08055 2.2
    endloop
  endfacet
  facet normal -0.740949 -0.671561 0
    outer loop
      vertex -5.83803 5.86395 0
      vertex -5.97972 6.02028 2.2
      vertex -5.97972 6.02028 0
    endloop
  endfacet
  facet normal -0.740949 -0.671561 0
    outer loop
      vertex -5.97972 6.02028 2.2
      vertex -5.83803 5.86395 0
      vertex -5.83803 5.86395 2.2
    endloop
  endfacet
  facet normal 0.903987 -0.427561 0
    outer loop
      vertex -9.48634 5.32277 2.2
      vertex -9.39613 5.5135 0
      vertex -9.39613 5.5135 2.2
    endloop
  endfacet
  facet normal 0.903987 -0.427561 0
    outer loop
      vertex -9.39613 5.5135 0
      vertex -9.48634 5.32277 2.2
      vertex -9.48634 5.32277 0
    endloop
  endfacet
  facet normal 0.740949 -0.671561 0
    outer loop
      vertex -9.16197 5.86395 2.2
      vertex -9.02028 6.02028 0
      vertex -9.02028 6.02028 2.2
    endloop
  endfacet
  facet normal 0.740949 -0.671561 0
    outer loop
      vertex -9.02028 6.02028 0
      vertex -9.16197 5.86395 2.2
      vertex -9.16197 5.86395 0
    endloop
  endfacet
  facet normal 0.336883 0.941547 -0
    outer loop
      vertex -8.12411 2.44258 0
      vertex -8.32277 2.51366 2.2
      vertex -8.12411 2.44258 2.2
    endloop
  endfacet
  facet normal 0.336883 0.941547 0
    outer loop
      vertex -8.32277 2.51366 2.2
      vertex -8.12411 2.44258 0
      vertex -8.32277 2.51366 0
    endloop
  endfacet
  facet normal 0.903987 0.427561 0
    outer loop
      vertex -9.39613 3.4865 2.2
      vertex -9.48634 3.67723 0
      vertex -9.48634 3.67723 2.2
    endloop
  endfacet
  facet normal 0.903987 0.427561 0
    outer loop
      vertex -9.48634 3.67723 0
      vertex -9.39613 3.4865 2.2
      vertex -9.39613 3.4865 0
    endloop
  endfacet
  facet normal -0.146734 0.989176 0
    outer loop
      vertex -7.08055 2.39131 0
      vertex -7.28926 2.36035 2.2
      vertex -7.08055 2.39131 2.2
    endloop
  endfacet
  facet normal -0.146734 0.989176 0
    outer loop
      vertex -7.28926 2.36035 2.2
      vertex -7.08055 2.39131 0
      vertex -7.28926 2.36035 0
    endloop
  endfacet
  facet normal 0.595707 0.803202 -0
    outer loop
      vertex -8.69448 2.71234 0
      vertex -8.86395 2.83803 2.2
      vertex -8.69448 2.71234 2.2
    endloop
  endfacet
  facet normal 0.595707 0.803202 0
    outer loop
      vertex -8.86395 2.83803 2.2
      vertex -8.69448 2.71234 0
      vertex -8.86395 2.83803 0
    endloop
  endfacet
  facet normal 0.85774 0.514084 0
    outer loop
      vertex -9.28766 3.30552 2.2
      vertex -9.39613 3.4865 0
      vertex -9.39613 3.4865 2.2
    endloop
  endfacet
  facet normal 0.85774 0.514084 0
    outer loop
      vertex -9.39613 3.4865 0
      vertex -9.28766 3.30552 2.2
      vertex -9.28766 3.30552 0
    endloop
  endfacet
  facet normal -0.941547 0.336883 0
    outer loop
      vertex -5.51366 3.67723 0
      vertex -5.44258 3.87589 2.2
      vertex -5.44258 3.87589 0
    endloop
  endfacet
  facet normal -0.941547 0.336883 0
    outer loop
      vertex -5.44258 3.87589 2.2
      vertex -5.51366 3.67723 0
      vertex -5.51366 3.67723 2.2
    endloop
  endfacet
  facet normal -0.0490535 0.998796 0
    outer loop
      vertex -7.28926 2.36035 0
      vertex -7.5 2.35 2.2
      vertex -7.28926 2.36035 2.2
    endloop
  endfacet
  facet normal -0.0490535 0.998796 0
    outer loop
      vertex -7.5 2.35 2.2
      vertex -7.28926 2.36035 0
      vertex -7.5 2.35 0
    endloop
  endfacet
  facet normal -0.243004 -0.970025 0
    outer loop
      vertex -7.08055 6.60869 0
      vertex -6.87589 6.55742 2.2
      vertex -7.08055 6.60869 2.2
    endloop
  endfacet
  facet normal -0.243004 -0.970025 -0
    outer loop
      vertex -6.87589 6.55742 2.2
      vertex -7.08055 6.60869 0
      vertex -6.87589 6.55742 0
    endloop
  endfacet
  facet normal 0 0 -1
    outer loop
      vertex -5.36035 4.28926 2.2
      vertex -5.36035 4.71074 2.2
      vertex -5.35 4.5 2.2
    endloop
  endfacet
  facet normal 0 0 -1
    outer loop
      vertex -5.39131 4.08055 2.2
      vertex -5.36035 4.71074 2.2
      vertex -5.36035 4.28926 2.2
    endloop
  endfacet
  facet normal 0 0 -1
    outer loop
      vertex -5.39131 4.08055 2.2
      vertex -5.39131 4.91944 2.2
      vertex -5.36035 4.71074 2.2
    endloop
  endfacet
  facet normal 0 0 -1
    outer loop
      vertex -5.44258 3.87589 2.2
      vertex -5.39131 4.91944 2.2
      vertex -5.39131 4.08055 2.2
    endloop
  endfacet
  facet normal 0 0 -1
    outer loop
      vertex -5.44258 3.87589 2.2
      vertex -5.44258 5.12411 2.2
      vertex -5.39131 4.91944 2.2
    endloop
  endfacet
  facet normal 0 0 -1
    outer loop
      vertex -5.51366 3.67723 2.2
      vertex -5.44258 5.12411 2.2
      vertex -5.44258 3.87589 2.2
    endloop
  endfacet
  facet normal 0 0 -1
    outer loop
      vertex -5.51366 3.67723 2.2
      vertex -5.51366 5.32277 2.2
      vertex -5.44258 5.12411 2.2
    endloop
  endfacet
  facet normal 0 0 -1
    outer loop
      vertex -5.60387 3.4865 2.2
      vertex -5.51366 5.32277 2.2
      vertex -5.51366 3.67723 2.2
    endloop
  endfacet
  facet normal 0 0 -1
    outer loop
      vertex -5.60387 3.4865 2.2
      vertex -5.60387 5.5135 2.2
      vertex -5.51366 5.32277 2.2
    endloop
  endfacet
  facet normal 0 0 -1
    outer loop
      vertex -5.71234 3.30552 2.2
      vertex -5.60387 5.5135 2.2
      vertex -5.60387 3.4865 2.2
    endloop
  endfacet
  facet normal 0 0 -1
    outer loop
      vertex -5.71234 3.30552 2.2
      vertex -5.71234 5.69448 2.2
      vertex -5.60387 5.5135 2.2
    endloop
  endfacet
  facet normal 0 0 -1
    outer loop
      vertex -5.83803 3.13605 2.2
      vertex -5.71234 5.69448 2.2
      vertex -5.71234 3.30552 2.2
    endloop
  endfacet
  facet normal 0 0 -1
    outer loop
      vertex -5.83803 3.13605 2.2
      vertex -5.83803 5.86395 2.2
      vertex -5.71234 5.69448 2.2
    endloop
  endfacet
  facet normal 0 0 -1
    outer loop
      vertex -5.97972 2.97972 2.2
      vertex -5.83803 5.86395 2.2
      vertex -5.83803 3.13605 2.2
    endloop
  endfacet
  facet normal 0 0 -1
    outer loop
      vertex -5.97972 2.97972 2.2
      vertex -5.97972 6.02028 2.2
      vertex -5.83803 5.86395 2.2
    endloop
  endfacet
  facet normal 0 0 -1
    outer loop
      vertex -6.13605 2.83803 2.2
      vertex -5.97972 6.02028 2.2
      vertex -5.97972 2.97972 2.2
    endloop
  endfacet
  facet normal 0 0 -1
    outer loop
      vertex -6.13605 2.83803 2.2
      vertex -6.13605 6.16197 2.2
      vertex -5.97972 6.02028 2.2
    endloop
  endfacet
  facet normal 0 0 -1
    outer loop
      vertex -6.30552 2.71234 2.2
      vertex -6.13605 6.16197 2.2
      vertex -6.13605 2.83803 2.2
    endloop
  endfacet
  facet normal 0 0 -1
    outer loop
      vertex -6.30552 2.71234 2.2
      vertex -6.30552 6.28766 2.2
      vertex -6.13605 6.16197 2.2
    endloop
  endfacet
  facet normal 0 0 -1
    outer loop
      vertex -6.4865 2.60387 2.2
      vertex -6.30552 6.28766 2.2
      vertex -6.30552 2.71234 2.2
    endloop
  endfacet
  facet normal 0 0 -1
    outer loop
      vertex -6.4865 2.60387 2.2
      vertex -6.4865 6.39613 2.2
      vertex -6.30552 6.28766 2.2
    endloop
  endfacet
  facet normal 0 0 -1
    outer loop
      vertex -6.67723 2.51366 2.2
      vertex -6.4865 6.39613 2.2
      vertex -6.4865 2.60387 2.2
    endloop
  endfacet
  facet normal 0 0 -1
    outer loop
      vertex -6.67723 2.51366 2.2
      vertex -6.67723 6.48634 2.2
      vertex -6.4865 6.39613 2.2
    endloop
  endfacet
  facet normal 0 0 -1
    outer loop
      vertex -6.87589 2.44258 2.2
      vertex -6.67723 6.48634 2.2
      vertex -6.67723 2.51366 2.2
    endloop
  endfacet
  facet normal 0 0 -1
    outer loop
      vertex -6.87589 2.44258 2.2
      vertex -6.87589 6.55742 2.2
      vertex -6.67723 6.48634 2.2
    endloop
  endfacet
  facet normal 0 0 -1
    outer loop
      vertex -7.08055 2.39131 2.2
      vertex -6.87589 6.55742 2.2
      vertex -6.87589 2.44258 2.2
    endloop
  endfacet
  facet normal 0 0 -1
    outer loop
      vertex -7.08055 2.39131 2.2
      vertex -7.08055 6.60869 2.2
      vertex -6.87589 6.55742 2.2
    endloop
  endfacet
  facet normal 0 0 -1
    outer loop
      vertex -7.28926 2.36035 2.2
      vertex -7.08055 6.60869 2.2
      vertex -7.08055 2.39131 2.2
    endloop
  endfacet
  facet normal 0 0 -1
    outer loop
      vertex -7.28926 2.36035 2.2
      vertex -7.28926 6.63965 2.2
      vertex -7.08055 6.60869 2.2
    endloop
  endfacet
  facet normal 0 0 -1
    outer loop
      vertex -7.5 2.35 2.2
      vertex -7.28926 6.63965 2.2
      vertex -7.28926 2.36035 2.2
    endloop
  endfacet
  facet normal 0 0 -1
    outer loop
      vertex -7.5 2.35 2.2
      vertex -7.5 6.65 2.2
      vertex -7.28926 6.63965 2.2
    endloop
  endfacet
  facet normal 0 0 -1
    outer loop
      vertex -7.71074 2.36035 2.2
      vertex -7.5 6.65 2.2
      vertex -7.5 2.35 2.2
    endloop
  endfacet
  facet normal 0 0 -1
    outer loop
      vertex -7.71074 2.36035 2.2
      vertex -7.71074 6.63965 2.2
      vertex -7.5 6.65 2.2
    endloop
  endfacet
  facet normal 0 0 -1
    outer loop
      vertex -7.91944 2.39131 2.2
      vertex -7.71074 6.63965 2.2
      vertex -7.71074 2.36035 2.2
    endloop
  endfacet
  facet normal 0 0 -1
    outer loop
      vertex -7.91944 2.39131 2.2
      vertex -7.91944 6.60869 2.2
      vertex -7.71074 6.63965 2.2
    endloop
  endfacet
  facet normal 0 0 -1
    outer loop
      vertex -8.12411 2.44258 2.2
      vertex -7.91944 6.60869 2.2
      vertex -7.91944 2.39131 2.2
    endloop
  endfacet
  facet normal 0 0 -1
    outer loop
      vertex -8.12411 2.44258 2.2
      vertex -8.12411 6.55742 2.2
      vertex -7.91944 6.60869 2.2
    endloop
  endfacet
  facet normal 0 0 -1
    outer loop
      vertex -8.32277 2.51366 2.2
      vertex -8.12411 6.55742 2.2
      vertex -8.12411 2.44258 2.2
    endloop
  endfacet
  facet normal 0 0 -1
    outer loop
      vertex -8.32277 2.51366 2.2
      vertex -8.32277 6.48634 2.2
      vertex -8.12411 6.55742 2.2
    endloop
  endfacet
  facet normal 0 0 -1
    outer loop
      vertex -8.5135 2.60387 2.2
      vertex -8.32277 6.48634 2.2
      vertex -8.32277 2.51366 2.2
    endloop
  endfacet
  facet normal 0 0 -1
    outer loop
      vertex -8.5135 2.60387 2.2
      vertex -8.5135 6.39613 2.2
      vertex -8.32277 6.48634 2.2
    endloop
  endfacet
  facet normal 0 0 -1
    outer loop
      vertex -8.69448 2.71234 2.2
      vertex -8.5135 6.39613 2.2
      vertex -8.5135 2.60387 2.2
    endloop
  endfacet
  facet normal 0 0 -1
    outer loop
      vertex -8.69448 2.71234 2.2
      vertex -8.69448 6.28766 2.2
      vertex -8.5135 6.39613 2.2
    endloop
  endfacet
  facet normal 0 0 -1
    outer loop
      vertex -8.86395 2.83803 2.2
      vertex -8.69448 6.28766 2.2
      vertex -8.69448 2.71234 2.2
    endloop
  endfacet
  facet normal 0 0 -1
    outer loop
      vertex -8.86395 2.83803 2.2
      vertex -8.86395 6.16197 2.2
      vertex -8.69448 6.28766 2.2
    endloop
  endfacet
  facet normal 0 0 -1
    outer loop
      vertex -9.02028 2.97972 2.2
      vertex -8.86395 6.16197 2.2
      vertex -8.86395 2.83803 2.2
    endloop
  endfacet
  facet normal 0 0 -1
    outer loop
      vertex -9.02028 2.97972 2.2
      vertex -9.02028 6.02028 2.2
      vertex -8.86395 6.16197 2.2
    endloop
  endfacet
  facet normal 0 0 -1
    outer loop
      vertex -9.16197 3.13605 2.2
      vertex -9.02028 6.02028 2.2
      vertex -9.02028 2.97972 2.2
    endloop
  endfacet
  facet normal 0 0 -1
    outer loop
      vertex -9.16197 3.13605 2.2
      vertex -9.16197 5.86395 2.2
      vertex -9.02028 6.02028 2.2
    endloop
  endfacet
  facet normal 0 0 -1
    outer loop
      vertex -9.28766 3.30552 2.2
      vertex -9.16197 5.86395 2.2
      vertex -9.16197 3.13605 2.2
    endloop
  endfacet
  facet normal 0 0 -1
    outer loop
      vertex -9.28766 3.30552 2.2
      vertex -9.28766 5.69448 2.2
      vertex -9.16197 5.86395 2.2
    endloop
  endfacet
  facet normal 0 0 -1
    outer loop
      vertex -9.39613 3.4865 2.2
      vertex -9.28766 5.69448 2.2
      vertex -9.28766 3.30552 2.2
    endloop
  endfacet
  facet normal 0 0 -1
    outer loop
      vertex -9.39613 3.4865 2.2
      vertex -9.39613 5.5135 2.2
      vertex -9.28766 5.69448 2.2
    endloop
  endfacet
  facet normal 0 0 -1
    outer loop
      vertex -9.48634 3.67723 2.2
      vertex -9.39613 5.5135 2.2
      vertex -9.39613 3.4865 2.2
    endloop
  endfacet
  facet normal 0 0 -1
    outer loop
      vertex -9.48634 3.67723 2.2
      vertex -9.48634 5.32277 2.2
      vertex -9.39613 5.5135 2.2
    endloop
  endfacet
  facet normal 0 0 -1
    outer loop
      vertex -9.55742 3.87589 2.2
      vertex -9.48634 5.32277 2.2
      vertex -9.48634 3.67723 2.2
    endloop
  endfacet
  facet normal 0 0 -1
    outer loop
      vertex -9.55742 3.87589 2.2
      vertex -9.55742 5.12411 2.2
      vertex -9.48634 5.32277 2.2
    endloop
  endfacet
  facet normal 0 0 -1
    outer loop
      vertex -9.60869 4.08055 2.2
      vertex -9.55742 5.12411 2.2
      vertex -9.55742 3.87589 2.2
    endloop
  endfacet
  facet normal 0 0 -1
    outer loop
      vertex -9.60869 4.08055 2.2
      vertex -9.60869 4.91944 2.2
      vertex -9.55742 5.12411 2.2
    endloop
  endfacet
  facet normal 0 0 -1
    outer loop
      vertex -9.63965 4.28926 2.2
      vertex -9.60869 4.91944 2.2
      vertex -9.60869 4.08055 2.2
    endloop
  endfacet
  facet normal 0 0 -1
    outer loop
      vertex -9.63965 4.28926 2.2
      vertex -9.63965 4.71074 2.2
      vertex -9.60869 4.91944 2.2
    endloop
  endfacet
  facet normal 0 -0 -1
    outer loop
      vertex -9.63965 4.71074 2.2
      vertex -9.63965 4.28926 2.2
      vertex -9.65 4.5 2.2
    endloop
  endfacet
  facet normal -0.903987 0.427561 0
    outer loop
      vertex -5.60387 3.4865 0
      vertex -5.51366 3.67723 2.2
      vertex -5.51366 3.67723 0
    endloop
  endfacet
  facet normal -0.903987 0.427561 0
    outer loop
      vertex -5.51366 3.67723 2.2
      vertex -5.60387 3.4865 0
      vertex -5.60387 3.4865 2.2
    endloop
  endfacet
  facet normal 0.0490535 0.998796 -0
    outer loop
      vertex -7.5 2.35 0
      vertex -7.71074 2.36035 2.2
      vertex -7.5 2.35 2.2
    endloop
  endfacet
  facet normal 0.0490535 0.998796 0
    outer loop
      vertex -7.71074 2.36035 2.2
      vertex -7.5 2.35 0
      vertex -7.71074 2.36035 0
    endloop
  endfacet
  facet normal 0.427561 0.903987 -0
    outer loop
      vertex -8.32277 2.51366 0
      vertex -8.5135 2.60387 2.2
      vertex -8.32277 2.51366 2.2
    endloop
  endfacet
  facet normal 0.427561 0.903987 0
    outer loop
      vertex -8.5135 2.60387 2.2
      vertex -8.32277 2.51366 0
      vertex -8.5135 2.60387 0
    endloop
  endfacet
  facet normal 0.998796 -0.0490535 0
    outer loop
      vertex -9.65 4.5 2.2
      vertex -9.63965 4.71074 0
      vertex -9.63965 4.71074 2.2
    endloop
  endfacet
  facet normal 0.998796 -0.0490535 0
    outer loop
      vertex -9.63965 4.71074 0
      vertex -9.65 4.5 2.2
      vertex -9.65 4.5 0
    endloop
  endfacet
  facet normal 0.998796 0.0490535 0
    outer loop
      vertex -9.63965 4.28926 2.2
      vertex -9.65 4.5 0
      vertex -9.65 4.5 2.2
    endloop
  endfacet
  facet normal 0.998796 0.0490535 0
    outer loop
      vertex -9.65 4.5 0
      vertex -9.63965 4.28926 2.2
      vertex -9.63965 4.28926 0
    endloop
  endfacet
  facet normal -0.740949 0.671561 0
    outer loop
      vertex -5.97972 2.97972 0
      vertex -5.83803 3.13605 2.2
      vertex -5.83803 3.13605 0
    endloop
  endfacet
  facet normal -0.740949 0.671561 0
    outer loop
      vertex -5.83803 3.13605 2.2
      vertex -5.97972 2.97972 0
      vertex -5.97972 2.97972 2.2
    endloop
  endfacet
  facet normal 0.85774 -0.514084 0
    outer loop
      vertex -9.39613 5.5135 2.2
      vertex -9.28766 5.69448 0
      vertex -9.28766 5.69448 2.2
    endloop
  endfacet
  facet normal 0.85774 -0.514084 0
    outer loop
      vertex -9.28766 5.69448 0
      vertex -9.39613 5.5135 2.2
      vertex -9.39613 5.5135 0
    endloop
  endfacet
  facet normal -0.336883 -0.941547 0
    outer loop
      vertex 8.87411 9.55742 0
      vertex 9.07277 9.48634 2.2
      vertex 8.87411 9.55742 2.2
    endloop
  endfacet
  facet normal -0.336883 -0.941547 -0
    outer loop
      vertex 9.07277 9.48634 2.2
      vertex 8.87411 9.55742 0
      vertex 9.07277 9.48634 0
    endloop
  endfacet
  facet normal -0.146741 -0.989175 0
    outer loop
      vertex 8.46074 9.63965 0
      vertex 8.66944 9.60869 2.2
      vertex 8.46074 9.63965 2.2
    endloop
  endfacet
  facet normal -0.146741 -0.989175 -0
    outer loop
      vertex 8.66944 9.60869 2.2
      vertex 8.46074 9.63965 0
      vertex 8.66944 9.60869 0
    endloop
  endfacet
  facet normal -0.242993 0.970028 0
    outer loop
      vertex 8.87411 5.44258 0
      vertex 8.66944 5.39131 2.2
      vertex 8.87411 5.44258 2.2
    endloop
  endfacet
  facet normal -0.242993 0.970028 0
    outer loop
      vertex 8.66944 5.39131 2.2
      vertex 8.87411 5.44258 0
      vertex 8.66944 5.39131 0
    endloop
  endfacet
  facet normal -0.941517 0.336967 0
    outer loop
      vertex 10.2363 6.67723 0
      vertex 10.3074 6.87589 2.2
      vertex 10.3074 6.87589 0
    endloop
  endfacet
  facet normal -0.941517 0.336967 0
    outer loop
      vertex 10.3074 6.87589 2.2
      vertex 10.2363 6.67723 0
      vertex 10.2363 6.67723 2.2
    endloop
  endfacet
  facet normal -0.740949 0.671561 0
    outer loop
      vertex 9.77028 5.97972 0
      vertex 9.91197 6.13605 2.2
      vertex 9.91197 6.13605 0
    endloop
  endfacet
  facet normal -0.740949 0.671561 0
    outer loop
      vertex 9.91197 6.13605 2.2
      vertex 9.77028 5.97972 0
      vertex 9.77028 5.97972 2.2
    endloop
  endfacet
  facet normal -0.989216 -0.146463 0
    outer loop
      vertex 10.3896 7.71074 0
      vertex 10.3587 7.91944 2.2
      vertex 10.3587 7.91944 0
    endloop
  endfacet
  facet normal -0.989216 -0.146463 0
    outer loop
      vertex 10.3587 7.91944 2.2
      vertex 10.3896 7.71074 0
      vertex 10.3896 7.71074 2.2
    endloop
  endfacet
  facet normal 0.85774 -0.514084 0
    outer loop
      vertex 6.35387 8.5135 2.2
      vertex 6.46234 8.69448 0
      vertex 6.46234 8.69448 2.2
    endloop
  endfacet
  facet normal 0.85774 -0.514084 0
    outer loop
      vertex 6.46234 8.69448 0
      vertex 6.35387 8.5135 2.2
      vertex 6.35387 8.5135 0
    endloop
  endfacet
  facet normal -0.803111 0.595829 0
    outer loop
      vertex 9.91197 6.13605 0
      vertex 10.0377 6.30552 2.2
      vertex 10.0377 6.30552 0
    endloop
  endfacet
  facet normal -0.803111 0.595829 0
    outer loop
      vertex 10.0377 6.30552 2.2
      vertex 9.91197 6.13605 0
      vertex 9.91197 6.13605 2.2
    endloop
  endfacet
  facet normal 0.0490535 0.998796 -0
    outer loop
      vertex 8.25 5.35 0
      vertex 8.03926 5.36035 2.2
      vertex 8.25 5.35 2.2
    endloop
  endfacet
  facet normal 0.0490535 0.998796 0
    outer loop
      vertex 8.03926 5.36035 2.2
      vertex 8.25 5.35 0
      vertex 8.03926 5.36035 0
    endloop
  endfacet
  facet normal -0.969995 -0.243127 0
    outer loop
      vertex 10.3587 7.91944 0
      vertex 10.3074 8.12411 2.2
      vertex 10.3074 8.12411 0
    endloop
  endfacet
  facet normal -0.969995 -0.243127 0
    outer loop
      vertex 10.3074 8.12411 2.2
      vertex 10.3587 7.91944 0
      vertex 10.3587 7.91944 2.2
    endloop
  endfacet
  facet normal 0.514084 -0.85774 0
    outer loop
      vertex 7.05552 9.28766 0
      vertex 7.2365 9.39613 2.2
      vertex 7.05552 9.28766 2.2
    endloop
  endfacet
  facet normal 0.514084 -0.85774 0
    outer loop
      vertex 7.2365 9.39613 2.2
      vertex 7.05552 9.28766 0
      vertex 7.2365 9.39613 0
    endloop
  endfacet
  facet normal -0.671561 0.740949 0
    outer loop
      vertex 9.77028 5.97972 0
      vertex 9.61395 5.83803 2.2
      vertex 9.77028 5.97972 2.2
    endloop
  endfacet
  facet normal -0.671561 0.740949 0
    outer loop
      vertex 9.61395 5.83803 2.2
      vertex 9.77028 5.97972 0
      vertex 9.61395 5.83803 0
    endloop
  endfacet
  facet normal -0.0490535 0.998796 0
    outer loop
      vertex 8.46074 5.36035 0
      vertex 8.25 5.35 2.2
      vertex 8.46074 5.36035 2.2
    endloop
  endfacet
  facet normal -0.0490535 0.998796 0
    outer loop
      vertex 8.25 5.35 2.2
      vertex 8.46074 5.36035 0
      vertex 8.25 5.35 0
    endloop
  endfacet
  facet normal -0.904005 0.427522 0
    outer loop
      vertex 10.1461 6.4865 0
      vertex 10.2363 6.67723 2.2
      vertex 10.2363 6.67723 0
    endloop
  endfacet
  facet normal -0.904005 0.427522 0
    outer loop
      vertex 10.2363 6.67723 2.2
      vertex 10.1461 6.4865 0
      vertex 10.1461 6.4865 2.2
    endloop
  endfacet
  facet normal -0.595707 -0.803202 0
    outer loop
      vertex 9.44448 9.28766 0
      vertex 9.61395 9.16197 2.2
      vertex 9.44448 9.28766 2.2
    endloop
  endfacet
  facet normal -0.595707 -0.803202 -0
    outer loop
      vertex 9.61395 9.16197 2.2
      vertex 9.44448 9.28766 0
      vertex 9.61395 9.16197 0
    endloop
  endfacet
  facet normal 0.427561 -0.903987 0
    outer loop
      vertex 7.2365 9.39613 0
      vertex 7.42723 9.48634 2.2
      vertex 7.2365 9.39613 2.2
    endloop
  endfacet
  facet normal 0.427561 -0.903987 0
    outer loop
      vertex 7.42723 9.48634 2.2
      vertex 7.2365 9.39613 0
      vertex 7.42723 9.48634 0
    endloop
  endfacet
  facet normal -0.904005 -0.427522 0
    outer loop
      vertex 10.2363 8.32277 0
      vertex 10.1461 8.5135 2.2
      vertex 10.1461 8.5135 0
    endloop
  endfacet
  facet normal -0.904005 -0.427522 0
    outer loop
      vertex 10.1461 8.5135 2.2
      vertex 10.2363 8.32277 0
      vertex 10.2363 8.32277 2.2
    endloop
  endfacet
  facet normal 0.740949 0.671561 0
    outer loop
      vertex 6.72972 5.97972 2.2
      vertex 6.58803 6.13605 0
      vertex 6.58803 6.13605 2.2
    endloop
  endfacet
  facet normal 0.740949 0.671561 0
    outer loop
      vertex 6.58803 6.13605 0
      vertex 6.72972 5.97972 2.2
      vertex 6.72972 5.97972 0
    endloop
  endfacet
  facet normal 0.903987 0.427561 0
    outer loop
      vertex 6.35387 6.4865 2.2
      vertex 6.26366 6.67723 0
      vertex 6.26366 6.67723 2.2
    endloop
  endfacet
  facet normal 0.903987 0.427561 0
    outer loop
      vertex 6.26366 6.67723 0
      vertex 6.35387 6.4865 2.2
      vertex 6.35387 6.4865 0
    endloop
  endfacet
  facet normal 0.941547 0.336883 0
    outer loop
      vertex 6.26366 6.67723 2.2
      vertex 6.19258 6.87589 0
      vertex 6.19258 6.87589 2.2
    endloop
  endfacet
  facet normal 0.941547 0.336883 0
    outer loop
      vertex 6.19258 6.87589 0
      vertex 6.26366 6.67723 2.2
      vertex 6.26366 6.67723 0
    endloop
  endfacet
  facet normal 0.146734 -0.989176 0
    outer loop
      vertex 7.83055 9.60869 0
      vertex 8.03926 9.63965 2.2
      vertex 7.83055 9.60869 2.2
    endloop
  endfacet
  facet normal 0.146734 -0.989176 0
    outer loop
      vertex 8.03926 9.63965 2.2
      vertex 7.83055 9.60869 0
      vertex 8.03926 9.63965 0
    endloop
  endfacet
  facet normal -0.242993 -0.970028 0
    outer loop
      vertex 8.66944 9.60869 0
      vertex 8.87411 9.55742 2.2
      vertex 8.66944 9.60869 2.2
    endloop
  endfacet
  facet normal -0.242993 -0.970028 -0
    outer loop
      vertex 8.87411 9.55742 2.2
      vertex 8.66944 9.60869 0
      vertex 8.87411 9.55742 0
    endloop
  endfacet
  facet normal -0.595707 0.803202 0
    outer loop
      vertex 9.61395 5.83803 0
      vertex 9.44448 5.71234 2.2
      vertex 9.61395 5.83803 2.2
    endloop
  endfacet
  facet normal -0.595707 0.803202 0
    outer loop
      vertex 9.44448 5.71234 2.2
      vertex 9.61395 5.83803 0
      vertex 9.44448 5.71234 0
    endloop
  endfacet
  facet normal -0.998785 -0.0492899 0
    outer loop
      vertex 10.4 7.5 0
      vertex 10.3896 7.71074 2.2
      vertex 10.3896 7.71074 0
    endloop
  endfacet
  facet normal -0.998785 -0.0492899 0
    outer loop
      vertex 10.3896 7.71074 2.2
      vertex 10.4 7.5 0
      vertex 10.4 7.5 2.2
    endloop
  endfacet
  facet normal 0.970025 0.243004 0
    outer loop
      vertex 6.19258 6.87589 2.2
      vertex 6.14131 7.08055 0
      vertex 6.14131 7.08055 2.2
    endloop
  endfacet
  facet normal 0.970025 0.243004 0
    outer loop
      vertex 6.14131 7.08055 0
      vertex 6.19258 6.87589 2.2
      vertex 6.19258 6.87589 0
    endloop
  endfacet
  facet normal 0.514084 0.85774 -0
    outer loop
      vertex 7.2365 5.60387 0
      vertex 7.05552 5.71234 2.2
      vertex 7.2365 5.60387 2.2
    endloop
  endfacet
  facet normal 0.514084 0.85774 0
    outer loop
      vertex 7.05552 5.71234 2.2
      vertex 7.2365 5.60387 0
      vertex 7.05552 5.71234 0
    endloop
  endfacet
  facet normal -0.857886 -0.51384 0
    outer loop
      vertex 10.1461 8.5135 0
      vertex 10.0377 8.69448 2.2
      vertex 10.0377 8.69448 0
    endloop
  endfacet
  facet normal -0.857886 -0.51384 0
    outer loop
      vertex 10.0377 8.69448 2.2
      vertex 10.1461 8.5135 0
      vertex 10.1461 8.5135 2.2
    endloop
  endfacet
  facet normal 0.243004 -0.970025 0
    outer loop
      vertex 7.62589 9.55742 0
      vertex 7.83055 9.60869 2.2
      vertex 7.62589 9.55742 2.2
    endloop
  endfacet
  facet normal 0.243004 -0.970025 0
    outer loop
      vertex 7.83055 9.60869 2.2
      vertex 7.62589 9.55742 0
      vertex 7.83055 9.60869 0
    endloop
  endfacet
  facet normal -0.989217 0.146456 0
    outer loop
      vertex 10.3587 7.08055 0
      vertex 10.3896 7.28926 2.2
      vertex 10.3896 7.28926 0
    endloop
  endfacet
  facet normal -0.989217 0.146456 0
    outer loop
      vertex 10.3896 7.28926 2.2
      vertex 10.3587 7.08055 0
      vertex 10.3587 7.08055 2.2
    endloop
  endfacet
  facet normal 0.803202 0.595707 0
    outer loop
      vertex 6.58803 6.13605 2.2
      vertex 6.46234 6.30552 0
      vertex 6.46234 6.30552 2.2
    endloop
  endfacet
  facet normal 0.803202 0.595707 0
    outer loop
      vertex 6.46234 6.30552 0
      vertex 6.58803 6.13605 2.2
      vertex 6.58803 6.13605 0
    endloop
  endfacet
  facet normal 0.85774 0.514084 0
    outer loop
      vertex 6.46234 6.30552 2.2
      vertex 6.35387 6.4865 0
      vertex 6.35387 6.4865 2.2
    endloop
  endfacet
  facet normal 0.85774 0.514084 0
    outer loop
      vertex 6.35387 6.4865 0
      vertex 6.46234 6.30552 2.2
      vertex 6.46234 6.30552 0
    endloop
  endfacet
  facet normal 0.243004 0.970025 -0
    outer loop
      vertex 7.83055 5.39131 0
      vertex 7.62589 5.44258 2.2
      vertex 7.83055 5.39131 2.2
    endloop
  endfacet
  facet normal 0.243004 0.970025 0
    outer loop
      vertex 7.62589 5.44258 2.2
      vertex 7.83055 5.39131 0
      vertex 7.62589 5.44258 0
    endloop
  endfacet
  facet normal -0.941517 -0.336967 0
    outer loop
      vertex 10.3074 8.12411 0
      vertex 10.2363 8.32277 2.2
      vertex 10.2363 8.32277 0
    endloop
  endfacet
  facet normal -0.941517 -0.336967 0
    outer loop
      vertex 10.2363 8.32277 2.2
      vertex 10.3074 8.12411 0
      vertex 10.3074 8.12411 2.2
    endloop
  endfacet
  facet normal 0.740949 -0.671561 0
    outer loop
      vertex 6.58803 8.86395 2.2
      vertex 6.72972 9.02028 0
      vertex 6.72972 9.02028 2.2
    endloop
  endfacet
  facet normal 0.740949 -0.671561 0
    outer loop
      vertex 6.72972 9.02028 0
      vertex 6.58803 8.86395 2.2
      vertex 6.58803 8.86395 0
    endloop
  endfacet
  facet normal -0.427561 0.903987 0
    outer loop
      vertex 9.2635 5.60387 0
      vertex 9.07277 5.51366 2.2
      vertex 9.2635 5.60387 2.2
    endloop
  endfacet
  facet normal -0.427561 0.903987 0
    outer loop
      vertex 9.07277 5.51366 2.2
      vertex 9.2635 5.60387 0
      vertex 9.07277 5.51366 0
    endloop
  endfacet
  facet normal -0.146741 0.989175 0
    outer loop
      vertex 8.66944 5.39131 0
      vertex 8.46074 5.36035 2.2
      vertex 8.66944 5.39131 2.2
    endloop
  endfacet
  facet normal -0.146741 0.989175 0
    outer loop
      vertex 8.46074 5.36035 2.2
      vertex 8.66944 5.39131 0
      vertex 8.46074 5.36035 0
    endloop
  endfacet
  facet normal 0.336883 -0.941547 0
    outer loop
      vertex 7.42723 9.48634 0
      vertex 7.62589 9.55742 2.2
      vertex 7.42723 9.48634 2.2
    endloop
  endfacet
  facet normal 0.336883 -0.941547 0
    outer loop
      vertex 7.62589 9.55742 2.2
      vertex 7.42723 9.48634 0
      vertex 7.62589 9.55742 0
    endloop
  endfacet
  facet normal -0.740949 -0.671561 0
    outer loop
      vertex 9.91197 8.86395 0
      vertex 9.77028 9.02028 2.2
      vertex 9.77028 9.02028 0
    endloop
  endfacet
  facet normal -0.740949 -0.671561 0
    outer loop
      vertex 9.77028 9.02028 2.2
      vertex 9.91197 8.86395 0
      vertex 9.91197 8.86395 2.2
    endloop
  endfacet
  facet normal 0.595707 0.803202 -0
    outer loop
      vertex 7.05552 5.71234 0
      vertex 6.88605 5.83803 2.2
      vertex 7.05552 5.71234 2.2
    endloop
  endfacet
  facet normal 0.595707 0.803202 0
    outer loop
      vertex 6.88605 5.83803 2.2
      vertex 7.05552 5.71234 0
      vertex 6.88605 5.83803 0
    endloop
  endfacet
  facet normal -0.336883 0.941547 0
    outer loop
      vertex 9.07277 5.51366 0
      vertex 8.87411 5.44258 2.2
      vertex 9.07277 5.51366 2.2
    endloop
  endfacet
  facet normal -0.336883 0.941547 0
    outer loop
      vertex 8.87411 5.44258 2.2
      vertex 9.07277 5.51366 0
      vertex 8.87411 5.44258 0
    endloop
  endfacet
  facet normal 0.970028 -0.242993 0
    outer loop
      vertex 6.14131 7.91944 2.2
      vertex 6.19258 8.12411 0
      vertex 6.19258 8.12411 2.2
    endloop
  endfacet
  facet normal 0.970028 -0.242993 0
    outer loop
      vertex 6.19258 8.12411 0
      vertex 6.14131 7.91944 2.2
      vertex 6.14131 7.91944 0
    endloop
  endfacet
  facet normal -0.857886 0.51384 0
    outer loop
      vertex 10.0377 6.30552 0
      vertex 10.1461 6.4865 2.2
      vertex 10.1461 6.4865 0
    endloop
  endfacet
  facet normal -0.857886 0.51384 0
    outer loop
      vertex 10.1461 6.4865 2.2
      vertex 10.0377 6.30552 0
      vertex 10.0377 6.30552 2.2
    endloop
  endfacet
  facet normal -0.803111 -0.595829 0
    outer loop
      vertex 10.0377 8.69448 0
      vertex 9.91197 8.86395 2.2
      vertex 9.91197 8.86395 0
    endloop
  endfacet
  facet normal -0.803111 -0.595829 0
    outer loop
      vertex 9.91197 8.86395 2.2
      vertex 10.0377 8.69448 0
      vertex 10.0377 8.69448 2.2
    endloop
  endfacet
  facet normal 0.671561 -0.740949 0
    outer loop
      vertex 6.72972 9.02028 0
      vertex 6.88605 9.16197 2.2
      vertex 6.72972 9.02028 2.2
    endloop
  endfacet
  facet normal 0.671561 -0.740949 0
    outer loop
      vertex 6.88605 9.16197 2.2
      vertex 6.72972 9.02028 0
      vertex 6.88605 9.16197 0
    endloop
  endfacet
  facet normal -0.514084 0.85774 0
    outer loop
      vertex 9.44448 5.71234 0
      vertex 9.2635 5.60387 2.2
      vertex 9.44448 5.71234 2.2
    endloop
  endfacet
  facet normal -0.514084 0.85774 0
    outer loop
      vertex 9.2635 5.60387 2.2
      vertex 9.44448 5.71234 0
      vertex 9.2635 5.60387 0
    endloop
  endfacet
  facet normal 0.146734 0.989176 -0
    outer loop
      vertex 8.03926 5.36035 0
      vertex 7.83055 5.39131 2.2
      vertex 8.03926 5.36035 2.2
    endloop
  endfacet
  facet normal 0.146734 0.989176 0
    outer loop
      vertex 7.83055 5.39131 2.2
      vertex 8.03926 5.36035 0
      vertex 7.83055 5.39131 0
    endloop
  endfacet
  facet normal -0.427561 -0.903987 0
    outer loop
      vertex 9.07277 9.48634 0
      vertex 9.2635 9.39613 2.2
      vertex 9.07277 9.48634 2.2
    endloop
  endfacet
  facet normal -0.427561 -0.903987 -0
    outer loop
      vertex 9.2635 9.39613 2.2
      vertex 9.07277 9.48634 0
      vertex 9.2635 9.39613 0
    endloop
  endfacet
  facet normal -0.671561 -0.740949 0
    outer loop
      vertex 9.61395 9.16197 0
      vertex 9.77028 9.02028 2.2
      vertex 9.61395 9.16197 2.2
    endloop
  endfacet
  facet normal -0.671561 -0.740949 -0
    outer loop
      vertex 9.77028 9.02028 2.2
      vertex 9.61395 9.16197 0
      vertex 9.77028 9.02028 0
    endloop
  endfacet
  facet normal 0.941547 -0.336883 0
    outer loop
      vertex 6.19258 8.12411 2.2
      vertex 6.26366 8.32277 0
      vertex 6.26366 8.32277 2.2
    endloop
  endfacet
  facet normal 0.941547 -0.336883 0
    outer loop
      vertex 6.26366 8.32277 0
      vertex 6.19258 8.12411 2.2
      vertex 6.19258 8.12411 0
    endloop
  endfacet
  facet normal -0.998785 0.0492899 0
    outer loop
      vertex 10.3896 7.28926 0
      vertex 10.4 7.5 2.2
      vertex 10.4 7.5 0
    endloop
  endfacet
  facet normal -0.998785 0.0492899 0
    outer loop
      vertex 10.4 7.5 2.2
      vertex 10.3896 7.28926 0
      vertex 10.3896 7.28926 2.2
    endloop
  endfacet
  facet normal 0.989176 0.146734 0
    outer loop
      vertex 6.14131 7.08055 2.2
      vertex 6.11035 7.28926 0
      vertex 6.11035 7.28926 2.2
    endloop
  endfacet
  facet normal 0.989176 0.146734 0
    outer loop
      vertex 6.11035 7.28926 0
      vertex 6.14131 7.08055 2.2
      vertex 6.14131 7.08055 0
    endloop
  endfacet
  facet normal 0.803202 -0.595707 0
    outer loop
      vertex 6.46234 8.69448 2.2
      vertex 6.58803 8.86395 0
      vertex 6.58803 8.86395 2.2
    endloop
  endfacet
  facet normal 0.803202 -0.595707 0
    outer loop
      vertex 6.58803 8.86395 0
      vertex 6.46234 8.69448 2.2
      vertex 6.46234 8.69448 0
    endloop
  endfacet
  facet normal 0.336883 0.941547 -0
    outer loop
      vertex 7.62589 5.44258 0
      vertex 7.42723 5.51366 2.2
      vertex 7.62589 5.44258 2.2
    endloop
  endfacet
  facet normal 0.336883 0.941547 0
    outer loop
      vertex 7.42723 5.51366 2.2
      vertex 7.62589 5.44258 0
      vertex 7.42723 5.51366 0
    endloop
  endfacet
  facet normal 0.998796 0.0490535 0
    outer loop
      vertex 6.11035 7.28926 2.2
      vertex 6.1 7.5 0
      vertex 6.1 7.5 2.2
    endloop
  endfacet
  facet normal 0.998796 0.0490535 0
    outer loop
      vertex 6.1 7.5 0
      vertex 6.11035 7.28926 2.2
      vertex 6.11035 7.28926 0
    endloop
  endfacet
  facet normal 0.595707 -0.803202 0
    outer loop
      vertex 6.88605 9.16197 0
      vertex 7.05552 9.28766 2.2
      vertex 6.88605 9.16197 2.2
    endloop
  endfacet
  facet normal 0.595707 -0.803202 0
    outer loop
      vertex 7.05552 9.28766 2.2
      vertex 6.88605 9.16197 0
      vertex 7.05552 9.28766 0
    endloop
  endfacet
  facet normal -0.969992 0.243138 0
    outer loop
      vertex 10.3074 6.87589 0
      vertex 10.3587 7.08055 2.2
      vertex 10.3587 7.08055 0
    endloop
  endfacet
  facet normal -0.969992 0.243138 0
    outer loop
      vertex 10.3587 7.08055 2.2
      vertex 10.3074 6.87589 0
      vertex 10.3074 6.87589 2.2
    endloop
  endfacet
  facet normal 0.989175 -0.146741 0
    outer loop
      vertex 6.11035 7.71074 2.2
      vertex 6.14131 7.91944 0
      vertex 6.14131 7.91944 2.2
    endloop
  endfacet
  facet normal 0.989175 -0.146741 0
    outer loop
      vertex 6.14131 7.91944 0
      vertex 6.11035 7.71074 2.2
      vertex 6.11035 7.71074 0
    endloop
  endfacet
  facet normal 0.427561 0.903987 -0
    outer loop
      vertex 7.42723 5.51366 0
      vertex 7.2365 5.60387 2.2
      vertex 7.42723 5.51366 2.2
    endloop
  endfacet
  facet normal 0.427561 0.903987 0
    outer loop
      vertex 7.2365 5.60387 2.2
      vertex 7.42723 5.51366 0
      vertex 7.2365 5.60387 0
    endloop
  endfacet
  facet normal 0.998796 -0.0490535 0
    outer loop
      vertex 6.1 7.5 2.2
      vertex 6.11035 7.71074 0
      vertex 6.11035 7.71074 2.2
    endloop
  endfacet
  facet normal 0.998796 -0.0490535 0
    outer loop
      vertex 6.11035 7.71074 0
      vertex 6.1 7.5 2.2
      vertex 6.1 7.5 0
    endloop
  endfacet
  facet normal 0.903987 -0.427561 0
    outer loop
      vertex 6.26366 8.32277 2.2
      vertex 6.35387 8.5135 0
      vertex 6.35387 8.5135 2.2
    endloop
  endfacet
  facet normal 0.903987 -0.427561 0
    outer loop
      vertex 6.35387 8.5135 0
      vertex 6.26366 8.32277 2.2
      vertex 6.26366 8.32277 0
    endloop
  endfacet
  facet normal -0.0490535 -0.998796 0
    outer loop
      vertex 8.25 9.65 0
      vertex 8.46074 9.63965 2.2
      vertex 8.25 9.65 2.2
    endloop
  endfacet
  facet normal -0.0490535 -0.998796 -0
    outer loop
      vertex 8.46074 9.63965 2.2
      vertex 8.25 9.65 0
      vertex 8.46074 9.63965 0
    endloop
  endfacet
  facet normal 0.0490535 -0.998796 0
    outer loop
      vertex 8.03926 9.63965 0
      vertex 8.25 9.65 2.2
      vertex 8.03926 9.63965 2.2
    endloop
  endfacet
  facet normal 0.0490535 -0.998796 0
    outer loop
      vertex 8.25 9.65 2.2
      vertex 8.03926 9.63965 0
      vertex 8.25 9.65 0
    endloop
  endfacet
  facet normal 0.671561 0.740949 -0
    outer loop
      vertex 6.88605 5.83803 0
      vertex 6.72972 5.97972 2.2
      vertex 6.88605 5.83803 2.2
    endloop
  endfacet
  facet normal 0.671561 0.740949 0
    outer loop
      vertex 6.72972 5.97972 2.2
      vertex 6.88605 5.83803 0
      vertex 6.72972 5.97972 0
    endloop
  endfacet
  facet normal -0.514084 -0.85774 0
    outer loop
      vertex 9.2635 9.39613 0
      vertex 9.44448 9.28766 2.2
      vertex 9.2635 9.39613 2.2
    endloop
  endfacet
  facet normal -0.514084 -0.85774 -0
    outer loop
      vertex 9.44448 9.28766 2.2
      vertex 9.2635 9.39613 0
      vertex 9.44448 9.28766 0
    endloop
  endfacet
  facet normal 0 0 -1
    outer loop
      vertex 10.3896 7.28926 2.2
      vertex 10.3896 7.71074 2.2
      vertex 10.4 7.5 2.2
    endloop
  endfacet
  facet normal 0 0 -1
    outer loop
      vertex 10.3587 7.08055 2.2
      vertex 10.3896 7.71074 2.2
      vertex 10.3896 7.28926 2.2
    endloop
  endfacet
  facet normal 0 0 -1
    outer loop
      vertex 10.3587 7.08055 2.2
      vertex 10.3587 7.91944 2.2
      vertex 10.3896 7.71074 2.2
    endloop
  endfacet
  facet normal 0 0 -1
    outer loop
      vertex 10.3074 6.87589 2.2
      vertex 10.3587 7.91944 2.2
      vertex 10.3587 7.08055 2.2
    endloop
  endfacet
  facet normal 0 0 -1
    outer loop
      vertex 10.3074 6.87589 2.2
      vertex 10.3074 8.12411 2.2
      vertex 10.3587 7.91944 2.2
    endloop
  endfacet
  facet normal 0 0 -1
    outer loop
      vertex 10.2363 6.67723 2.2
      vertex 10.3074 8.12411 2.2
      vertex 10.3074 6.87589 2.2
    endloop
  endfacet
  facet normal 0 0 -1
    outer loop
      vertex 10.2363 6.67723 2.2
      vertex 10.2363 8.32277 2.2
      vertex 10.3074 8.12411 2.2
    endloop
  endfacet
  facet normal 0 0 -1
    outer loop
      vertex 10.1461 6.4865 2.2
      vertex 10.2363 8.32277 2.2
      vertex 10.2363 6.67723 2.2
    endloop
  endfacet
  facet normal 0 0 -1
    outer loop
      vertex 10.1461 6.4865 2.2
      vertex 10.1461 8.5135 2.2
      vertex 10.2363 8.32277 2.2
    endloop
  endfacet
  facet normal 0 0 -1
    outer loop
      vertex 10.0377 6.30552 2.2
      vertex 10.1461 8.5135 2.2
      vertex 10.1461 6.4865 2.2
    endloop
  endfacet
  facet normal 0 0 -1
    outer loop
      vertex 10.0377 6.30552 2.2
      vertex 10.0377 8.69448 2.2
      vertex 10.1461 8.5135 2.2
    endloop
  endfacet
  facet normal 0 0 -1
    outer loop
      vertex 9.91197 6.13605 2.2
      vertex 10.0377 8.69448 2.2
      vertex 10.0377 6.30552 2.2
    endloop
  endfacet
  facet normal 0 0 -1
    outer loop
      vertex 9.91197 6.13605 2.2
      vertex 9.91197 8.86395 2.2
      vertex 10.0377 8.69448 2.2
    endloop
  endfacet
  facet normal 0 0 -1
    outer loop
      vertex 9.77028 5.97972 2.2
      vertex 9.91197 8.86395 2.2
      vertex 9.91197 6.13605 2.2
    endloop
  endfacet
  facet normal 0 0 -1
    outer loop
      vertex 9.77028 5.97972 2.2
      vertex 9.77028 9.02028 2.2
      vertex 9.91197 8.86395 2.2
    endloop
  endfacet
  facet normal 0 0 -1
    outer loop
      vertex 9.61395 5.83803 2.2
      vertex 9.77028 9.02028 2.2
      vertex 9.77028 5.97972 2.2
    endloop
  endfacet
  facet normal 0 0 -1
    outer loop
      vertex 9.61395 5.83803 2.2
      vertex 9.61395 9.16197 2.2
      vertex 9.77028 9.02028 2.2
    endloop
  endfacet
  facet normal 0 0 -1
    outer loop
      vertex 9.44448 5.71234 2.2
      vertex 9.61395 9.16197 2.2
      vertex 9.61395 5.83803 2.2
    endloop
  endfacet
  facet normal 0 0 -1
    outer loop
      vertex 9.44448 5.71234 2.2
      vertex 9.44448 9.28766 2.2
      vertex 9.61395 9.16197 2.2
    endloop
  endfacet
  facet normal 0 0 -1
    outer loop
      vertex 9.2635 5.60387 2.2
      vertex 9.44448 9.28766 2.2
      vertex 9.44448 5.71234 2.2
    endloop
  endfacet
  facet normal 0 0 -1
    outer loop
      vertex 9.2635 5.60387 2.2
      vertex 9.2635 9.39613 2.2
      vertex 9.44448 9.28766 2.2
    endloop
  endfacet
  facet normal 0 0 -1
    outer loop
      vertex 9.07277 5.51366 2.2
      vertex 9.2635 9.39613 2.2
      vertex 9.2635 5.60387 2.2
    endloop
  endfacet
  facet normal 0 0 -1
    outer loop
      vertex 9.07277 5.51366 2.2
      vertex 9.07277 9.48634 2.2
      vertex 9.2635 9.39613 2.2
    endloop
  endfacet
  facet normal 0 0 -1
    outer loop
      vertex 8.87411 5.44258 2.2
      vertex 9.07277 9.48634 2.2
      vertex 9.07277 5.51366 2.2
    endloop
  endfacet
  facet normal 0 0 -1
    outer loop
      vertex 8.87411 5.44258 2.2
      vertex 8.87411 9.55742 2.2
      vertex 9.07277 9.48634 2.2
    endloop
  endfacet
  facet normal 0 0 -1
    outer loop
      vertex 8.66944 5.39131 2.2
      vertex 8.87411 9.55742 2.2
      vertex 8.87411 5.44258 2.2
    endloop
  endfacet
  facet normal 0 0 -1
    outer loop
      vertex 8.66944 5.39131 2.2
      vertex 8.66944 9.60869 2.2
      vertex 8.87411 9.55742 2.2
    endloop
  endfacet
  facet normal 0 0 -1
    outer loop
      vertex 8.46074 5.36035 2.2
      vertex 8.66944 9.60869 2.2
      vertex 8.66944 5.39131 2.2
    endloop
  endfacet
  facet normal 0 0 -1
    outer loop
      vertex 8.46074 5.36035 2.2
      vertex 8.46074 9.63965 2.2
      vertex 8.66944 9.60869 2.2
    endloop
  endfacet
  facet normal 0 0 -1
    outer loop
      vertex 8.25 5.35 2.2
      vertex 8.46074 9.63965 2.2
      vertex 8.46074 5.36035 2.2
    endloop
  endfacet
  facet normal 0 0 -1
    outer loop
      vertex 8.25 5.35 2.2
      vertex 8.25 9.65 2.2
      vertex 8.46074 9.63965 2.2
    endloop
  endfacet
  facet normal 0 0 -1
    outer loop
      vertex 8.03926 5.36035 2.2
      vertex 8.25 9.65 2.2
      vertex 8.25 5.35 2.2
    endloop
  endfacet
  facet normal 0 0 -1
    outer loop
      vertex 8.03926 5.36035 2.2
      vertex 8.03926 9.63965 2.2
      vertex 8.25 9.65 2.2
    endloop
  endfacet
  facet normal 0 0 -1
    outer loop
      vertex 7.83055 5.39131 2.2
      vertex 8.03926 9.63965 2.2
      vertex 8.03926 5.36035 2.2
    endloop
  endfacet
  facet normal 0 0 -1
    outer loop
      vertex 7.83055 5.39131 2.2
      vertex 7.83055 9.60869 2.2
      vertex 8.03926 9.63965 2.2
    endloop
  endfacet
  facet normal 0 0 -1
    outer loop
      vertex 7.62589 5.44258 2.2
      vertex 7.83055 9.60869 2.2
      vertex 7.83055 5.39131 2.2
    endloop
  endfacet
  facet normal 0 0 -1
    outer loop
      vertex 7.62589 5.44258 2.2
      vertex 7.62589 9.55742 2.2
      vertex 7.83055 9.60869 2.2
    endloop
  endfacet
  facet normal 0 0 -1
    outer loop
      vertex 7.42723 5.51366 2.2
      vertex 7.62589 9.55742 2.2
      vertex 7.62589 5.44258 2.2
    endloop
  endfacet
  facet normal 0 0 -1
    outer loop
      vertex 7.42723 5.51366 2.2
      vertex 7.42723 9.48634 2.2
      vertex 7.62589 9.55742 2.2
    endloop
  endfacet
  facet normal 0 0 -1
    outer loop
      vertex 7.2365 5.60387 2.2
      vertex 7.42723 9.48634 2.2
      vertex 7.42723 5.51366 2.2
    endloop
  endfacet
  facet normal 0 0 -1
    outer loop
      vertex 7.2365 5.60387 2.2
      vertex 7.2365 9.39613 2.2
      vertex 7.42723 9.48634 2.2
    endloop
  endfacet
  facet normal 0 0 -1
    outer loop
      vertex 7.05552 5.71234 2.2
      vertex 7.2365 9.39613 2.2
      vertex 7.2365 5.60387 2.2
    endloop
  endfacet
  facet normal 0 0 -1
    outer loop
      vertex 7.05552 5.71234 2.2
      vertex 7.05552 9.28766 2.2
      vertex 7.2365 9.39613 2.2
    endloop
  endfacet
  facet normal 0 0 -1
    outer loop
      vertex 6.88605 5.83803 2.2
      vertex 7.05552 9.28766 2.2
      vertex 7.05552 5.71234 2.2
    endloop
  endfacet
  facet normal 0 0 -1
    outer loop
      vertex 6.88605 5.83803 2.2
      vertex 6.88605 9.16197 2.2
      vertex 7.05552 9.28766 2.2
    endloop
  endfacet
  facet normal 0 0 -1
    outer loop
      vertex 6.72972 5.97972 2.2
      vertex 6.88605 9.16197 2.2
      vertex 6.88605 5.83803 2.2
    endloop
  endfacet
  facet normal 0 0 -1
    outer loop
      vertex 6.72972 5.97972 2.2
      vertex 6.72972 9.02028 2.2
      vertex 6.88605 9.16197 2.2
    endloop
  endfacet
  facet normal 0 0 -1
    outer loop
      vertex 6.58803 6.13605 2.2
      vertex 6.72972 9.02028 2.2
      vertex 6.72972 5.97972 2.2
    endloop
  endfacet
  facet normal 0 0 -1
    outer loop
      vertex 6.58803 6.13605 2.2
      vertex 6.58803 8.86395 2.2
      vertex 6.72972 9.02028 2.2
    endloop
  endfacet
  facet normal 0 0 -1
    outer loop
      vertex 6.46234 6.30552 2.2
      vertex 6.58803 8.86395 2.2
      vertex 6.58803 6.13605 2.2
    endloop
  endfacet
  facet normal 0 0 -1
    outer loop
      vertex 6.46234 6.30552 2.2
      vertex 6.46234 8.69448 2.2
      vertex 6.58803 8.86395 2.2
    endloop
  endfacet
  facet normal 0 0 -1
    outer loop
      vertex 6.35387 6.4865 2.2
      vertex 6.46234 8.69448 2.2
      vertex 6.46234 6.30552 2.2
    endloop
  endfacet
  facet normal 0 0 -1
    outer loop
      vertex 6.35387 6.4865 2.2
      vertex 6.35387 8.5135 2.2
      vertex 6.46234 8.69448 2.2
    endloop
  endfacet
  facet normal 0 0 -1
    outer loop
      vertex 6.26366 6.67723 2.2
      vertex 6.35387 8.5135 2.2
      vertex 6.35387 6.4865 2.2
    endloop
  endfacet
  facet normal 0 0 -1
    outer loop
      vertex 6.26366 6.67723 2.2
      vertex 6.26366 8.32277 2.2
      vertex 6.35387 8.5135 2.2
    endloop
  endfacet
  facet normal 0 0 -1
    outer loop
      vertex 6.19258 6.87589 2.2
      vertex 6.26366 8.32277 2.2
      vertex 6.26366 6.67723 2.2
    endloop
  endfacet
  facet normal 0 0 -1
    outer loop
      vertex 6.19258 6.87589 2.2
      vertex 6.19258 8.12411 2.2
      vertex 6.26366 8.32277 2.2
    endloop
  endfacet
  facet normal 0 0 -1
    outer loop
      vertex 6.14131 7.08055 2.2
      vertex 6.19258 8.12411 2.2
      vertex 6.19258 6.87589 2.2
    endloop
  endfacet
  facet normal 0 0 -1
    outer loop
      vertex 6.14131 7.08055 2.2
      vertex 6.14131 7.91944 2.2
      vertex 6.19258 8.12411 2.2
    endloop
  endfacet
  facet normal 0 0 -1
    outer loop
      vertex 6.11035 7.28926 2.2
      vertex 6.14131 7.91944 2.2
      vertex 6.14131 7.08055 2.2
    endloop
  endfacet
  facet normal 0 0 -1
    outer loop
      vertex 6.11035 7.28926 2.2
      vertex 6.11035 7.71074 2.2
      vertex 6.14131 7.91944 2.2
    endloop
  endfacet
  facet normal 0 -0 -1
    outer loop
      vertex 6.11035 7.71074 2.2
      vertex 6.11035 7.28926 2.2
      vertex 6.1 7.5 2.2
    endloop
  endfacet
endsolid OpenSCAD_Model
