solid OpenSCAD_Model
  facet normal -0.989175 -0.146739 0
    outer loop
      vertex -2.67837 -2.05639 13.35
      vertex -2.68845 -1.98844 13.75
      vertex -2.68845 -1.98844 13.35
    endloop
  endfacet
  facet normal -0.989175 -0.146739 0
    outer loop
      vertex -2.68845 -1.98844 13.75
      vertex -2.67837 -2.05639 13.35
      vertex -2.67837 -2.05639 13.75
    endloop
  endfacet
  facet normal -0.998796 -0.0490591 0
    outer loop
      vertex -2.675 -2.125 13.35
      vertex -2.67837 -2.05639 13.75
      vertex -2.67837 -2.05639 13.35
    endloop
  endfacet
  facet normal -0.998796 -0.0490591 0
    outer loop
      vertex -2.67837 -2.05639 13.75
      vertex -2.675 -2.125 13.35
      vertex -2.675 -2.125 13.75
    endloop
  endfacet
  facet normal -0.97004 -0.242947 0
    outer loop
      vertex -2.68845 -1.98844 13.35
      vertex -2.70514 -1.9218 13.75
      vertex -2.70514 -1.9218 13.35
    endloop
  endfacet
  facet normal -0.97004 -0.242947 0
    outer loop
      vertex -2.70514 -1.9218 13.75
      vertex -2.68845 -1.98844 13.35
      vertex -2.68845 -1.98844 13.75
    endloop
  endfacet
  facet normal -0.336853 0.941557 0
    outer loop
      vertex -3.10712 -2.77172 13.35
      vertex -3.1718 -2.79486 13.75
      vertex -3.10712 -2.77172 13.75
    endloop
  endfacet
  facet normal -0.336853 0.941557 0
    outer loop
      vertex -3.1718 -2.79486 13.75
      vertex -3.10712 -2.77172 13.35
      vertex -3.1718 -2.79486 13.35
    endloop
  endfacet
  facet normal -0.671534 -0.740973 0
    outer loop
      vertex -2.93092 -1.58389 13.35
      vertex -2.88002 -1.63002 13.75
      vertex -2.93092 -1.58389 13.75
    endloop
  endfacet
  facet normal -0.671534 -0.740973 -0
    outer loop
      vertex -2.88002 -1.63002 13.75
      vertex -2.93092 -1.58389 13.35
      vertex -2.88002 -1.63002 13.35
    endloop
  endfacet
  facet normal -0.941557 -0.336853 0
    outer loop
      vertex -2.70514 -1.9218 13.35
      vertex -2.72828 -1.85712 13.75
      vertex -2.72828 -1.85712 13.35
    endloop
  endfacet
  facet normal -0.941557 -0.336853 0
    outer loop
      vertex -2.72828 -1.85712 13.75
      vertex -2.70514 -1.9218 13.35
      vertex -2.70514 -1.9218 13.75
    endloop
  endfacet
  facet normal 0.514046 0.857763 -0
    outer loop
      vertex -3.70498 -2.74234 13.35
      vertex -3.7639 -2.70703 13.75
      vertex -3.70498 -2.74234 13.75
    endloop
  endfacet
  facet normal 0.514046 0.857763 0
    outer loop
      vertex -3.7639 -2.70703 13.75
      vertex -3.70498 -2.74234 13.35
      vertex -3.7639 -2.70703 13.35
    endloop
  endfacet
  facet normal -0.740973 -0.671534 0
    outer loop
      vertex -2.83389 -1.68092 13.35
      vertex -2.88002 -1.63002 13.75
      vertex -2.88002 -1.63002 13.35
    endloop
  endfacet
  facet normal -0.740973 -0.671534 0
    outer loop
      vertex -2.88002 -1.63002 13.75
      vertex -2.83389 -1.68092 13.35
      vertex -2.83389 -1.68092 13.75
    endloop
  endfacet
  facet normal -0.514046 0.857763 0
    outer loop
      vertex -2.9861 -2.70703 13.35
      vertex -3.04502 -2.74234 13.75
      vertex -2.9861 -2.70703 13.75
    endloop
  endfacet
  facet normal -0.514046 0.857763 0
    outer loop
      vertex -3.04502 -2.74234 13.75
      vertex -2.9861 -2.70703 13.35
      vertex -3.04502 -2.74234 13.35
    endloop
  endfacet
  facet normal 0.427542 -0.903996 0
    outer loop
      vertex -3.70498 -1.50765 13.35
      vertex -3.64288 -1.47828 13.75
      vertex -3.70498 -1.50765 13.75
    endloop
  endfacet
  facet normal 0.427542 -0.903996 0
    outer loop
      vertex -3.64288 -1.47828 13.75
      vertex -3.70498 -1.50765 13.35
      vertex -3.64288 -1.47828 13.35
    endloop
  endfacet
  facet normal -0.989175 0.146739 0
    outer loop
      vertex -2.68845 -2.26156 13.35
      vertex -2.67837 -2.19361 13.75
      vertex -2.67837 -2.19361 13.35
    endloop
  endfacet
  facet normal -0.989175 0.146739 0
    outer loop
      vertex -2.67837 -2.19361 13.75
      vertex -2.68845 -2.26156 13.35
      vertex -2.68845 -2.26156 13.75
    endloop
  endfacet
  facet normal -0.242947 0.97004 0
    outer loop
      vertex -3.1718 -2.79486 13.35
      vertex -3.23844 -2.81155 13.75
      vertex -3.1718 -2.79486 13.75
    endloop
  endfacet
  facet normal -0.242947 0.97004 0
    outer loop
      vertex -3.23844 -2.81155 13.75
      vertex -3.1718 -2.79486 13.35
      vertex -3.23844 -2.81155 13.35
    endloop
  endfacet
  facet normal 0.242947 -0.97004 0
    outer loop
      vertex -3.5782 -1.45514 13.35
      vertex -3.51156 -1.43845 13.75
      vertex -3.5782 -1.45514 13.75
    endloop
  endfacet
  facet normal 0.242947 -0.97004 0
    outer loop
      vertex -3.51156 -1.43845 13.75
      vertex -3.5782 -1.45514 13.35
      vertex -3.51156 -1.43845 13.35
    endloop
  endfacet
  facet normal 0.941557 0.336853 0
    outer loop
      vertex -4.02172 -2.39288 13.75
      vertex -4.04486 -2.3282 13.35
      vertex -4.04486 -2.3282 13.75
    endloop
  endfacet
  facet normal 0.941557 0.336853 0
    outer loop
      vertex -4.04486 -2.3282 13.35
      vertex -4.02172 -2.39288 13.75
      vertex -4.02172 -2.39288 13.35
    endloop
  endfacet
  facet normal -0.803186 0.595729 0
    outer loop
      vertex -2.83389 -2.56907 13.35
      vertex -2.79297 -2.5139 13.75
      vertex -2.79297 -2.5139 13.35
    endloop
  endfacet
  facet normal -0.803186 0.595729 0
    outer loop
      vertex -2.79297 -2.5139 13.75
      vertex -2.83389 -2.56907 13.35
      vertex -2.83389 -2.56907 13.75
    endloop
  endfacet
  facet normal 0.514153 -0.857698 0
    outer loop
      vertex -3.7639 -1.54297 13.35
      vertex -3.70498 -1.50765 13.75
      vertex -3.7639 -1.54297 13.75
    endloop
  endfacet
  facet normal 0.514153 -0.857698 0
    outer loop
      vertex -3.70498 -1.50765 13.75
      vertex -3.7639 -1.54297 13.35
      vertex -3.70498 -1.50765 13.35
    endloop
  endfacet
  facet normal 0.146739 0.989175 -0
    outer loop
      vertex -3.44361 -2.82163 13.35
      vertex -3.51156 -2.81155 13.75
      vertex -3.44361 -2.82163 13.75
    endloop
  endfacet
  facet normal 0.146739 0.989175 0
    outer loop
      vertex -3.51156 -2.81155 13.75
      vertex -3.44361 -2.82163 13.35
      vertex -3.51156 -2.81155 13.35
    endloop
  endfacet
  facet normal -0.595659 0.803237 0
    outer loop
      vertex -2.93092 -2.66611 13.35
      vertex -2.9861 -2.70703 13.75
      vertex -2.93092 -2.66611 13.75
    endloop
  endfacet
  facet normal -0.595659 0.803237 0
    outer loop
      vertex -2.9861 -2.70703 13.75
      vertex -2.93092 -2.66611 13.35
      vertex -2.9861 -2.70703 13.35
    endloop
  endfacet
  facet normal 0.242947 0.97004 -0
    outer loop
      vertex -3.51156 -2.81155 13.35
      vertex -3.5782 -2.79486 13.75
      vertex -3.51156 -2.81155 13.75
    endloop
  endfacet
  facet normal 0.242947 0.97004 0
    outer loop
      vertex -3.5782 -2.79486 13.75
      vertex -3.51156 -2.81155 13.35
      vertex -3.5782 -2.79486 13.35
    endloop
  endfacet
  facet normal -0.903996 0.427542 0
    outer loop
      vertex -2.75765 -2.45498 13.35
      vertex -2.72828 -2.39288 13.75
      vertex -2.72828 -2.39288 13.35
    endloop
  endfacet
  facet normal -0.903996 0.427542 0
    outer loop
      vertex -2.72828 -2.39288 13.75
      vertex -2.75765 -2.45498 13.35
      vertex -2.75765 -2.45498 13.75
    endloop
  endfacet
  facet normal -0.514153 -0.857698 0
    outer loop
      vertex -3.04502 -1.50765 13.35
      vertex -2.9861 -1.54297 13.75
      vertex -3.04502 -1.50765 13.75
    endloop
  endfacet
  facet normal -0.514153 -0.857698 -0
    outer loop
      vertex -2.9861 -1.54297 13.75
      vertex -3.04502 -1.50765 13.35
      vertex -2.9861 -1.54297 13.35
    endloop
  endfacet
  facet normal 0.857763 0.514046 0
    outer loop
      vertex -3.95703 -2.5139 13.75
      vertex -3.99234 -2.45498 13.35
      vertex -3.99234 -2.45498 13.75
    endloop
  endfacet
  facet normal 0.857763 0.514046 0
    outer loop
      vertex -3.99234 -2.45498 13.35
      vertex -3.95703 -2.5139 13.75
      vertex -3.95703 -2.5139 13.35
    endloop
  endfacet
  facet normal -0.97004 0.242947 0
    outer loop
      vertex -2.70514 -2.3282 13.35
      vertex -2.68845 -2.26156 13.75
      vertex -2.68845 -2.26156 13.35
    endloop
  endfacet
  facet normal -0.97004 0.242947 0
    outer loop
      vertex -2.68845 -2.26156 13.75
      vertex -2.70514 -2.3282 13.35
      vertex -2.70514 -2.3282 13.75
    endloop
  endfacet
  facet normal 0.857763 -0.514046 0
    outer loop
      vertex -3.99234 -1.79502 13.75
      vertex -3.95703 -1.7361 13.35
      vertex -3.95703 -1.7361 13.75
    endloop
  endfacet
  facet normal 0.857763 -0.514046 0
    outer loop
      vertex -3.95703 -1.7361 13.35
      vertex -3.99234 -1.79502 13.75
      vertex -3.99234 -1.79502 13.35
    endloop
  endfacet
  facet normal 0 0 1
    outer loop
      vertex -2.67837 -2.05639 13.35
      vertex -2.67837 -2.19361 13.35
      vertex -2.675 -2.125 13.35
    endloop
  endfacet
  facet normal 0 0 1
    outer loop
      vertex -2.68845 -1.98844 13.35
      vertex -2.67837 -2.19361 13.35
      vertex -2.67837 -2.05639 13.35
    endloop
  endfacet
  facet normal 0 0 1
    outer loop
      vertex -2.68845 -1.98844 13.35
      vertex -2.68845 -2.26156 13.35
      vertex -2.67837 -2.19361 13.35
    endloop
  endfacet
  facet normal 0 0 1
    outer loop
      vertex -2.70514 -1.9218 13.35
      vertex -2.68845 -2.26156 13.35
      vertex -2.68845 -1.98844 13.35
    endloop
  endfacet
  facet normal 0 0 1
    outer loop
      vertex -2.70514 -1.9218 13.35
      vertex -2.70514 -2.3282 13.35
      vertex -2.68845 -2.26156 13.35
    endloop
  endfacet
  facet normal 0 0 1
    outer loop
      vertex -2.72828 -1.85712 13.35
      vertex -2.70514 -2.3282 13.35
      vertex -2.70514 -1.9218 13.35
    endloop
  endfacet
  facet normal 0 0 1
    outer loop
      vertex -2.72828 -1.85712 13.35
      vertex -2.72828 -2.39288 13.35
      vertex -2.70514 -2.3282 13.35
    endloop
  endfacet
  facet normal 0 0 1
    outer loop
      vertex -2.75765 -1.79502 13.35
      vertex -2.72828 -2.39288 13.35
      vertex -2.72828 -1.85712 13.35
    endloop
  endfacet
  facet normal 0 0 1
    outer loop
      vertex -2.75765 -1.79502 13.35
      vertex -2.75765 -2.45498 13.35
      vertex -2.72828 -2.39288 13.35
    endloop
  endfacet
  facet normal 0 0 1
    outer loop
      vertex -2.79297 -1.7361 13.35
      vertex -2.75765 -2.45498 13.35
      vertex -2.75765 -1.79502 13.35
    endloop
  endfacet
  facet normal 0 0 1
    outer loop
      vertex -2.79297 -1.7361 13.35
      vertex -2.79297 -2.5139 13.35
      vertex -2.75765 -2.45498 13.35
    endloop
  endfacet
  facet normal 0 0 1
    outer loop
      vertex -2.83389 -1.68092 13.35
      vertex -2.79297 -2.5139 13.35
      vertex -2.79297 -1.7361 13.35
    endloop
  endfacet
  facet normal 0 0 1
    outer loop
      vertex -2.83389 -1.68092 13.35
      vertex -2.83389 -2.56907 13.35
      vertex -2.79297 -2.5139 13.35
    endloop
  endfacet
  facet normal 0 0 1
    outer loop
      vertex -2.88002 -1.63002 13.35
      vertex -2.83389 -2.56907 13.35
      vertex -2.83389 -1.68092 13.35
    endloop
  endfacet
  facet normal 0 0 1
    outer loop
      vertex -2.88002 -1.63002 13.35
      vertex -2.88002 -2.61997 13.35
      vertex -2.83389 -2.56907 13.35
    endloop
  endfacet
  facet normal 0 0 1
    outer loop
      vertex -2.93092 -1.58389 13.35
      vertex -2.88002 -2.61997 13.35
      vertex -2.88002 -1.63002 13.35
    endloop
  endfacet
  facet normal 0 0 1
    outer loop
      vertex -2.93092 -1.58389 13.35
      vertex -2.93092 -2.66611 13.35
      vertex -2.88002 -2.61997 13.35
    endloop
  endfacet
  facet normal 0 0 1
    outer loop
      vertex -2.9861 -1.54297 13.35
      vertex -2.93092 -2.66611 13.35
      vertex -2.93092 -1.58389 13.35
    endloop
  endfacet
  facet normal 0 0 1
    outer loop
      vertex -2.9861 -1.54297 13.35
      vertex -2.9861 -2.70703 13.35
      vertex -2.93092 -2.66611 13.35
    endloop
  endfacet
  facet normal 0 0 1
    outer loop
      vertex -3.04502 -1.50765 13.35
      vertex -2.9861 -2.70703 13.35
      vertex -2.9861 -1.54297 13.35
    endloop
  endfacet
  facet normal 0 0 1
    outer loop
      vertex -3.04502 -1.50765 13.35
      vertex -3.04502 -2.74234 13.35
      vertex -2.9861 -2.70703 13.35
    endloop
  endfacet
  facet normal 0 0 1
    outer loop
      vertex -3.10712 -1.47828 13.35
      vertex -3.04502 -2.74234 13.35
      vertex -3.04502 -1.50765 13.35
    endloop
  endfacet
  facet normal 0 0 1
    outer loop
      vertex -3.10712 -1.47828 13.35
      vertex -3.10712 -2.77172 13.35
      vertex -3.04502 -2.74234 13.35
    endloop
  endfacet
  facet normal 0 0 1
    outer loop
      vertex -3.1718 -1.45514 13.35
      vertex -3.10712 -2.77172 13.35
      vertex -3.10712 -1.47828 13.35
    endloop
  endfacet
  facet normal 0 0 1
    outer loop
      vertex -3.1718 -1.45514 13.35
      vertex -3.1718 -2.79486 13.35
      vertex -3.10712 -2.77172 13.35
    endloop
  endfacet
  facet normal 0 0 1
    outer loop
      vertex -3.23844 -1.43845 13.35
      vertex -3.1718 -2.79486 13.35
      vertex -3.1718 -1.45514 13.35
    endloop
  endfacet
  facet normal 0 0 1
    outer loop
      vertex -3.23844 -1.43845 13.35
      vertex -3.23844 -2.81155 13.35
      vertex -3.1718 -2.79486 13.35
    endloop
  endfacet
  facet normal 0 0 1
    outer loop
      vertex -3.30639 -1.42837 13.35
      vertex -3.23844 -2.81155 13.35
      vertex -3.23844 -1.43845 13.35
    endloop
  endfacet
  facet normal 0 0 1
    outer loop
      vertex -3.30639 -1.42837 13.35
      vertex -3.30639 -2.82163 13.35
      vertex -3.23844 -2.81155 13.35
    endloop
  endfacet
  facet normal 0 0 1
    outer loop
      vertex -3.375 -1.425 13.35
      vertex -3.30639 -2.82163 13.35
      vertex -3.30639 -1.42837 13.35
    endloop
  endfacet
  facet normal 0 0 1
    outer loop
      vertex -3.375 -1.425 13.35
      vertex -3.375 -2.825 13.35
      vertex -3.30639 -2.82163 13.35
    endloop
  endfacet
  facet normal -0 0 1
    outer loop
      vertex -3.44361 -1.42837 13.35
      vertex -3.375 -2.825 13.35
      vertex -3.375 -1.425 13.35
    endloop
  endfacet
  facet normal 0 0 1
    outer loop
      vertex -3.44361 -1.42837 13.35
      vertex -3.44361 -2.82163 13.35
      vertex -3.375 -2.825 13.35
    endloop
  endfacet
  facet normal -0 0 1
    outer loop
      vertex -3.51156 -1.43845 13.35
      vertex -3.44361 -2.82163 13.35
      vertex -3.44361 -1.42837 13.35
    endloop
  endfacet
  facet normal 0 0 1
    outer loop
      vertex -3.51156 -1.43845 13.35
      vertex -3.51156 -2.81155 13.35
      vertex -3.44361 -2.82163 13.35
    endloop
  endfacet
  facet normal -0 0 1
    outer loop
      vertex -3.5782 -1.45514 13.35
      vertex -3.51156 -2.81155 13.35
      vertex -3.51156 -1.43845 13.35
    endloop
  endfacet
  facet normal 0 0 1
    outer loop
      vertex -3.5782 -1.45514 13.35
      vertex -3.5782 -2.79486 13.35
      vertex -3.51156 -2.81155 13.35
    endloop
  endfacet
  facet normal -0 0 1
    outer loop
      vertex -3.64288 -1.47828 13.35
      vertex -3.5782 -2.79486 13.35
      vertex -3.5782 -1.45514 13.35
    endloop
  endfacet
  facet normal 0 0 1
    outer loop
      vertex -3.64288 -1.47828 13.35
      vertex -3.64288 -2.77172 13.35
      vertex -3.5782 -2.79486 13.35
    endloop
  endfacet
  facet normal -0 0 1
    outer loop
      vertex -3.70498 -1.50765 13.35
      vertex -3.64288 -2.77172 13.35
      vertex -3.64288 -1.47828 13.35
    endloop
  endfacet
  facet normal 0 0 1
    outer loop
      vertex -3.70498 -1.50765 13.35
      vertex -3.70498 -2.74234 13.35
      vertex -3.64288 -2.77172 13.35
    endloop
  endfacet
  facet normal -0 0 1
    outer loop
      vertex -3.7639 -1.54297 13.35
      vertex -3.70498 -2.74234 13.35
      vertex -3.70498 -1.50765 13.35
    endloop
  endfacet
  facet normal 0 0 1
    outer loop
      vertex -3.7639 -1.54297 13.35
      vertex -3.7639 -2.70703 13.35
      vertex -3.70498 -2.74234 13.35
    endloop
  endfacet
  facet normal -0 0 1
    outer loop
      vertex -3.81907 -1.58389 13.35
      vertex -3.7639 -2.70703 13.35
      vertex -3.7639 -1.54297 13.35
    endloop
  endfacet
  facet normal 0 0 1
    outer loop
      vertex -3.81907 -1.58389 13.35
      vertex -3.81907 -2.66611 13.35
      vertex -3.7639 -2.70703 13.35
    endloop
  endfacet
  facet normal -0 0 1
    outer loop
      vertex -3.86997 -1.63002 13.35
      vertex -3.81907 -2.66611 13.35
      vertex -3.81907 -1.58389 13.35
    endloop
  endfacet
  facet normal 0 0 1
    outer loop
      vertex -3.86997 -1.63002 13.35
      vertex -3.86997 -2.61997 13.35
      vertex -3.81907 -2.66611 13.35
    endloop
  endfacet
  facet normal -0 0 1
    outer loop
      vertex -3.91611 -1.68092 13.35
      vertex -3.86997 -2.61997 13.35
      vertex -3.86997 -1.63002 13.35
    endloop
  endfacet
  facet normal 0 0 1
    outer loop
      vertex -3.91611 -1.68092 13.35
      vertex -3.91611 -2.56907 13.35
      vertex -3.86997 -2.61997 13.35
    endloop
  endfacet
  facet normal -0 0 1
    outer loop
      vertex -3.95703 -1.7361 13.35
      vertex -3.91611 -2.56907 13.35
      vertex -3.91611 -1.68092 13.35
    endloop
  endfacet
  facet normal 0 0 1
    outer loop
      vertex -3.95703 -1.7361 13.35
      vertex -3.95703 -2.5139 13.35
      vertex -3.91611 -2.56907 13.35
    endloop
  endfacet
  facet normal -0 0 1
    outer loop
      vertex -3.99234 -1.79502 13.35
      vertex -3.95703 -2.5139 13.35
      vertex -3.95703 -1.7361 13.35
    endloop
  endfacet
  facet normal 0 0 1
    outer loop
      vertex -3.99234 -1.79502 13.35
      vertex -3.99234 -2.45498 13.35
      vertex -3.95703 -2.5139 13.35
    endloop
  endfacet
  facet normal -0 0 1
    outer loop
      vertex -4.02172 -1.85712 13.35
      vertex -3.99234 -2.45498 13.35
      vertex -3.99234 -1.79502 13.35
    endloop
  endfacet
  facet normal 0 0 1
    outer loop
      vertex -4.02172 -1.85712 13.35
      vertex -4.02172 -2.39288 13.35
      vertex -3.99234 -2.45498 13.35
    endloop
  endfacet
  facet normal -0 0 1
    outer loop
      vertex -4.04486 -1.9218 13.35
      vertex -4.02172 -2.39288 13.35
      vertex -4.02172 -1.85712 13.35
    endloop
  endfacet
  facet normal 0 0 1
    outer loop
      vertex -4.04486 -1.9218 13.35
      vertex -4.04486 -2.3282 13.35
      vertex -4.02172 -2.39288 13.35
    endloop
  endfacet
  facet normal -0 0 1
    outer loop
      vertex -4.06155 -1.98844 13.35
      vertex -4.04486 -2.3282 13.35
      vertex -4.04486 -1.9218 13.35
    endloop
  endfacet
  facet normal 0 0 1
    outer loop
      vertex -4.06155 -1.98844 13.35
      vertex -4.06155 -2.26156 13.35
      vertex -4.04486 -2.3282 13.35
    endloop
  endfacet
  facet normal -0 0 1
    outer loop
      vertex -4.07163 -2.05639 13.35
      vertex -4.06155 -2.26156 13.35
      vertex -4.06155 -1.98844 13.35
    endloop
  endfacet
  facet normal 0 0 1
    outer loop
      vertex -4.07163 -2.05639 13.35
      vertex -4.07163 -2.19361 13.35
      vertex -4.06155 -2.26156 13.35
    endloop
  endfacet
  facet normal 0 -0 1
    outer loop
      vertex -4.07163 -2.19361 13.35
      vertex -4.07163 -2.05639 13.35
      vertex -4.075 -2.125 13.35
    endloop
  endfacet
  facet normal 0.595729 -0.803186 0
    outer loop
      vertex -3.81907 -1.58389 13.35
      vertex -3.7639 -1.54297 13.75
      vertex -3.81907 -1.58389 13.75
    endloop
  endfacet
  facet normal 0.595729 -0.803186 0
    outer loop
      vertex -3.7639 -1.54297 13.75
      vertex -3.81907 -1.58389 13.35
      vertex -3.7639 -1.54297 13.35
    endloop
  endfacet
  facet normal 0.803186 0.595729 0
    outer loop
      vertex -3.91611 -2.56907 13.75
      vertex -3.95703 -2.5139 13.35
      vertex -3.95703 -2.5139 13.75
    endloop
  endfacet
  facet normal 0.803186 0.595729 0
    outer loop
      vertex -3.95703 -2.5139 13.35
      vertex -3.91611 -2.56907 13.75
      vertex -3.91611 -2.56907 13.35
    endloop
  endfacet
  facet normal -0.427542 -0.903996 0
    outer loop
      vertex -3.10712 -1.47828 13.35
      vertex -3.04502 -1.50765 13.75
      vertex -3.10712 -1.47828 13.75
    endloop
  endfacet
  facet normal -0.427542 -0.903996 -0
    outer loop
      vertex -3.04502 -1.50765 13.75
      vertex -3.10712 -1.47828 13.35
      vertex -3.04502 -1.50765 13.35
    endloop
  endfacet
  facet normal -0.146739 0.989175 0
    outer loop
      vertex -3.23844 -2.81155 13.35
      vertex -3.30639 -2.82163 13.75
      vertex -3.23844 -2.81155 13.75
    endloop
  endfacet
  facet normal -0.146739 0.989175 0
    outer loop
      vertex -3.30639 -2.82163 13.75
      vertex -3.23844 -2.81155 13.35
      vertex -3.30639 -2.82163 13.35
    endloop
  endfacet
  facet normal 0.146739 -0.989175 0
    outer loop
      vertex -3.51156 -1.43845 13.35
      vertex -3.44361 -1.42837 13.75
      vertex -3.51156 -1.43845 13.75
    endloop
  endfacet
  facet normal 0.146739 -0.989175 0
    outer loop
      vertex -3.44361 -1.42837 13.75
      vertex -3.51156 -1.43845 13.35
      vertex -3.44361 -1.42837 13.35
    endloop
  endfacet
  facet normal 0.903939 0.427661 0
    outer loop
      vertex -3.99234 -2.45498 13.75
      vertex -4.02172 -2.39288 13.35
      vertex -4.02172 -2.39288 13.75
    endloop
  endfacet
  facet normal 0.903939 0.427661 0
    outer loop
      vertex -4.02172 -2.39288 13.35
      vertex -3.99234 -2.45498 13.75
      vertex -3.99234 -2.45498 13.35
    endloop
  endfacet
  facet normal -0.998796 0.0490591 0
    outer loop
      vertex -2.67837 -2.19361 13.35
      vertex -2.675 -2.125 13.75
      vertex -2.675 -2.125 13.35
    endloop
  endfacet
  facet normal -0.998796 0.0490591 0
    outer loop
      vertex -2.675 -2.125 13.75
      vertex -2.67837 -2.19361 13.35
      vertex -2.67837 -2.19361 13.75
    endloop
  endfacet
  facet normal -0.242947 -0.97004 0
    outer loop
      vertex -3.23844 -1.43845 13.35
      vertex -3.1718 -1.45514 13.75
      vertex -3.23844 -1.43845 13.75
    endloop
  endfacet
  facet normal -0.242947 -0.97004 -0
    outer loop
      vertex -3.1718 -1.45514 13.75
      vertex -3.23844 -1.43845 13.35
      vertex -3.1718 -1.45514 13.35
    endloop
  endfacet
  facet normal 0.595729 0.803186 -0
    outer loop
      vertex -3.7639 -2.70703 13.35
      vertex -3.81907 -2.66611 13.75
      vertex -3.7639 -2.70703 13.75
    endloop
  endfacet
  facet normal 0.595729 0.803186 0
    outer loop
      vertex -3.81907 -2.66611 13.75
      vertex -3.7639 -2.70703 13.35
      vertex -3.81907 -2.66611 13.35
    endloop
  endfacet
  facet normal 0.740901 -0.671614 0
    outer loop
      vertex -3.91611 -1.68092 13.75
      vertex -3.86997 -1.63002 13.35
      vertex -3.86997 -1.63002 13.75
    endloop
  endfacet
  facet normal 0.740901 -0.671614 0
    outer loop
      vertex -3.86997 -1.63002 13.35
      vertex -3.91611 -1.68092 13.75
      vertex -3.91611 -1.68092 13.35
    endloop
  endfacet
  facet normal -0.857698 0.514153 0
    outer loop
      vertex -2.79297 -2.5139 13.35
      vertex -2.75765 -2.45498 13.75
      vertex -2.75765 -2.45498 13.35
    endloop
  endfacet
  facet normal -0.857698 0.514153 0
    outer loop
      vertex -2.75765 -2.45498 13.75
      vertex -2.79297 -2.5139 13.35
      vertex -2.79297 -2.5139 13.75
    endloop
  endfacet
  facet normal -0.595659 -0.803237 0
    outer loop
      vertex -2.9861 -1.54297 13.35
      vertex -2.93092 -1.58389 13.75
      vertex -2.9861 -1.54297 13.75
    endloop
  endfacet
  facet normal -0.595659 -0.803237 -0
    outer loop
      vertex -2.93092 -1.58389 13.75
      vertex -2.9861 -1.54297 13.35
      vertex -2.93092 -1.58389 13.35
    endloop
  endfacet
  facet normal -0.336853 -0.941557 0
    outer loop
      vertex -3.1718 -1.45514 13.35
      vertex -3.10712 -1.47828 13.75
      vertex -3.1718 -1.45514 13.75
    endloop
  endfacet
  facet normal -0.336853 -0.941557 -0
    outer loop
      vertex -3.10712 -1.47828 13.75
      vertex -3.1718 -1.45514 13.35
      vertex -3.10712 -1.47828 13.35
    endloop
  endfacet
  facet normal -0.803237 -0.595659 0
    outer loop
      vertex -2.79297 -1.7361 13.35
      vertex -2.83389 -1.68092 13.75
      vertex -2.83389 -1.68092 13.35
    endloop
  endfacet
  facet normal -0.803237 -0.595659 0
    outer loop
      vertex -2.83389 -1.68092 13.75
      vertex -2.79297 -1.7361 13.35
      vertex -2.79297 -1.7361 13.75
    endloop
  endfacet
  facet normal -0.857698 -0.514153 0
    outer loop
      vertex -2.75765 -1.79502 13.35
      vertex -2.79297 -1.7361 13.75
      vertex -2.79297 -1.7361 13.35
    endloop
  endfacet
  facet normal -0.857698 -0.514153 0
    outer loop
      vertex -2.79297 -1.7361 13.75
      vertex -2.75765 -1.79502 13.35
      vertex -2.75765 -1.79502 13.75
    endloop
  endfacet
  facet normal 0.427661 0.903939 -0
    outer loop
      vertex -3.64288 -2.77172 13.35
      vertex -3.70498 -2.74234 13.75
      vertex -3.64288 -2.77172 13.75
    endloop
  endfacet
  facet normal 0.427661 0.903939 0
    outer loop
      vertex -3.70498 -2.74234 13.75
      vertex -3.64288 -2.77172 13.35
      vertex -3.70498 -2.74234 13.35
    endloop
  endfacet
  facet normal 0.97004 0.242947 0
    outer loop
      vertex -4.04486 -2.3282 13.75
      vertex -4.06155 -2.26156 13.35
      vertex -4.06155 -2.26156 13.75
    endloop
  endfacet
  facet normal 0.97004 0.242947 0
    outer loop
      vertex -4.06155 -2.26156 13.35
      vertex -4.04486 -2.3282 13.75
      vertex -4.04486 -2.3282 13.35
    endloop
  endfacet
  facet normal -0.903996 -0.427542 0
    outer loop
      vertex -2.72828 -1.85712 13.35
      vertex -2.75765 -1.79502 13.75
      vertex -2.75765 -1.79502 13.35
    endloop
  endfacet
  facet normal -0.903996 -0.427542 0
    outer loop
      vertex -2.75765 -1.79502 13.75
      vertex -2.72828 -1.85712 13.35
      vertex -2.72828 -1.85712 13.75
    endloop
  endfacet
  facet normal -0.427661 0.903939 0
    outer loop
      vertex -3.04502 -2.74234 13.35
      vertex -3.10712 -2.77172 13.75
      vertex -3.04502 -2.74234 13.75
    endloop
  endfacet
  facet normal -0.427661 0.903939 0
    outer loop
      vertex -3.10712 -2.77172 13.75
      vertex -3.04502 -2.74234 13.35
      vertex -3.10712 -2.77172 13.35
    endloop
  endfacet
  facet normal -0.146739 -0.989175 0
    outer loop
      vertex -3.30639 -1.42837 13.35
      vertex -3.23844 -1.43845 13.75
      vertex -3.30639 -1.42837 13.75
    endloop
  endfacet
  facet normal -0.146739 -0.989175 -0
    outer loop
      vertex -3.23844 -1.43845 13.75
      vertex -3.30639 -1.42837 13.35
      vertex -3.23844 -1.43845 13.35
    endloop
  endfacet
  facet normal 0.671534 -0.740973 0
    outer loop
      vertex -3.86997 -1.63002 13.35
      vertex -3.81907 -1.58389 13.75
      vertex -3.86997 -1.63002 13.75
    endloop
  endfacet
  facet normal 0.671534 -0.740973 0
    outer loop
      vertex -3.81907 -1.58389 13.75
      vertex -3.86997 -1.63002 13.35
      vertex -3.81907 -1.58389 13.35
    endloop
  endfacet
  facet normal 0.989175 -0.146739 0
    outer loop
      vertex -4.07163 -2.05639 13.75
      vertex -4.06155 -1.98844 13.35
      vertex -4.06155 -1.98844 13.75
    endloop
  endfacet
  facet normal 0.989175 -0.146739 0
    outer loop
      vertex -4.06155 -1.98844 13.35
      vertex -4.07163 -2.05639 13.75
      vertex -4.07163 -2.05639 13.35
    endloop
  endfacet
  facet normal 0.941557 -0.336853 0
    outer loop
      vertex -4.04486 -1.9218 13.75
      vertex -4.02172 -1.85712 13.35
      vertex -4.02172 -1.85712 13.75
    endloop
  endfacet
  facet normal 0.941557 -0.336853 0
    outer loop
      vertex -4.02172 -1.85712 13.35
      vertex -4.04486 -1.9218 13.75
      vertex -4.04486 -1.9218 13.35
    endloop
  endfacet
  facet normal 0.336853 -0.941557 0
    outer loop
      vertex -3.64288 -1.47828 13.35
      vertex -3.5782 -1.45514 13.75
      vertex -3.64288 -1.47828 13.75
    endloop
  endfacet
  facet normal 0.336853 -0.941557 0
    outer loop
      vertex -3.5782 -1.45514 13.75
      vertex -3.64288 -1.47828 13.35
      vertex -3.5782 -1.45514 13.35
    endloop
  endfacet
  facet normal 0.998796 0.0490591 0
    outer loop
      vertex -4.07163 -2.19361 13.75
      vertex -4.075 -2.125 13.35
      vertex -4.075 -2.125 13.75
    endloop
  endfacet
  facet normal 0.998796 0.0490591 0
    outer loop
      vertex -4.075 -2.125 13.35
      vertex -4.07163 -2.19361 13.75
      vertex -4.07163 -2.19361 13.35
    endloop
  endfacet
  facet normal -0.671614 0.740901 0
    outer loop
      vertex -2.88002 -2.61997 13.35
      vertex -2.93092 -2.66611 13.75
      vertex -2.88002 -2.61997 13.75
    endloop
  endfacet
  facet normal -0.671614 0.740901 0
    outer loop
      vertex -2.93092 -2.66611 13.75
      vertex -2.88002 -2.61997 13.35
      vertex -2.93092 -2.66611 13.35
    endloop
  endfacet
  facet normal 0.0490591 -0.998796 0
    outer loop
      vertex -3.44361 -1.42837 13.35
      vertex -3.375 -1.425 13.75
      vertex -3.44361 -1.42837 13.75
    endloop
  endfacet
  facet normal 0.0490591 -0.998796 0
    outer loop
      vertex -3.375 -1.425 13.75
      vertex -3.44361 -1.42837 13.35
      vertex -3.375 -1.425 13.35
    endloop
  endfacet
  facet normal 0.803237 -0.595659 0
    outer loop
      vertex -3.95703 -1.7361 13.75
      vertex -3.91611 -1.68092 13.35
      vertex -3.91611 -1.68092 13.75
    endloop
  endfacet
  facet normal 0.803237 -0.595659 0
    outer loop
      vertex -3.91611 -1.68092 13.35
      vertex -3.95703 -1.7361 13.75
      vertex -3.95703 -1.7361 13.35
    endloop
  endfacet
  facet normal 0.740901 0.671614 0
    outer loop
      vertex -3.86997 -2.61997 13.75
      vertex -3.91611 -2.56907 13.35
      vertex -3.91611 -2.56907 13.75
    endloop
  endfacet
  facet normal 0.740901 0.671614 0
    outer loop
      vertex -3.91611 -2.56907 13.35
      vertex -3.86997 -2.61997 13.75
      vertex -3.86997 -2.61997 13.35
    endloop
  endfacet
  facet normal -0.0490591 0.998796 0
    outer loop
      vertex -3.30639 -2.82163 13.35
      vertex -3.375 -2.825 13.75
      vertex -3.30639 -2.82163 13.75
    endloop
  endfacet
  facet normal -0.0490591 0.998796 0
    outer loop
      vertex -3.375 -2.825 13.75
      vertex -3.30639 -2.82163 13.35
      vertex -3.375 -2.825 13.35
    endloop
  endfacet
  facet normal 0.989175 0.146739 0
    outer loop
      vertex -4.06155 -2.26156 13.75
      vertex -4.07163 -2.19361 13.35
      vertex -4.07163 -2.19361 13.75
    endloop
  endfacet
  facet normal 0.989175 0.146739 0
    outer loop
      vertex -4.07163 -2.19361 13.35
      vertex -4.06155 -2.26156 13.75
      vertex -4.06155 -2.26156 13.35
    endloop
  endfacet
  facet normal -0.0490591 -0.998796 0
    outer loop
      vertex -3.375 -1.425 13.35
      vertex -3.30639 -1.42837 13.75
      vertex -3.375 -1.425 13.75
    endloop
  endfacet
  facet normal -0.0490591 -0.998796 -0
    outer loop
      vertex -3.30639 -1.42837 13.75
      vertex -3.375 -1.425 13.35
      vertex -3.30639 -1.42837 13.35
    endloop
  endfacet
  facet normal 0.97004 -0.242947 0
    outer loop
      vertex -4.06155 -1.98844 13.75
      vertex -4.04486 -1.9218 13.35
      vertex -4.04486 -1.9218 13.75
    endloop
  endfacet
  facet normal 0.97004 -0.242947 0
    outer loop
      vertex -4.04486 -1.9218 13.35
      vertex -4.06155 -1.98844 13.75
      vertex -4.06155 -1.98844 13.35
    endloop
  endfacet
  facet normal 0.903939 -0.427661 0
    outer loop
      vertex -4.02172 -1.85712 13.75
      vertex -3.99234 -1.79502 13.35
      vertex -3.99234 -1.79502 13.75
    endloop
  endfacet
  facet normal 0.903939 -0.427661 0
    outer loop
      vertex -3.99234 -1.79502 13.35
      vertex -4.02172 -1.85712 13.75
      vertex -4.02172 -1.85712 13.35
    endloop
  endfacet
  facet normal -0.941557 0.336853 0
    outer loop
      vertex -2.72828 -2.39288 13.35
      vertex -2.70514 -2.3282 13.75
      vertex -2.70514 -2.3282 13.35
    endloop
  endfacet
  facet normal -0.941557 0.336853 0
    outer loop
      vertex -2.70514 -2.3282 13.75
      vertex -2.72828 -2.39288 13.35
      vertex -2.72828 -2.39288 13.75
    endloop
  endfacet
  facet normal 0.671614 0.740901 -0
    outer loop
      vertex -3.81907 -2.66611 13.35
      vertex -3.86997 -2.61997 13.75
      vertex -3.81907 -2.66611 13.75
    endloop
  endfacet
  facet normal 0.671614 0.740901 0
    outer loop
      vertex -3.86997 -2.61997 13.75
      vertex -3.81907 -2.66611 13.35
      vertex -3.86997 -2.61997 13.35
    endloop
  endfacet
  facet normal 0.0490591 0.998796 -0
    outer loop
      vertex -3.375 -2.825 13.35
      vertex -3.44361 -2.82163 13.75
      vertex -3.375 -2.825 13.75
    endloop
  endfacet
  facet normal 0.0490591 0.998796 0
    outer loop
      vertex -3.44361 -2.82163 13.75
      vertex -3.375 -2.825 13.35
      vertex -3.44361 -2.82163 13.35
    endloop
  endfacet
  facet normal 0.998796 -0.0490591 0
    outer loop
      vertex -4.075 -2.125 13.75
      vertex -4.07163 -2.05639 13.35
      vertex -4.07163 -2.05639 13.75
    endloop
  endfacet
  facet normal 0.998796 -0.0490591 0
    outer loop
      vertex -4.07163 -2.05639 13.35
      vertex -4.075 -2.125 13.75
      vertex -4.075 -2.125 13.35
    endloop
  endfacet
  facet normal 0.336853 0.941557 -0
    outer loop
      vertex -3.5782 -2.79486 13.35
      vertex -3.64288 -2.77172 13.75
      vertex -3.5782 -2.79486 13.75
    endloop
  endfacet
  facet normal 0.336853 0.941557 0
    outer loop
      vertex -3.64288 -2.77172 13.75
      vertex -3.5782 -2.79486 13.35
      vertex -3.64288 -2.77172 13.35
    endloop
  endfacet
  facet normal -0.740973 0.671534 0
    outer loop
      vertex -2.88002 -2.61997 13.35
      vertex -2.83389 -2.56907 13.75
      vertex -2.83389 -2.56907 13.35
    endloop
  endfacet
  facet normal -0.740973 0.671534 0
    outer loop
      vertex -2.83389 -2.56907 13.75
      vertex -2.88002 -2.61997 13.35
      vertex -2.88002 -2.61997 13.75
    endloop
  endfacet
  facet normal -0.989175 -0.146739 0
    outer loop
      vertex 4.07163 -2.05639 13.35
      vertex 4.06155 -1.98844 13.75
      vertex 4.06155 -1.98844 13.35
    endloop
  endfacet
  facet normal -0.989175 -0.146739 0
    outer loop
      vertex 4.06155 -1.98844 13.75
      vertex 4.07163 -2.05639 13.35
      vertex 4.07163 -2.05639 13.75
    endloop
  endfacet
  facet normal -0.998796 -0.0490591 0
    outer loop
      vertex 4.075 -2.125 13.35
      vertex 4.07163 -2.05639 13.75
      vertex 4.07163 -2.05639 13.35
    endloop
  endfacet
  facet normal -0.998796 -0.0490591 0
    outer loop
      vertex 4.07163 -2.05639 13.75
      vertex 4.075 -2.125 13.35
      vertex 4.075 -2.125 13.75
    endloop
  endfacet
  facet normal -0.97004 -0.242947 0
    outer loop
      vertex 4.06155 -1.98844 13.35
      vertex 4.04486 -1.9218 13.75
      vertex 4.04486 -1.9218 13.35
    endloop
  endfacet
  facet normal -0.97004 -0.242947 0
    outer loop
      vertex 4.04486 -1.9218 13.75
      vertex 4.06155 -1.98844 13.35
      vertex 4.06155 -1.98844 13.75
    endloop
  endfacet
  facet normal -0.336853 0.941557 0
    outer loop
      vertex 3.64288 -2.77172 13.35
      vertex 3.5782 -2.79486 13.75
      vertex 3.64288 -2.77172 13.75
    endloop
  endfacet
  facet normal -0.336853 0.941557 0
    outer loop
      vertex 3.5782 -2.79486 13.75
      vertex 3.64288 -2.77172 13.35
      vertex 3.5782 -2.79486 13.35
    endloop
  endfacet
  facet normal -0.671534 -0.740973 0
    outer loop
      vertex 3.81907 -1.58389 13.35
      vertex 3.86997 -1.63002 13.75
      vertex 3.81907 -1.58389 13.75
    endloop
  endfacet
  facet normal -0.671534 -0.740973 -0
    outer loop
      vertex 3.86997 -1.63002 13.75
      vertex 3.81907 -1.58389 13.35
      vertex 3.86997 -1.63002 13.35
    endloop
  endfacet
  facet normal 0.514046 0.857763 -0
    outer loop
      vertex 3.04502 -2.74234 13.35
      vertex 2.9861 -2.70703 13.75
      vertex 3.04502 -2.74234 13.75
    endloop
  endfacet
  facet normal 0.514046 0.857763 0
    outer loop
      vertex 2.9861 -2.70703 13.75
      vertex 3.04502 -2.74234 13.35
      vertex 2.9861 -2.70703 13.35
    endloop
  endfacet
  facet normal -0.740901 -0.671614 0
    outer loop
      vertex 3.91611 -1.68092 13.35
      vertex 3.86997 -1.63002 13.75
      vertex 3.86997 -1.63002 13.35
    endloop
  endfacet
  facet normal -0.740901 -0.671614 0
    outer loop
      vertex 3.86997 -1.63002 13.75
      vertex 3.91611 -1.68092 13.35
      vertex 3.91611 -1.68092 13.75
    endloop
  endfacet
  facet normal -0.514046 0.857763 0
    outer loop
      vertex 3.7639 -2.70703 13.35
      vertex 3.70498 -2.74234 13.75
      vertex 3.7639 -2.70703 13.75
    endloop
  endfacet
  facet normal -0.514046 0.857763 0
    outer loop
      vertex 3.70498 -2.74234 13.75
      vertex 3.7639 -2.70703 13.35
      vertex 3.70498 -2.74234 13.35
    endloop
  endfacet
  facet normal 0.427542 -0.903996 0
    outer loop
      vertex 3.04502 -1.50765 13.35
      vertex 3.10712 -1.47828 13.75
      vertex 3.04502 -1.50765 13.75
    endloop
  endfacet
  facet normal 0.427542 -0.903996 0
    outer loop
      vertex 3.10712 -1.47828 13.75
      vertex 3.04502 -1.50765 13.35
      vertex 3.10712 -1.47828 13.35
    endloop
  endfacet
  facet normal -0.989175 0.146739 0
    outer loop
      vertex 4.06155 -2.26156 13.35
      vertex 4.07163 -2.19361 13.75
      vertex 4.07163 -2.19361 13.35
    endloop
  endfacet
  facet normal -0.989175 0.146739 0
    outer loop
      vertex 4.07163 -2.19361 13.75
      vertex 4.06155 -2.26156 13.35
      vertex 4.06155 -2.26156 13.75
    endloop
  endfacet
  facet normal -0.242947 0.97004 0
    outer loop
      vertex 3.5782 -2.79486 13.35
      vertex 3.51156 -2.81155 13.75
      vertex 3.5782 -2.79486 13.75
    endloop
  endfacet
  facet normal -0.242947 0.97004 0
    outer loop
      vertex 3.51156 -2.81155 13.75
      vertex 3.5782 -2.79486 13.35
      vertex 3.51156 -2.81155 13.35
    endloop
  endfacet
  facet normal 0.242947 -0.97004 0
    outer loop
      vertex 3.1718 -1.45514 13.35
      vertex 3.23844 -1.43845 13.75
      vertex 3.1718 -1.45514 13.75
    endloop
  endfacet
  facet normal 0.242947 -0.97004 0
    outer loop
      vertex 3.23844 -1.43845 13.75
      vertex 3.1718 -1.45514 13.35
      vertex 3.23844 -1.43845 13.35
    endloop
  endfacet
  facet normal 0.941557 0.336853 0
    outer loop
      vertex 2.72828 -2.39288 13.75
      vertex 2.70514 -2.3282 13.35
      vertex 2.70514 -2.3282 13.75
    endloop
  endfacet
  facet normal 0.941557 0.336853 0
    outer loop
      vertex 2.70514 -2.3282 13.35
      vertex 2.72828 -2.39288 13.75
      vertex 2.72828 -2.39288 13.35
    endloop
  endfacet
  facet normal -0.803186 0.595729 0
    outer loop
      vertex 3.91611 -2.56907 13.35
      vertex 3.95703 -2.5139 13.75
      vertex 3.95703 -2.5139 13.35
    endloop
  endfacet
  facet normal -0.803186 0.595729 0
    outer loop
      vertex 3.95703 -2.5139 13.75
      vertex 3.91611 -2.56907 13.35
      vertex 3.91611 -2.56907 13.75
    endloop
  endfacet
  facet normal 0.514153 -0.857698 0
    outer loop
      vertex 2.9861 -1.54297 13.35
      vertex 3.04502 -1.50765 13.75
      vertex 2.9861 -1.54297 13.75
    endloop
  endfacet
  facet normal 0.514153 -0.857698 0
    outer loop
      vertex 3.04502 -1.50765 13.75
      vertex 2.9861 -1.54297 13.35
      vertex 3.04502 -1.50765 13.35
    endloop
  endfacet
  facet normal 0.146739 0.989175 -0
    outer loop
      vertex 3.30639 -2.82163 13.35
      vertex 3.23844 -2.81155 13.75
      vertex 3.30639 -2.82163 13.75
    endloop
  endfacet
  facet normal 0.146739 0.989175 0
    outer loop
      vertex 3.23844 -2.81155 13.75
      vertex 3.30639 -2.82163 13.35
      vertex 3.23844 -2.81155 13.35
    endloop
  endfacet
  facet normal -0.595729 0.803186 0
    outer loop
      vertex 3.81907 -2.66611 13.35
      vertex 3.7639 -2.70703 13.75
      vertex 3.81907 -2.66611 13.75
    endloop
  endfacet
  facet normal -0.595729 0.803186 0
    outer loop
      vertex 3.7639 -2.70703 13.75
      vertex 3.81907 -2.66611 13.35
      vertex 3.7639 -2.70703 13.35
    endloop
  endfacet
  facet normal 0.242947 0.97004 -0
    outer loop
      vertex 3.23844 -2.81155 13.35
      vertex 3.1718 -2.79486 13.75
      vertex 3.23844 -2.81155 13.75
    endloop
  endfacet
  facet normal 0.242947 0.97004 0
    outer loop
      vertex 3.1718 -2.79486 13.75
      vertex 3.23844 -2.81155 13.35
      vertex 3.1718 -2.79486 13.35
    endloop
  endfacet
  facet normal -0.903939 0.427661 0
    outer loop
      vertex 3.99234 -2.45498 13.35
      vertex 4.02172 -2.39288 13.75
      vertex 4.02172 -2.39288 13.35
    endloop
  endfacet
  facet normal -0.903939 0.427661 0
    outer loop
      vertex 4.02172 -2.39288 13.75
      vertex 3.99234 -2.45498 13.35
      vertex 3.99234 -2.45498 13.75
    endloop
  endfacet
  facet normal -0.514153 -0.857698 0
    outer loop
      vertex 3.70498 -1.50765 13.35
      vertex 3.7639 -1.54297 13.75
      vertex 3.70498 -1.50765 13.75
    endloop
  endfacet
  facet normal -0.514153 -0.857698 -0
    outer loop
      vertex 3.7639 -1.54297 13.75
      vertex 3.70498 -1.50765 13.35
      vertex 3.7639 -1.54297 13.35
    endloop
  endfacet
  facet normal 0.857698 0.514153 0
    outer loop
      vertex 2.79297 -2.5139 13.75
      vertex 2.75765 -2.45498 13.35
      vertex 2.75765 -2.45498 13.75
    endloop
  endfacet
  facet normal 0.857698 0.514153 0
    outer loop
      vertex 2.75765 -2.45498 13.35
      vertex 2.79297 -2.5139 13.75
      vertex 2.79297 -2.5139 13.35
    endloop
  endfacet
  facet normal -0.97004 0.242947 0
    outer loop
      vertex 4.04486 -2.3282 13.35
      vertex 4.06155 -2.26156 13.75
      vertex 4.06155 -2.26156 13.35
    endloop
  endfacet
  facet normal -0.97004 0.242947 0
    outer loop
      vertex 4.06155 -2.26156 13.75
      vertex 4.04486 -2.3282 13.35
      vertex 4.04486 -2.3282 13.75
    endloop
  endfacet
  facet normal 0.857698 -0.514153 0
    outer loop
      vertex 2.75765 -1.79502 13.75
      vertex 2.79297 -1.7361 13.35
      vertex 2.79297 -1.7361 13.75
    endloop
  endfacet
  facet normal 0.857698 -0.514153 0
    outer loop
      vertex 2.79297 -1.7361 13.35
      vertex 2.75765 -1.79502 13.75
      vertex 2.75765 -1.79502 13.35
    endloop
  endfacet
  facet normal 0 0 1
    outer loop
      vertex 4.07163 -2.05639 13.35
      vertex 4.07163 -2.19361 13.35
      vertex 4.075 -2.125 13.35
    endloop
  endfacet
  facet normal 0 0 1
    outer loop
      vertex 4.06155 -1.98844 13.35
      vertex 4.07163 -2.19361 13.35
      vertex 4.07163 -2.05639 13.35
    endloop
  endfacet
  facet normal 0 0 1
    outer loop
      vertex 4.06155 -1.98844 13.35
      vertex 4.06155 -2.26156 13.35
      vertex 4.07163 -2.19361 13.35
    endloop
  endfacet
  facet normal 0 0 1
    outer loop
      vertex 4.04486 -1.9218 13.35
      vertex 4.06155 -2.26156 13.35
      vertex 4.06155 -1.98844 13.35
    endloop
  endfacet
  facet normal 0 0 1
    outer loop
      vertex 4.04486 -1.9218 13.35
      vertex 4.04486 -2.3282 13.35
      vertex 4.06155 -2.26156 13.35
    endloop
  endfacet
  facet normal 0 0 1
    outer loop
      vertex 4.02172 -1.85712 13.35
      vertex 4.04486 -2.3282 13.35
      vertex 4.04486 -1.9218 13.35
    endloop
  endfacet
  facet normal 0 0 1
    outer loop
      vertex 4.02172 -1.85712 13.35
      vertex 4.02172 -2.39288 13.35
      vertex 4.04486 -2.3282 13.35
    endloop
  endfacet
  facet normal 0 0 1
    outer loop
      vertex 3.99234 -1.79502 13.35
      vertex 4.02172 -2.39288 13.35
      vertex 4.02172 -1.85712 13.35
    endloop
  endfacet
  facet normal 0 0 1
    outer loop
      vertex 3.99234 -1.79502 13.35
      vertex 3.99234 -2.45498 13.35
      vertex 4.02172 -2.39288 13.35
    endloop
  endfacet
  facet normal 0 0 1
    outer loop
      vertex 3.95703 -1.7361 13.35
      vertex 3.99234 -2.45498 13.35
      vertex 3.99234 -1.79502 13.35
    endloop
  endfacet
  facet normal 0 0 1
    outer loop
      vertex 3.95703 -1.7361 13.35
      vertex 3.95703 -2.5139 13.35
      vertex 3.99234 -2.45498 13.35
    endloop
  endfacet
  facet normal 0 0 1
    outer loop
      vertex 3.91611 -1.68092 13.35
      vertex 3.95703 -2.5139 13.35
      vertex 3.95703 -1.7361 13.35
    endloop
  endfacet
  facet normal 0 0 1
    outer loop
      vertex 3.91611 -1.68092 13.35
      vertex 3.91611 -2.56907 13.35
      vertex 3.95703 -2.5139 13.35
    endloop
  endfacet
  facet normal 0 0 1
    outer loop
      vertex 3.86997 -1.63002 13.35
      vertex 3.91611 -2.56907 13.35
      vertex 3.91611 -1.68092 13.35
    endloop
  endfacet
  facet normal 0 0 1
    outer loop
      vertex 3.86997 -1.63002 13.35
      vertex 3.86997 -2.61997 13.35
      vertex 3.91611 -2.56907 13.35
    endloop
  endfacet
  facet normal 0 0 1
    outer loop
      vertex 3.81907 -1.58389 13.35
      vertex 3.86997 -2.61997 13.35
      vertex 3.86997 -1.63002 13.35
    endloop
  endfacet
  facet normal 0 0 1
    outer loop
      vertex 3.81907 -1.58389 13.35
      vertex 3.81907 -2.66611 13.35
      vertex 3.86997 -2.61997 13.35
    endloop
  endfacet
  facet normal 0 0 1
    outer loop
      vertex 3.7639 -1.54297 13.35
      vertex 3.81907 -2.66611 13.35
      vertex 3.81907 -1.58389 13.35
    endloop
  endfacet
  facet normal 0 0 1
    outer loop
      vertex 3.7639 -1.54297 13.35
      vertex 3.7639 -2.70703 13.35
      vertex 3.81907 -2.66611 13.35
    endloop
  endfacet
  facet normal 0 0 1
    outer loop
      vertex 3.70498 -1.50765 13.35
      vertex 3.7639 -2.70703 13.35
      vertex 3.7639 -1.54297 13.35
    endloop
  endfacet
  facet normal 0 0 1
    outer loop
      vertex 3.70498 -1.50765 13.35
      vertex 3.70498 -2.74234 13.35
      vertex 3.7639 -2.70703 13.35
    endloop
  endfacet
  facet normal 0 0 1
    outer loop
      vertex 3.64288 -1.47828 13.35
      vertex 3.70498 -2.74234 13.35
      vertex 3.70498 -1.50765 13.35
    endloop
  endfacet
  facet normal 0 0 1
    outer loop
      vertex 3.64288 -1.47828 13.35
      vertex 3.64288 -2.77172 13.35
      vertex 3.70498 -2.74234 13.35
    endloop
  endfacet
  facet normal 0 0 1
    outer loop
      vertex 3.5782 -1.45514 13.35
      vertex 3.64288 -2.77172 13.35
      vertex 3.64288 -1.47828 13.35
    endloop
  endfacet
  facet normal 0 0 1
    outer loop
      vertex 3.5782 -1.45514 13.35
      vertex 3.5782 -2.79486 13.35
      vertex 3.64288 -2.77172 13.35
    endloop
  endfacet
  facet normal 0 0 1
    outer loop
      vertex 3.51156 -1.43845 13.35
      vertex 3.5782 -2.79486 13.35
      vertex 3.5782 -1.45514 13.35
    endloop
  endfacet
  facet normal 0 0 1
    outer loop
      vertex 3.51156 -1.43845 13.35
      vertex 3.51156 -2.81155 13.35
      vertex 3.5782 -2.79486 13.35
    endloop
  endfacet
  facet normal 0 0 1
    outer loop
      vertex 3.44361 -1.42837 13.35
      vertex 3.51156 -2.81155 13.35
      vertex 3.51156 -1.43845 13.35
    endloop
  endfacet
  facet normal 0 0 1
    outer loop
      vertex 3.44361 -1.42837 13.35
      vertex 3.44361 -2.82163 13.35
      vertex 3.51156 -2.81155 13.35
    endloop
  endfacet
  facet normal 0 0 1
    outer loop
      vertex 3.375 -1.425 13.35
      vertex 3.44361 -2.82163 13.35
      vertex 3.44361 -1.42837 13.35
    endloop
  endfacet
  facet normal 0 0 1
    outer loop
      vertex 3.375 -1.425 13.35
      vertex 3.375 -2.825 13.35
      vertex 3.44361 -2.82163 13.35
    endloop
  endfacet
  facet normal -0 0 1
    outer loop
      vertex 3.30639 -1.42837 13.35
      vertex 3.375 -2.825 13.35
      vertex 3.375 -1.425 13.35
    endloop
  endfacet
  facet normal 0 0 1
    outer loop
      vertex 3.30639 -1.42837 13.35
      vertex 3.30639 -2.82163 13.35
      vertex 3.375 -2.825 13.35
    endloop
  endfacet
  facet normal -0 0 1
    outer loop
      vertex 3.23844 -1.43845 13.35
      vertex 3.30639 -2.82163 13.35
      vertex 3.30639 -1.42837 13.35
    endloop
  endfacet
  facet normal 0 0 1
    outer loop
      vertex 3.23844 -1.43845 13.35
      vertex 3.23844 -2.81155 13.35
      vertex 3.30639 -2.82163 13.35
    endloop
  endfacet
  facet normal -0 0 1
    outer loop
      vertex 3.1718 -1.45514 13.35
      vertex 3.23844 -2.81155 13.35
      vertex 3.23844 -1.43845 13.35
    endloop
  endfacet
  facet normal 0 0 1
    outer loop
      vertex 3.1718 -1.45514 13.35
      vertex 3.1718 -2.79486 13.35
      vertex 3.23844 -2.81155 13.35
    endloop
  endfacet
  facet normal -0 0 1
    outer loop
      vertex 3.10712 -1.47828 13.35
      vertex 3.1718 -2.79486 13.35
      vertex 3.1718 -1.45514 13.35
    endloop
  endfacet
  facet normal 0 0 1
    outer loop
      vertex 3.10712 -1.47828 13.35
      vertex 3.10712 -2.77172 13.35
      vertex 3.1718 -2.79486 13.35
    endloop
  endfacet
  facet normal -0 0 1
    outer loop
      vertex 3.04502 -1.50765 13.35
      vertex 3.10712 -2.77172 13.35
      vertex 3.10712 -1.47828 13.35
    endloop
  endfacet
  facet normal 0 0 1
    outer loop
      vertex 3.04502 -1.50765 13.35
      vertex 3.04502 -2.74234 13.35
      vertex 3.10712 -2.77172 13.35
    endloop
  endfacet
  facet normal -0 0 1
    outer loop
      vertex 2.9861 -1.54297 13.35
      vertex 3.04502 -2.74234 13.35
      vertex 3.04502 -1.50765 13.35
    endloop
  endfacet
  facet normal 0 0 1
    outer loop
      vertex 2.9861 -1.54297 13.35
      vertex 2.9861 -2.70703 13.35
      vertex 3.04502 -2.74234 13.35
    endloop
  endfacet
  facet normal -0 0 1
    outer loop
      vertex 2.93092 -1.58389 13.35
      vertex 2.9861 -2.70703 13.35
      vertex 2.9861 -1.54297 13.35
    endloop
  endfacet
  facet normal 0 0 1
    outer loop
      vertex 2.93092 -1.58389 13.35
      vertex 2.93092 -2.66611 13.35
      vertex 2.9861 -2.70703 13.35
    endloop
  endfacet
  facet normal -0 0 1
    outer loop
      vertex 2.88002 -1.63002 13.35
      vertex 2.93092 -2.66611 13.35
      vertex 2.93092 -1.58389 13.35
    endloop
  endfacet
  facet normal 0 0 1
    outer loop
      vertex 2.88002 -1.63002 13.35
      vertex 2.88002 -2.61997 13.35
      vertex 2.93092 -2.66611 13.35
    endloop
  endfacet
  facet normal -0 0 1
    outer loop
      vertex 2.83389 -1.68092 13.35
      vertex 2.88002 -2.61997 13.35
      vertex 2.88002 -1.63002 13.35
    endloop
  endfacet
  facet normal 0 0 1
    outer loop
      vertex 2.83389 -1.68092 13.35
      vertex 2.83389 -2.56907 13.35
      vertex 2.88002 -2.61997 13.35
    endloop
  endfacet
  facet normal -0 0 1
    outer loop
      vertex 2.79297 -1.7361 13.35
      vertex 2.83389 -2.56907 13.35
      vertex 2.83389 -1.68092 13.35
    endloop
  endfacet
  facet normal 0 0 1
    outer loop
      vertex 2.79297 -1.7361 13.35
      vertex 2.79297 -2.5139 13.35
      vertex 2.83389 -2.56907 13.35
    endloop
  endfacet
  facet normal -0 0 1
    outer loop
      vertex 2.75765 -1.79502 13.35
      vertex 2.79297 -2.5139 13.35
      vertex 2.79297 -1.7361 13.35
    endloop
  endfacet
  facet normal 0 0 1
    outer loop
      vertex 2.75765 -1.79502 13.35
      vertex 2.75765 -2.45498 13.35
      vertex 2.79297 -2.5139 13.35
    endloop
  endfacet
  facet normal -0 0 1
    outer loop
      vertex 2.72828 -1.85712 13.35
      vertex 2.75765 -2.45498 13.35
      vertex 2.75765 -1.79502 13.35
    endloop
  endfacet
  facet normal 0 0 1
    outer loop
      vertex 2.72828 -1.85712 13.35
      vertex 2.72828 -2.39288 13.35
      vertex 2.75765 -2.45498 13.35
    endloop
  endfacet
  facet normal -0 0 1
    outer loop
      vertex 2.70514 -1.9218 13.35
      vertex 2.72828 -2.39288 13.35
      vertex 2.72828 -1.85712 13.35
    endloop
  endfacet
  facet normal 0 0 1
    outer loop
      vertex 2.70514 -1.9218 13.35
      vertex 2.70514 -2.3282 13.35
      vertex 2.72828 -2.39288 13.35
    endloop
  endfacet
  facet normal -0 0 1
    outer loop
      vertex 2.68845 -1.98844 13.35
      vertex 2.70514 -2.3282 13.35
      vertex 2.70514 -1.9218 13.35
    endloop
  endfacet
  facet normal 0 0 1
    outer loop
      vertex 2.68845 -1.98844 13.35
      vertex 2.68845 -2.26156 13.35
      vertex 2.70514 -2.3282 13.35
    endloop
  endfacet
  facet normal -0 0 1
    outer loop
      vertex 2.67837 -2.05639 13.35
      vertex 2.68845 -2.26156 13.35
      vertex 2.68845 -1.98844 13.35
    endloop
  endfacet
  facet normal 0 0 1
    outer loop
      vertex 2.67837 -2.05639 13.35
      vertex 2.67837 -2.19361 13.35
      vertex 2.68845 -2.26156 13.35
    endloop
  endfacet
  facet normal 0 -0 1
    outer loop
      vertex 2.67837 -2.19361 13.35
      vertex 2.67837 -2.05639 13.35
      vertex 2.675 -2.125 13.35
    endloop
  endfacet
  facet normal 0.595659 -0.803237 0
    outer loop
      vertex 2.93092 -1.58389 13.35
      vertex 2.9861 -1.54297 13.75
      vertex 2.93092 -1.58389 13.75
    endloop
  endfacet
  facet normal 0.595659 -0.803237 0
    outer loop
      vertex 2.9861 -1.54297 13.75
      vertex 2.93092 -1.58389 13.35
      vertex 2.9861 -1.54297 13.35
    endloop
  endfacet
  facet normal 0.803186 0.595729 0
    outer loop
      vertex 2.83389 -2.56907 13.75
      vertex 2.79297 -2.5139 13.35
      vertex 2.79297 -2.5139 13.75
    endloop
  endfacet
  facet normal 0.803186 0.595729 0
    outer loop
      vertex 2.79297 -2.5139 13.35
      vertex 2.83389 -2.56907 13.75
      vertex 2.83389 -2.56907 13.35
    endloop
  endfacet
  facet normal -0.427542 -0.903996 0
    outer loop
      vertex 3.64288 -1.47828 13.35
      vertex 3.70498 -1.50765 13.75
      vertex 3.64288 -1.47828 13.75
    endloop
  endfacet
  facet normal -0.427542 -0.903996 -0
    outer loop
      vertex 3.70498 -1.50765 13.75
      vertex 3.64288 -1.47828 13.35
      vertex 3.70498 -1.50765 13.35
    endloop
  endfacet
  facet normal -0.146739 0.989175 0
    outer loop
      vertex 3.51156 -2.81155 13.35
      vertex 3.44361 -2.82163 13.75
      vertex 3.51156 -2.81155 13.75
    endloop
  endfacet
  facet normal -0.146739 0.989175 0
    outer loop
      vertex 3.44361 -2.82163 13.75
      vertex 3.51156 -2.81155 13.35
      vertex 3.44361 -2.82163 13.35
    endloop
  endfacet
  facet normal 0.146739 -0.989175 0
    outer loop
      vertex 3.23844 -1.43845 13.35
      vertex 3.30639 -1.42837 13.75
      vertex 3.23844 -1.43845 13.75
    endloop
  endfacet
  facet normal 0.146739 -0.989175 0
    outer loop
      vertex 3.30639 -1.42837 13.75
      vertex 3.23844 -1.43845 13.35
      vertex 3.30639 -1.42837 13.35
    endloop
  endfacet
  facet normal 0.903996 0.427542 0
    outer loop
      vertex 2.75765 -2.45498 13.75
      vertex 2.72828 -2.39288 13.35
      vertex 2.72828 -2.39288 13.75
    endloop
  endfacet
  facet normal 0.903996 0.427542 0
    outer loop
      vertex 2.72828 -2.39288 13.35
      vertex 2.75765 -2.45498 13.75
      vertex 2.75765 -2.45498 13.35
    endloop
  endfacet
  facet normal -0.595729 -0.803186 0
    outer loop
      vertex 3.7639 -1.54297 13.35
      vertex 3.81907 -1.58389 13.75
      vertex 3.7639 -1.54297 13.75
    endloop
  endfacet
  facet normal -0.595729 -0.803186 -0
    outer loop
      vertex 3.81907 -1.58389 13.75
      vertex 3.7639 -1.54297 13.35
      vertex 3.81907 -1.58389 13.35
    endloop
  endfacet
  facet normal -0.998796 0.0490591 0
    outer loop
      vertex 4.07163 -2.19361 13.35
      vertex 4.075 -2.125 13.75
      vertex 4.075 -2.125 13.35
    endloop
  endfacet
  facet normal -0.998796 0.0490591 0
    outer loop
      vertex 4.075 -2.125 13.75
      vertex 4.07163 -2.19361 13.35
      vertex 4.07163 -2.19361 13.75
    endloop
  endfacet
  facet normal -0.242947 -0.97004 0
    outer loop
      vertex 3.51156 -1.43845 13.35
      vertex 3.5782 -1.45514 13.75
      vertex 3.51156 -1.43845 13.75
    endloop
  endfacet
  facet normal -0.242947 -0.97004 -0
    outer loop
      vertex 3.5782 -1.45514 13.75
      vertex 3.51156 -1.43845 13.35
      vertex 3.5782 -1.45514 13.35
    endloop
  endfacet
  facet normal 0.595659 0.803237 -0
    outer loop
      vertex 2.9861 -2.70703 13.35
      vertex 2.93092 -2.66611 13.75
      vertex 2.9861 -2.70703 13.75
    endloop
  endfacet
  facet normal 0.595659 0.803237 0
    outer loop
      vertex 2.93092 -2.66611 13.75
      vertex 2.9861 -2.70703 13.35
      vertex 2.93092 -2.66611 13.35
    endloop
  endfacet
  facet normal 0.740973 -0.671534 0
    outer loop
      vertex 2.83389 -1.68092 13.75
      vertex 2.88002 -1.63002 13.35
      vertex 2.88002 -1.63002 13.75
    endloop
  endfacet
  facet normal 0.740973 -0.671534 0
    outer loop
      vertex 2.88002 -1.63002 13.35
      vertex 2.83389 -1.68092 13.75
      vertex 2.83389 -1.68092 13.35
    endloop
  endfacet
  facet normal -0.941557 -0.336853 0
    outer loop
      vertex 4.04486 -1.9218 13.35
      vertex 4.02172 -1.85712 13.75
      vertex 4.02172 -1.85712 13.35
    endloop
  endfacet
  facet normal -0.941557 -0.336853 0
    outer loop
      vertex 4.02172 -1.85712 13.75
      vertex 4.04486 -1.9218 13.35
      vertex 4.04486 -1.9218 13.75
    endloop
  endfacet
  facet normal -0.857763 0.514046 0
    outer loop
      vertex 3.95703 -2.5139 13.35
      vertex 3.99234 -2.45498 13.75
      vertex 3.99234 -2.45498 13.35
    endloop
  endfacet
  facet normal -0.857763 0.514046 0
    outer loop
      vertex 3.99234 -2.45498 13.75
      vertex 3.95703 -2.5139 13.35
      vertex 3.95703 -2.5139 13.75
    endloop
  endfacet
  facet normal -0.336853 -0.941557 0
    outer loop
      vertex 3.5782 -1.45514 13.35
      vertex 3.64288 -1.47828 13.75
      vertex 3.5782 -1.45514 13.75
    endloop
  endfacet
  facet normal -0.336853 -0.941557 -0
    outer loop
      vertex 3.64288 -1.47828 13.75
      vertex 3.5782 -1.45514 13.35
      vertex 3.64288 -1.47828 13.35
    endloop
  endfacet
  facet normal -0.803237 -0.595659 0
    outer loop
      vertex 3.95703 -1.7361 13.35
      vertex 3.91611 -1.68092 13.75
      vertex 3.91611 -1.68092 13.35
    endloop
  endfacet
  facet normal -0.803237 -0.595659 0
    outer loop
      vertex 3.91611 -1.68092 13.75
      vertex 3.95703 -1.7361 13.35
      vertex 3.95703 -1.7361 13.75
    endloop
  endfacet
  facet normal -0.857763 -0.514046 0
    outer loop
      vertex 3.99234 -1.79502 13.35
      vertex 3.95703 -1.7361 13.75
      vertex 3.95703 -1.7361 13.35
    endloop
  endfacet
  facet normal -0.857763 -0.514046 0
    outer loop
      vertex 3.95703 -1.7361 13.75
      vertex 3.99234 -1.79502 13.35
      vertex 3.99234 -1.79502 13.75
    endloop
  endfacet
  facet normal 0.427661 0.903939 -0
    outer loop
      vertex 3.10712 -2.77172 13.35
      vertex 3.04502 -2.74234 13.75
      vertex 3.10712 -2.77172 13.75
    endloop
  endfacet
  facet normal 0.427661 0.903939 0
    outer loop
      vertex 3.04502 -2.74234 13.75
      vertex 3.10712 -2.77172 13.35
      vertex 3.04502 -2.74234 13.35
    endloop
  endfacet
  facet normal 0.97004 0.242947 0
    outer loop
      vertex 2.70514 -2.3282 13.75
      vertex 2.68845 -2.26156 13.35
      vertex 2.68845 -2.26156 13.75
    endloop
  endfacet
  facet normal 0.97004 0.242947 0
    outer loop
      vertex 2.68845 -2.26156 13.35
      vertex 2.70514 -2.3282 13.75
      vertex 2.70514 -2.3282 13.35
    endloop
  endfacet
  facet normal -0.903939 -0.427661 0
    outer loop
      vertex 4.02172 -1.85712 13.35
      vertex 3.99234 -1.79502 13.75
      vertex 3.99234 -1.79502 13.35
    endloop
  endfacet
  facet normal -0.903939 -0.427661 0
    outer loop
      vertex 3.99234 -1.79502 13.75
      vertex 4.02172 -1.85712 13.35
      vertex 4.02172 -1.85712 13.75
    endloop
  endfacet
  facet normal -0.427661 0.903939 0
    outer loop
      vertex 3.70498 -2.74234 13.35
      vertex 3.64288 -2.77172 13.75
      vertex 3.70498 -2.74234 13.75
    endloop
  endfacet
  facet normal -0.427661 0.903939 0
    outer loop
      vertex 3.64288 -2.77172 13.75
      vertex 3.70498 -2.74234 13.35
      vertex 3.64288 -2.77172 13.35
    endloop
  endfacet
  facet normal -0.146739 -0.989175 0
    outer loop
      vertex 3.44361 -1.42837 13.35
      vertex 3.51156 -1.43845 13.75
      vertex 3.44361 -1.42837 13.75
    endloop
  endfacet
  facet normal -0.146739 -0.989175 -0
    outer loop
      vertex 3.51156 -1.43845 13.75
      vertex 3.44361 -1.42837 13.35
      vertex 3.51156 -1.43845 13.35
    endloop
  endfacet
  facet normal 0.671534 -0.740973 0
    outer loop
      vertex 2.88002 -1.63002 13.35
      vertex 2.93092 -1.58389 13.75
      vertex 2.88002 -1.63002 13.75
    endloop
  endfacet
  facet normal 0.671534 -0.740973 0
    outer loop
      vertex 2.93092 -1.58389 13.75
      vertex 2.88002 -1.63002 13.35
      vertex 2.93092 -1.58389 13.35
    endloop
  endfacet
  facet normal 0.989175 -0.146739 0
    outer loop
      vertex 2.67837 -2.05639 13.75
      vertex 2.68845 -1.98844 13.35
      vertex 2.68845 -1.98844 13.75
    endloop
  endfacet
  facet normal 0.989175 -0.146739 0
    outer loop
      vertex 2.68845 -1.98844 13.35
      vertex 2.67837 -2.05639 13.75
      vertex 2.67837 -2.05639 13.35
    endloop
  endfacet
  facet normal 0.941557 -0.336853 0
    outer loop
      vertex 2.70514 -1.9218 13.75
      vertex 2.72828 -1.85712 13.35
      vertex 2.72828 -1.85712 13.75
    endloop
  endfacet
  facet normal 0.941557 -0.336853 0
    outer loop
      vertex 2.72828 -1.85712 13.35
      vertex 2.70514 -1.9218 13.75
      vertex 2.70514 -1.9218 13.35
    endloop
  endfacet
  facet normal 0.336853 -0.941557 0
    outer loop
      vertex 3.10712 -1.47828 13.35
      vertex 3.1718 -1.45514 13.75
      vertex 3.10712 -1.47828 13.75
    endloop
  endfacet
  facet normal 0.336853 -0.941557 0
    outer loop
      vertex 3.1718 -1.45514 13.75
      vertex 3.10712 -1.47828 13.35
      vertex 3.1718 -1.45514 13.35
    endloop
  endfacet
  facet normal 0.998796 0.0490591 0
    outer loop
      vertex 2.67837 -2.19361 13.75
      vertex 2.675 -2.125 13.35
      vertex 2.675 -2.125 13.75
    endloop
  endfacet
  facet normal 0.998796 0.0490591 0
    outer loop
      vertex 2.675 -2.125 13.35
      vertex 2.67837 -2.19361 13.75
      vertex 2.67837 -2.19361 13.35
    endloop
  endfacet
  facet normal -0.671614 0.740901 0
    outer loop
      vertex 3.86997 -2.61997 13.35
      vertex 3.81907 -2.66611 13.75
      vertex 3.86997 -2.61997 13.75
    endloop
  endfacet
  facet normal -0.671614 0.740901 0
    outer loop
      vertex 3.81907 -2.66611 13.75
      vertex 3.86997 -2.61997 13.35
      vertex 3.81907 -2.66611 13.35
    endloop
  endfacet
  facet normal 0.0490591 -0.998796 0
    outer loop
      vertex 3.30639 -1.42837 13.35
      vertex 3.375 -1.425 13.75
      vertex 3.30639 -1.42837 13.75
    endloop
  endfacet
  facet normal 0.0490591 -0.998796 0
    outer loop
      vertex 3.375 -1.425 13.75
      vertex 3.30639 -1.42837 13.35
      vertex 3.375 -1.425 13.35
    endloop
  endfacet
  facet normal 0.803237 -0.595659 0
    outer loop
      vertex 2.79297 -1.7361 13.75
      vertex 2.83389 -1.68092 13.35
      vertex 2.83389 -1.68092 13.75
    endloop
  endfacet
  facet normal 0.803237 -0.595659 0
    outer loop
      vertex 2.83389 -1.68092 13.35
      vertex 2.79297 -1.7361 13.75
      vertex 2.79297 -1.7361 13.35
    endloop
  endfacet
  facet normal 0.740973 0.671534 0
    outer loop
      vertex 2.88002 -2.61997 13.75
      vertex 2.83389 -2.56907 13.35
      vertex 2.83389 -2.56907 13.75
    endloop
  endfacet
  facet normal 0.740973 0.671534 0
    outer loop
      vertex 2.83389 -2.56907 13.35
      vertex 2.88002 -2.61997 13.75
      vertex 2.88002 -2.61997 13.35
    endloop
  endfacet
  facet normal -0.0490591 0.998796 0
    outer loop
      vertex 3.44361 -2.82163 13.35
      vertex 3.375 -2.825 13.75
      vertex 3.44361 -2.82163 13.75
    endloop
  endfacet
  facet normal -0.0490591 0.998796 0
    outer loop
      vertex 3.375 -2.825 13.75
      vertex 3.44361 -2.82163 13.35
      vertex 3.375 -2.825 13.35
    endloop
  endfacet
  facet normal 0.989175 0.146739 0
    outer loop
      vertex 2.68845 -2.26156 13.75
      vertex 2.67837 -2.19361 13.35
      vertex 2.67837 -2.19361 13.75
    endloop
  endfacet
  facet normal 0.989175 0.146739 0
    outer loop
      vertex 2.67837 -2.19361 13.35
      vertex 2.68845 -2.26156 13.75
      vertex 2.68845 -2.26156 13.35
    endloop
  endfacet
  facet normal -0.0490591 -0.998796 0
    outer loop
      vertex 3.375 -1.425 13.35
      vertex 3.44361 -1.42837 13.75
      vertex 3.375 -1.425 13.75
    endloop
  endfacet
  facet normal -0.0490591 -0.998796 -0
    outer loop
      vertex 3.44361 -1.42837 13.75
      vertex 3.375 -1.425 13.35
      vertex 3.44361 -1.42837 13.35
    endloop
  endfacet
  facet normal 0.97004 -0.242947 0
    outer loop
      vertex 2.68845 -1.98844 13.75
      vertex 2.70514 -1.9218 13.35
      vertex 2.70514 -1.9218 13.75
    endloop
  endfacet
  facet normal 0.97004 -0.242947 0
    outer loop
      vertex 2.70514 -1.9218 13.35
      vertex 2.68845 -1.98844 13.75
      vertex 2.68845 -1.98844 13.35
    endloop
  endfacet
  facet normal 0.903996 -0.427542 0
    outer loop
      vertex 2.72828 -1.85712 13.75
      vertex 2.75765 -1.79502 13.35
      vertex 2.75765 -1.79502 13.75
    endloop
  endfacet
  facet normal 0.903996 -0.427542 0
    outer loop
      vertex 2.75765 -1.79502 13.35
      vertex 2.72828 -1.85712 13.75
      vertex 2.72828 -1.85712 13.35
    endloop
  endfacet
  facet normal -0.941557 0.336853 0
    outer loop
      vertex 4.02172 -2.39288 13.35
      vertex 4.04486 -2.3282 13.75
      vertex 4.04486 -2.3282 13.35
    endloop
  endfacet
  facet normal -0.941557 0.336853 0
    outer loop
      vertex 4.04486 -2.3282 13.75
      vertex 4.02172 -2.39288 13.35
      vertex 4.02172 -2.39288 13.75
    endloop
  endfacet
  facet normal 0.671614 0.740901 -0
    outer loop
      vertex 2.93092 -2.66611 13.35
      vertex 2.88002 -2.61997 13.75
      vertex 2.93092 -2.66611 13.75
    endloop
  endfacet
  facet normal 0.671614 0.740901 0
    outer loop
      vertex 2.88002 -2.61997 13.75
      vertex 2.93092 -2.66611 13.35
      vertex 2.88002 -2.61997 13.35
    endloop
  endfacet
  facet normal 0.0490591 0.998796 -0
    outer loop
      vertex 3.375 -2.825 13.35
      vertex 3.30639 -2.82163 13.75
      vertex 3.375 -2.825 13.75
    endloop
  endfacet
  facet normal 0.0490591 0.998796 0
    outer loop
      vertex 3.30639 -2.82163 13.75
      vertex 3.375 -2.825 13.35
      vertex 3.30639 -2.82163 13.35
    endloop
  endfacet
  facet normal 0.998796 -0.0490591 0
    outer loop
      vertex 2.675 -2.125 13.75
      vertex 2.67837 -2.05639 13.35
      vertex 2.67837 -2.05639 13.75
    endloop
  endfacet
  facet normal 0.998796 -0.0490591 0
    outer loop
      vertex 2.67837 -2.05639 13.35
      vertex 2.675 -2.125 13.75
      vertex 2.675 -2.125 13.35
    endloop
  endfacet
  facet normal 0.336853 0.941557 -0
    outer loop
      vertex 3.1718 -2.79486 13.35
      vertex 3.10712 -2.77172 13.75
      vertex 3.1718 -2.79486 13.75
    endloop
  endfacet
  facet normal 0.336853 0.941557 0
    outer loop
      vertex 3.10712 -2.77172 13.75
      vertex 3.1718 -2.79486 13.35
      vertex 3.10712 -2.77172 13.35
    endloop
  endfacet
  facet normal -0.740901 0.671614 0
    outer loop
      vertex 3.86997 -2.61997 13.35
      vertex 3.91611 -2.56907 13.75
      vertex 3.91611 -2.56907 13.35
    endloop
  endfacet
  facet normal -0.740901 0.671614 0
    outer loop
      vertex 3.91611 -2.56907 13.75
      vertex 3.86997 -2.61997 13.35
      vertex 3.86997 -2.61997 13.75
    endloop
  endfacet
  facet normal 0.336853 0.941557 -0
    outer loop
      vertex -3.5782 1.45514 13.35
      vertex -3.64288 1.47828 13.75
      vertex -3.5782 1.45514 13.75
    endloop
  endfacet
  facet normal 0.336853 0.941557 0
    outer loop
      vertex -3.64288 1.47828 13.75
      vertex -3.5782 1.45514 13.35
      vertex -3.64288 1.47828 13.35
    endloop
  endfacet
  facet normal 0.595729 -0.803186 0
    outer loop
      vertex -3.81907 2.66611 13.35
      vertex -3.7639 2.70703 13.75
      vertex -3.81907 2.66611 13.75
    endloop
  endfacet
  facet normal 0.595729 -0.803186 0
    outer loop
      vertex -3.7639 2.70703 13.75
      vertex -3.81907 2.66611 13.35
      vertex -3.7639 2.70703 13.35
    endloop
  endfacet
  facet normal -0.989175 -0.146739 0
    outer loop
      vertex -2.67837 2.19361 13.35
      vertex -2.68845 2.26156 13.75
      vertex -2.68845 2.26156 13.35
    endloop
  endfacet
  facet normal -0.989175 -0.146739 0
    outer loop
      vertex -2.68845 2.26156 13.75
      vertex -2.67837 2.19361 13.35
      vertex -2.67837 2.19361 13.75
    endloop
  endfacet
  facet normal -0.998796 -0.0490591 0
    outer loop
      vertex -2.675 2.125 13.35
      vertex -2.67837 2.19361 13.75
      vertex -2.67837 2.19361 13.35
    endloop
  endfacet
  facet normal -0.998796 -0.0490591 0
    outer loop
      vertex -2.67837 2.19361 13.75
      vertex -2.675 2.125 13.35
      vertex -2.675 2.125 13.75
    endloop
  endfacet
  facet normal -0.97004 -0.242947 0
    outer loop
      vertex -2.68845 2.26156 13.35
      vertex -2.70514 2.3282 13.75
      vertex -2.70514 2.3282 13.35
    endloop
  endfacet
  facet normal -0.97004 -0.242947 0
    outer loop
      vertex -2.70514 2.3282 13.75
      vertex -2.68845 2.26156 13.35
      vertex -2.68845 2.26156 13.75
    endloop
  endfacet
  facet normal -0.146739 -0.989175 0
    outer loop
      vertex -3.30639 2.82163 13.35
      vertex -3.23844 2.81155 13.75
      vertex -3.30639 2.82163 13.75
    endloop
  endfacet
  facet normal -0.146739 -0.989175 -0
    outer loop
      vertex -3.23844 2.81155 13.75
      vertex -3.30639 2.82163 13.35
      vertex -3.23844 2.81155 13.35
    endloop
  endfacet
  facet normal 0.146739 -0.989175 0
    outer loop
      vertex -3.51156 2.81155 13.35
      vertex -3.44361 2.82163 13.75
      vertex -3.51156 2.81155 13.75
    endloop
  endfacet
  facet normal 0.146739 -0.989175 0
    outer loop
      vertex -3.44361 2.82163 13.75
      vertex -3.51156 2.81155 13.35
      vertex -3.44361 2.82163 13.35
    endloop
  endfacet
  facet normal -0.803186 -0.595729 0
    outer loop
      vertex -2.79297 2.5139 13.35
      vertex -2.83389 2.56907 13.75
      vertex -2.83389 2.56907 13.35
    endloop
  endfacet
  facet normal -0.803186 -0.595729 0
    outer loop
      vertex -2.83389 2.56907 13.75
      vertex -2.79297 2.5139 13.35
      vertex -2.79297 2.5139 13.75
    endloop
  endfacet
  facet normal -0.514153 0.857698 0
    outer loop
      vertex -2.9861 1.54297 13.35
      vertex -3.04502 1.50765 13.75
      vertex -2.9861 1.54297 13.75
    endloop
  endfacet
  facet normal -0.514153 0.857698 0
    outer loop
      vertex -3.04502 1.50765 13.75
      vertex -2.9861 1.54297 13.35
      vertex -3.04502 1.50765 13.35
    endloop
  endfacet
  facet normal -0.595659 -0.803237 0
    outer loop
      vertex -2.9861 2.70703 13.35
      vertex -2.93092 2.66611 13.75
      vertex -2.9861 2.70703 13.75
    endloop
  endfacet
  facet normal -0.595659 -0.803237 -0
    outer loop
      vertex -2.93092 2.66611 13.75
      vertex -2.9861 2.70703 13.35
      vertex -2.93092 2.66611 13.35
    endloop
  endfacet
  facet normal -0.998796 0.0490591 0
    outer loop
      vertex -2.67837 2.05639 13.35
      vertex -2.675 2.125 13.75
      vertex -2.675 2.125 13.35
    endloop
  endfacet
  facet normal -0.998796 0.0490591 0
    outer loop
      vertex -2.675 2.125 13.75
      vertex -2.67837 2.05639 13.35
      vertex -2.67837 2.05639 13.75
    endloop
  endfacet
  facet normal 0.242947 -0.97004 0
    outer loop
      vertex -3.5782 2.79486 13.35
      vertex -3.51156 2.81155 13.75
      vertex -3.5782 2.79486 13.75
    endloop
  endfacet
  facet normal 0.242947 -0.97004 0
    outer loop
      vertex -3.51156 2.81155 13.75
      vertex -3.5782 2.79486 13.35
      vertex -3.51156 2.81155 13.35
    endloop
  endfacet
  facet normal -0.427661 -0.903939 0
    outer loop
      vertex -3.10712 2.77172 13.35
      vertex -3.04502 2.74234 13.75
      vertex -3.10712 2.77172 13.75
    endloop
  endfacet
  facet normal -0.427661 -0.903939 -0
    outer loop
      vertex -3.04502 2.74234 13.75
      vertex -3.10712 2.77172 13.35
      vertex -3.04502 2.74234 13.35
    endloop
  endfacet
  facet normal 0.242947 0.97004 -0
    outer loop
      vertex -3.51156 1.43845 13.35
      vertex -3.5782 1.45514 13.75
      vertex -3.51156 1.43845 13.75
    endloop
  endfacet
  facet normal 0.242947 0.97004 0
    outer loop
      vertex -3.5782 1.45514 13.75
      vertex -3.51156 1.43845 13.35
      vertex -3.5782 1.45514 13.35
    endloop
  endfacet
  facet normal 0.989175 0.146739 0
    outer loop
      vertex -4.06155 1.98844 13.75
      vertex -4.07163 2.05639 13.35
      vertex -4.07163 2.05639 13.75
    endloop
  endfacet
  facet normal 0.989175 0.146739 0
    outer loop
      vertex -4.07163 2.05639 13.35
      vertex -4.06155 1.98844 13.75
      vertex -4.06155 1.98844 13.35
    endloop
  endfacet
  facet normal -0.671534 0.740973 0
    outer loop
      vertex -2.88002 1.63002 13.35
      vertex -2.93092 1.58389 13.75
      vertex -2.88002 1.63002 13.75
    endloop
  endfacet
  facet normal -0.671534 0.740973 0
    outer loop
      vertex -2.93092 1.58389 13.75
      vertex -2.88002 1.63002 13.35
      vertex -2.93092 1.58389 13.35
    endloop
  endfacet
  facet normal 0.427661 -0.903939 0
    outer loop
      vertex -3.70498 2.74234 13.35
      vertex -3.64288 2.77172 13.75
      vertex -3.70498 2.74234 13.75
    endloop
  endfacet
  facet normal 0.427661 -0.903939 0
    outer loop
      vertex -3.64288 2.77172 13.75
      vertex -3.70498 2.74234 13.35
      vertex -3.64288 2.77172 13.35
    endloop
  endfacet
  facet normal -0.336853 0.941557 0
    outer loop
      vertex -3.10712 1.47828 13.35
      vertex -3.1718 1.45514 13.75
      vertex -3.10712 1.47828 13.75
    endloop
  endfacet
  facet normal -0.336853 0.941557 0
    outer loop
      vertex -3.1718 1.45514 13.75
      vertex -3.10712 1.47828 13.35
      vertex -3.1718 1.45514 13.35
    endloop
  endfacet
  facet normal 0.903939 -0.427661 0
    outer loop
      vertex -4.02172 2.39288 13.75
      vertex -3.99234 2.45498 13.35
      vertex -3.99234 2.45498 13.75
    endloop
  endfacet
  facet normal 0.903939 -0.427661 0
    outer loop
      vertex -3.99234 2.45498 13.35
      vertex -4.02172 2.39288 13.75
      vertex -4.02172 2.39288 13.35
    endloop
  endfacet
  facet normal 0.803237 0.595659 0
    outer loop
      vertex -3.91611 1.68092 13.75
      vertex -3.95703 1.7361 13.35
      vertex -3.95703 1.7361 13.75
    endloop
  endfacet
  facet normal 0.803237 0.595659 0
    outer loop
      vertex -3.95703 1.7361 13.35
      vertex -3.91611 1.68092 13.75
      vertex -3.91611 1.68092 13.35
    endloop
  endfacet
  facet normal 0.514153 0.857698 -0
    outer loop
      vertex -3.70498 1.50765 13.35
      vertex -3.7639 1.54297 13.75
      vertex -3.70498 1.50765 13.75
    endloop
  endfacet
  facet normal 0.514153 0.857698 0
    outer loop
      vertex -3.7639 1.54297 13.75
      vertex -3.70498 1.50765 13.35
      vertex -3.7639 1.54297 13.35
    endloop
  endfacet
  facet normal -0.803237 0.595659 0
    outer loop
      vertex -2.83389 1.68092 13.35
      vertex -2.79297 1.7361 13.75
      vertex -2.79297 1.7361 13.35
    endloop
  endfacet
  facet normal -0.803237 0.595659 0
    outer loop
      vertex -2.79297 1.7361 13.75
      vertex -2.83389 1.68092 13.35
      vertex -2.83389 1.68092 13.75
    endloop
  endfacet
  facet normal 0.514046 -0.857763 0
    outer loop
      vertex -3.7639 2.70703 13.35
      vertex -3.70498 2.74234 13.75
      vertex -3.7639 2.70703 13.75
    endloop
  endfacet
  facet normal 0.514046 -0.857763 0
    outer loop
      vertex -3.70498 2.74234 13.75
      vertex -3.7639 2.70703 13.35
      vertex -3.70498 2.74234 13.35
    endloop
  endfacet
  facet normal 0.427542 0.903996 -0
    outer loop
      vertex -3.64288 1.47828 13.35
      vertex -3.70498 1.50765 13.75
      vertex -3.64288 1.47828 13.75
    endloop
  endfacet
  facet normal 0.427542 0.903996 0
    outer loop
      vertex -3.70498 1.50765 13.75
      vertex -3.64288 1.47828 13.35
      vertex -3.70498 1.50765 13.35
    endloop
  endfacet
  facet normal 0.595729 0.803186 -0
    outer loop
      vertex -3.7639 1.54297 13.35
      vertex -3.81907 1.58389 13.75
      vertex -3.7639 1.54297 13.75
    endloop
  endfacet
  facet normal 0.595729 0.803186 0
    outer loop
      vertex -3.81907 1.58389 13.75
      vertex -3.7639 1.54297 13.35
      vertex -3.81907 1.58389 13.35
    endloop
  endfacet
  facet normal -0.336853 -0.941557 0
    outer loop
      vertex -3.1718 2.79486 13.35
      vertex -3.10712 2.77172 13.75
      vertex -3.1718 2.79486 13.75
    endloop
  endfacet
  facet normal -0.336853 -0.941557 -0
    outer loop
      vertex -3.10712 2.77172 13.75
      vertex -3.1718 2.79486 13.35
      vertex -3.10712 2.77172 13.35
    endloop
  endfacet
  facet normal 0.740901 0.671614 0
    outer loop
      vertex -3.86997 1.63002 13.75
      vertex -3.91611 1.68092 13.35
      vertex -3.91611 1.68092 13.75
    endloop
  endfacet
  facet normal 0.740901 0.671614 0
    outer loop
      vertex -3.91611 1.68092 13.35
      vertex -3.86997 1.63002 13.75
      vertex -3.86997 1.63002 13.35
    endloop
  endfacet
  facet normal 0.336853 -0.941557 0
    outer loop
      vertex -3.64288 2.77172 13.35
      vertex -3.5782 2.79486 13.75
      vertex -3.64288 2.77172 13.75
    endloop
  endfacet
  facet normal 0.336853 -0.941557 0
    outer loop
      vertex -3.5782 2.79486 13.75
      vertex -3.64288 2.77172 13.35
      vertex -3.5782 2.79486 13.35
    endloop
  endfacet
  facet normal 0.903939 0.427661 0
    outer loop
      vertex -3.99234 1.79502 13.75
      vertex -4.02172 1.85712 13.35
      vertex -4.02172 1.85712 13.75
    endloop
  endfacet
  facet normal 0.903939 0.427661 0
    outer loop
      vertex -4.02172 1.85712 13.35
      vertex -3.99234 1.79502 13.75
      vertex -3.99234 1.79502 13.35
    endloop
  endfacet
  facet normal 0.941557 0.336853 0
    outer loop
      vertex -4.02172 1.85712 13.75
      vertex -4.04486 1.9218 13.35
      vertex -4.04486 1.9218 13.75
    endloop
  endfacet
  facet normal 0.941557 0.336853 0
    outer loop
      vertex -4.04486 1.9218 13.35
      vertex -4.02172 1.85712 13.75
      vertex -4.02172 1.85712 13.35
    endloop
  endfacet
  facet normal -0.903996 -0.427542 0
    outer loop
      vertex -2.72828 2.39288 13.35
      vertex -2.75765 2.45498 13.75
      vertex -2.75765 2.45498 13.35
    endloop
  endfacet
  facet normal -0.903996 -0.427542 0
    outer loop
      vertex -2.75765 2.45498 13.75
      vertex -2.72828 2.39288 13.35
      vertex -2.72828 2.39288 13.75
    endloop
  endfacet
  facet normal 0.97004 0.242947 0
    outer loop
      vertex -4.04486 1.9218 13.75
      vertex -4.06155 1.98844 13.35
      vertex -4.06155 1.98844 13.75
    endloop
  endfacet
  facet normal 0.97004 0.242947 0
    outer loop
      vertex -4.06155 1.98844 13.35
      vertex -4.04486 1.9218 13.75
      vertex -4.04486 1.9218 13.35
    endloop
  endfacet
  facet normal -0.671614 -0.740901 0
    outer loop
      vertex -2.93092 2.66611 13.35
      vertex -2.88002 2.61997 13.75
      vertex -2.93092 2.66611 13.75
    endloop
  endfacet
  facet normal -0.671614 -0.740901 -0
    outer loop
      vertex -2.88002 2.61997 13.75
      vertex -2.93092 2.66611 13.35
      vertex -2.88002 2.61997 13.35
    endloop
  endfacet
  facet normal 0.671534 0.740973 -0
    outer loop
      vertex -3.81907 1.58389 13.35
      vertex -3.86997 1.63002 13.75
      vertex -3.81907 1.58389 13.75
    endloop
  endfacet
  facet normal 0.671534 0.740973 0
    outer loop
      vertex -3.86997 1.63002 13.75
      vertex -3.81907 1.58389 13.35
      vertex -3.86997 1.63002 13.35
    endloop
  endfacet
  facet normal -0.97004 0.242947 0
    outer loop
      vertex -2.70514 1.9218 13.35
      vertex -2.68845 1.98844 13.75
      vertex -2.68845 1.98844 13.35
    endloop
  endfacet
  facet normal -0.97004 0.242947 0
    outer loop
      vertex -2.68845 1.98844 13.75
      vertex -2.70514 1.9218 13.35
      vertex -2.70514 1.9218 13.75
    endloop
  endfacet
  facet normal -0.740973 0.671534 0
    outer loop
      vertex -2.88002 1.63002 13.35
      vertex -2.83389 1.68092 13.75
      vertex -2.83389 1.68092 13.35
    endloop
  endfacet
  facet normal -0.740973 0.671534 0
    outer loop
      vertex -2.83389 1.68092 13.75
      vertex -2.88002 1.63002 13.35
      vertex -2.88002 1.63002 13.75
    endloop
  endfacet
  facet normal -0.146739 0.989175 0
    outer loop
      vertex -3.23844 1.43845 13.35
      vertex -3.30639 1.42837 13.75
      vertex -3.23844 1.43845 13.75
    endloop
  endfacet
  facet normal -0.146739 0.989175 0
    outer loop
      vertex -3.30639 1.42837 13.75
      vertex -3.23844 1.43845 13.35
      vertex -3.30639 1.42837 13.35
    endloop
  endfacet
  facet normal 0.989175 -0.146739 0
    outer loop
      vertex -4.07163 2.19361 13.75
      vertex -4.06155 2.26156 13.35
      vertex -4.06155 2.26156 13.75
    endloop
  endfacet
  facet normal 0.989175 -0.146739 0
    outer loop
      vertex -4.06155 2.26156 13.35
      vertex -4.07163 2.19361 13.75
      vertex -4.07163 2.19361 13.35
    endloop
  endfacet
  facet normal -0.514046 -0.857763 0
    outer loop
      vertex -3.04502 2.74234 13.35
      vertex -2.9861 2.70703 13.75
      vertex -3.04502 2.74234 13.75
    endloop
  endfacet
  facet normal -0.514046 -0.857763 -0
    outer loop
      vertex -2.9861 2.70703 13.75
      vertex -3.04502 2.74234 13.35
      vertex -2.9861 2.70703 13.35
    endloop
  endfacet
  facet normal 0.97004 -0.242947 0
    outer loop
      vertex -4.06155 2.26156 13.75
      vertex -4.04486 2.3282 13.35
      vertex -4.04486 2.3282 13.75
    endloop
  endfacet
  facet normal 0.97004 -0.242947 0
    outer loop
      vertex -4.04486 2.3282 13.35
      vertex -4.06155 2.26156 13.75
      vertex -4.06155 2.26156 13.35
    endloop
  endfacet
  facet normal -0.941557 -0.336853 0
    outer loop
      vertex -2.70514 2.3282 13.35
      vertex -2.72828 2.39288 13.75
      vertex -2.72828 2.39288 13.35
    endloop
  endfacet
  facet normal -0.941557 -0.336853 0
    outer loop
      vertex -2.72828 2.39288 13.75
      vertex -2.70514 2.3282 13.35
      vertex -2.70514 2.3282 13.75
    endloop
  endfacet
  facet normal -0.242947 -0.97004 0
    outer loop
      vertex -3.23844 2.81155 13.35
      vertex -3.1718 2.79486 13.75
      vertex -3.23844 2.81155 13.75
    endloop
  endfacet
  facet normal -0.242947 -0.97004 -0
    outer loop
      vertex -3.1718 2.79486 13.75
      vertex -3.23844 2.81155 13.35
      vertex -3.1718 2.79486 13.35
    endloop
  endfacet
  facet normal -0.0490591 -0.998796 0
    outer loop
      vertex -3.375 2.825 13.35
      vertex -3.30639 2.82163 13.75
      vertex -3.375 2.825 13.75
    endloop
  endfacet
  facet normal -0.0490591 -0.998796 -0
    outer loop
      vertex -3.30639 2.82163 13.75
      vertex -3.375 2.825 13.35
      vertex -3.30639 2.82163 13.35
    endloop
  endfacet
  facet normal -0.427542 0.903996 0
    outer loop
      vertex -3.04502 1.50765 13.35
      vertex -3.10712 1.47828 13.75
      vertex -3.04502 1.50765 13.75
    endloop
  endfacet
  facet normal -0.427542 0.903996 0
    outer loop
      vertex -3.10712 1.47828 13.75
      vertex -3.04502 1.50765 13.35
      vertex -3.10712 1.47828 13.35
    endloop
  endfacet
  facet normal 0.0490591 -0.998796 0
    outer loop
      vertex -3.44361 2.82163 13.35
      vertex -3.375 2.825 13.75
      vertex -3.44361 2.82163 13.75
    endloop
  endfacet
  facet normal 0.0490591 -0.998796 0
    outer loop
      vertex -3.375 2.825 13.75
      vertex -3.44361 2.82163 13.35
      vertex -3.375 2.825 13.35
    endloop
  endfacet
  facet normal -0.989175 0.146739 0
    outer loop
      vertex -2.68845 1.98844 13.35
      vertex -2.67837 2.05639 13.75
      vertex -2.67837 2.05639 13.35
    endloop
  endfacet
  facet normal -0.989175 0.146739 0
    outer loop
      vertex -2.67837 2.05639 13.75
      vertex -2.68845 1.98844 13.35
      vertex -2.68845 1.98844 13.75
    endloop
  endfacet
  facet normal -0.857698 -0.514153 0
    outer loop
      vertex -2.75765 2.45498 13.35
      vertex -2.79297 2.5139 13.75
      vertex -2.79297 2.5139 13.35
    endloop
  endfacet
  facet normal -0.857698 -0.514153 0
    outer loop
      vertex -2.79297 2.5139 13.75
      vertex -2.75765 2.45498 13.35
      vertex -2.75765 2.45498 13.75
    endloop
  endfacet
  facet normal 0.671614 -0.740901 0
    outer loop
      vertex -3.86997 2.61997 13.35
      vertex -3.81907 2.66611 13.75
      vertex -3.86997 2.61997 13.75
    endloop
  endfacet
  facet normal 0.671614 -0.740901 0
    outer loop
      vertex -3.81907 2.66611 13.75
      vertex -3.86997 2.61997 13.35
      vertex -3.81907 2.66611 13.35
    endloop
  endfacet
  facet normal -0.242947 0.97004 0
    outer loop
      vertex -3.1718 1.45514 13.35
      vertex -3.23844 1.43845 13.75
      vertex -3.1718 1.45514 13.75
    endloop
  endfacet
  facet normal -0.242947 0.97004 0
    outer loop
      vertex -3.23844 1.43845 13.75
      vertex -3.1718 1.45514 13.35
      vertex -3.23844 1.43845 13.35
    endloop
  endfacet
  facet normal 0.0490591 0.998796 -0
    outer loop
      vertex -3.375 1.425 13.35
      vertex -3.44361 1.42837 13.75
      vertex -3.375 1.425 13.75
    endloop
  endfacet
  facet normal 0.0490591 0.998796 0
    outer loop
      vertex -3.44361 1.42837 13.75
      vertex -3.375 1.425 13.35
      vertex -3.44361 1.42837 13.35
    endloop
  endfacet
  facet normal 0.740901 -0.671614 0
    outer loop
      vertex -3.91611 2.56907 13.75
      vertex -3.86997 2.61997 13.35
      vertex -3.86997 2.61997 13.75
    endloop
  endfacet
  facet normal 0.740901 -0.671614 0
    outer loop
      vertex -3.86997 2.61997 13.35
      vertex -3.91611 2.56907 13.75
      vertex -3.91611 2.56907 13.35
    endloop
  endfacet
  facet normal 0.941557 -0.336853 0
    outer loop
      vertex -4.04486 2.3282 13.75
      vertex -4.02172 2.39288 13.35
      vertex -4.02172 2.39288 13.75
    endloop
  endfacet
  facet normal 0.941557 -0.336853 0
    outer loop
      vertex -4.02172 2.39288 13.35
      vertex -4.04486 2.3282 13.75
      vertex -4.04486 2.3282 13.35
    endloop
  endfacet
  facet normal -0.903996 0.427542 0
    outer loop
      vertex -2.75765 1.79502 13.35
      vertex -2.72828 1.85712 13.75
      vertex -2.72828 1.85712 13.35
    endloop
  endfacet
  facet normal -0.903996 0.427542 0
    outer loop
      vertex -2.72828 1.85712 13.75
      vertex -2.75765 1.79502 13.35
      vertex -2.75765 1.79502 13.75
    endloop
  endfacet
  facet normal -0.0490591 0.998796 0
    outer loop
      vertex -3.30639 1.42837 13.35
      vertex -3.375 1.425 13.75
      vertex -3.30639 1.42837 13.75
    endloop
  endfacet
  facet normal -0.0490591 0.998796 0
    outer loop
      vertex -3.375 1.425 13.75
      vertex -3.30639 1.42837 13.35
      vertex -3.375 1.425 13.35
    endloop
  endfacet
  facet normal -0.941557 0.336853 0
    outer loop
      vertex -2.72828 1.85712 13.35
      vertex -2.70514 1.9218 13.75
      vertex -2.70514 1.9218 13.35
    endloop
  endfacet
  facet normal -0.941557 0.336853 0
    outer loop
      vertex -2.70514 1.9218 13.75
      vertex -2.72828 1.85712 13.35
      vertex -2.72828 1.85712 13.75
    endloop
  endfacet
  facet normal 0.998796 -0.0490591 0
    outer loop
      vertex -4.075 2.125 13.75
      vertex -4.07163 2.19361 13.35
      vertex -4.07163 2.19361 13.75
    endloop
  endfacet
  facet normal 0.998796 -0.0490591 0
    outer loop
      vertex -4.07163 2.19361 13.35
      vertex -4.075 2.125 13.75
      vertex -4.075 2.125 13.35
    endloop
  endfacet
  facet normal -0.740973 -0.671534 0
    outer loop
      vertex -2.83389 2.56907 13.35
      vertex -2.88002 2.61997 13.75
      vertex -2.88002 2.61997 13.35
    endloop
  endfacet
  facet normal -0.740973 -0.671534 0
    outer loop
      vertex -2.88002 2.61997 13.75
      vertex -2.83389 2.56907 13.35
      vertex -2.83389 2.56907 13.75
    endloop
  endfacet
  facet normal -0.595659 0.803237 0
    outer loop
      vertex -2.93092 1.58389 13.35
      vertex -2.9861 1.54297 13.75
      vertex -2.93092 1.58389 13.75
    endloop
  endfacet
  facet normal -0.595659 0.803237 0
    outer loop
      vertex -2.9861 1.54297 13.75
      vertex -2.93092 1.58389 13.35
      vertex -2.9861 1.54297 13.35
    endloop
  endfacet
  facet normal -0.857698 0.514153 0
    outer loop
      vertex -2.79297 1.7361 13.35
      vertex -2.75765 1.79502 13.75
      vertex -2.75765 1.79502 13.35
    endloop
  endfacet
  facet normal -0.857698 0.514153 0
    outer loop
      vertex -2.75765 1.79502 13.75
      vertex -2.79297 1.7361 13.35
      vertex -2.79297 1.7361 13.75
    endloop
  endfacet
  facet normal 0.857763 -0.514046 0
    outer loop
      vertex -3.99234 2.45498 13.75
      vertex -3.95703 2.5139 13.35
      vertex -3.95703 2.5139 13.75
    endloop
  endfacet
  facet normal 0.857763 -0.514046 0
    outer loop
      vertex -3.95703 2.5139 13.35
      vertex -3.99234 2.45498 13.75
      vertex -3.99234 2.45498 13.35
    endloop
  endfacet
  facet normal 0.857763 0.514046 0
    outer loop
      vertex -3.95703 1.7361 13.75
      vertex -3.99234 1.79502 13.35
      vertex -3.99234 1.79502 13.75
    endloop
  endfacet
  facet normal 0.857763 0.514046 0
    outer loop
      vertex -3.99234 1.79502 13.35
      vertex -3.95703 1.7361 13.75
      vertex -3.95703 1.7361 13.35
    endloop
  endfacet
  facet normal 0.998796 0.0490591 0
    outer loop
      vertex -4.07163 2.05639 13.75
      vertex -4.075 2.125 13.35
      vertex -4.075 2.125 13.75
    endloop
  endfacet
  facet normal 0.998796 0.0490591 0
    outer loop
      vertex -4.075 2.125 13.35
      vertex -4.07163 2.05639 13.75
      vertex -4.07163 2.05639 13.35
    endloop
  endfacet
  facet normal 0.146739 0.989175 -0
    outer loop
      vertex -3.44361 1.42837 13.35
      vertex -3.51156 1.43845 13.75
      vertex -3.44361 1.42837 13.75
    endloop
  endfacet
  facet normal 0.146739 0.989175 0
    outer loop
      vertex -3.51156 1.43845 13.75
      vertex -3.44361 1.42837 13.35
      vertex -3.51156 1.43845 13.35
    endloop
  endfacet
  facet normal 0.803186 -0.595729 0
    outer loop
      vertex -3.95703 2.5139 13.75
      vertex -3.91611 2.56907 13.35
      vertex -3.91611 2.56907 13.75
    endloop
  endfacet
  facet normal 0.803186 -0.595729 0
    outer loop
      vertex -3.91611 2.56907 13.35
      vertex -3.95703 2.5139 13.75
      vertex -3.95703 2.5139 13.35
    endloop
  endfacet
  facet normal 0 0 1
    outer loop
      vertex -2.67837 2.19361 13.35
      vertex -2.67837 2.05639 13.35
      vertex -2.675 2.125 13.35
    endloop
  endfacet
  facet normal 0 0 1
    outer loop
      vertex -2.68845 2.26156 13.35
      vertex -2.67837 2.05639 13.35
      vertex -2.67837 2.19361 13.35
    endloop
  endfacet
  facet normal 0 0 1
    outer loop
      vertex -2.68845 2.26156 13.35
      vertex -2.68845 1.98844 13.35
      vertex -2.67837 2.05639 13.35
    endloop
  endfacet
  facet normal 0 0 1
    outer loop
      vertex -2.70514 2.3282 13.35
      vertex -2.68845 1.98844 13.35
      vertex -2.68845 2.26156 13.35
    endloop
  endfacet
  facet normal 0 0 1
    outer loop
      vertex -2.70514 2.3282 13.35
      vertex -2.70514 1.9218 13.35
      vertex -2.68845 1.98844 13.35
    endloop
  endfacet
  facet normal 0 0 1
    outer loop
      vertex -2.72828 2.39288 13.35
      vertex -2.70514 1.9218 13.35
      vertex -2.70514 2.3282 13.35
    endloop
  endfacet
  facet normal 0 0 1
    outer loop
      vertex -2.72828 2.39288 13.35
      vertex -2.72828 1.85712 13.35
      vertex -2.70514 1.9218 13.35
    endloop
  endfacet
  facet normal 0 0 1
    outer loop
      vertex -2.75765 2.45498 13.35
      vertex -2.72828 1.85712 13.35
      vertex -2.72828 2.39288 13.35
    endloop
  endfacet
  facet normal 0 0 1
    outer loop
      vertex -2.75765 2.45498 13.35
      vertex -2.75765 1.79502 13.35
      vertex -2.72828 1.85712 13.35
    endloop
  endfacet
  facet normal 0 0 1
    outer loop
      vertex -2.79297 2.5139 13.35
      vertex -2.75765 1.79502 13.35
      vertex -2.75765 2.45498 13.35
    endloop
  endfacet
  facet normal 0 0 1
    outer loop
      vertex -2.79297 2.5139 13.35
      vertex -2.79297 1.7361 13.35
      vertex -2.75765 1.79502 13.35
    endloop
  endfacet
  facet normal 0 0 1
    outer loop
      vertex -2.83389 2.56907 13.35
      vertex -2.79297 1.7361 13.35
      vertex -2.79297 2.5139 13.35
    endloop
  endfacet
  facet normal 0 0 1
    outer loop
      vertex -2.83389 2.56907 13.35
      vertex -2.83389 1.68092 13.35
      vertex -2.79297 1.7361 13.35
    endloop
  endfacet
  facet normal 0 0 1
    outer loop
      vertex -2.88002 2.61997 13.35
      vertex -2.83389 1.68092 13.35
      vertex -2.83389 2.56907 13.35
    endloop
  endfacet
  facet normal 0 0 1
    outer loop
      vertex -2.88002 2.61997 13.35
      vertex -2.88002 1.63002 13.35
      vertex -2.83389 1.68092 13.35
    endloop
  endfacet
  facet normal 0 0 1
    outer loop
      vertex -2.93092 2.66611 13.35
      vertex -2.88002 1.63002 13.35
      vertex -2.88002 2.61997 13.35
    endloop
  endfacet
  facet normal 0 0 1
    outer loop
      vertex -2.93092 2.66611 13.35
      vertex -2.93092 1.58389 13.35
      vertex -2.88002 1.63002 13.35
    endloop
  endfacet
  facet normal 0 0 1
    outer loop
      vertex -2.9861 2.70703 13.35
      vertex -2.93092 1.58389 13.35
      vertex -2.93092 2.66611 13.35
    endloop
  endfacet
  facet normal 0 0 1
    outer loop
      vertex -2.9861 2.70703 13.35
      vertex -2.9861 1.54297 13.35
      vertex -2.93092 1.58389 13.35
    endloop
  endfacet
  facet normal 0 0 1
    outer loop
      vertex -3.04502 2.74234 13.35
      vertex -2.9861 1.54297 13.35
      vertex -2.9861 2.70703 13.35
    endloop
  endfacet
  facet normal 0 0 1
    outer loop
      vertex -3.04502 2.74234 13.35
      vertex -3.04502 1.50765 13.35
      vertex -2.9861 1.54297 13.35
    endloop
  endfacet
  facet normal 0 0 1
    outer loop
      vertex -3.10712 2.77172 13.35
      vertex -3.04502 1.50765 13.35
      vertex -3.04502 2.74234 13.35
    endloop
  endfacet
  facet normal 0 0 1
    outer loop
      vertex -3.10712 2.77172 13.35
      vertex -3.10712 1.47828 13.35
      vertex -3.04502 1.50765 13.35
    endloop
  endfacet
  facet normal 0 0 1
    outer loop
      vertex -3.1718 2.79486 13.35
      vertex -3.10712 1.47828 13.35
      vertex -3.10712 2.77172 13.35
    endloop
  endfacet
  facet normal 0 0 1
    outer loop
      vertex -3.1718 2.79486 13.35
      vertex -3.1718 1.45514 13.35
      vertex -3.10712 1.47828 13.35
    endloop
  endfacet
  facet normal 0 0 1
    outer loop
      vertex -3.23844 2.81155 13.35
      vertex -3.1718 1.45514 13.35
      vertex -3.1718 2.79486 13.35
    endloop
  endfacet
  facet normal 0 0 1
    outer loop
      vertex -3.23844 2.81155 13.35
      vertex -3.23844 1.43845 13.35
      vertex -3.1718 1.45514 13.35
    endloop
  endfacet
  facet normal 0 0 1
    outer loop
      vertex -3.30639 2.82163 13.35
      vertex -3.23844 1.43845 13.35
      vertex -3.23844 2.81155 13.35
    endloop
  endfacet
  facet normal 0 0 1
    outer loop
      vertex -3.30639 2.82163 13.35
      vertex -3.30639 1.42837 13.35
      vertex -3.23844 1.43845 13.35
    endloop
  endfacet
  facet normal 0 0 1
    outer loop
      vertex -3.375 2.825 13.35
      vertex -3.30639 1.42837 13.35
      vertex -3.30639 2.82163 13.35
    endloop
  endfacet
  facet normal 0 0 1
    outer loop
      vertex -3.375 2.825 13.35
      vertex -3.375 1.425 13.35
      vertex -3.30639 1.42837 13.35
    endloop
  endfacet
  facet normal -0 0 1
    outer loop
      vertex -3.44361 2.82163 13.35
      vertex -3.375 1.425 13.35
      vertex -3.375 2.825 13.35
    endloop
  endfacet
  facet normal 0 0 1
    outer loop
      vertex -3.44361 2.82163 13.35
      vertex -3.44361 1.42837 13.35
      vertex -3.375 1.425 13.35
    endloop
  endfacet
  facet normal -0 0 1
    outer loop
      vertex -3.51156 2.81155 13.35
      vertex -3.44361 1.42837 13.35
      vertex -3.44361 2.82163 13.35
    endloop
  endfacet
  facet normal 0 0 1
    outer loop
      vertex -3.51156 2.81155 13.35
      vertex -3.51156 1.43845 13.35
      vertex -3.44361 1.42837 13.35
    endloop
  endfacet
  facet normal -0 0 1
    outer loop
      vertex -3.5782 2.79486 13.35
      vertex -3.51156 1.43845 13.35
      vertex -3.51156 2.81155 13.35
    endloop
  endfacet
  facet normal 0 0 1
    outer loop
      vertex -3.5782 2.79486 13.35
      vertex -3.5782 1.45514 13.35
      vertex -3.51156 1.43845 13.35
    endloop
  endfacet
  facet normal -0 0 1
    outer loop
      vertex -3.64288 2.77172 13.35
      vertex -3.5782 1.45514 13.35
      vertex -3.5782 2.79486 13.35
    endloop
  endfacet
  facet normal 0 0 1
    outer loop
      vertex -3.64288 2.77172 13.35
      vertex -3.64288 1.47828 13.35
      vertex -3.5782 1.45514 13.35
    endloop
  endfacet
  facet normal -0 0 1
    outer loop
      vertex -3.70498 2.74234 13.35
      vertex -3.64288 1.47828 13.35
      vertex -3.64288 2.77172 13.35
    endloop
  endfacet
  facet normal 0 0 1
    outer loop
      vertex -3.70498 2.74234 13.35
      vertex -3.70498 1.50765 13.35
      vertex -3.64288 1.47828 13.35
    endloop
  endfacet
  facet normal -0 0 1
    outer loop
      vertex -3.7639 2.70703 13.35
      vertex -3.70498 1.50765 13.35
      vertex -3.70498 2.74234 13.35
    endloop
  endfacet
  facet normal 0 0 1
    outer loop
      vertex -3.7639 2.70703 13.35
      vertex -3.7639 1.54297 13.35
      vertex -3.70498 1.50765 13.35
    endloop
  endfacet
  facet normal -0 0 1
    outer loop
      vertex -3.81907 2.66611 13.35
      vertex -3.7639 1.54297 13.35
      vertex -3.7639 2.70703 13.35
    endloop
  endfacet
  facet normal 0 0 1
    outer loop
      vertex -3.81907 2.66611 13.35
      vertex -3.81907 1.58389 13.35
      vertex -3.7639 1.54297 13.35
    endloop
  endfacet
  facet normal -0 0 1
    outer loop
      vertex -3.86997 2.61997 13.35
      vertex -3.81907 1.58389 13.35
      vertex -3.81907 2.66611 13.35
    endloop
  endfacet
  facet normal 0 0 1
    outer loop
      vertex -3.86997 2.61997 13.35
      vertex -3.86997 1.63002 13.35
      vertex -3.81907 1.58389 13.35
    endloop
  endfacet
  facet normal -0 0 1
    outer loop
      vertex -3.91611 2.56907 13.35
      vertex -3.86997 1.63002 13.35
      vertex -3.86997 2.61997 13.35
    endloop
  endfacet
  facet normal 0 0 1
    outer loop
      vertex -3.91611 2.56907 13.35
      vertex -3.91611 1.68092 13.35
      vertex -3.86997 1.63002 13.35
    endloop
  endfacet
  facet normal -0 0 1
    outer loop
      vertex -3.95703 2.5139 13.35
      vertex -3.91611 1.68092 13.35
      vertex -3.91611 2.56907 13.35
    endloop
  endfacet
  facet normal 0 0 1
    outer loop
      vertex -3.95703 2.5139 13.35
      vertex -3.95703 1.7361 13.35
      vertex -3.91611 1.68092 13.35
    endloop
  endfacet
  facet normal -0 0 1
    outer loop
      vertex -3.99234 2.45498 13.35
      vertex -3.95703 1.7361 13.35
      vertex -3.95703 2.5139 13.35
    endloop
  endfacet
  facet normal 0 0 1
    outer loop
      vertex -3.99234 2.45498 13.35
      vertex -3.99234 1.79502 13.35
      vertex -3.95703 1.7361 13.35
    endloop
  endfacet
  facet normal -0 0 1
    outer loop
      vertex -4.02172 2.39288 13.35
      vertex -3.99234 1.79502 13.35
      vertex -3.99234 2.45498 13.35
    endloop
  endfacet
  facet normal 0 0 1
    outer loop
      vertex -4.02172 2.39288 13.35
      vertex -4.02172 1.85712 13.35
      vertex -3.99234 1.79502 13.35
    endloop
  endfacet
  facet normal -0 0 1
    outer loop
      vertex -4.04486 2.3282 13.35
      vertex -4.02172 1.85712 13.35
      vertex -4.02172 2.39288 13.35
    endloop
  endfacet
  facet normal 0 0 1
    outer loop
      vertex -4.04486 2.3282 13.35
      vertex -4.04486 1.9218 13.35
      vertex -4.02172 1.85712 13.35
    endloop
  endfacet
  facet normal -0 0 1
    outer loop
      vertex -4.06155 2.26156 13.35
      vertex -4.04486 1.9218 13.35
      vertex -4.04486 2.3282 13.35
    endloop
  endfacet
  facet normal 0 0 1
    outer loop
      vertex -4.06155 2.26156 13.35
      vertex -4.06155 1.98844 13.35
      vertex -4.04486 1.9218 13.35
    endloop
  endfacet
  facet normal -0 0 1
    outer loop
      vertex -4.07163 2.19361 13.35
      vertex -4.06155 1.98844 13.35
      vertex -4.06155 2.26156 13.35
    endloop
  endfacet
  facet normal 0 0 1
    outer loop
      vertex -4.07163 2.19361 13.35
      vertex -4.07163 2.05639 13.35
      vertex -4.06155 1.98844 13.35
    endloop
  endfacet
  facet normal 0 -0 1
    outer loop
      vertex -4.07163 2.05639 13.35
      vertex -4.07163 2.19361 13.35
      vertex -4.075 2.125 13.35
    endloop
  endfacet
  facet normal 0.336853 0.941557 -0
    outer loop
      vertex 3.1718 1.45514 13.35
      vertex 3.10712 1.47828 13.75
      vertex 3.1718 1.45514 13.75
    endloop
  endfacet
  facet normal 0.336853 0.941557 0
    outer loop
      vertex 3.10712 1.47828 13.75
      vertex 3.1718 1.45514 13.35
      vertex 3.10712 1.47828 13.35
    endloop
  endfacet
  facet normal 0.595659 -0.803237 0
    outer loop
      vertex 2.93092 2.66611 13.35
      vertex 2.9861 2.70703 13.75
      vertex 2.93092 2.66611 13.75
    endloop
  endfacet
  facet normal 0.595659 -0.803237 0
    outer loop
      vertex 2.9861 2.70703 13.75
      vertex 2.93092 2.66611 13.35
      vertex 2.9861 2.70703 13.35
    endloop
  endfacet
  facet normal -0.989175 -0.146739 0
    outer loop
      vertex 4.07163 2.19361 13.35
      vertex 4.06155 2.26156 13.75
      vertex 4.06155 2.26156 13.35
    endloop
  endfacet
  facet normal -0.989175 -0.146739 0
    outer loop
      vertex 4.06155 2.26156 13.75
      vertex 4.07163 2.19361 13.35
      vertex 4.07163 2.19361 13.75
    endloop
  endfacet
  facet normal -0.998796 -0.0490591 0
    outer loop
      vertex 4.075 2.125 13.35
      vertex 4.07163 2.19361 13.75
      vertex 4.07163 2.19361 13.35
    endloop
  endfacet
  facet normal -0.998796 -0.0490591 0
    outer loop
      vertex 4.07163 2.19361 13.75
      vertex 4.075 2.125 13.35
      vertex 4.075 2.125 13.75
    endloop
  endfacet
  facet normal -0.97004 -0.242947 0
    outer loop
      vertex 4.06155 2.26156 13.35
      vertex 4.04486 2.3282 13.75
      vertex 4.04486 2.3282 13.35
    endloop
  endfacet
  facet normal -0.97004 -0.242947 0
    outer loop
      vertex 4.04486 2.3282 13.75
      vertex 4.06155 2.26156 13.35
      vertex 4.06155 2.26156 13.75
    endloop
  endfacet
  facet normal -0.146739 -0.989175 0
    outer loop
      vertex 3.44361 2.82163 13.35
      vertex 3.51156 2.81155 13.75
      vertex 3.44361 2.82163 13.75
    endloop
  endfacet
  facet normal -0.146739 -0.989175 -0
    outer loop
      vertex 3.51156 2.81155 13.75
      vertex 3.44361 2.82163 13.35
      vertex 3.51156 2.81155 13.35
    endloop
  endfacet
  facet normal 0.146739 -0.989175 0
    outer loop
      vertex 3.23844 2.81155 13.35
      vertex 3.30639 2.82163 13.75
      vertex 3.23844 2.81155 13.75
    endloop
  endfacet
  facet normal 0.146739 -0.989175 0
    outer loop
      vertex 3.30639 2.82163 13.75
      vertex 3.23844 2.81155 13.35
      vertex 3.30639 2.82163 13.35
    endloop
  endfacet
  facet normal -0.803186 -0.595729 0
    outer loop
      vertex 3.95703 2.5139 13.35
      vertex 3.91611 2.56907 13.75
      vertex 3.91611 2.56907 13.35
    endloop
  endfacet
  facet normal -0.803186 -0.595729 0
    outer loop
      vertex 3.91611 2.56907 13.75
      vertex 3.95703 2.5139 13.35
      vertex 3.95703 2.5139 13.75
    endloop
  endfacet
  facet normal -0.514153 0.857698 0
    outer loop
      vertex 3.7639 1.54297 13.35
      vertex 3.70498 1.50765 13.75
      vertex 3.7639 1.54297 13.75
    endloop
  endfacet
  facet normal -0.514153 0.857698 0
    outer loop
      vertex 3.70498 1.50765 13.75
      vertex 3.7639 1.54297 13.35
      vertex 3.70498 1.50765 13.35
    endloop
  endfacet
  facet normal -0.595729 -0.803186 0
    outer loop
      vertex 3.7639 2.70703 13.35
      vertex 3.81907 2.66611 13.75
      vertex 3.7639 2.70703 13.75
    endloop
  endfacet
  facet normal -0.595729 -0.803186 -0
    outer loop
      vertex 3.81907 2.66611 13.75
      vertex 3.7639 2.70703 13.35
      vertex 3.81907 2.66611 13.35
    endloop
  endfacet
  facet normal -0.998796 0.0490591 0
    outer loop
      vertex 4.07163 2.05639 13.35
      vertex 4.075 2.125 13.75
      vertex 4.075 2.125 13.35
    endloop
  endfacet
  facet normal -0.998796 0.0490591 0
    outer loop
      vertex 4.075 2.125 13.75
      vertex 4.07163 2.05639 13.35
      vertex 4.07163 2.05639 13.75
    endloop
  endfacet
  facet normal 0.242947 -0.97004 0
    outer loop
      vertex 3.1718 2.79486 13.35
      vertex 3.23844 2.81155 13.75
      vertex 3.1718 2.79486 13.75
    endloop
  endfacet
  facet normal 0.242947 -0.97004 0
    outer loop
      vertex 3.23844 2.81155 13.75
      vertex 3.1718 2.79486 13.35
      vertex 3.23844 2.81155 13.35
    endloop
  endfacet
  facet normal -0.427661 -0.903939 0
    outer loop
      vertex 3.64288 2.77172 13.35
      vertex 3.70498 2.74234 13.75
      vertex 3.64288 2.77172 13.75
    endloop
  endfacet
  facet normal -0.427661 -0.903939 -0
    outer loop
      vertex 3.70498 2.74234 13.75
      vertex 3.64288 2.77172 13.35
      vertex 3.70498 2.74234 13.35
    endloop
  endfacet
  facet normal 0.242947 0.97004 -0
    outer loop
      vertex 3.23844 1.43845 13.35
      vertex 3.1718 1.45514 13.75
      vertex 3.23844 1.43845 13.75
    endloop
  endfacet
  facet normal 0.242947 0.97004 0
    outer loop
      vertex 3.1718 1.45514 13.75
      vertex 3.23844 1.43845 13.35
      vertex 3.1718 1.45514 13.35
    endloop
  endfacet
  facet normal 0.989175 0.146739 0
    outer loop
      vertex 2.68845 1.98844 13.75
      vertex 2.67837 2.05639 13.35
      vertex 2.67837 2.05639 13.75
    endloop
  endfacet
  facet normal 0.989175 0.146739 0
    outer loop
      vertex 2.67837 2.05639 13.35
      vertex 2.68845 1.98844 13.75
      vertex 2.68845 1.98844 13.35
    endloop
  endfacet
  facet normal -0.671534 0.740973 0
    outer loop
      vertex 3.86997 1.63002 13.35
      vertex 3.81907 1.58389 13.75
      vertex 3.86997 1.63002 13.75
    endloop
  endfacet
  facet normal -0.671534 0.740973 0
    outer loop
      vertex 3.81907 1.58389 13.75
      vertex 3.86997 1.63002 13.35
      vertex 3.81907 1.58389 13.35
    endloop
  endfacet
  facet normal 0.427661 -0.903939 0
    outer loop
      vertex 3.04502 2.74234 13.35
      vertex 3.10712 2.77172 13.75
      vertex 3.04502 2.74234 13.75
    endloop
  endfacet
  facet normal 0.427661 -0.903939 0
    outer loop
      vertex 3.10712 2.77172 13.75
      vertex 3.04502 2.74234 13.35
      vertex 3.10712 2.77172 13.35
    endloop
  endfacet
  facet normal -0.336853 0.941557 0
    outer loop
      vertex 3.64288 1.47828 13.35
      vertex 3.5782 1.45514 13.75
      vertex 3.64288 1.47828 13.75
    endloop
  endfacet
  facet normal -0.336853 0.941557 0
    outer loop
      vertex 3.5782 1.45514 13.75
      vertex 3.64288 1.47828 13.35
      vertex 3.5782 1.45514 13.35
    endloop
  endfacet
  facet normal 0.903996 -0.427542 0
    outer loop
      vertex 2.72828 2.39288 13.75
      vertex 2.75765 2.45498 13.35
      vertex 2.75765 2.45498 13.75
    endloop
  endfacet
  facet normal 0.903996 -0.427542 0
    outer loop
      vertex 2.75765 2.45498 13.35
      vertex 2.72828 2.39288 13.75
      vertex 2.72828 2.39288 13.35
    endloop
  endfacet
  facet normal 0.803237 0.595659 0
    outer loop
      vertex 2.83389 1.68092 13.75
      vertex 2.79297 1.7361 13.35
      vertex 2.79297 1.7361 13.75
    endloop
  endfacet
  facet normal 0.803237 0.595659 0
    outer loop
      vertex 2.79297 1.7361 13.35
      vertex 2.83389 1.68092 13.75
      vertex 2.83389 1.68092 13.35
    endloop
  endfacet
  facet normal 0.514153 0.857698 -0
    outer loop
      vertex 3.04502 1.50765 13.35
      vertex 2.9861 1.54297 13.75
      vertex 3.04502 1.50765 13.75
    endloop
  endfacet
  facet normal 0.514153 0.857698 0
    outer loop
      vertex 2.9861 1.54297 13.75
      vertex 3.04502 1.50765 13.35
      vertex 2.9861 1.54297 13.35
    endloop
  endfacet
  facet normal -0.803237 0.595659 0
    outer loop
      vertex 3.91611 1.68092 13.35
      vertex 3.95703 1.7361 13.75
      vertex 3.95703 1.7361 13.35
    endloop
  endfacet
  facet normal -0.803237 0.595659 0
    outer loop
      vertex 3.95703 1.7361 13.75
      vertex 3.91611 1.68092 13.35
      vertex 3.91611 1.68092 13.75
    endloop
  endfacet
  facet normal 0.514046 -0.857763 0
    outer loop
      vertex 2.9861 2.70703 13.35
      vertex 3.04502 2.74234 13.75
      vertex 2.9861 2.70703 13.75
    endloop
  endfacet
  facet normal 0.514046 -0.857763 0
    outer loop
      vertex 3.04502 2.74234 13.75
      vertex 2.9861 2.70703 13.35
      vertex 3.04502 2.74234 13.35
    endloop
  endfacet
  facet normal 0.427542 0.903996 -0
    outer loop
      vertex 3.10712 1.47828 13.35
      vertex 3.04502 1.50765 13.75
      vertex 3.10712 1.47828 13.75
    endloop
  endfacet
  facet normal 0.427542 0.903996 0
    outer loop
      vertex 3.04502 1.50765 13.75
      vertex 3.10712 1.47828 13.35
      vertex 3.04502 1.50765 13.35
    endloop
  endfacet
  facet normal 0.595659 0.803237 -0
    outer loop
      vertex 2.9861 1.54297 13.35
      vertex 2.93092 1.58389 13.75
      vertex 2.9861 1.54297 13.75
    endloop
  endfacet
  facet normal 0.595659 0.803237 0
    outer loop
      vertex 2.93092 1.58389 13.75
      vertex 2.9861 1.54297 13.35
      vertex 2.93092 1.58389 13.35
    endloop
  endfacet
  facet normal -0.336853 -0.941557 0
    outer loop
      vertex 3.5782 2.79486 13.35
      vertex 3.64288 2.77172 13.75
      vertex 3.5782 2.79486 13.75
    endloop
  endfacet
  facet normal -0.336853 -0.941557 -0
    outer loop
      vertex 3.64288 2.77172 13.75
      vertex 3.5782 2.79486 13.35
      vertex 3.64288 2.77172 13.35
    endloop
  endfacet
  facet normal 0.740973 0.671534 0
    outer loop
      vertex 2.88002 1.63002 13.75
      vertex 2.83389 1.68092 13.35
      vertex 2.83389 1.68092 13.75
    endloop
  endfacet
  facet normal 0.740973 0.671534 0
    outer loop
      vertex 2.83389 1.68092 13.35
      vertex 2.88002 1.63002 13.75
      vertex 2.88002 1.63002 13.35
    endloop
  endfacet
  facet normal 0.336853 -0.941557 0
    outer loop
      vertex 3.10712 2.77172 13.35
      vertex 3.1718 2.79486 13.75
      vertex 3.10712 2.77172 13.75
    endloop
  endfacet
  facet normal 0.336853 -0.941557 0
    outer loop
      vertex 3.1718 2.79486 13.75
      vertex 3.10712 2.77172 13.35
      vertex 3.1718 2.79486 13.35
    endloop
  endfacet
  facet normal 0.903996 0.427542 0
    outer loop
      vertex 2.75765 1.79502 13.75
      vertex 2.72828 1.85712 13.35
      vertex 2.72828 1.85712 13.75
    endloop
  endfacet
  facet normal 0.903996 0.427542 0
    outer loop
      vertex 2.72828 1.85712 13.35
      vertex 2.75765 1.79502 13.75
      vertex 2.75765 1.79502 13.35
    endloop
  endfacet
  facet normal 0.941557 0.336853 0
    outer loop
      vertex 2.72828 1.85712 13.75
      vertex 2.70514 1.9218 13.35
      vertex 2.70514 1.9218 13.75
    endloop
  endfacet
  facet normal 0.941557 0.336853 0
    outer loop
      vertex 2.70514 1.9218 13.35
      vertex 2.72828 1.85712 13.75
      vertex 2.72828 1.85712 13.35
    endloop
  endfacet
  facet normal -0.903939 -0.427661 0
    outer loop
      vertex 4.02172 2.39288 13.35
      vertex 3.99234 2.45498 13.75
      vertex 3.99234 2.45498 13.35
    endloop
  endfacet
  facet normal -0.903939 -0.427661 0
    outer loop
      vertex 3.99234 2.45498 13.75
      vertex 4.02172 2.39288 13.35
      vertex 4.02172 2.39288 13.75
    endloop
  endfacet
  facet normal 0.97004 0.242947 0
    outer loop
      vertex 2.70514 1.9218 13.75
      vertex 2.68845 1.98844 13.35
      vertex 2.68845 1.98844 13.75
    endloop
  endfacet
  facet normal 0.97004 0.242947 0
    outer loop
      vertex 2.68845 1.98844 13.35
      vertex 2.70514 1.9218 13.75
      vertex 2.70514 1.9218 13.35
    endloop
  endfacet
  facet normal -0.671614 -0.740901 0
    outer loop
      vertex 3.81907 2.66611 13.35
      vertex 3.86997 2.61997 13.75
      vertex 3.81907 2.66611 13.75
    endloop
  endfacet
  facet normal -0.671614 -0.740901 -0
    outer loop
      vertex 3.86997 2.61997 13.75
      vertex 3.81907 2.66611 13.35
      vertex 3.86997 2.61997 13.35
    endloop
  endfacet
  facet normal -0.97004 0.242947 0
    outer loop
      vertex 4.04486 1.9218 13.35
      vertex 4.06155 1.98844 13.75
      vertex 4.06155 1.98844 13.35
    endloop
  endfacet
  facet normal -0.97004 0.242947 0
    outer loop
      vertex 4.06155 1.98844 13.75
      vertex 4.04486 1.9218 13.35
      vertex 4.04486 1.9218 13.75
    endloop
  endfacet
  facet normal -0.740901 0.671614 0
    outer loop
      vertex 3.86997 1.63002 13.35
      vertex 3.91611 1.68092 13.75
      vertex 3.91611 1.68092 13.35
    endloop
  endfacet
  facet normal -0.740901 0.671614 0
    outer loop
      vertex 3.91611 1.68092 13.75
      vertex 3.86997 1.63002 13.35
      vertex 3.86997 1.63002 13.75
    endloop
  endfacet
  facet normal -0.146739 0.989175 0
    outer loop
      vertex 3.51156 1.43845 13.35
      vertex 3.44361 1.42837 13.75
      vertex 3.51156 1.43845 13.75
    endloop
  endfacet
  facet normal -0.146739 0.989175 0
    outer loop
      vertex 3.44361 1.42837 13.75
      vertex 3.51156 1.43845 13.35
      vertex 3.44361 1.42837 13.35
    endloop
  endfacet
  facet normal 0.989175 -0.146739 0
    outer loop
      vertex 2.67837 2.19361 13.75
      vertex 2.68845 2.26156 13.35
      vertex 2.68845 2.26156 13.75
    endloop
  endfacet
  facet normal 0.989175 -0.146739 0
    outer loop
      vertex 2.68845 2.26156 13.35
      vertex 2.67837 2.19361 13.75
      vertex 2.67837 2.19361 13.35
    endloop
  endfacet
  facet normal 0 0 1
    outer loop
      vertex 4.07163 2.19361 13.35
      vertex 4.07163 2.05639 13.35
      vertex 4.075 2.125 13.35
    endloop
  endfacet
  facet normal 0 0 1
    outer loop
      vertex 4.06155 2.26156 13.35
      vertex 4.07163 2.05639 13.35
      vertex 4.07163 2.19361 13.35
    endloop
  endfacet
  facet normal 0 0 1
    outer loop
      vertex 4.06155 2.26156 13.35
      vertex 4.06155 1.98844 13.35
      vertex 4.07163 2.05639 13.35
    endloop
  endfacet
  facet normal 0 0 1
    outer loop
      vertex 4.04486 2.3282 13.35
      vertex 4.06155 1.98844 13.35
      vertex 4.06155 2.26156 13.35
    endloop
  endfacet
  facet normal 0 0 1
    outer loop
      vertex 4.04486 2.3282 13.35
      vertex 4.04486 1.9218 13.35
      vertex 4.06155 1.98844 13.35
    endloop
  endfacet
  facet normal 0 0 1
    outer loop
      vertex 4.02172 2.39288 13.35
      vertex 4.04486 1.9218 13.35
      vertex 4.04486 2.3282 13.35
    endloop
  endfacet
  facet normal 0 0 1
    outer loop
      vertex 4.02172 2.39288 13.35
      vertex 4.02172 1.85712 13.35
      vertex 4.04486 1.9218 13.35
    endloop
  endfacet
  facet normal 0 0 1
    outer loop
      vertex 3.99234 2.45498 13.35
      vertex 4.02172 1.85712 13.35
      vertex 4.02172 2.39288 13.35
    endloop
  endfacet
  facet normal 0 0 1
    outer loop
      vertex 3.99234 2.45498 13.35
      vertex 3.99234 1.79502 13.35
      vertex 4.02172 1.85712 13.35
    endloop
  endfacet
  facet normal 0 0 1
    outer loop
      vertex 3.95703 2.5139 13.35
      vertex 3.99234 1.79502 13.35
      vertex 3.99234 2.45498 13.35
    endloop
  endfacet
  facet normal 0 0 1
    outer loop
      vertex 3.95703 2.5139 13.35
      vertex 3.95703 1.7361 13.35
      vertex 3.99234 1.79502 13.35
    endloop
  endfacet
  facet normal 0 0 1
    outer loop
      vertex 3.91611 2.56907 13.35
      vertex 3.95703 1.7361 13.35
      vertex 3.95703 2.5139 13.35
    endloop
  endfacet
  facet normal 0 0 1
    outer loop
      vertex 3.91611 2.56907 13.35
      vertex 3.91611 1.68092 13.35
      vertex 3.95703 1.7361 13.35
    endloop
  endfacet
  facet normal 0 0 1
    outer loop
      vertex 3.86997 2.61997 13.35
      vertex 3.91611 1.68092 13.35
      vertex 3.91611 2.56907 13.35
    endloop
  endfacet
  facet normal 0 0 1
    outer loop
      vertex 3.86997 2.61997 13.35
      vertex 3.86997 1.63002 13.35
      vertex 3.91611 1.68092 13.35
    endloop
  endfacet
  facet normal 0 0 1
    outer loop
      vertex 3.81907 2.66611 13.35
      vertex 3.86997 1.63002 13.35
      vertex 3.86997 2.61997 13.35
    endloop
  endfacet
  facet normal 0 0 1
    outer loop
      vertex 3.81907 2.66611 13.35
      vertex 3.81907 1.58389 13.35
      vertex 3.86997 1.63002 13.35
    endloop
  endfacet
  facet normal 0 0 1
    outer loop
      vertex 3.7639 2.70703 13.35
      vertex 3.81907 1.58389 13.35
      vertex 3.81907 2.66611 13.35
    endloop
  endfacet
  facet normal 0 0 1
    outer loop
      vertex 3.7639 2.70703 13.35
      vertex 3.7639 1.54297 13.35
      vertex 3.81907 1.58389 13.35
    endloop
  endfacet
  facet normal 0 0 1
    outer loop
      vertex 3.70498 2.74234 13.35
      vertex 3.7639 1.54297 13.35
      vertex 3.7639 2.70703 13.35
    endloop
  endfacet
  facet normal 0 0 1
    outer loop
      vertex 3.70498 2.74234 13.35
      vertex 3.70498 1.50765 13.35
      vertex 3.7639 1.54297 13.35
    endloop
  endfacet
  facet normal 0 0 1
    outer loop
      vertex 3.64288 2.77172 13.35
      vertex 3.70498 1.50765 13.35
      vertex 3.70498 2.74234 13.35
    endloop
  endfacet
  facet normal 0 0 1
    outer loop
      vertex 3.64288 2.77172 13.35
      vertex 3.64288 1.47828 13.35
      vertex 3.70498 1.50765 13.35
    endloop
  endfacet
  facet normal 0 0 1
    outer loop
      vertex 3.5782 2.79486 13.35
      vertex 3.64288 1.47828 13.35
      vertex 3.64288 2.77172 13.35
    endloop
  endfacet
  facet normal 0 0 1
    outer loop
      vertex 3.5782 2.79486 13.35
      vertex 3.5782 1.45514 13.35
      vertex 3.64288 1.47828 13.35
    endloop
  endfacet
  facet normal 0 0 1
    outer loop
      vertex 3.51156 2.81155 13.35
      vertex 3.5782 1.45514 13.35
      vertex 3.5782 2.79486 13.35
    endloop
  endfacet
  facet normal 0 0 1
    outer loop
      vertex 3.51156 2.81155 13.35
      vertex 3.51156 1.43845 13.35
      vertex 3.5782 1.45514 13.35
    endloop
  endfacet
  facet normal 0 0 1
    outer loop
      vertex 3.44361 2.82163 13.35
      vertex 3.51156 1.43845 13.35
      vertex 3.51156 2.81155 13.35
    endloop
  endfacet
  facet normal 0 0 1
    outer loop
      vertex 3.44361 2.82163 13.35
      vertex 3.44361 1.42837 13.35
      vertex 3.51156 1.43845 13.35
    endloop
  endfacet
  facet normal 0 0 1
    outer loop
      vertex 3.375 2.825 13.35
      vertex 3.44361 1.42837 13.35
      vertex 3.44361 2.82163 13.35
    endloop
  endfacet
  facet normal 0 0 1
    outer loop
      vertex 3.375 2.825 13.35
      vertex 3.375 1.425 13.35
      vertex 3.44361 1.42837 13.35
    endloop
  endfacet
  facet normal -0 0 1
    outer loop
      vertex 3.30639 2.82163 13.35
      vertex 3.375 1.425 13.35
      vertex 3.375 2.825 13.35
    endloop
  endfacet
  facet normal 0 0 1
    outer loop
      vertex 3.30639 2.82163 13.35
      vertex 3.30639 1.42837 13.35
      vertex 3.375 1.425 13.35
    endloop
  endfacet
  facet normal -0 0 1
    outer loop
      vertex 3.23844 2.81155 13.35
      vertex 3.30639 1.42837 13.35
      vertex 3.30639 2.82163 13.35
    endloop
  endfacet
  facet normal 0 0 1
    outer loop
      vertex 3.23844 2.81155 13.35
      vertex 3.23844 1.43845 13.35
      vertex 3.30639 1.42837 13.35
    endloop
  endfacet
  facet normal -0 0 1
    outer loop
      vertex 3.1718 2.79486 13.35
      vertex 3.23844 1.43845 13.35
      vertex 3.23844 2.81155 13.35
    endloop
  endfacet
  facet normal 0 0 1
    outer loop
      vertex 3.1718 2.79486 13.35
      vertex 3.1718 1.45514 13.35
      vertex 3.23844 1.43845 13.35
    endloop
  endfacet
  facet normal -0 0 1
    outer loop
      vertex 3.10712 2.77172 13.35
      vertex 3.1718 1.45514 13.35
      vertex 3.1718 2.79486 13.35
    endloop
  endfacet
  facet normal 0 0 1
    outer loop
      vertex 3.10712 2.77172 13.35
      vertex 3.10712 1.47828 13.35
      vertex 3.1718 1.45514 13.35
    endloop
  endfacet
  facet normal -0 0 1
    outer loop
      vertex 3.04502 2.74234 13.35
      vertex 3.10712 1.47828 13.35
      vertex 3.10712 2.77172 13.35
    endloop
  endfacet
  facet normal 0 0 1
    outer loop
      vertex 3.04502 2.74234 13.35
      vertex 3.04502 1.50765 13.35
      vertex 3.10712 1.47828 13.35
    endloop
  endfacet
  facet normal -0 0 1
    outer loop
      vertex 2.9861 2.70703 13.35
      vertex 3.04502 1.50765 13.35
      vertex 3.04502 2.74234 13.35
    endloop
  endfacet
  facet normal 0 0 1
    outer loop
      vertex 2.9861 2.70703 13.35
      vertex 2.9861 1.54297 13.35
      vertex 3.04502 1.50765 13.35
    endloop
  endfacet
  facet normal -0 0 1
    outer loop
      vertex 2.93092 2.66611 13.35
      vertex 2.9861 1.54297 13.35
      vertex 2.9861 2.70703 13.35
    endloop
  endfacet
  facet normal 0 0 1
    outer loop
      vertex 2.93092 2.66611 13.35
      vertex 2.93092 1.58389 13.35
      vertex 2.9861 1.54297 13.35
    endloop
  endfacet
  facet normal -0 0 1
    outer loop
      vertex 2.88002 2.61997 13.35
      vertex 2.93092 1.58389 13.35
      vertex 2.93092 2.66611 13.35
    endloop
  endfacet
  facet normal 0 0 1
    outer loop
      vertex 2.88002 2.61997 13.35
      vertex 2.88002 1.63002 13.35
      vertex 2.93092 1.58389 13.35
    endloop
  endfacet
  facet normal -0 0 1
    outer loop
      vertex 2.83389 2.56907 13.35
      vertex 2.88002 1.63002 13.35
      vertex 2.88002 2.61997 13.35
    endloop
  endfacet
  facet normal 0 0 1
    outer loop
      vertex 2.83389 2.56907 13.35
      vertex 2.83389 1.68092 13.35
      vertex 2.88002 1.63002 13.35
    endloop
  endfacet
  facet normal -0 0 1
    outer loop
      vertex 2.79297 2.5139 13.35
      vertex 2.83389 1.68092 13.35
      vertex 2.83389 2.56907 13.35
    endloop
  endfacet
  facet normal 0 0 1
    outer loop
      vertex 2.79297 2.5139 13.35
      vertex 2.79297 1.7361 13.35
      vertex 2.83389 1.68092 13.35
    endloop
  endfacet
  facet normal -0 0 1
    outer loop
      vertex 2.75765 2.45498 13.35
      vertex 2.79297 1.7361 13.35
      vertex 2.79297 2.5139 13.35
    endloop
  endfacet
  facet normal 0 0 1
    outer loop
      vertex 2.75765 2.45498 13.35
      vertex 2.75765 1.79502 13.35
      vertex 2.79297 1.7361 13.35
    endloop
  endfacet
  facet normal -0 0 1
    outer loop
      vertex 2.72828 2.39288 13.35
      vertex 2.75765 1.79502 13.35
      vertex 2.75765 2.45498 13.35
    endloop
  endfacet
  facet normal 0 0 1
    outer loop
      vertex 2.72828 2.39288 13.35
      vertex 2.72828 1.85712 13.35
      vertex 2.75765 1.79502 13.35
    endloop
  endfacet
  facet normal -0 0 1
    outer loop
      vertex 2.70514 2.3282 13.35
      vertex 2.72828 1.85712 13.35
      vertex 2.72828 2.39288 13.35
    endloop
  endfacet
  facet normal 0 0 1
    outer loop
      vertex 2.70514 2.3282 13.35
      vertex 2.70514 1.9218 13.35
      vertex 2.72828 1.85712 13.35
    endloop
  endfacet
  facet normal -0 0 1
    outer loop
      vertex 2.68845 2.26156 13.35
      vertex 2.70514 1.9218 13.35
      vertex 2.70514 2.3282 13.35
    endloop
  endfacet
  facet normal 0 0 1
    outer loop
      vertex 2.68845 2.26156 13.35
      vertex 2.68845 1.98844 13.35
      vertex 2.70514 1.9218 13.35
    endloop
  endfacet
  facet normal -0 0 1
    outer loop
      vertex 2.67837 2.19361 13.35
      vertex 2.68845 1.98844 13.35
      vertex 2.68845 2.26156 13.35
    endloop
  endfacet
  facet normal 0 0 1
    outer loop
      vertex 2.67837 2.19361 13.35
      vertex 2.67837 2.05639 13.35
      vertex 2.68845 1.98844 13.35
    endloop
  endfacet
  facet normal 0 -0 1
    outer loop
      vertex 2.67837 2.05639 13.35
      vertex 2.67837 2.19361 13.35
      vertex 2.675 2.125 13.35
    endloop
  endfacet
  facet normal -0.514046 -0.857763 0
    outer loop
      vertex 3.70498 2.74234 13.35
      vertex 3.7639 2.70703 13.75
      vertex 3.70498 2.74234 13.75
    endloop
  endfacet
  facet normal -0.514046 -0.857763 -0
    outer loop
      vertex 3.7639 2.70703 13.75
      vertex 3.70498 2.74234 13.35
      vertex 3.7639 2.70703 13.35
    endloop
  endfacet
  facet normal 0.97004 -0.242947 0
    outer loop
      vertex 2.68845 2.26156 13.75
      vertex 2.70514 2.3282 13.35
      vertex 2.70514 2.3282 13.75
    endloop
  endfacet
  facet normal 0.97004 -0.242947 0
    outer loop
      vertex 2.70514 2.3282 13.35
      vertex 2.68845 2.26156 13.75
      vertex 2.68845 2.26156 13.35
    endloop
  endfacet
  facet normal -0.941557 -0.336853 0
    outer loop
      vertex 4.04486 2.3282 13.35
      vertex 4.02172 2.39288 13.75
      vertex 4.02172 2.39288 13.35
    endloop
  endfacet
  facet normal -0.941557 -0.336853 0
    outer loop
      vertex 4.02172 2.39288 13.75
      vertex 4.04486 2.3282 13.35
      vertex 4.04486 2.3282 13.75
    endloop
  endfacet
  facet normal -0.242947 -0.97004 0
    outer loop
      vertex 3.51156 2.81155 13.35
      vertex 3.5782 2.79486 13.75
      vertex 3.51156 2.81155 13.75
    endloop
  endfacet
  facet normal -0.242947 -0.97004 -0
    outer loop
      vertex 3.5782 2.79486 13.75
      vertex 3.51156 2.81155 13.35
      vertex 3.5782 2.79486 13.35
    endloop
  endfacet
  facet normal -0.0490591 -0.998796 0
    outer loop
      vertex 3.375 2.825 13.35
      vertex 3.44361 2.82163 13.75
      vertex 3.375 2.825 13.75
    endloop
  endfacet
  facet normal -0.0490591 -0.998796 -0
    outer loop
      vertex 3.44361 2.82163 13.75
      vertex 3.375 2.825 13.35
      vertex 3.44361 2.82163 13.35
    endloop
  endfacet
  facet normal -0.427542 0.903996 0
    outer loop
      vertex 3.70498 1.50765 13.35
      vertex 3.64288 1.47828 13.75
      vertex 3.70498 1.50765 13.75
    endloop
  endfacet
  facet normal -0.427542 0.903996 0
    outer loop
      vertex 3.64288 1.47828 13.75
      vertex 3.70498 1.50765 13.35
      vertex 3.64288 1.47828 13.35
    endloop
  endfacet
  facet normal 0.0490591 -0.998796 0
    outer loop
      vertex 3.30639 2.82163 13.35
      vertex 3.375 2.825 13.75
      vertex 3.30639 2.82163 13.75
    endloop
  endfacet
  facet normal 0.0490591 -0.998796 0
    outer loop
      vertex 3.375 2.825 13.75
      vertex 3.30639 2.82163 13.35
      vertex 3.375 2.825 13.35
    endloop
  endfacet
  facet normal -0.989175 0.146739 0
    outer loop
      vertex 4.06155 1.98844 13.35
      vertex 4.07163 2.05639 13.75
      vertex 4.07163 2.05639 13.35
    endloop
  endfacet
  facet normal -0.989175 0.146739 0
    outer loop
      vertex 4.07163 2.05639 13.75
      vertex 4.06155 1.98844 13.35
      vertex 4.06155 1.98844 13.75
    endloop
  endfacet
  facet normal -0.857763 -0.514046 0
    outer loop
      vertex 3.99234 2.45498 13.35
      vertex 3.95703 2.5139 13.75
      vertex 3.95703 2.5139 13.35
    endloop
  endfacet
  facet normal -0.857763 -0.514046 0
    outer loop
      vertex 3.95703 2.5139 13.75
      vertex 3.99234 2.45498 13.35
      vertex 3.99234 2.45498 13.75
    endloop
  endfacet
  facet normal 0.671614 -0.740901 0
    outer loop
      vertex 2.88002 2.61997 13.35
      vertex 2.93092 2.66611 13.75
      vertex 2.88002 2.61997 13.75
    endloop
  endfacet
  facet normal 0.671614 -0.740901 0
    outer loop
      vertex 2.93092 2.66611 13.75
      vertex 2.88002 2.61997 13.35
      vertex 2.93092 2.66611 13.35
    endloop
  endfacet
  facet normal -0.242947 0.97004 0
    outer loop
      vertex 3.5782 1.45514 13.35
      vertex 3.51156 1.43845 13.75
      vertex 3.5782 1.45514 13.75
    endloop
  endfacet
  facet normal -0.242947 0.97004 0
    outer loop
      vertex 3.51156 1.43845 13.75
      vertex 3.5782 1.45514 13.35
      vertex 3.51156 1.43845 13.35
    endloop
  endfacet
  facet normal 0.0490591 0.998796 -0
    outer loop
      vertex 3.375 1.425 13.35
      vertex 3.30639 1.42837 13.75
      vertex 3.375 1.425 13.75
    endloop
  endfacet
  facet normal 0.0490591 0.998796 0
    outer loop
      vertex 3.30639 1.42837 13.75
      vertex 3.375 1.425 13.35
      vertex 3.30639 1.42837 13.35
    endloop
  endfacet
  facet normal 0.740973 -0.671534 0
    outer loop
      vertex 2.83389 2.56907 13.75
      vertex 2.88002 2.61997 13.35
      vertex 2.88002 2.61997 13.75
    endloop
  endfacet
  facet normal 0.740973 -0.671534 0
    outer loop
      vertex 2.88002 2.61997 13.35
      vertex 2.83389 2.56907 13.75
      vertex 2.83389 2.56907 13.35
    endloop
  endfacet
  facet normal 0.941557 -0.336853 0
    outer loop
      vertex 2.70514 2.3282 13.75
      vertex 2.72828 2.39288 13.35
      vertex 2.72828 2.39288 13.75
    endloop
  endfacet
  facet normal 0.941557 -0.336853 0
    outer loop
      vertex 2.72828 2.39288 13.35
      vertex 2.70514 2.3282 13.75
      vertex 2.70514 2.3282 13.35
    endloop
  endfacet
  facet normal -0.903939 0.427661 0
    outer loop
      vertex 3.99234 1.79502 13.35
      vertex 4.02172 1.85712 13.75
      vertex 4.02172 1.85712 13.35
    endloop
  endfacet
  facet normal -0.903939 0.427661 0
    outer loop
      vertex 4.02172 1.85712 13.75
      vertex 3.99234 1.79502 13.35
      vertex 3.99234 1.79502 13.75
    endloop
  endfacet
  facet normal -0.0490591 0.998796 0
    outer loop
      vertex 3.44361 1.42837 13.35
      vertex 3.375 1.425 13.75
      vertex 3.44361 1.42837 13.75
    endloop
  endfacet
  facet normal -0.0490591 0.998796 0
    outer loop
      vertex 3.375 1.425 13.75
      vertex 3.44361 1.42837 13.35
      vertex 3.375 1.425 13.35
    endloop
  endfacet
  facet normal 0.671534 0.740973 -0
    outer loop
      vertex 2.93092 1.58389 13.35
      vertex 2.88002 1.63002 13.75
      vertex 2.93092 1.58389 13.75
    endloop
  endfacet
  facet normal 0.671534 0.740973 0
    outer loop
      vertex 2.88002 1.63002 13.75
      vertex 2.93092 1.58389 13.35
      vertex 2.88002 1.63002 13.35
    endloop
  endfacet
  facet normal -0.941557 0.336853 0
    outer loop
      vertex 4.02172 1.85712 13.35
      vertex 4.04486 1.9218 13.75
      vertex 4.04486 1.9218 13.35
    endloop
  endfacet
  facet normal -0.941557 0.336853 0
    outer loop
      vertex 4.04486 1.9218 13.75
      vertex 4.02172 1.85712 13.35
      vertex 4.02172 1.85712 13.75
    endloop
  endfacet
  facet normal 0.998796 -0.0490591 0
    outer loop
      vertex 2.675 2.125 13.75
      vertex 2.67837 2.19361 13.35
      vertex 2.67837 2.19361 13.75
    endloop
  endfacet
  facet normal 0.998796 -0.0490591 0
    outer loop
      vertex 2.67837 2.19361 13.35
      vertex 2.675 2.125 13.75
      vertex 2.675 2.125 13.35
    endloop
  endfacet
  facet normal -0.740901 -0.671614 0
    outer loop
      vertex 3.91611 2.56907 13.35
      vertex 3.86997 2.61997 13.75
      vertex 3.86997 2.61997 13.35
    endloop
  endfacet
  facet normal -0.740901 -0.671614 0
    outer loop
      vertex 3.86997 2.61997 13.75
      vertex 3.91611 2.56907 13.35
      vertex 3.91611 2.56907 13.75
    endloop
  endfacet
  facet normal -0.595729 0.803186 0
    outer loop
      vertex 3.81907 1.58389 13.35
      vertex 3.7639 1.54297 13.75
      vertex 3.81907 1.58389 13.75
    endloop
  endfacet
  facet normal -0.595729 0.803186 0
    outer loop
      vertex 3.7639 1.54297 13.75
      vertex 3.81907 1.58389 13.35
      vertex 3.7639 1.54297 13.35
    endloop
  endfacet
  facet normal -0.857763 0.514046 0
    outer loop
      vertex 3.95703 1.7361 13.35
      vertex 3.99234 1.79502 13.75
      vertex 3.99234 1.79502 13.35
    endloop
  endfacet
  facet normal -0.857763 0.514046 0
    outer loop
      vertex 3.99234 1.79502 13.75
      vertex 3.95703 1.7361 13.35
      vertex 3.95703 1.7361 13.75
    endloop
  endfacet
  facet normal 0.857698 -0.514153 0
    outer loop
      vertex 2.75765 2.45498 13.75
      vertex 2.79297 2.5139 13.35
      vertex 2.79297 2.5139 13.75
    endloop
  endfacet
  facet normal 0.857698 -0.514153 0
    outer loop
      vertex 2.79297 2.5139 13.35
      vertex 2.75765 2.45498 13.75
      vertex 2.75765 2.45498 13.35
    endloop
  endfacet
  facet normal 0.857698 0.514153 0
    outer loop
      vertex 2.79297 1.7361 13.75
      vertex 2.75765 1.79502 13.35
      vertex 2.75765 1.79502 13.75
    endloop
  endfacet
  facet normal 0.857698 0.514153 0
    outer loop
      vertex 2.75765 1.79502 13.35
      vertex 2.79297 1.7361 13.75
      vertex 2.79297 1.7361 13.35
    endloop
  endfacet
  facet normal 0.998796 0.0490591 0
    outer loop
      vertex 2.67837 2.05639 13.75
      vertex 2.675 2.125 13.35
      vertex 2.675 2.125 13.75
    endloop
  endfacet
  facet normal 0.998796 0.0490591 0
    outer loop
      vertex 2.675 2.125 13.35
      vertex 2.67837 2.05639 13.75
      vertex 2.67837 2.05639 13.35
    endloop
  endfacet
  facet normal 0.146739 0.989175 -0
    outer loop
      vertex 3.30639 1.42837 13.35
      vertex 3.23844 1.43845 13.75
      vertex 3.30639 1.42837 13.75
    endloop
  endfacet
  facet normal 0.146739 0.989175 0
    outer loop
      vertex 3.23844 1.43845 13.75
      vertex 3.30639 1.42837 13.35
      vertex 3.23844 1.43845 13.35
    endloop
  endfacet
  facet normal 0.803186 -0.595729 0
    outer loop
      vertex 2.79297 2.5139 13.75
      vertex 2.83389 2.56907 13.35
      vertex 2.83389 2.56907 13.75
    endloop
  endfacet
  facet normal 0.803186 -0.595729 0
    outer loop
      vertex 2.83389 2.56907 13.35
      vertex 2.79297 2.5139 13.75
      vertex 2.79297 2.5139 13.35
    endloop
  endfacet
  facet normal -0 0 1
    outer loop
      vertex -6.55 0.2 13.35
      vertex 6.55 -0.2 13.35
      vertex 6.55 0.2 13.35
    endloop
  endfacet
  facet normal 0 0 1
    outer loop
      vertex 6.55 -0.2 13.35
      vertex -6.55 0.2 13.35
      vertex -6.55 -0.2 13.35
    endloop
  endfacet
  facet normal 0 0 1
    outer loop
      vertex 6.55 0.2 13.35
      vertex 6.95 4.45 13.35
      vertex 6.55 4.05 13.35
    endloop
  endfacet
  facet normal 0 0 1
    outer loop
      vertex 6.95 4.45 13.35
      vertex -6.55 4.05 13.35
      vertex 6.55 4.05 13.35
    endloop
  endfacet
  facet normal 0 0 1
    outer loop
      vertex -6.95 4.45 13.35
      vertex -6.55 0.2 13.35
      vertex -6.55 4.05 13.35
    endloop
  endfacet
  facet normal 0 0 1
    outer loop
      vertex -6.55 0.2 13.35
      vertex -6.95 4.45 13.35
      vertex -6.55 -0.2 13.35
    endloop
  endfacet
  facet normal 0 0 1
    outer loop
      vertex -6.95 -4.45 13.35
      vertex -6.55 -0.2 13.35
      vertex -6.95 4.45 13.35
    endloop
  endfacet
  facet normal -0 0 1
    outer loop
      vertex -6.95 4.45 13.35
      vertex -6.55 4.05 13.35
      vertex 6.95 4.45 13.35
    endloop
  endfacet
  facet normal 0 0 1
    outer loop
      vertex 6.95 4.45 13.35
      vertex 6.55 0.2 13.35
      vertex 6.95 -4.45 13.35
    endloop
  endfacet
  facet normal -0 0 1
    outer loop
      vertex 6.55 -0.2 13.35
      vertex 6.95 -4.45 13.35
      vertex 6.55 0.2 13.35
    endloop
  endfacet
  facet normal -0 0 1
    outer loop
      vertex 6.55 -4.05 13.35
      vertex 6.95 -4.45 13.35
      vertex 6.55 -0.2 13.35
    endloop
  endfacet
  facet normal -0 0 1
    outer loop
      vertex -6.55 -4.05 13.35
      vertex 6.95 -4.45 13.35
      vertex 6.55 -4.05 13.35
    endloop
  endfacet
  facet normal 0 0 1
    outer loop
      vertex -6.55 -4.05 13.35
      vertex -6.95 -4.45 13.35
      vertex 6.95 -4.45 13.35
    endloop
  endfacet
  facet normal 0 0 1
    outer loop
      vertex -6.55 -0.2 13.35
      vertex -6.95 -4.45 13.35
      vertex -6.55 -4.05 13.35
    endloop
  endfacet
  facet normal 1 -0 0
    outer loop
      vertex -6.95 -4.45 13.75
      vertex -6.95 4.45 13.35
      vertex -6.95 4.45 13.75
    endloop
  endfacet
  facet normal 1 0 0
    outer loop
      vertex -6.95 4.45 13.35
      vertex -6.95 -4.45 13.75
      vertex -6.95 -4.45 13.35
    endloop
  endfacet
  facet normal 0 -1 0
    outer loop
      vertex -6.95 4.45 13.35
      vertex 6.95 4.45 13.75
      vertex -6.95 4.45 13.75
    endloop
  endfacet
  facet normal 0 -1 -0
    outer loop
      vertex 6.95 4.45 13.75
      vertex -6.95 4.45 13.35
      vertex 6.95 4.45 13.35
    endloop
  endfacet
  facet normal -1 0 0
    outer loop
      vertex 6.95 -4.45 13.35
      vertex 6.95 4.45 13.75
      vertex 6.95 4.45 13.35
    endloop
  endfacet
  facet normal -1 -0 0
    outer loop
      vertex 6.95 4.45 13.75
      vertex 6.95 -4.45 13.35
      vertex 6.95 -4.45 13.75
    endloop
  endfacet
  facet normal 0 1 -0
    outer loop
      vertex 6.55 4.05 13.35
      vertex -6.55 4.05 13.75
      vertex 6.55 4.05 13.75
    endloop
  endfacet
  facet normal 0 1 0
    outer loop
      vertex -6.55 4.05 13.75
      vertex 6.55 4.05 13.35
      vertex -6.55 4.05 13.35
    endloop
  endfacet
  facet normal 0 -1 0
    outer loop
      vertex -6.55 -4.05 13.35
      vertex 6.55 -4.05 13.75
      vertex -6.55 -4.05 13.75
    endloop
  endfacet
  facet normal 0 -1 -0
    outer loop
      vertex 6.55 -4.05 13.75
      vertex -6.55 -4.05 13.35
      vertex 6.55 -4.05 13.35
    endloop
  endfacet
  facet normal 0 1 -0
    outer loop
      vertex 6.95 -4.45 13.35
      vertex -6.95 -4.45 13.75
      vertex 6.95 -4.45 13.75
    endloop
  endfacet
  facet normal 0 1 0
    outer loop
      vertex -6.95 -4.45 13.75
      vertex 6.95 -4.45 13.35
      vertex -6.95 -4.45 13.35
    endloop
  endfacet
  facet normal -1 0 0
    outer loop
      vertex -6.55 0.2 13.35
      vertex -6.55 4.05 13.75
      vertex -6.55 4.05 13.35
    endloop
  endfacet
  facet normal -1 -0 0
    outer loop
      vertex -6.55 4.05 13.75
      vertex -6.55 0.2 13.35
      vertex -6.55 0.2 13.75
    endloop
  endfacet
  facet normal -1 0 0
    outer loop
      vertex -6.55 -4.05 13.35
      vertex -6.55 -0.2 13.75
      vertex -6.55 -0.2 13.35
    endloop
  endfacet
  facet normal -1 -0 0
    outer loop
      vertex -6.55 -0.2 13.75
      vertex -6.55 -4.05 13.35
      vertex -6.55 -4.05 13.75
    endloop
  endfacet
  facet normal 1 -0 0
    outer loop
      vertex 6.55 -4.05 13.75
      vertex 6.55 -0.2 13.35
      vertex 6.55 -0.2 13.75
    endloop
  endfacet
  facet normal 1 0 0
    outer loop
      vertex 6.55 -0.2 13.35
      vertex 6.55 -4.05 13.75
      vertex 6.55 -4.05 13.35
    endloop
  endfacet
  facet normal 1 -0 0
    outer loop
      vertex 6.55 0.2 13.75
      vertex 6.55 4.05 13.35
      vertex 6.55 4.05 13.75
    endloop
  endfacet
  facet normal 1 0 0
    outer loop
      vertex 6.55 4.05 13.35
      vertex 6.55 0.2 13.75
      vertex 6.55 0.2 13.35
    endloop
  endfacet
  facet normal 0 -1 0
    outer loop
      vertex -6.55 0.2 13.35
      vertex 6.55 0.2 13.75
      vertex -6.55 0.2 13.75
    endloop
  endfacet
  facet normal 0 -1 -0
    outer loop
      vertex 6.55 0.2 13.75
      vertex -6.55 0.2 13.35
      vertex 6.55 0.2 13.35
    endloop
  endfacet
  facet normal 0 1 -0
    outer loop
      vertex 6.55 -0.2 13.35
      vertex -6.55 -0.2 13.75
      vertex 6.55 -0.2 13.75
    endloop
  endfacet
  facet normal 0 1 0
    outer loop
      vertex -6.55 -0.2 13.75
      vertex 6.55 -0.2 13.35
      vertex -6.55 -0.2 13.35
    endloop
  endfacet
  facet normal -0.970023 -0.243015 0
    outer loop
      vertex -7.47415 -4.57416 0
      vertex -7.48846 -4.51704 13.75
      vertex -7.48846 -4.51704 0
    endloop
  endfacet
  facet normal -0.970023 -0.243015 0
    outer loop
      vertex -7.48846 -4.51704 13.75
      vertex -7.47415 -4.57416 0
      vertex -7.47415 -4.57416 13.75
    endloop
  endfacet
  facet normal 0.243015 -0.970023 0
    outer loop
      vertex 7.01704 -4.98846 0
      vertex 7.07416 -4.97415 13.75
      vertex 7.01704 -4.98846 13.75
    endloop
  endfacet
  facet normal 0.243015 -0.970023 0
    outer loop
      vertex 7.07416 -4.97415 13.75
      vertex 7.01704 -4.98846 0
      vertex 7.07416 -4.97415 0
    endloop
  endfacet
  facet normal 0 -1 0
    outer loop
      vertex -6.89999 -5 0
      vertex 6.89999 -5 13.75
      vertex -6.89999 -5 13.75
    endloop
  endfacet
  facet normal 0 -1 -0
    outer loop
      vertex 6.89999 -5 13.75
      vertex -6.89999 -5 0
      vertex 6.89999 -5 0
    endloop
  endfacet
  facet normal 0.146746 -0.989174 0
    outer loop
      vertex 6.9588 -4.9971 0
      vertex 7.01704 -4.98846 13.75
      vertex 6.9588 -4.9971 13.75
    endloop
  endfacet
  facet normal 0.146746 -0.989174 0
    outer loop
      vertex 7.01704 -4.98846 13.75
      vertex 6.9588 -4.9971 0
      vertex 7.01704 -4.98846 0
    endloop
  endfacet
  facet normal -0.671438 -0.741061 0
    outer loop
      vertex -7.32426 -4.82426 0
      vertex -7.28062 -4.8638 13.75
      vertex -7.32426 -4.82426 13.75
    endloop
  endfacet
  facet normal -0.671438 -0.741061 -0
    outer loop
      vertex -7.28062 -4.8638 13.75
      vertex -7.32426 -4.82426 0
      vertex -7.28062 -4.8638 0
    endloop
  endfacet
  facet normal -0 0 1
    outer loop
      vertex 6.95 4.45 13.75
      vertex 7.5 4.39999 13.75
      vertex 7.4971 4.4588 13.75
    endloop
  endfacet
  facet normal 0 0 1
    outer loop
      vertex 7.5 4.39999 13.75
      vertex 6.95 4.45 13.75
      vertex 7.5 -4.39999 13.75
    endloop
  endfacet
  facet normal 0 0 1
    outer loop
      vertex 6.95 4.45 13.75
      vertex 7.4971 4.4588 13.75
      vertex 7.48846 4.51704 13.75
    endloop
  endfacet
  facet normal 0 0 1
    outer loop
      vertex 6.95 -4.45 13.75
      vertex 7.5 -4.39999 13.75
      vertex 6.95 4.45 13.75
    endloop
  endfacet
  facet normal 0 0 1
    outer loop
      vertex 6.95 4.45 13.75
      vertex 7.48846 4.51704 13.75
      vertex 7.47415 4.57416 13.75
    endloop
  endfacet
  facet normal 0 0 1
    outer loop
      vertex 7.5 -4.39999 13.75
      vertex 6.95 -4.45 13.75
      vertex 7.4971 -4.4588 13.75
    endloop
  endfacet
  facet normal 0 0 1
    outer loop
      vertex 6.95 4.45 13.75
      vertex 7.47415 4.57416 13.75
      vertex 7.45432 4.62961 13.75
    endloop
  endfacet
  facet normal 0 0 1
    outer loop
      vertex 7.4971 -4.4588 13.75
      vertex 6.95 -4.45 13.75
      vertex 7.48846 -4.51704 13.75
    endloop
  endfacet
  facet normal 0 0 1
    outer loop
      vertex 6.95 4.45 13.75
      vertex 7.45432 4.62961 13.75
      vertex 7.42915 4.68283 13.75
    endloop
  endfacet
  facet normal 0 0 1
    outer loop
      vertex 7.48846 -4.51704 13.75
      vertex 6.95 -4.45 13.75
      vertex 7.47415 -4.57416 13.75
    endloop
  endfacet
  facet normal 0 0 1
    outer loop
      vertex 6.95 4.45 13.75
      vertex 7.42915 4.68283 13.75
      vertex 7.39888 4.73334 13.75
    endloop
  endfacet
  facet normal 0 0 1
    outer loop
      vertex 7.47415 -4.57416 13.75
      vertex 6.95 -4.45 13.75
      vertex 7.45432 -4.62961 13.75
    endloop
  endfacet
  facet normal 0 0 1
    outer loop
      vertex 6.95 4.45 13.75
      vertex 7.39888 4.73334 13.75
      vertex 7.3638 4.78062 13.75
    endloop
  endfacet
  facet normal 0 0 1
    outer loop
      vertex 7.45432 -4.62961 13.75
      vertex 6.95 -4.45 13.75
      vertex 7.42915 -4.68283 13.75
    endloop
  endfacet
  facet normal 0 0 1
    outer loop
      vertex 6.95 4.45 13.75
      vertex 7.3638 4.78062 13.75
      vertex 7.32426 4.82426 13.75
    endloop
  endfacet
  facet normal 0 0 1
    outer loop
      vertex 7.42915 -4.68283 13.75
      vertex 6.95 -4.45 13.75
      vertex 7.39888 -4.73334 13.75
    endloop
  endfacet
  facet normal 0 0 1
    outer loop
      vertex 6.95 4.45 13.75
      vertex 7.32426 4.82426 13.75
      vertex 7.28062 4.8638 13.75
    endloop
  endfacet
  facet normal 0 0 1
    outer loop
      vertex 7.39888 -4.73334 13.75
      vertex 6.95 -4.45 13.75
      vertex 7.3638 -4.78062 13.75
    endloop
  endfacet
  facet normal 0 0 1
    outer loop
      vertex 6.95 4.45 13.75
      vertex 7.28062 4.8638 13.75
      vertex 7.23334 4.89888 13.75
    endloop
  endfacet
  facet normal 0 0 1
    outer loop
      vertex 7.3638 -4.78062 13.75
      vertex 6.95 -4.45 13.75
      vertex 7.32426 -4.82426 13.75
    endloop
  endfacet
  facet normal 0 0 1
    outer loop
      vertex 6.95 4.45 13.75
      vertex 7.23334 4.89888 13.75
      vertex 7.18283 4.92915 13.75
    endloop
  endfacet
  facet normal 0 0 1
    outer loop
      vertex 7.32426 -4.82426 13.75
      vertex 6.95 -4.45 13.75
      vertex 7.28062 -4.8638 13.75
    endloop
  endfacet
  facet normal 0 0 1
    outer loop
      vertex 6.95 4.45 13.75
      vertex 7.18283 4.92915 13.75
      vertex 7.12961 4.95432 13.75
    endloop
  endfacet
  facet normal 0 0 1
    outer loop
      vertex 7.28062 -4.8638 13.75
      vertex 6.95 -4.45 13.75
      vertex 7.23334 -4.89888 13.75
    endloop
  endfacet
  facet normal 0 0 1
    outer loop
      vertex 6.95 4.45 13.75
      vertex 7.12961 4.95432 13.75
      vertex 7.07416 4.97415 13.75
    endloop
  endfacet
  facet normal 0 0 1
    outer loop
      vertex 7.23334 -4.89888 13.75
      vertex 6.95 -4.45 13.75
      vertex 7.18283 -4.92915 13.75
    endloop
  endfacet
  facet normal 0 0 1
    outer loop
      vertex 6.95 4.45 13.75
      vertex 7.07416 4.97415 13.75
      vertex 7.01704 4.98846 13.75
    endloop
  endfacet
  facet normal 0 0 1
    outer loop
      vertex 7.18283 -4.92915 13.75
      vertex 6.95 -4.45 13.75
      vertex 7.12961 -4.95432 13.75
    endloop
  endfacet
  facet normal 0 0 1
    outer loop
      vertex 6.95 4.45 13.75
      vertex 7.01704 4.98846 13.75
      vertex 6.9588 4.9971 13.75
    endloop
  endfacet
  facet normal 0 0 1
    outer loop
      vertex 7.12961 -4.95432 13.75
      vertex 6.95 -4.45 13.75
      vertex 7.07416 -4.97415 13.75
    endloop
  endfacet
  facet normal 0 0 1
    outer loop
      vertex 7.07416 -4.97415 13.75
      vertex 6.95 -4.45 13.75
      vertex 7.01704 -4.98846 13.75
    endloop
  endfacet
  facet normal 0 0 1
    outer loop
      vertex 6.89999 5 13.75
      vertex 6.95 4.45 13.75
      vertex 6.9588 4.9971 13.75
    endloop
  endfacet
  facet normal -0 0 1
    outer loop
      vertex -6.89999 5 13.75
      vertex 6.95 4.45 13.75
      vertex 6.89999 5 13.75
    endloop
  endfacet
  facet normal 0 0 1
    outer loop
      vertex -6.89999 5 13.75
      vertex -6.95 4.45 13.75
      vertex 6.95 4.45 13.75
    endloop
  endfacet
  facet normal -0 0 1
    outer loop
      vertex -7.01704 4.98846 13.75
      vertex -6.95 4.45 13.75
      vertex -6.9588 4.9971 13.75
    endloop
  endfacet
  facet normal -0 0 1
    outer loop
      vertex -6.9588 4.9971 13.75
      vertex -6.95 4.45 13.75
      vertex -6.89999 5 13.75
    endloop
  endfacet
  facet normal 0 0 1
    outer loop
      vertex 7.01704 -4.98846 13.75
      vertex 6.95 -4.45 13.75
      vertex 6.9588 -4.9971 13.75
    endloop
  endfacet
  facet normal 0 0 1
    outer loop
      vertex 6.95 -4.45 13.75
      vertex 6.89999 -5 13.75
      vertex 6.9588 -4.9971 13.75
    endloop
  endfacet
  facet normal 0 0 1
    outer loop
      vertex 6.95 -4.45 13.75
      vertex -6.89999 -5 13.75
      vertex 6.89999 -5 13.75
    endloop
  endfacet
  facet normal -0 0 1
    outer loop
      vertex -6.95 -4.45 13.75
      vertex -6.89999 -5 13.75
      vertex 6.95 -4.45 13.75
    endloop
  endfacet
  facet normal 0 0 1
    outer loop
      vertex -6.95 -4.45 13.75
      vertex -6.9588 -4.9971 13.75
      vertex -6.89999 -5 13.75
    endloop
  endfacet
  facet normal 0 0 1
    outer loop
      vertex -6.95 4.45 13.75
      vertex -7.5 4.39999 13.75
      vertex -6.95 -4.45 13.75
    endloop
  endfacet
  facet normal -0 0 1
    outer loop
      vertex -7.07416 4.97415 13.75
      vertex -6.95 4.45 13.75
      vertex -7.01704 4.98846 13.75
    endloop
  endfacet
  facet normal -0 0 1
    outer loop
      vertex -7.5 -4.39999 13.75
      vertex -6.95 -4.45 13.75
      vertex -7.5 4.39999 13.75
    endloop
  endfacet
  facet normal -0 0 1
    outer loop
      vertex -7.12961 4.95432 13.75
      vertex -6.95 4.45 13.75
      vertex -7.07416 4.97415 13.75
    endloop
  endfacet
  facet normal 0 -0 1
    outer loop
      vertex -7.4971 -4.4588 13.75
      vertex -6.95 -4.45 13.75
      vertex -7.5 -4.39999 13.75
    endloop
  endfacet
  facet normal -0 0 1
    outer loop
      vertex -7.18283 4.92915 13.75
      vertex -6.95 4.45 13.75
      vertex -7.12961 4.95432 13.75
    endloop
  endfacet
  facet normal 0 0 1
    outer loop
      vertex -6.95 -4.45 13.75
      vertex -7.01704 -4.98846 13.75
      vertex -6.9588 -4.9971 13.75
    endloop
  endfacet
  facet normal -0 0 1
    outer loop
      vertex -7.23334 4.89888 13.75
      vertex -6.95 4.45 13.75
      vertex -7.18283 4.92915 13.75
    endloop
  endfacet
  facet normal 0 0 1
    outer loop
      vertex -6.95 -4.45 13.75
      vertex -7.07416 -4.97415 13.75
      vertex -7.01704 -4.98846 13.75
    endloop
  endfacet
  facet normal -0 0 1
    outer loop
      vertex -7.28062 4.8638 13.75
      vertex -6.95 4.45 13.75
      vertex -7.23334 4.89888 13.75
    endloop
  endfacet
  facet normal 0 0 1
    outer loop
      vertex -6.95 -4.45 13.75
      vertex -7.12961 -4.95432 13.75
      vertex -7.07416 -4.97415 13.75
    endloop
  endfacet
  facet normal -0 0 1
    outer loop
      vertex -7.32426 4.82426 13.75
      vertex -6.95 4.45 13.75
      vertex -7.28062 4.8638 13.75
    endloop
  endfacet
  facet normal 0 0 1
    outer loop
      vertex -6.95 -4.45 13.75
      vertex -7.18283 -4.92915 13.75
      vertex -7.12961 -4.95432 13.75
    endloop
  endfacet
  facet normal -0 0 1
    outer loop
      vertex -7.3638 4.78062 13.75
      vertex -6.95 4.45 13.75
      vertex -7.32426 4.82426 13.75
    endloop
  endfacet
  facet normal 0 0 1
    outer loop
      vertex -6.95 -4.45 13.75
      vertex -7.23334 -4.89888 13.75
      vertex -7.18283 -4.92915 13.75
    endloop
  endfacet
  facet normal -0 0 1
    outer loop
      vertex -7.39888 4.73334 13.75
      vertex -6.95 4.45 13.75
      vertex -7.3638 4.78062 13.75
    endloop
  endfacet
  facet normal 0 0 1
    outer loop
      vertex -6.95 -4.45 13.75
      vertex -7.28062 -4.8638 13.75
      vertex -7.23334 -4.89888 13.75
    endloop
  endfacet
  facet normal -0 0 1
    outer loop
      vertex -7.42915 4.68283 13.75
      vertex -6.95 4.45 13.75
      vertex -7.39888 4.73334 13.75
    endloop
  endfacet
  facet normal 0 0 1
    outer loop
      vertex -6.95 -4.45 13.75
      vertex -7.32426 -4.82426 13.75
      vertex -7.28062 -4.8638 13.75
    endloop
  endfacet
  facet normal -0 0 1
    outer loop
      vertex -7.45432 4.62961 13.75
      vertex -6.95 4.45 13.75
      vertex -7.42915 4.68283 13.75
    endloop
  endfacet
  facet normal 0 0 1
    outer loop
      vertex -6.95 -4.45 13.75
      vertex -7.3638 -4.78062 13.75
      vertex -7.32426 -4.82426 13.75
    endloop
  endfacet
  facet normal -0 0 1
    outer loop
      vertex -7.47415 4.57416 13.75
      vertex -6.95 4.45 13.75
      vertex -7.45432 4.62961 13.75
    endloop
  endfacet
  facet normal 0 0 1
    outer loop
      vertex -6.95 -4.45 13.75
      vertex -7.39888 -4.73334 13.75
      vertex -7.3638 -4.78062 13.75
    endloop
  endfacet
  facet normal -0 0 1
    outer loop
      vertex -7.48846 4.51704 13.75
      vertex -6.95 4.45 13.75
      vertex -7.47415 4.57416 13.75
    endloop
  endfacet
  facet normal 0 0 1
    outer loop
      vertex -6.95 -4.45 13.75
      vertex -7.42915 -4.68283 13.75
      vertex -7.39888 -4.73334 13.75
    endloop
  endfacet
  facet normal -0 0 1
    outer loop
      vertex -7.4971 4.4588 13.75
      vertex -6.95 4.45 13.75
      vertex -7.48846 4.51704 13.75
    endloop
  endfacet
  facet normal 0 0 1
    outer loop
      vertex -6.95 -4.45 13.75
      vertex -7.45432 -4.62961 13.75
      vertex -7.42915 -4.68283 13.75
    endloop
  endfacet
  facet normal 0 0 1
    outer loop
      vertex -6.95 4.45 13.75
      vertex -7.4971 4.4588 13.75
      vertex -7.5 4.39999 13.75
    endloop
  endfacet
  facet normal 0 0 1
    outer loop
      vertex -6.95 -4.45 13.75
      vertex -7.47415 -4.57416 13.75
      vertex -7.45432 -4.62961 13.75
    endloop
  endfacet
  facet normal 0 0 1
    outer loop
      vertex -6.95 -4.45 13.75
      vertex -7.48846 -4.51704 13.75
      vertex -7.47415 -4.57416 13.75
    endloop
  endfacet
  facet normal 0 0 1
    outer loop
      vertex -6.95 -4.45 13.75
      vertex -7.4971 -4.4588 13.75
      vertex -7.48846 -4.51704 13.75
    endloop
  endfacet
  facet normal 0 0 1
    outer loop
      vertex 6.55 4.05 13.75
      vertex 4.075 2.125 13.75
      vertex 6.55 0.2 13.75
    endloop
  endfacet
  facet normal 0 0 1
    outer loop
      vertex 6.55 4.05 13.75
      vertex 4.07163 2.19361 13.75
      vertex 4.075 2.125 13.75
    endloop
  endfacet
  facet normal 0 0 1
    outer loop
      vertex 6.55 4.05 13.75
      vertex 4.06155 2.26156 13.75
      vertex 4.07163 2.19361 13.75
    endloop
  endfacet
  facet normal 0 0 1
    outer loop
      vertex 6.55 4.05 13.75
      vertex 4.04486 2.3282 13.75
      vertex 4.06155 2.26156 13.75
    endloop
  endfacet
  facet normal 0 0 1
    outer loop
      vertex 6.55 4.05 13.75
      vertex 4.02172 2.39288 13.75
      vertex 4.04486 2.3282 13.75
    endloop
  endfacet
  facet normal 0 0 1
    outer loop
      vertex 6.55 4.05 13.75
      vertex 3.99234 2.45498 13.75
      vertex 4.02172 2.39288 13.75
    endloop
  endfacet
  facet normal 0 0 1
    outer loop
      vertex 6.55 4.05 13.75
      vertex 3.95703 2.5139 13.75
      vertex 3.99234 2.45498 13.75
    endloop
  endfacet
  facet normal 0 0 1
    outer loop
      vertex 6.55 4.05 13.75
      vertex 3.91611 2.56907 13.75
      vertex 3.95703 2.5139 13.75
    endloop
  endfacet
  facet normal 0 0 1
    outer loop
      vertex 6.55 4.05 13.75
      vertex 3.86997 2.61997 13.75
      vertex 3.91611 2.56907 13.75
    endloop
  endfacet
  facet normal 0 0 1
    outer loop
      vertex 6.55 4.05 13.75
      vertex 3.81907 2.66611 13.75
      vertex 3.86997 2.61997 13.75
    endloop
  endfacet
  facet normal 0 0 1
    outer loop
      vertex 6.55 4.05 13.75
      vertex 3.7639 2.70703 13.75
      vertex 3.81907 2.66611 13.75
    endloop
  endfacet
  facet normal 0 0 1
    outer loop
      vertex 6.55 4.05 13.75
      vertex 3.70498 2.74234 13.75
      vertex 3.7639 2.70703 13.75
    endloop
  endfacet
  facet normal 0 0 1
    outer loop
      vertex 6.55 4.05 13.75
      vertex 3.64288 2.77172 13.75
      vertex 3.70498 2.74234 13.75
    endloop
  endfacet
  facet normal 0 0 1
    outer loop
      vertex 6.55 4.05 13.75
      vertex 3.5782 2.79486 13.75
      vertex 3.64288 2.77172 13.75
    endloop
  endfacet
  facet normal 0 0 1
    outer loop
      vertex 6.55 4.05 13.75
      vertex 3.51156 2.81155 13.75
      vertex 3.5782 2.79486 13.75
    endloop
  endfacet
  facet normal 0 0 1
    outer loop
      vertex 6.55 4.05 13.75
      vertex 3.44361 2.82163 13.75
      vertex 3.51156 2.81155 13.75
    endloop
  endfacet
  facet normal 0 0 1
    outer loop
      vertex 6.55 4.05 13.75
      vertex 3.375 2.825 13.75
      vertex 3.44361 2.82163 13.75
    endloop
  endfacet
  facet normal 0 0 1
    outer loop
      vertex 6.55 4.05 13.75
      vertex 3.30639 2.82163 13.75
      vertex 3.375 2.825 13.75
    endloop
  endfacet
  facet normal 0 0 1
    outer loop
      vertex 6.55 4.05 13.75
      vertex 3.23844 2.81155 13.75
      vertex 3.30639 2.82163 13.75
    endloop
  endfacet
  facet normal 0 0 1
    outer loop
      vertex -3.23844 2.81155 13.75
      vertex 3.23844 2.81155 13.75
      vertex 6.55 4.05 13.75
    endloop
  endfacet
  facet normal 0 0 1
    outer loop
      vertex 3.23844 2.81155 13.75
      vertex -3.23844 2.81155 13.75
      vertex 3.1718 2.79486 13.75
    endloop
  endfacet
  facet normal 0 0 1
    outer loop
      vertex 2.67837 2.19361 13.75
      vertex -2.675 2.125 13.75
      vertex 2.675 2.125 13.75
    endloop
  endfacet
  facet normal 0 0 1
    outer loop
      vertex -2.67837 2.19361 13.75
      vertex 2.67837 2.19361 13.75
      vertex 2.68845 2.26156 13.75
    endloop
  endfacet
  facet normal 0 0 1
    outer loop
      vertex -2.68845 2.26156 13.75
      vertex 2.68845 2.26156 13.75
      vertex 2.70514 2.3282 13.75
    endloop
  endfacet
  facet normal 0 0 1
    outer loop
      vertex -2.70514 2.3282 13.75
      vertex 2.70514 2.3282 13.75
      vertex 2.72828 2.39288 13.75
    endloop
  endfacet
  facet normal 0 0 1
    outer loop
      vertex -2.72828 2.39288 13.75
      vertex 2.72828 2.39288 13.75
      vertex 2.75765 2.45498 13.75
    endloop
  endfacet
  facet normal 0 0 1
    outer loop
      vertex -2.75765 2.45498 13.75
      vertex 2.75765 2.45498 13.75
      vertex 2.79297 2.5139 13.75
    endloop
  endfacet
  facet normal 0 0 1
    outer loop
      vertex -2.79297 2.5139 13.75
      vertex 2.79297 2.5139 13.75
      vertex 2.83389 2.56907 13.75
    endloop
  endfacet
  facet normal 0 0 1
    outer loop
      vertex -2.83389 2.56907 13.75
      vertex 2.83389 2.56907 13.75
      vertex 2.88002 2.61997 13.75
    endloop
  endfacet
  facet normal 0 0 1
    outer loop
      vertex -2.88002 2.61997 13.75
      vertex 2.88002 2.61997 13.75
      vertex 2.93092 2.66611 13.75
    endloop
  endfacet
  facet normal 0 0 1
    outer loop
      vertex -2.93092 2.66611 13.75
      vertex 2.93092 2.66611 13.75
      vertex 2.9861 2.70703 13.75
    endloop
  endfacet
  facet normal 0 0 1
    outer loop
      vertex -2.9861 2.70703 13.75
      vertex 2.9861 2.70703 13.75
      vertex 3.04502 2.74234 13.75
    endloop
  endfacet
  facet normal 0 0 1
    outer loop
      vertex -3.04502 2.74234 13.75
      vertex 3.04502 2.74234 13.75
      vertex 3.10712 2.77172 13.75
    endloop
  endfacet
  facet normal 0 -0 1
    outer loop
      vertex -3.1718 2.79486 13.75
      vertex 3.1718 2.79486 13.75
      vertex -3.23844 2.81155 13.75
    endloop
  endfacet
  facet normal 0 0 1
    outer loop
      vertex 2.67837 2.19361 13.75
      vertex -2.67837 2.19361 13.75
      vertex -2.675 2.125 13.75
    endloop
  endfacet
  facet normal 0 0 1
    outer loop
      vertex 2.68845 2.26156 13.75
      vertex -2.68845 2.26156 13.75
      vertex -2.67837 2.19361 13.75
    endloop
  endfacet
  facet normal 0 0 1
    outer loop
      vertex 2.70514 2.3282 13.75
      vertex -2.70514 2.3282 13.75
      vertex -2.68845 2.26156 13.75
    endloop
  endfacet
  facet normal 0 0 1
    outer loop
      vertex 2.72828 2.39288 13.75
      vertex -2.72828 2.39288 13.75
      vertex -2.70514 2.3282 13.75
    endloop
  endfacet
  facet normal 0 0 1
    outer loop
      vertex 2.75765 2.45498 13.75
      vertex -2.75765 2.45498 13.75
      vertex -2.72828 2.39288 13.75
    endloop
  endfacet
  facet normal 0 0 1
    outer loop
      vertex 2.79297 2.5139 13.75
      vertex -2.79297 2.5139 13.75
      vertex -2.75765 2.45498 13.75
    endloop
  endfacet
  facet normal 0 0 1
    outer loop
      vertex 2.83389 2.56907 13.75
      vertex -2.83389 2.56907 13.75
      vertex -2.79297 2.5139 13.75
    endloop
  endfacet
  facet normal 0 0 1
    outer loop
      vertex 2.88002 2.61997 13.75
      vertex -2.88002 2.61997 13.75
      vertex -2.83389 2.56907 13.75
    endloop
  endfacet
  facet normal 0 0 1
    outer loop
      vertex 2.93092 2.66611 13.75
      vertex -2.93092 2.66611 13.75
      vertex -2.88002 2.61997 13.75
    endloop
  endfacet
  facet normal 0 0 1
    outer loop
      vertex 2.9861 2.70703 13.75
      vertex -2.9861 2.70703 13.75
      vertex -2.93092 2.66611 13.75
    endloop
  endfacet
  facet normal 0 0 1
    outer loop
      vertex 3.04502 2.74234 13.75
      vertex -3.04502 2.74234 13.75
      vertex -2.9861 2.70703 13.75
    endloop
  endfacet
  facet normal 0 0 1
    outer loop
      vertex 3.10712 2.77172 13.75
      vertex -3.10712 2.77172 13.75
      vertex -3.04502 2.74234 13.75
    endloop
  endfacet
  facet normal 0 0 1
    outer loop
      vertex 3.10712 2.77172 13.75
      vertex -3.1718 2.79486 13.75
      vertex -3.10712 2.77172 13.75
    endloop
  endfacet
  facet normal 0 0 1
    outer loop
      vertex 3.1718 2.79486 13.75
      vertex -3.1718 2.79486 13.75
      vertex 3.10712 2.77172 13.75
    endloop
  endfacet
  facet normal -0 0 1
    outer loop
      vertex -6.55 4.05 13.75
      vertex -3.23844 2.81155 13.75
      vertex 6.55 4.05 13.75
    endloop
  endfacet
  facet normal 0 0 1
    outer loop
      vertex -3.23844 2.81155 13.75
      vertex -6.55 4.05 13.75
      vertex -3.30639 2.82163 13.75
    endloop
  endfacet
  facet normal 0 0 1
    outer loop
      vertex -3.30639 2.82163 13.75
      vertex -6.55 4.05 13.75
      vertex -3.375 2.825 13.75
    endloop
  endfacet
  facet normal 0 0 1
    outer loop
      vertex -4.07163 2.19361 13.75
      vertex -6.55 4.05 13.75
      vertex -4.075 2.125 13.75
    endloop
  endfacet
  facet normal 0 0 1
    outer loop
      vertex -4.06155 2.26156 13.75
      vertex -6.55 4.05 13.75
      vertex -4.07163 2.19361 13.75
    endloop
  endfacet
  facet normal 0 0 1
    outer loop
      vertex -4.04486 2.3282 13.75
      vertex -6.55 4.05 13.75
      vertex -4.06155 2.26156 13.75
    endloop
  endfacet
  facet normal 0 0 1
    outer loop
      vertex -4.02172 2.39288 13.75
      vertex -6.55 4.05 13.75
      vertex -4.04486 2.3282 13.75
    endloop
  endfacet
  facet normal 0 0 1
    outer loop
      vertex -3.99234 2.45498 13.75
      vertex -6.55 4.05 13.75
      vertex -4.02172 2.39288 13.75
    endloop
  endfacet
  facet normal 0 0 1
    outer loop
      vertex -3.95703 2.5139 13.75
      vertex -6.55 4.05 13.75
      vertex -3.99234 2.45498 13.75
    endloop
  endfacet
  facet normal 0 0 1
    outer loop
      vertex -3.91611 2.56907 13.75
      vertex -6.55 4.05 13.75
      vertex -3.95703 2.5139 13.75
    endloop
  endfacet
  facet normal 0 0 1
    outer loop
      vertex -3.86997 2.61997 13.75
      vertex -6.55 4.05 13.75
      vertex -3.91611 2.56907 13.75
    endloop
  endfacet
  facet normal 0 0 1
    outer loop
      vertex -3.81907 2.66611 13.75
      vertex -6.55 4.05 13.75
      vertex -3.86997 2.61997 13.75
    endloop
  endfacet
  facet normal 0 0 1
    outer loop
      vertex -3.7639 2.70703 13.75
      vertex -6.55 4.05 13.75
      vertex -3.81907 2.66611 13.75
    endloop
  endfacet
  facet normal 0 0 1
    outer loop
      vertex -3.70498 2.74234 13.75
      vertex -6.55 4.05 13.75
      vertex -3.7639 2.70703 13.75
    endloop
  endfacet
  facet normal 0 0 1
    outer loop
      vertex -3.64288 2.77172 13.75
      vertex -6.55 4.05 13.75
      vertex -3.70498 2.74234 13.75
    endloop
  endfacet
  facet normal 0 0 1
    outer loop
      vertex -3.5782 2.79486 13.75
      vertex -6.55 4.05 13.75
      vertex -3.64288 2.77172 13.75
    endloop
  endfacet
  facet normal 0 0 1
    outer loop
      vertex -3.51156 2.81155 13.75
      vertex -6.55 4.05 13.75
      vertex -3.5782 2.79486 13.75
    endloop
  endfacet
  facet normal 0 0 1
    outer loop
      vertex -3.44361 2.82163 13.75
      vertex -6.55 4.05 13.75
      vertex -3.51156 2.81155 13.75
    endloop
  endfacet
  facet normal 0 0 1
    outer loop
      vertex -3.375 2.825 13.75
      vertex -6.55 4.05 13.75
      vertex -3.44361 2.82163 13.75
    endloop
  endfacet
  facet normal -0 0 1
    outer loop
      vertex 4.07163 2.05639 13.75
      vertex 6.55 0.2 13.75
      vertex 4.075 2.125 13.75
    endloop
  endfacet
  facet normal -0 0 1
    outer loop
      vertex 4.06155 1.98844 13.75
      vertex 6.55 0.2 13.75
      vertex 4.07163 2.05639 13.75
    endloop
  endfacet
  facet normal -0 0 1
    outer loop
      vertex 4.04486 1.9218 13.75
      vertex 6.55 0.2 13.75
      vertex 4.06155 1.98844 13.75
    endloop
  endfacet
  facet normal -0 0 1
    outer loop
      vertex 4.02172 1.85712 13.75
      vertex 6.55 0.2 13.75
      vertex 4.04486 1.9218 13.75
    endloop
  endfacet
  facet normal -0 0 1
    outer loop
      vertex 3.99234 1.79502 13.75
      vertex 6.55 0.2 13.75
      vertex 4.02172 1.85712 13.75
    endloop
  endfacet
  facet normal -0 0 1
    outer loop
      vertex 3.95703 1.7361 13.75
      vertex 6.55 0.2 13.75
      vertex 3.99234 1.79502 13.75
    endloop
  endfacet
  facet normal -0 0 1
    outer loop
      vertex 3.91611 1.68092 13.75
      vertex 6.55 0.2 13.75
      vertex 3.95703 1.7361 13.75
    endloop
  endfacet
  facet normal -0 0 1
    outer loop
      vertex 3.86997 1.63002 13.75
      vertex 6.55 0.2 13.75
      vertex 3.91611 1.68092 13.75
    endloop
  endfacet
  facet normal -0 0 1
    outer loop
      vertex 3.81907 1.58389 13.75
      vertex 6.55 0.2 13.75
      vertex 3.86997 1.63002 13.75
    endloop
  endfacet
  facet normal -0 0 1
    outer loop
      vertex 3.7639 1.54297 13.75
      vertex 6.55 0.2 13.75
      vertex 3.81907 1.58389 13.75
    endloop
  endfacet
  facet normal -0 0 1
    outer loop
      vertex 3.70498 1.50765 13.75
      vertex 6.55 0.2 13.75
      vertex 3.7639 1.54297 13.75
    endloop
  endfacet
  facet normal -0 0 1
    outer loop
      vertex 3.64288 1.47828 13.75
      vertex 6.55 0.2 13.75
      vertex 3.70498 1.50765 13.75
    endloop
  endfacet
  facet normal -0 0 1
    outer loop
      vertex 3.5782 1.45514 13.75
      vertex 6.55 0.2 13.75
      vertex 3.64288 1.47828 13.75
    endloop
  endfacet
  facet normal -0 0 1
    outer loop
      vertex 3.51156 1.43845 13.75
      vertex 6.55 0.2 13.75
      vertex 3.5782 1.45514 13.75
    endloop
  endfacet
  facet normal -0 0 1
    outer loop
      vertex 3.44361 1.42837 13.75
      vertex 6.55 0.2 13.75
      vertex 3.51156 1.43845 13.75
    endloop
  endfacet
  facet normal -0 0 1
    outer loop
      vertex 3.375 1.425 13.75
      vertex 6.55 0.2 13.75
      vertex 3.44361 1.42837 13.75
    endloop
  endfacet
  facet normal 0 0 1
    outer loop
      vertex 3.30639 1.42837 13.75
      vertex 6.55 0.2 13.75
      vertex 3.375 1.425 13.75
    endloop
  endfacet
  facet normal 0 0 1
    outer loop
      vertex 3.23844 1.43845 13.75
      vertex 6.55 0.2 13.75
      vertex 3.30639 1.42837 13.75
    endloop
  endfacet
  facet normal 0 0 1
    outer loop
      vertex -3.23844 1.43845 13.75
      vertex 3.23844 1.43845 13.75
      vertex 3.1718 1.45514 13.75
    endloop
  endfacet
  facet normal 0 0 1
    outer loop
      vertex -3.1718 1.45514 13.75
      vertex 3.1718 1.45514 13.75
      vertex 3.10712 1.47828 13.75
    endloop
  endfacet
  facet normal -0 0 1
    outer loop
      vertex -2.675 2.125 13.75
      vertex 2.67837 2.05639 13.75
      vertex 2.675 2.125 13.75
    endloop
  endfacet
  facet normal 0 0 1
    outer loop
      vertex -2.67837 2.05639 13.75
      vertex 2.67837 2.05639 13.75
      vertex -2.675 2.125 13.75
    endloop
  endfacet
  facet normal 0 0 1
    outer loop
      vertex 2.67837 2.05639 13.75
      vertex -2.67837 2.05639 13.75
      vertex 2.68845 1.98844 13.75
    endloop
  endfacet
  facet normal 0 0 1
    outer loop
      vertex -2.68845 1.98844 13.75
      vertex 2.68845 1.98844 13.75
      vertex -2.67837 2.05639 13.75
    endloop
  endfacet
  facet normal 0 0 1
    outer loop
      vertex 2.68845 1.98844 13.75
      vertex -2.68845 1.98844 13.75
      vertex 2.70514 1.9218 13.75
    endloop
  endfacet
  facet normal 0 0 1
    outer loop
      vertex -2.70514 1.9218 13.75
      vertex 2.70514 1.9218 13.75
      vertex -2.68845 1.98844 13.75
    endloop
  endfacet
  facet normal 0 0 1
    outer loop
      vertex 2.70514 1.9218 13.75
      vertex -2.70514 1.9218 13.75
      vertex 2.72828 1.85712 13.75
    endloop
  endfacet
  facet normal 0 0 1
    outer loop
      vertex -2.72828 1.85712 13.75
      vertex 2.72828 1.85712 13.75
      vertex -2.70514 1.9218 13.75
    endloop
  endfacet
  facet normal 0 0 1
    outer loop
      vertex 2.72828 1.85712 13.75
      vertex -2.72828 1.85712 13.75
      vertex 2.75765 1.79502 13.75
    endloop
  endfacet
  facet normal 0 0 1
    outer loop
      vertex -2.75765 1.79502 13.75
      vertex 2.75765 1.79502 13.75
      vertex -2.72828 1.85712 13.75
    endloop
  endfacet
  facet normal 0 0 1
    outer loop
      vertex 2.75765 1.79502 13.75
      vertex -2.75765 1.79502 13.75
      vertex 2.79297 1.7361 13.75
    endloop
  endfacet
  facet normal 0 0 1
    outer loop
      vertex -2.79297 1.7361 13.75
      vertex 2.79297 1.7361 13.75
      vertex -2.75765 1.79502 13.75
    endloop
  endfacet
  facet normal 0 0 1
    outer loop
      vertex 2.79297 1.7361 13.75
      vertex -2.79297 1.7361 13.75
      vertex 2.83389 1.68092 13.75
    endloop
  endfacet
  facet normal 0 0 1
    outer loop
      vertex -2.83389 1.68092 13.75
      vertex 2.83389 1.68092 13.75
      vertex -2.79297 1.7361 13.75
    endloop
  endfacet
  facet normal 0 0 1
    outer loop
      vertex 2.83389 1.68092 13.75
      vertex -2.83389 1.68092 13.75
      vertex 2.88002 1.63002 13.75
    endloop
  endfacet
  facet normal 0 0 1
    outer loop
      vertex -2.88002 1.63002 13.75
      vertex 2.88002 1.63002 13.75
      vertex -2.83389 1.68092 13.75
    endloop
  endfacet
  facet normal 0 0 1
    outer loop
      vertex 2.88002 1.63002 13.75
      vertex -2.88002 1.63002 13.75
      vertex 2.93092 1.58389 13.75
    endloop
  endfacet
  facet normal 0 0 1
    outer loop
      vertex -2.93092 1.58389 13.75
      vertex 2.93092 1.58389 13.75
      vertex -2.88002 1.63002 13.75
    endloop
  endfacet
  facet normal 0 0 1
    outer loop
      vertex 2.93092 1.58389 13.75
      vertex -2.93092 1.58389 13.75
      vertex 2.9861 1.54297 13.75
    endloop
  endfacet
  facet normal 0 0 1
    outer loop
      vertex -2.9861 1.54297 13.75
      vertex 2.9861 1.54297 13.75
      vertex -2.93092 1.58389 13.75
    endloop
  endfacet
  facet normal 0 0 1
    outer loop
      vertex 2.9861 1.54297 13.75
      vertex -2.9861 1.54297 13.75
      vertex 3.04502 1.50765 13.75
    endloop
  endfacet
  facet normal 0 0 1
    outer loop
      vertex -3.04502 1.50765 13.75
      vertex 3.04502 1.50765 13.75
      vertex -2.9861 1.54297 13.75
    endloop
  endfacet
  facet normal 0 0 1
    outer loop
      vertex 3.04502 1.50765 13.75
      vertex -3.04502 1.50765 13.75
      vertex 3.10712 1.47828 13.75
    endloop
  endfacet
  facet normal 0 0 1
    outer loop
      vertex -3.10712 1.47828 13.75
      vertex 3.10712 1.47828 13.75
      vertex -3.04502 1.50765 13.75
    endloop
  endfacet
  facet normal 0 0 1
    outer loop
      vertex -3.1718 1.45514 13.75
      vertex 3.10712 1.47828 13.75
      vertex -3.10712 1.47828 13.75
    endloop
  endfacet
  facet normal 0 0 1
    outer loop
      vertex 3.1718 1.45514 13.75
      vertex -3.1718 1.45514 13.75
      vertex -3.23844 1.43845 13.75
    endloop
  endfacet
  facet normal 0 0 1
    outer loop
      vertex 3.23844 1.43845 13.75
      vertex -3.23844 1.43845 13.75
      vertex 6.55 0.2 13.75
    endloop
  endfacet
  facet normal 0 0 1
    outer loop
      vertex -6.55 0.2 13.75
      vertex -3.23844 1.43845 13.75
      vertex -3.30639 1.42837 13.75
    endloop
  endfacet
  facet normal 0 0 1
    outer loop
      vertex -6.55 0.2 13.75
      vertex -3.30639 1.42837 13.75
      vertex -3.375 1.425 13.75
    endloop
  endfacet
  facet normal 0 0 1
    outer loop
      vertex -6.55 0.2 13.75
      vertex -3.375 1.425 13.75
      vertex -3.44361 1.42837 13.75
    endloop
  endfacet
  facet normal 0 0 1
    outer loop
      vertex -6.55 0.2 13.75
      vertex -4.075 2.125 13.75
      vertex -6.55 4.05 13.75
    endloop
  endfacet
  facet normal 0 0 1
    outer loop
      vertex -4.075 2.125 13.75
      vertex -6.55 0.2 13.75
      vertex -4.07163 2.05639 13.75
    endloop
  endfacet
  facet normal 0 0 1
    outer loop
      vertex -4.07163 2.05639 13.75
      vertex -6.55 0.2 13.75
      vertex -4.06155 1.98844 13.75
    endloop
  endfacet
  facet normal 0 0 1
    outer loop
      vertex -4.06155 1.98844 13.75
      vertex -6.55 0.2 13.75
      vertex -4.04486 1.9218 13.75
    endloop
  endfacet
  facet normal 0 0 1
    outer loop
      vertex -4.04486 1.9218 13.75
      vertex -6.55 0.2 13.75
      vertex -4.02172 1.85712 13.75
    endloop
  endfacet
  facet normal 0 0 1
    outer loop
      vertex -4.02172 1.85712 13.75
      vertex -6.55 0.2 13.75
      vertex -3.99234 1.79502 13.75
    endloop
  endfacet
  facet normal 0 0 1
    outer loop
      vertex -3.99234 1.79502 13.75
      vertex -6.55 0.2 13.75
      vertex -3.95703 1.7361 13.75
    endloop
  endfacet
  facet normal 0 0 1
    outer loop
      vertex -3.95703 1.7361 13.75
      vertex -6.55 0.2 13.75
      vertex -3.91611 1.68092 13.75
    endloop
  endfacet
  facet normal 0 0 1
    outer loop
      vertex -3.91611 1.68092 13.75
      vertex -6.55 0.2 13.75
      vertex -3.86997 1.63002 13.75
    endloop
  endfacet
  facet normal 0 0 1
    outer loop
      vertex -3.23844 1.43845 13.75
      vertex -6.55 0.2 13.75
      vertex 6.55 0.2 13.75
    endloop
  endfacet
  facet normal 0 0 1
    outer loop
      vertex -3.51156 1.43845 13.75
      vertex -6.55 0.2 13.75
      vertex -3.44361 1.42837 13.75
    endloop
  endfacet
  facet normal 0 0 1
    outer loop
      vertex -3.5782 1.45514 13.75
      vertex -6.55 0.2 13.75
      vertex -3.51156 1.43845 13.75
    endloop
  endfacet
  facet normal 0 0 1
    outer loop
      vertex -3.64288 1.47828 13.75
      vertex -6.55 0.2 13.75
      vertex -3.5782 1.45514 13.75
    endloop
  endfacet
  facet normal 0 0 1
    outer loop
      vertex -3.70498 1.50765 13.75
      vertex -6.55 0.2 13.75
      vertex -3.64288 1.47828 13.75
    endloop
  endfacet
  facet normal 0 0 1
    outer loop
      vertex -3.7639 1.54297 13.75
      vertex -6.55 0.2 13.75
      vertex -3.70498 1.50765 13.75
    endloop
  endfacet
  facet normal 0 0 1
    outer loop
      vertex -3.81907 1.58389 13.75
      vertex -6.55 0.2 13.75
      vertex -3.7639 1.54297 13.75
    endloop
  endfacet
  facet normal 0 0 1
    outer loop
      vertex -3.86997 1.63002 13.75
      vertex -6.55 0.2 13.75
      vertex -3.81907 1.58389 13.75
    endloop
  endfacet
  facet normal 0 0 1
    outer loop
      vertex 6.55 -0.2 13.75
      vertex 4.075 -2.125 13.75
      vertex 6.55 -4.05 13.75
    endloop
  endfacet
  facet normal 0 0 1
    outer loop
      vertex 6.55 -0.2 13.75
      vertex 4.07163 -2.05639 13.75
      vertex 4.075 -2.125 13.75
    endloop
  endfacet
  facet normal 0 0 1
    outer loop
      vertex 6.55 -0.2 13.75
      vertex 4.06155 -1.98844 13.75
      vertex 4.07163 -2.05639 13.75
    endloop
  endfacet
  facet normal 0 0 1
    outer loop
      vertex 6.55 -0.2 13.75
      vertex 4.04486 -1.9218 13.75
      vertex 4.06155 -1.98844 13.75
    endloop
  endfacet
  facet normal 0 0 1
    outer loop
      vertex 6.55 -0.2 13.75
      vertex 4.02172 -1.85712 13.75
      vertex 4.04486 -1.9218 13.75
    endloop
  endfacet
  facet normal 0 0 1
    outer loop
      vertex 6.55 -0.2 13.75
      vertex 3.99234 -1.79502 13.75
      vertex 4.02172 -1.85712 13.75
    endloop
  endfacet
  facet normal 0 0 1
    outer loop
      vertex 6.55 -0.2 13.75
      vertex 3.95703 -1.7361 13.75
      vertex 3.99234 -1.79502 13.75
    endloop
  endfacet
  facet normal 0 0 1
    outer loop
      vertex 6.55 -0.2 13.75
      vertex 3.91611 -1.68092 13.75
      vertex 3.95703 -1.7361 13.75
    endloop
  endfacet
  facet normal 0 0 1
    outer loop
      vertex 6.55 -0.2 13.75
      vertex 3.86997 -1.63002 13.75
      vertex 3.91611 -1.68092 13.75
    endloop
  endfacet
  facet normal 0 0 1
    outer loop
      vertex 6.55 -0.2 13.75
      vertex 3.81907 -1.58389 13.75
      vertex 3.86997 -1.63002 13.75
    endloop
  endfacet
  facet normal 0 0 1
    outer loop
      vertex 6.55 -0.2 13.75
      vertex 3.7639 -1.54297 13.75
      vertex 3.81907 -1.58389 13.75
    endloop
  endfacet
  facet normal 0 0 1
    outer loop
      vertex 6.55 -0.2 13.75
      vertex 3.70498 -1.50765 13.75
      vertex 3.7639 -1.54297 13.75
    endloop
  endfacet
  facet normal 0 0 1
    outer loop
      vertex 6.55 -0.2 13.75
      vertex 3.64288 -1.47828 13.75
      vertex 3.70498 -1.50765 13.75
    endloop
  endfacet
  facet normal 0 0 1
    outer loop
      vertex 6.55 -0.2 13.75
      vertex 3.5782 -1.45514 13.75
      vertex 3.64288 -1.47828 13.75
    endloop
  endfacet
  facet normal 0 0 1
    outer loop
      vertex 6.55 -0.2 13.75
      vertex 3.51156 -1.43845 13.75
      vertex 3.5782 -1.45514 13.75
    endloop
  endfacet
  facet normal 0 0 1
    outer loop
      vertex 6.55 -0.2 13.75
      vertex 3.44361 -1.42837 13.75
      vertex 3.51156 -1.43845 13.75
    endloop
  endfacet
  facet normal 0 0 1
    outer loop
      vertex 6.55 -0.2 13.75
      vertex 3.375 -1.425 13.75
      vertex 3.44361 -1.42837 13.75
    endloop
  endfacet
  facet normal 0 0 1
    outer loop
      vertex 6.55 -0.2 13.75
      vertex 3.30639 -1.42837 13.75
      vertex 3.375 -1.425 13.75
    endloop
  endfacet
  facet normal 0 0 1
    outer loop
      vertex 6.55 -0.2 13.75
      vertex 3.23844 -1.43845 13.75
      vertex 3.30639 -1.42837 13.75
    endloop
  endfacet
  facet normal 0 0 1
    outer loop
      vertex -3.23844 -1.43845 13.75
      vertex 3.23844 -1.43845 13.75
      vertex 6.55 -0.2 13.75
    endloop
  endfacet
  facet normal 0 0 1
    outer loop
      vertex 3.23844 -1.43845 13.75
      vertex -3.23844 -1.43845 13.75
      vertex 3.1718 -1.45514 13.75
    endloop
  endfacet
  facet normal 0 0 1
    outer loop
      vertex 2.67837 -2.05639 13.75
      vertex -2.675 -2.125 13.75
      vertex 2.675 -2.125 13.75
    endloop
  endfacet
  facet normal 0 0 1
    outer loop
      vertex -2.67837 -2.05639 13.75
      vertex 2.67837 -2.05639 13.75
      vertex 2.68845 -1.98844 13.75
    endloop
  endfacet
  facet normal 0 0 1
    outer loop
      vertex -2.68845 -1.98844 13.75
      vertex 2.68845 -1.98844 13.75
      vertex 2.70514 -1.9218 13.75
    endloop
  endfacet
  facet normal 0 0 1
    outer loop
      vertex -2.70514 -1.9218 13.75
      vertex 2.70514 -1.9218 13.75
      vertex 2.72828 -1.85712 13.75
    endloop
  endfacet
  facet normal 0 0 1
    outer loop
      vertex -2.72828 -1.85712 13.75
      vertex 2.72828 -1.85712 13.75
      vertex 2.75765 -1.79502 13.75
    endloop
  endfacet
  facet normal 0 0 1
    outer loop
      vertex -2.75765 -1.79502 13.75
      vertex 2.75765 -1.79502 13.75
      vertex 2.79297 -1.7361 13.75
    endloop
  endfacet
  facet normal 0 0 1
    outer loop
      vertex -2.79297 -1.7361 13.75
      vertex 2.79297 -1.7361 13.75
      vertex 2.83389 -1.68092 13.75
    endloop
  endfacet
  facet normal 0 0 1
    outer loop
      vertex -2.83389 -1.68092 13.75
      vertex 2.83389 -1.68092 13.75
      vertex 2.88002 -1.63002 13.75
    endloop
  endfacet
  facet normal 0 0 1
    outer loop
      vertex -2.88002 -1.63002 13.75
      vertex 2.88002 -1.63002 13.75
      vertex 2.93092 -1.58389 13.75
    endloop
  endfacet
  facet normal 0 0 1
    outer loop
      vertex -2.93092 -1.58389 13.75
      vertex 2.93092 -1.58389 13.75
      vertex 2.9861 -1.54297 13.75
    endloop
  endfacet
  facet normal 0 0 1
    outer loop
      vertex -2.9861 -1.54297 13.75
      vertex 2.9861 -1.54297 13.75
      vertex 3.04502 -1.50765 13.75
    endloop
  endfacet
  facet normal 0 0 1
    outer loop
      vertex -3.04502 -1.50765 13.75
      vertex 3.04502 -1.50765 13.75
      vertex 3.10712 -1.47828 13.75
    endloop
  endfacet
  facet normal 0 -0 1
    outer loop
      vertex -3.1718 -1.45514 13.75
      vertex 3.1718 -1.45514 13.75
      vertex -3.23844 -1.43845 13.75
    endloop
  endfacet
  facet normal 0 0 1
    outer loop
      vertex 2.67837 -2.05639 13.75
      vertex -2.67837 -2.05639 13.75
      vertex -2.675 -2.125 13.75
    endloop
  endfacet
  facet normal 0 0 1
    outer loop
      vertex 2.68845 -1.98844 13.75
      vertex -2.68845 -1.98844 13.75
      vertex -2.67837 -2.05639 13.75
    endloop
  endfacet
  facet normal 0 0 1
    outer loop
      vertex 2.70514 -1.9218 13.75
      vertex -2.70514 -1.9218 13.75
      vertex -2.68845 -1.98844 13.75
    endloop
  endfacet
  facet normal 0 0 1
    outer loop
      vertex 2.72828 -1.85712 13.75
      vertex -2.72828 -1.85712 13.75
      vertex -2.70514 -1.9218 13.75
    endloop
  endfacet
  facet normal 0 0 1
    outer loop
      vertex 2.75765 -1.79502 13.75
      vertex -2.75765 -1.79502 13.75
      vertex -2.72828 -1.85712 13.75
    endloop
  endfacet
  facet normal 0 0 1
    outer loop
      vertex 2.79297 -1.7361 13.75
      vertex -2.79297 -1.7361 13.75
      vertex -2.75765 -1.79502 13.75
    endloop
  endfacet
  facet normal 0 0 1
    outer loop
      vertex 2.83389 -1.68092 13.75
      vertex -2.83389 -1.68092 13.75
      vertex -2.79297 -1.7361 13.75
    endloop
  endfacet
  facet normal 0 0 1
    outer loop
      vertex 2.88002 -1.63002 13.75
      vertex -2.88002 -1.63002 13.75
      vertex -2.83389 -1.68092 13.75
    endloop
  endfacet
  facet normal 0 0 1
    outer loop
      vertex 2.93092 -1.58389 13.75
      vertex -2.93092 -1.58389 13.75
      vertex -2.88002 -1.63002 13.75
    endloop
  endfacet
  facet normal 0 0 1
    outer loop
      vertex 2.9861 -1.54297 13.75
      vertex -2.9861 -1.54297 13.75
      vertex -2.93092 -1.58389 13.75
    endloop
  endfacet
  facet normal 0 0 1
    outer loop
      vertex 3.04502 -1.50765 13.75
      vertex -3.04502 -1.50765 13.75
      vertex -2.9861 -1.54297 13.75
    endloop
  endfacet
  facet normal 0 0 1
    outer loop
      vertex 3.10712 -1.47828 13.75
      vertex -3.10712 -1.47828 13.75
      vertex -3.04502 -1.50765 13.75
    endloop
  endfacet
  facet normal 0 0 1
    outer loop
      vertex 3.10712 -1.47828 13.75
      vertex -3.1718 -1.45514 13.75
      vertex -3.10712 -1.47828 13.75
    endloop
  endfacet
  facet normal 0 0 1
    outer loop
      vertex 3.1718 -1.45514 13.75
      vertex -3.1718 -1.45514 13.75
      vertex 3.10712 -1.47828 13.75
    endloop
  endfacet
  facet normal -0 0 1
    outer loop
      vertex -6.55 -0.2 13.75
      vertex -3.23844 -1.43845 13.75
      vertex 6.55 -0.2 13.75
    endloop
  endfacet
  facet normal 0 0 1
    outer loop
      vertex -3.23844 -1.43845 13.75
      vertex -6.55 -0.2 13.75
      vertex -3.30639 -1.42837 13.75
    endloop
  endfacet
  facet normal 0 0 1
    outer loop
      vertex -3.30639 -1.42837 13.75
      vertex -6.55 -0.2 13.75
      vertex -3.375 -1.425 13.75
    endloop
  endfacet
  facet normal 0 0 1
    outer loop
      vertex -4.07163 -2.05639 13.75
      vertex -6.55 -0.2 13.75
      vertex -4.075 -2.125 13.75
    endloop
  endfacet
  facet normal 0 0 1
    outer loop
      vertex -4.06155 -1.98844 13.75
      vertex -6.55 -0.2 13.75
      vertex -4.07163 -2.05639 13.75
    endloop
  endfacet
  facet normal 0 0 1
    outer loop
      vertex -4.04486 -1.9218 13.75
      vertex -6.55 -0.2 13.75
      vertex -4.06155 -1.98844 13.75
    endloop
  endfacet
  facet normal 0 0 1
    outer loop
      vertex -4.02172 -1.85712 13.75
      vertex -6.55 -0.2 13.75
      vertex -4.04486 -1.9218 13.75
    endloop
  endfacet
  facet normal 0 0 1
    outer loop
      vertex -3.99234 -1.79502 13.75
      vertex -6.55 -0.2 13.75
      vertex -4.02172 -1.85712 13.75
    endloop
  endfacet
  facet normal 0 0 1
    outer loop
      vertex -3.95703 -1.7361 13.75
      vertex -6.55 -0.2 13.75
      vertex -3.99234 -1.79502 13.75
    endloop
  endfacet
  facet normal 0 0 1
    outer loop
      vertex -3.91611 -1.68092 13.75
      vertex -6.55 -0.2 13.75
      vertex -3.95703 -1.7361 13.75
    endloop
  endfacet
  facet normal 0 0 1
    outer loop
      vertex -3.86997 -1.63002 13.75
      vertex -6.55 -0.2 13.75
      vertex -3.91611 -1.68092 13.75
    endloop
  endfacet
  facet normal 0 0 1
    outer loop
      vertex -3.81907 -1.58389 13.75
      vertex -6.55 -0.2 13.75
      vertex -3.86997 -1.63002 13.75
    endloop
  endfacet
  facet normal 0 0 1
    outer loop
      vertex -3.7639 -1.54297 13.75
      vertex -6.55 -0.2 13.75
      vertex -3.81907 -1.58389 13.75
    endloop
  endfacet
  facet normal 0 0 1
    outer loop
      vertex -3.70498 -1.50765 13.75
      vertex -6.55 -0.2 13.75
      vertex -3.7639 -1.54297 13.75
    endloop
  endfacet
  facet normal 0 0 1
    outer loop
      vertex -3.64288 -1.47828 13.75
      vertex -6.55 -0.2 13.75
      vertex -3.70498 -1.50765 13.75
    endloop
  endfacet
  facet normal 0 0 1
    outer loop
      vertex -3.5782 -1.45514 13.75
      vertex -6.55 -0.2 13.75
      vertex -3.64288 -1.47828 13.75
    endloop
  endfacet
  facet normal 0 0 1
    outer loop
      vertex -3.51156 -1.43845 13.75
      vertex -6.55 -0.2 13.75
      vertex -3.5782 -1.45514 13.75
    endloop
  endfacet
  facet normal 0 0 1
    outer loop
      vertex -3.44361 -1.42837 13.75
      vertex -6.55 -0.2 13.75
      vertex -3.51156 -1.43845 13.75
    endloop
  endfacet
  facet normal 0 0 1
    outer loop
      vertex -3.375 -1.425 13.75
      vertex -6.55 -0.2 13.75
      vertex -3.44361 -1.42837 13.75
    endloop
  endfacet
  facet normal -0 0 1
    outer loop
      vertex 4.07163 -2.19361 13.75
      vertex 6.55 -4.05 13.75
      vertex 4.075 -2.125 13.75
    endloop
  endfacet
  facet normal -0 0 1
    outer loop
      vertex 4.06155 -2.26156 13.75
      vertex 6.55 -4.05 13.75
      vertex 4.07163 -2.19361 13.75
    endloop
  endfacet
  facet normal -0 0 1
    outer loop
      vertex 4.04486 -2.3282 13.75
      vertex 6.55 -4.05 13.75
      vertex 4.06155 -2.26156 13.75
    endloop
  endfacet
  facet normal -0 0 1
    outer loop
      vertex 4.02172 -2.39288 13.75
      vertex 6.55 -4.05 13.75
      vertex 4.04486 -2.3282 13.75
    endloop
  endfacet
  facet normal -0 0 1
    outer loop
      vertex 3.99234 -2.45498 13.75
      vertex 6.55 -4.05 13.75
      vertex 4.02172 -2.39288 13.75
    endloop
  endfacet
  facet normal -0 0 1
    outer loop
      vertex 3.95703 -2.5139 13.75
      vertex 6.55 -4.05 13.75
      vertex 3.99234 -2.45498 13.75
    endloop
  endfacet
  facet normal -0 0 1
    outer loop
      vertex 3.91611 -2.56907 13.75
      vertex 6.55 -4.05 13.75
      vertex 3.95703 -2.5139 13.75
    endloop
  endfacet
  facet normal -0 0 1
    outer loop
      vertex 3.86997 -2.61997 13.75
      vertex 6.55 -4.05 13.75
      vertex 3.91611 -2.56907 13.75
    endloop
  endfacet
  facet normal -0 0 1
    outer loop
      vertex 3.81907 -2.66611 13.75
      vertex 6.55 -4.05 13.75
      vertex 3.86997 -2.61997 13.75
    endloop
  endfacet
  facet normal -0 0 1
    outer loop
      vertex 3.7639 -2.70703 13.75
      vertex 6.55 -4.05 13.75
      vertex 3.81907 -2.66611 13.75
    endloop
  endfacet
  facet normal -0 0 1
    outer loop
      vertex 3.70498 -2.74234 13.75
      vertex 6.55 -4.05 13.75
      vertex 3.7639 -2.70703 13.75
    endloop
  endfacet
  facet normal -0 0 1
    outer loop
      vertex 3.64288 -2.77172 13.75
      vertex 6.55 -4.05 13.75
      vertex 3.70498 -2.74234 13.75
    endloop
  endfacet
  facet normal -0 0 1
    outer loop
      vertex 3.5782 -2.79486 13.75
      vertex 6.55 -4.05 13.75
      vertex 3.64288 -2.77172 13.75
    endloop
  endfacet
  facet normal -0 0 1
    outer loop
      vertex 3.51156 -2.81155 13.75
      vertex 6.55 -4.05 13.75
      vertex 3.5782 -2.79486 13.75
    endloop
  endfacet
  facet normal -0 0 1
    outer loop
      vertex 3.44361 -2.82163 13.75
      vertex 6.55 -4.05 13.75
      vertex 3.51156 -2.81155 13.75
    endloop
  endfacet
  facet normal -0 0 1
    outer loop
      vertex 3.375 -2.825 13.75
      vertex 6.55 -4.05 13.75
      vertex 3.44361 -2.82163 13.75
    endloop
  endfacet
  facet normal 0 0 1
    outer loop
      vertex 3.30639 -2.82163 13.75
      vertex 6.55 -4.05 13.75
      vertex 3.375 -2.825 13.75
    endloop
  endfacet
  facet normal 0 0 1
    outer loop
      vertex 3.23844 -2.81155 13.75
      vertex 6.55 -4.05 13.75
      vertex 3.30639 -2.82163 13.75
    endloop
  endfacet
  facet normal 0 0 1
    outer loop
      vertex -3.23844 -2.81155 13.75
      vertex 3.23844 -2.81155 13.75
      vertex 3.1718 -2.79486 13.75
    endloop
  endfacet
  facet normal 0 0 1
    outer loop
      vertex -3.1718 -2.79486 13.75
      vertex 3.1718 -2.79486 13.75
      vertex 3.10712 -2.77172 13.75
    endloop
  endfacet
  facet normal -0 0 1
    outer loop
      vertex -2.675 -2.125 13.75
      vertex 2.67837 -2.19361 13.75
      vertex 2.675 -2.125 13.75
    endloop
  endfacet
  facet normal 0 0 1
    outer loop
      vertex -2.67837 -2.19361 13.75
      vertex 2.67837 -2.19361 13.75
      vertex -2.675 -2.125 13.75
    endloop
  endfacet
  facet normal 0 0 1
    outer loop
      vertex 2.67837 -2.19361 13.75
      vertex -2.67837 -2.19361 13.75
      vertex 2.68845 -2.26156 13.75
    endloop
  endfacet
  facet normal 0 0 1
    outer loop
      vertex -2.68845 -2.26156 13.75
      vertex 2.68845 -2.26156 13.75
      vertex -2.67837 -2.19361 13.75
    endloop
  endfacet
  facet normal 0 0 1
    outer loop
      vertex 2.68845 -2.26156 13.75
      vertex -2.68845 -2.26156 13.75
      vertex 2.70514 -2.3282 13.75
    endloop
  endfacet
  facet normal 0 0 1
    outer loop
      vertex -2.70514 -2.3282 13.75
      vertex 2.70514 -2.3282 13.75
      vertex -2.68845 -2.26156 13.75
    endloop
  endfacet
  facet normal 0 0 1
    outer loop
      vertex 2.70514 -2.3282 13.75
      vertex -2.70514 -2.3282 13.75
      vertex 2.72828 -2.39288 13.75
    endloop
  endfacet
  facet normal 0 0 1
    outer loop
      vertex -2.72828 -2.39288 13.75
      vertex 2.72828 -2.39288 13.75
      vertex -2.70514 -2.3282 13.75
    endloop
  endfacet
  facet normal 0 0 1
    outer loop
      vertex 2.72828 -2.39288 13.75
      vertex -2.72828 -2.39288 13.75
      vertex 2.75765 -2.45498 13.75
    endloop
  endfacet
  facet normal 0 0 1
    outer loop
      vertex -2.75765 -2.45498 13.75
      vertex 2.75765 -2.45498 13.75
      vertex -2.72828 -2.39288 13.75
    endloop
  endfacet
  facet normal 0 0 1
    outer loop
      vertex 2.75765 -2.45498 13.75
      vertex -2.75765 -2.45498 13.75
      vertex 2.79297 -2.5139 13.75
    endloop
  endfacet
  facet normal 0 0 1
    outer loop
      vertex -2.79297 -2.5139 13.75
      vertex 2.79297 -2.5139 13.75
      vertex -2.75765 -2.45498 13.75
    endloop
  endfacet
  facet normal 0 0 1
    outer loop
      vertex 2.79297 -2.5139 13.75
      vertex -2.79297 -2.5139 13.75
      vertex 2.83389 -2.56907 13.75
    endloop
  endfacet
  facet normal 0 0 1
    outer loop
      vertex -2.83389 -2.56907 13.75
      vertex 2.83389 -2.56907 13.75
      vertex -2.79297 -2.5139 13.75
    endloop
  endfacet
  facet normal 0 0 1
    outer loop
      vertex 2.83389 -2.56907 13.75
      vertex -2.83389 -2.56907 13.75
      vertex 2.88002 -2.61997 13.75
    endloop
  endfacet
  facet normal 0 0 1
    outer loop
      vertex -2.88002 -2.61997 13.75
      vertex 2.88002 -2.61997 13.75
      vertex -2.83389 -2.56907 13.75
    endloop
  endfacet
  facet normal 0 0 1
    outer loop
      vertex 2.88002 -2.61997 13.75
      vertex -2.88002 -2.61997 13.75
      vertex 2.93092 -2.66611 13.75
    endloop
  endfacet
  facet normal 0 0 1
    outer loop
      vertex -2.93092 -2.66611 13.75
      vertex 2.93092 -2.66611 13.75
      vertex -2.88002 -2.61997 13.75
    endloop
  endfacet
  facet normal 0 0 1
    outer loop
      vertex 2.93092 -2.66611 13.75
      vertex -2.93092 -2.66611 13.75
      vertex 2.9861 -2.70703 13.75
    endloop
  endfacet
  facet normal 0 0 1
    outer loop
      vertex -2.9861 -2.70703 13.75
      vertex 2.9861 -2.70703 13.75
      vertex -2.93092 -2.66611 13.75
    endloop
  endfacet
  facet normal 0 0 1
    outer loop
      vertex 2.9861 -2.70703 13.75
      vertex -2.9861 -2.70703 13.75
      vertex 3.04502 -2.74234 13.75
    endloop
  endfacet
  facet normal 0 0 1
    outer loop
      vertex -3.04502 -2.74234 13.75
      vertex 3.04502 -2.74234 13.75
      vertex -2.9861 -2.70703 13.75
    endloop
  endfacet
  facet normal 0 0 1
    outer loop
      vertex 3.04502 -2.74234 13.75
      vertex -3.04502 -2.74234 13.75
      vertex 3.10712 -2.77172 13.75
    endloop
  endfacet
  facet normal 0 0 1
    outer loop
      vertex -3.10712 -2.77172 13.75
      vertex 3.10712 -2.77172 13.75
      vertex -3.04502 -2.74234 13.75
    endloop
  endfacet
  facet normal 0 0 1
    outer loop
      vertex -3.1718 -2.79486 13.75
      vertex 3.10712 -2.77172 13.75
      vertex -3.10712 -2.77172 13.75
    endloop
  endfacet
  facet normal 0 0 1
    outer loop
      vertex 3.1718 -2.79486 13.75
      vertex -3.1718 -2.79486 13.75
      vertex -3.23844 -2.81155 13.75
    endloop
  endfacet
  facet normal 0 0 1
    outer loop
      vertex 3.23844 -2.81155 13.75
      vertex -3.23844 -2.81155 13.75
      vertex 6.55 -4.05 13.75
    endloop
  endfacet
  facet normal 0 0 1
    outer loop
      vertex -6.55 -4.05 13.75
      vertex -3.23844 -2.81155 13.75
      vertex -3.30639 -2.82163 13.75
    endloop
  endfacet
  facet normal 0 0 1
    outer loop
      vertex -6.55 -4.05 13.75
      vertex -3.30639 -2.82163 13.75
      vertex -3.375 -2.825 13.75
    endloop
  endfacet
  facet normal 0 0 1
    outer loop
      vertex -6.55 -4.05 13.75
      vertex -3.375 -2.825 13.75
      vertex -3.44361 -2.82163 13.75
    endloop
  endfacet
  facet normal 0 0 1
    outer loop
      vertex -6.55 -4.05 13.75
      vertex -4.075 -2.125 13.75
      vertex -6.55 -0.2 13.75
    endloop
  endfacet
  facet normal 0 0 1
    outer loop
      vertex -4.075 -2.125 13.75
      vertex -6.55 -4.05 13.75
      vertex -4.07163 -2.19361 13.75
    endloop
  endfacet
  facet normal 0 0 1
    outer loop
      vertex -4.07163 -2.19361 13.75
      vertex -6.55 -4.05 13.75
      vertex -4.06155 -2.26156 13.75
    endloop
  endfacet
  facet normal 0 0 1
    outer loop
      vertex -4.06155 -2.26156 13.75
      vertex -6.55 -4.05 13.75
      vertex -4.04486 -2.3282 13.75
    endloop
  endfacet
  facet normal 0 0 1
    outer loop
      vertex -4.04486 -2.3282 13.75
      vertex -6.55 -4.05 13.75
      vertex -4.02172 -2.39288 13.75
    endloop
  endfacet
  facet normal 0 0 1
    outer loop
      vertex -4.02172 -2.39288 13.75
      vertex -6.55 -4.05 13.75
      vertex -3.99234 -2.45498 13.75
    endloop
  endfacet
  facet normal 0 0 1
    outer loop
      vertex -3.99234 -2.45498 13.75
      vertex -6.55 -4.05 13.75
      vertex -3.95703 -2.5139 13.75
    endloop
  endfacet
  facet normal 0 0 1
    outer loop
      vertex -3.95703 -2.5139 13.75
      vertex -6.55 -4.05 13.75
      vertex -3.91611 -2.56907 13.75
    endloop
  endfacet
  facet normal 0 0 1
    outer loop
      vertex -3.91611 -2.56907 13.75
      vertex -6.55 -4.05 13.75
      vertex -3.86997 -2.61997 13.75
    endloop
  endfacet
  facet normal 0 0 1
    outer loop
      vertex -3.23844 -2.81155 13.75
      vertex -6.55 -4.05 13.75
      vertex 6.55 -4.05 13.75
    endloop
  endfacet
  facet normal 0 0 1
    outer loop
      vertex -3.51156 -2.81155 13.75
      vertex -6.55 -4.05 13.75
      vertex -3.44361 -2.82163 13.75
    endloop
  endfacet
  facet normal 0 0 1
    outer loop
      vertex -3.5782 -2.79486 13.75
      vertex -6.55 -4.05 13.75
      vertex -3.51156 -2.81155 13.75
    endloop
  endfacet
  facet normal 0 0 1
    outer loop
      vertex -3.64288 -2.77172 13.75
      vertex -6.55 -4.05 13.75
      vertex -3.5782 -2.79486 13.75
    endloop
  endfacet
  facet normal 0 0 1
    outer loop
      vertex -3.70498 -2.74234 13.75
      vertex -6.55 -4.05 13.75
      vertex -3.64288 -2.77172 13.75
    endloop
  endfacet
  facet normal 0 0 1
    outer loop
      vertex -3.7639 -2.70703 13.75
      vertex -6.55 -4.05 13.75
      vertex -3.70498 -2.74234 13.75
    endloop
  endfacet
  facet normal 0 0 1
    outer loop
      vertex -3.81907 -2.66611 13.75
      vertex -6.55 -4.05 13.75
      vertex -3.7639 -2.70703 13.75
    endloop
  endfacet
  facet normal 0 0 1
    outer loop
      vertex -3.86997 -2.61997 13.75
      vertex -6.55 -4.05 13.75
      vertex -3.81907 -2.66611 13.75
    endloop
  endfacet
  facet normal 0.0492515 -0.998786 0
    outer loop
      vertex 6.89999 -5 0
      vertex 6.9588 -4.9971 13.75
      vertex 6.89999 -5 13.75
    endloop
  endfacet
  facet normal 0.0492515 -0.998786 0
    outer loop
      vertex 6.9588 -4.9971 13.75
      vertex 6.89999 -5 0
      vertex 6.9588 -4.9971 0
    endloop
  endfacet
  facet normal -0.243015 -0.970023 0
    outer loop
      vertex -7.07416 -4.97415 0
      vertex -7.01704 -4.98846 13.75
      vertex -7.07416 -4.97415 13.75
    endloop
  endfacet
  facet normal -0.243015 -0.970023 -0
    outer loop
      vertex -7.01704 -4.98846 13.75
      vertex -7.07416 -4.97415 0
      vertex -7.01704 -4.98846 0
    endloop
  endfacet
  facet normal -0.336734 -0.9416 0
    outer loop
      vertex -7.12961 -4.95432 0
      vertex -7.07416 -4.97415 13.75
      vertex -7.12961 -4.95432 13.75
    endloop
  endfacet
  facet normal -0.336734 -0.9416 -0
    outer loop
      vertex -7.07416 -4.97415 13.75
      vertex -7.12961 -4.95432 0
      vertex -7.07416 -4.97415 0
    endloop
  endfacet
  facet normal -0.0492515 -0.998786 0
    outer loop
      vertex -6.9588 -4.9971 0
      vertex -6.89999 -5 13.75
      vertex -6.9588 -4.9971 13.75
    endloop
  endfacet
  facet normal -0.0492515 -0.998786 -0
    outer loop
      vertex -6.89999 -5 13.75
      vertex -6.9588 -4.9971 0
      vertex -6.89999 -5 0
    endloop
  endfacet
  facet normal -0.427539 0.903997 0
    outer loop
      vertex -7.12961 4.95432 0
      vertex -7.18283 4.92915 13.75
      vertex -7.12961 4.95432 13.75
    endloop
  endfacet
  facet normal -0.427539 0.903997 0
    outer loop
      vertex -7.18283 4.92915 13.75
      vertex -7.12961 4.95432 0
      vertex -7.18283 4.92915 0
    endloop
  endfacet
  facet normal -0.146746 -0.989174 0
    outer loop
      vertex -7.01704 -4.98846 0
      vertex -6.9588 -4.9971 13.75
      vertex -7.01704 -4.98846 13.75
    endloop
  endfacet
  facet normal -0.146746 -0.989174 -0
    outer loop
      vertex -6.9588 -4.9971 13.75
      vertex -7.01704 -4.98846 0
      vertex -6.9588 -4.9971 0
    endloop
  endfacet
  facet normal -0.0492515 0.998786 0
    outer loop
      vertex -6.89999 5 0
      vertex -6.9588 4.9971 13.75
      vertex -6.89999 5 13.75
    endloop
  endfacet
  facet normal -0.0492515 0.998786 0
    outer loop
      vertex -6.9588 4.9971 13.75
      vertex -6.89999 5 0
      vertex -6.9588 4.9971 0
    endloop
  endfacet
  facet normal 1 -0 0
    outer loop
      vertex 7.5 -4.39999 13.75
      vertex 7.5 4.39999 0
      vertex 7.5 4.39999 13.75
    endloop
  endfacet
  facet normal 1 0 0
    outer loop
      vertex 7.5 4.39999 0
      vertex 7.5 -4.39999 13.75
      vertex 7.5 -4.39999 0
    endloop
  endfacet
  facet normal 0.741061 0.671438 0
    outer loop
      vertex 7.3638 4.78062 13.75
      vertex 7.32426 4.82426 0
      vertex 7.32426 4.82426 13.75
    endloop
  endfacet
  facet normal 0.741061 0.671438 0
    outer loop
      vertex 7.32426 4.82426 0
      vertex 7.3638 4.78062 13.75
      vertex 7.3638 4.78062 0
    endloop
  endfacet
  facet normal -1 0 0
    outer loop
      vertex -7.5 -4.39999 0
      vertex -7.5 4.39999 13.75
      vertex -7.5 4.39999 0
    endloop
  endfacet
  facet normal -1 -0 0
    outer loop
      vertex -7.5 4.39999 13.75
      vertex -7.5 -4.39999 0
      vertex -7.5 -4.39999 13.75
    endloop
  endfacet
  facet normal -0.989174 0.146746 0
    outer loop
      vertex -7.4971 4.4588 0
      vertex -7.48846 4.51704 13.75
      vertex -7.48846 4.51704 0
    endloop
  endfacet
  facet normal -0.989174 0.146746 0
    outer loop
      vertex -7.48846 4.51704 13.75
      vertex -7.4971 4.4588 0
      vertex -7.4971 4.4588 13.75
    endloop
  endfacet
  facet normal 0.9416 -0.336734 0
    outer loop
      vertex 7.45432 -4.62961 13.75
      vertex 7.47415 -4.57416 0
      vertex 7.47415 -4.57416 13.75
    endloop
  endfacet
  facet normal 0.9416 -0.336734 0
    outer loop
      vertex 7.47415 -4.57416 0
      vertex 7.45432 -4.62961 13.75
      vertex 7.45432 -4.62961 0
    endloop
  endfacet
  facet normal 0.9416 0.336734 0
    outer loop
      vertex 7.47415 4.57416 13.75
      vertex 7.45432 4.62961 0
      vertex 7.45432 4.62961 13.75
    endloop
  endfacet
  facet normal 0.9416 0.336734 0
    outer loop
      vertex 7.45432 4.62961 0
      vertex 7.47415 4.57416 13.75
      vertex 7.47415 4.57416 0
    endloop
  endfacet
  facet normal -0.857763 0.514046 0
    outer loop
      vertex -7.42915 4.68283 0
      vertex -7.39888 4.73334 13.75
      vertex -7.39888 4.73334 0
    endloop
  endfacet
  facet normal -0.857763 0.514046 0
    outer loop
      vertex -7.39888 4.73334 13.75
      vertex -7.42915 4.68283 0
      vertex -7.42915 4.68283 13.75
    endloop
  endfacet
  facet normal -0.595861 -0.803088 0
    outer loop
      vertex -7.28062 -4.8638 0
      vertex -7.23334 -4.89888 13.75
      vertex -7.28062 -4.8638 13.75
    endloop
  endfacet
  facet normal -0.595861 -0.803088 -0
    outer loop
      vertex -7.23334 -4.89888 13.75
      vertex -7.28062 -4.8638 0
      vertex -7.23334 -4.89888 0
    endloop
  endfacet
  facet normal 0.595861 0.803088 -0
    outer loop
      vertex 7.28062 4.8638 0
      vertex 7.23334 4.89888 13.75
      vertex 7.28062 4.8638 13.75
    endloop
  endfacet
  facet normal 0.595861 0.803088 0
    outer loop
      vertex 7.23334 4.89888 13.75
      vertex 7.28062 4.8638 0
      vertex 7.23334 4.89888 0
    endloop
  endfacet
  facet normal 0.514046 0.857763 -0
    outer loop
      vertex 7.23334 4.89888 0
      vertex 7.18283 4.92915 13.75
      vertex 7.23334 4.89888 13.75
    endloop
  endfacet
  facet normal 0.514046 0.857763 0
    outer loop
      vertex 7.18283 4.92915 13.75
      vertex 7.23334 4.89888 0
      vertex 7.18283 4.92915 0
    endloop
  endfacet
  facet normal -0.514046 -0.857763 0
    outer loop
      vertex -7.23334 -4.89888 0
      vertex -7.18283 -4.92915 13.75
      vertex -7.23334 -4.89888 13.75
    endloop
  endfacet
  facet normal -0.514046 -0.857763 -0
    outer loop
      vertex -7.18283 -4.92915 13.75
      vertex -7.23334 -4.89888 0
      vertex -7.18283 -4.92915 0
    endloop
  endfacet
  facet normal 0 1 -0
    outer loop
      vertex 6.89999 5 0
      vertex -6.89999 5 13.75
      vertex 6.89999 5 13.75
    endloop
  endfacet
  facet normal 0 1 0
    outer loop
      vertex -6.89999 5 13.75
      vertex 6.89999 5 0
      vertex -6.89999 5 0
    endloop
  endfacet
  facet normal 0.857763 0.514046 0
    outer loop
      vertex 7.42915 4.68283 13.75
      vertex 7.39888 4.73334 0
      vertex 7.39888 4.73334 13.75
    endloop
  endfacet
  facet normal 0.857763 0.514046 0
    outer loop
      vertex 7.39888 4.73334 0
      vertex 7.42915 4.68283 13.75
      vertex 7.42915 4.68283 0
    endloop
  endfacet
  facet normal -0.857763 -0.514046 0
    outer loop
      vertex -7.39888 -4.73334 0
      vertex -7.42915 -4.68283 13.75
      vertex -7.42915 -4.68283 0
    endloop
  endfacet
  facet normal -0.857763 -0.514046 0
    outer loop
      vertex -7.42915 -4.68283 13.75
      vertex -7.39888 -4.73334 0
      vertex -7.39888 -4.73334 13.75
    endloop
  endfacet
  facet normal 0.671438 0.741061 -0
    outer loop
      vertex 7.32426 4.82426 0
      vertex 7.28062 4.8638 13.75
      vertex 7.32426 4.82426 13.75
    endloop
  endfacet
  facet normal 0.671438 0.741061 0
    outer loop
      vertex 7.28062 4.8638 13.75
      vertex 7.32426 4.82426 0
      vertex 7.28062 4.8638 0
    endloop
  endfacet
  facet normal -0.903997 0.427539 0
    outer loop
      vertex -7.45432 4.62961 0
      vertex -7.42915 4.68283 13.75
      vertex -7.42915 4.68283 0
    endloop
  endfacet
  facet normal -0.903997 0.427539 0
    outer loop
      vertex -7.42915 4.68283 13.75
      vertex -7.45432 4.62961 0
      vertex -7.45432 4.62961 13.75
    endloop
  endfacet
  facet normal -0.336734 0.9416 0
    outer loop
      vertex -7.07416 4.97415 0
      vertex -7.12961 4.95432 13.75
      vertex -7.07416 4.97415 13.75
    endloop
  endfacet
  facet normal -0.336734 0.9416 0
    outer loop
      vertex -7.12961 4.95432 13.75
      vertex -7.07416 4.97415 0
      vertex -7.12961 4.95432 0
    endloop
  endfacet
  facet normal -0.998786 0.0492515 0
    outer loop
      vertex -7.5 4.39999 0
      vertex -7.4971 4.4588 13.75
      vertex -7.4971 4.4588 0
    endloop
  endfacet
  facet normal -0.998786 0.0492515 0
    outer loop
      vertex -7.4971 4.4588 13.75
      vertex -7.5 4.39999 0
      vertex -7.5 4.39999 13.75
    endloop
  endfacet
  facet normal 0.998786 0.0492515 0
    outer loop
      vertex 7.5 4.39999 13.75
      vertex 7.4971 4.4588 0
      vertex 7.4971 4.4588 13.75
    endloop
  endfacet
  facet normal 0.998786 0.0492515 0
    outer loop
      vertex 7.4971 4.4588 0
      vertex 7.5 4.39999 13.75
      vertex 7.5 4.39999 0
    endloop
  endfacet
  facet normal -0.998786 -0.0492515 0
    outer loop
      vertex -7.4971 -4.4588 0
      vertex -7.5 -4.39999 13.75
      vertex -7.5 -4.39999 0
    endloop
  endfacet
  facet normal -0.998786 -0.0492515 0
    outer loop
      vertex -7.5 -4.39999 13.75
      vertex -7.4971 -4.4588 0
      vertex -7.4971 -4.4588 13.75
    endloop
  endfacet
  facet normal -0.146746 0.989174 0
    outer loop
      vertex -6.9588 4.9971 0
      vertex -7.01704 4.98846 13.75
      vertex -6.9588 4.9971 13.75
    endloop
  endfacet
  facet normal -0.146746 0.989174 0
    outer loop
      vertex -7.01704 4.98846 13.75
      vertex -6.9588 4.9971 0
      vertex -7.01704 4.98846 0
    endloop
  endfacet
  facet normal -0.243015 0.970023 0
    outer loop
      vertex -7.01704 4.98846 0
      vertex -7.07416 4.97415 13.75
      vertex -7.01704 4.98846 13.75
    endloop
  endfacet
  facet normal -0.243015 0.970023 0
    outer loop
      vertex -7.07416 4.97415 13.75
      vertex -7.01704 4.98846 0
      vertex -7.07416 4.97415 0
    endloop
  endfacet
  facet normal 0.989174 -0.146746 0
    outer loop
      vertex 7.48846 -4.51704 13.75
      vertex 7.4971 -4.4588 0
      vertex 7.4971 -4.4588 13.75
    endloop
  endfacet
  facet normal 0.989174 -0.146746 0
    outer loop
      vertex 7.4971 -4.4588 0
      vertex 7.48846 -4.51704 13.75
      vertex 7.48846 -4.51704 0
    endloop
  endfacet
  facet normal -0.803088 0.595861 0
    outer loop
      vertex -7.39888 4.73334 0
      vertex -7.3638 4.78062 13.75
      vertex -7.3638 4.78062 0
    endloop
  endfacet
  facet normal -0.803088 0.595861 0
    outer loop
      vertex -7.3638 4.78062 13.75
      vertex -7.39888 4.73334 0
      vertex -7.39888 4.73334 13.75
    endloop
  endfacet
  facet normal 0.146746 0.989174 -0
    outer loop
      vertex 7.01704 4.98846 0
      vertex 6.9588 4.9971 13.75
      vertex 7.01704 4.98846 13.75
    endloop
  endfacet
  facet normal 0.146746 0.989174 0
    outer loop
      vertex 6.9588 4.9971 13.75
      vertex 7.01704 4.98846 0
      vertex 6.9588 4.9971 0
    endloop
  endfacet
  facet normal 0.970023 0.243015 0
    outer loop
      vertex 7.48846 4.51704 13.75
      vertex 7.47415 4.57416 0
      vertex 7.47415 4.57416 13.75
    endloop
  endfacet
  facet normal 0.970023 0.243015 0
    outer loop
      vertex 7.47415 4.57416 0
      vertex 7.48846 4.51704 13.75
      vertex 7.48846 4.51704 0
    endloop
  endfacet
  facet normal -0.595861 0.803088 0
    outer loop
      vertex -7.23334 4.89888 0
      vertex -7.28062 4.8638 13.75
      vertex -7.23334 4.89888 13.75
    endloop
  endfacet
  facet normal -0.595861 0.803088 0
    outer loop
      vertex -7.28062 4.8638 13.75
      vertex -7.23334 4.89888 0
      vertex -7.28062 4.8638 0
    endloop
  endfacet
  facet normal -0.427539 -0.903997 0
    outer loop
      vertex -7.18283 -4.92915 0
      vertex -7.12961 -4.95432 13.75
      vertex -7.18283 -4.92915 13.75
    endloop
  endfacet
  facet normal -0.427539 -0.903997 -0
    outer loop
      vertex -7.12961 -4.95432 13.75
      vertex -7.18283 -4.92915 0
      vertex -7.12961 -4.95432 0
    endloop
  endfacet
  facet normal 0.970023 -0.243015 0
    outer loop
      vertex 7.47415 -4.57416 13.75
      vertex 7.48846 -4.51704 0
      vertex 7.48846 -4.51704 13.75
    endloop
  endfacet
  facet normal 0.970023 -0.243015 0
    outer loop
      vertex 7.48846 -4.51704 0
      vertex 7.47415 -4.57416 13.75
      vertex 7.47415 -4.57416 0
    endloop
  endfacet
  facet normal -0.9416 -0.336734 0
    outer loop
      vertex -7.45432 -4.62961 0
      vertex -7.47415 -4.57416 13.75
      vertex -7.47415 -4.57416 0
    endloop
  endfacet
  facet normal -0.9416 -0.336734 0
    outer loop
      vertex -7.47415 -4.57416 13.75
      vertex -7.45432 -4.62961 0
      vertex -7.45432 -4.62961 13.75
    endloop
  endfacet
  facet normal -0.741061 -0.671438 0
    outer loop
      vertex -7.32426 -4.82426 0
      vertex -7.3638 -4.78062 13.75
      vertex -7.3638 -4.78062 0
    endloop
  endfacet
  facet normal -0.741061 -0.671438 0
    outer loop
      vertex -7.3638 -4.78062 13.75
      vertex -7.32426 -4.82426 0
      vertex -7.32426 -4.82426 13.75
    endloop
  endfacet
  facet normal 0.243015 0.970023 -0
    outer loop
      vertex 7.07416 4.97415 0
      vertex 7.01704 4.98846 13.75
      vertex 7.07416 4.97415 13.75
    endloop
  endfacet
  facet normal 0.243015 0.970023 0
    outer loop
      vertex 7.01704 4.98846 13.75
      vertex 7.07416 4.97415 0
      vertex 7.01704 4.98846 0
    endloop
  endfacet
  facet normal -0.741061 0.671438 0
    outer loop
      vertex -7.3638 4.78062 0
      vertex -7.32426 4.82426 13.75
      vertex -7.32426 4.82426 0
    endloop
  endfacet
  facet normal -0.741061 0.671438 0
    outer loop
      vertex -7.32426 4.82426 13.75
      vertex -7.3638 4.78062 0
      vertex -7.3638 4.78062 13.75
    endloop
  endfacet
  facet normal 0.903997 0.427539 0
    outer loop
      vertex 7.45432 4.62961 13.75
      vertex 7.42915 4.68283 0
      vertex 7.42915 4.68283 13.75
    endloop
  endfacet
  facet normal 0.903997 0.427539 0
    outer loop
      vertex 7.42915 4.68283 0
      vertex 7.45432 4.62961 13.75
      vertex 7.45432 4.62961 0
    endloop
  endfacet
  facet normal 0.514046 -0.857763 0
    outer loop
      vertex 7.18283 -4.92915 0
      vertex 7.23334 -4.89888 13.75
      vertex 7.18283 -4.92915 13.75
    endloop
  endfacet
  facet normal 0.514046 -0.857763 0
    outer loop
      vertex 7.23334 -4.89888 13.75
      vertex 7.18283 -4.92915 0
      vertex 7.23334 -4.89888 0
    endloop
  endfacet
  facet normal -0.514046 0.857763 0
    outer loop
      vertex -7.18283 4.92915 0
      vertex -7.23334 4.89888 13.75
      vertex -7.18283 4.92915 13.75
    endloop
  endfacet
  facet normal -0.514046 0.857763 0
    outer loop
      vertex -7.23334 4.89888 13.75
      vertex -7.18283 4.92915 0
      vertex -7.23334 4.89888 0
    endloop
  endfacet
  facet normal -0.989174 -0.146746 0
    outer loop
      vertex -7.48846 -4.51704 0
      vertex -7.4971 -4.4588 13.75
      vertex -7.4971 -4.4588 0
    endloop
  endfacet
  facet normal -0.989174 -0.146746 0
    outer loop
      vertex -7.4971 -4.4588 13.75
      vertex -7.48846 -4.51704 0
      vertex -7.48846 -4.51704 13.75
    endloop
  endfacet
  facet normal 0.671438 -0.741061 0
    outer loop
      vertex 7.28062 -4.8638 0
      vertex 7.32426 -4.82426 13.75
      vertex 7.28062 -4.8638 13.75
    endloop
  endfacet
  facet normal 0.671438 -0.741061 0
    outer loop
      vertex 7.32426 -4.82426 13.75
      vertex 7.28062 -4.8638 0
      vertex 7.32426 -4.82426 0
    endloop
  endfacet
  facet normal 0 0 -1
    outer loop
      vertex 6.89999 -5 0
      vertex 7.5 -4.39999 0
      vertex 7.4971 -4.4588 0
    endloop
  endfacet
  facet normal 0 0 -1
    outer loop
      vertex 7.5 -4.39999 0
      vertex 2.15 0 0
      vertex 7.5 4.39999 0
    endloop
  endfacet
  facet normal 0 0 -1
    outer loop
      vertex 6.89999 -5 0
      vertex 7.4971 -4.4588 0
      vertex 7.48846 -4.51704 0
    endloop
  endfacet
  facet normal 0 0 -1
    outer loop
      vertex 2.13965 0.210736 0
      vertex 7.5 4.39999 0
      vertex 2.15 0 0
    endloop
  endfacet
  facet normal 0 0 -1
    outer loop
      vertex 6.89999 -5 0
      vertex 7.48846 -4.51704 0
      vertex 7.47415 -4.57416 0
    endloop
  endfacet
  facet normal 0 0 -1
    outer loop
      vertex 2.10869 0.419444 0
      vertex 7.5 4.39999 0
      vertex 2.13965 0.210736 0
    endloop
  endfacet
  facet normal 0 0 -1
    outer loop
      vertex 6.89999 -5 0
      vertex 7.47415 -4.57416 0
      vertex 7.45432 -4.62961 0
    endloop
  endfacet
  facet normal 0 0 -1
    outer loop
      vertex 2.05742 0.624111 0
      vertex 7.5 4.39999 0
      vertex 2.10869 0.419444 0
    endloop
  endfacet
  facet normal 0 0 -1
    outer loop
      vertex 6.89999 -5 0
      vertex 7.45432 -4.62961 0
      vertex 7.42915 -4.68283 0
    endloop
  endfacet
  facet normal 0 0 -1
    outer loop
      vertex 1.98634 0.822769 0
      vertex 7.5 4.39999 0
      vertex 2.05742 0.624111 0
    endloop
  endfacet
  facet normal 0 0 -1
    outer loop
      vertex 6.89999 -5 0
      vertex 7.42915 -4.68283 0
      vertex 7.39888 -4.73334 0
    endloop
  endfacet
  facet normal 0 0 -1
    outer loop
      vertex 1.89613 1.0135 0
      vertex 7.5 4.39999 0
      vertex 1.98634 0.822769 0
    endloop
  endfacet
  facet normal 0 0 -1
    outer loop
      vertex 6.89999 -5 0
      vertex 7.39888 -4.73334 0
      vertex 7.3638 -4.78062 0
    endloop
  endfacet
  facet normal 0 0 -1
    outer loop
      vertex 7.5 4.39999 0
      vertex 6.89999 5 0
      vertex 7.4971 4.4588 0
    endloop
  endfacet
  facet normal 0 0 -1
    outer loop
      vertex 6.89999 -5 0
      vertex 7.3638 -4.78062 0
      vertex 7.32426 -4.82426 0
    endloop
  endfacet
  facet normal 0 0 -1
    outer loop
      vertex 7.4971 4.4588 0
      vertex 6.89999 5 0
      vertex 7.48846 4.51704 0
    endloop
  endfacet
  facet normal 0 0 -1
    outer loop
      vertex 6.89999 -5 0
      vertex 7.32426 -4.82426 0
      vertex 7.28062 -4.8638 0
    endloop
  endfacet
  facet normal 0 0 -1
    outer loop
      vertex 7.48846 4.51704 0
      vertex 6.89999 5 0
      vertex 7.47415 4.57416 0
    endloop
  endfacet
  facet normal 0 0 -1
    outer loop
      vertex 6.89999 -5 0
      vertex 7.28062 -4.8638 0
      vertex 7.23334 -4.89888 0
    endloop
  endfacet
  facet normal 0 0 -1
    outer loop
      vertex 7.45432 4.62961 0
      vertex 6.89999 5 0
      vertex 7.42915 4.68283 0
    endloop
  endfacet
  facet normal 0 0 -1
    outer loop
      vertex 6.89999 -5 0
      vertex 7.23334 -4.89888 0
      vertex 7.18283 -4.92915 0
    endloop
  endfacet
  facet normal 0 0 -1
    outer loop
      vertex 7.42915 4.68283 0
      vertex 6.89999 5 0
      vertex 7.39888 4.73334 0
    endloop
  endfacet
  facet normal 0 0 -1
    outer loop
      vertex 6.89999 -5 0
      vertex 7.18283 -4.92915 0
      vertex 7.12961 -4.95432 0
    endloop
  endfacet
  facet normal 0 0 -1
    outer loop
      vertex 7.39888 4.73334 0
      vertex 6.89999 5 0
      vertex 7.3638 4.78062 0
    endloop
  endfacet
  facet normal 0 0 -1
    outer loop
      vertex 6.89999 -5 0
      vertex 7.12961 -4.95432 0
      vertex 7.07416 -4.97415 0
    endloop
  endfacet
  facet normal 0 0 -1
    outer loop
      vertex 7.32426 4.82426 0
      vertex 6.89999 5 0
      vertex 7.28062 4.8638 0
    endloop
  endfacet
  facet normal 0 0 -1
    outer loop
      vertex 6.89999 -5 0
      vertex 7.07416 -4.97415 0
      vertex 7.01704 -4.98846 0
    endloop
  endfacet
  facet normal 0 0 -1
    outer loop
      vertex 7.28062 4.8638 0
      vertex 6.89999 5 0
      vertex 7.23334 4.89888 0
    endloop
  endfacet
  facet normal 0 0 -1
    outer loop
      vertex 6.89999 -5 0
      vertex 7.01704 -4.98846 0
      vertex 6.9588 -4.9971 0
    endloop
  endfacet
  facet normal 0 0 -1
    outer loop
      vertex 7.18283 4.92915 0
      vertex 6.89999 5 0
      vertex 7.12961 4.95432 0
    endloop
  endfacet
  facet normal 0 0 -1
    outer loop
      vertex 1.89613 -1.0135 0
      vertex 7.5 -4.39999 0
      vertex 6.89999 -5 0
    endloop
  endfacet
  facet normal 0 0 -1
    outer loop
      vertex 7.12961 4.95432 0
      vertex 6.89999 5 0
      vertex 7.07416 4.97415 0
    endloop
  endfacet
  facet normal 0 0 -1
    outer loop
      vertex 7.07416 4.97415 0
      vertex 6.89999 5 0
      vertex 7.01704 4.98846 0
    endloop
  endfacet
  facet normal 0 0 -1
    outer loop
      vertex 7.5 -4.39999 0
      vertex 2.13965 -0.210736 0
      vertex 2.15 0 0
    endloop
  endfacet
  facet normal 0 0 -1
    outer loop
      vertex 7.5 -4.39999 0
      vertex 2.10869 -0.419444 0
      vertex 2.13965 -0.210736 0
    endloop
  endfacet
  facet normal 0 0 -1
    outer loop
      vertex 7.5 -4.39999 0
      vertex 2.05742 -0.624111 0
      vertex 2.10869 -0.419444 0
    endloop
  endfacet
  facet normal 0 0 -1
    outer loop
      vertex 7.5 -4.39999 0
      vertex 1.98634 -0.822769 0
      vertex 2.05742 -0.624111 0
    endloop
  endfacet
  facet normal 0 0 -1
    outer loop
      vertex 7.5 -4.39999 0
      vertex 1.89613 -1.0135 0
      vertex 1.98634 -0.822769 0
    endloop
  endfacet
  facet normal 0 0 -1
    outer loop
      vertex 6.89999 -5 0
      vertex 1.78766 -1.19448 0
      vertex 1.89613 -1.0135 0
    endloop
  endfacet
  facet normal 0 0 -1
    outer loop
      vertex 6.89999 -5 0
      vertex 1.66197 -1.36395 0
      vertex 1.78766 -1.19448 0
    endloop
  endfacet
  facet normal 0 0 -1
    outer loop
      vertex 6.89999 -5 0
      vertex 1.52028 -1.52028 0
      vertex 1.66197 -1.36395 0
    endloop
  endfacet
  facet normal 0 0 -1
    outer loop
      vertex 6.89999 -5 0
      vertex 1.36395 -1.66197 0
      vertex 1.52028 -1.52028 0
    endloop
  endfacet
  facet normal 0 0 -1
    outer loop
      vertex 6.89999 -5 0
      vertex 1.19448 -1.78766 0
      vertex 1.36395 -1.66197 0
    endloop
  endfacet
  facet normal 0 0 -1
    outer loop
      vertex 6.89999 -5 0
      vertex 1.0135 -1.89613 0
      vertex 1.19448 -1.78766 0
    endloop
  endfacet
  facet normal 0 0 -1
    outer loop
      vertex 6.89999 -5 0
      vertex 0.822769 -1.98634 0
      vertex 1.0135 -1.89613 0
    endloop
  endfacet
  facet normal 0 0 -1
    outer loop
      vertex 6.89999 -5 0
      vertex 0.624111 -2.05742 0
      vertex 0.822769 -1.98634 0
    endloop
  endfacet
  facet normal 0 0 -1
    outer loop
      vertex 6.89999 -5 0
      vertex 0.419444 -2.10869 0
      vertex 0.624111 -2.05742 0
    endloop
  endfacet
  facet normal 0 0 -1
    outer loop
      vertex 6.89999 -5 0
      vertex 0.210736 -2.13965 0
      vertex 0.419444 -2.10869 0
    endloop
  endfacet
  facet normal 0 0 -1
    outer loop
      vertex 6.89999 -5 0
      vertex 0 -2.15 0
      vertex 0.210736 -2.13965 0
    endloop
  endfacet
  facet normal 0 0 -1
    outer loop
      vertex -6.89999 -5 0
      vertex 0 -2.15 0
      vertex 6.89999 -5 0
    endloop
  endfacet
  facet normal -0 0 -1
    outer loop
      vertex 0 -2.15 0
      vertex -6.89999 -5 0
      vertex -0.210736 -2.13965 0
    endloop
  endfacet
  facet normal -0 0 -1
    outer loop
      vertex -0.210736 -2.13965 0
      vertex -6.89999 -5 0
      vertex -0.419444 -2.10869 0
    endloop
  endfacet
  facet normal -0 0 -1
    outer loop
      vertex -0.419444 -2.10869 0
      vertex -6.89999 -5 0
      vertex -0.624111 -2.05742 0
    endloop
  endfacet
  facet normal -0 0 -1
    outer loop
      vertex -2.10869 -0.419444 0
      vertex -7.5 -4.39999 0
      vertex -2.13965 -0.210736 0
    endloop
  endfacet
  facet normal -0 0 -1
    outer loop
      vertex -2.05742 -0.624111 0
      vertex -7.5 -4.39999 0
      vertex -2.10869 -0.419444 0
    endloop
  endfacet
  facet normal -0 0 -1
    outer loop
      vertex -1.98634 -0.822769 0
      vertex -7.5 -4.39999 0
      vertex -2.05742 -0.624111 0
    endloop
  endfacet
  facet normal -0 0 -1
    outer loop
      vertex -1.89613 -1.0135 0
      vertex -7.5 -4.39999 0
      vertex -1.98634 -0.822769 0
    endloop
  endfacet
  facet normal 0 0 -1
    outer loop
      vertex -7.5 -4.39999 0
      vertex -1.89613 -1.0135 0
      vertex -6.89999 -5 0
    endloop
  endfacet
  facet normal -0 0 -1
    outer loop
      vertex -1.78766 -1.19448 0
      vertex -6.89999 -5 0
      vertex -1.89613 -1.0135 0
    endloop
  endfacet
  facet normal -0 0 -1
    outer loop
      vertex -1.66197 -1.36395 0
      vertex -6.89999 -5 0
      vertex -1.78766 -1.19448 0
    endloop
  endfacet
  facet normal -0 0 -1
    outer loop
      vertex -1.52028 -1.52028 0
      vertex -6.89999 -5 0
      vertex -1.66197 -1.36395 0
    endloop
  endfacet
  facet normal -0 0 -1
    outer loop
      vertex -1.36395 -1.66197 0
      vertex -6.89999 -5 0
      vertex -1.52028 -1.52028 0
    endloop
  endfacet
  facet normal -0 0 -1
    outer loop
      vertex -1.19448 -1.78766 0
      vertex -6.89999 -5 0
      vertex -1.36395 -1.66197 0
    endloop
  endfacet
  facet normal -0 0 -1
    outer loop
      vertex -1.0135 -1.89613 0
      vertex -6.89999 -5 0
      vertex -1.19448 -1.78766 0
    endloop
  endfacet
  facet normal -0 0 -1
    outer loop
      vertex -0.822769 -1.98634 0
      vertex -6.89999 -5 0
      vertex -1.0135 -1.89613 0
    endloop
  endfacet
  facet normal -0 0 -1
    outer loop
      vertex -0.624111 -2.05742 0
      vertex -6.89999 -5 0
      vertex -0.822769 -1.98634 0
    endloop
  endfacet
  facet normal 0 0 -1
    outer loop
      vertex 7.01704 4.98846 0
      vertex 6.89999 5 0
      vertex 6.9588 4.9971 0
    endloop
  endfacet
  facet normal 0 0 -1
    outer loop
      vertex 7.23334 4.89888 0
      vertex 6.89999 5 0
      vertex 7.18283 4.92915 0
    endloop
  endfacet
  facet normal 0 0 -1
    outer loop
      vertex 7.3638 4.78062 0
      vertex 6.89999 5 0
      vertex 7.32426 4.82426 0
    endloop
  endfacet
  facet normal 0 0 -1
    outer loop
      vertex 7.47415 4.57416 0
      vertex 6.89999 5 0
      vertex 7.45432 4.62961 0
    endloop
  endfacet
  facet normal -0 0 -1
    outer loop
      vertex 7.5 4.39999 0
      vertex 1.89613 1.0135 0
      vertex 6.89999 5 0
    endloop
  endfacet
  facet normal 0 0 -1
    outer loop
      vertex 1.78766 1.19448 0
      vertex 6.89999 5 0
      vertex 1.89613 1.0135 0
    endloop
  endfacet
  facet normal 0 0 -1
    outer loop
      vertex 1.66197 1.36395 0
      vertex 6.89999 5 0
      vertex 1.78766 1.19448 0
    endloop
  endfacet
  facet normal 0 0 -1
    outer loop
      vertex 1.52028 1.52028 0
      vertex 6.89999 5 0
      vertex 1.66197 1.36395 0
    endloop
  endfacet
  facet normal 0 0 -1
    outer loop
      vertex 1.36395 1.66197 0
      vertex 6.89999 5 0
      vertex 1.52028 1.52028 0
    endloop
  endfacet
  facet normal 0 0 -1
    outer loop
      vertex 1.19448 1.78766 0
      vertex 6.89999 5 0
      vertex 1.36395 1.66197 0
    endloop
  endfacet
  facet normal 0 0 -1
    outer loop
      vertex 1.0135 1.89613 0
      vertex 6.89999 5 0
      vertex 1.19448 1.78766 0
    endloop
  endfacet
  facet normal 0 0 -1
    outer loop
      vertex 0.822769 1.98634 0
      vertex 6.89999 5 0
      vertex 1.0135 1.89613 0
    endloop
  endfacet
  facet normal 0 0 -1
    outer loop
      vertex 0.624111 2.05742 0
      vertex 6.89999 5 0
      vertex 0.822769 1.98634 0
    endloop
  endfacet
  facet normal 0 0 -1
    outer loop
      vertex 0.419444 2.10869 0
      vertex 6.89999 5 0
      vertex 0.624111 2.05742 0
    endloop
  endfacet
  facet normal 0 0 -1
    outer loop
      vertex 0.210736 2.13965 0
      vertex 6.89999 5 0
      vertex 0.419444 2.10869 0
    endloop
  endfacet
  facet normal 0 0 -1
    outer loop
      vertex 0 2.15 0
      vertex 6.89999 5 0
      vertex 0.210736 2.13965 0
    endloop
  endfacet
  facet normal 0 0 -1
    outer loop
      vertex -6.89999 5 0
      vertex 0 2.15 0
      vertex -0.210736 2.13965 0
    endloop
  endfacet
  facet normal 0 0 -1
    outer loop
      vertex -6.89999 5 0
      vertex -0.210736 2.13965 0
      vertex -0.419444 2.10869 0
    endloop
  endfacet
  facet normal 0 0 -1
    outer loop
      vertex -6.89999 5 0
      vertex -0.419444 2.10869 0
      vertex -0.624111 2.05742 0
    endloop
  endfacet
  facet normal 0 0 -1
    outer loop
      vertex -6.89999 5 0
      vertex -0.624111 2.05742 0
      vertex -0.822769 1.98634 0
    endloop
  endfacet
  facet normal -0 0 -1
    outer loop
      vertex -2.13965 -0.210736 0
      vertex -7.5 -4.39999 0
      vertex -2.15 0 0
    endloop
  endfacet
  facet normal 0 0 -1
    outer loop
      vertex -7.5 4.39999 0
      vertex -2.15 0 0
      vertex -7.5 -4.39999 0
    endloop
  endfacet
  facet normal 0 0 -1
    outer loop
      vertex -2.15 0 0
      vertex -7.5 4.39999 0
      vertex -2.13965 0.210736 0
    endloop
  endfacet
  facet normal 0 0 -1
    outer loop
      vertex -2.13965 0.210736 0
      vertex -7.5 4.39999 0
      vertex -2.10869 0.419444 0
    endloop
  endfacet
  facet normal 0 0 -1
    outer loop
      vertex -2.10869 0.419444 0
      vertex -7.5 4.39999 0
      vertex -2.05742 0.624111 0
    endloop
  endfacet
  facet normal 0 0 -1
    outer loop
      vertex -2.05742 0.624111 0
      vertex -7.5 4.39999 0
      vertex -1.98634 0.822769 0
    endloop
  endfacet
  facet normal 0 0 -1
    outer loop
      vertex -1.98634 0.822769 0
      vertex -7.5 4.39999 0
      vertex -1.89613 1.0135 0
    endloop
  endfacet
  facet normal 0 0 -1
    outer loop
      vertex 0 2.15 0
      vertex -6.89999 5 0
      vertex 6.89999 5 0
    endloop
  endfacet
  facet normal 0 0 -1
    outer loop
      vertex -1.0135 1.89613 0
      vertex -6.89999 5 0
      vertex -0.822769 1.98634 0
    endloop
  endfacet
  facet normal 0 0 -1
    outer loop
      vertex -1.19448 1.78766 0
      vertex -6.89999 5 0
      vertex -1.0135 1.89613 0
    endloop
  endfacet
  facet normal 0 0 -1
    outer loop
      vertex -1.36395 1.66197 0
      vertex -6.89999 5 0
      vertex -1.19448 1.78766 0
    endloop
  endfacet
  facet normal 0 0 -1
    outer loop
      vertex -1.52028 1.52028 0
      vertex -6.89999 5 0
      vertex -1.36395 1.66197 0
    endloop
  endfacet
  facet normal 0 0 -1
    outer loop
      vertex -1.66197 1.36395 0
      vertex -6.89999 5 0
      vertex -1.52028 1.52028 0
    endloop
  endfacet
  facet normal 0 -0 -1
    outer loop
      vertex -6.89999 5 0
      vertex -1.89613 1.0135 0
      vertex -7.5 4.39999 0
    endloop
  endfacet
  facet normal 0 0 -1
    outer loop
      vertex -7.5 -4.39999 0
      vertex -6.89999 -5 0
      vertex -6.9588 -4.9971 0
    endloop
  endfacet
  facet normal 0 0 -1
    outer loop
      vertex -1.89613 1.0135 0
      vertex -6.89999 5 0
      vertex -1.78766 1.19448 0
    endloop
  endfacet
  facet normal 0 0 -1
    outer loop
      vertex -7.5 -4.39999 0
      vertex -6.9588 -4.9971 0
      vertex -7.01704 -4.98846 0
    endloop
  endfacet
  facet normal 0 0 -1
    outer loop
      vertex -1.78766 1.19448 0
      vertex -6.89999 5 0
      vertex -1.66197 1.36395 0
    endloop
  endfacet
  facet normal 0 0 -1
    outer loop
      vertex -7.5 -4.39999 0
      vertex -7.01704 -4.98846 0
      vertex -7.07416 -4.97415 0
    endloop
  endfacet
  facet normal 0 0 -1
    outer loop
      vertex -6.89999 5 0
      vertex -7.5 4.39999 0
      vertex -6.9588 4.9971 0
    endloop
  endfacet
  facet normal 0 0 -1
    outer loop
      vertex -7.5 -4.39999 0
      vertex -7.07416 -4.97415 0
      vertex -7.12961 -4.95432 0
    endloop
  endfacet
  facet normal 0 0 -1
    outer loop
      vertex -6.9588 4.9971 0
      vertex -7.5 4.39999 0
      vertex -7.01704 4.98846 0
    endloop
  endfacet
  facet normal 0 0 -1
    outer loop
      vertex -7.5 -4.39999 0
      vertex -7.12961 -4.95432 0
      vertex -7.18283 -4.92915 0
    endloop
  endfacet
  facet normal 0 0 -1
    outer loop
      vertex -7.01704 4.98846 0
      vertex -7.5 4.39999 0
      vertex -7.07416 4.97415 0
    endloop
  endfacet
  facet normal 0 0 -1
    outer loop
      vertex -7.5 -4.39999 0
      vertex -7.18283 -4.92915 0
      vertex -7.23334 -4.89888 0
    endloop
  endfacet
  facet normal 0 0 -1
    outer loop
      vertex -7.07416 4.97415 0
      vertex -7.5 4.39999 0
      vertex -7.12961 4.95432 0
    endloop
  endfacet
  facet normal 0 0 -1
    outer loop
      vertex -7.5 -4.39999 0
      vertex -7.23334 -4.89888 0
      vertex -7.28062 -4.8638 0
    endloop
  endfacet
  facet normal 0 0 -1
    outer loop
      vertex -7.12961 4.95432 0
      vertex -7.5 4.39999 0
      vertex -7.18283 4.92915 0
    endloop
  endfacet
  facet normal 0 0 -1
    outer loop
      vertex -7.5 -4.39999 0
      vertex -7.28062 -4.8638 0
      vertex -7.32426 -4.82426 0
    endloop
  endfacet
  facet normal 0 0 -1
    outer loop
      vertex -7.18283 4.92915 0
      vertex -7.5 4.39999 0
      vertex -7.23334 4.89888 0
    endloop
  endfacet
  facet normal 0 0 -1
    outer loop
      vertex -7.5 -4.39999 0
      vertex -7.32426 -4.82426 0
      vertex -7.3638 -4.78062 0
    endloop
  endfacet
  facet normal 0 0 -1
    outer loop
      vertex -7.23334 4.89888 0
      vertex -7.5 4.39999 0
      vertex -7.28062 4.8638 0
    endloop
  endfacet
  facet normal 0 0 -1
    outer loop
      vertex -7.5 -4.39999 0
      vertex -7.3638 -4.78062 0
      vertex -7.39888 -4.73334 0
    endloop
  endfacet
  facet normal 0 0 -1
    outer loop
      vertex -7.28062 4.8638 0
      vertex -7.5 4.39999 0
      vertex -7.32426 4.82426 0
    endloop
  endfacet
  facet normal 0 0 -1
    outer loop
      vertex -7.5 -4.39999 0
      vertex -7.39888 -4.73334 0
      vertex -7.42915 -4.68283 0
    endloop
  endfacet
  facet normal 0 0 -1
    outer loop
      vertex -7.32426 4.82426 0
      vertex -7.5 4.39999 0
      vertex -7.3638 4.78062 0
    endloop
  endfacet
  facet normal 0 0 -1
    outer loop
      vertex -7.5 -4.39999 0
      vertex -7.42915 -4.68283 0
      vertex -7.45432 -4.62961 0
    endloop
  endfacet
  facet normal 0 0 -1
    outer loop
      vertex -7.3638 4.78062 0
      vertex -7.5 4.39999 0
      vertex -7.39888 4.73334 0
    endloop
  endfacet
  facet normal 0 0 -1
    outer loop
      vertex -7.5 -4.39999 0
      vertex -7.45432 -4.62961 0
      vertex -7.47415 -4.57416 0
    endloop
  endfacet
  facet normal 0 0 -1
    outer loop
      vertex -7.39888 4.73334 0
      vertex -7.5 4.39999 0
      vertex -7.42915 4.68283 0
    endloop
  endfacet
  facet normal 0 0 -1
    outer loop
      vertex -7.5 -4.39999 0
      vertex -7.47415 -4.57416 0
      vertex -7.48846 -4.51704 0
    endloop
  endfacet
  facet normal 0 0 -1
    outer loop
      vertex -7.42915 4.68283 0
      vertex -7.5 4.39999 0
      vertex -7.45432 4.62961 0
    endloop
  endfacet
  facet normal 0 0 -1
    outer loop
      vertex -7.5 -4.39999 0
      vertex -7.48846 -4.51704 0
      vertex -7.4971 -4.4588 0
    endloop
  endfacet
  facet normal 0 0 -1
    outer loop
      vertex -7.45432 4.62961 0
      vertex -7.5 4.39999 0
      vertex -7.47415 4.57416 0
    endloop
  endfacet
  facet normal 0 0 -1
    outer loop
      vertex -7.47415 4.57416 0
      vertex -7.5 4.39999 0
      vertex -7.48846 4.51704 0
    endloop
  endfacet
  facet normal 0 0 -1
    outer loop
      vertex -7.48846 4.51704 0
      vertex -7.5 4.39999 0
      vertex -7.4971 4.4588 0
    endloop
  endfacet
  facet normal 0.427539 0.903997 -0
    outer loop
      vertex 7.18283 4.92915 0
      vertex 7.12961 4.95432 13.75
      vertex 7.18283 4.92915 13.75
    endloop
  endfacet
  facet normal 0.427539 0.903997 0
    outer loop
      vertex 7.12961 4.95432 13.75
      vertex 7.18283 4.92915 0
      vertex 7.12961 4.95432 0
    endloop
  endfacet
  facet normal 0.336734 0.9416 -0
    outer loop
      vertex 7.12961 4.95432 0
      vertex 7.07416 4.97415 13.75
      vertex 7.12961 4.95432 13.75
    endloop
  endfacet
  facet normal 0.336734 0.9416 0
    outer loop
      vertex 7.07416 4.97415 13.75
      vertex 7.12961 4.95432 0
      vertex 7.07416 4.97415 0
    endloop
  endfacet
  facet normal -0.970023 0.243015 0
    outer loop
      vertex -7.48846 4.51704 0
      vertex -7.47415 4.57416 13.75
      vertex -7.47415 4.57416 0
    endloop
  endfacet
  facet normal -0.970023 0.243015 0
    outer loop
      vertex -7.47415 4.57416 13.75
      vertex -7.48846 4.51704 0
      vertex -7.48846 4.51704 13.75
    endloop
  endfacet
  facet normal 0.336734 -0.9416 0
    outer loop
      vertex 7.07416 -4.97415 0
      vertex 7.12961 -4.95432 13.75
      vertex 7.07416 -4.97415 13.75
    endloop
  endfacet
  facet normal 0.336734 -0.9416 0
    outer loop
      vertex 7.12961 -4.95432 13.75
      vertex 7.07416 -4.97415 0
      vertex 7.12961 -4.95432 0
    endloop
  endfacet
  facet normal 0.741061 -0.671438 0
    outer loop
      vertex 7.32426 -4.82426 13.75
      vertex 7.3638 -4.78062 0
      vertex 7.3638 -4.78062 13.75
    endloop
  endfacet
  facet normal 0.741061 -0.671438 0
    outer loop
      vertex 7.3638 -4.78062 0
      vertex 7.32426 -4.82426 13.75
      vertex 7.32426 -4.82426 0
    endloop
  endfacet
  facet normal -0.671438 0.741061 0
    outer loop
      vertex -7.28062 4.8638 0
      vertex -7.32426 4.82426 13.75
      vertex -7.28062 4.8638 13.75
    endloop
  endfacet
  facet normal -0.671438 0.741061 0
    outer loop
      vertex -7.32426 4.82426 13.75
      vertex -7.28062 4.8638 0
      vertex -7.32426 4.82426 0
    endloop
  endfacet
  facet normal -0.9416 0.336734 0
    outer loop
      vertex -7.47415 4.57416 0
      vertex -7.45432 4.62961 13.75
      vertex -7.45432 4.62961 0
    endloop
  endfacet
  facet normal -0.9416 0.336734 0
    outer loop
      vertex -7.45432 4.62961 13.75
      vertex -7.47415 4.57416 0
      vertex -7.47415 4.57416 13.75
    endloop
  endfacet
  facet normal 0.989174 0.146746 0
    outer loop
      vertex 7.4971 4.4588 13.75
      vertex 7.48846 4.51704 0
      vertex 7.48846 4.51704 13.75
    endloop
  endfacet
  facet normal 0.989174 0.146746 0
    outer loop
      vertex 7.48846 4.51704 0
      vertex 7.4971 4.4588 13.75
      vertex 7.4971 4.4588 0
    endloop
  endfacet
  facet normal -0.903997 -0.427539 0
    outer loop
      vertex -7.42915 -4.68283 0
      vertex -7.45432 -4.62961 13.75
      vertex -7.45432 -4.62961 0
    endloop
  endfacet
  facet normal -0.903997 -0.427539 0
    outer loop
      vertex -7.45432 -4.62961 13.75
      vertex -7.42915 -4.68283 0
      vertex -7.42915 -4.68283 13.75
    endloop
  endfacet
  facet normal 0.0492515 0.998786 -0
    outer loop
      vertex 6.9588 4.9971 0
      vertex 6.89999 5 13.75
      vertex 6.9588 4.9971 13.75
    endloop
  endfacet
  facet normal 0.0492515 0.998786 0
    outer loop
      vertex 6.89999 5 13.75
      vertex 6.9588 4.9971 0
      vertex 6.89999 5 0
    endloop
  endfacet
  facet normal 0.595861 -0.803088 0
    outer loop
      vertex 7.23334 -4.89888 0
      vertex 7.28062 -4.8638 13.75
      vertex 7.23334 -4.89888 13.75
    endloop
  endfacet
  facet normal 0.595861 -0.803088 0
    outer loop
      vertex 7.28062 -4.8638 13.75
      vertex 7.23334 -4.89888 0
      vertex 7.28062 -4.8638 0
    endloop
  endfacet
  facet normal 0.803088 0.595861 0
    outer loop
      vertex 7.39888 4.73334 13.75
      vertex 7.3638 4.78062 0
      vertex 7.3638 4.78062 13.75
    endloop
  endfacet
  facet normal 0.803088 0.595861 0
    outer loop
      vertex 7.3638 4.78062 0
      vertex 7.39888 4.73334 13.75
      vertex 7.39888 4.73334 0
    endloop
  endfacet
  facet normal 0.998786 -0.0492515 0
    outer loop
      vertex 7.4971 -4.4588 13.75
      vertex 7.5 -4.39999 0
      vertex 7.5 -4.39999 13.75
    endloop
  endfacet
  facet normal 0.998786 -0.0492515 0
    outer loop
      vertex 7.5 -4.39999 0
      vertex 7.4971 -4.4588 13.75
      vertex 7.4971 -4.4588 0
    endloop
  endfacet
  facet normal 0.857763 -0.514046 0
    outer loop
      vertex 7.39888 -4.73334 13.75
      vertex 7.42915 -4.68283 0
      vertex 7.42915 -4.68283 13.75
    endloop
  endfacet
  facet normal 0.857763 -0.514046 0
    outer loop
      vertex 7.42915 -4.68283 0
      vertex 7.39888 -4.73334 13.75
      vertex 7.39888 -4.73334 0
    endloop
  endfacet
  facet normal 0.903997 -0.427539 0
    outer loop
      vertex 7.42915 -4.68283 13.75
      vertex 7.45432 -4.62961 0
      vertex 7.45432 -4.62961 13.75
    endloop
  endfacet
  facet normal 0.903997 -0.427539 0
    outer loop
      vertex 7.45432 -4.62961 0
      vertex 7.42915 -4.68283 13.75
      vertex 7.42915 -4.68283 0
    endloop
  endfacet
  facet normal -0.803088 -0.595861 0
    outer loop
      vertex -7.3638 -4.78062 0
      vertex -7.39888 -4.73334 13.75
      vertex -7.39888 -4.73334 0
    endloop
  endfacet
  facet normal -0.803088 -0.595861 0
    outer loop
      vertex -7.39888 -4.73334 13.75
      vertex -7.3638 -4.78062 0
      vertex -7.3638 -4.78062 13.75
    endloop
  endfacet
  facet normal 0.803088 -0.595861 0
    outer loop
      vertex 7.3638 -4.78062 13.75
      vertex 7.39888 -4.73334 0
      vertex 7.39888 -4.73334 13.75
    endloop
  endfacet
  facet normal 0.803088 -0.595861 0
    outer loop
      vertex 7.39888 -4.73334 0
      vertex 7.3638 -4.78062 13.75
      vertex 7.3638 -4.78062 0
    endloop
  endfacet
  facet normal 0.427539 -0.903997 0
    outer loop
      vertex 7.12961 -4.95432 0
      vertex 7.18283 -4.92915 13.75
      vertex 7.12961 -4.95432 13.75
    endloop
  endfacet
  facet normal 0.427539 -0.903997 0
    outer loop
      vertex 7.18283 -4.92915 13.75
      vertex 7.12961 -4.95432 0
      vertex 7.18283 -4.92915 0
    endloop
  endfacet
  facet normal -0.989176 -0.146736 0
    outer loop
      vertex 2.13965 0.210736 0
      vertex 2.10869 0.419444 1.2
      vertex 2.10869 0.419444 0
    endloop
  endfacet
  facet normal -0.989176 -0.146736 0
    outer loop
      vertex 2.10869 0.419444 1.2
      vertex 2.13965 0.210736 0
      vertex 2.13965 0.210736 1.2
    endloop
  endfacet
  facet normal -0.998796 -0.0490545 0
    outer loop
      vertex 2.15 0 0
      vertex 2.13965 0.210736 1.2
      vertex 2.13965 0.210736 0
    endloop
  endfacet
  facet normal -0.998796 -0.0490545 0
    outer loop
      vertex 2.13965 0.210736 1.2
      vertex 2.15 0 0
      vertex 2.15 0 1.2
    endloop
  endfacet
  facet normal -0.970027 -0.242996 0
    outer loop
      vertex 2.10869 0.419444 0
      vertex 2.05742 0.624111 1.2
      vertex 2.05742 0.624111 0
    endloop
  endfacet
  facet normal -0.970027 -0.242996 0
    outer loop
      vertex 2.05742 0.624111 1.2
      vertex 2.10869 0.419444 0
      vertex 2.10869 0.419444 1.2
    endloop
  endfacet
  facet normal -0.427559 0.903988 0
    outer loop
      vertex 1.0135 -1.89613 0
      vertex 0.822769 -1.98634 1.2
      vertex 1.0135 -1.89613 1.2
    endloop
  endfacet
  facet normal -0.427559 0.903988 0
    outer loop
      vertex 0.822769 -1.98634 1.2
      vertex 1.0135 -1.89613 0
      vertex 0.822769 -1.98634 0
    endloop
  endfacet
  facet normal 0.595707 -0.803202 0
    outer loop
      vertex -1.36395 1.66197 0
      vertex -1.19448 1.78766 1.2
      vertex -1.36395 1.66197 1.2
    endloop
  endfacet
  facet normal 0.595707 -0.803202 0
    outer loop
      vertex -1.19448 1.78766 1.2
      vertex -1.36395 1.66197 0
      vertex -1.19448 1.78766 0
    endloop
  endfacet
  facet normal -0.242996 -0.970027 0
    outer loop
      vertex 0.419444 2.10869 0
      vertex 0.624111 2.05742 1.2
      vertex 0.419444 2.10869 1.2
    endloop
  endfacet
  facet normal -0.242996 -0.970027 -0
    outer loop
      vertex 0.624111 2.05742 1.2
      vertex 0.419444 2.10869 0
      vertex 0.624111 2.05742 0
    endloop
  endfacet
  facet normal 0.903988 -0.427559 0
    outer loop
      vertex -1.98634 0.822769 1.2
      vertex -1.89613 1.0135 0
      vertex -1.89613 1.0135 1.2
    endloop
  endfacet
  facet normal 0.903988 -0.427559 0
    outer loop
      vertex -1.89613 1.0135 0
      vertex -1.98634 0.822769 1.2
      vertex -1.98634 0.822769 0
    endloop
  endfacet
  facet normal 0.970027 -0.242996 0
    outer loop
      vertex -2.10869 0.419444 1.2
      vertex -2.05742 0.624111 0
      vertex -2.05742 0.624111 1.2
    endloop
  endfacet
  facet normal 0.970027 -0.242996 0
    outer loop
      vertex -2.05742 0.624111 0
      vertex -2.10869 0.419444 1.2
      vertex -2.10869 0.419444 0
    endloop
  endfacet
  facet normal -0.514084 0.85774 0
    outer loop
      vertex 1.19448 -1.78766 0
      vertex 1.0135 -1.89613 1.2
      vertex 1.19448 -1.78766 1.2
    endloop
  endfacet
  facet normal -0.514084 0.85774 0
    outer loop
      vertex 1.0135 -1.89613 1.2
      vertex 1.19448 -1.78766 0
      vertex 1.0135 -1.89613 0
    endloop
  endfacet
  facet normal -0.242996 0.970027 0
    outer loop
      vertex 0.624111 -2.05742 0
      vertex 0.419444 -2.10869 1.2
      vertex 0.624111 -2.05742 1.2
    endloop
  endfacet
  facet normal -0.242996 0.970027 0
    outer loop
      vertex 0.419444 -2.10869 1.2
      vertex 0.624111 -2.05742 0
      vertex 0.419444 -2.10869 0
    endloop
  endfacet
  facet normal -0.0490545 -0.998796 0
    outer loop
      vertex 0 2.15 0
      vertex 0.210736 2.13965 1.2
      vertex 0 2.15 1.2
    endloop
  endfacet
  facet normal -0.0490545 -0.998796 -0
    outer loop
      vertex 0.210736 2.13965 1.2
      vertex 0 2.15 0
      vertex 0.210736 2.13965 0
    endloop
  endfacet
  facet normal -0.146736 -0.989176 0
    outer loop
      vertex 0.210736 2.13965 0
      vertex 0.419444 2.10869 1.2
      vertex 0.210736 2.13965 1.2
    endloop
  endfacet
  facet normal -0.146736 -0.989176 -0
    outer loop
      vertex 0.419444 2.10869 1.2
      vertex 0.210736 2.13965 0
      vertex 0.419444 2.10869 0
    endloop
  endfacet
  facet normal -0.427559 -0.903988 0
    outer loop
      vertex 0.822769 1.98634 0
      vertex 1.0135 1.89613 1.2
      vertex 0.822769 1.98634 1.2
    endloop
  endfacet
  facet normal -0.427559 -0.903988 -0
    outer loop
      vertex 1.0135 1.89613 1.2
      vertex 0.822769 1.98634 0
      vertex 1.0135 1.89613 0
    endloop
  endfacet
  facet normal -0.146736 0.989176 0
    outer loop
      vertex 0.419444 -2.10869 0
      vertex 0.210736 -2.13965 1.2
      vertex 0.419444 -2.10869 1.2
    endloop
  endfacet
  facet normal -0.146736 0.989176 0
    outer loop
      vertex 0.210736 -2.13965 1.2
      vertex 0.419444 -2.10869 0
      vertex 0.210736 -2.13965 0
    endloop
  endfacet
  facet normal 0 0 -1
    outer loop
      vertex 2.13965 -0.210736 1.2
      vertex 2.13965 0.210736 1.2
      vertex 2.15 0 1.2
    endloop
  endfacet
  facet normal 0 0 -1
    outer loop
      vertex 2.10869 -0.419444 1.2
      vertex 2.13965 0.210736 1.2
      vertex 2.13965 -0.210736 1.2
    endloop
  endfacet
  facet normal 0 0 -1
    outer loop
      vertex 2.10869 -0.419444 1.2
      vertex 2.10869 0.419444 1.2
      vertex 2.13965 0.210736 1.2
    endloop
  endfacet
  facet normal 0 0 -1
    outer loop
      vertex 2.05742 -0.624111 1.2
      vertex 2.10869 0.419444 1.2
      vertex 2.10869 -0.419444 1.2
    endloop
  endfacet
  facet normal 0 0 -1
    outer loop
      vertex 2.05742 -0.624111 1.2
      vertex 2.05742 0.624111 1.2
      vertex 2.10869 0.419444 1.2
    endloop
  endfacet
  facet normal 0 0 -1
    outer loop
      vertex 1.98634 -0.822769 1.2
      vertex 2.05742 0.624111 1.2
      vertex 2.05742 -0.624111 1.2
    endloop
  endfacet
  facet normal 0 0 -1
    outer loop
      vertex 1.98634 -0.822769 1.2
      vertex 1.98634 0.822769 1.2
      vertex 2.05742 0.624111 1.2
    endloop
  endfacet
  facet normal 0 0 -1
    outer loop
      vertex 1.89613 -1.0135 1.2
      vertex 1.98634 0.822769 1.2
      vertex 1.98634 -0.822769 1.2
    endloop
  endfacet
  facet normal 0 0 -1
    outer loop
      vertex 1.89613 -1.0135 1.2
      vertex 1.89613 1.0135 1.2
      vertex 1.98634 0.822769 1.2
    endloop
  endfacet
  facet normal 0 0 -1
    outer loop
      vertex 1.78766 -1.19448 1.2
      vertex 1.89613 1.0135 1.2
      vertex 1.89613 -1.0135 1.2
    endloop
  endfacet
  facet normal 0 0 -1
    outer loop
      vertex 1.78766 -1.19448 1.2
      vertex 1.78766 1.19448 1.2
      vertex 1.89613 1.0135 1.2
    endloop
  endfacet
  facet normal 0 0 -1
    outer loop
      vertex 1.66197 -1.36395 1.2
      vertex 1.78766 1.19448 1.2
      vertex 1.78766 -1.19448 1.2
    endloop
  endfacet
  facet normal 0 0 -1
    outer loop
      vertex 1.66197 -1.36395 1.2
      vertex 1.66197 1.36395 1.2
      vertex 1.78766 1.19448 1.2
    endloop
  endfacet
  facet normal 0 0 -1
    outer loop
      vertex 1.52028 -1.52028 1.2
      vertex 1.66197 1.36395 1.2
      vertex 1.66197 -1.36395 1.2
    endloop
  endfacet
  facet normal 0 0 -1
    outer loop
      vertex 1.52028 -1.52028 1.2
      vertex 1.52028 1.52028 1.2
      vertex 1.66197 1.36395 1.2
    endloop
  endfacet
  facet normal 0 0 -1
    outer loop
      vertex 1.36395 -1.66197 1.2
      vertex 1.52028 1.52028 1.2
      vertex 1.52028 -1.52028 1.2
    endloop
  endfacet
  facet normal 0 0 -1
    outer loop
      vertex 1.36395 -1.66197 1.2
      vertex 1.36395 1.66197 1.2
      vertex 1.52028 1.52028 1.2
    endloop
  endfacet
  facet normal 0 0 -1
    outer loop
      vertex 1.19448 -1.78766 1.2
      vertex 1.36395 1.66197 1.2
      vertex 1.36395 -1.66197 1.2
    endloop
  endfacet
  facet normal 0 0 -1
    outer loop
      vertex 1.19448 -1.78766 1.2
      vertex 1.19448 1.78766 1.2
      vertex 1.36395 1.66197 1.2
    endloop
  endfacet
  facet normal 0 0 -1
    outer loop
      vertex 1.0135 -1.89613 1.2
      vertex 1.19448 1.78766 1.2
      vertex 1.19448 -1.78766 1.2
    endloop
  endfacet
  facet normal 0 0 -1
    outer loop
      vertex 1.0135 -1.89613 1.2
      vertex 1.0135 1.89613 1.2
      vertex 1.19448 1.78766 1.2
    endloop
  endfacet
  facet normal 0 0 -1
    outer loop
      vertex 0.822769 -1.98634 1.2
      vertex 1.0135 1.89613 1.2
      vertex 1.0135 -1.89613 1.2
    endloop
  endfacet
  facet normal 0 0 -1
    outer loop
      vertex 0.822769 -1.98634 1.2
      vertex 0.822769 1.98634 1.2
      vertex 1.0135 1.89613 1.2
    endloop
  endfacet
  facet normal 0 0 -1
    outer loop
      vertex 0.624111 -2.05742 1.2
      vertex 0.822769 1.98634 1.2
      vertex 0.822769 -1.98634 1.2
    endloop
  endfacet
  facet normal 0 0 -1
    outer loop
      vertex 0.624111 -2.05742 1.2
      vertex 0.624111 2.05742 1.2
      vertex 0.822769 1.98634 1.2
    endloop
  endfacet
  facet normal 0 0 -1
    outer loop
      vertex 0.419444 -2.10869 1.2
      vertex 0.624111 2.05742 1.2
      vertex 0.624111 -2.05742 1.2
    endloop
  endfacet
  facet normal 0 0 -1
    outer loop
      vertex 0.419444 -2.10869 1.2
      vertex 0.419444 2.10869 1.2
      vertex 0.624111 2.05742 1.2
    endloop
  endfacet
  facet normal 0 0 -1
    outer loop
      vertex 0.210736 -2.13965 1.2
      vertex 0.419444 2.10869 1.2
      vertex 0.419444 -2.10869 1.2
    endloop
  endfacet
  facet normal 0 0 -1
    outer loop
      vertex 0.210736 -2.13965 1.2
      vertex 0.210736 2.13965 1.2
      vertex 0.419444 2.10869 1.2
    endloop
  endfacet
  facet normal 0 0 -1
    outer loop
      vertex 0 -2.15 1.2
      vertex 0.210736 2.13965 1.2
      vertex 0.210736 -2.13965 1.2
    endloop
  endfacet
  facet normal 0 0 -1
    outer loop
      vertex 0 -2.15 1.2
      vertex 0 2.15 1.2
      vertex 0.210736 2.13965 1.2
    endloop
  endfacet
  facet normal 0 0 -1
    outer loop
      vertex -0.210736 -2.13965 1.2
      vertex 0 2.15 1.2
      vertex 0 -2.15 1.2
    endloop
  endfacet
  facet normal 0 0 -1
    outer loop
      vertex -0.210736 -2.13965 1.2
      vertex -0.210736 2.13965 1.2
      vertex 0 2.15 1.2
    endloop
  endfacet
  facet normal 0 0 -1
    outer loop
      vertex -0.419444 -2.10869 1.2
      vertex -0.210736 2.13965 1.2
      vertex -0.210736 -2.13965 1.2
    endloop
  endfacet
  facet normal 0 0 -1
    outer loop
      vertex -0.419444 -2.10869 1.2
      vertex -0.419444 2.10869 1.2
      vertex -0.210736 2.13965 1.2
    endloop
  endfacet
  facet normal 0 0 -1
    outer loop
      vertex -0.624111 -2.05742 1.2
      vertex -0.419444 2.10869 1.2
      vertex -0.419444 -2.10869 1.2
    endloop
  endfacet
  facet normal 0 0 -1
    outer loop
      vertex -0.624111 -2.05742 1.2
      vertex -0.624111 2.05742 1.2
      vertex -0.419444 2.10869 1.2
    endloop
  endfacet
  facet normal 0 0 -1
    outer loop
      vertex -0.822769 -1.98634 1.2
      vertex -0.624111 2.05742 1.2
      vertex -0.624111 -2.05742 1.2
    endloop
  endfacet
  facet normal 0 0 -1
    outer loop
      vertex -0.822769 -1.98634 1.2
      vertex -0.822769 1.98634 1.2
      vertex -0.624111 2.05742 1.2
    endloop
  endfacet
  facet normal 0 0 -1
    outer loop
      vertex -1.0135 -1.89613 1.2
      vertex -0.822769 1.98634 1.2
      vertex -0.822769 -1.98634 1.2
    endloop
  endfacet
  facet normal 0 0 -1
    outer loop
      vertex -1.0135 -1.89613 1.2
      vertex -1.0135 1.89613 1.2
      vertex -0.822769 1.98634 1.2
    endloop
  endfacet
  facet normal 0 0 -1
    outer loop
      vertex -1.19448 -1.78766 1.2
      vertex -1.0135 1.89613 1.2
      vertex -1.0135 -1.89613 1.2
    endloop
  endfacet
  facet normal 0 0 -1
    outer loop
      vertex -1.19448 -1.78766 1.2
      vertex -1.19448 1.78766 1.2
      vertex -1.0135 1.89613 1.2
    endloop
  endfacet
  facet normal 0 0 -1
    outer loop
      vertex -1.36395 -1.66197 1.2
      vertex -1.19448 1.78766 1.2
      vertex -1.19448 -1.78766 1.2
    endloop
  endfacet
  facet normal 0 0 -1
    outer loop
      vertex -1.36395 -1.66197 1.2
      vertex -1.36395 1.66197 1.2
      vertex -1.19448 1.78766 1.2
    endloop
  endfacet
  facet normal 0 0 -1
    outer loop
      vertex -1.52028 -1.52028 1.2
      vertex -1.36395 1.66197 1.2
      vertex -1.36395 -1.66197 1.2
    endloop
  endfacet
  facet normal 0 0 -1
    outer loop
      vertex -1.52028 -1.52028 1.2
      vertex -1.52028 1.52028 1.2
      vertex -1.36395 1.66197 1.2
    endloop
  endfacet
  facet normal 0 0 -1
    outer loop
      vertex -1.66197 -1.36395 1.2
      vertex -1.52028 1.52028 1.2
      vertex -1.52028 -1.52028 1.2
    endloop
  endfacet
  facet normal 0 0 -1
    outer loop
      vertex -1.66197 -1.36395 1.2
      vertex -1.66197 1.36395 1.2
      vertex -1.52028 1.52028 1.2
    endloop
  endfacet
  facet normal 0 0 -1
    outer loop
      vertex -1.78766 -1.19448 1.2
      vertex -1.66197 1.36395 1.2
      vertex -1.66197 -1.36395 1.2
    endloop
  endfacet
  facet normal 0 0 -1
    outer loop
      vertex -1.78766 -1.19448 1.2
      vertex -1.78766 1.19448 1.2
      vertex -1.66197 1.36395 1.2
    endloop
  endfacet
  facet normal 0 0 -1
    outer loop
      vertex -1.89613 -1.0135 1.2
      vertex -1.78766 1.19448 1.2
      vertex -1.78766 -1.19448 1.2
    endloop
  endfacet
  facet normal 0 0 -1
    outer loop
      vertex -1.89613 -1.0135 1.2
      vertex -1.89613 1.0135 1.2
      vertex -1.78766 1.19448 1.2
    endloop
  endfacet
  facet normal 0 0 -1
    outer loop
      vertex -1.98634 -0.822769 1.2
      vertex -1.89613 1.0135 1.2
      vertex -1.89613 -1.0135 1.2
    endloop
  endfacet
  facet normal 0 0 -1
    outer loop
      vertex -1.98634 -0.822769 1.2
      vertex -1.98634 0.822769 1.2
      vertex -1.89613 1.0135 1.2
    endloop
  endfacet
  facet normal 0 0 -1
    outer loop
      vertex -2.05742 -0.624111 1.2
      vertex -1.98634 0.822769 1.2
      vertex -1.98634 -0.822769 1.2
    endloop
  endfacet
  facet normal 0 0 -1
    outer loop
      vertex -2.05742 -0.624111 1.2
      vertex -2.05742 0.624111 1.2
      vertex -1.98634 0.822769 1.2
    endloop
  endfacet
  facet normal 0 0 -1
    outer loop
      vertex -2.10869 -0.419444 1.2
      vertex -2.05742 0.624111 1.2
      vertex -2.05742 -0.624111 1.2
    endloop
  endfacet
  facet normal 0 0 -1
    outer loop
      vertex -2.10869 -0.419444 1.2
      vertex -2.10869 0.419444 1.2
      vertex -2.05742 0.624111 1.2
    endloop
  endfacet
  facet normal 0 0 -1
    outer loop
      vertex -2.13965 -0.210736 1.2
      vertex -2.10869 0.419444 1.2
      vertex -2.10869 -0.419444 1.2
    endloop
  endfacet
  facet normal 0 0 -1
    outer loop
      vertex -2.13965 -0.210736 1.2
      vertex -2.13965 0.210736 1.2
      vertex -2.10869 0.419444 1.2
    endloop
  endfacet
  facet normal 0 -0 -1
    outer loop
      vertex -2.13965 0.210736 1.2
      vertex -2.13965 -0.210736 1.2
      vertex -2.15 0 1.2
    endloop
  endfacet
  facet normal -0.803202 0.595707 0
    outer loop
      vertex 1.66197 -1.36395 0
      vertex 1.78766 -1.19448 1.2
      vertex 1.78766 -1.19448 0
    endloop
  endfacet
  facet normal -0.803202 0.595707 0
    outer loop
      vertex 1.78766 -1.19448 1.2
      vertex 1.66197 -1.36395 0
      vertex 1.66197 -1.36395 1.2
    endloop
  endfacet
  facet normal 0.740949 0.671561 0
    outer loop
      vertex -1.52028 -1.52028 1.2
      vertex -1.66197 -1.36395 0
      vertex -1.66197 -1.36395 1.2
    endloop
  endfacet
  facet normal 0.740949 0.671561 0
    outer loop
      vertex -1.66197 -1.36395 0
      vertex -1.52028 -1.52028 1.2
      vertex -1.52028 -1.52028 0
    endloop
  endfacet
  facet normal 0.514084 -0.85774 0
    outer loop
      vertex -1.19448 1.78766 0
      vertex -1.0135 1.89613 1.2
      vertex -1.19448 1.78766 1.2
    endloop
  endfacet
  facet normal 0.514084 -0.85774 0
    outer loop
      vertex -1.0135 1.89613 1.2
      vertex -1.19448 1.78766 0
      vertex -1.0135 1.89613 0
    endloop
  endfacet
  facet normal -0.989176 0.146736 0
    outer loop
      vertex 2.10869 -0.419444 0
      vertex 2.13965 -0.210736 1.2
      vertex 2.13965 -0.210736 0
    endloop
  endfacet
  facet normal -0.989176 0.146736 0
    outer loop
      vertex 2.13965 -0.210736 1.2
      vertex 2.10869 -0.419444 0
      vertex 2.10869 -0.419444 1.2
    endloop
  endfacet
  facet normal 0.146736 0.989176 -0
    outer loop
      vertex -0.210736 -2.13965 0
      vertex -0.419444 -2.10869 1.2
      vertex -0.210736 -2.13965 1.2
    endloop
  endfacet
  facet normal 0.146736 0.989176 0
    outer loop
      vertex -0.419444 -2.10869 1.2
      vertex -0.210736 -2.13965 0
      vertex -0.419444 -2.10869 0
    endloop
  endfacet
  facet normal -0.595707 0.803202 0
    outer loop
      vertex 1.36395 -1.66197 0
      vertex 1.19448 -1.78766 1.2
      vertex 1.36395 -1.66197 1.2
    endloop
  endfacet
  facet normal -0.595707 0.803202 0
    outer loop
      vertex 1.19448 -1.78766 1.2
      vertex 1.36395 -1.66197 0
      vertex 1.19448 -1.78766 0
    endloop
  endfacet
  facet normal 0.0490545 0.998796 -0
    outer loop
      vertex 0 -2.15 0
      vertex -0.210736 -2.13965 1.2
      vertex 0 -2.15 1.2
    endloop
  endfacet
  facet normal 0.0490545 0.998796 0
    outer loop
      vertex -0.210736 -2.13965 1.2
      vertex 0 -2.15 0
      vertex -0.210736 -2.13965 0
    endloop
  endfacet
  facet normal -0.595707 -0.803202 0
    outer loop
      vertex 1.19448 1.78766 0
      vertex 1.36395 1.66197 1.2
      vertex 1.19448 1.78766 1.2
    endloop
  endfacet
  facet normal -0.595707 -0.803202 -0
    outer loop
      vertex 1.36395 1.66197 1.2
      vertex 1.19448 1.78766 0
      vertex 1.36395 1.66197 0
    endloop
  endfacet
  facet normal -0.970027 0.242996 0
    outer loop
      vertex 2.05742 -0.624111 0
      vertex 2.10869 -0.419444 1.2
      vertex 2.10869 -0.419444 0
    endloop
  endfacet
  facet normal -0.970027 0.242996 0
    outer loop
      vertex 2.10869 -0.419444 1.2
      vertex 2.05742 -0.624111 0
      vertex 2.05742 -0.624111 1.2
    endloop
  endfacet
  facet normal 0.989176 -0.146736 0
    outer loop
      vertex -2.13965 0.210736 1.2
      vertex -2.10869 0.419444 0
      vertex -2.10869 0.419444 1.2
    endloop
  endfacet
  facet normal 0.989176 -0.146736 0
    outer loop
      vertex -2.10869 0.419444 0
      vertex -2.13965 0.210736 1.2
      vertex -2.13965 0.210736 0
    endloop
  endfacet
  facet normal 0.85774 -0.514084 0
    outer loop
      vertex -1.89613 1.0135 1.2
      vertex -1.78766 1.19448 0
      vertex -1.78766 1.19448 1.2
    endloop
  endfacet
  facet normal 0.85774 -0.514084 0
    outer loop
      vertex -1.78766 1.19448 0
      vertex -1.89613 1.0135 1.2
      vertex -1.89613 1.0135 0
    endloop
  endfacet
  facet normal 0.941546 0.336886 0
    outer loop
      vertex -1.98634 -0.822769 1.2
      vertex -2.05742 -0.624111 0
      vertex -2.05742 -0.624111 1.2
    endloop
  endfacet
  facet normal 0.941546 0.336886 0
    outer loop
      vertex -2.05742 -0.624111 0
      vertex -1.98634 -0.822769 1.2
      vertex -1.98634 -0.822769 0
    endloop
  endfacet
  facet normal 0.146736 -0.989176 0
    outer loop
      vertex -0.419444 2.10869 0
      vertex -0.210736 2.13965 1.2
      vertex -0.419444 2.10869 1.2
    endloop
  endfacet
  facet normal 0.146736 -0.989176 0
    outer loop
      vertex -0.210736 2.13965 1.2
      vertex -0.419444 2.10869 0
      vertex -0.210736 2.13965 0
    endloop
  endfacet
  facet normal -0.803202 -0.595707 0
    outer loop
      vertex 1.78766 1.19448 0
      vertex 1.66197 1.36395 1.2
      vertex 1.66197 1.36395 0
    endloop
  endfacet
  facet normal -0.803202 -0.595707 0
    outer loop
      vertex 1.66197 1.36395 1.2
      vertex 1.78766 1.19448 0
      vertex 1.78766 1.19448 1.2
    endloop
  endfacet
  facet normal 0.970027 0.242996 0
    outer loop
      vertex -2.05742 -0.624111 1.2
      vertex -2.10869 -0.419444 0
      vertex -2.10869 -0.419444 1.2
    endloop
  endfacet
  facet normal 0.970027 0.242996 0
    outer loop
      vertex -2.10869 -0.419444 0
      vertex -2.05742 -0.624111 1.2
      vertex -2.05742 -0.624111 0
    endloop
  endfacet
  facet normal 0.998796 0.0490545 0
    outer loop
      vertex -2.13965 -0.210736 1.2
      vertex -2.15 0 0
      vertex -2.15 0 1.2
    endloop
  endfacet
  facet normal 0.998796 0.0490545 0
    outer loop
      vertex -2.15 0 0
      vertex -2.13965 -0.210736 1.2
      vertex -2.13965 -0.210736 0
    endloop
  endfacet
  facet normal -0.514084 -0.85774 0
    outer loop
      vertex 1.0135 1.89613 0
      vertex 1.19448 1.78766 1.2
      vertex 1.0135 1.89613 1.2
    endloop
  endfacet
  facet normal -0.514084 -0.85774 -0
    outer loop
      vertex 1.19448 1.78766 1.2
      vertex 1.0135 1.89613 0
      vertex 1.19448 1.78766 0
    endloop
  endfacet
  facet normal -0.998796 0.0490545 0
    outer loop
      vertex 2.13965 -0.210736 0
      vertex 2.15 0 1.2
      vertex 2.15 0 0
    endloop
  endfacet
  facet normal -0.998796 0.0490545 0
    outer loop
      vertex 2.15 0 1.2
      vertex 2.13965 -0.210736 0
      vertex 2.13965 -0.210736 1.2
    endloop
  endfacet
  facet normal -0.903988 0.427559 0
    outer loop
      vertex 1.89613 -1.0135 0
      vertex 1.98634 -0.822769 1.2
      vertex 1.98634 -0.822769 0
    endloop
  endfacet
  facet normal -0.903988 0.427559 0
    outer loop
      vertex 1.98634 -0.822769 1.2
      vertex 1.89613 -1.0135 0
      vertex 1.89613 -1.0135 1.2
    endloop
  endfacet
  facet normal -0.85774 -0.514084 0
    outer loop
      vertex 1.89613 1.0135 0
      vertex 1.78766 1.19448 1.2
      vertex 1.78766 1.19448 0
    endloop
  endfacet
  facet normal -0.85774 -0.514084 0
    outer loop
      vertex 1.78766 1.19448 1.2
      vertex 1.89613 1.0135 0
      vertex 1.89613 1.0135 1.2
    endloop
  endfacet
  facet normal -0.740949 -0.671561 0
    outer loop
      vertex 1.66197 1.36395 0
      vertex 1.52028 1.52028 1.2
      vertex 1.52028 1.52028 0
    endloop
  endfacet
  facet normal -0.740949 -0.671561 0
    outer loop
      vertex 1.52028 1.52028 1.2
      vertex 1.66197 1.36395 0
      vertex 1.66197 1.36395 1.2
    endloop
  endfacet
  facet normal 0.0490545 -0.998796 0
    outer loop
      vertex -0.210736 2.13965 0
      vertex 0 2.15 1.2
      vertex -0.210736 2.13965 1.2
    endloop
  endfacet
  facet normal 0.0490545 -0.998796 0
    outer loop
      vertex 0 2.15 1.2
      vertex -0.210736 2.13965 0
      vertex 0 2.15 0
    endloop
  endfacet
  facet normal 0.740949 -0.671561 0
    outer loop
      vertex -1.66197 1.36395 1.2
      vertex -1.52028 1.52028 0
      vertex -1.52028 1.52028 1.2
    endloop
  endfacet
  facet normal 0.740949 -0.671561 0
    outer loop
      vertex -1.52028 1.52028 0
      vertex -1.66197 1.36395 1.2
      vertex -1.66197 1.36395 0
    endloop
  endfacet
  facet normal 0.671561 0.740949 -0
    outer loop
      vertex -1.36395 -1.66197 0
      vertex -1.52028 -1.52028 1.2
      vertex -1.36395 -1.66197 1.2
    endloop
  endfacet
  facet normal 0.671561 0.740949 0
    outer loop
      vertex -1.52028 -1.52028 1.2
      vertex -1.36395 -1.66197 0
      vertex -1.52028 -1.52028 0
    endloop
  endfacet
  facet normal -0.0490545 0.998796 0
    outer loop
      vertex 0.210736 -2.13965 0
      vertex 0 -2.15 1.2
      vertex 0.210736 -2.13965 1.2
    endloop
  endfacet
  facet normal -0.0490545 0.998796 0
    outer loop
      vertex 0 -2.15 1.2
      vertex 0.210736 -2.13965 0
      vertex 0 -2.15 0
    endloop
  endfacet
  facet normal -0.941546 -0.336886 0
    outer loop
      vertex 2.05742 0.624111 0
      vertex 1.98634 0.822769 1.2
      vertex 1.98634 0.822769 0
    endloop
  endfacet
  facet normal -0.941546 -0.336886 0
    outer loop
      vertex 1.98634 0.822769 1.2
      vertex 2.05742 0.624111 0
      vertex 2.05742 0.624111 1.2
    endloop
  endfacet
  facet normal -0.85774 0.514084 0
    outer loop
      vertex 1.78766 -1.19448 0
      vertex 1.89613 -1.0135 1.2
      vertex 1.89613 -1.0135 0
    endloop
  endfacet
  facet normal -0.85774 0.514084 0
    outer loop
      vertex 1.89613 -1.0135 1.2
      vertex 1.78766 -1.19448 0
      vertex 1.78766 -1.19448 1.2
    endloop
  endfacet
  facet normal -0.671561 -0.740949 0
    outer loop
      vertex 1.36395 1.66197 0
      vertex 1.52028 1.52028 1.2
      vertex 1.36395 1.66197 1.2
    endloop
  endfacet
  facet normal -0.671561 -0.740949 -0
    outer loop
      vertex 1.52028 1.52028 1.2
      vertex 1.36395 1.66197 0
      vertex 1.52028 1.52028 0
    endloop
  endfacet
  facet normal 0.242996 -0.970027 0
    outer loop
      vertex -0.624111 2.05742 0
      vertex -0.419444 2.10869 1.2
      vertex -0.624111 2.05742 1.2
    endloop
  endfacet
  facet normal 0.242996 -0.970027 0
    outer loop
      vertex -0.419444 2.10869 1.2
      vertex -0.624111 2.05742 0
      vertex -0.419444 2.10869 0
    endloop
  endfacet
  facet normal -0.336886 0.941546 0
    outer loop
      vertex 0.822769 -1.98634 0
      vertex 0.624111 -2.05742 1.2
      vertex 0.822769 -1.98634 1.2
    endloop
  endfacet
  facet normal -0.336886 0.941546 0
    outer loop
      vertex 0.624111 -2.05742 1.2
      vertex 0.822769 -1.98634 0
      vertex 0.624111 -2.05742 0
    endloop
  endfacet
  facet normal 0.427559 -0.903988 0
    outer loop
      vertex -1.0135 1.89613 0
      vertex -0.822769 1.98634 1.2
      vertex -1.0135 1.89613 1.2
    endloop
  endfacet
  facet normal 0.427559 -0.903988 0
    outer loop
      vertex -0.822769 1.98634 1.2
      vertex -1.0135 1.89613 0
      vertex -0.822769 1.98634 0
    endloop
  endfacet
  facet normal -0.903988 -0.427559 0
    outer loop
      vertex 1.98634 0.822769 0
      vertex 1.89613 1.0135 1.2
      vertex 1.89613 1.0135 0
    endloop
  endfacet
  facet normal -0.903988 -0.427559 0
    outer loop
      vertex 1.89613 1.0135 1.2
      vertex 1.98634 0.822769 0
      vertex 1.98634 0.822769 1.2
    endloop
  endfacet
  facet normal 0.671561 -0.740949 0
    outer loop
      vertex -1.52028 1.52028 0
      vertex -1.36395 1.66197 1.2
      vertex -1.52028 1.52028 1.2
    endloop
  endfacet
  facet normal 0.671561 -0.740949 0
    outer loop
      vertex -1.36395 1.66197 1.2
      vertex -1.52028 1.52028 0
      vertex -1.36395 1.66197 0
    endloop
  endfacet
  facet normal -0.336886 -0.941546 0
    outer loop
      vertex 0.624111 2.05742 0
      vertex 0.822769 1.98634 1.2
      vertex 0.624111 2.05742 1.2
    endloop
  endfacet
  facet normal -0.336886 -0.941546 -0
    outer loop
      vertex 0.822769 1.98634 1.2
      vertex 0.624111 2.05742 0
      vertex 0.822769 1.98634 0
    endloop
  endfacet
  facet normal 0.336886 -0.941546 0
    outer loop
      vertex -0.822769 1.98634 0
      vertex -0.624111 2.05742 1.2
      vertex -0.822769 1.98634 1.2
    endloop
  endfacet
  facet normal 0.336886 -0.941546 0
    outer loop
      vertex -0.624111 2.05742 1.2
      vertex -0.822769 1.98634 0
      vertex -0.624111 2.05742 0
    endloop
  endfacet
  facet normal 0.85774 0.514084 0
    outer loop
      vertex -1.78766 -1.19448 1.2
      vertex -1.89613 -1.0135 0
      vertex -1.89613 -1.0135 1.2
    endloop
  endfacet
  facet normal 0.85774 0.514084 0
    outer loop
      vertex -1.89613 -1.0135 0
      vertex -1.78766 -1.19448 1.2
      vertex -1.78766 -1.19448 0
    endloop
  endfacet
  facet normal 0.514084 0.85774 -0
    outer loop
      vertex -1.0135 -1.89613 0
      vertex -1.19448 -1.78766 1.2
      vertex -1.0135 -1.89613 1.2
    endloop
  endfacet
  facet normal 0.514084 0.85774 0
    outer loop
      vertex -1.19448 -1.78766 1.2
      vertex -1.0135 -1.89613 0
      vertex -1.19448 -1.78766 0
    endloop
  endfacet
  facet normal 0.595707 0.803202 -0
    outer loop
      vertex -1.19448 -1.78766 0
      vertex -1.36395 -1.66197 1.2
      vertex -1.19448 -1.78766 1.2
    endloop
  endfacet
  facet normal 0.595707 0.803202 0
    outer loop
      vertex -1.36395 -1.66197 1.2
      vertex -1.19448 -1.78766 0
      vertex -1.36395 -1.66197 0
    endloop
  endfacet
  facet normal 0.427559 0.903988 -0
    outer loop
      vertex -0.822769 -1.98634 0
      vertex -1.0135 -1.89613 1.2
      vertex -0.822769 -1.98634 1.2
    endloop
  endfacet
  facet normal 0.427559 0.903988 0
    outer loop
      vertex -1.0135 -1.89613 1.2
      vertex -0.822769 -1.98634 0
      vertex -1.0135 -1.89613 0
    endloop
  endfacet
  facet normal 0.803202 0.595707 0
    outer loop
      vertex -1.66197 -1.36395 1.2
      vertex -1.78766 -1.19448 0
      vertex -1.78766 -1.19448 1.2
    endloop
  endfacet
  facet normal 0.803202 0.595707 0
    outer loop
      vertex -1.78766 -1.19448 0
      vertex -1.66197 -1.36395 1.2
      vertex -1.66197 -1.36395 0
    endloop
  endfacet
  facet normal 0.242996 0.970027 -0
    outer loop
      vertex -0.419444 -2.10869 0
      vertex -0.624111 -2.05742 1.2
      vertex -0.419444 -2.10869 1.2
    endloop
  endfacet
  facet normal 0.242996 0.970027 0
    outer loop
      vertex -0.624111 -2.05742 1.2
      vertex -0.419444 -2.10869 0
      vertex -0.624111 -2.05742 0
    endloop
  endfacet
  facet normal 0.336886 0.941546 -0
    outer loop
      vertex -0.624111 -2.05742 0
      vertex -0.822769 -1.98634 1.2
      vertex -0.624111 -2.05742 1.2
    endloop
  endfacet
  facet normal 0.336886 0.941546 0
    outer loop
      vertex -0.822769 -1.98634 1.2
      vertex -0.624111 -2.05742 0
      vertex -0.822769 -1.98634 0
    endloop
  endfacet
  facet normal 0.989176 0.146736 0
    outer loop
      vertex -2.10869 -0.419444 1.2
      vertex -2.13965 -0.210736 0
      vertex -2.13965 -0.210736 1.2
    endloop
  endfacet
  facet normal 0.989176 0.146736 0
    outer loop
      vertex -2.13965 -0.210736 0
      vertex -2.10869 -0.419444 1.2
      vertex -2.10869 -0.419444 0
    endloop
  endfacet
  facet normal 0.903988 0.427559 0
    outer loop
      vertex -1.89613 -1.0135 1.2
      vertex -1.98634 -0.822769 0
      vertex -1.98634 -0.822769 1.2
    endloop
  endfacet
  facet normal 0.903988 0.427559 0
    outer loop
      vertex -1.98634 -0.822769 0
      vertex -1.89613 -1.0135 1.2
      vertex -1.89613 -1.0135 0
    endloop
  endfacet
  facet normal 0.941546 -0.336886 0
    outer loop
      vertex -2.05742 0.624111 1.2
      vertex -1.98634 0.822769 0
      vertex -1.98634 0.822769 1.2
    endloop
  endfacet
  facet normal 0.941546 -0.336886 0
    outer loop
      vertex -1.98634 0.822769 0
      vertex -2.05742 0.624111 1.2
      vertex -2.05742 0.624111 0
    endloop
  endfacet
  facet normal -0.941546 0.336886 0
    outer loop
      vertex 1.98634 -0.822769 0
      vertex 2.05742 -0.624111 1.2
      vertex 2.05742 -0.624111 0
    endloop
  endfacet
  facet normal -0.941546 0.336886 0
    outer loop
      vertex 2.05742 -0.624111 1.2
      vertex 1.98634 -0.822769 0
      vertex 1.98634 -0.822769 1.2
    endloop
  endfacet
  facet normal 0.803202 -0.595707 0
    outer loop
      vertex -1.78766 1.19448 1.2
      vertex -1.66197 1.36395 0
      vertex -1.66197 1.36395 1.2
    endloop
  endfacet
  facet normal 0.803202 -0.595707 0
    outer loop
      vertex -1.66197 1.36395 0
      vertex -1.78766 1.19448 1.2
      vertex -1.78766 1.19448 0
    endloop
  endfacet
  facet normal 0.998796 -0.0490545 0
    outer loop
      vertex -2.15 0 1.2
      vertex -2.13965 0.210736 0
      vertex -2.13965 0.210736 1.2
    endloop
  endfacet
  facet normal 0.998796 -0.0490545 0
    outer loop
      vertex -2.13965 0.210736 0
      vertex -2.15 0 1.2
      vertex -2.15 0 0
    endloop
  endfacet
  facet normal -0.740949 0.671561 0
    outer loop
      vertex 1.52028 -1.52028 0
      vertex 1.66197 -1.36395 1.2
      vertex 1.66197 -1.36395 0
    endloop
  endfacet
  facet normal -0.740949 0.671561 0
    outer loop
      vertex 1.66197 -1.36395 1.2
      vertex 1.52028 -1.52028 0
      vertex 1.52028 -1.52028 1.2
    endloop
  endfacet
  facet normal -0.671561 0.740949 0
    outer loop
      vertex 1.52028 -1.52028 0
      vertex 1.36395 -1.66197 1.2
      vertex 1.52028 -1.52028 1.2
    endloop
  endfacet
  facet normal -0.671561 0.740949 0
    outer loop
      vertex 1.36395 -1.66197 1.2
      vertex 1.52028 -1.52028 0
      vertex 1.36395 -1.66197 0
    endloop
  endfacet
endsolid OpenSCAD_Model
