solid OpenSCAD_Model
  facet normal -0.740946 0 0.671564
    outer loop
      vertex 3.18198 -7.5 6.38052
      vertex 3.47855 -7 6.70773
      vertex 3.18198 -7 6.38052
    endloop
  endfacet
  facet normal -0.740946 0 0.671564
    outer loop
      vertex 3.47855 -7 6.70773
      vertex 3.18198 -7.5 6.38052
      vertex 3.47855 -7.5 6.70773
    endloop
  endfacet
  facet normal -0.989176 0 0.146736
    outer loop
      vertex 4.41353 -7.5 8.68459
      vertex 4.47833 -7 9.12142
      vertex 4.41353 -7 8.68459
    endloop
  endfacet
  facet normal -0.989176 0 0.146736
    outer loop
      vertex 4.47833 -7 9.12142
      vertex 4.41353 -7.5 8.68459
      vertex 4.47833 -7.5 9.12142
    endloop
  endfacet
  facet normal -0.998795 0 0.0490702
    outer loop
      vertex 4.47833 -7.5 9.12142
      vertex 4.5 -7 9.5625
      vertex 4.47833 -7 9.12142
    endloop
  endfacet
  facet normal -0.998795 0 0.0490702
    outer loop
      vertex 4.5 -7 9.5625
      vertex 4.47833 -7.5 9.12142
      vertex 4.5 -7.5 9.5625
    endloop
  endfacet
  facet normal -0.970032 0 0.242978
    outer loop
      vertex 4.30623 -7.5 8.25622
      vertex 4.41353 -7 8.68459
      vertex 4.30623 -7 8.25622
    endloop
  endfacet
  facet normal -0.970032 0 0.242978
    outer loop
      vertex 4.41353 -7 8.68459
      vertex 4.30623 -7.5 8.25622
      vertex 4.41353 -7.5 8.68459
    endloop
  endfacet
  facet normal -0.336745 0 -0.941596
    outer loop
      vertex 1.30628 -7.5 13.8687
      vertex 1.72207 -7 13.72
      vertex 1.72207 -7.5 13.72
    endloop
  endfacet
  facet normal -0.336745 0 -0.941596
    outer loop
      vertex 1.72207 -7 13.72
      vertex 1.30628 -7.5 13.8687
      vertex 1.30628 -7 13.8687
    endloop
  endfacet
  facet normal -0.671564 0 0.740946
    outer loop
      vertex 2.85477 -7 6.08395
      vertex 3.18198 -7.5 6.38052
      vertex 3.18198 -7 6.38052
    endloop
  endfacet
  facet normal -0.671564 0 0.740946
    outer loop
      vertex 3.18198 -7.5 6.38052
      vertex 2.85477 -7 6.08395
      vertex 2.85477 -7.5 6.08395
    endloop
  endfacet
  facet normal -0.941546 0 0.336886
    outer loop
      vertex 4.15746 -7.5 7.84043
      vertex 4.30623 -7 8.25622
      vertex 4.15746 -7 7.84043
    endloop
  endfacet
  facet normal -0.941546 0 0.336886
    outer loop
      vertex 4.30623 -7 8.25622
      vertex 4.15746 -7.5 7.84043
      vertex 4.30623 -7.5 8.25622
    endloop
  endfacet
  facet normal -0.0491384 0 -0.998792
    outer loop
      vertex 0 -7.5 14.0625
      vertex 0.441076 -7 14.0408
      vertex 0.441076 -7.5 14.0408
    endloop
  endfacet
  facet normal -0.0491384 0 -0.998792
    outer loop
      vertex 0.441076 -7 14.0408
      vertex 0 -7.5 14.0625
      vertex 0 -7 14.0625
    endloop
  endfacet
  facet normal 0.595753 0 -0.803168
    outer loop
      vertex -2.85477 -7.5 13.041
      vertex -2.50007 -7 13.3041
      vertex -2.50007 -7.5 13.3041
    endloop
  endfacet
  facet normal 0.595753 0 -0.803168
    outer loop
      vertex -2.50007 -7 13.3041
      vertex -2.85477 -7.5 13.041
      vertex -2.85477 -7 13.041
    endloop
  endfacet
  facet normal -0.514039 0 -0.857767
    outer loop
      vertex 2.12128 -7.5 13.5311
      vertex 2.50007 -7 13.3041
      vertex 2.50007 -7.5 13.3041
    endloop
  endfacet
  facet normal -0.514039 0 -0.857767
    outer loop
      vertex 2.50007 -7 13.3041
      vertex 2.12128 -7.5 13.5311
      vertex 2.12128 -7 13.5311
    endloop
  endfacet
  facet normal 0.242976 0 -0.970032
    outer loop
      vertex -1.30628 -7.5 13.8687
      vertex -0.877906 -7 13.976
      vertex -0.877906 -7.5 13.976
    endloop
  endfacet
  facet normal 0.242976 0 -0.970032
    outer loop
      vertex -0.877906 -7 13.976
      vertex -1.30628 -7.5 13.8687
      vertex -1.30628 -7 13.8687
    endloop
  endfacet
  facet normal -0.857727 0 0.514106
    outer loop
      vertex 3.74161 -7.5 7.06243
      vertex 3.96865 -7 7.44122
      vertex 3.74161 -7 7.06243
    endloop
  endfacet
  facet normal -0.857727 0 0.514106
    outer loop
      vertex 3.96865 -7 7.44122
      vertex 3.74161 -7.5 7.06243
      vertex 3.96865 -7.5 7.44122
    endloop
  endfacet
  facet normal 0.998795 0 -0.049068
    outer loop
      vertex -4.47833 -7.5 10.0036
      vertex -4.5 -7 9.5625
      vertex -4.47833 -7 10.0036
    endloop
  endfacet
  facet normal 0.998795 0 -0.049068
    outer loop
      vertex -4.5 -7 9.5625
      vertex -4.47833 -7.5 10.0036
      vertex -4.5 -7.5 9.5625
    endloop
  endfacet
  facet normal 0.903987 0 -0.42756
    outer loop
      vertex -3.96865 -7.5 11.6838
      vertex -4.15746 -7 11.2846
      vertex -3.96865 -7 11.6838
    endloop
  endfacet
  facet normal 0.903987 0 -0.42756
    outer loop
      vertex -4.15746 -7 11.2846
      vertex -3.96865 -7.5 11.6838
      vertex -4.15746 -7.5 11.2846
    endloop
  endfacet
  facet normal -0.903991 0 0.427551
    outer loop
      vertex 3.96865 -7.5 7.44122
      vertex 4.15746 -7 7.84043
      vertex 3.96865 -7 7.44122
    endloop
  endfacet
  facet normal -0.903991 0 0.427551
    outer loop
      vertex 4.15746 -7 7.84043
      vertex 3.96865 -7.5 7.44122
      vertex 4.15746 -7.5 7.84043
    endloop
  endfacet
  facet normal -0.970036 0 -0.242962
    outer loop
      vertex 4.41353 -7.5 10.4404
      vertex 4.30623 -7 10.8688
      vertex 4.41353 -7 10.4404
    endloop
  endfacet
  facet normal -0.970036 -0 -0.242962
    outer loop
      vertex 4.30623 -7 10.8688
      vertex 4.41353 -7.5 10.4404
      vertex 4.30623 -7.5 10.8688
    endloop
  endfacet
  facet normal 0.514106 0 0.857727
    outer loop
      vertex -2.50007 -7 5.82089
      vertex -2.12128 -7.5 5.59385
      vertex -2.12128 -7 5.59385
    endloop
  endfacet
  facet normal 0.514106 0 0.857727
    outer loop
      vertex -2.12128 -7.5 5.59385
      vertex -2.50007 -7 5.82089
      vertex -2.50007 -7.5 5.82089
    endloop
  endfacet
  facet normal 0.970036 0 -0.242962
    outer loop
      vertex -4.30623 -7.5 10.8688
      vertex -4.41353 -7 10.4404
      vertex -4.30623 -7 10.8688
    endloop
  endfacet
  facet normal 0.970036 0 -0.242962
    outer loop
      vertex -4.41353 -7 10.4404
      vertex -4.30623 -7.5 10.8688
      vertex -4.41353 -7.5 10.4404
    endloop
  endfacet
  facet normal -0.242976 0 0.970032
    outer loop
      vertex 0.877906 -7 5.14897
      vertex 1.30628 -7.5 5.25627
      vertex 1.30628 -7 5.25627
    endloop
  endfacet
  facet normal -0.242976 0 0.970032
    outer loop
      vertex 1.30628 -7.5 5.25627
      vertex 0.877906 -7 5.14897
      vertex 0.877906 -7.5 5.14897
    endloop
  endfacet
  facet normal -0.941548 0 -0.336879
    outer loop
      vertex 4.30623 -7.5 10.8688
      vertex 4.15746 -7 11.2846
      vertex 4.30623 -7 10.8688
    endloop
  endfacet
  facet normal -0.941548 -0 -0.336879
    outer loop
      vertex 4.15746 -7 11.2846
      vertex 4.30623 -7.5 10.8688
      vertex 4.15746 -7.5 11.2846
    endloop
  endfacet
  facet normal -0.989174 0 -0.146746
    outer loop
      vertex 4.47833 -7.5 10.0036
      vertex 4.41353 -7 10.4404
      vertex 4.47833 -7 10.0036
    endloop
  endfacet
  facet normal -0.989174 -0 -0.146746
    outer loop
      vertex 4.41353 -7 10.4404
      vertex 4.47833 -7.5 10.0036
      vertex 4.41353 -7.5 10.4404
    endloop
  endfacet
  facet normal -0.146736 0 0.989176
    outer loop
      vertex 0.441076 -7 5.08417
      vertex 0.877906 -7.5 5.14897
      vertex 0.877906 -7 5.14897
    endloop
  endfacet
  facet normal -0.146736 0 0.989176
    outer loop
      vertex 0.877906 -7.5 5.14897
      vertex 0.441076 -7 5.08417
      vertex 0.441076 -7.5 5.08417
    endloop
  endfacet
  facet normal 0.427551 0 0.903991
    outer loop
      vertex -2.12128 -7 5.59385
      vertex -1.72207 -7.5 5.40504
      vertex -1.72207 -7 5.40504
    endloop
  endfacet
  facet normal 0.427551 0 0.903991
    outer loop
      vertex -1.72207 -7.5 5.40504
      vertex -2.12128 -7 5.59385
      vertex -2.12128 -7.5 5.59385
    endloop
  endfacet
  facet normal 0.146736 0 0.989176
    outer loop
      vertex -0.877906 -7 5.14897
      vertex -0.441076 -7.5 5.08417
      vertex -0.441076 -7 5.08417
    endloop
  endfacet
  facet normal 0.146736 0 0.989176
    outer loop
      vertex -0.441076 -7.5 5.08417
      vertex -0.877906 -7 5.14897
      vertex -0.877906 -7.5 5.14897
    endloop
  endfacet
  facet normal -0.427717 0 -0.903913
    outer loop
      vertex 1.72207 -7.5 13.72
      vertex 2.12128 -7 13.5311
      vertex 2.12128 -7.5 13.5311
    endloop
  endfacet
  facet normal -0.427717 0 -0.903913
    outer loop
      vertex 2.12128 -7 13.5311
      vertex 1.72207 -7.5 13.72
      vertex 1.72207 -7 13.72
    endloop
  endfacet
  facet normal 0.671564 0 0.740946
    outer loop
      vertex -3.18198 -7 6.38052
      vertex -2.85477 -7.5 6.08395
      vertex -2.85477 -7 6.08395
    endloop
  endfacet
  facet normal 0.671564 0 0.740946
    outer loop
      vertex -2.85477 -7.5 6.08395
      vertex -3.18198 -7 6.38052
      vertex -3.18198 -7.5 6.38052
    endloop
  endfacet
  facet normal -0.857733 0 -0.514096
    outer loop
      vertex 3.96865 -7.5 11.6838
      vertex 3.74161 -7 12.0626
      vertex 3.96865 -7 11.6838
    endloop
  endfacet
  facet normal -0.857733 -0 -0.514096
    outer loop
      vertex 3.74161 -7 12.0626
      vertex 3.96865 -7.5 11.6838
      vertex 3.74161 -7.5 12.0626
    endloop
  endfacet
  facet normal 0.595694 0 0.803211
    outer loop
      vertex -2.85477 -7 6.08395
      vertex -2.50007 -7.5 5.82089
      vertex -2.50007 -7 5.82089
    endloop
  endfacet
  facet normal 0.595694 0 0.803211
    outer loop
      vertex -2.50007 -7.5 5.82089
      vertex -2.85477 -7 6.08395
      vertex -2.85477 -7.5 6.08395
    endloop
  endfacet
  facet normal -0.903987 0 -0.42756
    outer loop
      vertex 4.15746 -7.5 11.2846
      vertex 3.96865 -7 11.6838
      vertex 4.15746 -7 11.2846
    endloop
  endfacet
  facet normal -0.903987 -0 -0.42756
    outer loop
      vertex 3.96865 -7 11.6838
      vertex 4.15746 -7.5 11.2846
      vertex 3.96865 -7.5 11.6838
    endloop
  endfacet
  facet normal -0.998795 0 -0.049068
    outer loop
      vertex 4.5 -7.5 9.5625
      vertex 4.47833 -7 10.0036
      vertex 4.5 -7 9.5625
    endloop
  endfacet
  facet normal -0.998795 -0 -0.049068
    outer loop
      vertex 4.47833 -7 10.0036
      vertex 4.5 -7.5 9.5625
      vertex 4.47833 -7.5 10.0036
    endloop
  endfacet
  facet normal 0.740946 -0 0.671564
    outer loop
      vertex -3.47855 -7.5 6.70773
      vertex -3.18198 -7 6.38052
      vertex -3.47855 -7 6.70773
    endloop
  endfacet
  facet normal 0.740946 0 0.671564
    outer loop
      vertex -3.18198 -7 6.38052
      vertex -3.47855 -7.5 6.70773
      vertex -3.18198 -7.5 6.38052
    endloop
  endfacet
  facet normal 0.941548 0 -0.336879
    outer loop
      vertex -4.15746 -7.5 11.2846
      vertex -4.30623 -7 10.8688
      vertex -4.15746 -7 11.2846
    endloop
  endfacet
  facet normal 0.941548 0 -0.336879
    outer loop
      vertex -4.30623 -7 10.8688
      vertex -4.15746 -7.5 11.2846
      vertex -4.30623 -7.5 10.8688
    endloop
  endfacet
  facet normal -0.514106 0 0.857727
    outer loop
      vertex 2.12128 -7 5.59385
      vertex 2.50007 -7.5 5.82089
      vertex 2.50007 -7 5.82089
    endloop
  endfacet
  facet normal -0.514106 0 0.857727
    outer loop
      vertex 2.50007 -7.5 5.82089
      vertex 2.12128 -7 5.59385
      vertex 2.12128 -7.5 5.59385
    endloop
  endfacet
  facet normal -0.595694 0 0.803211
    outer loop
      vertex 2.50007 -7 5.82089
      vertex 2.85477 -7.5 6.08395
      vertex 2.85477 -7 6.08395
    endloop
  endfacet
  facet normal -0.595694 0 0.803211
    outer loop
      vertex 2.85477 -7.5 6.08395
      vertex 2.50007 -7 5.82089
      vertex 2.50007 -7.5 5.82089
    endloop
  endfacet
  facet normal -0.146736 0 -0.989176
    outer loop
      vertex 0.441076 -7.5 14.0408
      vertex 0.877906 -7 13.976
      vertex 0.877906 -7.5 13.976
    endloop
  endfacet
  facet normal -0.146736 0 -0.989176
    outer loop
      vertex 0.877906 -7 13.976
      vertex 0.441076 -7.5 14.0408
      vertex 0.441076 -7 14.0408
    endloop
  endfacet
  facet normal -0.740936 0 -0.671575
    outer loop
      vertex 3.47855 -7.5 12.4173
      vertex 3.18198 -7 12.7445
      vertex 3.47855 -7 12.4173
    endloop
  endfacet
  facet normal -0.740936 -0 -0.671575
    outer loop
      vertex 3.18198 -7 12.7445
      vertex 3.47855 -7.5 12.4173
      vertex 3.18198 -7.5 12.7445
    endloop
  endfacet
  facet normal -0.803211 0 -0.595694
    outer loop
      vertex 3.74161 -7.5 12.0626
      vertex 3.47855 -7 12.4173
      vertex 3.74161 -7 12.0626
    endloop
  endfacet
  facet normal -0.803211 -0 -0.595694
    outer loop
      vertex 3.47855 -7 12.4173
      vertex 3.74161 -7.5 12.0626
      vertex 3.47855 -7.5 12.4173
    endloop
  endfacet
  facet normal -0.242976 0 -0.970032
    outer loop
      vertex 0.877906 -7.5 13.976
      vertex 1.30628 -7 13.8687
      vertex 1.30628 -7.5 13.8687
    endloop
  endfacet
  facet normal -0.242976 0 -0.970032
    outer loop
      vertex 1.30628 -7 13.8687
      vertex 0.877906 -7.5 13.976
      vertex 0.877906 -7 13.976
    endloop
  endfacet
  facet normal 0.242976 0 0.970032
    outer loop
      vertex -1.30628 -7 5.25627
      vertex -0.877906 -7.5 5.14897
      vertex -0.877906 -7 5.14897
    endloop
  endfacet
  facet normal 0.242976 0 0.970032
    outer loop
      vertex -0.877906 -7.5 5.14897
      vertex -1.30628 -7 5.25627
      vertex -1.30628 -7.5 5.25627
    endloop
  endfacet
  facet normal -0.803211 0 0.595694
    outer loop
      vertex 3.47855 -7.5 6.70773
      vertex 3.74161 -7 7.06243
      vertex 3.47855 -7 6.70773
    endloop
  endfacet
  facet normal -0.803211 0 0.595694
    outer loop
      vertex 3.74161 -7 7.06243
      vertex 3.47855 -7.5 6.70773
      vertex 3.74161 -7.5 7.06243
    endloop
  endfacet
  facet normal -0.0490707 0 0.998795
    outer loop
      vertex 0 -7 5.0625
      vertex 0.441076 -7.5 5.08417
      vertex 0.441076 -7 5.08417
    endloop
  endfacet
  facet normal -0.0490707 0 0.998795
    outer loop
      vertex 0.441076 -7.5 5.08417
      vertex 0 -7 5.0625
      vertex 0 -7.5 5.0625
    endloop
  endfacet
  facet normal 0.857727 -0 0.514106
    outer loop
      vertex -3.96865 -7.5 7.44122
      vertex -3.74161 -7 7.06243
      vertex -3.96865 -7 7.44122
    endloop
  endfacet
  facet normal 0.857727 0 0.514106
    outer loop
      vertex -3.74161 -7 7.06243
      vertex -3.96865 -7.5 7.44122
      vertex -3.74161 -7.5 7.06243
    endloop
  endfacet
  facet normal -0.427551 0 0.903991
    outer loop
      vertex 1.72207 -7 5.40504
      vertex 2.12128 -7.5 5.59385
      vertex 2.12128 -7 5.59385
    endloop
  endfacet
  facet normal -0.427551 0 0.903991
    outer loop
      vertex 2.12128 -7.5 5.59385
      vertex 1.72207 -7 5.40504
      vertex 1.72207 -7.5 5.40504
    endloop
  endfacet
  facet normal 0.857733 0 -0.514096
    outer loop
      vertex -3.74161 -7.5 12.0626
      vertex -3.96865 -7 11.6838
      vertex -3.74161 -7 12.0626
    endloop
  endfacet
  facet normal 0.857733 0 -0.514096
    outer loop
      vertex -3.96865 -7 11.6838
      vertex -3.74161 -7.5 12.0626
      vertex -3.96865 -7.5 11.6838
    endloop
  endfacet
  facet normal 0.427717 0 -0.903913
    outer loop
      vertex -2.12128 -7.5 13.5311
      vertex -1.72207 -7 13.72
      vertex -1.72207 -7.5 13.72
    endloop
  endfacet
  facet normal 0.427717 0 -0.903913
    outer loop
      vertex -1.72207 -7 13.72
      vertex -2.12128 -7.5 13.5311
      vertex -2.12128 -7 13.5311
    endloop
  endfacet
  facet normal 0.740936 0 -0.671575
    outer loop
      vertex -3.18198 -7.5 12.7445
      vertex -3.47855 -7 12.4173
      vertex -3.18198 -7 12.7445
    endloop
  endfacet
  facet normal 0.740936 0 -0.671575
    outer loop
      vertex -3.47855 -7 12.4173
      vertex -3.18198 -7.5 12.7445
      vertex -3.47855 -7.5 12.4173
    endloop
  endfacet
  facet normal 0.336886 0 0.941546
    outer loop
      vertex -1.72207 -7 5.40504
      vertex -1.30628 -7.5 5.25627
      vertex -1.30628 -7 5.25627
    endloop
  endfacet
  facet normal 0.336886 0 0.941546
    outer loop
      vertex -1.30628 -7.5 5.25627
      vertex -1.72207 -7 5.40504
      vertex -1.72207 -7.5 5.40504
    endloop
  endfacet
  facet normal 0.514039 0 -0.857767
    outer loop
      vertex -2.50007 -7.5 13.3041
      vertex -2.12128 -7 13.5311
      vertex -2.12128 -7.5 13.5311
    endloop
  endfacet
  facet normal 0.514039 0 -0.857767
    outer loop
      vertex -2.12128 -7 13.5311
      vertex -2.50007 -7.5 13.3041
      vertex -2.50007 -7 13.3041
    endloop
  endfacet
  facet normal -0.595753 0 -0.803168
    outer loop
      vertex 2.50007 -7.5 13.3041
      vertex 2.85477 -7 13.041
      vertex 2.85477 -7.5 13.041
    endloop
  endfacet
  facet normal -0.595753 0 -0.803168
    outer loop
      vertex 2.85477 -7 13.041
      vertex 2.50007 -7.5 13.3041
      vertex 2.50007 -7 13.3041
    endloop
  endfacet
  facet normal 0.0490707 0 0.998795
    outer loop
      vertex -0.441076 -7 5.08417
      vertex 0 -7.5 5.0625
      vertex 0 -7 5.0625
    endloop
  endfacet
  facet normal 0.0490707 0 0.998795
    outer loop
      vertex 0 -7.5 5.0625
      vertex -0.441076 -7 5.08417
      vertex -0.441076 -7.5 5.08417
    endloop
  endfacet
  facet normal 0.970032 -0 0.242978
    outer loop
      vertex -4.41353 -7.5 8.68459
      vertex -4.30623 -7 8.25622
      vertex -4.41353 -7 8.68459
    endloop
  endfacet
  facet normal 0.970032 0 0.242978
    outer loop
      vertex -4.30623 -7 8.25622
      vertex -4.41353 -7.5 8.68459
      vertex -4.30623 -7.5 8.25622
    endloop
  endfacet
  facet normal 0.941546 -0 0.336886
    outer loop
      vertex -4.30623 -7.5 8.25622
      vertex -4.15746 -7 7.84043
      vertex -4.30623 -7 8.25622
    endloop
  endfacet
  facet normal 0.941546 0 0.336886
    outer loop
      vertex -4.15746 -7 7.84043
      vertex -4.30623 -7.5 8.25622
      vertex -4.15746 -7.5 7.84043
    endloop
  endfacet
  facet normal -0.336886 0 0.941546
    outer loop
      vertex 1.30628 -7 5.25627
      vertex 1.72207 -7.5 5.40504
      vertex 1.72207 -7 5.40504
    endloop
  endfacet
  facet normal -0.336886 0 0.941546
    outer loop
      vertex 1.72207 -7.5 5.40504
      vertex 1.30628 -7 5.25627
      vertex 1.30628 -7.5 5.25627
    endloop
  endfacet
  facet normal 0.803211 0 -0.595694
    outer loop
      vertex -3.47855 -7.5 12.4173
      vertex -3.74161 -7 12.0626
      vertex -3.47855 -7 12.4173
    endloop
  endfacet
  facet normal 0.803211 0 -0.595694
    outer loop
      vertex -3.74161 -7 12.0626
      vertex -3.47855 -7.5 12.4173
      vertex -3.74161 -7.5 12.0626
    endloop
  endfacet
  facet normal 0.989174 0 -0.146746
    outer loop
      vertex -4.41353 -7.5 10.4404
      vertex -4.47833 -7 10.0036
      vertex -4.41353 -7 10.4404
    endloop
  endfacet
  facet normal 0.989174 0 -0.146746
    outer loop
      vertex -4.47833 -7 10.0036
      vertex -4.41353 -7.5 10.4404
      vertex -4.47833 -7.5 10.0036
    endloop
  endfacet
  facet normal 0.903991 -0 0.427551
    outer loop
      vertex -4.15746 -7.5 7.84043
      vertex -3.96865 -7 7.44122
      vertex -4.15746 -7 7.84043
    endloop
  endfacet
  facet normal 0.903991 0 0.427551
    outer loop
      vertex -3.96865 -7 7.44122
      vertex -4.15746 -7.5 7.84043
      vertex -3.96865 -7.5 7.44122
    endloop
  endfacet
  facet normal 0.671477 0 -0.741025
    outer loop
      vertex -3.18198 -7.5 12.7445
      vertex -2.85477 -7 13.041
      vertex -2.85477 -7.5 13.041
    endloop
  endfacet
  facet normal 0.671477 0 -0.741025
    outer loop
      vertex -2.85477 -7 13.041
      vertex -3.18198 -7.5 12.7445
      vertex -3.18198 -7 12.7445
    endloop
  endfacet
  facet normal 0.803211 -0 0.595694
    outer loop
      vertex -3.74161 -7.5 7.06243
      vertex -3.47855 -7 6.70773
      vertex -3.74161 -7 7.06243
    endloop
  endfacet
  facet normal 0.803211 0 0.595694
    outer loop
      vertex -3.47855 -7 6.70773
      vertex -3.74161 -7.5 7.06243
      vertex -3.47855 -7.5 6.70773
    endloop
  endfacet
  facet normal 0.0491384 0 -0.998792
    outer loop
      vertex -0.441076 -7.5 14.0408
      vertex 0 -7 14.0625
      vertex 0 -7.5 14.0625
    endloop
  endfacet
  facet normal 0.0491384 0 -0.998792
    outer loop
      vertex 0 -7 14.0625
      vertex -0.441076 -7.5 14.0408
      vertex -0.441076 -7 14.0408
    endloop
  endfacet
  facet normal 0.146736 0 -0.989176
    outer loop
      vertex -0.877906 -7.5 13.976
      vertex -0.441076 -7 14.0408
      vertex -0.441076 -7.5 14.0408
    endloop
  endfacet
  facet normal 0.146736 0 -0.989176
    outer loop
      vertex -0.441076 -7 14.0408
      vertex -0.877906 -7.5 13.976
      vertex -0.877906 -7 13.976
    endloop
  endfacet
  facet normal 0.989176 -0 0.146736
    outer loop
      vertex -4.47833 -7.5 9.12142
      vertex -4.41353 -7 8.68459
      vertex -4.47833 -7 9.12142
    endloop
  endfacet
  facet normal 0.989176 0 0.146736
    outer loop
      vertex -4.41353 -7 8.68459
      vertex -4.47833 -7.5 9.12142
      vertex -4.41353 -7.5 8.68459
    endloop
  endfacet
  facet normal 0.998795 -0 0.0490702
    outer loop
      vertex -4.5 -7.5 9.5625
      vertex -4.47833 -7 9.12142
      vertex -4.5 -7 9.5625
    endloop
  endfacet
  facet normal 0.998795 0 0.0490702
    outer loop
      vertex -4.47833 -7 9.12142
      vertex -4.5 -7.5 9.5625
      vertex -4.47833 -7.5 9.12142
    endloop
  endfacet
  facet normal 0.336745 0 -0.941596
    outer loop
      vertex -1.72207 -7.5 13.72
      vertex -1.30628 -7 13.8687
      vertex -1.30628 -7.5 13.8687
    endloop
  endfacet
  facet normal 0.336745 0 -0.941596
    outer loop
      vertex -1.30628 -7 13.8687
      vertex -1.72207 -7.5 13.72
      vertex -1.72207 -7 13.72
    endloop
  endfacet
  facet normal -0.671477 0 -0.741025
    outer loop
      vertex 2.85477 -7.5 13.041
      vertex 3.18198 -7 12.7445
      vertex 3.18198 -7.5 12.7445
    endloop
  endfacet
  facet normal -0.671477 0 -0.741025
    outer loop
      vertex 3.18198 -7 12.7445
      vertex 2.85477 -7.5 13.041
      vertex 2.85477 -7 13.041
    endloop
  endfacet
  facet normal 0 -1 0
    outer loop
      vertex 0 -7 12.6225
      vertex 0 -7 14.0625
      vertex -0.441076 -7 14.0408
    endloop
  endfacet
  facet normal 0 -1 0
    outer loop
      vertex -0.299932 -7 12.6078
      vertex -0.441076 -7 14.0408
      vertex -0.877906 -7 13.976
    endloop
  endfacet
  facet normal 0 -1 0
    outer loop
      vertex 0 -7 14.0625
      vertex 0 -7 12.6225
      vertex 0.441076 -7 14.0408
    endloop
  endfacet
  facet normal 0 -1 0
    outer loop
      vertex -0.596976 -7 12.5637
      vertex -0.877906 -7 13.976
      vertex -1.30628 -7 13.8687
    endloop
  endfacet
  facet normal 0 -1 0
    outer loop
      vertex 0.299932 -7 12.6078
      vertex 0.441076 -7 14.0408
      vertex 0 -7 12.6225
    endloop
  endfacet
  facet normal 0 -1 0
    outer loop
      vertex -0.88827 -7 12.4907
      vertex -1.30628 -7 13.8687
      vertex -1.72207 -7 13.72
    endloop
  endfacet
  facet normal 0 -1 -0
    outer loop
      vertex 0.441076 -7 14.0408
      vertex 0.299932 -7 12.6078
      vertex 0.877906 -7 13.976
    endloop
  endfacet
  facet normal 0 -1 0
    outer loop
      vertex -1.17101 -7 12.3896
      vertex -1.72207 -7 13.72
      vertex -2.12128 -7 13.5311
    endloop
  endfacet
  facet normal 0 -1 0
    outer loop
      vertex 0.596976 -7 12.5637
      vertex 0.877906 -7 13.976
      vertex 0.299932 -7 12.6078
    endloop
  endfacet
  facet normal 0 -1 0
    outer loop
      vertex -1.44247 -7 12.2612
      vertex -2.12128 -7 13.5311
      vertex -2.50007 -7 13.3041
    endloop
  endfacet
  facet normal 0 -1 -0
    outer loop
      vertex 0.877906 -7 13.976
      vertex 0.596976 -7 12.5637
      vertex 1.30628 -7 13.8687
    endloop
  endfacet
  facet normal 0 -1 0
    outer loop
      vertex -1.70004 -7 12.1068
      vertex -2.50007 -7 13.3041
      vertex -2.85477 -7 13.041
    endloop
  endfacet
  facet normal 0 -1 0
    outer loop
      vertex 0.88827 -7 12.4907
      vertex 1.30628 -7 13.8687
      vertex 0.596976 -7 12.5637
    endloop
  endfacet
  facet normal 0 -1 0
    outer loop
      vertex -1.94124 -7 11.9279
      vertex -2.85477 -7 13.041
      vertex -3.18198 -7 12.7445
    endloop
  endfacet
  facet normal 0 -1 -0
    outer loop
      vertex 1.30628 -7 13.8687
      vertex 0.88827 -7 12.4907
      vertex 1.72207 -7 13.72
    endloop
  endfacet
  facet normal 0 -1 0
    outer loop
      vertex 1.17101 -7 12.3896
      vertex 1.72207 -7 13.72
      vertex 0.88827 -7 12.4907
    endloop
  endfacet
  facet normal 0 -1 0
    outer loop
      vertex -0.441076 -7 14.0408
      vertex -0.299932 -7 12.6078
      vertex 0 -7 12.6225
    endloop
  endfacet
  facet normal 0 -1 0
    outer loop
      vertex -0.877906 -7 13.976
      vertex -0.596976 -7 12.5637
      vertex -0.299932 -7 12.6078
    endloop
  endfacet
  facet normal 0 -1 0
    outer loop
      vertex -1.30628 -7 13.8687
      vertex -0.88827 -7 12.4907
      vertex -0.596976 -7 12.5637
    endloop
  endfacet
  facet normal 0 -1 0
    outer loop
      vertex -2.16375 -7 11.7262
      vertex -3.18198 -7 12.7445
      vertex -3.47855 -7 12.4173
    endloop
  endfacet
  facet normal 0 -1 0
    outer loop
      vertex -1.72207 -7 13.72
      vertex -1.17101 -7 12.3896
      vertex -0.88827 -7 12.4907
    endloop
  endfacet
  facet normal 0 -1 0
    outer loop
      vertex -2.12128 -7 13.5311
      vertex -1.44247 -7 12.2612
      vertex -1.17101 -7 12.3896
    endloop
  endfacet
  facet normal 0 -1 0
    outer loop
      vertex -2.50007 -7 13.3041
      vertex -1.70004 -7 12.1068
      vertex -1.44247 -7 12.2612
    endloop
  endfacet
  facet normal 0 -1 0
    outer loop
      vertex -2.36541 -7 11.5037
      vertex -3.47855 -7 12.4173
      vertex -3.74161 -7 12.0626
    endloop
  endfacet
  facet normal 0 -1 0
    outer loop
      vertex -2.85477 -7 13.041
      vertex -1.94124 -7 11.9279
      vertex -1.70004 -7 12.1068
    endloop
  endfacet
  facet normal 0 -1 0
    outer loop
      vertex -3.18198 -7 12.7445
      vertex -2.16375 -7 11.7262
      vertex -1.94124 -7 11.9279
    endloop
  endfacet
  facet normal 0 -1 0
    outer loop
      vertex -2.5443 -7 11.2625
      vertex -3.74161 -7 12.0626
      vertex -3.96865 -7 11.6838
    endloop
  endfacet
  facet normal 0 -1 0
    outer loop
      vertex -3.47855 -7 12.4173
      vertex -2.36541 -7 11.5037
      vertex -2.16375 -7 11.7262
    endloop
  endfacet
  facet normal 0 -1 0
    outer loop
      vertex -2.69868 -7 11.005
      vertex -3.96865 -7 11.6838
      vertex -4.15746 -7 11.2846
    endloop
  endfacet
  facet normal 0 -1 0
    outer loop
      vertex -3.74161 -7 12.0626
      vertex -2.5443 -7 11.2625
      vertex -2.36541 -7 11.5037
    endloop
  endfacet
  facet normal 0 -1 0
    outer loop
      vertex -3.96865 -7 11.6838
      vertex -2.69868 -7 11.005
      vertex -2.5443 -7 11.2625
    endloop
  endfacet
  facet normal 0 -1 0
    outer loop
      vertex -2.82707 -7 10.7335
      vertex -4.15746 -7 11.2846
      vertex -4.30623 -7 10.8688
    endloop
  endfacet
  facet normal 0 -1 0
    outer loop
      vertex -4.15746 -7 11.2846
      vertex -2.82707 -7 10.7335
      vertex -2.69868 -7 11.005
    endloop
  endfacet
  facet normal 0 -1 0
    outer loop
      vertex -4.30623 -7 10.8688
      vertex -2.92824 -7 10.4508
      vertex -2.82707 -7 10.7335
    endloop
  endfacet
  facet normal 0 -1 0
    outer loop
      vertex -4.41353 -7 10.4404
      vertex -2.92824 -7 10.4508
      vertex -4.30623 -7 10.8688
    endloop
  endfacet
  facet normal 0 -1 0
    outer loop
      vertex -4.41353 -7 10.4404
      vertex -3.0012 -7 10.1595
      vertex -2.92824 -7 10.4508
    endloop
  endfacet
  facet normal 0 -1 0
    outer loop
      vertex -4.47833 -7 10.0036
      vertex -3.0012 -7 10.1595
      vertex -4.41353 -7 10.4404
    endloop
  endfacet
  facet normal 0 -1 0
    outer loop
      vertex -4.47833 -7 10.0036
      vertex -3.04527 -7 9.86243
      vertex -3.0012 -7 10.1595
    endloop
  endfacet
  facet normal 0 -1 0
    outer loop
      vertex -4.5 -7 9.5625
      vertex -3.04527 -7 9.86243
      vertex -4.47833 -7 10.0036
    endloop
  endfacet
  facet normal 0 -1 0
    outer loop
      vertex -4.5 -7 9.5625
      vertex -3.06 -7 9.5625
      vertex -3.04527 -7 9.86243
    endloop
  endfacet
  facet normal 0 -1 0
    outer loop
      vertex -4.5 -7 9.5625
      vertex -3.04527 -7 9.26257
      vertex -3.06 -7 9.5625
    endloop
  endfacet
  facet normal 0 -1 0
    outer loop
      vertex -4.47833 -7 9.12142
      vertex -3.04527 -7 9.26257
      vertex -4.5 -7 9.5625
    endloop
  endfacet
  facet normal 0 -1 0
    outer loop
      vertex -4.47833 -7 9.12142
      vertex -3.0012 -7 8.96552
      vertex -3.04527 -7 9.26257
    endloop
  endfacet
  facet normal 0 -1 0
    outer loop
      vertex -4.41353 -7 8.68459
      vertex -3.0012 -7 8.96552
      vertex -4.47833 -7 9.12142
    endloop
  endfacet
  facet normal 0 -1 0
    outer loop
      vertex -4.41353 -7 8.68459
      vertex -2.92824 -7 8.67423
      vertex -3.0012 -7 8.96552
    endloop
  endfacet
  facet normal 0 -1 0
    outer loop
      vertex -4.30623 -7 8.25622
      vertex -2.92824 -7 8.67423
      vertex -4.41353 -7 8.68459
    endloop
  endfacet
  facet normal 0 -1 -0
    outer loop
      vertex -2.92824 -7 8.67423
      vertex -4.30623 -7 8.25622
      vertex -2.82707 -7 8.39149
    endloop
  endfacet
  facet normal 0 -1 0
    outer loop
      vertex -4.15746 -7 7.84043
      vertex -2.82707 -7 8.39149
      vertex -4.30623 -7 8.25622
    endloop
  endfacet
  facet normal 0 -1 -0
    outer loop
      vertex -2.82707 -7 8.39149
      vertex -4.15746 -7 7.84043
      vertex -2.69868 -7 8.12003
    endloop
  endfacet
  facet normal 0 -1 0
    outer loop
      vertex -3.96865 -7 7.44122
      vertex -2.69868 -7 8.12003
      vertex -4.15746 -7 7.84043
    endloop
  endfacet
  facet normal 0 -1 -0
    outer loop
      vertex -2.69868 -7 8.12003
      vertex -3.96865 -7 7.44122
      vertex -2.5443 -7 7.86246
    endloop
  endfacet
  facet normal 0 -1 0
    outer loop
      vertex -3.74161 -7 7.06243
      vertex -2.5443 -7 7.86246
      vertex -3.96865 -7 7.44122
    endloop
  endfacet
  facet normal 0 -1 -0
    outer loop
      vertex -2.5443 -7 7.86246
      vertex -3.74161 -7 7.06243
      vertex -2.36541 -7 7.62126
    endloop
  endfacet
  facet normal 0 -1 0
    outer loop
      vertex -3.47855 -7 6.70773
      vertex -2.36541 -7 7.62126
      vertex -3.74161 -7 7.06243
    endloop
  endfacet
  facet normal 0 -1 -0
    outer loop
      vertex -2.36541 -7 7.62126
      vertex -3.47855 -7 6.70773
      vertex -2.16375 -7 7.39875
    endloop
  endfacet
  facet normal 0 -1 0
    outer loop
      vertex -3.18198 -7 6.38052
      vertex -2.16375 -7 7.39875
      vertex -3.47855 -7 6.70773
    endloop
  endfacet
  facet normal 0 -1 -0
    outer loop
      vertex -2.16375 -7 7.39875
      vertex -3.18198 -7 6.38052
      vertex -1.94124 -7 7.19709
    endloop
  endfacet
  facet normal 0 -1 0
    outer loop
      vertex -2.85477 -7 6.08395
      vertex -1.94124 -7 7.19709
      vertex -3.18198 -7 6.38052
    endloop
  endfacet
  facet normal 0 -1 -0
    outer loop
      vertex -1.94124 -7 7.19709
      vertex -2.85477 -7 6.08395
      vertex -1.70004 -7 7.0182
    endloop
  endfacet
  facet normal 0 -1 0
    outer loop
      vertex -2.50007 -7 5.82089
      vertex -1.70004 -7 7.0182
      vertex -2.85477 -7 6.08395
    endloop
  endfacet
  facet normal 0 -1 -0
    outer loop
      vertex -1.70004 -7 7.0182
      vertex -2.50007 -7 5.82089
      vertex -1.44247 -7 6.86382
    endloop
  endfacet
  facet normal 0 -1 0
    outer loop
      vertex -2.12128 -7 5.59385
      vertex -1.44247 -7 6.86382
      vertex -2.50007 -7 5.82089
    endloop
  endfacet
  facet normal 0 -1 0
    outer loop
      vertex -1.72207 -7 5.40504
      vertex -1.17101 -7 6.73543
      vertex -2.12128 -7 5.59385
    endloop
  endfacet
  facet normal 0 -1 -0
    outer loop
      vertex -1.44247 -7 6.86382
      vertex -2.12128 -7 5.59385
      vertex -1.17101 -7 6.73543
    endloop
  endfacet
  facet normal 0 -1 -0
    outer loop
      vertex 1.72207 -7 13.72
      vertex 1.17101 -7 12.3896
      vertex 2.12128 -7 13.5311
    endloop
  endfacet
  facet normal 0 -1 0
    outer loop
      vertex 1.44247 -7 12.2612
      vertex 2.12128 -7 13.5311
      vertex 1.17101 -7 12.3896
    endloop
  endfacet
  facet normal 0 -1 -0
    outer loop
      vertex 2.12128 -7 13.5311
      vertex 1.44247 -7 12.2612
      vertex 2.50007 -7 13.3041
    endloop
  endfacet
  facet normal 0 -1 0
    outer loop
      vertex 1.70004 -7 12.1068
      vertex 2.50007 -7 13.3041
      vertex 1.44247 -7 12.2612
    endloop
  endfacet
  facet normal 0 -1 -0
    outer loop
      vertex 2.50007 -7 13.3041
      vertex 1.70004 -7 12.1068
      vertex 2.85477 -7 13.041
    endloop
  endfacet
  facet normal 0 -1 0
    outer loop
      vertex 1.94124 -7 11.9279
      vertex 2.85477 -7 13.041
      vertex 1.70004 -7 12.1068
    endloop
  endfacet
  facet normal 0 -1 -0
    outer loop
      vertex 2.85477 -7 13.041
      vertex 1.94124 -7 11.9279
      vertex 3.18198 -7 12.7445
    endloop
  endfacet
  facet normal 0 -1 0
    outer loop
      vertex 2.16375 -7 11.7262
      vertex 3.18198 -7 12.7445
      vertex 1.94124 -7 11.9279
    endloop
  endfacet
  facet normal 0 -1 -0
    outer loop
      vertex 3.18198 -7 12.7445
      vertex 2.16375 -7 11.7262
      vertex 3.47855 -7 12.4173
    endloop
  endfacet
  facet normal 0 -1 0
    outer loop
      vertex 2.36541 -7 11.5037
      vertex 3.47855 -7 12.4173
      vertex 2.16375 -7 11.7262
    endloop
  endfacet
  facet normal 0 -1 -0
    outer loop
      vertex 3.47855 -7 12.4173
      vertex 2.36541 -7 11.5037
      vertex 3.74161 -7 12.0626
    endloop
  endfacet
  facet normal 0 -1 0
    outer loop
      vertex 2.5443 -7 11.2625
      vertex 3.74161 -7 12.0626
      vertex 2.36541 -7 11.5037
    endloop
  endfacet
  facet normal 0 -1 -0
    outer loop
      vertex 3.74161 -7 12.0626
      vertex 2.5443 -7 11.2625
      vertex 3.96865 -7 11.6838
    endloop
  endfacet
  facet normal 0 -1 0
    outer loop
      vertex 2.69868 -7 11.005
      vertex 3.96865 -7 11.6838
      vertex 2.5443 -7 11.2625
    endloop
  endfacet
  facet normal 0 -1 -0
    outer loop
      vertex 3.96865 -7 11.6838
      vertex 2.69868 -7 11.005
      vertex 4.15746 -7 11.2846
    endloop
  endfacet
  facet normal 0 -1 0
    outer loop
      vertex 2.82707 -7 10.7335
      vertex 4.15746 -7 11.2846
      vertex 2.69868 -7 11.005
    endloop
  endfacet
  facet normal 0 -1 -0
    outer loop
      vertex 4.15746 -7 11.2846
      vertex 2.82707 -7 10.7335
      vertex 4.30623 -7 10.8688
    endloop
  endfacet
  facet normal 0 -1 0
    outer loop
      vertex 2.92824 -7 10.4508
      vertex 4.30623 -7 10.8688
      vertex 2.82707 -7 10.7335
    endloop
  endfacet
  facet normal 0 -1 0
    outer loop
      vertex 2.92824 -7 10.4508
      vertex 4.41353 -7 10.4404
      vertex 4.30623 -7 10.8688
    endloop
  endfacet
  facet normal 0 -1 0
    outer loop
      vertex 3.0012 -7 10.1595
      vertex 4.41353 -7 10.4404
      vertex 2.92824 -7 10.4508
    endloop
  endfacet
  facet normal 0 -1 0
    outer loop
      vertex 3.0012 -7 10.1595
      vertex 4.47833 -7 10.0036
      vertex 4.41353 -7 10.4404
    endloop
  endfacet
  facet normal 0 -1 0
    outer loop
      vertex 3.04527 -7 9.86243
      vertex 4.47833 -7 10.0036
      vertex 3.0012 -7 10.1595
    endloop
  endfacet
  facet normal 0 -1 0
    outer loop
      vertex 3.06 -7 9.5625
      vertex 4.47833 -7 10.0036
      vertex 3.04527 -7 9.86243
    endloop
  endfacet
  facet normal 0 -1 0
    outer loop
      vertex 3.06 -7 9.5625
      vertex 4.5 -7 9.5625
      vertex 4.47833 -7 10.0036
    endloop
  endfacet
  facet normal 0 -1 0
    outer loop
      vertex 3.04527 -7 9.26257
      vertex 4.5 -7 9.5625
      vertex 3.06 -7 9.5625
    endloop
  endfacet
  facet normal 0 -1 0
    outer loop
      vertex 3.04527 -7 9.26257
      vertex 4.47833 -7 9.12142
      vertex 4.5 -7 9.5625
    endloop
  endfacet
  facet normal 0 -1 0
    outer loop
      vertex 3.0012 -7 8.96552
      vertex 4.47833 -7 9.12142
      vertex 3.04527 -7 9.26257
    endloop
  endfacet
  facet normal 0 -1 0
    outer loop
      vertex 3.0012 -7 8.96552
      vertex 4.41353 -7 8.68459
      vertex 4.47833 -7 9.12142
    endloop
  endfacet
  facet normal 0 -1 0
    outer loop
      vertex 2.92824 -7 8.67423
      vertex 4.41353 -7 8.68459
      vertex 3.0012 -7 8.96552
    endloop
  endfacet
  facet normal 0 -1 0
    outer loop
      vertex 4.30623 -7 8.25622
      vertex 2.92824 -7 8.67423
      vertex 2.82707 -7 8.39149
    endloop
  endfacet
  facet normal 0 -1 0
    outer loop
      vertex 2.92824 -7 8.67423
      vertex 4.30623 -7 8.25622
      vertex 4.41353 -7 8.68459
    endloop
  endfacet
  facet normal 0 -1 0
    outer loop
      vertex 4.15746 -7 7.84043
      vertex 2.82707 -7 8.39149
      vertex 2.69868 -7 8.12003
    endloop
  endfacet
  facet normal 0 -1 0
    outer loop
      vertex 3.96865 -7 7.44122
      vertex 2.69868 -7 8.12003
      vertex 2.5443 -7 7.86246
    endloop
  endfacet
  facet normal 0 -1 0
    outer loop
      vertex 2.82707 -7 8.39149
      vertex 4.15746 -7 7.84043
      vertex 4.30623 -7 8.25622
    endloop
  endfacet
  facet normal 0 -1 0
    outer loop
      vertex 3.74161 -7 7.06243
      vertex 2.5443 -7 7.86246
      vertex 2.36541 -7 7.62126
    endloop
  endfacet
  facet normal 0 -1 0
    outer loop
      vertex 2.69868 -7 8.12003
      vertex 3.96865 -7 7.44122
      vertex 4.15746 -7 7.84043
    endloop
  endfacet
  facet normal 0 -1 0
    outer loop
      vertex 3.47855 -7 6.70773
      vertex 2.36541 -7 7.62126
      vertex 2.16375 -7 7.39875
    endloop
  endfacet
  facet normal 0 -1 0
    outer loop
      vertex 3.18198 -7 6.38052
      vertex 2.16375 -7 7.39875
      vertex 1.94124 -7 7.19709
    endloop
  endfacet
  facet normal 0 -1 0
    outer loop
      vertex 2.5443 -7 7.86246
      vertex 3.74161 -7 7.06243
      vertex 3.96865 -7 7.44122
    endloop
  endfacet
  facet normal 0 -1 0
    outer loop
      vertex 2.85477 -7 6.08395
      vertex 1.94124 -7 7.19709
      vertex 1.70004 -7 7.0182
    endloop
  endfacet
  facet normal 0 -1 0
    outer loop
      vertex 2.50007 -7 5.82089
      vertex 1.70004 -7 7.0182
      vertex 1.44247 -7 6.86382
    endloop
  endfacet
  facet normal 0 -1 0
    outer loop
      vertex 2.12128 -7 5.59385
      vertex 1.44247 -7 6.86382
      vertex 1.17101 -7 6.73543
    endloop
  endfacet
  facet normal 0 -1 0
    outer loop
      vertex 2.36541 -7 7.62126
      vertex 3.47855 -7 6.70773
      vertex 3.74161 -7 7.06243
    endloop
  endfacet
  facet normal 0 -1 0
    outer loop
      vertex 1.72207 -7 5.40504
      vertex 1.17101 -7 6.73543
      vertex 0.88827 -7 6.63426
    endloop
  endfacet
  facet normal 0 -1 0
    outer loop
      vertex 1.30628 -7 5.25627
      vertex 0.88827 -7 6.63426
      vertex 0.596976 -7 6.5613
    endloop
  endfacet
  facet normal 0 -1 0
    outer loop
      vertex 0.877906 -7 5.14897
      vertex 0.596976 -7 6.5613
      vertex 0.299932 -7 6.51723
    endloop
  endfacet
  facet normal 0 -1 0
    outer loop
      vertex 2.16375 -7 7.39875
      vertex 3.18198 -7 6.38052
      vertex 3.47855 -7 6.70773
    endloop
  endfacet
  facet normal 0 -1 0
    outer loop
      vertex 0.441076 -7 5.08417
      vertex 0.299932 -7 6.51723
      vertex 0 -7 6.5025
    endloop
  endfacet
  facet normal 0 -1 -0
    outer loop
      vertex -1.17101 -7 6.73543
      vertex -1.72207 -7 5.40504
      vertex -0.88827 -7 6.63426
    endloop
  endfacet
  facet normal 0 -1 0
    outer loop
      vertex -1.30628 -7 5.25627
      vertex -0.88827 -7 6.63426
      vertex -1.72207 -7 5.40504
    endloop
  endfacet
  facet normal 0 -1 0
    outer loop
      vertex 1.94124 -7 7.19709
      vertex 2.85477 -7 6.08395
      vertex 3.18198 -7 6.38052
    endloop
  endfacet
  facet normal 0 -1 -0
    outer loop
      vertex -0.88827 -7 6.63426
      vertex -1.30628 -7 5.25627
      vertex -0.596976 -7 6.5613
    endloop
  endfacet
  facet normal 0 -1 0
    outer loop
      vertex 1.70004 -7 7.0182
      vertex 2.50007 -7 5.82089
      vertex 2.85477 -7 6.08395
    endloop
  endfacet
  facet normal 0 -1 0
    outer loop
      vertex -0.877906 -7 5.14897
      vertex -0.596976 -7 6.5613
      vertex -1.30628 -7 5.25627
    endloop
  endfacet
  facet normal 0 -1 0
    outer loop
      vertex 1.44247 -7 6.86382
      vertex 2.12128 -7 5.59385
      vertex 2.50007 -7 5.82089
    endloop
  endfacet
  facet normal 0 -1 -0
    outer loop
      vertex -0.596976 -7 6.5613
      vertex -0.877906 -7 5.14897
      vertex -0.299932 -7 6.51723
    endloop
  endfacet
  facet normal 0 -1 0
    outer loop
      vertex 1.17101 -7 6.73543
      vertex 1.72207 -7 5.40504
      vertex 2.12128 -7 5.59385
    endloop
  endfacet
  facet normal 0 -1 0
    outer loop
      vertex -0.441076 -7 5.08417
      vertex -0.299932 -7 6.51723
      vertex -0.877906 -7 5.14897
    endloop
  endfacet
  facet normal 0 -1 0
    outer loop
      vertex 0.88827 -7 6.63426
      vertex 1.30628 -7 5.25627
      vertex 1.72207 -7 5.40504
    endloop
  endfacet
  facet normal 0 -1 -0
    outer loop
      vertex -0.299932 -7 6.51723
      vertex -0.441076 -7 5.08417
      vertex 0 -7 6.5025
    endloop
  endfacet
  facet normal 0 -1 0
    outer loop
      vertex 0.596976 -7 6.5613
      vertex 0.877906 -7 5.14897
      vertex 1.30628 -7 5.25627
    endloop
  endfacet
  facet normal 0 -1 0
    outer loop
      vertex 0 -7 5.0625
      vertex 0 -7 6.5025
      vertex -0.441076 -7 5.08417
    endloop
  endfacet
  facet normal 0 -1 0
    outer loop
      vertex 0.299932 -7 6.51723
      vertex 0.441076 -7 5.08417
      vertex 0.877906 -7 5.14897
    endloop
  endfacet
  facet normal 0 -1 0
    outer loop
      vertex 0 -7 6.5025
      vertex 0 -7 5.0625
      vertex 0.441076 -7 5.08417
    endloop
  endfacet
  facet normal 0.146756 0 0.989173
    outer loop
      vertex -0.596976 -6.6 6.5613
      vertex -0.299932 -7 6.51723
      vertex -0.299932 -6.6 6.51723
    endloop
  endfacet
  facet normal 0.146756 0 0.989173
    outer loop
      vertex -0.299932 -7 6.51723
      vertex -0.596976 -6.6 6.5613
      vertex -0.596976 -7 6.5613
    endloop
  endfacet
  facet normal -0.989173 0 0.146753
    outer loop
      vertex 3.0012 -7 8.96552
      vertex 3.04527 -6.6 9.26257
      vertex 3.0012 -6.6 8.96552
    endloop
  endfacet
  facet normal -0.989173 0 0.146753
    outer loop
      vertex 3.04527 -6.6 9.26257
      vertex 3.0012 -7 8.96552
      vertex 3.04527 -7 9.26257
    endloop
  endfacet
  facet normal -0.998796 0 0.0490523
    outer loop
      vertex 3.04527 -7 9.26257
      vertex 3.06 -6.6 9.5625
      vertex 3.04527 -6.6 9.26257
    endloop
  endfacet
  facet normal -0.998796 0 0.0490523
    outer loop
      vertex 3.06 -6.6 9.5625
      vertex 3.04527 -7 9.26257
      vertex 3.06 -7 9.5625
    endloop
  endfacet
  facet normal -0.970035 0 0.242967
    outer loop
      vertex 2.92824 -7 8.67423
      vertex 3.0012 -6.6 8.96552
      vertex 2.92824 -6.6 8.67423
    endloop
  endfacet
  facet normal -0.970035 0 0.242967
    outer loop
      vertex 3.0012 -6.6 8.96552
      vertex 2.92824 -7 8.67423
      vertex 3.0012 -7 8.96552
    endloop
  endfacet
  facet normal -0.998796 0 -0.0490523
    outer loop
      vertex 3.06 -7 9.5625
      vertex 3.04527 -6.6 9.86243
      vertex 3.06 -6.6 9.5625
    endloop
  endfacet
  facet normal -0.998796 -0 -0.0490523
    outer loop
      vertex 3.04527 -6.6 9.86243
      vertex 3.06 -7 9.5625
      vertex 3.04527 -7 9.86243
    endloop
  endfacet
  facet normal -0.427552 0 0.903991
    outer loop
      vertex 1.17101 -6.6 6.73543
      vertex 1.44247 -7 6.86382
      vertex 1.44247 -6.6 6.86382
    endloop
  endfacet
  facet normal -0.427552 0 0.903991
    outer loop
      vertex 1.44247 -7 6.86382
      vertex 1.17101 -6.6 6.73543
      vertex 1.17101 -7 6.73543
    endloop
  endfacet
  facet normal -0.941525 0 -0.336944
    outer loop
      vertex 2.92824 -7 10.4508
      vertex 2.82707 -6.6 10.7335
      vertex 2.92824 -6.6 10.4508
    endloop
  endfacet
  facet normal -0.941525 -0 -0.336944
    outer loop
      vertex 2.82707 -6.6 10.7335
      vertex 2.92824 -7 10.4508
      vertex 2.82707 -7 10.7335
    endloop
  endfacet
  facet normal -0.336902 0 0.94154
    outer loop
      vertex 0.88827 -6.6 6.63426
      vertex 1.17101 -7 6.73543
      vertex 1.17101 -6.6 6.73543
    endloop
  endfacet
  facet normal -0.336902 0 0.94154
    outer loop
      vertex 1.17101 -7 6.73543
      vertex 0.88827 -6.6 6.63426
      vertex 0.88827 -7 6.63426
    endloop
  endfacet
  facet normal 0.903991 -0 0.427552
    outer loop
      vertex -2.82707 -7 8.39149
      vertex -2.69868 -6.6 8.12003
      vertex -2.82707 -6.6 8.39149
    endloop
  endfacet
  facet normal 0.903991 0 0.427552
    outer loop
      vertex -2.69868 -6.6 8.12003
      vertex -2.82707 -7 8.39149
      vertex -2.69868 -7 8.12003
    endloop
  endfacet
  facet normal -0.803201 0 0.595708
    outer loop
      vertex 2.36541 -7 7.62126
      vertex 2.5443 -6.6 7.86246
      vertex 2.36541 -6.6 7.62126
    endloop
  endfacet
  facet normal -0.803201 0 0.595708
    outer loop
      vertex 2.5443 -6.6 7.86246
      vertex 2.36541 -7 7.62126
      vertex 2.5443 -7 7.86246
    endloop
  endfacet
  facet normal -0.514099 0 0.857731
    outer loop
      vertex 1.44247 -6.6 6.86382
      vertex 1.70004 -7 7.0182
      vertex 1.70004 -6.6 7.0182
    endloop
  endfacet
  facet normal -0.514099 0 0.857731
    outer loop
      vertex 1.70004 -7 7.0182
      vertex 1.44247 -6.6 6.86382
      vertex 1.44247 -7 6.86382
    endloop
  endfacet
  facet normal 0.989175 0 -0.146743
    outer loop
      vertex -3.0012 -7 10.1595
      vertex -3.04527 -6.6 9.86243
      vertex -3.0012 -6.6 10.1595
    endloop
  endfacet
  facet normal 0.989175 0 -0.146743
    outer loop
      vertex -3.04527 -6.6 9.86243
      vertex -3.0012 -7 10.1595
      vertex -3.04527 -7 9.86243
    endloop
  endfacet
  facet normal 0.146853 0 -0.989158
    outer loop
      vertex -0.596976 -7 12.5637
      vertex -0.299932 -6.6 12.6078
      vertex -0.299932 -7 12.6078
    endloop
  endfacet
  facet normal 0.146853 0 -0.989158
    outer loop
      vertex -0.299932 -6.6 12.6078
      vertex -0.596976 -7 12.5637
      vertex -0.596976 -6.6 12.5637
    endloop
  endfacet
  facet normal -0.740955 0 -0.671555
    outer loop
      vertex 2.36541 -7 11.5037
      vertex 2.16375 -6.6 11.7262
      vertex 2.36541 -6.6 11.5037
    endloop
  endfacet
  facet normal -0.740955 -0 -0.671555
    outer loop
      vertex 2.16375 -6.6 11.7262
      vertex 2.36541 -7 11.5037
      vertex 2.16375 -7 11.7262
    endloop
  endfacet
  facet normal 0.242963 0 0.970035
    outer loop
      vertex -0.88827 -6.6 6.63426
      vertex -0.596976 -7 6.5613
      vertex -0.596976 -6.6 6.5613
    endloop
  endfacet
  facet normal 0.242963 0 0.970035
    outer loop
      vertex -0.596976 -7 6.5613
      vertex -0.88827 -6.6 6.63426
      vertex -0.88827 -7 6.63426
    endloop
  endfacet
  facet normal 0.336902 0 0.94154
    outer loop
      vertex -1.17101 -6.6 6.73543
      vertex -0.88827 -7 6.63426
      vertex -0.88827 -6.6 6.63426
    endloop
  endfacet
  facet normal 0.336902 0 0.94154
    outer loop
      vertex -0.88827 -7 6.63426
      vertex -1.17101 -6.6 6.73543
      vertex -1.17101 -7 6.73543
    endloop
  endfacet
  facet normal -0.904015 0 -0.427501
    outer loop
      vertex 2.82707 -7 10.7335
      vertex 2.69868 -6.6 11.005
      vertex 2.82707 -6.6 10.7335
    endloop
  endfacet
  facet normal -0.904015 -0 -0.427501
    outer loop
      vertex 2.69868 -6.6 11.005
      vertex 2.82707 -7 10.7335
      vertex 2.69868 -7 11.005
    endloop
  endfacet
  facet normal 0.803201 0 -0.595708
    outer loop
      vertex -2.36541 -7 11.5037
      vertex -2.5443 -6.6 11.2625
      vertex -2.36541 -6.6 11.5037
    endloop
  endfacet
  facet normal 0.803201 0 -0.595708
    outer loop
      vertex -2.5443 -6.6 11.2625
      vertex -2.36541 -7 11.5037
      vertex -2.5443 -7 11.2625
    endloop
  endfacet
  facet normal -0.989175 0 -0.146743
    outer loop
      vertex 3.04527 -7 9.86243
      vertex 3.0012 -6.6 10.1595
      vertex 3.04527 -6.6 9.86243
    endloop
  endfacet
  facet normal -0.989175 -0 -0.146743
    outer loop
      vertex 3.0012 -6.6 10.1595
      vertex 3.04527 -7 9.86243
      vertex 3.0012 -7 10.1595
    endloop
  endfacet
  facet normal -0.0489524 0 -0.998801
    outer loop
      vertex 0 -7 12.6225
      vertex 0.299932 -6.6 12.6078
      vertex 0.299932 -7 12.6078
    endloop
  endfacet
  facet normal -0.0489524 0 -0.998801
    outer loop
      vertex 0.299932 -6.6 12.6078
      vertex 0 -7 12.6225
      vertex 0 -6.6 12.6225
    endloop
  endfacet
  facet normal -0.049052 0 0.998796
    outer loop
      vertex 0 -6.6 6.5025
      vertex 0.299932 -7 6.51723
      vertex 0.299932 -6.6 6.51723
    endloop
  endfacet
  facet normal -0.049052 0 0.998796
    outer loop
      vertex 0.299932 -7 6.51723
      vertex 0 -6.6 6.5025
      vertex 0 -7 6.5025
    endloop
  endfacet
  facet normal -0.146853 0 -0.989158
    outer loop
      vertex 0.299932 -7 12.6078
      vertex 0.596976 -6.6 12.5637
      vertex 0.596976 -7 12.5637
    endloop
  endfacet
  facet normal -0.146853 0 -0.989158
    outer loop
      vertex 0.596976 -6.6 12.5637
      vertex 0.299932 -7 12.6078
      vertex 0.299932 -6.6 12.6078
    endloop
  endfacet
  facet normal 0 -1 0
    outer loop
      vertex -0.299932 -6.6 12.6078
      vertex 0.299932 -6.6 12.6078
      vertex 0 -6.6 12.6225
    endloop
  endfacet
  facet normal 0 -1 0
    outer loop
      vertex -0.596976 -6.6 12.5637
      vertex 0.299932 -6.6 12.6078
      vertex -0.299932 -6.6 12.6078
    endloop
  endfacet
  facet normal 0 -1 0
    outer loop
      vertex -0.596976 -6.6 12.5637
      vertex 0.596976 -6.6 12.5637
      vertex 0.299932 -6.6 12.6078
    endloop
  endfacet
  facet normal 0 -1 0
    outer loop
      vertex -0.88827 -6.6 12.4907
      vertex 0.596976 -6.6 12.5637
      vertex -0.596976 -6.6 12.5637
    endloop
  endfacet
  facet normal 0 -1 0
    outer loop
      vertex -0.88827 -6.6 12.4907
      vertex 0.88827 -6.6 12.4907
      vertex 0.596976 -6.6 12.5637
    endloop
  endfacet
  facet normal 0 -1 0
    outer loop
      vertex -1.17101 -6.6 12.3896
      vertex 0.88827 -6.6 12.4907
      vertex -0.88827 -6.6 12.4907
    endloop
  endfacet
  facet normal 0 -1 0
    outer loop
      vertex -1.17101 -6.6 12.3896
      vertex 1.17101 -6.6 12.3896
      vertex 0.88827 -6.6 12.4907
    endloop
  endfacet
  facet normal 0 -1 0
    outer loop
      vertex -1.44247 -6.6 12.2612
      vertex 1.17101 -6.6 12.3896
      vertex -1.17101 -6.6 12.3896
    endloop
  endfacet
  facet normal 0 -1 0
    outer loop
      vertex -1.44247 -6.6 12.2612
      vertex 1.44247 -6.6 12.2612
      vertex 1.17101 -6.6 12.3896
    endloop
  endfacet
  facet normal 0 -1 0
    outer loop
      vertex -1.70004 -6.6 12.1068
      vertex 1.44247 -6.6 12.2612
      vertex -1.44247 -6.6 12.2612
    endloop
  endfacet
  facet normal 0 -1 0
    outer loop
      vertex -1.70004 -6.6 12.1068
      vertex 1.70004 -6.6 12.1068
      vertex 1.44247 -6.6 12.2612
    endloop
  endfacet
  facet normal 0 -1 0
    outer loop
      vertex -1.94124 -6.6 11.9279
      vertex 1.70004 -6.6 12.1068
      vertex -1.70004 -6.6 12.1068
    endloop
  endfacet
  facet normal 0 -1 0
    outer loop
      vertex -1.94124 -6.6 11.9279
      vertex 1.94124 -6.6 11.9279
      vertex 1.70004 -6.6 12.1068
    endloop
  endfacet
  facet normal 0 -1 0
    outer loop
      vertex -2.16375 -6.6 11.7262
      vertex 1.94124 -6.6 11.9279
      vertex -1.94124 -6.6 11.9279
    endloop
  endfacet
  facet normal 0 -1 0
    outer loop
      vertex -2.16375 -6.6 11.7262
      vertex 2.16375 -6.6 11.7262
      vertex 1.94124 -6.6 11.9279
    endloop
  endfacet
  facet normal 0 -1 0
    outer loop
      vertex -2.36541 -6.6 11.5037
      vertex 2.16375 -6.6 11.7262
      vertex -2.16375 -6.6 11.7262
    endloop
  endfacet
  facet normal 0 -1 0
    outer loop
      vertex -2.36541 -6.6 11.5037
      vertex 2.36541 -6.6 11.5037
      vertex 2.16375 -6.6 11.7262
    endloop
  endfacet
  facet normal 0 -1 0
    outer loop
      vertex -2.5443 -6.6 11.2625
      vertex 2.36541 -6.6 11.5037
      vertex -2.36541 -6.6 11.5037
    endloop
  endfacet
  facet normal 0 -1 0
    outer loop
      vertex -2.5443 -6.6 11.2625
      vertex 2.5443 -6.6 11.2625
      vertex 2.36541 -6.6 11.5037
    endloop
  endfacet
  facet normal 0 -1 0
    outer loop
      vertex -2.69868 -6.6 11.005
      vertex 2.5443 -6.6 11.2625
      vertex -2.5443 -6.6 11.2625
    endloop
  endfacet
  facet normal 0 -1 0
    outer loop
      vertex -2.69868 -6.6 11.005
      vertex 2.69868 -6.6 11.005
      vertex 2.5443 -6.6 11.2625
    endloop
  endfacet
  facet normal 0 -1 0
    outer loop
      vertex -2.82707 -6.6 10.7335
      vertex 2.69868 -6.6 11.005
      vertex -2.69868 -6.6 11.005
    endloop
  endfacet
  facet normal 0 -1 0
    outer loop
      vertex -2.82707 -6.6 10.7335
      vertex 2.82707 -6.6 10.7335
      vertex 2.69868 -6.6 11.005
    endloop
  endfacet
  facet normal 0 -1 0
    outer loop
      vertex -2.92824 -6.6 10.4508
      vertex 2.82707 -6.6 10.7335
      vertex -2.82707 -6.6 10.7335
    endloop
  endfacet
  facet normal 0 -1 0
    outer loop
      vertex -2.92824 -6.6 10.4508
      vertex 2.92824 -6.6 10.4508
      vertex 2.82707 -6.6 10.7335
    endloop
  endfacet
  facet normal 0 -1 0
    outer loop
      vertex -3.0012 -6.6 10.1595
      vertex 2.92824 -6.6 10.4508
      vertex -2.92824 -6.6 10.4508
    endloop
  endfacet
  facet normal 0 -1 0
    outer loop
      vertex -3.0012 -6.6 10.1595
      vertex 3.0012 -6.6 10.1595
      vertex 2.92824 -6.6 10.4508
    endloop
  endfacet
  facet normal 0 -1 0
    outer loop
      vertex -3.04527 -6.6 9.86243
      vertex 3.0012 -6.6 10.1595
      vertex -3.0012 -6.6 10.1595
    endloop
  endfacet
  facet normal 0 -1 0
    outer loop
      vertex -3.04527 -6.6 9.86243
      vertex 3.04527 -6.6 9.86243
      vertex 3.0012 -6.6 10.1595
    endloop
  endfacet
  facet normal 0 -1 0
    outer loop
      vertex -3.06 -6.6 9.5625
      vertex 3.04527 -6.6 9.86243
      vertex -3.04527 -6.6 9.86243
    endloop
  endfacet
  facet normal 0 -1 0
    outer loop
      vertex -3.06 -6.6 9.5625
      vertex 3.06 -6.6 9.5625
      vertex 3.04527 -6.6 9.86243
    endloop
  endfacet
  facet normal 0 -1 0
    outer loop
      vertex -3.04527 -6.6 9.26257
      vertex 3.06 -6.6 9.5625
      vertex -3.06 -6.6 9.5625
    endloop
  endfacet
  facet normal 0 -1 0
    outer loop
      vertex -3.04527 -6.6 9.26257
      vertex 3.04527 -6.6 9.26257
      vertex 3.06 -6.6 9.5625
    endloop
  endfacet
  facet normal 0 -1 0
    outer loop
      vertex -3.0012 -6.6 8.96552
      vertex 3.04527 -6.6 9.26257
      vertex -3.04527 -6.6 9.26257
    endloop
  endfacet
  facet normal 0 -1 0
    outer loop
      vertex -3.0012 -6.6 8.96552
      vertex 3.0012 -6.6 8.96552
      vertex 3.04527 -6.6 9.26257
    endloop
  endfacet
  facet normal 0 -1 0
    outer loop
      vertex -2.92824 -6.6 8.67423
      vertex 3.0012 -6.6 8.96552
      vertex -3.0012 -6.6 8.96552
    endloop
  endfacet
  facet normal 0 -1 0
    outer loop
      vertex -2.92824 -6.6 8.67423
      vertex 2.92824 -6.6 8.67423
      vertex 3.0012 -6.6 8.96552
    endloop
  endfacet
  facet normal 0 -1 0
    outer loop
      vertex -2.82707 -6.6 8.39149
      vertex 2.92824 -6.6 8.67423
      vertex -2.92824 -6.6 8.67423
    endloop
  endfacet
  facet normal 0 -1 0
    outer loop
      vertex -2.82707 -6.6 8.39149
      vertex 2.82707 -6.6 8.39149
      vertex 2.92824 -6.6 8.67423
    endloop
  endfacet
  facet normal 0 -1 0
    outer loop
      vertex -2.69868 -6.6 8.12003
      vertex 2.82707 -6.6 8.39149
      vertex -2.82707 -6.6 8.39149
    endloop
  endfacet
  facet normal 0 -1 0
    outer loop
      vertex -2.69868 -6.6 8.12003
      vertex 2.69868 -6.6 8.12003
      vertex 2.82707 -6.6 8.39149
    endloop
  endfacet
  facet normal 0 -1 0
    outer loop
      vertex -2.5443 -6.6 7.86246
      vertex 2.69868 -6.6 8.12003
      vertex -2.69868 -6.6 8.12003
    endloop
  endfacet
  facet normal 0 -1 0
    outer loop
      vertex -2.5443 -6.6 7.86246
      vertex 2.5443 -6.6 7.86246
      vertex 2.69868 -6.6 8.12003
    endloop
  endfacet
  facet normal 0 -1 0
    outer loop
      vertex -2.36541 -6.6 7.62126
      vertex 2.5443 -6.6 7.86246
      vertex -2.5443 -6.6 7.86246
    endloop
  endfacet
  facet normal 0 -1 0
    outer loop
      vertex -2.36541 -6.6 7.62126
      vertex 2.36541 -6.6 7.62126
      vertex 2.5443 -6.6 7.86246
    endloop
  endfacet
  facet normal 0 -1 0
    outer loop
      vertex -2.16375 -6.6 7.39875
      vertex 2.36541 -6.6 7.62126
      vertex -2.36541 -6.6 7.62126
    endloop
  endfacet
  facet normal 0 -1 0
    outer loop
      vertex -2.16375 -6.6 7.39875
      vertex 2.16375 -6.6 7.39875
      vertex 2.36541 -6.6 7.62126
    endloop
  endfacet
  facet normal 0 -1 0
    outer loop
      vertex -1.94124 -6.6 7.19709
      vertex 2.16375 -6.6 7.39875
      vertex -2.16375 -6.6 7.39875
    endloop
  endfacet
  facet normal 0 -1 0
    outer loop
      vertex -1.94124 -6.6 7.19709
      vertex 1.94124 -6.6 7.19709
      vertex 2.16375 -6.6 7.39875
    endloop
  endfacet
  facet normal 0 -1 0
    outer loop
      vertex -1.70004 -6.6 7.0182
      vertex 1.94124 -6.6 7.19709
      vertex -1.94124 -6.6 7.19709
    endloop
  endfacet
  facet normal 0 -1 0
    outer loop
      vertex -1.70004 -6.6 7.0182
      vertex 1.70004 -6.6 7.0182
      vertex 1.94124 -6.6 7.19709
    endloop
  endfacet
  facet normal 0 -1 0
    outer loop
      vertex -1.44247 -6.6 6.86382
      vertex 1.70004 -6.6 7.0182
      vertex -1.70004 -6.6 7.0182
    endloop
  endfacet
  facet normal 0 -1 0
    outer loop
      vertex -1.44247 -6.6 6.86382
      vertex 1.44247 -6.6 6.86382
      vertex 1.70004 -6.6 7.0182
    endloop
  endfacet
  facet normal 0 -1 0
    outer loop
      vertex -1.17101 -6.6 6.73543
      vertex 1.44247 -6.6 6.86382
      vertex -1.44247 -6.6 6.86382
    endloop
  endfacet
  facet normal 0 -1 0
    outer loop
      vertex -1.17101 -6.6 6.73543
      vertex 1.17101 -6.6 6.73543
      vertex 1.44247 -6.6 6.86382
    endloop
  endfacet
  facet normal 0 -1 0
    outer loop
      vertex -0.88827 -6.6 6.63426
      vertex 1.17101 -6.6 6.73543
      vertex -1.17101 -6.6 6.73543
    endloop
  endfacet
  facet normal 0 -1 0
    outer loop
      vertex -0.88827 -6.6 6.63426
      vertex 0.88827 -6.6 6.63426
      vertex 1.17101 -6.6 6.73543
    endloop
  endfacet
  facet normal 0 -1 0
    outer loop
      vertex -0.596976 -6.6 6.5613
      vertex 0.88827 -6.6 6.63426
      vertex -0.88827 -6.6 6.63426
    endloop
  endfacet
  facet normal 0 -1 0
    outer loop
      vertex -0.596976 -6.6 6.5613
      vertex 0.596976 -6.6 6.5613
      vertex 0.88827 -6.6 6.63426
    endloop
  endfacet
  facet normal 0 -1 0
    outer loop
      vertex -0.299932 -6.6 6.51723
      vertex 0.596976 -6.6 6.5613
      vertex -0.596976 -6.6 6.5613
    endloop
  endfacet
  facet normal 0 -1 0
    outer loop
      vertex -0.299932 -6.6 6.51723
      vertex 0.299932 -6.6 6.51723
      vertex 0.596976 -6.6 6.5613
    endloop
  endfacet
  facet normal -0 -1 0
    outer loop
      vertex 0.299932 -6.6 6.51723
      vertex -0.299932 -6.6 6.51723
      vertex 0 -6.6 6.5025
    endloop
  endfacet
  facet normal -0.671538 0 0.74097
    outer loop
      vertex 1.94124 -6.6 7.19709
      vertex 2.16375 -7 7.39875
      vertex 2.16375 -6.6 7.39875
    endloop
  endfacet
  facet normal -0.671538 0 0.74097
    outer loop
      vertex 2.16375 -7 7.39875
      vertex 1.94124 -6.6 7.19709
      vertex 1.94124 -7 7.19709
    endloop
  endfacet
  facet normal -0.803201 0 -0.595708
    outer loop
      vertex 2.5443 -7 11.2625
      vertex 2.36541 -6.6 11.5037
      vertex 2.5443 -6.6 11.2625
    endloop
  endfacet
  facet normal -0.803201 -0 -0.595708
    outer loop
      vertex 2.36541 -6.6 11.5037
      vertex 2.5443 -7 11.2625
      vertex 2.36541 -7 11.5037
    endloop
  endfacet
  facet normal -0.146756 0 0.989173
    outer loop
      vertex 0.299932 -6.6 6.51723
      vertex 0.596976 -7 6.5613
      vertex 0.596976 -6.6 6.5613
    endloop
  endfacet
  facet normal -0.146756 0 0.989173
    outer loop
      vertex 0.596976 -7 6.5613
      vertex 0.299932 -6.6 6.51723
      vertex 0.299932 -7 6.51723
    endloop
  endfacet
  facet normal 0.0489524 0 -0.998801
    outer loop
      vertex -0.299932 -7 12.6078
      vertex 0 -6.6 12.6225
      vertex 0 -7 12.6225
    endloop
  endfacet
  facet normal 0.0489524 0 -0.998801
    outer loop
      vertex 0 -6.6 12.6225
      vertex -0.299932 -7 12.6078
      vertex -0.299932 -6.6 12.6078
    endloop
  endfacet
  facet normal 0.049052 0 0.998796
    outer loop
      vertex -0.299932 -6.6 6.51723
      vertex 0 -7 6.5025
      vertex 0 -6.6 6.5025
    endloop
  endfacet
  facet normal 0.049052 0 0.998796
    outer loop
      vertex 0 -7 6.5025
      vertex -0.299932 -6.6 6.51723
      vertex -0.299932 -7 6.51723
    endloop
  endfacet
  facet normal 0.857669 0 -0.514202
    outer loop
      vertex -2.5443 -7 11.2625
      vertex -2.69868 -6.6 11.005
      vertex -2.5443 -6.6 11.2625
    endloop
  endfacet
  facet normal 0.857669 0 -0.514202
    outer loop
      vertex -2.69868 -6.6 11.005
      vertex -2.5443 -7 11.2625
      vertex -2.69868 -7 11.005
    endloop
  endfacet
  facet normal 0.427552 0 0.903991
    outer loop
      vertex -1.44247 -6.6 6.86382
      vertex -1.17101 -7 6.73543
      vertex -1.17101 -6.6 6.73543
    endloop
  endfacet
  facet normal 0.427552 0 0.903991
    outer loop
      vertex -1.17101 -7 6.73543
      vertex -1.44247 -6.6 6.86382
      vertex -1.44247 -7 6.86382
    endloop
  endfacet
  facet normal -0.74097 0 0.671538
    outer loop
      vertex 2.16375 -7 7.39875
      vertex 2.36541 -6.6 7.62126
      vertex 2.16375 -6.6 7.39875
    endloop
  endfacet
  facet normal -0.74097 0 0.671538
    outer loop
      vertex 2.36541 -6.6 7.62126
      vertex 2.16375 -7 7.39875
      vertex 2.36541 -7 7.62126
    endloop
  endfacet
  facet normal 0.514148 0 -0.857701
    outer loop
      vertex -1.70004 -7 12.1068
      vertex -1.44247 -6.6 12.2612
      vertex -1.44247 -7 12.2612
    endloop
  endfacet
  facet normal 0.514148 0 -0.857701
    outer loop
      vertex -1.44247 -6.6 12.2612
      vertex -1.70004 -7 12.1068
      vertex -1.70004 -6.6 12.1068
    endloop
  endfacet
  facet normal 0.970035 -0 0.242967
    outer loop
      vertex -3.0012 -7 8.96552
      vertex -2.92824 -6.6 8.67423
      vertex -3.0012 -6.6 8.96552
    endloop
  endfacet
  facet normal 0.970035 0 0.242967
    outer loop
      vertex -2.92824 -6.6 8.67423
      vertex -3.0012 -7 8.96552
      vertex -2.92824 -7 8.67423
    endloop
  endfacet
  facet normal 0.595708 0 0.803201
    outer loop
      vertex -1.94124 -6.6 7.19709
      vertex -1.70004 -7 7.0182
      vertex -1.70004 -6.6 7.0182
    endloop
  endfacet
  facet normal 0.595708 0 0.803201
    outer loop
      vertex -1.70004 -7 7.0182
      vertex -1.94124 -6.6 7.19709
      vertex -1.94124 -7 7.19709
    endloop
  endfacet
  facet normal 0.94154 -0 0.336902
    outer loop
      vertex -2.92824 -7 8.67423
      vertex -2.82707 -6.6 8.39149
      vertex -2.92824 -6.6 8.67423
    endloop
  endfacet
  facet normal 0.94154 0 0.336902
    outer loop
      vertex -2.82707 -6.6 8.39149
      vertex -2.92824 -7 8.67423
      vertex -2.82707 -7 8.39149
    endloop
  endfacet
  facet normal 0.998796 0 -0.0490523
    outer loop
      vertex -3.04527 -7 9.86243
      vertex -3.06 -6.6 9.5625
      vertex -3.04527 -6.6 9.86243
    endloop
  endfacet
  facet normal 0.998796 0 -0.0490523
    outer loop
      vertex -3.06 -6.6 9.5625
      vertex -3.04527 -7 9.86243
      vertex -3.06 -7 9.5625
    endloop
  endfacet
  facet normal -0.595708 0 0.803201
    outer loop
      vertex 1.70004 -6.6 7.0182
      vertex 1.94124 -7 7.19709
      vertex 1.94124 -6.6 7.19709
    endloop
  endfacet
  facet normal -0.595708 0 0.803201
    outer loop
      vertex 1.94124 -7 7.19709
      vertex 1.70004 -6.6 7.0182
      vertex 1.70004 -7 7.0182
    endloop
  endfacet
  facet normal -0.42758 0 -0.903978
    outer loop
      vertex 1.17101 -7 12.3896
      vertex 1.44247 -6.6 12.2612
      vertex 1.44247 -7 12.2612
    endloop
  endfacet
  facet normal -0.42758 0 -0.903978
    outer loop
      vertex 1.44247 -6.6 12.2612
      vertex 1.17101 -7 12.3896
      vertex 1.17101 -6.6 12.3896
    endloop
  endfacet
  facet normal -0.94154 0 0.336902
    outer loop
      vertex 2.82707 -7 8.39149
      vertex 2.92824 -6.6 8.67423
      vertex 2.82707 -6.6 8.39149
    endloop
  endfacet
  facet normal -0.94154 0 0.336902
    outer loop
      vertex 2.92824 -6.6 8.67423
      vertex 2.82707 -7 8.39149
      vertex 2.92824 -7 8.67423
    endloop
  endfacet
  facet normal 0.671538 0 0.74097
    outer loop
      vertex -2.16375 -6.6 7.39875
      vertex -1.94124 -7 7.19709
      vertex -1.94124 -6.6 7.19709
    endloop
  endfacet
  facet normal 0.671538 0 0.74097
    outer loop
      vertex -1.94124 -7 7.19709
      vertex -2.16375 -6.6 7.39875
      vertex -2.16375 -7 7.39875
    endloop
  endfacet
  facet normal 0.514099 0 0.857731
    outer loop
      vertex -1.70004 -6.6 7.0182
      vertex -1.44247 -7 6.86382
      vertex -1.44247 -6.6 6.86382
    endloop
  endfacet
  facet normal 0.514099 0 0.857731
    outer loop
      vertex -1.44247 -7 6.86382
      vertex -1.70004 -6.6 7.0182
      vertex -1.70004 -7 7.0182
    endloop
  endfacet
  facet normal -0.903991 0 0.427552
    outer loop
      vertex 2.69868 -7 8.12003
      vertex 2.82707 -6.6 8.39149
      vertex 2.69868 -6.6 8.12003
    endloop
  endfacet
  facet normal -0.903991 0 0.427552
    outer loop
      vertex 2.82707 -6.6 8.39149
      vertex 2.69868 -7 8.12003
      vertex 2.82707 -7 8.39149
    endloop
  endfacet
  facet normal -0.970037 0 -0.242959
    outer loop
      vertex 3.0012 -7 10.1595
      vertex 2.92824 -6.6 10.4508
      vertex 3.0012 -6.6 10.1595
    endloop
  endfacet
  facet normal -0.970037 -0 -0.242959
    outer loop
      vertex 2.92824 -6.6 10.4508
      vertex 3.0012 -7 10.1595
      vertex 2.92824 -7 10.4508
    endloop
  endfacet
  facet normal -0.857731 0 0.514099
    outer loop
      vertex 2.5443 -7 7.86246
      vertex 2.69868 -6.6 8.12003
      vertex 2.5443 -6.6 7.86246
    endloop
  endfacet
  facet normal -0.857731 0 0.514099
    outer loop
      vertex 2.69868 -6.6 8.12003
      vertex 2.5443 -7 7.86246
      vertex 2.69868 -7 8.12003
    endloop
  endfacet
  facet normal 0.941525 0 -0.336944
    outer loop
      vertex -2.82707 -7 10.7335
      vertex -2.92824 -6.6 10.4508
      vertex -2.82707 -6.6 10.7335
    endloop
  endfacet
  facet normal 0.941525 0 -0.336944
    outer loop
      vertex -2.92824 -6.6 10.4508
      vertex -2.82707 -7 10.7335
      vertex -2.92824 -7 10.4508
    endloop
  endfacet
  facet normal 0.803201 -0 0.595708
    outer loop
      vertex -2.5443 -7 7.86246
      vertex -2.36541 -6.6 7.62126
      vertex -2.5443 -6.6 7.86246
    endloop
  endfacet
  facet normal 0.803201 0 0.595708
    outer loop
      vertex -2.36541 -6.6 7.62126
      vertex -2.5443 -7 7.86246
      vertex -2.36541 -7 7.62126
    endloop
  endfacet
  facet normal 0.740955 0 -0.671555
    outer loop
      vertex -2.16375 -7 11.7262
      vertex -2.36541 -6.6 11.5037
      vertex -2.16375 -6.6 11.7262
    endloop
  endfacet
  facet normal 0.740955 0 -0.671555
    outer loop
      vertex -2.36541 -6.6 11.5037
      vertex -2.16375 -7 11.7262
      vertex -2.36541 -7 11.5037
    endloop
  endfacet
  facet normal 0.970037 0 -0.242959
    outer loop
      vertex -2.92824 -7 10.4508
      vertex -3.0012 -6.6 10.1595
      vertex -2.92824 -6.6 10.4508
    endloop
  endfacet
  facet normal 0.970037 0 -0.242959
    outer loop
      vertex -3.0012 -6.6 10.1595
      vertex -2.92824 -7 10.4508
      vertex -3.0012 -7 10.1595
    endloop
  endfacet
  facet normal -0.336695 0 -0.941614
    outer loop
      vertex 0.88827 -7 12.4907
      vertex 1.17101 -6.6 12.3896
      vertex 1.17101 -7 12.3896
    endloop
  endfacet
  facet normal -0.336695 0 -0.941614
    outer loop
      vertex 1.17101 -6.6 12.3896
      vertex 0.88827 -7 12.4907
      vertex 0.88827 -6.6 12.4907
    endloop
  endfacet
  facet normal 0.671611 0 -0.740904
    outer loop
      vertex -2.16375 -7 11.7262
      vertex -1.94124 -6.6 11.9279
      vertex -1.94124 -7 11.9279
    endloop
  endfacet
  facet normal 0.671611 0 -0.740904
    outer loop
      vertex -1.94124 -6.6 11.9279
      vertex -2.16375 -7 11.7262
      vertex -2.16375 -6.6 11.7262
    endloop
  endfacet
  facet normal 0.998796 -0 0.0490523
    outer loop
      vertex -3.06 -7 9.5625
      vertex -3.04527 -6.6 9.26257
      vertex -3.06 -6.6 9.5625
    endloop
  endfacet
  facet normal 0.998796 0 0.0490523
    outer loop
      vertex -3.04527 -6.6 9.26257
      vertex -3.06 -7 9.5625
      vertex -3.04527 -7 9.26257
    endloop
  endfacet
  facet normal 0.74097 -0 0.671538
    outer loop
      vertex -2.36541 -7 7.62126
      vertex -2.16375 -6.6 7.39875
      vertex -2.36541 -6.6 7.62126
    endloop
  endfacet
  facet normal 0.74097 0 0.671538
    outer loop
      vertex -2.16375 -6.6 7.39875
      vertex -2.36541 -7 7.62126
      vertex -2.16375 -7 7.39875
    endloop
  endfacet
  facet normal 0.336695 0 -0.941614
    outer loop
      vertex -1.17101 -7 12.3896
      vertex -0.88827 -6.6 12.4907
      vertex -0.88827 -7 12.4907
    endloop
  endfacet
  facet normal 0.336695 0 -0.941614
    outer loop
      vertex -0.88827 -6.6 12.4907
      vertex -1.17101 -7 12.3896
      vertex -1.17101 -6.6 12.3896
    endloop
  endfacet
  facet normal -0.595729 0 -0.803185
    outer loop
      vertex 1.70004 -7 12.1068
      vertex 1.94124 -6.6 11.9279
      vertex 1.94124 -7 11.9279
    endloop
  endfacet
  facet normal -0.595729 0 -0.803185
    outer loop
      vertex 1.94124 -6.6 11.9279
      vertex 1.70004 -7 12.1068
      vertex 1.70004 -6.6 12.1068
    endloop
  endfacet
  facet normal 0.243089 0 -0.970004
    outer loop
      vertex -0.88827 -7 12.4907
      vertex -0.596976 -6.6 12.5637
      vertex -0.596976 -7 12.5637
    endloop
  endfacet
  facet normal 0.243089 0 -0.970004
    outer loop
      vertex -0.596976 -6.6 12.5637
      vertex -0.88827 -7 12.4907
      vertex -0.88827 -6.6 12.4907
    endloop
  endfacet
  facet normal -0.242963 0 0.970035
    outer loop
      vertex 0.596976 -6.6 6.5613
      vertex 0.88827 -7 6.63426
      vertex 0.88827 -6.6 6.63426
    endloop
  endfacet
  facet normal -0.242963 0 0.970035
    outer loop
      vertex 0.88827 -7 6.63426
      vertex 0.596976 -6.6 6.5613
      vertex 0.596976 -7 6.5613
    endloop
  endfacet
  facet normal -0.671611 0 -0.740904
    outer loop
      vertex 1.94124 -7 11.9279
      vertex 2.16375 -6.6 11.7262
      vertex 2.16375 -7 11.7262
    endloop
  endfacet
  facet normal -0.671611 0 -0.740904
    outer loop
      vertex 2.16375 -6.6 11.7262
      vertex 1.94124 -7 11.9279
      vertex 1.94124 -6.6 11.9279
    endloop
  endfacet
  facet normal -0.514148 0 -0.857701
    outer loop
      vertex 1.44247 -7 12.2612
      vertex 1.70004 -6.6 12.1068
      vertex 1.70004 -7 12.1068
    endloop
  endfacet
  facet normal -0.514148 0 -0.857701
    outer loop
      vertex 1.70004 -6.6 12.1068
      vertex 1.44247 -7 12.2612
      vertex 1.44247 -6.6 12.2612
    endloop
  endfacet
  facet normal -0.857669 0 -0.514202
    outer loop
      vertex 2.69868 -7 11.005
      vertex 2.5443 -6.6 11.2625
      vertex 2.69868 -6.6 11.005
    endloop
  endfacet
  facet normal -0.857669 -0 -0.514202
    outer loop
      vertex 2.5443 -6.6 11.2625
      vertex 2.69868 -7 11.005
      vertex 2.5443 -7 11.2625
    endloop
  endfacet
  facet normal -0.243089 0 -0.970004
    outer loop
      vertex 0.596976 -7 12.5637
      vertex 0.88827 -6.6 12.4907
      vertex 0.88827 -7 12.4907
    endloop
  endfacet
  facet normal -0.243089 0 -0.970004
    outer loop
      vertex 0.88827 -6.6 12.4907
      vertex 0.596976 -7 12.5637
      vertex 0.596976 -6.6 12.5637
    endloop
  endfacet
  facet normal 0.989173 -0 0.146753
    outer loop
      vertex -3.04527 -7 9.26257
      vertex -3.0012 -6.6 8.96552
      vertex -3.04527 -6.6 9.26257
    endloop
  endfacet
  facet normal 0.989173 0 0.146753
    outer loop
      vertex -3.0012 -6.6 8.96552
      vertex -3.04527 -7 9.26257
      vertex -3.0012 -7 8.96552
    endloop
  endfacet
  facet normal 0.42758 0 -0.903978
    outer loop
      vertex -1.44247 -7 12.2612
      vertex -1.17101 -6.6 12.3896
      vertex -1.17101 -7 12.3896
    endloop
  endfacet
  facet normal 0.42758 0 -0.903978
    outer loop
      vertex -1.17101 -6.6 12.3896
      vertex -1.44247 -7 12.2612
      vertex -1.44247 -6.6 12.2612
    endloop
  endfacet
  facet normal 0.595729 0 -0.803185
    outer loop
      vertex -1.94124 -7 11.9279
      vertex -1.70004 -6.6 12.1068
      vertex -1.70004 -7 12.1068
    endloop
  endfacet
  facet normal 0.595729 0 -0.803185
    outer loop
      vertex -1.70004 -6.6 12.1068
      vertex -1.94124 -7 11.9279
      vertex -1.94124 -6.6 11.9279
    endloop
  endfacet
  facet normal 0.904015 0 -0.427501
    outer loop
      vertex -2.69868 -7 11.005
      vertex -2.82707 -6.6 10.7335
      vertex -2.69868 -6.6 11.005
    endloop
  endfacet
  facet normal 0.904015 0 -0.427501
    outer loop
      vertex -2.82707 -6.6 10.7335
      vertex -2.69868 -7 11.005
      vertex -2.82707 -7 10.7335
    endloop
  endfacet
  facet normal 0.857731 -0 0.514099
    outer loop
      vertex -2.69868 -7 8.12003
      vertex -2.5443 -6.6 7.86246
      vertex -2.69868 -6.6 8.12003
    endloop
  endfacet
  facet normal 0.857731 0 0.514099
    outer loop
      vertex -2.5443 -6.6 7.86246
      vertex -2.69868 -7 8.12003
      vertex -2.5443 -7 7.86246
    endloop
  endfacet
  facet normal -1 0 0
    outer loop
      vertex 6 -7.5 19.625
      vertex 6 -7.1 20.375
      vertex 6 -7.1 19.625
    endloop
  endfacet
  facet normal -1 -0 0
    outer loop
      vertex 6 -7.1 20.375
      vertex 6 -7.5 19.625
      vertex 6 -7.5 20.375
    endloop
  endfacet
  facet normal 0 0 -1
    outer loop
      vertex -6 -7.5 20.375
      vertex 6 -7.1 20.375
      vertex 6 -7.5 20.375
    endloop
  endfacet
  facet normal -0 0 -1
    outer loop
      vertex 6 -7.1 20.375
      vertex -6 -7.5 20.375
      vertex -6 -7.1 20.375
    endloop
  endfacet
  facet normal -0 0 1
    outer loop
      vertex -6 -7.1 19.625
      vertex 6 -7.5 19.625
      vertex 6 -7.1 19.625
    endloop
  endfacet
  facet normal 0 0 1
    outer loop
      vertex 6 -7.5 19.625
      vertex -6 -7.1 19.625
      vertex -6 -7.5 19.625
    endloop
  endfacet
  facet normal 1 -0 0
    outer loop
      vertex -6 -7.5 20.375
      vertex -6 -7.1 19.625
      vertex -6 -7.1 20.375
    endloop
  endfacet
  facet normal 1 0 0
    outer loop
      vertex -6 -7.1 19.625
      vertex -6 -7.5 20.375
      vertex -6 -7.5 19.625
    endloop
  endfacet
  facet normal 0 -1 0
    outer loop
      vertex -6 -7.1 19.625
      vertex 6 -7.1 20.375
      vertex -6 -7.1 20.375
    endloop
  endfacet
  facet normal 0 -1 -0
    outer loop
      vertex 6 -7.1 20.375
      vertex -6 -7.1 19.625
      vertex 6 -7.1 19.625
    endloop
  endfacet
  facet normal -0.989174 0.146746 0
    outer loop
      vertex -7.4971 6.9588 0
      vertex -7.48846 7.01704 21.25
      vertex -7.48846 7.01704 0
    endloop
  endfacet
  facet normal -0.989174 0.146746 0
    outer loop
      vertex -7.48846 7.01704 21.25
      vertex -7.4971 6.9588 0
      vertex -7.4971 6.9588 21.25
    endloop
  endfacet
  facet normal 0.243015 -0.970023 0
    outer loop
      vertex 7.01704 -7.48846 0
      vertex 7.07416 -7.47415 21.25
      vertex 7.01704 -7.48846 21.25
    endloop
  endfacet
  facet normal 0.243015 -0.970023 0
    outer loop
      vertex 7.07416 -7.47415 21.25
      vertex 7.01704 -7.48846 0
      vertex 7.07416 -7.47415 0
    endloop
  endfacet
  facet normal 0 -1 0
    outer loop
      vertex -6.89999 -7.5 21.25
      vertex -6 -7.5 20.375
      vertex 6.89999 -7.5 21.25
    endloop
  endfacet
  facet normal 0 -1 0
    outer loop
      vertex -6.89999 -7.5 21.25
      vertex -6 -7.5 19.625
      vertex -6 -7.5 20.375
    endloop
  endfacet
  facet normal 0 -1 0
    outer loop
      vertex -6 -7.5 19.625
      vertex 0 -7.5 14.0625
      vertex 6 -7.5 19.625
    endloop
  endfacet
  facet normal 0 -1 0
    outer loop
      vertex -6 -7.5 19.625
      vertex -0.441076 -7.5 14.0408
      vertex 0 -7.5 14.0625
    endloop
  endfacet
  facet normal 0 -1 0
    outer loop
      vertex -6 -7.5 19.625
      vertex -0.877906 -7.5 13.976
      vertex -0.441076 -7.5 14.0408
    endloop
  endfacet
  facet normal 0 -1 0
    outer loop
      vertex -6 -7.5 19.625
      vertex -1.30628 -7.5 13.8687
      vertex -0.877906 -7.5 13.976
    endloop
  endfacet
  facet normal 0 -1 0
    outer loop
      vertex -6 -7.5 19.625
      vertex -1.72207 -7.5 13.72
      vertex -1.30628 -7.5 13.8687
    endloop
  endfacet
  facet normal 0 -1 0
    outer loop
      vertex -6 -7.5 19.625
      vertex -2.12128 -7.5 13.5311
      vertex -1.72207 -7.5 13.72
    endloop
  endfacet
  facet normal 0 -1 0
    outer loop
      vertex -6 -7.5 19.625
      vertex -2.50007 -7.5 13.3041
      vertex -2.12128 -7.5 13.5311
    endloop
  endfacet
  facet normal 0 -1 0
    outer loop
      vertex -4.47833 -7.5 10.0036
      vertex -6 -7.5 19.625
      vertex -6.89999 -7.5 21.25
    endloop
  endfacet
  facet normal 0 -1 0
    outer loop
      vertex -6 -7.5 19.625
      vertex -2.85477 -7.5 13.041
      vertex -2.50007 -7.5 13.3041
    endloop
  endfacet
  facet normal 0 -1 0
    outer loop
      vertex -6 -7.5 19.625
      vertex -3.18198 -7.5 12.7445
      vertex -2.85477 -7.5 13.041
    endloop
  endfacet
  facet normal 0 -1 0
    outer loop
      vertex -6 -7.5 19.625
      vertex -3.47855 -7.5 12.4173
      vertex -3.18198 -7.5 12.7445
    endloop
  endfacet
  facet normal 0 -1 0
    outer loop
      vertex -6 -7.5 19.625
      vertex -3.74161 -7.5 12.0626
      vertex -3.47855 -7.5 12.4173
    endloop
  endfacet
  facet normal 0 -1 0
    outer loop
      vertex -6 -7.5 19.625
      vertex -3.96865 -7.5 11.6838
      vertex -3.74161 -7.5 12.0626
    endloop
  endfacet
  facet normal 0 -1 0
    outer loop
      vertex -6 -7.5 19.625
      vertex -4.15746 -7.5 11.2846
      vertex -3.96865 -7.5 11.6838
    endloop
  endfacet
  facet normal 0 -1 0
    outer loop
      vertex -6 -7.5 19.625
      vertex -4.30623 -7.5 10.8688
      vertex -4.15746 -7.5 11.2846
    endloop
  endfacet
  facet normal 0 -1 0
    outer loop
      vertex -6 -7.5 19.625
      vertex -4.41353 -7.5 10.4404
      vertex -4.30623 -7.5 10.8688
    endloop
  endfacet
  facet normal 0 -1 0
    outer loop
      vertex -6 -7.5 19.625
      vertex -4.47833 -7.5 10.0036
      vertex -4.41353 -7.5 10.4404
    endloop
  endfacet
  facet normal 0 -1 0
    outer loop
      vertex -6.89999 -7.5 21.25
      vertex -4.5 -7.5 9.5625
      vertex -4.47833 -7.5 10.0036
    endloop
  endfacet
  facet normal 0 -1 0
    outer loop
      vertex -6.89999 -7.5 0
      vertex -4.5 -7.5 9.5625
      vertex -6.89999 -7.5 21.25
    endloop
  endfacet
  facet normal 0 -1 -0
    outer loop
      vertex -4.5 -7.5 9.5625
      vertex -6.89999 -7.5 0
      vertex -4.47833 -7.5 9.12142
    endloop
  endfacet
  facet normal 0 -1 -0
    outer loop
      vertex -0.441076 -7.5 5.08417
      vertex -6.89999 -7.5 0
      vertex 0 -7.5 5.0625
    endloop
  endfacet
  facet normal 0 -1 -0
    outer loop
      vertex -0.877906 -7.5 5.14897
      vertex -6.89999 -7.5 0
      vertex -0.441076 -7.5 5.08417
    endloop
  endfacet
  facet normal 0 -1 -0
    outer loop
      vertex -1.30628 -7.5 5.25627
      vertex -6.89999 -7.5 0
      vertex -0.877906 -7.5 5.14897
    endloop
  endfacet
  facet normal 0 -1 -0
    outer loop
      vertex -1.72207 -7.5 5.40504
      vertex -6.89999 -7.5 0
      vertex -1.30628 -7.5 5.25627
    endloop
  endfacet
  facet normal 0 -1 -0
    outer loop
      vertex -2.12128 -7.5 5.59385
      vertex -6.89999 -7.5 0
      vertex -1.72207 -7.5 5.40504
    endloop
  endfacet
  facet normal 0 -1 -0
    outer loop
      vertex -2.50007 -7.5 5.82089
      vertex -6.89999 -7.5 0
      vertex -2.12128 -7.5 5.59385
    endloop
  endfacet
  facet normal 0 -1 -0
    outer loop
      vertex -2.85477 -7.5 6.08395
      vertex -6.89999 -7.5 0
      vertex -2.50007 -7.5 5.82089
    endloop
  endfacet
  facet normal 0 -1 -0
    outer loop
      vertex -3.18198 -7.5 6.38052
      vertex -6.89999 -7.5 0
      vertex -2.85477 -7.5 6.08395
    endloop
  endfacet
  facet normal 0 -1 -0
    outer loop
      vertex -3.47855 -7.5 6.70773
      vertex -6.89999 -7.5 0
      vertex -3.18198 -7.5 6.38052
    endloop
  endfacet
  facet normal 0 -1 -0
    outer loop
      vertex -3.74161 -7.5 7.06243
      vertex -6.89999 -7.5 0
      vertex -3.47855 -7.5 6.70773
    endloop
  endfacet
  facet normal 0 -1 -0
    outer loop
      vertex -3.96865 -7.5 7.44122
      vertex -6.89999 -7.5 0
      vertex -3.74161 -7.5 7.06243
    endloop
  endfacet
  facet normal 0 -1 -0
    outer loop
      vertex -4.15746 -7.5 7.84043
      vertex -6.89999 -7.5 0
      vertex -3.96865 -7.5 7.44122
    endloop
  endfacet
  facet normal 0 -1 -0
    outer loop
      vertex -4.30623 -7.5 8.25622
      vertex -6.89999 -7.5 0
      vertex -4.15746 -7.5 7.84043
    endloop
  endfacet
  facet normal 0 -1 -0
    outer loop
      vertex -4.41353 -7.5 8.68459
      vertex -6.89999 -7.5 0
      vertex -4.30623 -7.5 8.25622
    endloop
  endfacet
  facet normal 0 -1 -0
    outer loop
      vertex -4.47833 -7.5 9.12142
      vertex -6.89999 -7.5 0
      vertex -4.41353 -7.5 8.68459
    endloop
  endfacet
  facet normal 0 -1 0
    outer loop
      vertex 6 -7.5 20.375
      vertex 6.89999 -7.5 21.25
      vertex -6 -7.5 20.375
    endloop
  endfacet
  facet normal 0 -1 0
    outer loop
      vertex 6 -7.5 19.625
      vertex 6.89999 -7.5 21.25
      vertex 6 -7.5 20.375
    endloop
  endfacet
  facet normal 0 -1 0
    outer loop
      vertex 0.441076 -7.5 14.0408
      vertex 6 -7.5 19.625
      vertex 0 -7.5 14.0625
    endloop
  endfacet
  facet normal 0 -1 0
    outer loop
      vertex 0.877906 -7.5 13.976
      vertex 6 -7.5 19.625
      vertex 0.441076 -7.5 14.0408
    endloop
  endfacet
  facet normal 0 -1 0
    outer loop
      vertex 1.30628 -7.5 13.8687
      vertex 6 -7.5 19.625
      vertex 0.877906 -7.5 13.976
    endloop
  endfacet
  facet normal 0 -1 0
    outer loop
      vertex 1.72207 -7.5 13.72
      vertex 6 -7.5 19.625
      vertex 1.30628 -7.5 13.8687
    endloop
  endfacet
  facet normal 0 -1 0
    outer loop
      vertex 2.12128 -7.5 13.5311
      vertex 6 -7.5 19.625
      vertex 1.72207 -7.5 13.72
    endloop
  endfacet
  facet normal 0 -1 0
    outer loop
      vertex 2.50007 -7.5 13.3041
      vertex 6 -7.5 19.625
      vertex 2.12128 -7.5 13.5311
    endloop
  endfacet
  facet normal 0 -1 0
    outer loop
      vertex 2.85477 -7.5 13.041
      vertex 6 -7.5 19.625
      vertex 2.50007 -7.5 13.3041
    endloop
  endfacet
  facet normal 0 -1 0
    outer loop
      vertex 3.18198 -7.5 12.7445
      vertex 6 -7.5 19.625
      vertex 2.85477 -7.5 13.041
    endloop
  endfacet
  facet normal 0 -1 0
    outer loop
      vertex 3.47855 -7.5 12.4173
      vertex 6 -7.5 19.625
      vertex 3.18198 -7.5 12.7445
    endloop
  endfacet
  facet normal 0 -1 0
    outer loop
      vertex 3.74161 -7.5 12.0626
      vertex 6 -7.5 19.625
      vertex 3.47855 -7.5 12.4173
    endloop
  endfacet
  facet normal 0 -1 0
    outer loop
      vertex 3.96865 -7.5 11.6838
      vertex 6 -7.5 19.625
      vertex 3.74161 -7.5 12.0626
    endloop
  endfacet
  facet normal 0 -1 0
    outer loop
      vertex 4.15746 -7.5 11.2846
      vertex 6 -7.5 19.625
      vertex 3.96865 -7.5 11.6838
    endloop
  endfacet
  facet normal 0 -1 0
    outer loop
      vertex 4.30623 -7.5 10.8688
      vertex 6 -7.5 19.625
      vertex 4.15746 -7.5 11.2846
    endloop
  endfacet
  facet normal 0 -1 0
    outer loop
      vertex 4.41353 -7.5 10.4404
      vertex 6 -7.5 19.625
      vertex 4.30623 -7.5 10.8688
    endloop
  endfacet
  facet normal 0 -1 0
    outer loop
      vertex 4.47833 -7.5 10.0036
      vertex 6 -7.5 19.625
      vertex 4.41353 -7.5 10.4404
    endloop
  endfacet
  facet normal 0 -1 -0
    outer loop
      vertex 6 -7.5 19.625
      vertex 4.47833 -7.5 10.0036
      vertex 6.89999 -7.5 21.25
    endloop
  endfacet
  facet normal 0 -1 0
    outer loop
      vertex 4.5 -7.5 9.5625
      vertex 6.89999 -7.5 21.25
      vertex 4.47833 -7.5 10.0036
    endloop
  endfacet
  facet normal 0 -1 0
    outer loop
      vertex 6.89999 -7.5 0
      vertex 4.5 -7.5 9.5625
      vertex 4.47833 -7.5 9.12142
    endloop
  endfacet
  facet normal 0 -1 0
    outer loop
      vertex 6.89999 -7.5 0
      vertex 4.47833 -7.5 9.12142
      vertex 4.41353 -7.5 8.68459
    endloop
  endfacet
  facet normal 0 -1 0
    outer loop
      vertex 6.89999 -7.5 0
      vertex 0 -7.5 5.0625
      vertex -6.89999 -7.5 0
    endloop
  endfacet
  facet normal 0 -1 0
    outer loop
      vertex 0 -7.5 5.0625
      vertex 6.89999 -7.5 0
      vertex 0.441076 -7.5 5.08417
    endloop
  endfacet
  facet normal 0 -1 0
    outer loop
      vertex 0.441076 -7.5 5.08417
      vertex 6.89999 -7.5 0
      vertex 0.877906 -7.5 5.14897
    endloop
  endfacet
  facet normal 0 -1 0
    outer loop
      vertex 0.877906 -7.5 5.14897
      vertex 6.89999 -7.5 0
      vertex 1.30628 -7.5 5.25627
    endloop
  endfacet
  facet normal 0 -1 0
    outer loop
      vertex 1.30628 -7.5 5.25627
      vertex 6.89999 -7.5 0
      vertex 1.72207 -7.5 5.40504
    endloop
  endfacet
  facet normal 0 -1 0
    outer loop
      vertex 1.72207 -7.5 5.40504
      vertex 6.89999 -7.5 0
      vertex 2.12128 -7.5 5.59385
    endloop
  endfacet
  facet normal 0 -1 0
    outer loop
      vertex 4.5 -7.5 9.5625
      vertex 6.89999 -7.5 0
      vertex 6.89999 -7.5 21.25
    endloop
  endfacet
  facet normal 0 -1 0
    outer loop
      vertex 4.30623 -7.5 8.25622
      vertex 6.89999 -7.5 0
      vertex 4.41353 -7.5 8.68459
    endloop
  endfacet
  facet normal 0 -1 0
    outer loop
      vertex 4.15746 -7.5 7.84043
      vertex 6.89999 -7.5 0
      vertex 4.30623 -7.5 8.25622
    endloop
  endfacet
  facet normal 0 -1 0
    outer loop
      vertex 3.96865 -7.5 7.44122
      vertex 6.89999 -7.5 0
      vertex 4.15746 -7.5 7.84043
    endloop
  endfacet
  facet normal 0 -1 0
    outer loop
      vertex 3.74161 -7.5 7.06243
      vertex 6.89999 -7.5 0
      vertex 3.96865 -7.5 7.44122
    endloop
  endfacet
  facet normal 0 -1 0
    outer loop
      vertex 3.47855 -7.5 6.70773
      vertex 6.89999 -7.5 0
      vertex 3.74161 -7.5 7.06243
    endloop
  endfacet
  facet normal 0 -1 0
    outer loop
      vertex 3.18198 -7.5 6.38052
      vertex 6.89999 -7.5 0
      vertex 3.47855 -7.5 6.70773
    endloop
  endfacet
  facet normal 0 -1 0
    outer loop
      vertex 2.85477 -7.5 6.08395
      vertex 6.89999 -7.5 0
      vertex 3.18198 -7.5 6.38052
    endloop
  endfacet
  facet normal 0 -1 0
    outer loop
      vertex 2.50007 -7.5 5.82089
      vertex 6.89999 -7.5 0
      vertex 2.85477 -7.5 6.08395
    endloop
  endfacet
  facet normal 0 -1 0
    outer loop
      vertex 2.12128 -7.5 5.59385
      vertex 6.89999 -7.5 0
      vertex 2.50007 -7.5 5.82089
    endloop
  endfacet
  facet normal 0.146746 -0.989174 0
    outer loop
      vertex 6.9588 -7.4971 0
      vertex 7.01704 -7.48846 21.25
      vertex 6.9588 -7.4971 21.25
    endloop
  endfacet
  facet normal 0.146746 -0.989174 0
    outer loop
      vertex 7.01704 -7.48846 21.25
      vertex 6.9588 -7.4971 0
      vertex 7.01704 -7.48846 0
    endloop
  endfacet
  facet normal 0.671438 0.741061 -0
    outer loop
      vertex 7.32426 7.32426 0
      vertex 7.28062 7.3638 21.25
      vertex 7.32426 7.32426 21.25
    endloop
  endfacet
  facet normal 0.671438 0.741061 0
    outer loop
      vertex 7.28062 7.3638 21.25
      vertex 7.32426 7.32426 0
      vertex 7.28062 7.3638 0
    endloop
  endfacet
  facet normal 0.0492515 -0.998786 0
    outer loop
      vertex 6.89999 -7.5 0
      vertex 6.9588 -7.4971 21.25
      vertex 6.89999 -7.5 21.25
    endloop
  endfacet
  facet normal 0.0492515 -0.998786 0
    outer loop
      vertex 6.9588 -7.4971 21.25
      vertex 6.89999 -7.5 0
      vertex 6.9588 -7.4971 0
    endloop
  endfacet
  facet normal 0.514046 0.857763 -0
    outer loop
      vertex 7.23334 7.39888 0
      vertex 7.18283 7.42915 21.25
      vertex 7.23334 7.39888 21.25
    endloop
  endfacet
  facet normal 0.514046 0.857763 0
    outer loop
      vertex 7.18283 7.42915 21.25
      vertex 7.23334 7.39888 0
      vertex 7.18283 7.42915 0
    endloop
  endfacet
  facet normal 0.336734 -0.9416 0
    outer loop
      vertex 7.07416 -7.47415 0
      vertex 7.12961 -7.45432 21.25
      vertex 7.07416 -7.47415 21.25
    endloop
  endfacet
  facet normal 0.336734 -0.9416 0
    outer loop
      vertex 7.12961 -7.45432 21.25
      vertex 7.07416 -7.47415 0
      vertex 7.12961 -7.45432 0
    endloop
  endfacet
  facet normal -0.857763 0.514046 0
    outer loop
      vertex -7.42915 7.18283 0
      vertex -7.39888 7.23334 21.25
      vertex -7.39888 7.23334 0
    endloop
  endfacet
  facet normal -0.857763 0.514046 0
    outer loop
      vertex -7.39888 7.23334 21.25
      vertex -7.42915 7.18283 0
      vertex -7.42915 7.18283 21.25
    endloop
  endfacet
  facet normal -0.671438 -0.741061 0
    outer loop
      vertex -7.32426 -7.32426 0
      vertex -7.28062 -7.3638 21.25
      vertex -7.32426 -7.32426 21.25
    endloop
  endfacet
  facet normal -0.671438 -0.741061 -0
    outer loop
      vertex -7.28062 -7.3638 21.25
      vertex -7.32426 -7.32426 0
      vertex -7.28062 -7.3638 0
    endloop
  endfacet
  facet normal 0.903997 0.427539 0
    outer loop
      vertex 7.45432 7.12961 21.25
      vertex 7.42915 7.18283 0
      vertex 7.42915 7.18283 21.25
    endloop
  endfacet
  facet normal 0.903997 0.427539 0
    outer loop
      vertex 7.42915 7.18283 0
      vertex 7.45432 7.12961 21.25
      vertex 7.45432 7.12961 0
    endloop
  endfacet
  facet normal -0.595861 -0.803088 0
    outer loop
      vertex -7.28062 -7.3638 0
      vertex -7.23334 -7.39888 21.25
      vertex -7.28062 -7.3638 21.25
    endloop
  endfacet
  facet normal -0.595861 -0.803088 -0
    outer loop
      vertex -7.23334 -7.39888 21.25
      vertex -7.28062 -7.3638 0
      vertex -7.23334 -7.39888 0
    endloop
  endfacet
  facet normal -0.336734 -0.9416 0
    outer loop
      vertex -7.12961 -7.45432 0
      vertex -7.07416 -7.47415 21.25
      vertex -7.12961 -7.45432 21.25
    endloop
  endfacet
  facet normal -0.336734 -0.9416 -0
    outer loop
      vertex -7.07416 -7.47415 21.25
      vertex -7.12961 -7.45432 0
      vertex -7.07416 -7.47415 0
    endloop
  endfacet
  facet normal -0.0492515 0.998786 0
    outer loop
      vertex -6.89999 7.5 0
      vertex -6.9588 7.4971 21.25
      vertex -6.89999 7.5 21.25
    endloop
  endfacet
  facet normal -0.0492515 0.998786 0
    outer loop
      vertex -6.9588 7.4971 21.25
      vertex -6.89999 7.5 0
      vertex -6.9588 7.4971 0
    endloop
  endfacet
  facet normal -0.998786 0.0492515 0
    outer loop
      vertex -7.5 6.89999 0
      vertex -7.4971 6.9588 21.25
      vertex -7.4971 6.9588 0
    endloop
  endfacet
  facet normal -0.998786 0.0492515 0
    outer loop
      vertex -7.4971 6.9588 21.25
      vertex -7.5 6.89999 0
      vertex -7.5 6.89999 21.25
    endloop
  endfacet
  facet normal 1 -0 0
    outer loop
      vertex 7.5 -6.89999 21.25
      vertex 7.5 6.89999 0
      vertex 7.5 6.89999 21.25
    endloop
  endfacet
  facet normal 1 0 0
    outer loop
      vertex 7.5 6.89999 0
      vertex 7.5 -6.89999 21.25
      vertex 7.5 -6.89999 0
    endloop
  endfacet
  facet normal 0 0 -1
    outer loop
      vertex 6.89999 -7.5 0
      vertex 7.5 -6.89999 0
      vertex 7.4971 -6.9588 0
    endloop
  endfacet
  facet normal 0 0 -1
    outer loop
      vertex 7.5 -6.89999 0
      vertex 2.15 0 0
      vertex 7.5 6.89999 0
    endloop
  endfacet
  facet normal 0 0 -1
    outer loop
      vertex 6.89999 -7.5 0
      vertex 7.4971 -6.9588 0
      vertex 7.48846 -7.01704 0
    endloop
  endfacet
  facet normal 0 0 -1
    outer loop
      vertex 2.13965 0.210736 0
      vertex 7.5 6.89999 0
      vertex 2.15 0 0
    endloop
  endfacet
  facet normal 0 0 -1
    outer loop
      vertex 6.89999 -7.5 0
      vertex 7.48846 -7.01704 0
      vertex 7.47415 -7.07416 0
    endloop
  endfacet
  facet normal 0 0 -1
    outer loop
      vertex 2.10869 0.419444 0
      vertex 7.5 6.89999 0
      vertex 2.13965 0.210736 0
    endloop
  endfacet
  facet normal 0 0 -1
    outer loop
      vertex 6.89999 -7.5 0
      vertex 7.47415 -7.07416 0
      vertex 7.45432 -7.12961 0
    endloop
  endfacet
  facet normal 0 0 -1
    outer loop
      vertex 2.05742 0.624111 0
      vertex 7.5 6.89999 0
      vertex 2.10869 0.419444 0
    endloop
  endfacet
  facet normal 0 0 -1
    outer loop
      vertex 6.89999 -7.5 0
      vertex 7.45432 -7.12961 0
      vertex 7.42915 -7.18283 0
    endloop
  endfacet
  facet normal 0 0 -1
    outer loop
      vertex 1.98634 0.822769 0
      vertex 7.5 6.89999 0
      vertex 2.05742 0.624111 0
    endloop
  endfacet
  facet normal 0 0 -1
    outer loop
      vertex 6.89999 -7.5 0
      vertex 7.42915 -7.18283 0
      vertex 7.39888 -7.23334 0
    endloop
  endfacet
  facet normal 0 0 -1
    outer loop
      vertex 1.89613 1.0135 0
      vertex 7.5 6.89999 0
      vertex 1.98634 0.822769 0
    endloop
  endfacet
  facet normal 0 0 -1
    outer loop
      vertex 6.89999 -7.5 0
      vertex 7.39888 -7.23334 0
      vertex 7.3638 -7.28062 0
    endloop
  endfacet
  facet normal 0 0 -1
    outer loop
      vertex 1.78766 1.19448 0
      vertex 7.5 6.89999 0
      vertex 1.89613 1.0135 0
    endloop
  endfacet
  facet normal 0 0 -1
    outer loop
      vertex 6.89999 -7.5 0
      vertex 7.3638 -7.28062 0
      vertex 7.32426 -7.32426 0
    endloop
  endfacet
  facet normal 0 0 -1
    outer loop
      vertex 1.66197 1.36395 0
      vertex 7.5 6.89999 0
      vertex 1.78766 1.19448 0
    endloop
  endfacet
  facet normal 0 0 -1
    outer loop
      vertex 6.89999 -7.5 0
      vertex 7.32426 -7.32426 0
      vertex 7.28062 -7.3638 0
    endloop
  endfacet
  facet normal 0 0 -1
    outer loop
      vertex 1.52028 1.52028 0
      vertex 7.5 6.89999 0
      vertex 1.66197 1.36395 0
    endloop
  endfacet
  facet normal 0 0 -1
    outer loop
      vertex 6.89999 -7.5 0
      vertex 7.28062 -7.3638 0
      vertex 7.23334 -7.39888 0
    endloop
  endfacet
  facet normal 0 -0 -1
    outer loop
      vertex 6.89999 7.5 0
      vertex 7.5 6.89999 0
      vertex 1.52028 1.52028 0
    endloop
  endfacet
  facet normal 0 0 -1
    outer loop
      vertex 6.89999 -7.5 0
      vertex 7.23334 -7.39888 0
      vertex 7.18283 -7.42915 0
    endloop
  endfacet
  facet normal 0 0 -1
    outer loop
      vertex 7.4971 6.9588 0
      vertex 6.89999 7.5 0
      vertex 7.48846 7.01704 0
    endloop
  endfacet
  facet normal 0 0 -1
    outer loop
      vertex 6.89999 -7.5 0
      vertex 7.18283 -7.42915 0
      vertex 7.12961 -7.45432 0
    endloop
  endfacet
  facet normal 0 0 -1
    outer loop
      vertex 7.48846 7.01704 0
      vertex 6.89999 7.5 0
      vertex 7.47415 7.07416 0
    endloop
  endfacet
  facet normal 0 0 -1
    outer loop
      vertex 6.89999 -7.5 0
      vertex 7.12961 -7.45432 0
      vertex 7.07416 -7.47415 0
    endloop
  endfacet
  facet normal 0 0 -1
    outer loop
      vertex 7.47415 7.07416 0
      vertex 6.89999 7.5 0
      vertex 7.45432 7.12961 0
    endloop
  endfacet
  facet normal 0 0 -1
    outer loop
      vertex 6.89999 -7.5 0
      vertex 7.07416 -7.47415 0
      vertex 7.01704 -7.48846 0
    endloop
  endfacet
  facet normal 0 0 -1
    outer loop
      vertex 7.42915 7.18283 0
      vertex 6.89999 7.5 0
      vertex 7.39888 7.23334 0
    endloop
  endfacet
  facet normal 0 0 -1
    outer loop
      vertex 6.89999 -7.5 0
      vertex 7.01704 -7.48846 0
      vertex 6.9588 -7.4971 0
    endloop
  endfacet
  facet normal 0 0 -1
    outer loop
      vertex 7.39888 7.23334 0
      vertex 6.89999 7.5 0
      vertex 7.3638 7.28062 0
    endloop
  endfacet
  facet normal -0 0 -1
    outer loop
      vertex 7.5 -6.89999 0
      vertex 6.89999 -7.5 0
      vertex 1.52028 -1.52028 0
    endloop
  endfacet
  facet normal 0 0 -1
    outer loop
      vertex 7.32426 7.32426 0
      vertex 6.89999 7.5 0
      vertex 7.28062 7.3638 0
    endloop
  endfacet
  facet normal 0 0 -1
    outer loop
      vertex 7.28062 7.3638 0
      vertex 6.89999 7.5 0
      vertex 7.23334 7.39888 0
    endloop
  endfacet
  facet normal 0 0 -1
    outer loop
      vertex 7.5 -6.89999 0
      vertex 2.13965 -0.210736 0
      vertex 2.15 0 0
    endloop
  endfacet
  facet normal 0 0 -1
    outer loop
      vertex 7.5 -6.89999 0
      vertex 2.10869 -0.419444 0
      vertex 2.13965 -0.210736 0
    endloop
  endfacet
  facet normal 0 0 -1
    outer loop
      vertex 7.5 -6.89999 0
      vertex 2.05742 -0.624111 0
      vertex 2.10869 -0.419444 0
    endloop
  endfacet
  facet normal 0 0 -1
    outer loop
      vertex 7.5 -6.89999 0
      vertex 1.98634 -0.822769 0
      vertex 2.05742 -0.624111 0
    endloop
  endfacet
  facet normal 0 0 -1
    outer loop
      vertex 7.5 -6.89999 0
      vertex 1.89613 -1.0135 0
      vertex 1.98634 -0.822769 0
    endloop
  endfacet
  facet normal 0 0 -1
    outer loop
      vertex 7.5 -6.89999 0
      vertex 1.78766 -1.19448 0
      vertex 1.89613 -1.0135 0
    endloop
  endfacet
  facet normal 0 0 -1
    outer loop
      vertex 7.5 -6.89999 0
      vertex 1.66197 -1.36395 0
      vertex 1.78766 -1.19448 0
    endloop
  endfacet
  facet normal 0 0 -1
    outer loop
      vertex 7.5 -6.89999 0
      vertex 1.52028 -1.52028 0
      vertex 1.66197 -1.36395 0
    endloop
  endfacet
  facet normal 0 0 -1
    outer loop
      vertex 6.89999 -7.5 0
      vertex 1.36395 -1.66197 0
      vertex 1.52028 -1.52028 0
    endloop
  endfacet
  facet normal 0 0 -1
    outer loop
      vertex 6.89999 -7.5 0
      vertex 1.19448 -1.78766 0
      vertex 1.36395 -1.66197 0
    endloop
  endfacet
  facet normal 0 0 -1
    outer loop
      vertex 6.89999 -7.5 0
      vertex 1.0135 -1.89613 0
      vertex 1.19448 -1.78766 0
    endloop
  endfacet
  facet normal 0 0 -1
    outer loop
      vertex 6.89999 -7.5 0
      vertex 0.822769 -1.98634 0
      vertex 1.0135 -1.89613 0
    endloop
  endfacet
  facet normal 0 0 -1
    outer loop
      vertex 6.89999 -7.5 0
      vertex 0.624111 -2.05742 0
      vertex 0.822769 -1.98634 0
    endloop
  endfacet
  facet normal 0 0 -1
    outer loop
      vertex 6.89999 -7.5 0
      vertex 0.419444 -2.10869 0
      vertex 0.624111 -2.05742 0
    endloop
  endfacet
  facet normal 0 0 -1
    outer loop
      vertex 6.89999 -7.5 0
      vertex 0.210736 -2.13965 0
      vertex 0.419444 -2.10869 0
    endloop
  endfacet
  facet normal 0 0 -1
    outer loop
      vertex 6.89999 -7.5 0
      vertex 0 -2.15 0
      vertex 0.210736 -2.13965 0
    endloop
  endfacet
  facet normal 0 0 -1
    outer loop
      vertex -6.89999 -7.5 0
      vertex 0 -2.15 0
      vertex 6.89999 -7.5 0
    endloop
  endfacet
  facet normal -0 0 -1
    outer loop
      vertex 0 -2.15 0
      vertex -6.89999 -7.5 0
      vertex -0.210736 -2.13965 0
    endloop
  endfacet
  facet normal -0 0 -1
    outer loop
      vertex -0.210736 -2.13965 0
      vertex -6.89999 -7.5 0
      vertex -0.419444 -2.10869 0
    endloop
  endfacet
  facet normal -0 0 -1
    outer loop
      vertex -0.419444 -2.10869 0
      vertex -6.89999 -7.5 0
      vertex -0.624111 -2.05742 0
    endloop
  endfacet
  facet normal -0 0 -1
    outer loop
      vertex -0.624111 -2.05742 0
      vertex -6.89999 -7.5 0
      vertex -0.822769 -1.98634 0
    endloop
  endfacet
  facet normal -0 0 -1
    outer loop
      vertex -0.822769 -1.98634 0
      vertex -6.89999 -7.5 0
      vertex -1.0135 -1.89613 0
    endloop
  endfacet
  facet normal -0 0 -1
    outer loop
      vertex -2.10869 -0.419444 0
      vertex -7.5 -6.89999 0
      vertex -2.13965 -0.210736 0
    endloop
  endfacet
  facet normal -0 0 -1
    outer loop
      vertex -2.05742 -0.624111 0
      vertex -7.5 -6.89999 0
      vertex -2.10869 -0.419444 0
    endloop
  endfacet
  facet normal -0 0 -1
    outer loop
      vertex -1.98634 -0.822769 0
      vertex -7.5 -6.89999 0
      vertex -2.05742 -0.624111 0
    endloop
  endfacet
  facet normal -0 0 -1
    outer loop
      vertex -1.89613 -1.0135 0
      vertex -7.5 -6.89999 0
      vertex -1.98634 -0.822769 0
    endloop
  endfacet
  facet normal -0 0 -1
    outer loop
      vertex -1.78766 -1.19448 0
      vertex -7.5 -6.89999 0
      vertex -1.89613 -1.0135 0
    endloop
  endfacet
  facet normal -0 0 -1
    outer loop
      vertex -1.66197 -1.36395 0
      vertex -7.5 -6.89999 0
      vertex -1.78766 -1.19448 0
    endloop
  endfacet
  facet normal -0 0 -1
    outer loop
      vertex -1.52028 -1.52028 0
      vertex -7.5 -6.89999 0
      vertex -1.66197 -1.36395 0
    endloop
  endfacet
  facet normal 0 0 -1
    outer loop
      vertex -7.5 -6.89999 0
      vertex -1.52028 -1.52028 0
      vertex -6.89999 -7.5 0
    endloop
  endfacet
  facet normal -0 0 -1
    outer loop
      vertex -1.36395 -1.66197 0
      vertex -6.89999 -7.5 0
      vertex -1.52028 -1.52028 0
    endloop
  endfacet
  facet normal -0 0 -1
    outer loop
      vertex -1.19448 -1.78766 0
      vertex -6.89999 -7.5 0
      vertex -1.36395 -1.66197 0
    endloop
  endfacet
  facet normal -0 0 -1
    outer loop
      vertex -1.0135 -1.89613 0
      vertex -6.89999 -7.5 0
      vertex -1.19448 -1.78766 0
    endloop
  endfacet
  facet normal 0 0 -1
    outer loop
      vertex 7.18283 7.42915 0
      vertex 6.89999 7.5 0
      vertex 7.12961 7.45432 0
    endloop
  endfacet
  facet normal 0 0 -1
    outer loop
      vertex 7.12961 7.45432 0
      vertex 6.89999 7.5 0
      vertex 7.07416 7.47415 0
    endloop
  endfacet
  facet normal 0 0 -1
    outer loop
      vertex 7.07416 7.47415 0
      vertex 6.89999 7.5 0
      vertex 7.01704 7.48846 0
    endloop
  endfacet
  facet normal 0 0 -1
    outer loop
      vertex 7.01704 7.48846 0
      vertex 6.89999 7.5 0
      vertex 6.9588 7.4971 0
    endloop
  endfacet
  facet normal 0 0 -1
    outer loop
      vertex 7.23334 7.39888 0
      vertex 6.89999 7.5 0
      vertex 7.18283 7.42915 0
    endloop
  endfacet
  facet normal 0 0 -1
    outer loop
      vertex 7.3638 7.28062 0
      vertex 6.89999 7.5 0
      vertex 7.32426 7.32426 0
    endloop
  endfacet
  facet normal 0 0 -1
    outer loop
      vertex 7.45432 7.12961 0
      vertex 6.89999 7.5 0
      vertex 7.42915 7.18283 0
    endloop
  endfacet
  facet normal 0 0 -1
    outer loop
      vertex 7.5 6.89999 0
      vertex 6.89999 7.5 0
      vertex 7.4971 6.9588 0
    endloop
  endfacet
  facet normal 0 0 -1
    outer loop
      vertex 1.36395 1.66197 0
      vertex 6.89999 7.5 0
      vertex 1.52028 1.52028 0
    endloop
  endfacet
  facet normal 0 0 -1
    outer loop
      vertex 1.19448 1.78766 0
      vertex 6.89999 7.5 0
      vertex 1.36395 1.66197 0
    endloop
  endfacet
  facet normal 0 0 -1
    outer loop
      vertex 1.0135 1.89613 0
      vertex 6.89999 7.5 0
      vertex 1.19448 1.78766 0
    endloop
  endfacet
  facet normal 0 0 -1
    outer loop
      vertex 0.822769 1.98634 0
      vertex 6.89999 7.5 0
      vertex 1.0135 1.89613 0
    endloop
  endfacet
  facet normal 0 0 -1
    outer loop
      vertex 0.624111 2.05742 0
      vertex 6.89999 7.5 0
      vertex 0.822769 1.98634 0
    endloop
  endfacet
  facet normal 0 0 -1
    outer loop
      vertex 0.419444 2.10869 0
      vertex 6.89999 7.5 0
      vertex 0.624111 2.05742 0
    endloop
  endfacet
  facet normal 0 0 -1
    outer loop
      vertex 0.210736 2.13965 0
      vertex 6.89999 7.5 0
      vertex 0.419444 2.10869 0
    endloop
  endfacet
  facet normal 0 0 -1
    outer loop
      vertex 0 2.15 0
      vertex 6.89999 7.5 0
      vertex 0.210736 2.13965 0
    endloop
  endfacet
  facet normal 0 0 -1
    outer loop
      vertex -6.89999 7.5 0
      vertex 0 2.15 0
      vertex -0.210736 2.13965 0
    endloop
  endfacet
  facet normal 0 0 -1
    outer loop
      vertex -6.89999 7.5 0
      vertex -0.210736 2.13965 0
      vertex -0.419444 2.10869 0
    endloop
  endfacet
  facet normal 0 0 -1
    outer loop
      vertex -6.89999 7.5 0
      vertex -0.419444 2.10869 0
      vertex -0.624111 2.05742 0
    endloop
  endfacet
  facet normal 0 0 -1
    outer loop
      vertex -6.89999 7.5 0
      vertex -0.624111 2.05742 0
      vertex -0.822769 1.98634 0
    endloop
  endfacet
  facet normal 0 0 -1
    outer loop
      vertex -6.89999 7.5 0
      vertex -0.822769 1.98634 0
      vertex -1.0135 1.89613 0
    endloop
  endfacet
  facet normal 0 0 -1
    outer loop
      vertex -6.89999 7.5 0
      vertex -1.0135 1.89613 0
      vertex -1.19448 1.78766 0
    endloop
  endfacet
  facet normal -0 0 -1
    outer loop
      vertex -2.13965 -0.210736 0
      vertex -7.5 -6.89999 0
      vertex -2.15 0 0
    endloop
  endfacet
  facet normal 0 0 -1
    outer loop
      vertex -7.5 6.89999 0
      vertex -2.15 0 0
      vertex -7.5 -6.89999 0
    endloop
  endfacet
  facet normal 0 0 -1
    outer loop
      vertex -2.15 0 0
      vertex -7.5 6.89999 0
      vertex -2.13965 0.210736 0
    endloop
  endfacet
  facet normal 0 0 -1
    outer loop
      vertex -2.13965 0.210736 0
      vertex -7.5 6.89999 0
      vertex -2.10869 0.419444 0
    endloop
  endfacet
  facet normal 0 0 -1
    outer loop
      vertex -2.10869 0.419444 0
      vertex -7.5 6.89999 0
      vertex -2.05742 0.624111 0
    endloop
  endfacet
  facet normal 0 0 -1
    outer loop
      vertex 0 2.15 0
      vertex -6.89999 7.5 0
      vertex 6.89999 7.5 0
    endloop
  endfacet
  facet normal 0 0 -1
    outer loop
      vertex -1.36395 1.66197 0
      vertex -6.89999 7.5 0
      vertex -1.19448 1.78766 0
    endloop
  endfacet
  facet normal 0 0 -1
    outer loop
      vertex -1.52028 1.52028 0
      vertex -6.89999 7.5 0
      vertex -1.36395 1.66197 0
    endloop
  endfacet
  facet normal 0 0 -1
    outer loop
      vertex -7.5 6.89999 0
      vertex -1.52028 1.52028 0
      vertex -1.66197 1.36395 0
    endloop
  endfacet
  facet normal 0 0 -1
    outer loop
      vertex -7.5 6.89999 0
      vertex -1.66197 1.36395 0
      vertex -1.78766 1.19448 0
    endloop
  endfacet
  facet normal 0 0 -1
    outer loop
      vertex -7.5 6.89999 0
      vertex -1.78766 1.19448 0
      vertex -1.89613 1.0135 0
    endloop
  endfacet
  facet normal 0 0 -1
    outer loop
      vertex -2.05742 0.624111 0
      vertex -7.5 6.89999 0
      vertex -1.98634 0.822769 0
    endloop
  endfacet
  facet normal 0 0 -1
    outer loop
      vertex -7.5 -6.89999 0
      vertex -6.89999 -7.5 0
      vertex -6.9588 -7.4971 0
    endloop
  endfacet
  facet normal 0 0 -1
    outer loop
      vertex -1.98634 0.822769 0
      vertex -7.5 6.89999 0
      vertex -1.89613 1.0135 0
    endloop
  endfacet
  facet normal 0 0 -1
    outer loop
      vertex -7.5 -6.89999 0
      vertex -6.9588 -7.4971 0
      vertex -7.01704 -7.48846 0
    endloop
  endfacet
  facet normal 0 0 -1
    outer loop
      vertex -1.52028 1.52028 0
      vertex -7.5 6.89999 0
      vertex -6.89999 7.5 0
    endloop
  endfacet
  facet normal 0 0 -1
    outer loop
      vertex -7.5 -6.89999 0
      vertex -7.01704 -7.48846 0
      vertex -7.07416 -7.47415 0
    endloop
  endfacet
  facet normal 0 0 -1
    outer loop
      vertex -6.89999 7.5 0
      vertex -7.5 6.89999 0
      vertex -6.9588 7.4971 0
    endloop
  endfacet
  facet normal 0 0 -1
    outer loop
      vertex -7.5 -6.89999 0
      vertex -7.07416 -7.47415 0
      vertex -7.12961 -7.45432 0
    endloop
  endfacet
  facet normal 0 0 -1
    outer loop
      vertex -6.9588 7.4971 0
      vertex -7.5 6.89999 0
      vertex -7.01704 7.48846 0
    endloop
  endfacet
  facet normal 0 0 -1
    outer loop
      vertex -7.5 -6.89999 0
      vertex -7.12961 -7.45432 0
      vertex -7.18283 -7.42915 0
    endloop
  endfacet
  facet normal 0 0 -1
    outer loop
      vertex -7.01704 7.48846 0
      vertex -7.5 6.89999 0
      vertex -7.07416 7.47415 0
    endloop
  endfacet
  facet normal 0 0 -1
    outer loop
      vertex -7.5 -6.89999 0
      vertex -7.18283 -7.42915 0
      vertex -7.23334 -7.39888 0
    endloop
  endfacet
  facet normal 0 0 -1
    outer loop
      vertex -7.07416 7.47415 0
      vertex -7.5 6.89999 0
      vertex -7.12961 7.45432 0
    endloop
  endfacet
  facet normal 0 0 -1
    outer loop
      vertex -7.5 -6.89999 0
      vertex -7.23334 -7.39888 0
      vertex -7.28062 -7.3638 0
    endloop
  endfacet
  facet normal 0 0 -1
    outer loop
      vertex -7.12961 7.45432 0
      vertex -7.5 6.89999 0
      vertex -7.18283 7.42915 0
    endloop
  endfacet
  facet normal 0 0 -1
    outer loop
      vertex -7.5 -6.89999 0
      vertex -7.28062 -7.3638 0
      vertex -7.32426 -7.32426 0
    endloop
  endfacet
  facet normal 0 0 -1
    outer loop
      vertex -7.18283 7.42915 0
      vertex -7.5 6.89999 0
      vertex -7.23334 7.39888 0
    endloop
  endfacet
  facet normal 0 0 -1
    outer loop
      vertex -7.5 -6.89999 0
      vertex -7.32426 -7.32426 0
      vertex -7.3638 -7.28062 0
    endloop
  endfacet
  facet normal 0 0 -1
    outer loop
      vertex -7.23334 7.39888 0
      vertex -7.5 6.89999 0
      vertex -7.28062 7.3638 0
    endloop
  endfacet
  facet normal 0 0 -1
    outer loop
      vertex -7.5 -6.89999 0
      vertex -7.3638 -7.28062 0
      vertex -7.39888 -7.23334 0
    endloop
  endfacet
  facet normal 0 0 -1
    outer loop
      vertex -7.28062 7.3638 0
      vertex -7.5 6.89999 0
      vertex -7.32426 7.32426 0
    endloop
  endfacet
  facet normal 0 0 -1
    outer loop
      vertex -7.5 -6.89999 0
      vertex -7.39888 -7.23334 0
      vertex -7.42915 -7.18283 0
    endloop
  endfacet
  facet normal 0 0 -1
    outer loop
      vertex -7.32426 7.32426 0
      vertex -7.5 6.89999 0
      vertex -7.3638 7.28062 0
    endloop
  endfacet
  facet normal 0 0 -1
    outer loop
      vertex -7.5 -6.89999 0
      vertex -7.42915 -7.18283 0
      vertex -7.45432 -7.12961 0
    endloop
  endfacet
  facet normal 0 0 -1
    outer loop
      vertex -7.3638 7.28062 0
      vertex -7.5 6.89999 0
      vertex -7.39888 7.23334 0
    endloop
  endfacet
  facet normal 0 0 -1
    outer loop
      vertex -7.5 -6.89999 0
      vertex -7.45432 -7.12961 0
      vertex -7.47415 -7.07416 0
    endloop
  endfacet
  facet normal 0 0 -1
    outer loop
      vertex -7.39888 7.23334 0
      vertex -7.5 6.89999 0
      vertex -7.42915 7.18283 0
    endloop
  endfacet
  facet normal 0 0 -1
    outer loop
      vertex -7.5 -6.89999 0
      vertex -7.47415 -7.07416 0
      vertex -7.48846 -7.01704 0
    endloop
  endfacet
  facet normal 0 0 -1
    outer loop
      vertex -7.42915 7.18283 0
      vertex -7.5 6.89999 0
      vertex -7.45432 7.12961 0
    endloop
  endfacet
  facet normal 0 0 -1
    outer loop
      vertex -7.5 -6.89999 0
      vertex -7.48846 -7.01704 0
      vertex -7.4971 -6.9588 0
    endloop
  endfacet
  facet normal 0 0 -1
    outer loop
      vertex -7.45432 7.12961 0
      vertex -7.5 6.89999 0
      vertex -7.47415 7.07416 0
    endloop
  endfacet
  facet normal 0 0 -1
    outer loop
      vertex -7.47415 7.07416 0
      vertex -7.5 6.89999 0
      vertex -7.48846 7.01704 0
    endloop
  endfacet
  facet normal 0 0 -1
    outer loop
      vertex -7.48846 7.01704 0
      vertex -7.5 6.89999 0
      vertex -7.4971 6.9588 0
    endloop
  endfacet
  facet normal -1 0 0
    outer loop
      vertex -7.5 -6.89999 0
      vertex -7.5 6.89999 21.25
      vertex -7.5 6.89999 0
    endloop
  endfacet
  facet normal -1 -0 0
    outer loop
      vertex -7.5 6.89999 21.25
      vertex -7.5 -6.89999 0
      vertex -7.5 -6.89999 21.25
    endloop
  endfacet
  facet normal -0.427539 0.903997 0
    outer loop
      vertex -7.12961 7.45432 0
      vertex -7.18283 7.42915 21.25
      vertex -7.12961 7.45432 21.25
    endloop
  endfacet
  facet normal -0.427539 0.903997 0
    outer loop
      vertex -7.18283 7.42915 21.25
      vertex -7.12961 7.45432 0
      vertex -7.18283 7.42915 0
    endloop
  endfacet
  facet normal -0.9416 0.336734 0
    outer loop
      vertex -7.47415 7.07416 0
      vertex -7.45432 7.12961 21.25
      vertex -7.45432 7.12961 0
    endloop
  endfacet
  facet normal -0.9416 0.336734 0
    outer loop
      vertex -7.45432 7.12961 21.25
      vertex -7.47415 7.07416 0
      vertex -7.47415 7.07416 21.25
    endloop
  endfacet
  facet normal 0.803088 0.595861 0
    outer loop
      vertex 7.39888 7.23334 21.25
      vertex 7.3638 7.28062 0
      vertex 7.3638 7.28062 21.25
    endloop
  endfacet
  facet normal 0.803088 0.595861 0
    outer loop
      vertex 7.3638 7.28062 0
      vertex 7.39888 7.23334 21.25
      vertex 7.39888 7.23334 0
    endloop
  endfacet
  facet normal 0.857763 -0.514046 0
    outer loop
      vertex 7.39888 -7.23334 21.25
      vertex 7.42915 -7.18283 0
      vertex 7.42915 -7.18283 21.25
    endloop
  endfacet
  facet normal 0.857763 -0.514046 0
    outer loop
      vertex 7.42915 -7.18283 0
      vertex 7.39888 -7.23334 21.25
      vertex 7.39888 -7.23334 0
    endloop
  endfacet
  facet normal 0.671438 -0.741061 0
    outer loop
      vertex 7.28062 -7.3638 0
      vertex 7.32426 -7.32426 21.25
      vertex 7.28062 -7.3638 21.25
    endloop
  endfacet
  facet normal 0.671438 -0.741061 0
    outer loop
      vertex 7.32426 -7.32426 21.25
      vertex 7.28062 -7.3638 0
      vertex 7.32426 -7.32426 0
    endloop
  endfacet
  facet normal 0 1 -0
    outer loop
      vertex 6.89999 7.5 0
      vertex -6.89999 7.5 21.25
      vertex 6.89999 7.5 21.25
    endloop
  endfacet
  facet normal 0 1 0
    outer loop
      vertex -6.89999 7.5 21.25
      vertex 6.89999 7.5 0
      vertex -6.89999 7.5 0
    endloop
  endfacet
  facet normal -0.336734 0.9416 0
    outer loop
      vertex -7.07416 7.47415 0
      vertex -7.12961 7.45432 21.25
      vertex -7.07416 7.47415 21.25
    endloop
  endfacet
  facet normal -0.336734 0.9416 0
    outer loop
      vertex -7.12961 7.45432 21.25
      vertex -7.07416 7.47415 0
      vertex -7.12961 7.45432 0
    endloop
  endfacet
  facet normal 0.514046 -0.857763 0
    outer loop
      vertex 7.18283 -7.42915 0
      vertex 7.23334 -7.39888 21.25
      vertex 7.18283 -7.42915 21.25
    endloop
  endfacet
  facet normal 0.514046 -0.857763 0
    outer loop
      vertex 7.23334 -7.39888 21.25
      vertex 7.18283 -7.42915 0
      vertex 7.23334 -7.39888 0
    endloop
  endfacet
  facet normal -0.243015 -0.970023 0
    outer loop
      vertex -7.07416 -7.47415 0
      vertex -7.01704 -7.48846 21.25
      vertex -7.07416 -7.47415 21.25
    endloop
  endfacet
  facet normal -0.243015 -0.970023 -0
    outer loop
      vertex -7.01704 -7.48846 21.25
      vertex -7.07416 -7.47415 0
      vertex -7.01704 -7.48846 0
    endloop
  endfacet
  facet normal -0.903997 -0.427539 0
    outer loop
      vertex -7.42915 -7.18283 0
      vertex -7.45432 -7.12961 21.25
      vertex -7.45432 -7.12961 0
    endloop
  endfacet
  facet normal -0.903997 -0.427539 0
    outer loop
      vertex -7.45432 -7.12961 21.25
      vertex -7.42915 -7.18283 0
      vertex -7.42915 -7.18283 21.25
    endloop
  endfacet
  facet normal 0.741061 0.671438 0
    outer loop
      vertex 7.3638 7.28062 21.25
      vertex 7.32426 7.32426 0
      vertex 7.32426 7.32426 21.25
    endloop
  endfacet
  facet normal 0.741061 0.671438 0
    outer loop
      vertex 7.32426 7.32426 0
      vertex 7.3638 7.28062 21.25
      vertex 7.3638 7.28062 0
    endloop
  endfacet
  facet normal 0.9416 0.336734 0
    outer loop
      vertex 7.47415 7.07416 21.25
      vertex 7.45432 7.12961 0
      vertex 7.45432 7.12961 21.25
    endloop
  endfacet
  facet normal 0.9416 0.336734 0
    outer loop
      vertex 7.45432 7.12961 0
      vertex 7.47415 7.07416 21.25
      vertex 7.47415 7.07416 0
    endloop
  endfacet
  facet normal 0.595861 0.803088 -0
    outer loop
      vertex 7.28062 7.3638 0
      vertex 7.23334 7.39888 21.25
      vertex 7.28062 7.3638 21.25
    endloop
  endfacet
  facet normal 0.595861 0.803088 0
    outer loop
      vertex 7.23334 7.39888 21.25
      vertex 7.28062 7.3638 0
      vertex 7.23334 7.39888 0
    endloop
  endfacet
  facet normal -0.146746 0.989174 0
    outer loop
      vertex -6.9588 7.4971 0
      vertex -7.01704 7.48846 21.25
      vertex -6.9588 7.4971 21.25
    endloop
  endfacet
  facet normal -0.146746 0.989174 0
    outer loop
      vertex -7.01704 7.48846 21.25
      vertex -6.9588 7.4971 0
      vertex -7.01704 7.48846 0
    endloop
  endfacet
  facet normal -0.903997 0.427539 0
    outer loop
      vertex -7.45432 7.12961 0
      vertex -7.42915 7.18283 21.25
      vertex -7.42915 7.18283 0
    endloop
  endfacet
  facet normal -0.903997 0.427539 0
    outer loop
      vertex -7.42915 7.18283 21.25
      vertex -7.45432 7.12961 0
      vertex -7.45432 7.12961 21.25
    endloop
  endfacet
  facet normal -0.243015 0.970023 0
    outer loop
      vertex -7.01704 7.48846 0
      vertex -7.07416 7.47415 21.25
      vertex -7.01704 7.48846 21.25
    endloop
  endfacet
  facet normal -0.243015 0.970023 0
    outer loop
      vertex -7.07416 7.47415 21.25
      vertex -7.01704 7.48846 0
      vertex -7.07416 7.47415 0
    endloop
  endfacet
  facet normal -0.857763 -0.514046 0
    outer loop
      vertex -7.39888 -7.23334 0
      vertex -7.42915 -7.18283 21.25
      vertex -7.42915 -7.18283 0
    endloop
  endfacet
  facet normal -0.857763 -0.514046 0
    outer loop
      vertex -7.42915 -7.18283 21.25
      vertex -7.39888 -7.23334 0
      vertex -7.39888 -7.23334 21.25
    endloop
  endfacet
  facet normal 0.970023 -0.243015 0
    outer loop
      vertex 7.47415 -7.07416 21.25
      vertex 7.48846 -7.01704 0
      vertex 7.48846 -7.01704 21.25
    endloop
  endfacet
  facet normal 0.970023 -0.243015 0
    outer loop
      vertex 7.48846 -7.01704 0
      vertex 7.47415 -7.07416 21.25
      vertex 7.47415 -7.07416 0
    endloop
  endfacet
  facet normal 0.998786 0.0492515 0
    outer loop
      vertex 7.5 6.89999 21.25
      vertex 7.4971 6.9588 0
      vertex 7.4971 6.9588 21.25
    endloop
  endfacet
  facet normal 0.998786 0.0492515 0
    outer loop
      vertex 7.4971 6.9588 0
      vertex 7.5 6.89999 21.25
      vertex 7.5 6.89999 0
    endloop
  endfacet
  facet normal -0.514046 -0.857763 0
    outer loop
      vertex -7.23334 -7.39888 0
      vertex -7.18283 -7.42915 21.25
      vertex -7.23334 -7.39888 21.25
    endloop
  endfacet
  facet normal -0.514046 -0.857763 -0
    outer loop
      vertex -7.18283 -7.42915 21.25
      vertex -7.23334 -7.39888 0
      vertex -7.18283 -7.42915 0
    endloop
  endfacet
  facet normal -0.970023 0.243015 0
    outer loop
      vertex -7.48846 7.01704 0
      vertex -7.47415 7.07416 21.25
      vertex -7.47415 7.07416 0
    endloop
  endfacet
  facet normal -0.970023 0.243015 0
    outer loop
      vertex -7.47415 7.07416 21.25
      vertex -7.48846 7.01704 0
      vertex -7.48846 7.01704 21.25
    endloop
  endfacet
  facet normal -0.970023 -0.243015 0
    outer loop
      vertex -7.47415 -7.07416 0
      vertex -7.48846 -7.01704 21.25
      vertex -7.48846 -7.01704 0
    endloop
  endfacet
  facet normal -0.970023 -0.243015 0
    outer loop
      vertex -7.48846 -7.01704 21.25
      vertex -7.47415 -7.07416 0
      vertex -7.47415 -7.07416 21.25
    endloop
  endfacet
  facet normal -0.427539 -0.903997 0
    outer loop
      vertex -7.18283 -7.42915 0
      vertex -7.12961 -7.45432 21.25
      vertex -7.18283 -7.42915 21.25
    endloop
  endfacet
  facet normal -0.427539 -0.903997 -0
    outer loop
      vertex -7.12961 -7.45432 21.25
      vertex -7.18283 -7.42915 0
      vertex -7.12961 -7.45432 0
    endloop
  endfacet
  facet normal -0.146746 -0.989174 0
    outer loop
      vertex -7.01704 -7.48846 0
      vertex -6.9588 -7.4971 21.25
      vertex -7.01704 -7.48846 21.25
    endloop
  endfacet
  facet normal -0.146746 -0.989174 -0
    outer loop
      vertex -6.9588 -7.4971 21.25
      vertex -7.01704 -7.48846 0
      vertex -6.9588 -7.4971 0
    endloop
  endfacet
  facet normal 0.903997 -0.427539 0
    outer loop
      vertex 7.42915 -7.18283 21.25
      vertex 7.45432 -7.12961 0
      vertex 7.45432 -7.12961 21.25
    endloop
  endfacet
  facet normal 0.903997 -0.427539 0
    outer loop
      vertex 7.45432 -7.12961 0
      vertex 7.42915 -7.18283 21.25
      vertex 7.42915 -7.18283 0
    endloop
  endfacet
  facet normal -0.803088 -0.595861 0
    outer loop
      vertex -7.3638 -7.28062 0
      vertex -7.39888 -7.23334 21.25
      vertex -7.39888 -7.23334 0
    endloop
  endfacet
  facet normal -0.803088 -0.595861 0
    outer loop
      vertex -7.39888 -7.23334 21.25
      vertex -7.3638 -7.28062 0
      vertex -7.3638 -7.28062 21.25
    endloop
  endfacet
  facet normal -0.0492515 -0.998786 0
    outer loop
      vertex -6.9588 -7.4971 0
      vertex -6.89999 -7.5 21.25
      vertex -6.9588 -7.4971 21.25
    endloop
  endfacet
  facet normal -0.0492515 -0.998786 -0
    outer loop
      vertex -6.89999 -7.5 21.25
      vertex -6.9588 -7.4971 0
      vertex -6.89999 -7.5 0
    endloop
  endfacet
  facet normal 0.998786 -0.0492515 0
    outer loop
      vertex 7.4971 -6.9588 21.25
      vertex 7.5 -6.89999 0
      vertex 7.5 -6.89999 21.25
    endloop
  endfacet
  facet normal 0.998786 -0.0492515 0
    outer loop
      vertex 7.5 -6.89999 0
      vertex 7.4971 -6.9588 21.25
      vertex 7.4971 -6.9588 0
    endloop
  endfacet
  facet normal -0.741061 -0.671438 0
    outer loop
      vertex -7.32426 -7.32426 0
      vertex -7.3638 -7.28062 21.25
      vertex -7.3638 -7.28062 0
    endloop
  endfacet
  facet normal -0.741061 -0.671438 0
    outer loop
      vertex -7.3638 -7.28062 21.25
      vertex -7.32426 -7.32426 0
      vertex -7.32426 -7.32426 21.25
    endloop
  endfacet
  facet normal -0.671438 0.741061 0
    outer loop
      vertex -7.28062 7.3638 0
      vertex -7.32426 7.32426 21.25
      vertex -7.28062 7.3638 21.25
    endloop
  endfacet
  facet normal -0.671438 0.741061 0
    outer loop
      vertex -7.32426 7.32426 21.25
      vertex -7.28062 7.3638 0
      vertex -7.32426 7.32426 0
    endloop
  endfacet
  facet normal -0.803088 0.595861 0
    outer loop
      vertex -7.39888 7.23334 0
      vertex -7.3638 7.28062 21.25
      vertex -7.3638 7.28062 0
    endloop
  endfacet
  facet normal -0.803088 0.595861 0
    outer loop
      vertex -7.3638 7.28062 21.25
      vertex -7.39888 7.23334 0
      vertex -7.39888 7.23334 21.25
    endloop
  endfacet
  facet normal -0.595861 0.803088 0
    outer loop
      vertex -7.23334 7.39888 0
      vertex -7.28062 7.3638 21.25
      vertex -7.23334 7.39888 21.25
    endloop
  endfacet
  facet normal -0.595861 0.803088 0
    outer loop
      vertex -7.28062 7.3638 21.25
      vertex -7.23334 7.39888 0
      vertex -7.28062 7.3638 0
    endloop
  endfacet
  facet normal -0.514046 0.857763 0
    outer loop
      vertex -7.18283 7.42915 0
      vertex -7.23334 7.39888 21.25
      vertex -7.18283 7.42915 21.25
    endloop
  endfacet
  facet normal -0.514046 0.857763 0
    outer loop
      vertex -7.23334 7.39888 21.25
      vertex -7.18283 7.42915 0
      vertex -7.23334 7.39888 0
    endloop
  endfacet
  facet normal 0.146746 0.989174 -0
    outer loop
      vertex 7.01704 7.48846 0
      vertex 6.9588 7.4971 21.25
      vertex 7.01704 7.48846 21.25
    endloop
  endfacet
  facet normal 0.146746 0.989174 0
    outer loop
      vertex 6.9588 7.4971 21.25
      vertex 7.01704 7.48846 0
      vertex 6.9588 7.4971 0
    endloop
  endfacet
  facet normal 0.427539 0.903997 -0
    outer loop
      vertex 7.18283 7.42915 0
      vertex 7.12961 7.45432 21.25
      vertex 7.18283 7.42915 21.25
    endloop
  endfacet
  facet normal 0.427539 0.903997 0
    outer loop
      vertex 7.12961 7.45432 21.25
      vertex 7.18283 7.42915 0
      vertex 7.12961 7.45432 0
    endloop
  endfacet
  facet normal 0 0 1
    outer loop
      vertex 6.89999 7.5 21.25
      vertex 7.5 6.89999 21.25
      vertex 7.4971 6.9588 21.25
    endloop
  endfacet
  facet normal 0 0 1
    outer loop
      vertex 7.5 6.89999 21.25
      vertex 6.89999 7.5 21.25
      vertex 7.5 -6.89999 21.25
    endloop
  endfacet
  facet normal 0 0 1
    outer loop
      vertex 6.89999 7.5 21.25
      vertex 7.4971 6.9588 21.25
      vertex 7.48846 7.01704 21.25
    endloop
  endfacet
  facet normal 0 0 1
    outer loop
      vertex 6.89999 -7.5 21.25
      vertex 7.5 -6.89999 21.25
      vertex 6.89999 7.5 21.25
    endloop
  endfacet
  facet normal 0 0 1
    outer loop
      vertex 6.89999 7.5 21.25
      vertex 7.48846 7.01704 21.25
      vertex 7.47415 7.07416 21.25
    endloop
  endfacet
  facet normal 0 0 1
    outer loop
      vertex 7.5 -6.89999 21.25
      vertex 6.89999 -7.5 21.25
      vertex 7.4971 -6.9588 21.25
    endloop
  endfacet
  facet normal 0 0 1
    outer loop
      vertex 6.89999 7.5 21.25
      vertex 7.47415 7.07416 21.25
      vertex 7.45432 7.12961 21.25
    endloop
  endfacet
  facet normal 0 0 1
    outer loop
      vertex 7.4971 -6.9588 21.25
      vertex 6.89999 -7.5 21.25
      vertex 7.48846 -7.01704 21.25
    endloop
  endfacet
  facet normal 0 0 1
    outer loop
      vertex 6.89999 7.5 21.25
      vertex 7.45432 7.12961 21.25
      vertex 7.42915 7.18283 21.25
    endloop
  endfacet
  facet normal 0 0 1
    outer loop
      vertex 7.48846 -7.01704 21.25
      vertex 6.89999 -7.5 21.25
      vertex 7.47415 -7.07416 21.25
    endloop
  endfacet
  facet normal 0 0 1
    outer loop
      vertex 6.89999 7.5 21.25
      vertex 7.42915 7.18283 21.25
      vertex 7.39888 7.23334 21.25
    endloop
  endfacet
  facet normal 0 0 1
    outer loop
      vertex 7.47415 -7.07416 21.25
      vertex 6.89999 -7.5 21.25
      vertex 7.45432 -7.12961 21.25
    endloop
  endfacet
  facet normal 0 0 1
    outer loop
      vertex 6.89999 7.5 21.25
      vertex 7.39888 7.23334 21.25
      vertex 7.3638 7.28062 21.25
    endloop
  endfacet
  facet normal 0 0 1
    outer loop
      vertex 7.45432 -7.12961 21.25
      vertex 6.89999 -7.5 21.25
      vertex 7.42915 -7.18283 21.25
    endloop
  endfacet
  facet normal 0 0 1
    outer loop
      vertex 6.89999 7.5 21.25
      vertex 7.3638 7.28062 21.25
      vertex 7.32426 7.32426 21.25
    endloop
  endfacet
  facet normal 0 0 1
    outer loop
      vertex 7.42915 -7.18283 21.25
      vertex 6.89999 -7.5 21.25
      vertex 7.39888 -7.23334 21.25
    endloop
  endfacet
  facet normal 0 0 1
    outer loop
      vertex 6.89999 7.5 21.25
      vertex 7.32426 7.32426 21.25
      vertex 7.28062 7.3638 21.25
    endloop
  endfacet
  facet normal 0 0 1
    outer loop
      vertex 7.39888 -7.23334 21.25
      vertex 6.89999 -7.5 21.25
      vertex 7.3638 -7.28062 21.25
    endloop
  endfacet
  facet normal 0 0 1
    outer loop
      vertex 6.89999 7.5 21.25
      vertex 7.28062 7.3638 21.25
      vertex 7.23334 7.39888 21.25
    endloop
  endfacet
  facet normal 0 0 1
    outer loop
      vertex 7.3638 -7.28062 21.25
      vertex 6.89999 -7.5 21.25
      vertex 7.32426 -7.32426 21.25
    endloop
  endfacet
  facet normal 0 0 1
    outer loop
      vertex 6.89999 7.5 21.25
      vertex 7.23334 7.39888 21.25
      vertex 7.18283 7.42915 21.25
    endloop
  endfacet
  facet normal 0 0 1
    outer loop
      vertex 7.32426 -7.32426 21.25
      vertex 6.89999 -7.5 21.25
      vertex 7.28062 -7.3638 21.25
    endloop
  endfacet
  facet normal 0 0 1
    outer loop
      vertex 6.89999 7.5 21.25
      vertex 7.18283 7.42915 21.25
      vertex 7.12961 7.45432 21.25
    endloop
  endfacet
  facet normal 0 0 1
    outer loop
      vertex 7.28062 -7.3638 21.25
      vertex 6.89999 -7.5 21.25
      vertex 7.23334 -7.39888 21.25
    endloop
  endfacet
  facet normal 0 0 1
    outer loop
      vertex 6.89999 7.5 21.25
      vertex 7.12961 7.45432 21.25
      vertex 7.07416 7.47415 21.25
    endloop
  endfacet
  facet normal 0 0 1
    outer loop
      vertex 7.23334 -7.39888 21.25
      vertex 6.89999 -7.5 21.25
      vertex 7.18283 -7.42915 21.25
    endloop
  endfacet
  facet normal 0 0 1
    outer loop
      vertex 6.89999 7.5 21.25
      vertex 7.07416 7.47415 21.25
      vertex 7.01704 7.48846 21.25
    endloop
  endfacet
  facet normal 0 0 1
    outer loop
      vertex 7.18283 -7.42915 21.25
      vertex 6.89999 -7.5 21.25
      vertex 7.12961 -7.45432 21.25
    endloop
  endfacet
  facet normal 0 0 1
    outer loop
      vertex 6.89999 7.5 21.25
      vertex 7.01704 7.48846 21.25
      vertex 6.9588 7.4971 21.25
    endloop
  endfacet
  facet normal 0 0 1
    outer loop
      vertex 7.12961 -7.45432 21.25
      vertex 6.89999 -7.5 21.25
      vertex 7.07416 -7.47415 21.25
    endloop
  endfacet
  facet normal 0 0 1
    outer loop
      vertex 7.07416 -7.47415 21.25
      vertex 6.89999 -7.5 21.25
      vertex 7.01704 -7.48846 21.25
    endloop
  endfacet
  facet normal 0 0 1
    outer loop
      vertex 7.01704 -7.48846 21.25
      vertex 6.89999 -7.5 21.25
      vertex 6.9588 -7.4971 21.25
    endloop
  endfacet
  facet normal -0 0 1
    outer loop
      vertex -6.89999 7.5 21.25
      vertex 6.89999 -7.5 21.25
      vertex 6.89999 7.5 21.25
    endloop
  endfacet
  facet normal 0 0 1
    outer loop
      vertex -6.89999 7.5 21.25
      vertex -6.89999 -7.5 21.25
      vertex 6.89999 -7.5 21.25
    endloop
  endfacet
  facet normal 0 0 1
    outer loop
      vertex -7.5 6.89999 21.25
      vertex -6.89999 7.5 21.25
      vertex -6.9588 7.4971 21.25
    endloop
  endfacet
  facet normal 0 0 1
    outer loop
      vertex -6.89999 7.5 21.25
      vertex -7.5 6.89999 21.25
      vertex -6.89999 -7.5 21.25
    endloop
  endfacet
  facet normal 0 0 1
    outer loop
      vertex -7.5 6.89999 21.25
      vertex -6.9588 7.4971 21.25
      vertex -7.01704 7.48846 21.25
    endloop
  endfacet
  facet normal -0 0 1
    outer loop
      vertex -7.5 -6.89999 21.25
      vertex -6.89999 -7.5 21.25
      vertex -7.5 6.89999 21.25
    endloop
  endfacet
  facet normal 0 0 1
    outer loop
      vertex -7.5 6.89999 21.25
      vertex -7.01704 7.48846 21.25
      vertex -7.07416 7.47415 21.25
    endloop
  endfacet
  facet normal 0 0 1
    outer loop
      vertex -6.89999 -7.5 21.25
      vertex -7.5 -6.89999 21.25
      vertex -6.9588 -7.4971 21.25
    endloop
  endfacet
  facet normal 0 0 1
    outer loop
      vertex -7.5 6.89999 21.25
      vertex -7.07416 7.47415 21.25
      vertex -7.12961 7.45432 21.25
    endloop
  endfacet
  facet normal 0 0 1
    outer loop
      vertex -6.9588 -7.4971 21.25
      vertex -7.5 -6.89999 21.25
      vertex -7.01704 -7.48846 21.25
    endloop
  endfacet
  facet normal 0 0 1
    outer loop
      vertex -7.5 6.89999 21.25
      vertex -7.12961 7.45432 21.25
      vertex -7.18283 7.42915 21.25
    endloop
  endfacet
  facet normal 0 0 1
    outer loop
      vertex -7.01704 -7.48846 21.25
      vertex -7.5 -6.89999 21.25
      vertex -7.07416 -7.47415 21.25
    endloop
  endfacet
  facet normal 0 0 1
    outer loop
      vertex -7.5 6.89999 21.25
      vertex -7.18283 7.42915 21.25
      vertex -7.23334 7.39888 21.25
    endloop
  endfacet
  facet normal 0 0 1
    outer loop
      vertex -7.07416 -7.47415 21.25
      vertex -7.5 -6.89999 21.25
      vertex -7.12961 -7.45432 21.25
    endloop
  endfacet
  facet normal 0 0 1
    outer loop
      vertex -7.5 6.89999 21.25
      vertex -7.23334 7.39888 21.25
      vertex -7.28062 7.3638 21.25
    endloop
  endfacet
  facet normal 0 0 1
    outer loop
      vertex -7.12961 -7.45432 21.25
      vertex -7.5 -6.89999 21.25
      vertex -7.18283 -7.42915 21.25
    endloop
  endfacet
  facet normal 0 0 1
    outer loop
      vertex -7.5 6.89999 21.25
      vertex -7.28062 7.3638 21.25
      vertex -7.32426 7.32426 21.25
    endloop
  endfacet
  facet normal 0 0 1
    outer loop
      vertex -7.18283 -7.42915 21.25
      vertex -7.5 -6.89999 21.25
      vertex -7.23334 -7.39888 21.25
    endloop
  endfacet
  facet normal 0 0 1
    outer loop
      vertex -7.5 6.89999 21.25
      vertex -7.32426 7.32426 21.25
      vertex -7.3638 7.28062 21.25
    endloop
  endfacet
  facet normal 0 0 1
    outer loop
      vertex -7.23334 -7.39888 21.25
      vertex -7.5 -6.89999 21.25
      vertex -7.28062 -7.3638 21.25
    endloop
  endfacet
  facet normal 0 0 1
    outer loop
      vertex -7.5 6.89999 21.25
      vertex -7.3638 7.28062 21.25
      vertex -7.39888 7.23334 21.25
    endloop
  endfacet
  facet normal 0 0 1
    outer loop
      vertex -7.28062 -7.3638 21.25
      vertex -7.5 -6.89999 21.25
      vertex -7.32426 -7.32426 21.25
    endloop
  endfacet
  facet normal 0 0 1
    outer loop
      vertex -7.5 6.89999 21.25
      vertex -7.39888 7.23334 21.25
      vertex -7.42915 7.18283 21.25
    endloop
  endfacet
  facet normal 0 0 1
    outer loop
      vertex -7.32426 -7.32426 21.25
      vertex -7.5 -6.89999 21.25
      vertex -7.3638 -7.28062 21.25
    endloop
  endfacet
  facet normal 0 0 1
    outer loop
      vertex -7.5 6.89999 21.25
      vertex -7.42915 7.18283 21.25
      vertex -7.45432 7.12961 21.25
    endloop
  endfacet
  facet normal 0 0 1
    outer loop
      vertex -7.3638 -7.28062 21.25
      vertex -7.5 -6.89999 21.25
      vertex -7.39888 -7.23334 21.25
    endloop
  endfacet
  facet normal 0 0 1
    outer loop
      vertex -7.5 6.89999 21.25
      vertex -7.45432 7.12961 21.25
      vertex -7.47415 7.07416 21.25
    endloop
  endfacet
  facet normal 0 0 1
    outer loop
      vertex -7.39888 -7.23334 21.25
      vertex -7.5 -6.89999 21.25
      vertex -7.42915 -7.18283 21.25
    endloop
  endfacet
  facet normal 0 0 1
    outer loop
      vertex -7.5 6.89999 21.25
      vertex -7.47415 7.07416 21.25
      vertex -7.48846 7.01704 21.25
    endloop
  endfacet
  facet normal 0 0 1
    outer loop
      vertex -7.42915 -7.18283 21.25
      vertex -7.5 -6.89999 21.25
      vertex -7.45432 -7.12961 21.25
    endloop
  endfacet
  facet normal 0 0 1
    outer loop
      vertex -7.5 6.89999 21.25
      vertex -7.48846 7.01704 21.25
      vertex -7.4971 6.9588 21.25
    endloop
  endfacet
  facet normal 0 0 1
    outer loop
      vertex -7.45432 -7.12961 21.25
      vertex -7.5 -6.89999 21.25
      vertex -7.47415 -7.07416 21.25
    endloop
  endfacet
  facet normal 0 0 1
    outer loop
      vertex -7.47415 -7.07416 21.25
      vertex -7.5 -6.89999 21.25
      vertex -7.48846 -7.01704 21.25
    endloop
  endfacet
  facet normal 0 0 1
    outer loop
      vertex -7.48846 -7.01704 21.25
      vertex -7.5 -6.89999 21.25
      vertex -7.4971 -6.9588 21.25
    endloop
  endfacet
  facet normal 0.243015 0.970023 -0
    outer loop
      vertex 7.07416 7.47415 0
      vertex 7.01704 7.48846 21.25
      vertex 7.07416 7.47415 21.25
    endloop
  endfacet
  facet normal 0.243015 0.970023 0
    outer loop
      vertex 7.01704 7.48846 21.25
      vertex 7.07416 7.47415 0
      vertex 7.01704 7.48846 0
    endloop
  endfacet
  facet normal 0.857763 0.514046 0
    outer loop
      vertex 7.42915 7.18283 21.25
      vertex 7.39888 7.23334 0
      vertex 7.39888 7.23334 21.25
    endloop
  endfacet
  facet normal 0.857763 0.514046 0
    outer loop
      vertex 7.39888 7.23334 0
      vertex 7.42915 7.18283 21.25
      vertex 7.42915 7.18283 0
    endloop
  endfacet
  facet normal -0.741061 0.671438 0
    outer loop
      vertex -7.3638 7.28062 0
      vertex -7.32426 7.32426 21.25
      vertex -7.32426 7.32426 0
    endloop
  endfacet
  facet normal -0.741061 0.671438 0
    outer loop
      vertex -7.32426 7.32426 21.25
      vertex -7.3638 7.28062 0
      vertex -7.3638 7.28062 21.25
    endloop
  endfacet
  facet normal 0.989174 0.146746 0
    outer loop
      vertex 7.4971 6.9588 21.25
      vertex 7.48846 7.01704 0
      vertex 7.48846 7.01704 21.25
    endloop
  endfacet
  facet normal 0.989174 0.146746 0
    outer loop
      vertex 7.48846 7.01704 0
      vertex 7.4971 6.9588 21.25
      vertex 7.4971 6.9588 0
    endloop
  endfacet
  facet normal -0.9416 -0.336734 0
    outer loop
      vertex -7.45432 -7.12961 0
      vertex -7.47415 -7.07416 21.25
      vertex -7.47415 -7.07416 0
    endloop
  endfacet
  facet normal -0.9416 -0.336734 0
    outer loop
      vertex -7.47415 -7.07416 21.25
      vertex -7.45432 -7.12961 0
      vertex -7.45432 -7.12961 21.25
    endloop
  endfacet
  facet normal 0.741061 -0.671438 0
    outer loop
      vertex 7.32426 -7.32426 21.25
      vertex 7.3638 -7.28062 0
      vertex 7.3638 -7.28062 21.25
    endloop
  endfacet
  facet normal 0.741061 -0.671438 0
    outer loop
      vertex 7.3638 -7.28062 0
      vertex 7.32426 -7.32426 21.25
      vertex 7.32426 -7.32426 0
    endloop
  endfacet
  facet normal 0.9416 -0.336734 0
    outer loop
      vertex 7.45432 -7.12961 21.25
      vertex 7.47415 -7.07416 0
      vertex 7.47415 -7.07416 21.25
    endloop
  endfacet
  facet normal 0.9416 -0.336734 0
    outer loop
      vertex 7.47415 -7.07416 0
      vertex 7.45432 -7.12961 21.25
      vertex 7.45432 -7.12961 0
    endloop
  endfacet
  facet normal 0.0492515 0.998786 -0
    outer loop
      vertex 6.9588 7.4971 0
      vertex 6.89999 7.5 21.25
      vertex 6.9588 7.4971 21.25
    endloop
  endfacet
  facet normal 0.0492515 0.998786 0
    outer loop
      vertex 6.89999 7.5 21.25
      vertex 6.9588 7.4971 0
      vertex 6.89999 7.5 0
    endloop
  endfacet
  facet normal 0.595861 -0.803088 0
    outer loop
      vertex 7.23334 -7.39888 0
      vertex 7.28062 -7.3638 21.25
      vertex 7.23334 -7.39888 21.25
    endloop
  endfacet
  facet normal 0.595861 -0.803088 0
    outer loop
      vertex 7.28062 -7.3638 21.25
      vertex 7.23334 -7.39888 0
      vertex 7.28062 -7.3638 0
    endloop
  endfacet
  facet normal 0.970023 0.243015 0
    outer loop
      vertex 7.48846 7.01704 21.25
      vertex 7.47415 7.07416 0
      vertex 7.47415 7.07416 21.25
    endloop
  endfacet
  facet normal 0.970023 0.243015 0
    outer loop
      vertex 7.47415 7.07416 0
      vertex 7.48846 7.01704 21.25
      vertex 7.48846 7.01704 0
    endloop
  endfacet
  facet normal 0.989174 -0.146746 0
    outer loop
      vertex 7.48846 -7.01704 21.25
      vertex 7.4971 -6.9588 0
      vertex 7.4971 -6.9588 21.25
    endloop
  endfacet
  facet normal 0.989174 -0.146746 0
    outer loop
      vertex 7.4971 -6.9588 0
      vertex 7.48846 -7.01704 21.25
      vertex 7.48846 -7.01704 0
    endloop
  endfacet
  facet normal -0.998786 -0.0492515 0
    outer loop
      vertex -7.4971 -6.9588 0
      vertex -7.5 -6.89999 21.25
      vertex -7.5 -6.89999 0
    endloop
  endfacet
  facet normal -0.998786 -0.0492515 0
    outer loop
      vertex -7.5 -6.89999 21.25
      vertex -7.4971 -6.9588 0
      vertex -7.4971 -6.9588 21.25
    endloop
  endfacet
  facet normal -0.989174 -0.146746 0
    outer loop
      vertex -7.48846 -7.01704 0
      vertex -7.4971 -6.9588 21.25
      vertex -7.4971 -6.9588 0
    endloop
  endfacet
  facet normal -0.989174 -0.146746 0
    outer loop
      vertex -7.4971 -6.9588 21.25
      vertex -7.48846 -7.01704 0
      vertex -7.48846 -7.01704 21.25
    endloop
  endfacet
  facet normal 0.336734 0.9416 -0
    outer loop
      vertex 7.12961 7.45432 0
      vertex 7.07416 7.47415 21.25
      vertex 7.12961 7.45432 21.25
    endloop
  endfacet
  facet normal 0.336734 0.9416 0
    outer loop
      vertex 7.07416 7.47415 21.25
      vertex 7.12961 7.45432 0
      vertex 7.07416 7.47415 0
    endloop
  endfacet
  facet normal 0.803088 -0.595861 0
    outer loop
      vertex 7.3638 -7.28062 21.25
      vertex 7.39888 -7.23334 0
      vertex 7.39888 -7.23334 21.25
    endloop
  endfacet
  facet normal 0.803088 -0.595861 0
    outer loop
      vertex 7.39888 -7.23334 0
      vertex 7.3638 -7.28062 21.25
      vertex 7.3638 -7.28062 0
    endloop
  endfacet
  facet normal 0.427539 -0.903997 0
    outer loop
      vertex 7.12961 -7.45432 0
      vertex 7.18283 -7.42915 21.25
      vertex 7.12961 -7.45432 21.25
    endloop
  endfacet
  facet normal 0.427539 -0.903997 0
    outer loop
      vertex 7.18283 -7.42915 21.25
      vertex 7.12961 -7.45432 0
      vertex 7.18283 -7.42915 0
    endloop
  endfacet
  facet normal -0.989176 -0.146736 0
    outer loop
      vertex 2.13965 0.210736 0
      vertex 2.10869 0.419444 2.2
      vertex 2.10869 0.419444 0
    endloop
  endfacet
  facet normal -0.989176 -0.146736 0
    outer loop
      vertex 2.10869 0.419444 2.2
      vertex 2.13965 0.210736 0
      vertex 2.13965 0.210736 2.2
    endloop
  endfacet
  facet normal -0.998796 -0.0490545 0
    outer loop
      vertex 2.15 0 0
      vertex 2.13965 0.210736 2.2
      vertex 2.13965 0.210736 0
    endloop
  endfacet
  facet normal -0.998796 -0.0490545 0
    outer loop
      vertex 2.13965 0.210736 2.2
      vertex 2.15 0 0
      vertex 2.15 0 2.2
    endloop
  endfacet
  facet normal -0.970027 -0.242996 0
    outer loop
      vertex 2.10869 0.419444 0
      vertex 2.05742 0.624111 2.2
      vertex 2.05742 0.624111 0
    endloop
  endfacet
  facet normal -0.970027 -0.242996 0
    outer loop
      vertex 2.05742 0.624111 2.2
      vertex 2.10869 0.419444 0
      vertex 2.10869 0.419444 2.2
    endloop
  endfacet
  facet normal -0.427559 0.903988 0
    outer loop
      vertex 1.0135 -1.89613 0
      vertex 0.822769 -1.98634 2.2
      vertex 1.0135 -1.89613 2.2
    endloop
  endfacet
  facet normal -0.427559 0.903988 0
    outer loop
      vertex 0.822769 -1.98634 2.2
      vertex 1.0135 -1.89613 0
      vertex 0.822769 -1.98634 0
    endloop
  endfacet
  facet normal 0.595707 -0.803202 0
    outer loop
      vertex -1.36395 1.66197 0
      vertex -1.19448 1.78766 2.2
      vertex -1.36395 1.66197 2.2
    endloop
  endfacet
  facet normal 0.595707 -0.803202 0
    outer loop
      vertex -1.19448 1.78766 2.2
      vertex -1.36395 1.66197 0
      vertex -1.19448 1.78766 0
    endloop
  endfacet
  facet normal -0.242996 -0.970027 0
    outer loop
      vertex 0.419444 2.10869 0
      vertex 0.624111 2.05742 2.2
      vertex 0.419444 2.10869 2.2
    endloop
  endfacet
  facet normal -0.242996 -0.970027 -0
    outer loop
      vertex 0.624111 2.05742 2.2
      vertex 0.419444 2.10869 0
      vertex 0.624111 2.05742 0
    endloop
  endfacet
  facet normal 0.903988 -0.427559 0
    outer loop
      vertex -1.98634 0.822769 2.2
      vertex -1.89613 1.0135 0
      vertex -1.89613 1.0135 2.2
    endloop
  endfacet
  facet normal 0.903988 -0.427559 0
    outer loop
      vertex -1.89613 1.0135 0
      vertex -1.98634 0.822769 2.2
      vertex -1.98634 0.822769 0
    endloop
  endfacet
  facet normal 0.970027 -0.242996 0
    outer loop
      vertex -2.10869 0.419444 2.2
      vertex -2.05742 0.624111 0
      vertex -2.05742 0.624111 2.2
    endloop
  endfacet
  facet normal 0.970027 -0.242996 0
    outer loop
      vertex -2.05742 0.624111 0
      vertex -2.10869 0.419444 2.2
      vertex -2.10869 0.419444 0
    endloop
  endfacet
  facet normal -0.514084 0.85774 0
    outer loop
      vertex 1.19448 -1.78766 0
      vertex 1.0135 -1.89613 2.2
      vertex 1.19448 -1.78766 2.2
    endloop
  endfacet
  facet normal -0.514084 0.85774 0
    outer loop
      vertex 1.0135 -1.89613 2.2
      vertex 1.19448 -1.78766 0
      vertex 1.0135 -1.89613 0
    endloop
  endfacet
  facet normal -0.242996 0.970027 0
    outer loop
      vertex 0.624111 -2.05742 0
      vertex 0.419444 -2.10869 2.2
      vertex 0.624111 -2.05742 2.2
    endloop
  endfacet
  facet normal -0.242996 0.970027 0
    outer loop
      vertex 0.419444 -2.10869 2.2
      vertex 0.624111 -2.05742 0
      vertex 0.419444 -2.10869 0
    endloop
  endfacet
  facet normal -0.0490545 -0.998796 0
    outer loop
      vertex 0 2.15 0
      vertex 0.210736 2.13965 2.2
      vertex 0 2.15 2.2
    endloop
  endfacet
  facet normal -0.0490545 -0.998796 -0
    outer loop
      vertex 0.210736 2.13965 2.2
      vertex 0 2.15 0
      vertex 0.210736 2.13965 0
    endloop
  endfacet
  facet normal -0.146736 -0.989176 0
    outer loop
      vertex 0.210736 2.13965 0
      vertex 0.419444 2.10869 2.2
      vertex 0.210736 2.13965 2.2
    endloop
  endfacet
  facet normal -0.146736 -0.989176 -0
    outer loop
      vertex 0.419444 2.10869 2.2
      vertex 0.210736 2.13965 0
      vertex 0.419444 2.10869 0
    endloop
  endfacet
  facet normal -0.427559 -0.903988 0
    outer loop
      vertex 0.822769 1.98634 0
      vertex 1.0135 1.89613 2.2
      vertex 0.822769 1.98634 2.2
    endloop
  endfacet
  facet normal -0.427559 -0.903988 -0
    outer loop
      vertex 1.0135 1.89613 2.2
      vertex 0.822769 1.98634 0
      vertex 1.0135 1.89613 0
    endloop
  endfacet
  facet normal -0.146736 0.989176 0
    outer loop
      vertex 0.419444 -2.10869 0
      vertex 0.210736 -2.13965 2.2
      vertex 0.419444 -2.10869 2.2
    endloop
  endfacet
  facet normal -0.146736 0.989176 0
    outer loop
      vertex 0.210736 -2.13965 2.2
      vertex 0.419444 -2.10869 0
      vertex 0.210736 -2.13965 0
    endloop
  endfacet
  facet normal 0 0 -1
    outer loop
      vertex 2.13965 -0.210736 2.2
      vertex 2.13965 0.210736 2.2
      vertex 2.15 0 2.2
    endloop
  endfacet
  facet normal 0 0 -1
    outer loop
      vertex 2.10869 -0.419444 2.2
      vertex 2.13965 0.210736 2.2
      vertex 2.13965 -0.210736 2.2
    endloop
  endfacet
  facet normal 0 0 -1
    outer loop
      vertex 2.10869 -0.419444 2.2
      vertex 2.10869 0.419444 2.2
      vertex 2.13965 0.210736 2.2
    endloop
  endfacet
  facet normal 0 0 -1
    outer loop
      vertex 2.05742 -0.624111 2.2
      vertex 2.10869 0.419444 2.2
      vertex 2.10869 -0.419444 2.2
    endloop
  endfacet
  facet normal 0 0 -1
    outer loop
      vertex 2.05742 -0.624111 2.2
      vertex 2.05742 0.624111 2.2
      vertex 2.10869 0.419444 2.2
    endloop
  endfacet
  facet normal 0 0 -1
    outer loop
      vertex 1.98634 -0.822769 2.2
      vertex 2.05742 0.624111 2.2
      vertex 2.05742 -0.624111 2.2
    endloop
  endfacet
  facet normal 0 0 -1
    outer loop
      vertex 1.98634 -0.822769 2.2
      vertex 1.98634 0.822769 2.2
      vertex 2.05742 0.624111 2.2
    endloop
  endfacet
  facet normal 0 0 -1
    outer loop
      vertex 1.89613 -1.0135 2.2
      vertex 1.98634 0.822769 2.2
      vertex 1.98634 -0.822769 2.2
    endloop
  endfacet
  facet normal 0 0 -1
    outer loop
      vertex 1.89613 -1.0135 2.2
      vertex 1.89613 1.0135 2.2
      vertex 1.98634 0.822769 2.2
    endloop
  endfacet
  facet normal 0 0 -1
    outer loop
      vertex 1.78766 -1.19448 2.2
      vertex 1.89613 1.0135 2.2
      vertex 1.89613 -1.0135 2.2
    endloop
  endfacet
  facet normal 0 0 -1
    outer loop
      vertex 1.78766 -1.19448 2.2
      vertex 1.78766 1.19448 2.2
      vertex 1.89613 1.0135 2.2
    endloop
  endfacet
  facet normal 0 0 -1
    outer loop
      vertex 1.66197 -1.36395 2.2
      vertex 1.78766 1.19448 2.2
      vertex 1.78766 -1.19448 2.2
    endloop
  endfacet
  facet normal 0 0 -1
    outer loop
      vertex 1.66197 -1.36395 2.2
      vertex 1.66197 1.36395 2.2
      vertex 1.78766 1.19448 2.2
    endloop
  endfacet
  facet normal 0 0 -1
    outer loop
      vertex 1.52028 -1.52028 2.2
      vertex 1.66197 1.36395 2.2
      vertex 1.66197 -1.36395 2.2
    endloop
  endfacet
  facet normal 0 0 -1
    outer loop
      vertex 1.52028 -1.52028 2.2
      vertex 1.52028 1.52028 2.2
      vertex 1.66197 1.36395 2.2
    endloop
  endfacet
  facet normal 0 0 -1
    outer loop
      vertex 1.36395 -1.66197 2.2
      vertex 1.52028 1.52028 2.2
      vertex 1.52028 -1.52028 2.2
    endloop
  endfacet
  facet normal 0 0 -1
    outer loop
      vertex 1.36395 -1.66197 2.2
      vertex 1.36395 1.66197 2.2
      vertex 1.52028 1.52028 2.2
    endloop
  endfacet
  facet normal 0 0 -1
    outer loop
      vertex 1.19448 -1.78766 2.2
      vertex 1.36395 1.66197 2.2
      vertex 1.36395 -1.66197 2.2
    endloop
  endfacet
  facet normal 0 0 -1
    outer loop
      vertex 1.19448 -1.78766 2.2
      vertex 1.19448 1.78766 2.2
      vertex 1.36395 1.66197 2.2
    endloop
  endfacet
  facet normal 0 0 -1
    outer loop
      vertex 1.0135 -1.89613 2.2
      vertex 1.19448 1.78766 2.2
      vertex 1.19448 -1.78766 2.2
    endloop
  endfacet
  facet normal 0 0 -1
    outer loop
      vertex 1.0135 -1.89613 2.2
      vertex 1.0135 1.89613 2.2
      vertex 1.19448 1.78766 2.2
    endloop
  endfacet
  facet normal 0 0 -1
    outer loop
      vertex 0.822769 -1.98634 2.2
      vertex 1.0135 1.89613 2.2
      vertex 1.0135 -1.89613 2.2
    endloop
  endfacet
  facet normal 0 0 -1
    outer loop
      vertex 0.822769 -1.98634 2.2
      vertex 0.822769 1.98634 2.2
      vertex 1.0135 1.89613 2.2
    endloop
  endfacet
  facet normal 0 0 -1
    outer loop
      vertex 0.624111 -2.05742 2.2
      vertex 0.822769 1.98634 2.2
      vertex 0.822769 -1.98634 2.2
    endloop
  endfacet
  facet normal 0 0 -1
    outer loop
      vertex 0.624111 -2.05742 2.2
      vertex 0.624111 2.05742 2.2
      vertex 0.822769 1.98634 2.2
    endloop
  endfacet
  facet normal 0 0 -1
    outer loop
      vertex 0.419444 -2.10869 2.2
      vertex 0.624111 2.05742 2.2
      vertex 0.624111 -2.05742 2.2
    endloop
  endfacet
  facet normal 0 0 -1
    outer loop
      vertex 0.419444 -2.10869 2.2
      vertex 0.419444 2.10869 2.2
      vertex 0.624111 2.05742 2.2
    endloop
  endfacet
  facet normal 0 0 -1
    outer loop
      vertex 0.210736 -2.13965 2.2
      vertex 0.419444 2.10869 2.2
      vertex 0.419444 -2.10869 2.2
    endloop
  endfacet
  facet normal 0 0 -1
    outer loop
      vertex 0.210736 -2.13965 2.2
      vertex 0.210736 2.13965 2.2
      vertex 0.419444 2.10869 2.2
    endloop
  endfacet
  facet normal 0 0 -1
    outer loop
      vertex 0 -2.15 2.2
      vertex 0.210736 2.13965 2.2
      vertex 0.210736 -2.13965 2.2
    endloop
  endfacet
  facet normal 0 0 -1
    outer loop
      vertex 0 -2.15 2.2
      vertex 0 2.15 2.2
      vertex 0.210736 2.13965 2.2
    endloop
  endfacet
  facet normal 0 0 -1
    outer loop
      vertex -0.210736 -2.13965 2.2
      vertex 0 2.15 2.2
      vertex 0 -2.15 2.2
    endloop
  endfacet
  facet normal 0 0 -1
    outer loop
      vertex -0.210736 -2.13965 2.2
      vertex -0.210736 2.13965 2.2
      vertex 0 2.15 2.2
    endloop
  endfacet
  facet normal 0 0 -1
    outer loop
      vertex -0.419444 -2.10869 2.2
      vertex -0.210736 2.13965 2.2
      vertex -0.210736 -2.13965 2.2
    endloop
  endfacet
  facet normal 0 0 -1
    outer loop
      vertex -0.419444 -2.10869 2.2
      vertex -0.419444 2.10869 2.2
      vertex -0.210736 2.13965 2.2
    endloop
  endfacet
  facet normal 0 0 -1
    outer loop
      vertex -0.624111 -2.05742 2.2
      vertex -0.419444 2.10869 2.2
      vertex -0.419444 -2.10869 2.2
    endloop
  endfacet
  facet normal 0 0 -1
    outer loop
      vertex -0.624111 -2.05742 2.2
      vertex -0.624111 2.05742 2.2
      vertex -0.419444 2.10869 2.2
    endloop
  endfacet
  facet normal 0 0 -1
    outer loop
      vertex -0.822769 -1.98634 2.2
      vertex -0.624111 2.05742 2.2
      vertex -0.624111 -2.05742 2.2
    endloop
  endfacet
  facet normal 0 0 -1
    outer loop
      vertex -0.822769 -1.98634 2.2
      vertex -0.822769 1.98634 2.2
      vertex -0.624111 2.05742 2.2
    endloop
  endfacet
  facet normal 0 0 -1
    outer loop
      vertex -1.0135 -1.89613 2.2
      vertex -0.822769 1.98634 2.2
      vertex -0.822769 -1.98634 2.2
    endloop
  endfacet
  facet normal 0 0 -1
    outer loop
      vertex -1.0135 -1.89613 2.2
      vertex -1.0135 1.89613 2.2
      vertex -0.822769 1.98634 2.2
    endloop
  endfacet
  facet normal 0 0 -1
    outer loop
      vertex -1.19448 -1.78766 2.2
      vertex -1.0135 1.89613 2.2
      vertex -1.0135 -1.89613 2.2
    endloop
  endfacet
  facet normal 0 0 -1
    outer loop
      vertex -1.19448 -1.78766 2.2
      vertex -1.19448 1.78766 2.2
      vertex -1.0135 1.89613 2.2
    endloop
  endfacet
  facet normal 0 0 -1
    outer loop
      vertex -1.36395 -1.66197 2.2
      vertex -1.19448 1.78766 2.2
      vertex -1.19448 -1.78766 2.2
    endloop
  endfacet
  facet normal 0 0 -1
    outer loop
      vertex -1.36395 -1.66197 2.2
      vertex -1.36395 1.66197 2.2
      vertex -1.19448 1.78766 2.2
    endloop
  endfacet
  facet normal 0 0 -1
    outer loop
      vertex -1.52028 -1.52028 2.2
      vertex -1.36395 1.66197 2.2
      vertex -1.36395 -1.66197 2.2
    endloop
  endfacet
  facet normal 0 0 -1
    outer loop
      vertex -1.52028 -1.52028 2.2
      vertex -1.52028 1.52028 2.2
      vertex -1.36395 1.66197 2.2
    endloop
  endfacet
  facet normal 0 0 -1
    outer loop
      vertex -1.66197 -1.36395 2.2
      vertex -1.52028 1.52028 2.2
      vertex -1.52028 -1.52028 2.2
    endloop
  endfacet
  facet normal 0 0 -1
    outer loop
      vertex -1.66197 -1.36395 2.2
      vertex -1.66197 1.36395 2.2
      vertex -1.52028 1.52028 2.2
    endloop
  endfacet
  facet normal 0 0 -1
    outer loop
      vertex -1.78766 -1.19448 2.2
      vertex -1.66197 1.36395 2.2
      vertex -1.66197 -1.36395 2.2
    endloop
  endfacet
  facet normal 0 0 -1
    outer loop
      vertex -1.78766 -1.19448 2.2
      vertex -1.78766 1.19448 2.2
      vertex -1.66197 1.36395 2.2
    endloop
  endfacet
  facet normal 0 0 -1
    outer loop
      vertex -1.89613 -1.0135 2.2
      vertex -1.78766 1.19448 2.2
      vertex -1.78766 -1.19448 2.2
    endloop
  endfacet
  facet normal 0 0 -1
    outer loop
      vertex -1.89613 -1.0135 2.2
      vertex -1.89613 1.0135 2.2
      vertex -1.78766 1.19448 2.2
    endloop
  endfacet
  facet normal 0 0 -1
    outer loop
      vertex -1.98634 -0.822769 2.2
      vertex -1.89613 1.0135 2.2
      vertex -1.89613 -1.0135 2.2
    endloop
  endfacet
  facet normal 0 0 -1
    outer loop
      vertex -1.98634 -0.822769 2.2
      vertex -1.98634 0.822769 2.2
      vertex -1.89613 1.0135 2.2
    endloop
  endfacet
  facet normal 0 0 -1
    outer loop
      vertex -2.05742 -0.624111 2.2
      vertex -1.98634 0.822769 2.2
      vertex -1.98634 -0.822769 2.2
    endloop
  endfacet
  facet normal 0 0 -1
    outer loop
      vertex -2.05742 -0.624111 2.2
      vertex -2.05742 0.624111 2.2
      vertex -1.98634 0.822769 2.2
    endloop
  endfacet
  facet normal 0 0 -1
    outer loop
      vertex -2.10869 -0.419444 2.2
      vertex -2.05742 0.624111 2.2
      vertex -2.05742 -0.624111 2.2
    endloop
  endfacet
  facet normal 0 0 -1
    outer loop
      vertex -2.10869 -0.419444 2.2
      vertex -2.10869 0.419444 2.2
      vertex -2.05742 0.624111 2.2
    endloop
  endfacet
  facet normal 0 0 -1
    outer loop
      vertex -2.13965 -0.210736 2.2
      vertex -2.10869 0.419444 2.2
      vertex -2.10869 -0.419444 2.2
    endloop
  endfacet
  facet normal 0 0 -1
    outer loop
      vertex -2.13965 -0.210736 2.2
      vertex -2.13965 0.210736 2.2
      vertex -2.10869 0.419444 2.2
    endloop
  endfacet
  facet normal 0 -0 -1
    outer loop
      vertex -2.13965 0.210736 2.2
      vertex -2.13965 -0.210736 2.2
      vertex -2.15 0 2.2
    endloop
  endfacet
  facet normal -0.803202 0.595707 0
    outer loop
      vertex 1.66197 -1.36395 0
      vertex 1.78766 -1.19448 2.2
      vertex 1.78766 -1.19448 0
    endloop
  endfacet
  facet normal -0.803202 0.595707 0
    outer loop
      vertex 1.78766 -1.19448 2.2
      vertex 1.66197 -1.36395 0
      vertex 1.66197 -1.36395 2.2
    endloop
  endfacet
  facet normal 0.740949 0.671561 0
    outer loop
      vertex -1.52028 -1.52028 2.2
      vertex -1.66197 -1.36395 0
      vertex -1.66197 -1.36395 2.2
    endloop
  endfacet
  facet normal 0.740949 0.671561 0
    outer loop
      vertex -1.66197 -1.36395 0
      vertex -1.52028 -1.52028 2.2
      vertex -1.52028 -1.52028 0
    endloop
  endfacet
  facet normal 0.514084 -0.85774 0
    outer loop
      vertex -1.19448 1.78766 0
      vertex -1.0135 1.89613 2.2
      vertex -1.19448 1.78766 2.2
    endloop
  endfacet
  facet normal 0.514084 -0.85774 0
    outer loop
      vertex -1.0135 1.89613 2.2
      vertex -1.19448 1.78766 0
      vertex -1.0135 1.89613 0
    endloop
  endfacet
  facet normal -0.989176 0.146736 0
    outer loop
      vertex 2.10869 -0.419444 0
      vertex 2.13965 -0.210736 2.2
      vertex 2.13965 -0.210736 0
    endloop
  endfacet
  facet normal -0.989176 0.146736 0
    outer loop
      vertex 2.13965 -0.210736 2.2
      vertex 2.10869 -0.419444 0
      vertex 2.10869 -0.419444 2.2
    endloop
  endfacet
  facet normal 0.146736 0.989176 -0
    outer loop
      vertex -0.210736 -2.13965 0
      vertex -0.419444 -2.10869 2.2
      vertex -0.210736 -2.13965 2.2
    endloop
  endfacet
  facet normal 0.146736 0.989176 0
    outer loop
      vertex -0.419444 -2.10869 2.2
      vertex -0.210736 -2.13965 0
      vertex -0.419444 -2.10869 0
    endloop
  endfacet
  facet normal -0.595707 0.803202 0
    outer loop
      vertex 1.36395 -1.66197 0
      vertex 1.19448 -1.78766 2.2
      vertex 1.36395 -1.66197 2.2
    endloop
  endfacet
  facet normal -0.595707 0.803202 0
    outer loop
      vertex 1.19448 -1.78766 2.2
      vertex 1.36395 -1.66197 0
      vertex 1.19448 -1.78766 0
    endloop
  endfacet
  facet normal 0.0490545 0.998796 -0
    outer loop
      vertex 0 -2.15 0
      vertex -0.210736 -2.13965 2.2
      vertex 0 -2.15 2.2
    endloop
  endfacet
  facet normal 0.0490545 0.998796 0
    outer loop
      vertex -0.210736 -2.13965 2.2
      vertex 0 -2.15 0
      vertex -0.210736 -2.13965 0
    endloop
  endfacet
  facet normal -0.595707 -0.803202 0
    outer loop
      vertex 1.19448 1.78766 0
      vertex 1.36395 1.66197 2.2
      vertex 1.19448 1.78766 2.2
    endloop
  endfacet
  facet normal -0.595707 -0.803202 -0
    outer loop
      vertex 1.36395 1.66197 2.2
      vertex 1.19448 1.78766 0
      vertex 1.36395 1.66197 0
    endloop
  endfacet
  facet normal -0.970027 0.242996 0
    outer loop
      vertex 2.05742 -0.624111 0
      vertex 2.10869 -0.419444 2.2
      vertex 2.10869 -0.419444 0
    endloop
  endfacet
  facet normal -0.970027 0.242996 0
    outer loop
      vertex 2.10869 -0.419444 2.2
      vertex 2.05742 -0.624111 0
      vertex 2.05742 -0.624111 2.2
    endloop
  endfacet
  facet normal 0.989176 -0.146736 0
    outer loop
      vertex -2.13965 0.210736 2.2
      vertex -2.10869 0.419444 0
      vertex -2.10869 0.419444 2.2
    endloop
  endfacet
  facet normal 0.989176 -0.146736 0
    outer loop
      vertex -2.10869 0.419444 0
      vertex -2.13965 0.210736 2.2
      vertex -2.13965 0.210736 0
    endloop
  endfacet
  facet normal 0.85774 -0.514084 0
    outer loop
      vertex -1.89613 1.0135 2.2
      vertex -1.78766 1.19448 0
      vertex -1.78766 1.19448 2.2
    endloop
  endfacet
  facet normal 0.85774 -0.514084 0
    outer loop
      vertex -1.78766 1.19448 0
      vertex -1.89613 1.0135 2.2
      vertex -1.89613 1.0135 0
    endloop
  endfacet
  facet normal 0.941546 0.336886 0
    outer loop
      vertex -1.98634 -0.822769 2.2
      vertex -2.05742 -0.624111 0
      vertex -2.05742 -0.624111 2.2
    endloop
  endfacet
  facet normal 0.941546 0.336886 0
    outer loop
      vertex -2.05742 -0.624111 0
      vertex -1.98634 -0.822769 2.2
      vertex -1.98634 -0.822769 0
    endloop
  endfacet
  facet normal 0.146736 -0.989176 0
    outer loop
      vertex -0.419444 2.10869 0
      vertex -0.210736 2.13965 2.2
      vertex -0.419444 2.10869 2.2
    endloop
  endfacet
  facet normal 0.146736 -0.989176 0
    outer loop
      vertex -0.210736 2.13965 2.2
      vertex -0.419444 2.10869 0
      vertex -0.210736 2.13965 0
    endloop
  endfacet
  facet normal -0.803202 -0.595707 0
    outer loop
      vertex 1.78766 1.19448 0
      vertex 1.66197 1.36395 2.2
      vertex 1.66197 1.36395 0
    endloop
  endfacet
  facet normal -0.803202 -0.595707 0
    outer loop
      vertex 1.66197 1.36395 2.2
      vertex 1.78766 1.19448 0
      vertex 1.78766 1.19448 2.2
    endloop
  endfacet
  facet normal 0.970027 0.242996 0
    outer loop
      vertex -2.05742 -0.624111 2.2
      vertex -2.10869 -0.419444 0
      vertex -2.10869 -0.419444 2.2
    endloop
  endfacet
  facet normal 0.970027 0.242996 0
    outer loop
      vertex -2.10869 -0.419444 0
      vertex -2.05742 -0.624111 2.2
      vertex -2.05742 -0.624111 0
    endloop
  endfacet
  facet normal 0.998796 0.0490545 0
    outer loop
      vertex -2.13965 -0.210736 2.2
      vertex -2.15 0 0
      vertex -2.15 0 2.2
    endloop
  endfacet
  facet normal 0.998796 0.0490545 0
    outer loop
      vertex -2.15 0 0
      vertex -2.13965 -0.210736 2.2
      vertex -2.13965 -0.210736 0
    endloop
  endfacet
  facet normal -0.514084 -0.85774 0
    outer loop
      vertex 1.0135 1.89613 0
      vertex 1.19448 1.78766 2.2
      vertex 1.0135 1.89613 2.2
    endloop
  endfacet
  facet normal -0.514084 -0.85774 -0
    outer loop
      vertex 1.19448 1.78766 2.2
      vertex 1.0135 1.89613 0
      vertex 1.19448 1.78766 0
    endloop
  endfacet
  facet normal -0.998796 0.0490545 0
    outer loop
      vertex 2.13965 -0.210736 0
      vertex 2.15 0 2.2
      vertex 2.15 0 0
    endloop
  endfacet
  facet normal -0.998796 0.0490545 0
    outer loop
      vertex 2.15 0 2.2
      vertex 2.13965 -0.210736 0
      vertex 2.13965 -0.210736 2.2
    endloop
  endfacet
  facet normal -0.903988 0.427559 0
    outer loop
      vertex 1.89613 -1.0135 0
      vertex 1.98634 -0.822769 2.2
      vertex 1.98634 -0.822769 0
    endloop
  endfacet
  facet normal -0.903988 0.427559 0
    outer loop
      vertex 1.98634 -0.822769 2.2
      vertex 1.89613 -1.0135 0
      vertex 1.89613 -1.0135 2.2
    endloop
  endfacet
  facet normal -0.85774 -0.514084 0
    outer loop
      vertex 1.89613 1.0135 0
      vertex 1.78766 1.19448 2.2
      vertex 1.78766 1.19448 0
    endloop
  endfacet
  facet normal -0.85774 -0.514084 0
    outer loop
      vertex 1.78766 1.19448 2.2
      vertex 1.89613 1.0135 0
      vertex 1.89613 1.0135 2.2
    endloop
  endfacet
  facet normal -0.740949 -0.671561 0
    outer loop
      vertex 1.66197 1.36395 0
      vertex 1.52028 1.52028 2.2
      vertex 1.52028 1.52028 0
    endloop
  endfacet
  facet normal -0.740949 -0.671561 0
    outer loop
      vertex 1.52028 1.52028 2.2
      vertex 1.66197 1.36395 0
      vertex 1.66197 1.36395 2.2
    endloop
  endfacet
  facet normal 0.0490545 -0.998796 0
    outer loop
      vertex -0.210736 2.13965 0
      vertex 0 2.15 2.2
      vertex -0.210736 2.13965 2.2
    endloop
  endfacet
  facet normal 0.0490545 -0.998796 0
    outer loop
      vertex 0 2.15 2.2
      vertex -0.210736 2.13965 0
      vertex 0 2.15 0
    endloop
  endfacet
  facet normal 0.740949 -0.671561 0
    outer loop
      vertex -1.66197 1.36395 2.2
      vertex -1.52028 1.52028 0
      vertex -1.52028 1.52028 2.2
    endloop
  endfacet
  facet normal 0.740949 -0.671561 0
    outer loop
      vertex -1.52028 1.52028 0
      vertex -1.66197 1.36395 2.2
      vertex -1.66197 1.36395 0
    endloop
  endfacet
  facet normal 0.671561 0.740949 -0
    outer loop
      vertex -1.36395 -1.66197 0
      vertex -1.52028 -1.52028 2.2
      vertex -1.36395 -1.66197 2.2
    endloop
  endfacet
  facet normal 0.671561 0.740949 0
    outer loop
      vertex -1.52028 -1.52028 2.2
      vertex -1.36395 -1.66197 0
      vertex -1.52028 -1.52028 0
    endloop
  endfacet
  facet normal -0.0490545 0.998796 0
    outer loop
      vertex 0.210736 -2.13965 0
      vertex 0 -2.15 2.2
      vertex 0.210736 -2.13965 2.2
    endloop
  endfacet
  facet normal -0.0490545 0.998796 0
    outer loop
      vertex 0 -2.15 2.2
      vertex 0.210736 -2.13965 0
      vertex 0 -2.15 0
    endloop
  endfacet
  facet normal -0.941546 -0.336886 0
    outer loop
      vertex 2.05742 0.624111 0
      vertex 1.98634 0.822769 2.2
      vertex 1.98634 0.822769 0
    endloop
  endfacet
  facet normal -0.941546 -0.336886 0
    outer loop
      vertex 1.98634 0.822769 2.2
      vertex 2.05742 0.624111 0
      vertex 2.05742 0.624111 2.2
    endloop
  endfacet
  facet normal -0.85774 0.514084 0
    outer loop
      vertex 1.78766 -1.19448 0
      vertex 1.89613 -1.0135 2.2
      vertex 1.89613 -1.0135 0
    endloop
  endfacet
  facet normal -0.85774 0.514084 0
    outer loop
      vertex 1.89613 -1.0135 2.2
      vertex 1.78766 -1.19448 0
      vertex 1.78766 -1.19448 2.2
    endloop
  endfacet
  facet normal -0.671561 -0.740949 0
    outer loop
      vertex 1.36395 1.66197 0
      vertex 1.52028 1.52028 2.2
      vertex 1.36395 1.66197 2.2
    endloop
  endfacet
  facet normal -0.671561 -0.740949 -0
    outer loop
      vertex 1.52028 1.52028 2.2
      vertex 1.36395 1.66197 0
      vertex 1.52028 1.52028 0
    endloop
  endfacet
  facet normal 0.242996 -0.970027 0
    outer loop
      vertex -0.624111 2.05742 0
      vertex -0.419444 2.10869 2.2
      vertex -0.624111 2.05742 2.2
    endloop
  endfacet
  facet normal 0.242996 -0.970027 0
    outer loop
      vertex -0.419444 2.10869 2.2
      vertex -0.624111 2.05742 0
      vertex -0.419444 2.10869 0
    endloop
  endfacet
  facet normal -0.336886 0.941546 0
    outer loop
      vertex 0.822769 -1.98634 0
      vertex 0.624111 -2.05742 2.2
      vertex 0.822769 -1.98634 2.2
    endloop
  endfacet
  facet normal -0.336886 0.941546 0
    outer loop
      vertex 0.624111 -2.05742 2.2
      vertex 0.822769 -1.98634 0
      vertex 0.624111 -2.05742 0
    endloop
  endfacet
  facet normal 0.427559 -0.903988 0
    outer loop
      vertex -1.0135 1.89613 0
      vertex -0.822769 1.98634 2.2
      vertex -1.0135 1.89613 2.2
    endloop
  endfacet
  facet normal 0.427559 -0.903988 0
    outer loop
      vertex -0.822769 1.98634 2.2
      vertex -1.0135 1.89613 0
      vertex -0.822769 1.98634 0
    endloop
  endfacet
  facet normal -0.903988 -0.427559 0
    outer loop
      vertex 1.98634 0.822769 0
      vertex 1.89613 1.0135 2.2
      vertex 1.89613 1.0135 0
    endloop
  endfacet
  facet normal -0.903988 -0.427559 0
    outer loop
      vertex 1.89613 1.0135 2.2
      vertex 1.98634 0.822769 0
      vertex 1.98634 0.822769 2.2
    endloop
  endfacet
  facet normal 0.671561 -0.740949 0
    outer loop
      vertex -1.52028 1.52028 0
      vertex -1.36395 1.66197 2.2
      vertex -1.52028 1.52028 2.2
    endloop
  endfacet
  facet normal 0.671561 -0.740949 0
    outer loop
      vertex -1.36395 1.66197 2.2
      vertex -1.52028 1.52028 0
      vertex -1.36395 1.66197 0
    endloop
  endfacet
  facet normal -0.336886 -0.941546 0
    outer loop
      vertex 0.624111 2.05742 0
      vertex 0.822769 1.98634 2.2
      vertex 0.624111 2.05742 2.2
    endloop
  endfacet
  facet normal -0.336886 -0.941546 -0
    outer loop
      vertex 0.822769 1.98634 2.2
      vertex 0.624111 2.05742 0
      vertex 0.822769 1.98634 0
    endloop
  endfacet
  facet normal 0.336886 -0.941546 0
    outer loop
      vertex -0.822769 1.98634 0
      vertex -0.624111 2.05742 2.2
      vertex -0.822769 1.98634 2.2
    endloop
  endfacet
  facet normal 0.336886 -0.941546 0
    outer loop
      vertex -0.624111 2.05742 2.2
      vertex -0.822769 1.98634 0
      vertex -0.624111 2.05742 0
    endloop
  endfacet
  facet normal 0.85774 0.514084 0
    outer loop
      vertex -1.78766 -1.19448 2.2
      vertex -1.89613 -1.0135 0
      vertex -1.89613 -1.0135 2.2
    endloop
  endfacet
  facet normal 0.85774 0.514084 0
    outer loop
      vertex -1.89613 -1.0135 0
      vertex -1.78766 -1.19448 2.2
      vertex -1.78766 -1.19448 0
    endloop
  endfacet
  facet normal 0.514084 0.85774 -0
    outer loop
      vertex -1.0135 -1.89613 0
      vertex -1.19448 -1.78766 2.2
      vertex -1.0135 -1.89613 2.2
    endloop
  endfacet
  facet normal 0.514084 0.85774 0
    outer loop
      vertex -1.19448 -1.78766 2.2
      vertex -1.0135 -1.89613 0
      vertex -1.19448 -1.78766 0
    endloop
  endfacet
  facet normal 0.595707 0.803202 -0
    outer loop
      vertex -1.19448 -1.78766 0
      vertex -1.36395 -1.66197 2.2
      vertex -1.19448 -1.78766 2.2
    endloop
  endfacet
  facet normal 0.595707 0.803202 0
    outer loop
      vertex -1.36395 -1.66197 2.2
      vertex -1.19448 -1.78766 0
      vertex -1.36395 -1.66197 0
    endloop
  endfacet
  facet normal 0.427559 0.903988 -0
    outer loop
      vertex -0.822769 -1.98634 0
      vertex -1.0135 -1.89613 2.2
      vertex -0.822769 -1.98634 2.2
    endloop
  endfacet
  facet normal 0.427559 0.903988 0
    outer loop
      vertex -1.0135 -1.89613 2.2
      vertex -0.822769 -1.98634 0
      vertex -1.0135 -1.89613 0
    endloop
  endfacet
  facet normal 0.803202 0.595707 0
    outer loop
      vertex -1.66197 -1.36395 2.2
      vertex -1.78766 -1.19448 0
      vertex -1.78766 -1.19448 2.2
    endloop
  endfacet
  facet normal 0.803202 0.595707 0
    outer loop
      vertex -1.78766 -1.19448 0
      vertex -1.66197 -1.36395 2.2
      vertex -1.66197 -1.36395 0
    endloop
  endfacet
  facet normal 0.242996 0.970027 -0
    outer loop
      vertex -0.419444 -2.10869 0
      vertex -0.624111 -2.05742 2.2
      vertex -0.419444 -2.10869 2.2
    endloop
  endfacet
  facet normal 0.242996 0.970027 0
    outer loop
      vertex -0.624111 -2.05742 2.2
      vertex -0.419444 -2.10869 0
      vertex -0.624111 -2.05742 0
    endloop
  endfacet
  facet normal 0.336886 0.941546 -0
    outer loop
      vertex -0.624111 -2.05742 0
      vertex -0.822769 -1.98634 2.2
      vertex -0.624111 -2.05742 2.2
    endloop
  endfacet
  facet normal 0.336886 0.941546 0
    outer loop
      vertex -0.822769 -1.98634 2.2
      vertex -0.624111 -2.05742 0
      vertex -0.822769 -1.98634 0
    endloop
  endfacet
  facet normal 0.989176 0.146736 0
    outer loop
      vertex -2.10869 -0.419444 2.2
      vertex -2.13965 -0.210736 0
      vertex -2.13965 -0.210736 2.2
    endloop
  endfacet
  facet normal 0.989176 0.146736 0
    outer loop
      vertex -2.13965 -0.210736 0
      vertex -2.10869 -0.419444 2.2
      vertex -2.10869 -0.419444 0
    endloop
  endfacet
  facet normal 0.903988 0.427559 0
    outer loop
      vertex -1.89613 -1.0135 2.2
      vertex -1.98634 -0.822769 0
      vertex -1.98634 -0.822769 2.2
    endloop
  endfacet
  facet normal 0.903988 0.427559 0
    outer loop
      vertex -1.98634 -0.822769 0
      vertex -1.89613 -1.0135 2.2
      vertex -1.89613 -1.0135 0
    endloop
  endfacet
  facet normal 0.941546 -0.336886 0
    outer loop
      vertex -2.05742 0.624111 2.2
      vertex -1.98634 0.822769 0
      vertex -1.98634 0.822769 2.2
    endloop
  endfacet
  facet normal 0.941546 -0.336886 0
    outer loop
      vertex -1.98634 0.822769 0
      vertex -2.05742 0.624111 2.2
      vertex -2.05742 0.624111 0
    endloop
  endfacet
  facet normal -0.941546 0.336886 0
    outer loop
      vertex 1.98634 -0.822769 0
      vertex 2.05742 -0.624111 2.2
      vertex 2.05742 -0.624111 0
    endloop
  endfacet
  facet normal -0.941546 0.336886 0
    outer loop
      vertex 2.05742 -0.624111 2.2
      vertex 1.98634 -0.822769 0
      vertex 1.98634 -0.822769 2.2
    endloop
  endfacet
  facet normal 0.803202 -0.595707 0
    outer loop
      vertex -1.78766 1.19448 2.2
      vertex -1.66197 1.36395 0
      vertex -1.66197 1.36395 2.2
    endloop
  endfacet
  facet normal 0.803202 -0.595707 0
    outer loop
      vertex -1.66197 1.36395 0
      vertex -1.78766 1.19448 2.2
      vertex -1.78766 1.19448 0
    endloop
  endfacet
  facet normal 0.998796 -0.0490545 0
    outer loop
      vertex -2.15 0 2.2
      vertex -2.13965 0.210736 0
      vertex -2.13965 0.210736 2.2
    endloop
  endfacet
  facet normal 0.998796 -0.0490545 0
    outer loop
      vertex -2.13965 0.210736 0
      vertex -2.15 0 2.2
      vertex -2.15 0 0
    endloop
  endfacet
  facet normal -0.740949 0.671561 0
    outer loop
      vertex 1.52028 -1.52028 0
      vertex 1.66197 -1.36395 2.2
      vertex 1.66197 -1.36395 0
    endloop
  endfacet
  facet normal -0.740949 0.671561 0
    outer loop
      vertex 1.66197 -1.36395 2.2
      vertex 1.52028 -1.52028 0
      vertex 1.52028 -1.52028 2.2
    endloop
  endfacet
  facet normal -0.671561 0.740949 0
    outer loop
      vertex 1.52028 -1.52028 0
      vertex 1.36395 -1.66197 2.2
      vertex 1.52028 -1.52028 2.2
    endloop
  endfacet
  facet normal -0.671561 0.740949 0
    outer loop
      vertex 1.36395 -1.66197 2.2
      vertex 1.52028 -1.52028 0
      vertex 1.36395 -1.66197 0
    endloop
  endfacet
endsolid OpenSCAD_Model
