solid OpenSCAD_Model
  facet normal 0.741399 0.671065 0
    outer loop
      vertex -10.2362 7.53062 17.5
      vertex -10.2757 7.57426 0
      vertex -10.2757 7.57426 17.5
    endloop
  endfacet
  facet normal 0.741399 0.671065 0
    outer loop
      vertex -10.2757 7.57426 0
      vertex -10.2362 7.53062 17.5
      vertex -10.2362 7.53062 0
    endloop
  endfacet
  facet normal 0.242695 -0.970103 0
    outer loop
      vertex -10.583 -7.73846 0
      vertex -10.5258 -7.72415 17.5
      vertex -10.583 -7.73846 17.5
    endloop
  endfacet
  facet normal 0.242695 -0.970103 0
    outer loop
      vertex -10.5258 -7.72415 17.5
      vertex -10.583 -7.73846 0
      vertex -10.5258 -7.72415 0
    endloop
  endfacet
  facet normal -0.337004 0.941503 0
    outer loop
      vertex -16.0742 7.72415 0
      vertex -16.1296 7.70432 17.5
      vertex -16.0742 7.72415 17.5
    endloop
  endfacet
  facet normal -0.337004 0.941503 0
    outer loop
      vertex -16.1296 7.70432 17.5
      vertex -16.0742 7.72415 0
      vertex -16.1296 7.70432 0
    endloop
  endfacet
  facet normal 0.146844 -0.98916 0
    outer loop
      vertex -10.6412 -7.7471 0
      vertex -10.583 -7.73846 17.5
      vertex -10.6412 -7.7471 17.5
    endloop
  endfacet
  facet normal 0.146844 -0.98916 0
    outer loop
      vertex -10.583 -7.73846 17.5
      vertex -10.6412 -7.7471 0
      vertex -10.583 -7.73846 0
    endloop
  endfacet
  facet normal 0.337004 0.941503 -0
    outer loop
      vertex -10.4704 7.70432 0
      vertex -10.5258 7.72415 17.5
      vertex -10.4704 7.70432 17.5
    endloop
  endfacet
  facet normal 0.337004 0.941503 0
    outer loop
      vertex -10.5258 7.72415 17.5
      vertex -10.4704 7.70432 0
      vertex -10.5258 7.72415 0
    endloop
  endfacet
  facet normal 0.670931 -0.74152 0
    outer loop
      vertex -10.3194 -7.6138 0
      vertex -10.2757 -7.57426 17.5
      vertex -10.3194 -7.6138 17.5
    endloop
  endfacet
  facet normal 0.670931 -0.74152 0
    outer loop
      vertex -10.2757 -7.57426 17.5
      vertex -10.3194 -7.6138 0
      vertex -10.2757 -7.57426 0
    endloop
  endfacet
  facet normal -0.9038 -0.427955 0
    outer loop
      vertex -16.4291 -7.43283 0
      vertex -16.4543 -7.37961 17.5
      vertex -16.4543 -7.37961 0
    endloop
  endfacet
  facet normal -0.9038 -0.427955 0
    outer loop
      vertex -16.4543 -7.37961 17.5
      vertex -16.4291 -7.43283 0
      vertex -16.4291 -7.43283 17.5
    endloop
  endfacet
  facet normal 0.0492599 -0.998786 0
    outer loop
      vertex -10.7 -7.75 0
      vertex -10.6412 -7.7471 17.5
      vertex -10.7 -7.75 17.5
    endloop
  endfacet
  facet normal 0.0492599 -0.998786 0
    outer loop
      vertex -10.6412 -7.7471 17.5
      vertex -10.7 -7.75 0
      vertex -10.6412 -7.7471 0
    endloop
  endfacet
  facet normal 0 -1 0
    outer loop
      vertex -15.9 -7.75 0
      vertex -10.7 -7.75 17.5
      vertex -15.9 -7.75 17.5
    endloop
  endfacet
  facet normal 0 -1 -0
    outer loop
      vertex -10.7 -7.75 17.5
      vertex -15.9 -7.75 0
      vertex -10.7 -7.75 0
    endloop
  endfacet
  facet normal -0.989273 0.146081 0
    outer loop
      vertex -16.4971 7.2088 0
      vertex -16.4885 7.26704 17.5
      vertex -16.4885 7.26704 0
    endloop
  endfacet
  facet normal -0.989273 0.146081 0
    outer loop
      vertex -16.4885 7.26704 17.5
      vertex -16.4971 7.2088 0
      vertex -16.4971 7.2088 17.5
    endloop
  endfacet
  facet normal -0.858287 -0.513171 0
    outer loop
      vertex -16.3989 -7.48334 0
      vertex -16.4291 -7.43283 17.5
      vertex -16.4291 -7.43283 0
    endloop
  endfacet
  facet normal -0.858287 -0.513171 0
    outer loop
      vertex -16.4291 -7.43283 17.5
      vertex -16.3989 -7.48334 0
      vertex -16.3989 -7.48334 17.5
    endloop
  endfacet
  facet normal -0.9038 0.427955 0
    outer loop
      vertex -16.4543 7.37961 0
      vertex -16.4291 7.43283 17.5
      vertex -16.4291 7.43283 0
    endloop
  endfacet
  facet normal -0.9038 0.427955 0
    outer loop
      vertex -16.4291 7.43283 17.5
      vertex -16.4543 7.37961 0
      vertex -16.4543 7.37961 17.5
    endloop
  endfacet
  facet normal -0.146844 0.98916 0
    outer loop
      vertex -15.9588 7.7471 0
      vertex -16.017 7.73846 17.5
      vertex -15.9588 7.7471 17.5
    endloop
  endfacet
  facet normal -0.146844 0.98916 0
    outer loop
      vertex -16.017 7.73846 17.5
      vertex -15.9588 7.7471 0
      vertex -16.017 7.73846 0
    endloop
  endfacet
  facet normal 0.802925 0.59608 0
    outer loop
      vertex -10.2011 7.48334 17.5
      vertex -10.2362 7.53062 0
      vertex -10.2362 7.53062 17.5
    endloop
  endfacet
  facet normal 0.802925 0.59608 0
    outer loop
      vertex -10.2362 7.53062 0
      vertex -10.2011 7.48334 17.5
      vertex -10.2011 7.48334 0
    endloop
  endfacet
  facet normal 0 1 -0
    outer loop
      vertex -10.7 7.75 0
      vertex -15.9 7.75 17.5
      vertex -10.7 7.75 17.5
    endloop
  endfacet
  facet normal 0 1 0
    outer loop
      vertex -15.9 7.75 17.5
      vertex -10.7 7.75 0
      vertex -15.9 7.75 0
    endloop
  endfacet
  facet normal 0.998786 0.0492515 0
    outer loop
      vertex -10.1 7.14999 17.5
      vertex -10.1029 7.2088 0
      vertex -10.1029 7.2088 17.5
    endloop
  endfacet
  facet normal 0.998786 0.0492515 0
    outer loop
      vertex -10.1029 7.2088 0
      vertex -10.1 7.14999 17.5
      vertex -10.1 7.14999 0
    endloop
  endfacet
  facet normal -0.802925 0.59608 0
    outer loop
      vertex -16.3989 7.48334 0
      vertex -16.3638 7.53062 17.5
      vertex -16.3638 7.53062 0
    endloop
  endfacet
  facet normal -0.802925 0.59608 0
    outer loop
      vertex -16.3638 7.53062 17.5
      vertex -16.3989 7.48334 0
      vertex -16.3989 7.48334 17.5
    endloop
  endfacet
  facet normal 1 -0 0
    outer loop
      vertex -10.1 -7.14999 17.5
      vertex -10.1 7.14999 0
      vertex -10.1 7.14999 17.5
    endloop
  endfacet
  facet normal 1 0 0
    outer loop
      vertex -10.1 7.14999 0
      vertex -10.1 -7.14999 17.5
      vertex -10.1 -7.14999 0
    endloop
  endfacet
  facet normal -0.0492599 -0.998786 0
    outer loop
      vertex -15.9588 -7.7471 0
      vertex -15.9 -7.75 17.5
      vertex -15.9588 -7.7471 17.5
    endloop
  endfacet
  facet normal -0.0492599 -0.998786 -0
    outer loop
      vertex -15.9 -7.75 17.5
      vertex -15.9588 -7.7471 0
      vertex -15.9 -7.75 0
    endloop
  endfacet
  facet normal -0.0492599 0.998786 0
    outer loop
      vertex -15.9 7.75 0
      vertex -15.9588 7.7471 17.5
      vertex -15.9 7.75 17.5
    endloop
  endfacet
  facet normal -0.0492599 0.998786 0
    outer loop
      vertex -15.9588 7.7471 17.5
      vertex -15.9 7.75 0
      vertex -15.9588 7.7471 0
    endloop
  endfacet
  facet normal -1 0 0
    outer loop
      vertex -16.5 -7.14999 0
      vertex -16.5 7.14999 17.5
      vertex -16.5 7.14999 0
    endloop
  endfacet
  facet normal -1 -0 0
    outer loop
      vertex -16.5 7.14999 17.5
      vertex -16.5 -7.14999 0
      vertex -16.5 -7.14999 17.5
    endloop
  endfacet
  facet normal -0.514121 0.857718 0
    outer loop
      vertex -16.1828 7.67915 0
      vertex -16.2333 7.64888 17.5
      vertex -16.1828 7.67915 17.5
    endloop
  endfacet
  facet normal -0.514121 0.857718 0
    outer loop
      vertex -16.2333 7.64888 17.5
      vertex -16.1828 7.67915 0
      vertex -16.2333 7.64888 0
    endloop
  endfacet
  facet normal 0.857538 0.514421 0
    outer loop
      vertex -10.1708 7.43283 17.5
      vertex -10.2011 7.48334 0
      vertex -10.2011 7.48334 17.5
    endloop
  endfacet
  facet normal 0.857538 0.514421 0
    outer loop
      vertex -10.2011 7.48334 0
      vertex -10.1708 7.43283 17.5
      vertex -10.1708 7.43283 0
    endloop
  endfacet
  facet normal 0.857538 -0.514421 0
    outer loop
      vertex -10.2011 -7.48334 17.5
      vertex -10.1708 -7.43283 0
      vertex -10.1708 -7.43283 17.5
    endloop
  endfacet
  facet normal 0.857538 -0.514421 0
    outer loop
      vertex -10.1708 -7.43283 0
      vertex -10.2011 -7.48334 17.5
      vertex -10.2011 -7.48334 0
    endloop
  endfacet
  facet normal -0.514121 -0.857718 0
    outer loop
      vertex -16.2333 -7.64888 0
      vertex -16.1828 -7.67915 17.5
      vertex -16.2333 -7.64888 17.5
    endloop
  endfacet
  facet normal -0.514121 -0.857718 -0
    outer loop
      vertex -16.1828 -7.67915 17.5
      vertex -16.2333 -7.64888 0
      vertex -16.1828 -7.67915 0
    endloop
  endfacet
  facet normal 0.514121 -0.857718 0
    outer loop
      vertex -10.4172 -7.67915 0
      vertex -10.3667 -7.64888 17.5
      vertex -10.4172 -7.67915 17.5
    endloop
  endfacet
  facet normal 0.514121 -0.857718 0
    outer loop
      vertex -10.3667 -7.64888 17.5
      vertex -10.4172 -7.67915 0
      vertex -10.3667 -7.64888 0
    endloop
  endfacet
  facet normal -0.42767 0.903935 0
    outer loop
      vertex -16.1296 7.70432 0
      vertex -16.1828 7.67915 17.5
      vertex -16.1296 7.70432 17.5
    endloop
  endfacet
  facet normal -0.42767 0.903935 0
    outer loop
      vertex -16.1828 7.67915 17.5
      vertex -16.1296 7.70432 0
      vertex -16.1828 7.67915 0
    endloop
  endfacet
  facet normal -0.242695 0.970103 0
    outer loop
      vertex -16.017 7.73846 0
      vertex -16.0742 7.72415 17.5
      vertex -16.017 7.73846 17.5
    endloop
  endfacet
  facet normal -0.242695 0.970103 0
    outer loop
      vertex -16.0742 7.72415 17.5
      vertex -16.017 7.73846 0
      vertex -16.0742 7.72415 0
    endloop
  endfacet
  facet normal 0.969661 0.244452 0
    outer loop
      vertex -10.1115 7.26704 17.5
      vertex -10.1259 7.32416 0
      vertex -10.1259 7.32416 17.5
    endloop
  endfacet
  facet normal 0.969661 0.244452 0
    outer loop
      vertex -10.1259 7.32416 0
      vertex -10.1115 7.26704 17.5
      vertex -10.1115 7.26704 0
    endloop
  endfacet
  facet normal -0.998786 -0.0492515 0
    outer loop
      vertex -16.4971 -7.2088 0
      vertex -16.5 -7.14999 17.5
      vertex -16.5 -7.14999 0
    endloop
  endfacet
  facet normal -0.998786 -0.0492515 0
    outer loop
      vertex -16.5 -7.14999 17.5
      vertex -16.4971 -7.2088 0
      vertex -16.4971 -7.2088 17.5
    endloop
  endfacet
  facet normal -0.969661 -0.244452 0
    outer loop
      vertex -16.4741 -7.32416 0
      vertex -16.4885 -7.26704 17.5
      vertex -16.4885 -7.26704 0
    endloop
  endfacet
  facet normal -0.969661 -0.244452 0
    outer loop
      vertex -16.4885 -7.26704 17.5
      vertex -16.4741 -7.32416 0
      vertex -16.4741 -7.32416 17.5
    endloop
  endfacet
  facet normal 0.904456 -0.426566 0
    outer loop
      vertex -10.1708 -7.43283 17.5
      vertex -10.1457 -7.37961 0
      vertex -10.1457 -7.37961 17.5
    endloop
  endfacet
  facet normal 0.904456 -0.426566 0
    outer loop
      vertex -10.1457 -7.37961 0
      vertex -10.1708 -7.43283 17.5
      vertex -10.1708 -7.43283 0
    endloop
  endfacet
  facet normal 0.741399 -0.671065 0
    outer loop
      vertex -10.2757 -7.57426 17.5
      vertex -10.2362 -7.53062 0
      vertex -10.2362 -7.53062 17.5
    endloop
  endfacet
  facet normal 0.741399 -0.671065 0
    outer loop
      vertex -10.2362 -7.53062 0
      vertex -10.2757 -7.57426 17.5
      vertex -10.2757 -7.57426 0
    endloop
  endfacet
  facet normal -0.146844 -0.98916 0
    outer loop
      vertex -16.017 -7.73846 0
      vertex -15.9588 -7.7471 17.5
      vertex -16.017 -7.73846 17.5
    endloop
  endfacet
  facet normal -0.146844 -0.98916 -0
    outer loop
      vertex -15.9588 -7.7471 17.5
      vertex -16.017 -7.73846 0
      vertex -15.9588 -7.7471 0
    endloop
  endfacet
  facet normal 0.941761 0.336283 0
    outer loop
      vertex -10.1259 7.32416 17.5
      vertex -10.1457 7.37961 0
      vertex -10.1457 7.37961 17.5
    endloop
  endfacet
  facet normal 0.941761 0.336283 0
    outer loop
      vertex -10.1457 7.37961 0
      vertex -10.1259 7.32416 17.5
      vertex -10.1259 7.32416 0
    endloop
  endfacet
  facet normal -0.998786 0.0492515 0
    outer loop
      vertex -16.5 7.14999 0
      vertex -16.4971 7.2088 17.5
      vertex -16.4971 7.2088 0
    endloop
  endfacet
  facet normal -0.998786 0.0492515 0
    outer loop
      vertex -16.4971 7.2088 17.5
      vertex -16.5 7.14999 0
      vertex -16.5 7.14999 17.5
    endloop
  endfacet
  facet normal -0.858287 0.513171 0
    outer loop
      vertex -16.4291 7.43283 0
      vertex -16.3989 7.48334 17.5
      vertex -16.3989 7.48334 0
    endloop
  endfacet
  facet normal -0.858287 0.513171 0
    outer loop
      vertex -16.3989 7.48334 17.5
      vertex -16.4291 7.43283 0
      vertex -16.4291 7.43283 17.5
    endloop
  endfacet
  facet normal 0.595699 0.803208 -0
    outer loop
      vertex -10.3194 7.6138 0
      vertex -10.3667 7.64888 17.5
      vertex -10.3194 7.6138 17.5
    endloop
  endfacet
  facet normal 0.595699 0.803208 0
    outer loop
      vertex -10.3667 7.64888 17.5
      vertex -10.3194 7.6138 0
      vertex -10.3667 7.64888 0
    endloop
  endfacet
  facet normal -0.741399 -0.671065 0
    outer loop
      vertex -16.3243 -7.57426 0
      vertex -16.3638 -7.53062 17.5
      vertex -16.3638 -7.53062 0
    endloop
  endfacet
  facet normal -0.741399 -0.671065 0
    outer loop
      vertex -16.3638 -7.53062 17.5
      vertex -16.3243 -7.57426 0
      vertex -16.3243 -7.57426 17.5
    endloop
  endfacet
  facet normal 0.0492599 0.998786 -0
    outer loop
      vertex -10.6412 7.7471 0
      vertex -10.7 7.75 17.5
      vertex -10.6412 7.7471 17.5
    endloop
  endfacet
  facet normal 0.0492599 0.998786 0
    outer loop
      vertex -10.7 7.75 17.5
      vertex -10.6412 7.7471 0
      vertex -10.7 7.75 0
    endloop
  endfacet
  facet normal -0.941761 -0.336283 0
    outer loop
      vertex -16.4543 -7.37961 0
      vertex -16.4741 -7.32416 17.5
      vertex -16.4741 -7.32416 0
    endloop
  endfacet
  facet normal -0.941761 -0.336283 0
    outer loop
      vertex -16.4741 -7.32416 17.5
      vertex -16.4543 -7.37961 0
      vertex -16.4543 -7.37961 17.5
    endloop
  endfacet
  facet normal 0.42767 0.903935 -0
    outer loop
      vertex -10.4172 7.67915 0
      vertex -10.4704 7.70432 17.5
      vertex -10.4172 7.67915 17.5
    endloop
  endfacet
  facet normal 0.42767 0.903935 0
    outer loop
      vertex -10.4704 7.70432 17.5
      vertex -10.4172 7.67915 0
      vertex -10.4704 7.70432 0
    endloop
  endfacet
  facet normal 0.670931 0.74152 -0
    outer loop
      vertex -10.2757 7.57426 0
      vertex -10.3194 7.6138 17.5
      vertex -10.2757 7.57426 17.5
    endloop
  endfacet
  facet normal 0.670931 0.74152 0
    outer loop
      vertex -10.3194 7.6138 17.5
      vertex -10.2757 7.57426 0
      vertex -10.3194 7.6138 0
    endloop
  endfacet
  facet normal 0.998786 -0.0492515 0
    outer loop
      vertex -10.1029 -7.2088 17.5
      vertex -10.1 -7.14999 0
      vertex -10.1 -7.14999 17.5
    endloop
  endfacet
  facet normal 0.998786 -0.0492515 0
    outer loop
      vertex -10.1 -7.14999 0
      vertex -10.1029 -7.2088 17.5
      vertex -10.1029 -7.2088 0
    endloop
  endfacet
  facet normal -0.741399 0.671065 0
    outer loop
      vertex -16.3638 7.53062 0
      vertex -16.3243 7.57426 17.5
      vertex -16.3243 7.57426 0
    endloop
  endfacet
  facet normal -0.741399 0.671065 0
    outer loop
      vertex -16.3243 7.57426 17.5
      vertex -16.3638 7.53062 0
      vertex -16.3638 7.53062 17.5
    endloop
  endfacet
  facet normal -0.670931 -0.74152 0
    outer loop
      vertex -16.3243 -7.57426 0
      vertex -16.2806 -7.6138 17.5
      vertex -16.3243 -7.57426 17.5
    endloop
  endfacet
  facet normal -0.670931 -0.74152 -0
    outer loop
      vertex -16.2806 -7.6138 17.5
      vertex -16.3243 -7.57426 0
      vertex -16.2806 -7.6138 0
    endloop
  endfacet
  facet normal -0.670931 0.74152 0
    outer loop
      vertex -16.2806 7.6138 0
      vertex -16.3243 7.57426 17.5
      vertex -16.2806 7.6138 17.5
    endloop
  endfacet
  facet normal -0.670931 0.74152 0
    outer loop
      vertex -16.3243 7.57426 17.5
      vertex -16.2806 7.6138 0
      vertex -16.3243 7.57426 0
    endloop
  endfacet
  facet normal -0.42767 -0.903935 0
    outer loop
      vertex -16.1828 -7.67915 0
      vertex -16.1296 -7.70432 17.5
      vertex -16.1828 -7.67915 17.5
    endloop
  endfacet
  facet normal -0.42767 -0.903935 -0
    outer loop
      vertex -16.1296 -7.70432 17.5
      vertex -16.1828 -7.67915 0
      vertex -16.1296 -7.70432 0
    endloop
  endfacet
  facet normal -0.337004 -0.941503 0
    outer loop
      vertex -16.1296 -7.70432 0
      vertex -16.0742 -7.72415 17.5
      vertex -16.1296 -7.70432 17.5
    endloop
  endfacet
  facet normal -0.337004 -0.941503 -0
    outer loop
      vertex -16.0742 -7.72415 17.5
      vertex -16.1296 -7.70432 0
      vertex -16.0742 -7.72415 0
    endloop
  endfacet
  facet normal 0.969661 -0.244452 0
    outer loop
      vertex -10.1259 -7.32416 17.5
      vertex -10.1115 -7.26704 0
      vertex -10.1115 -7.26704 17.5
    endloop
  endfacet
  facet normal 0.969661 -0.244452 0
    outer loop
      vertex -10.1115 -7.26704 0
      vertex -10.1259 -7.32416 17.5
      vertex -10.1259 -7.32416 0
    endloop
  endfacet
  facet normal -0.242695 -0.970103 0
    outer loop
      vertex -16.0742 -7.72415 0
      vertex -16.017 -7.73846 17.5
      vertex -16.0742 -7.72415 17.5
    endloop
  endfacet
  facet normal -0.242695 -0.970103 -0
    outer loop
      vertex -16.017 -7.73846 17.5
      vertex -16.0742 -7.72415 0
      vertex -16.017 -7.73846 0
    endloop
  endfacet
  facet normal 0.989273 0.146081 0
    outer loop
      vertex -10.1029 7.2088 17.5
      vertex -10.1115 7.26704 0
      vertex -10.1115 7.26704 17.5
    endloop
  endfacet
  facet normal 0.989273 0.146081 0
    outer loop
      vertex -10.1115 7.26704 0
      vertex -10.1029 7.2088 17.5
      vertex -10.1029 7.2088 0
    endloop
  endfacet
  facet normal -0.969661 0.244452 0
    outer loop
      vertex -16.4885 7.26704 0
      vertex -16.4741 7.32416 17.5
      vertex -16.4741 7.32416 0
    endloop
  endfacet
  facet normal -0.969661 0.244452 0
    outer loop
      vertex -16.4741 7.32416 17.5
      vertex -16.4885 7.26704 0
      vertex -16.4885 7.26704 17.5
    endloop
  endfacet
  facet normal -0.802925 -0.59608 0
    outer loop
      vertex -16.3638 -7.53062 0
      vertex -16.3989 -7.48334 17.5
      vertex -16.3989 -7.48334 0
    endloop
  endfacet
  facet normal -0.802925 -0.59608 0
    outer loop
      vertex -16.3989 -7.48334 17.5
      vertex -16.3638 -7.53062 0
      vertex -16.3638 -7.53062 17.5
    endloop
  endfacet
  facet normal 0.242695 0.970103 -0
    outer loop
      vertex -10.5258 7.72415 0
      vertex -10.583 7.73846 17.5
      vertex -10.5258 7.72415 17.5
    endloop
  endfacet
  facet normal 0.242695 0.970103 0
    outer loop
      vertex -10.583 7.73846 17.5
      vertex -10.5258 7.72415 0
      vertex -10.583 7.73846 0
    endloop
  endfacet
  facet normal 0 0 -1
    outer loop
      vertex 16.9 -8.75 17.5
      vertex 17.5 -8.14999 17.5
      vertex 17.4971 -8.2088 17.5
    endloop
  endfacet
  facet normal 0 0 -1
    outer loop
      vertex 17.5 -8.14999 17.5
      vertex 16.5 -7.14999 17.5
      vertex 17.5 8.14999 17.5
    endloop
  endfacet
  facet normal 0 0 -1
    outer loop
      vertex 16.9 -8.75 17.5
      vertex 17.4971 -8.2088 17.5
      vertex 17.4885 -8.26704 17.5
    endloop
  endfacet
  facet normal 0 0 -1
    outer loop
      vertex 16.5 7.14999 17.5
      vertex 17.5 8.14999 17.5
      vertex 16.5 -7.14999 17.5
    endloop
  endfacet
  facet normal 0 0 -1
    outer loop
      vertex 16.9 -8.75 17.5
      vertex 17.4885 -8.26704 17.5
      vertex 17.4742 -8.32416 17.5
    endloop
  endfacet
  facet normal 0 0 -1
    outer loop
      vertex 16.4971 7.2088 17.5
      vertex 17.5 8.14999 17.5
      vertex 16.5 7.14999 17.5
    endloop
  endfacet
  facet normal 0 0 -1
    outer loop
      vertex 16.9 -8.75 17.5
      vertex 17.4742 -8.32416 17.5
      vertex 17.4543 -8.37961 17.5
    endloop
  endfacet
  facet normal 0 0 -1
    outer loop
      vertex 16.4885 7.26704 17.5
      vertex 17.5 8.14999 17.5
      vertex 16.4971 7.2088 17.5
    endloop
  endfacet
  facet normal 0 0 -1
    outer loop
      vertex 16.9 -8.75 17.5
      vertex 17.4543 -8.37961 17.5
      vertex 17.4292 -8.43283 17.5
    endloop
  endfacet
  facet normal 0 0 -1
    outer loop
      vertex 16.4741 7.32416 17.5
      vertex 17.5 8.14999 17.5
      vertex 16.4885 7.26704 17.5
    endloop
  endfacet
  facet normal 0 0 -1
    outer loop
      vertex 16.9 -8.75 17.5
      vertex 17.4292 -8.43283 17.5
      vertex 17.3989 -8.48334 17.5
    endloop
  endfacet
  facet normal 0 0 -1
    outer loop
      vertex 16.4543 7.37961 17.5
      vertex 17.5 8.14999 17.5
      vertex 16.4741 7.32416 17.5
    endloop
  endfacet
  facet normal 0 0 -1
    outer loop
      vertex 16.9 -8.75 17.5
      vertex 17.3989 -8.48334 17.5
      vertex 17.3638 -8.53062 17.5
    endloop
  endfacet
  facet normal 0 0 -1
    outer loop
      vertex 16.4291 7.43283 17.5
      vertex 17.5 8.14999 17.5
      vertex 16.4543 7.37961 17.5
    endloop
  endfacet
  facet normal 0 0 -1
    outer loop
      vertex 16.9 -8.75 17.5
      vertex 17.3638 -8.53062 17.5
      vertex 17.3243 -8.57426 17.5
    endloop
  endfacet
  facet normal 0 0 -1
    outer loop
      vertex 16.3989 7.48334 17.5
      vertex 17.5 8.14999 17.5
      vertex 16.4291 7.43283 17.5
    endloop
  endfacet
  facet normal 0 0 -1
    outer loop
      vertex 16.9 -8.75 17.5
      vertex 17.3243 -8.57426 17.5
      vertex 17.2806 -8.6138 17.5
    endloop
  endfacet
  facet normal 0 0 -1
    outer loop
      vertex 16.3638 7.53062 17.5
      vertex 17.5 8.14999 17.5
      vertex 16.3989 7.48334 17.5
    endloop
  endfacet
  facet normal 0 0 -1
    outer loop
      vertex 16.9 -8.75 17.5
      vertex 17.2806 -8.6138 17.5
      vertex 17.2333 -8.64888 17.5
    endloop
  endfacet
  facet normal 0 0 -1
    outer loop
      vertex 16.3243 7.57426 17.5
      vertex 17.5 8.14999 17.5
      vertex 16.3638 7.53062 17.5
    endloop
  endfacet
  facet normal 0 0 -1
    outer loop
      vertex 16.9 -8.75 17.5
      vertex 17.2333 -8.64888 17.5
      vertex 17.1828 -8.67915 17.5
    endloop
  endfacet
  facet normal 0 -0 -1
    outer loop
      vertex 16.9 8.75 17.5
      vertex 17.5 8.14999 17.5
      vertex 16.3243 7.57426 17.5
    endloop
  endfacet
  facet normal 0 0 -1
    outer loop
      vertex 16.9 -8.75 17.5
      vertex 17.1828 -8.67915 17.5
      vertex 17.1296 -8.70432 17.5
    endloop
  endfacet
  facet normal 0 0 -1
    outer loop
      vertex 17.5 8.14999 17.5
      vertex 16.9 8.75 17.5
      vertex 17.4971 8.2088 17.5
    endloop
  endfacet
  facet normal 0 0 -1
    outer loop
      vertex 16.9 -8.75 17.5
      vertex 17.1296 -8.70432 17.5
      vertex 17.0742 -8.72415 17.5
    endloop
  endfacet
  facet normal 0 0 -1
    outer loop
      vertex 17.4971 8.2088 17.5
      vertex 16.9 8.75 17.5
      vertex 17.4885 8.26704 17.5
    endloop
  endfacet
  facet normal 0 0 -1
    outer loop
      vertex 16.9 -8.75 17.5
      vertex 17.0742 -8.72415 17.5
      vertex 17.017 -8.73846 17.5
    endloop
  endfacet
  facet normal 0 0 -1
    outer loop
      vertex 17.4885 8.26704 17.5
      vertex 16.9 8.75 17.5
      vertex 17.4742 8.32416 17.5
    endloop
  endfacet
  facet normal 0 0 -1
    outer loop
      vertex 16.9 -8.75 17.5
      vertex 17.017 -8.73846 17.5
      vertex 16.9588 -8.7471 17.5
    endloop
  endfacet
  facet normal 0 0 -1
    outer loop
      vertex 17.4742 8.32416 17.5
      vertex 16.9 8.75 17.5
      vertex 17.4543 8.37961 17.5
    endloop
  endfacet
  facet normal -0 0 -1
    outer loop
      vertex 17.5 -8.14999 17.5
      vertex 16.9 -8.75 17.5
      vertex 16.3243 -7.57426 17.5
    endloop
  endfacet
  facet normal 0 0 -1
    outer loop
      vertex 17.4543 8.37961 17.5
      vertex 16.9 8.75 17.5
      vertex 17.4292 8.43283 17.5
    endloop
  endfacet
  facet normal 0 0 -1
    outer loop
      vertex 17.4292 8.43283 17.5
      vertex 16.9 8.75 17.5
      vertex 17.3989 8.48334 17.5
    endloop
  endfacet
  facet normal 0 0 -1
    outer loop
      vertex 17.5 -8.14999 17.5
      vertex 16.4971 -7.2088 17.5
      vertex 16.5 -7.14999 17.5
    endloop
  endfacet
  facet normal 0 0 -1
    outer loop
      vertex 17.5 -8.14999 17.5
      vertex 16.4885 -7.26704 17.5
      vertex 16.4971 -7.2088 17.5
    endloop
  endfacet
  facet normal 0 0 -1
    outer loop
      vertex 17.5 -8.14999 17.5
      vertex 16.4741 -7.32416 17.5
      vertex 16.4885 -7.26704 17.5
    endloop
  endfacet
  facet normal 0 0 -1
    outer loop
      vertex 17.5 -8.14999 17.5
      vertex 16.4543 -7.37961 17.5
      vertex 16.4741 -7.32416 17.5
    endloop
  endfacet
  facet normal 0 0 -1
    outer loop
      vertex 17.5 -8.14999 17.5
      vertex 16.4291 -7.43283 17.5
      vertex 16.4543 -7.37961 17.5
    endloop
  endfacet
  facet normal 0 0 -1
    outer loop
      vertex 17.5 -8.14999 17.5
      vertex 16.3989 -7.48334 17.5
      vertex 16.4291 -7.43283 17.5
    endloop
  endfacet
  facet normal 0 0 -1
    outer loop
      vertex 17.5 -8.14999 17.5
      vertex 16.3638 -7.53062 17.5
      vertex 16.3989 -7.48334 17.5
    endloop
  endfacet
  facet normal 0 0 -1
    outer loop
      vertex 17.5 -8.14999 17.5
      vertex 16.3243 -7.57426 17.5
      vertex 16.3638 -7.53062 17.5
    endloop
  endfacet
  facet normal 0 0 -1
    outer loop
      vertex 16.9 -8.75 17.5
      vertex 16.2806 -7.6138 17.5
      vertex 16.3243 -7.57426 17.5
    endloop
  endfacet
  facet normal 0 0 -1
    outer loop
      vertex 16.9 -8.75 17.5
      vertex 16.2333 -7.64888 17.5
      vertex 16.2806 -7.6138 17.5
    endloop
  endfacet
  facet normal 0 0 -1
    outer loop
      vertex 16.9 -8.75 17.5
      vertex 16.1828 -7.67915 17.5
      vertex 16.2333 -7.64888 17.5
    endloop
  endfacet
  facet normal 0 0 -1
    outer loop
      vertex 16.9 -8.75 17.5
      vertex 16.1296 -7.70432 17.5
      vertex 16.1828 -7.67915 17.5
    endloop
  endfacet
  facet normal 0 0 -1
    outer loop
      vertex 16.9 -8.75 17.5
      vertex 16.0742 -7.72415 17.5
      vertex 16.1296 -7.70432 17.5
    endloop
  endfacet
  facet normal 0 0 -1
    outer loop
      vertex 16.9 -8.75 17.5
      vertex 16.017 -7.73846 17.5
      vertex 16.0742 -7.72415 17.5
    endloop
  endfacet
  facet normal 0 0 -1
    outer loop
      vertex 16.9 -8.75 17.5
      vertex 15.9588 -7.7471 17.5
      vertex 16.017 -7.73846 17.5
    endloop
  endfacet
  facet normal 0 0 -1
    outer loop
      vertex 16.9 -8.75 17.5
      vertex 15.9 -7.75 17.5
      vertex 15.9588 -7.7471 17.5
    endloop
  endfacet
  facet normal 0 0 -1
    outer loop
      vertex 16.9 -8.75 17.5
      vertex 10.7 -7.75 17.5
      vertex 15.9 -7.75 17.5
    endloop
  endfacet
  facet normal 0 0 -1
    outer loop
      vertex 16.9 -8.75 17.5
      vertex 10.6412 -7.7471 17.5
      vertex 10.7 -7.75 17.5
    endloop
  endfacet
  facet normal 0 0 -1
    outer loop
      vertex -10.6412 -7.7471 17.5
      vertex 10.6412 -7.7471 17.5
      vertex 16.9 -8.75 17.5
    endloop
  endfacet
  facet normal 0 0 -1
    outer loop
      vertex 10.1 -7.14999 17.5
      vertex -10.1 -7.14999 17.5
      vertex 10.1 7.14999 17.5
    endloop
  endfacet
  facet normal 0 0 -1
    outer loop
      vertex 10.1029 -7.2088 17.5
      vertex -10.1 -7.14999 17.5
      vertex 10.1 -7.14999 17.5
    endloop
  endfacet
  facet normal 0 0 -1
    outer loop
      vertex -10.1029 -7.2088 17.5
      vertex 10.1029 -7.2088 17.5
      vertex 10.1115 -7.26704 17.5
    endloop
  endfacet
  facet normal 0 0 -1
    outer loop
      vertex -10.1115 -7.26704 17.5
      vertex 10.1115 -7.26704 17.5
      vertex 10.1259 -7.32416 17.5
    endloop
  endfacet
  facet normal 0 0 -1
    outer loop
      vertex -10.1259 -7.32416 17.5
      vertex 10.1259 -7.32416 17.5
      vertex 10.1457 -7.37961 17.5
    endloop
  endfacet
  facet normal 0 0 -1
    outer loop
      vertex -10.1457 -7.37961 17.5
      vertex 10.1457 -7.37961 17.5
      vertex 10.1708 -7.43283 17.5
    endloop
  endfacet
  facet normal 0 0 -1
    outer loop
      vertex -10.1708 -7.43283 17.5
      vertex 10.1708 -7.43283 17.5
      vertex 10.2011 -7.48334 17.5
    endloop
  endfacet
  facet normal 0 0 -1
    outer loop
      vertex -10.2011 -7.48334 17.5
      vertex 10.2011 -7.48334 17.5
      vertex 10.2362 -7.53062 17.5
    endloop
  endfacet
  facet normal 0 0 -1
    outer loop
      vertex -10.2362 -7.53062 17.5
      vertex 10.2362 -7.53062 17.5
      vertex 10.2757 -7.57426 17.5
    endloop
  endfacet
  facet normal 0 0 -1
    outer loop
      vertex -10.2757 -7.57426 17.5
      vertex 10.2757 -7.57426 17.5
      vertex 10.3194 -7.6138 17.5
    endloop
  endfacet
  facet normal 0 0 -1
    outer loop
      vertex -10.3194 -7.6138 17.5
      vertex 10.3194 -7.6138 17.5
      vertex 10.3667 -7.64888 17.5
    endloop
  endfacet
  facet normal 0 0 -1
    outer loop
      vertex -10.3667 -7.64888 17.5
      vertex 10.3667 -7.64888 17.5
      vertex 10.4172 -7.67915 17.5
    endloop
  endfacet
  facet normal 0 0 -1
    outer loop
      vertex -10.4172 -7.67915 17.5
      vertex 10.4172 -7.67915 17.5
      vertex 10.4704 -7.70432 17.5
    endloop
  endfacet
  facet normal 0 0 -1
    outer loop
      vertex -10.4704 -7.70432 17.5
      vertex 10.4704 -7.70432 17.5
      vertex 10.5258 -7.72415 17.5
    endloop
  endfacet
  facet normal 0 0 -1
    outer loop
      vertex -10.5258 -7.72415 17.5
      vertex 10.5258 -7.72415 17.5
      vertex 10.583 -7.73846 17.5
    endloop
  endfacet
  facet normal 0 0 -1
    outer loop
      vertex 10.6412 -7.7471 17.5
      vertex -10.6412 -7.7471 17.5
      vertex 10.583 -7.73846 17.5
    endloop
  endfacet
  facet normal 0 0 -1
    outer loop
      vertex 10.1029 -7.2088 17.5
      vertex -10.1029 -7.2088 17.5
      vertex -10.1 -7.14999 17.5
    endloop
  endfacet
  facet normal 0 0 -1
    outer loop
      vertex 10.1115 -7.26704 17.5
      vertex -10.1115 -7.26704 17.5
      vertex -10.1029 -7.2088 17.5
    endloop
  endfacet
  facet normal 0 0 -1
    outer loop
      vertex 10.1259 -7.32416 17.5
      vertex -10.1259 -7.32416 17.5
      vertex -10.1115 -7.26704 17.5
    endloop
  endfacet
  facet normal 0 0 -1
    outer loop
      vertex 10.1457 -7.37961 17.5
      vertex -10.1457 -7.37961 17.5
      vertex -10.1259 -7.32416 17.5
    endloop
  endfacet
  facet normal 0 0 -1
    outer loop
      vertex 10.1708 -7.43283 17.5
      vertex -10.1708 -7.43283 17.5
      vertex -10.1457 -7.37961 17.5
    endloop
  endfacet
  facet normal 0 0 -1
    outer loop
      vertex 10.2011 -7.48334 17.5
      vertex -10.2011 -7.48334 17.5
      vertex -10.1708 -7.43283 17.5
    endloop
  endfacet
  facet normal 0 0 -1
    outer loop
      vertex 10.2362 -7.53062 17.5
      vertex -10.2362 -7.53062 17.5
      vertex -10.2011 -7.48334 17.5
    endloop
  endfacet
  facet normal 0 0 -1
    outer loop
      vertex 10.2757 -7.57426 17.5
      vertex -10.2757 -7.57426 17.5
      vertex -10.2362 -7.53062 17.5
    endloop
  endfacet
  facet normal 0 0 -1
    outer loop
      vertex 10.3194 -7.6138 17.5
      vertex -10.3194 -7.6138 17.5
      vertex -10.2757 -7.57426 17.5
    endloop
  endfacet
  facet normal 0 0 -1
    outer loop
      vertex 10.3667 -7.64888 17.5
      vertex -10.3667 -7.64888 17.5
      vertex -10.3194 -7.6138 17.5
    endloop
  endfacet
  facet normal 0 0 -1
    outer loop
      vertex 10.4172 -7.67915 17.5
      vertex -10.4172 -7.67915 17.5
      vertex -10.3667 -7.64888 17.5
    endloop
  endfacet
  facet normal 0 0 -1
    outer loop
      vertex 10.4704 -7.70432 17.5
      vertex -10.4704 -7.70432 17.5
      vertex -10.4172 -7.67915 17.5
    endloop
  endfacet
  facet normal 0 0 -1
    outer loop
      vertex 10.5258 -7.72415 17.5
      vertex -10.5258 -7.72415 17.5
      vertex -10.4704 -7.70432 17.5
    endloop
  endfacet
  facet normal 0 0 -1
    outer loop
      vertex 10.583 -7.73846 17.5
      vertex -10.583 -7.73846 17.5
      vertex -10.5258 -7.72415 17.5
    endloop
  endfacet
  facet normal -0 0 -1
    outer loop
      vertex 10.583 -7.73846 17.5
      vertex -10.6412 -7.7471 17.5
      vertex -10.583 -7.73846 17.5
    endloop
  endfacet
  facet normal 0 0 -1
    outer loop
      vertex -16.9 -8.75 17.5
      vertex -10.6412 -7.7471 17.5
      vertex 16.9 -8.75 17.5
    endloop
  endfacet
  facet normal 0 0 -1
    outer loop
      vertex -10.6412 -7.7471 17.5
      vertex -16.9 -8.75 17.5
      vertex -10.7 -7.75 17.5
    endloop
  endfacet
  facet normal -0 0 -1
    outer loop
      vertex -16.4971 -7.2088 17.5
      vertex -17.5 -8.14999 17.5
      vertex -16.5 -7.14999 17.5
    endloop
  endfacet
  facet normal -0 0 -1
    outer loop
      vertex -16.4885 -7.26704 17.5
      vertex -17.5 -8.14999 17.5
      vertex -16.4971 -7.2088 17.5
    endloop
  endfacet
  facet normal -0 0 -1
    outer loop
      vertex -16.4741 -7.32416 17.5
      vertex -17.5 -8.14999 17.5
      vertex -16.4885 -7.26704 17.5
    endloop
  endfacet
  facet normal -0 0 -1
    outer loop
      vertex -16.4543 -7.37961 17.5
      vertex -17.5 -8.14999 17.5
      vertex -16.4741 -7.32416 17.5
    endloop
  endfacet
  facet normal -0 0 -1
    outer loop
      vertex -16.4291 -7.43283 17.5
      vertex -17.5 -8.14999 17.5
      vertex -16.4543 -7.37961 17.5
    endloop
  endfacet
  facet normal -0 0 -1
    outer loop
      vertex -16.3989 -7.48334 17.5
      vertex -17.5 -8.14999 17.5
      vertex -16.4291 -7.43283 17.5
    endloop
  endfacet
  facet normal -0 0 -1
    outer loop
      vertex -16.3638 -7.53062 17.5
      vertex -17.5 -8.14999 17.5
      vertex -16.3989 -7.48334 17.5
    endloop
  endfacet
  facet normal -0 0 -1
    outer loop
      vertex -16.3243 -7.57426 17.5
      vertex -17.5 -8.14999 17.5
      vertex -16.3638 -7.53062 17.5
    endloop
  endfacet
  facet normal 0 0 -1
    outer loop
      vertex -17.5 -8.14999 17.5
      vertex -16.3243 -7.57426 17.5
      vertex -16.9 -8.75 17.5
    endloop
  endfacet
  facet normal -0 0 -1
    outer loop
      vertex -16.2806 -7.6138 17.5
      vertex -16.9 -8.75 17.5
      vertex -16.3243 -7.57426 17.5
    endloop
  endfacet
  facet normal -0 0 -1
    outer loop
      vertex -16.2333 -7.64888 17.5
      vertex -16.9 -8.75 17.5
      vertex -16.2806 -7.6138 17.5
    endloop
  endfacet
  facet normal -0 0 -1
    outer loop
      vertex -16.1828 -7.67915 17.5
      vertex -16.9 -8.75 17.5
      vertex -16.2333 -7.64888 17.5
    endloop
  endfacet
  facet normal -0 0 -1
    outer loop
      vertex -16.1296 -7.70432 17.5
      vertex -16.9 -8.75 17.5
      vertex -16.1828 -7.67915 17.5
    endloop
  endfacet
  facet normal -0 0 -1
    outer loop
      vertex -16.0742 -7.72415 17.5
      vertex -16.9 -8.75 17.5
      vertex -16.1296 -7.70432 17.5
    endloop
  endfacet
  facet normal -0 0 -1
    outer loop
      vertex -16.017 -7.73846 17.5
      vertex -16.9 -8.75 17.5
      vertex -16.0742 -7.72415 17.5
    endloop
  endfacet
  facet normal -0 0 -1
    outer loop
      vertex -15.9588 -7.7471 17.5
      vertex -16.9 -8.75 17.5
      vertex -16.017 -7.73846 17.5
    endloop
  endfacet
  facet normal -0 0 -1
    outer loop
      vertex -15.9 -7.75 17.5
      vertex -16.9 -8.75 17.5
      vertex -15.9588 -7.7471 17.5
    endloop
  endfacet
  facet normal -0 0 -1
    outer loop
      vertex -10.7 -7.75 17.5
      vertex -16.9 -8.75 17.5
      vertex -15.9 -7.75 17.5
    endloop
  endfacet
  facet normal 0 0 -1
    outer loop
      vertex 17.3989 8.48334 17.5
      vertex 16.9 8.75 17.5
      vertex 17.3638 8.53062 17.5
    endloop
  endfacet
  facet normal 0 0 -1
    outer loop
      vertex 17.3638 8.53062 17.5
      vertex 16.9 8.75 17.5
      vertex 17.3243 8.57426 17.5
    endloop
  endfacet
  facet normal 0 0 -1
    outer loop
      vertex 17.3243 8.57426 17.5
      vertex 16.9 8.75 17.5
      vertex 17.2806 8.6138 17.5
    endloop
  endfacet
  facet normal 0 0 -1
    outer loop
      vertex 17.2333 8.64888 17.5
      vertex 16.9 8.75 17.5
      vertex 17.1828 8.67915 17.5
    endloop
  endfacet
  facet normal 0 0 -1
    outer loop
      vertex 17.1828 8.67915 17.5
      vertex 16.9 8.75 17.5
      vertex 17.1296 8.70432 17.5
    endloop
  endfacet
  facet normal 0 0 -1
    outer loop
      vertex 17.1296 8.70432 17.5
      vertex 16.9 8.75 17.5
      vertex 17.0742 8.72415 17.5
    endloop
  endfacet
  facet normal 0 0 -1
    outer loop
      vertex 17.0742 8.72415 17.5
      vertex 16.9 8.75 17.5
      vertex 17.017 8.73846 17.5
    endloop
  endfacet
  facet normal 0 0 -1
    outer loop
      vertex 17.017 8.73846 17.5
      vertex 16.9 8.75 17.5
      vertex 16.9588 8.7471 17.5
    endloop
  endfacet
  facet normal 0 0 -1
    outer loop
      vertex 17.2806 8.6138 17.5
      vertex 16.9 8.75 17.5
      vertex 17.2333 8.64888 17.5
    endloop
  endfacet
  facet normal 0 0 -1
    outer loop
      vertex 16.2806 7.6138 17.5
      vertex 16.9 8.75 17.5
      vertex 16.3243 7.57426 17.5
    endloop
  endfacet
  facet normal 0 0 -1
    outer loop
      vertex 16.2333 7.64888 17.5
      vertex 16.9 8.75 17.5
      vertex 16.2806 7.6138 17.5
    endloop
  endfacet
  facet normal 0 0 -1
    outer loop
      vertex 16.1828 7.67915 17.5
      vertex 16.9 8.75 17.5
      vertex 16.2333 7.64888 17.5
    endloop
  endfacet
  facet normal 0 0 -1
    outer loop
      vertex 16.1296 7.70432 17.5
      vertex 16.9 8.75 17.5
      vertex 16.1828 7.67915 17.5
    endloop
  endfacet
  facet normal 0 0 -1
    outer loop
      vertex 16.0742 7.72415 17.5
      vertex 16.9 8.75 17.5
      vertex 16.1296 7.70432 17.5
    endloop
  endfacet
  facet normal 0 0 -1
    outer loop
      vertex 16.017 7.73846 17.5
      vertex 16.9 8.75 17.5
      vertex 16.0742 7.72415 17.5
    endloop
  endfacet
  facet normal 0 0 -1
    outer loop
      vertex 15.9588 7.7471 17.5
      vertex 16.9 8.75 17.5
      vertex 16.017 7.73846 17.5
    endloop
  endfacet
  facet normal 0 0 -1
    outer loop
      vertex 15.9 7.75 17.5
      vertex 16.9 8.75 17.5
      vertex 15.9588 7.7471 17.5
    endloop
  endfacet
  facet normal 0 0 -1
    outer loop
      vertex 10.7 7.75 17.5
      vertex 16.9 8.75 17.5
      vertex 15.9 7.75 17.5
    endloop
  endfacet
  facet normal 0 0 -1
    outer loop
      vertex 10.6412 7.7471 17.5
      vertex 16.9 8.75 17.5
      vertex 10.7 7.75 17.5
    endloop
  endfacet
  facet normal 0 0 -1
    outer loop
      vertex -10.6412 7.7471 17.5
      vertex 10.6412 7.7471 17.5
      vertex 10.583 7.73846 17.5
    endloop
  endfacet
  facet normal 0 0 -1
    outer loop
      vertex -10.1 7.14999 17.5
      vertex 10.1 7.14999 17.5
      vertex -10.1 -7.14999 17.5
    endloop
  endfacet
  facet normal 0 0 -1
    outer loop
      vertex 10.1 7.14999 17.5
      vertex -10.1 7.14999 17.5
      vertex 10.1029 7.2088 17.5
    endloop
  endfacet
  facet normal 0 0 -1
    outer loop
      vertex -10.1029 7.2088 17.5
      vertex 10.1029 7.2088 17.5
      vertex -10.1 7.14999 17.5
    endloop
  endfacet
  facet normal 0 0 -1
    outer loop
      vertex 10.1029 7.2088 17.5
      vertex -10.1029 7.2088 17.5
      vertex 10.1115 7.26704 17.5
    endloop
  endfacet
  facet normal 0 0 -1
    outer loop
      vertex -10.1115 7.26704 17.5
      vertex 10.1115 7.26704 17.5
      vertex -10.1029 7.2088 17.5
    endloop
  endfacet
  facet normal 0 0 -1
    outer loop
      vertex 10.1115 7.26704 17.5
      vertex -10.1115 7.26704 17.5
      vertex 10.1259 7.32416 17.5
    endloop
  endfacet
  facet normal 0 0 -1
    outer loop
      vertex -10.1259 7.32416 17.5
      vertex 10.1259 7.32416 17.5
      vertex -10.1115 7.26704 17.5
    endloop
  endfacet
  facet normal 0 0 -1
    outer loop
      vertex 10.1259 7.32416 17.5
      vertex -10.1259 7.32416 17.5
      vertex 10.1457 7.37961 17.5
    endloop
  endfacet
  facet normal 0 0 -1
    outer loop
      vertex -10.1457 7.37961 17.5
      vertex 10.1457 7.37961 17.5
      vertex -10.1259 7.32416 17.5
    endloop
  endfacet
  facet normal 0 0 -1
    outer loop
      vertex 10.1457 7.37961 17.5
      vertex -10.1457 7.37961 17.5
      vertex 10.1708 7.43283 17.5
    endloop
  endfacet
  facet normal 0 0 -1
    outer loop
      vertex -10.1708 7.43283 17.5
      vertex 10.1708 7.43283 17.5
      vertex -10.1457 7.37961 17.5
    endloop
  endfacet
  facet normal 0 0 -1
    outer loop
      vertex 10.1708 7.43283 17.5
      vertex -10.1708 7.43283 17.5
      vertex 10.2011 7.48334 17.5
    endloop
  endfacet
  facet normal 0 0 -1
    outer loop
      vertex -10.2011 7.48334 17.5
      vertex 10.2011 7.48334 17.5
      vertex -10.1708 7.43283 17.5
    endloop
  endfacet
  facet normal 0 0 -1
    outer loop
      vertex 10.2011 7.48334 17.5
      vertex -10.2011 7.48334 17.5
      vertex 10.2362 7.53062 17.5
    endloop
  endfacet
  facet normal 0 0 -1
    outer loop
      vertex -10.2362 7.53062 17.5
      vertex 10.2362 7.53062 17.5
      vertex -10.2011 7.48334 17.5
    endloop
  endfacet
  facet normal 0 0 -1
    outer loop
      vertex 10.2362 7.53062 17.5
      vertex -10.2362 7.53062 17.5
      vertex 10.2757 7.57426 17.5
    endloop
  endfacet
  facet normal 0 0 -1
    outer loop
      vertex -10.2757 7.57426 17.5
      vertex 10.2757 7.57426 17.5
      vertex -10.2362 7.53062 17.5
    endloop
  endfacet
  facet normal 0 0 -1
    outer loop
      vertex 10.2757 7.57426 17.5
      vertex -10.2757 7.57426 17.5
      vertex 10.3194 7.6138 17.5
    endloop
  endfacet
  facet normal 0 0 -1
    outer loop
      vertex -10.3194 7.6138 17.5
      vertex 10.3194 7.6138 17.5
      vertex -10.2757 7.57426 17.5
    endloop
  endfacet
  facet normal 0 0 -1
    outer loop
      vertex 10.3194 7.6138 17.5
      vertex -10.3194 7.6138 17.5
      vertex 10.3667 7.64888 17.5
    endloop
  endfacet
  facet normal 0 0 -1
    outer loop
      vertex -10.3667 7.64888 17.5
      vertex 10.3667 7.64888 17.5
      vertex -10.3194 7.6138 17.5
    endloop
  endfacet
  facet normal 0 0 -1
    outer loop
      vertex 10.3667 7.64888 17.5
      vertex -10.3667 7.64888 17.5
      vertex 10.4172 7.67915 17.5
    endloop
  endfacet
  facet normal 0 0 -1
    outer loop
      vertex -10.4172 7.67915 17.5
      vertex 10.4172 7.67915 17.5
      vertex -10.3667 7.64888 17.5
    endloop
  endfacet
  facet normal 0 0 -1
    outer loop
      vertex 10.4172 7.67915 17.5
      vertex -10.4172 7.67915 17.5
      vertex 10.4704 7.70432 17.5
    endloop
  endfacet
  facet normal 0 0 -1
    outer loop
      vertex -10.4704 7.70432 17.5
      vertex 10.4704 7.70432 17.5
      vertex -10.4172 7.67915 17.5
    endloop
  endfacet
  facet normal 0 0 -1
    outer loop
      vertex 10.4704 7.70432 17.5
      vertex -10.4704 7.70432 17.5
      vertex 10.5258 7.72415 17.5
    endloop
  endfacet
  facet normal 0 0 -1
    outer loop
      vertex -10.5258 7.72415 17.5
      vertex 10.5258 7.72415 17.5
      vertex -10.4704 7.70432 17.5
    endloop
  endfacet
  facet normal 0 0 -1
    outer loop
      vertex 10.5258 7.72415 17.5
      vertex -10.5258 7.72415 17.5
      vertex 10.583 7.73846 17.5
    endloop
  endfacet
  facet normal 0 0 -1
    outer loop
      vertex -10.583 7.73846 17.5
      vertex 10.583 7.73846 17.5
      vertex -10.5258 7.72415 17.5
    endloop
  endfacet
  facet normal 0 0 -1
    outer loop
      vertex -10.6412 7.7471 17.5
      vertex 10.583 7.73846 17.5
      vertex -10.583 7.73846 17.5
    endloop
  endfacet
  facet normal 0 0 -1
    outer loop
      vertex 10.6412 7.7471 17.5
      vertex -10.6412 7.7471 17.5
      vertex 16.9 8.75 17.5
    endloop
  endfacet
  facet normal 0 0 -1
    outer loop
      vertex -16.9 8.75 17.5
      vertex -10.6412 7.7471 17.5
      vertex -10.7 7.75 17.5
    endloop
  endfacet
  facet normal 0 0 -1
    outer loop
      vertex -16.9 8.75 17.5
      vertex -10.7 7.75 17.5
      vertex -15.9 7.75 17.5
    endloop
  endfacet
  facet normal 0 0 -1
    outer loop
      vertex -10.6412 7.7471 17.5
      vertex -16.9 8.75 17.5
      vertex 16.9 8.75 17.5
    endloop
  endfacet
  facet normal 0 0 -1
    outer loop
      vertex -15.9588 7.7471 17.5
      vertex -16.9 8.75 17.5
      vertex -15.9 7.75 17.5
    endloop
  endfacet
  facet normal 0 0 -1
    outer loop
      vertex -16.017 7.73846 17.5
      vertex -16.9 8.75 17.5
      vertex -15.9588 7.7471 17.5
    endloop
  endfacet
  facet normal 0 0 -1
    outer loop
      vertex -16.0742 7.72415 17.5
      vertex -16.9 8.75 17.5
      vertex -16.017 7.73846 17.5
    endloop
  endfacet
  facet normal 0 0 -1
    outer loop
      vertex -16.1296 7.70432 17.5
      vertex -16.9 8.75 17.5
      vertex -16.0742 7.72415 17.5
    endloop
  endfacet
  facet normal 0 0 -1
    outer loop
      vertex -16.1828 7.67915 17.5
      vertex -16.9 8.75 17.5
      vertex -16.1296 7.70432 17.5
    endloop
  endfacet
  facet normal 0 0 -1
    outer loop
      vertex -16.2333 7.64888 17.5
      vertex -16.9 8.75 17.5
      vertex -16.1828 7.67915 17.5
    endloop
  endfacet
  facet normal 0 0 -1
    outer loop
      vertex -16.2806 7.6138 17.5
      vertex -16.9 8.75 17.5
      vertex -16.2333 7.64888 17.5
    endloop
  endfacet
  facet normal 0 0 -1
    outer loop
      vertex -16.3243 7.57426 17.5
      vertex -16.9 8.75 17.5
      vertex -16.2806 7.6138 17.5
    endloop
  endfacet
  facet normal 0 0 -1
    outer loop
      vertex -17.5 8.14999 17.5
      vertex -16.3243 7.57426 17.5
      vertex -16.3638 7.53062 17.5
    endloop
  endfacet
  facet normal 0 0 -1
    outer loop
      vertex -17.5 8.14999 17.5
      vertex -16.3638 7.53062 17.5
      vertex -16.3989 7.48334 17.5
    endloop
  endfacet
  facet normal 0 0 -1
    outer loop
      vertex -17.5 8.14999 17.5
      vertex -16.3989 7.48334 17.5
      vertex -16.4291 7.43283 17.5
    endloop
  endfacet
  facet normal 0 0 -1
    outer loop
      vertex -17.5 8.14999 17.5
      vertex -16.4291 7.43283 17.5
      vertex -16.4543 7.37961 17.5
    endloop
  endfacet
  facet normal 0 0 -1
    outer loop
      vertex -17.5 8.14999 17.5
      vertex -16.4543 7.37961 17.5
      vertex -16.4741 7.32416 17.5
    endloop
  endfacet
  facet normal 0 0 -1
    outer loop
      vertex -17.5 8.14999 17.5
      vertex -16.4741 7.32416 17.5
      vertex -16.4885 7.26704 17.5
    endloop
  endfacet
  facet normal 0 0 -1
    outer loop
      vertex -17.5 8.14999 17.5
      vertex -16.4885 7.26704 17.5
      vertex -16.4971 7.2088 17.5
    endloop
  endfacet
  facet normal 0 0 -1
    outer loop
      vertex -17.5 8.14999 17.5
      vertex -16.4971 7.2088 17.5
      vertex -16.5 7.14999 17.5
    endloop
  endfacet
  facet normal -0 0 -1
    outer loop
      vertex -16.5 -7.14999 17.5
      vertex -17.5 -8.14999 17.5
      vertex -16.5 7.14999 17.5
    endloop
  endfacet
  facet normal 0 0 -1
    outer loop
      vertex -17.5 -8.14999 17.5
      vertex -16.9 -8.75 17.5
      vertex -16.9588 -8.7471 17.5
    endloop
  endfacet
  facet normal 0 0 -1
    outer loop
      vertex -17.5 8.14999 17.5
      vertex -16.5 7.14999 17.5
      vertex -17.5 -8.14999 17.5
    endloop
  endfacet
  facet normal 0 0 -1
    outer loop
      vertex -17.5 -8.14999 17.5
      vertex -16.9588 -8.7471 17.5
      vertex -17.017 -8.73846 17.5
    endloop
  endfacet
  facet normal 0 0 -1
    outer loop
      vertex -16.3243 7.57426 17.5
      vertex -17.5 8.14999 17.5
      vertex -16.9 8.75 17.5
    endloop
  endfacet
  facet normal 0 0 -1
    outer loop
      vertex -17.5 -8.14999 17.5
      vertex -17.017 -8.73846 17.5
      vertex -17.0742 -8.72415 17.5
    endloop
  endfacet
  facet normal 0 0 -1
    outer loop
      vertex -16.9 8.75 17.5
      vertex -17.5 8.14999 17.5
      vertex -16.9588 8.7471 17.5
    endloop
  endfacet
  facet normal 0 0 -1
    outer loop
      vertex -17.5 -8.14999 17.5
      vertex -17.0742 -8.72415 17.5
      vertex -17.1296 -8.70432 17.5
    endloop
  endfacet
  facet normal 0 0 -1
    outer loop
      vertex -16.9588 8.7471 17.5
      vertex -17.5 8.14999 17.5
      vertex -17.017 8.73846 17.5
    endloop
  endfacet
  facet normal 0 0 -1
    outer loop
      vertex -17.5 -8.14999 17.5
      vertex -17.1296 -8.70432 17.5
      vertex -17.1828 -8.67915 17.5
    endloop
  endfacet
  facet normal 0 0 -1
    outer loop
      vertex -17.017 8.73846 17.5
      vertex -17.5 8.14999 17.5
      vertex -17.0742 8.72415 17.5
    endloop
  endfacet
  facet normal 0 0 -1
    outer loop
      vertex -17.5 -8.14999 17.5
      vertex -17.1828 -8.67915 17.5
      vertex -17.2333 -8.64888 17.5
    endloop
  endfacet
  facet normal 0 0 -1
    outer loop
      vertex -17.0742 8.72415 17.5
      vertex -17.5 8.14999 17.5
      vertex -17.1296 8.70432 17.5
    endloop
  endfacet
  facet normal 0 0 -1
    outer loop
      vertex -17.5 -8.14999 17.5
      vertex -17.2333 -8.64888 17.5
      vertex -17.2806 -8.6138 17.5
    endloop
  endfacet
  facet normal 0 0 -1
    outer loop
      vertex -17.1296 8.70432 17.5
      vertex -17.5 8.14999 17.5
      vertex -17.1828 8.67915 17.5
    endloop
  endfacet
  facet normal 0 0 -1
    outer loop
      vertex -17.5 -8.14999 17.5
      vertex -17.2806 -8.6138 17.5
      vertex -17.3243 -8.57426 17.5
    endloop
  endfacet
  facet normal 0 0 -1
    outer loop
      vertex -17.1828 8.67915 17.5
      vertex -17.5 8.14999 17.5
      vertex -17.2333 8.64888 17.5
    endloop
  endfacet
  facet normal 0 0 -1
    outer loop
      vertex -17.5 -8.14999 17.5
      vertex -17.3243 -8.57426 17.5
      vertex -17.3638 -8.53062 17.5
    endloop
  endfacet
  facet normal 0 0 -1
    outer loop
      vertex -17.2333 8.64888 17.5
      vertex -17.5 8.14999 17.5
      vertex -17.2806 8.6138 17.5
    endloop
  endfacet
  facet normal 0 0 -1
    outer loop
      vertex -17.5 -8.14999 17.5
      vertex -17.3638 -8.53062 17.5
      vertex -17.3989 -8.48334 17.5
    endloop
  endfacet
  facet normal 0 0 -1
    outer loop
      vertex -17.2806 8.6138 17.5
      vertex -17.5 8.14999 17.5
      vertex -17.3243 8.57426 17.5
    endloop
  endfacet
  facet normal 0 0 -1
    outer loop
      vertex -17.5 -8.14999 17.5
      vertex -17.3989 -8.48334 17.5
      vertex -17.4292 -8.43283 17.5
    endloop
  endfacet
  facet normal 0 0 -1
    outer loop
      vertex -17.3243 8.57426 17.5
      vertex -17.5 8.14999 17.5
      vertex -17.3638 8.53062 17.5
    endloop
  endfacet
  facet normal 0 0 -1
    outer loop
      vertex -17.5 -8.14999 17.5
      vertex -17.4292 -8.43283 17.5
      vertex -17.4543 -8.37961 17.5
    endloop
  endfacet
  facet normal 0 0 -1
    outer loop
      vertex -17.3638 8.53062 17.5
      vertex -17.5 8.14999 17.5
      vertex -17.3989 8.48334 17.5
    endloop
  endfacet
  facet normal 0 0 -1
    outer loop
      vertex -17.5 -8.14999 17.5
      vertex -17.4543 -8.37961 17.5
      vertex -17.4742 -8.32416 17.5
    endloop
  endfacet
  facet normal 0 0 -1
    outer loop
      vertex -17.3989 8.48334 17.5
      vertex -17.5 8.14999 17.5
      vertex -17.4292 8.43283 17.5
    endloop
  endfacet
  facet normal 0 0 -1
    outer loop
      vertex -17.5 -8.14999 17.5
      vertex -17.4742 -8.32416 17.5
      vertex -17.4885 -8.26704 17.5
    endloop
  endfacet
  facet normal 0 0 -1
    outer loop
      vertex -17.4292 8.43283 17.5
      vertex -17.5 8.14999 17.5
      vertex -17.4543 8.37961 17.5
    endloop
  endfacet
  facet normal 0 0 -1
    outer loop
      vertex -17.5 -8.14999 17.5
      vertex -17.4885 -8.26704 17.5
      vertex -17.4971 -8.2088 17.5
    endloop
  endfacet
  facet normal 0 0 -1
    outer loop
      vertex -17.4543 8.37961 17.5
      vertex -17.5 8.14999 17.5
      vertex -17.4742 8.32416 17.5
    endloop
  endfacet
  facet normal 0 0 -1
    outer loop
      vertex -17.4742 8.32416 17.5
      vertex -17.5 8.14999 17.5
      vertex -17.4885 8.26704 17.5
    endloop
  endfacet
  facet normal 0 0 -1
    outer loop
      vertex -17.4885 8.26704 17.5
      vertex -17.5 8.14999 17.5
      vertex -17.4971 8.2088 17.5
    endloop
  endfacet
  facet normal -0.595699 0.803208 0
    outer loop
      vertex -16.2333 7.64888 0
      vertex -16.2806 7.6138 17.5
      vertex -16.2333 7.64888 17.5
    endloop
  endfacet
  facet normal -0.595699 0.803208 0
    outer loop
      vertex -16.2806 7.6138 17.5
      vertex -16.2333 7.64888 0
      vertex -16.2806 7.6138 0
    endloop
  endfacet
  facet normal -0.595699 -0.803208 0
    outer loop
      vertex -16.2806 -7.6138 0
      vertex -16.2333 -7.64888 17.5
      vertex -16.2806 -7.6138 17.5
    endloop
  endfacet
  facet normal -0.595699 -0.803208 -0
    outer loop
      vertex -16.2333 -7.64888 17.5
      vertex -16.2806 -7.6138 0
      vertex -16.2333 -7.64888 0
    endloop
  endfacet
  facet normal 0.904456 0.426566 0
    outer loop
      vertex -10.1457 7.37961 17.5
      vertex -10.1708 7.43283 0
      vertex -10.1708 7.43283 17.5
    endloop
  endfacet
  facet normal 0.904456 0.426566 0
    outer loop
      vertex -10.1708 7.43283 0
      vertex -10.1457 7.37961 17.5
      vertex -10.1457 7.37961 0
    endloop
  endfacet
  facet normal -0.989273 -0.146081 0
    outer loop
      vertex -16.4885 -7.26704 0
      vertex -16.4971 -7.2088 17.5
      vertex -16.4971 -7.2088 0
    endloop
  endfacet
  facet normal -0.989273 -0.146081 0
    outer loop
      vertex -16.4971 -7.2088 17.5
      vertex -16.4885 -7.26704 0
      vertex -16.4885 -7.26704 17.5
    endloop
  endfacet
  facet normal 0.514121 0.857718 -0
    outer loop
      vertex -10.3667 7.64888 0
      vertex -10.4172 7.67915 17.5
      vertex -10.3667 7.64888 17.5
    endloop
  endfacet
  facet normal 0.514121 0.857718 0
    outer loop
      vertex -10.4172 7.67915 17.5
      vertex -10.3667 7.64888 0
      vertex -10.4172 7.67915 0
    endloop
  endfacet
  facet normal 0 0 -1
    outer loop
      vertex -10.7 -7.75 0
      vertex -10.1 -7.14999 0
      vertex -10.1029 -7.2088 0
    endloop
  endfacet
  facet normal 0 0 -1
    outer loop
      vertex -10.1 -7.14999 0
      vertex -11.15 0 0
      vertex -10.1 7.14999 0
    endloop
  endfacet
  facet normal 0 0 -1
    outer loop
      vertex -10.7 -7.75 0
      vertex -10.1029 -7.2088 0
      vertex -10.1115 -7.26704 0
    endloop
  endfacet
  facet normal 0 0 -1
    outer loop
      vertex -11.1604 0.210736 0
      vertex -10.1 7.14999 0
      vertex -11.15 0 0
    endloop
  endfacet
  facet normal 0 0 -1
    outer loop
      vertex -10.7 -7.75 0
      vertex -10.1115 -7.26704 0
      vertex -10.1259 -7.32416 0
    endloop
  endfacet
  facet normal 0 0 -1
    outer loop
      vertex -11.1913 0.419444 0
      vertex -10.1 7.14999 0
      vertex -11.1604 0.210736 0
    endloop
  endfacet
  facet normal 0 0 -1
    outer loop
      vertex -10.7 -7.75 0
      vertex -10.1259 -7.32416 0
      vertex -10.1457 -7.37961 0
    endloop
  endfacet
  facet normal 0 0 -1
    outer loop
      vertex -11.2426 0.624111 0
      vertex -10.1 7.14999 0
      vertex -11.1913 0.419444 0
    endloop
  endfacet
  facet normal 0 0 -1
    outer loop
      vertex -10.7 -7.75 0
      vertex -10.1457 -7.37961 0
      vertex -10.1708 -7.43283 0
    endloop
  endfacet
  facet normal 0 0 -1
    outer loop
      vertex -11.3137 0.822769 0
      vertex -10.1 7.14999 0
      vertex -11.2426 0.624111 0
    endloop
  endfacet
  facet normal 0 0 -1
    outer loop
      vertex -10.7 -7.75 0
      vertex -10.1708 -7.43283 0
      vertex -10.2011 -7.48334 0
    endloop
  endfacet
  facet normal 0 0 -1
    outer loop
      vertex -11.4039 1.0135 0
      vertex -10.1 7.14999 0
      vertex -11.3137 0.822769 0
    endloop
  endfacet
  facet normal 0 0 -1
    outer loop
      vertex -10.7 -7.75 0
      vertex -10.2011 -7.48334 0
      vertex -10.2362 -7.53062 0
    endloop
  endfacet
  facet normal 0 0 -1
    outer loop
      vertex -11.5123 1.19448 0
      vertex -10.1 7.14999 0
      vertex -11.4039 1.0135 0
    endloop
  endfacet
  facet normal 0 0 -1
    outer loop
      vertex -10.7 -7.75 0
      vertex -10.2362 -7.53062 0
      vertex -10.2757 -7.57426 0
    endloop
  endfacet
  facet normal 0 0 -1
    outer loop
      vertex -11.638 1.36395 0
      vertex -10.1 7.14999 0
      vertex -11.5123 1.19448 0
    endloop
  endfacet
  facet normal 0 0 -1
    outer loop
      vertex -10.7 -7.75 0
      vertex -10.2757 -7.57426 0
      vertex -10.3194 -7.6138 0
    endloop
  endfacet
  facet normal 0 0 -1
    outer loop
      vertex -11.7797 1.52028 0
      vertex -10.1 7.14999 0
      vertex -11.638 1.36395 0
    endloop
  endfacet
  facet normal 0 0 -1
    outer loop
      vertex -10.7 -7.75 0
      vertex -10.3194 -7.6138 0
      vertex -10.3667 -7.64888 0
    endloop
  endfacet
  facet normal 0 0 -1
    outer loop
      vertex -11.9361 1.66197 0
      vertex -10.1 7.14999 0
      vertex -11.7797 1.52028 0
    endloop
  endfacet
  facet normal 0 0 -1
    outer loop
      vertex -10.7 -7.75 0
      vertex -10.3667 -7.64888 0
      vertex -10.4172 -7.67915 0
    endloop
  endfacet
  facet normal 0 0 -1
    outer loop
      vertex -12.1055 1.78766 0
      vertex -10.1 7.14999 0
      vertex -11.9361 1.66197 0
    endloop
  endfacet
  facet normal 0 0 -1
    outer loop
      vertex -10.7 -7.75 0
      vertex -10.4172 -7.67915 0
      vertex -10.4704 -7.70432 0
    endloop
  endfacet
  facet normal 0 0 -1
    outer loop
      vertex -12.2865 1.89613 0
      vertex -10.1 7.14999 0
      vertex -12.1055 1.78766 0
    endloop
  endfacet
  facet normal 0 0 -1
    outer loop
      vertex -10.7 -7.75 0
      vertex -10.4704 -7.70432 0
      vertex -10.5258 -7.72415 0
    endloop
  endfacet
  facet normal 0 0 -1
    outer loop
      vertex -12.4772 1.98634 0
      vertex -10.1 7.14999 0
      vertex -12.2865 1.89613 0
    endloop
  endfacet
  facet normal 0 0 -1
    outer loop
      vertex -10.7 -7.75 0
      vertex -10.5258 -7.72415 0
      vertex -10.583 -7.73846 0
    endloop
  endfacet
  facet normal 0 0 -1
    outer loop
      vertex -12.6759 2.05742 0
      vertex -10.1 7.14999 0
      vertex -12.4772 1.98634 0
    endloop
  endfacet
  facet normal 0 0 -1
    outer loop
      vertex -10.7 -7.75 0
      vertex -10.583 -7.73846 0
      vertex -10.6412 -7.7471 0
    endloop
  endfacet
  facet normal 0 0 -1
    outer loop
      vertex -12.8806 2.10869 0
      vertex -10.1 7.14999 0
      vertex -12.6759 2.05742 0
    endloop
  endfacet
  facet normal 0 0 -1
    outer loop
      vertex -13.0893 -2.13965 0
      vertex -10.1 -7.14999 0
      vertex -10.7 -7.75 0
    endloop
  endfacet
  facet normal 0 0 -1
    outer loop
      vertex -13.0893 2.13965 0
      vertex -10.1 7.14999 0
      vertex -12.8806 2.10869 0
    endloop
  endfacet
  facet normal 0 0 -1
    outer loop
      vertex -10.1 7.14999 0
      vertex -10.7 7.75 0
      vertex -10.1029 7.2088 0
    endloop
  endfacet
  facet normal 0 0 -1
    outer loop
      vertex -10.1 -7.14999 0
      vertex -11.1604 -0.210736 0
      vertex -11.15 0 0
    endloop
  endfacet
  facet normal 0 0 -1
    outer loop
      vertex -10.1 -7.14999 0
      vertex -11.1913 -0.419444 0
      vertex -11.1604 -0.210736 0
    endloop
  endfacet
  facet normal 0 0 -1
    outer loop
      vertex -10.1 -7.14999 0
      vertex -11.2426 -0.624111 0
      vertex -11.1913 -0.419444 0
    endloop
  endfacet
  facet normal 0 0 -1
    outer loop
      vertex -10.1 -7.14999 0
      vertex -11.3137 -0.822769 0
      vertex -11.2426 -0.624111 0
    endloop
  endfacet
  facet normal 0 0 -1
    outer loop
      vertex -10.1 -7.14999 0
      vertex -11.4039 -1.0135 0
      vertex -11.3137 -0.822769 0
    endloop
  endfacet
  facet normal 0 0 -1
    outer loop
      vertex -10.1 -7.14999 0
      vertex -11.5123 -1.19448 0
      vertex -11.4039 -1.0135 0
    endloop
  endfacet
  facet normal 0 0 -1
    outer loop
      vertex -10.1 -7.14999 0
      vertex -11.638 -1.36395 0
      vertex -11.5123 -1.19448 0
    endloop
  endfacet
  facet normal 0 0 -1
    outer loop
      vertex -10.1 -7.14999 0
      vertex -11.7797 -1.52028 0
      vertex -11.638 -1.36395 0
    endloop
  endfacet
  facet normal 0 0 -1
    outer loop
      vertex -10.1 -7.14999 0
      vertex -11.9361 -1.66197 0
      vertex -11.7797 -1.52028 0
    endloop
  endfacet
  facet normal 0 0 -1
    outer loop
      vertex -10.1 -7.14999 0
      vertex -12.1055 -1.78766 0
      vertex -11.9361 -1.66197 0
    endloop
  endfacet
  facet normal 0 0 -1
    outer loop
      vertex -10.1 -7.14999 0
      vertex -12.2865 -1.89613 0
      vertex -12.1055 -1.78766 0
    endloop
  endfacet
  facet normal 0 0 -1
    outer loop
      vertex -10.1 -7.14999 0
      vertex -12.4772 -1.98634 0
      vertex -12.2865 -1.89613 0
    endloop
  endfacet
  facet normal 0 0 -1
    outer loop
      vertex -10.1 -7.14999 0
      vertex -12.6759 -2.05742 0
      vertex -12.4772 -1.98634 0
    endloop
  endfacet
  facet normal 0 0 -1
    outer loop
      vertex -10.1 -7.14999 0
      vertex -12.8806 -2.10869 0
      vertex -12.6759 -2.05742 0
    endloop
  endfacet
  facet normal 0 0 -1
    outer loop
      vertex -10.1 -7.14999 0
      vertex -13.0893 -2.13965 0
      vertex -12.8806 -2.10869 0
    endloop
  endfacet
  facet normal 0 0 -1
    outer loop
      vertex -10.7 -7.75 0
      vertex -13.3 -2.15 0
      vertex -13.0893 -2.13965 0
    endloop
  endfacet
  facet normal 0 0 -1
    outer loop
      vertex -15.9 -7.75 0
      vertex -13.3 -2.15 0
      vertex -10.7 -7.75 0
    endloop
  endfacet
  facet normal -0 0 -1
    outer loop
      vertex -13.3 -2.15 0
      vertex -15.9 -7.75 0
      vertex -13.5107 -2.13965 0
    endloop
  endfacet
  facet normal 0 0 -1
    outer loop
      vertex -16.5 -7.14999 0
      vertex -13.5107 -2.13965 0
      vertex -15.9 -7.75 0
    endloop
  endfacet
  facet normal -0 0 -1
    outer loop
      vertex -13.5107 -2.13965 0
      vertex -16.5 -7.14999 0
      vertex -13.7194 -2.10869 0
    endloop
  endfacet
  facet normal -0 0 -1
    outer loop
      vertex -13.7194 -2.10869 0
      vertex -16.5 -7.14999 0
      vertex -13.9241 -2.05742 0
    endloop
  endfacet
  facet normal -0 0 -1
    outer loop
      vertex -13.9241 -2.05742 0
      vertex -16.5 -7.14999 0
      vertex -14.1228 -1.98634 0
    endloop
  endfacet
  facet normal -0 0 -1
    outer loop
      vertex -14.1228 -1.98634 0
      vertex -16.5 -7.14999 0
      vertex -14.3135 -1.89613 0
    endloop
  endfacet
  facet normal -0 0 -1
    outer loop
      vertex -14.3135 -1.89613 0
      vertex -16.5 -7.14999 0
      vertex -14.4945 -1.78766 0
    endloop
  endfacet
  facet normal -0 0 -1
    outer loop
      vertex -14.4945 -1.78766 0
      vertex -16.5 -7.14999 0
      vertex -14.6639 -1.66197 0
    endloop
  endfacet
  facet normal -0 0 -1
    outer loop
      vertex -14.6639 -1.66197 0
      vertex -16.5 -7.14999 0
      vertex -14.8203 -1.52028 0
    endloop
  endfacet
  facet normal -0 0 -1
    outer loop
      vertex -15.4087 -0.419444 0
      vertex -16.5 -7.14999 0
      vertex -15.4396 -0.210736 0
    endloop
  endfacet
  facet normal -0 0 -1
    outer loop
      vertex -15.3574 -0.624111 0
      vertex -16.5 -7.14999 0
      vertex -15.4087 -0.419444 0
    endloop
  endfacet
  facet normal -0 0 -1
    outer loop
      vertex -15.2863 -0.822769 0
      vertex -16.5 -7.14999 0
      vertex -15.3574 -0.624111 0
    endloop
  endfacet
  facet normal -0 0 -1
    outer loop
      vertex -15.1961 -1.0135 0
      vertex -16.5 -7.14999 0
      vertex -15.2863 -0.822769 0
    endloop
  endfacet
  facet normal -0 0 -1
    outer loop
      vertex -15.0877 -1.19448 0
      vertex -16.5 -7.14999 0
      vertex -15.1961 -1.0135 0
    endloop
  endfacet
  facet normal -0 0 -1
    outer loop
      vertex -14.962 -1.36395 0
      vertex -16.5 -7.14999 0
      vertex -15.0877 -1.19448 0
    endloop
  endfacet
  facet normal -0 0 -1
    outer loop
      vertex -14.8203 -1.52028 0
      vertex -16.5 -7.14999 0
      vertex -14.962 -1.36395 0
    endloop
  endfacet
  facet normal 0 0 -1
    outer loop
      vertex -10.1029 7.2088 0
      vertex -10.7 7.75 0
      vertex -10.1115 7.26704 0
    endloop
  endfacet
  facet normal 0 0 -1
    outer loop
      vertex -10.1115 7.26704 0
      vertex -10.7 7.75 0
      vertex -10.1259 7.32416 0
    endloop
  endfacet
  facet normal 0 0 -1
    outer loop
      vertex -10.1457 7.37961 0
      vertex -10.7 7.75 0
      vertex -10.1708 7.43283 0
    endloop
  endfacet
  facet normal 0 0 -1
    outer loop
      vertex -10.1708 7.43283 0
      vertex -10.7 7.75 0
      vertex -10.2011 7.48334 0
    endloop
  endfacet
  facet normal 0 0 -1
    outer loop
      vertex -10.2011 7.48334 0
      vertex -10.7 7.75 0
      vertex -10.2362 7.53062 0
    endloop
  endfacet
  facet normal 0 0 -1
    outer loop
      vertex -10.2757 7.57426 0
      vertex -10.7 7.75 0
      vertex -10.3194 7.6138 0
    endloop
  endfacet
  facet normal 0 0 -1
    outer loop
      vertex -10.3194 7.6138 0
      vertex -10.7 7.75 0
      vertex -10.3667 7.64888 0
    endloop
  endfacet
  facet normal 0 0 -1
    outer loop
      vertex -10.3667 7.64888 0
      vertex -10.7 7.75 0
      vertex -10.4172 7.67915 0
    endloop
  endfacet
  facet normal 0 0 -1
    outer loop
      vertex -10.4704 7.70432 0
      vertex -10.7 7.75 0
      vertex -10.5258 7.72415 0
    endloop
  endfacet
  facet normal 0 0 -1
    outer loop
      vertex -10.5258 7.72415 0
      vertex -10.7 7.75 0
      vertex -10.583 7.73846 0
    endloop
  endfacet
  facet normal 0 0 -1
    outer loop
      vertex -10.583 7.73846 0
      vertex -10.7 7.75 0
      vertex -10.6412 7.7471 0
    endloop
  endfacet
  facet normal 0 0 -1
    outer loop
      vertex -10.4172 7.67915 0
      vertex -10.7 7.75 0
      vertex -10.4704 7.70432 0
    endloop
  endfacet
  facet normal 0 0 -1
    outer loop
      vertex -10.2362 7.53062 0
      vertex -10.7 7.75 0
      vertex -10.2757 7.57426 0
    endloop
  endfacet
  facet normal 0 0 -1
    outer loop
      vertex -10.1259 7.32416 0
      vertex -10.7 7.75 0
      vertex -10.1457 7.37961 0
    endloop
  endfacet
  facet normal -0 0 -1
    outer loop
      vertex -10.1 7.14999 0
      vertex -13.0893 2.13965 0
      vertex -10.7 7.75 0
    endloop
  endfacet
  facet normal 0 0 -1
    outer loop
      vertex -13.3 2.15 0
      vertex -10.7 7.75 0
      vertex -13.0893 2.13965 0
    endloop
  endfacet
  facet normal 0 0 -1
    outer loop
      vertex -15.9 7.75 0
      vertex -13.3 2.15 0
      vertex -13.5107 2.13965 0
    endloop
  endfacet
  facet normal 0 0 -1
    outer loop
      vertex -16.5 7.14999 0
      vertex -13.5107 2.13965 0
      vertex -13.7194 2.10869 0
    endloop
  endfacet
  facet normal 0 0 -1
    outer loop
      vertex -16.5 7.14999 0
      vertex -13.7194 2.10869 0
      vertex -13.9241 2.05742 0
    endloop
  endfacet
  facet normal 0 0 -1
    outer loop
      vertex -16.5 7.14999 0
      vertex -13.9241 2.05742 0
      vertex -14.1228 1.98634 0
    endloop
  endfacet
  facet normal 0 0 -1
    outer loop
      vertex -16.5 7.14999 0
      vertex -14.1228 1.98634 0
      vertex -14.3135 1.89613 0
    endloop
  endfacet
  facet normal 0 0 -1
    outer loop
      vertex -16.5 7.14999 0
      vertex -14.3135 1.89613 0
      vertex -14.4945 1.78766 0
    endloop
  endfacet
  facet normal 0 0 -1
    outer loop
      vertex -16.5 7.14999 0
      vertex -14.4945 1.78766 0
      vertex -14.6639 1.66197 0
    endloop
  endfacet
  facet normal 0 0 -1
    outer loop
      vertex -16.5 7.14999 0
      vertex -14.6639 1.66197 0
      vertex -14.8203 1.52028 0
    endloop
  endfacet
  facet normal 0 0 -1
    outer loop
      vertex -16.5 7.14999 0
      vertex -14.8203 1.52028 0
      vertex -14.962 1.36395 0
    endloop
  endfacet
  facet normal 0 0 -1
    outer loop
      vertex -16.5 7.14999 0
      vertex -14.962 1.36395 0
      vertex -15.0877 1.19448 0
    endloop
  endfacet
  facet normal -0 0 -1
    outer loop
      vertex -15.4396 -0.210736 0
      vertex -16.5 -7.14999 0
      vertex -15.45 0 0
    endloop
  endfacet
  facet normal 0 0 -1
    outer loop
      vertex -13.3 2.15 0
      vertex -15.9 7.75 0
      vertex -10.7 7.75 0
    endloop
  endfacet
  facet normal 0 0 -1
    outer loop
      vertex -16.5 7.14999 0
      vertex -15.0877 1.19448 0
      vertex -15.1961 1.0135 0
    endloop
  endfacet
  facet normal 0 0 -1
    outer loop
      vertex -16.5 7.14999 0
      vertex -15.1961 1.0135 0
      vertex -15.2863 0.822769 0
    endloop
  endfacet
  facet normal 0 0 -1
    outer loop
      vertex -16.5 7.14999 0
      vertex -15.2863 0.822769 0
      vertex -15.3574 0.624111 0
    endloop
  endfacet
  facet normal 0 0 -1
    outer loop
      vertex -16.5 7.14999 0
      vertex -15.3574 0.624111 0
      vertex -15.4087 0.419444 0
    endloop
  endfacet
  facet normal 0 0 -1
    outer loop
      vertex -16.5 7.14999 0
      vertex -15.4087 0.419444 0
      vertex -15.4396 0.210736 0
    endloop
  endfacet
  facet normal 0 0 -1
    outer loop
      vertex -16.5 7.14999 0
      vertex -15.45 0 0
      vertex -16.5 -7.14999 0
    endloop
  endfacet
  facet normal 0 0 -1
    outer loop
      vertex -16.5 -7.14999 0
      vertex -15.9 -7.75 0
      vertex -15.9588 -7.7471 0
    endloop
  endfacet
  facet normal 0 0 -1
    outer loop
      vertex -15.45 0 0
      vertex -16.5 7.14999 0
      vertex -15.4396 0.210736 0
    endloop
  endfacet
  facet normal 0 0 -1
    outer loop
      vertex -16.5 -7.14999 0
      vertex -15.9588 -7.7471 0
      vertex -16.017 -7.73846 0
    endloop
  endfacet
  facet normal 0 0 -1
    outer loop
      vertex -13.5107 2.13965 0
      vertex -16.5 7.14999 0
      vertex -15.9 7.75 0
    endloop
  endfacet
  facet normal 0 0 -1
    outer loop
      vertex -16.5 -7.14999 0
      vertex -16.017 -7.73846 0
      vertex -16.0742 -7.72415 0
    endloop
  endfacet
  facet normal 0 0 -1
    outer loop
      vertex -15.9 7.75 0
      vertex -16.5 7.14999 0
      vertex -15.9588 7.7471 0
    endloop
  endfacet
  facet normal 0 0 -1
    outer loop
      vertex -16.5 -7.14999 0
      vertex -16.0742 -7.72415 0
      vertex -16.1296 -7.70432 0
    endloop
  endfacet
  facet normal 0 0 -1
    outer loop
      vertex -15.9588 7.7471 0
      vertex -16.5 7.14999 0
      vertex -16.017 7.73846 0
    endloop
  endfacet
  facet normal 0 0 -1
    outer loop
      vertex -16.5 -7.14999 0
      vertex -16.1296 -7.70432 0
      vertex -16.1828 -7.67915 0
    endloop
  endfacet
  facet normal 0 0 -1
    outer loop
      vertex -16.017 7.73846 0
      vertex -16.5 7.14999 0
      vertex -16.0742 7.72415 0
    endloop
  endfacet
  facet normal 0 0 -1
    outer loop
      vertex -16.5 -7.14999 0
      vertex -16.1828 -7.67915 0
      vertex -16.2333 -7.64888 0
    endloop
  endfacet
  facet normal 0 0 -1
    outer loop
      vertex -16.0742 7.72415 0
      vertex -16.5 7.14999 0
      vertex -16.1296 7.70432 0
    endloop
  endfacet
  facet normal 0 0 -1
    outer loop
      vertex -16.5 -7.14999 0
      vertex -16.2333 -7.64888 0
      vertex -16.2806 -7.6138 0
    endloop
  endfacet
  facet normal 0 0 -1
    outer loop
      vertex -16.1296 7.70432 0
      vertex -16.5 7.14999 0
      vertex -16.1828 7.67915 0
    endloop
  endfacet
  facet normal 0 0 -1
    outer loop
      vertex -16.5 -7.14999 0
      vertex -16.2806 -7.6138 0
      vertex -16.3243 -7.57426 0
    endloop
  endfacet
  facet normal 0 0 -1
    outer loop
      vertex -16.1828 7.67915 0
      vertex -16.5 7.14999 0
      vertex -16.2333 7.64888 0
    endloop
  endfacet
  facet normal 0 0 -1
    outer loop
      vertex -16.5 -7.14999 0
      vertex -16.3243 -7.57426 0
      vertex -16.3638 -7.53062 0
    endloop
  endfacet
  facet normal 0 0 -1
    outer loop
      vertex -16.2333 7.64888 0
      vertex -16.5 7.14999 0
      vertex -16.2806 7.6138 0
    endloop
  endfacet
  facet normal 0 0 -1
    outer loop
      vertex -16.5 -7.14999 0
      vertex -16.3638 -7.53062 0
      vertex -16.3989 -7.48334 0
    endloop
  endfacet
  facet normal 0 0 -1
    outer loop
      vertex -16.2806 7.6138 0
      vertex -16.5 7.14999 0
      vertex -16.3243 7.57426 0
    endloop
  endfacet
  facet normal 0 0 -1
    outer loop
      vertex -16.5 -7.14999 0
      vertex -16.3989 -7.48334 0
      vertex -16.4291 -7.43283 0
    endloop
  endfacet
  facet normal 0 0 -1
    outer loop
      vertex -16.3243 7.57426 0
      vertex -16.5 7.14999 0
      vertex -16.3638 7.53062 0
    endloop
  endfacet
  facet normal 0 0 -1
    outer loop
      vertex -16.5 -7.14999 0
      vertex -16.4291 -7.43283 0
      vertex -16.4543 -7.37961 0
    endloop
  endfacet
  facet normal 0 0 -1
    outer loop
      vertex -16.3638 7.53062 0
      vertex -16.5 7.14999 0
      vertex -16.3989 7.48334 0
    endloop
  endfacet
  facet normal 0 0 -1
    outer loop
      vertex -16.5 -7.14999 0
      vertex -16.4543 -7.37961 0
      vertex -16.4741 -7.32416 0
    endloop
  endfacet
  facet normal 0 0 -1
    outer loop
      vertex -16.3989 7.48334 0
      vertex -16.5 7.14999 0
      vertex -16.4291 7.43283 0
    endloop
  endfacet
  facet normal 0 0 -1
    outer loop
      vertex -16.5 -7.14999 0
      vertex -16.4741 -7.32416 0
      vertex -16.4885 -7.26704 0
    endloop
  endfacet
  facet normal 0 0 -1
    outer loop
      vertex -16.4291 7.43283 0
      vertex -16.5 7.14999 0
      vertex -16.4543 7.37961 0
    endloop
  endfacet
  facet normal 0 0 -1
    outer loop
      vertex -16.5 -7.14999 0
      vertex -16.4885 -7.26704 0
      vertex -16.4971 -7.2088 0
    endloop
  endfacet
  facet normal 0 0 -1
    outer loop
      vertex -16.4543 7.37961 0
      vertex -16.5 7.14999 0
      vertex -16.4741 7.32416 0
    endloop
  endfacet
  facet normal 0 0 -1
    outer loop
      vertex -16.4741 7.32416 0
      vertex -16.5 7.14999 0
      vertex -16.4885 7.26704 0
    endloop
  endfacet
  facet normal 0 0 -1
    outer loop
      vertex -16.4885 7.26704 0
      vertex -16.5 7.14999 0
      vertex -16.4971 7.2088 0
    endloop
  endfacet
  facet normal 0.337004 -0.941503 0
    outer loop
      vertex -10.5258 -7.72415 0
      vertex -10.4704 -7.70432 17.5
      vertex -10.5258 -7.72415 17.5
    endloop
  endfacet
  facet normal 0.337004 -0.941503 0
    outer loop
      vertex -10.4704 -7.70432 17.5
      vertex -10.5258 -7.72415 0
      vertex -10.4704 -7.70432 0
    endloop
  endfacet
  facet normal -0.941761 0.336283 0
    outer loop
      vertex -16.4741 7.32416 0
      vertex -16.4543 7.37961 17.5
      vertex -16.4543 7.37961 0
    endloop
  endfacet
  facet normal -0.941761 0.336283 0
    outer loop
      vertex -16.4543 7.37961 17.5
      vertex -16.4741 7.32416 0
      vertex -16.4741 7.32416 17.5
    endloop
  endfacet
  facet normal 0.146844 0.98916 -0
    outer loop
      vertex -10.583 7.73846 0
      vertex -10.6412 7.7471 17.5
      vertex -10.583 7.73846 17.5
    endloop
  endfacet
  facet normal 0.146844 0.98916 0
    outer loop
      vertex -10.6412 7.7471 17.5
      vertex -10.583 7.73846 0
      vertex -10.6412 7.7471 0
    endloop
  endfacet
  facet normal 0.989273 -0.146081 0
    outer loop
      vertex -10.1115 -7.26704 17.5
      vertex -10.1029 -7.2088 0
      vertex -10.1029 -7.2088 17.5
    endloop
  endfacet
  facet normal 0.989273 -0.146081 0
    outer loop
      vertex -10.1029 -7.2088 0
      vertex -10.1115 -7.26704 17.5
      vertex -10.1115 -7.26704 0
    endloop
  endfacet
  facet normal 0.595699 -0.803208 0
    outer loop
      vertex -10.3667 -7.64888 0
      vertex -10.3194 -7.6138 17.5
      vertex -10.3667 -7.64888 17.5
    endloop
  endfacet
  facet normal 0.595699 -0.803208 0
    outer loop
      vertex -10.3194 -7.6138 17.5
      vertex -10.3667 -7.64888 0
      vertex -10.3194 -7.6138 0
    endloop
  endfacet
  facet normal 0.941761 -0.336283 0
    outer loop
      vertex -10.1457 -7.37961 17.5
      vertex -10.1259 -7.32416 0
      vertex -10.1259 -7.32416 17.5
    endloop
  endfacet
  facet normal 0.941761 -0.336283 0
    outer loop
      vertex -10.1259 -7.32416 0
      vertex -10.1457 -7.37961 17.5
      vertex -10.1457 -7.37961 0
    endloop
  endfacet
  facet normal 0.802925 -0.59608 0
    outer loop
      vertex -10.2362 -7.53062 17.5
      vertex -10.2011 -7.48334 0
      vertex -10.2011 -7.48334 17.5
    endloop
  endfacet
  facet normal 0.802925 -0.59608 0
    outer loop
      vertex -10.2011 -7.48334 0
      vertex -10.2362 -7.53062 17.5
      vertex -10.2362 -7.53062 0
    endloop
  endfacet
  facet normal 0.42767 -0.903935 0
    outer loop
      vertex -10.4704 -7.70432 0
      vertex -10.4172 -7.67915 17.5
      vertex -10.4704 -7.70432 17.5
    endloop
  endfacet
  facet normal 0.42767 -0.903935 0
    outer loop
      vertex -10.4172 -7.67915 17.5
      vertex -10.4704 -7.70432 0
      vertex -10.4172 -7.67915 0
    endloop
  endfacet
  facet normal 0.741399 0.671065 0
    outer loop
      vertex 16.3638 7.53062 17.5
      vertex 16.3243 7.57426 0
      vertex 16.3243 7.57426 17.5
    endloop
  endfacet
  facet normal 0.741399 0.671065 0
    outer loop
      vertex 16.3243 7.57426 0
      vertex 16.3638 7.53062 17.5
      vertex 16.3638 7.53062 0
    endloop
  endfacet
  facet normal 0.242695 -0.970103 0
    outer loop
      vertex 16.017 -7.73846 0
      vertex 16.0742 -7.72415 17.5
      vertex 16.017 -7.73846 17.5
    endloop
  endfacet
  facet normal 0.242695 -0.970103 0
    outer loop
      vertex 16.0742 -7.72415 17.5
      vertex 16.017 -7.73846 0
      vertex 16.0742 -7.72415 0
    endloop
  endfacet
  facet normal -0.337004 0.941503 0
    outer loop
      vertex 10.5258 7.72415 0
      vertex 10.4704 7.70432 17.5
      vertex 10.5258 7.72415 17.5
    endloop
  endfacet
  facet normal -0.337004 0.941503 0
    outer loop
      vertex 10.4704 7.70432 17.5
      vertex 10.5258 7.72415 0
      vertex 10.4704 7.70432 0
    endloop
  endfacet
  facet normal 0.146844 -0.98916 0
    outer loop
      vertex 15.9588 -7.7471 0
      vertex 16.017 -7.73846 17.5
      vertex 15.9588 -7.7471 17.5
    endloop
  endfacet
  facet normal 0.146844 -0.98916 0
    outer loop
      vertex 16.017 -7.73846 17.5
      vertex 15.9588 -7.7471 0
      vertex 16.017 -7.73846 0
    endloop
  endfacet
  facet normal 0.337004 0.941503 -0
    outer loop
      vertex 16.1296 7.70432 0
      vertex 16.0742 7.72415 17.5
      vertex 16.1296 7.70432 17.5
    endloop
  endfacet
  facet normal 0.337004 0.941503 0
    outer loop
      vertex 16.0742 7.72415 17.5
      vertex 16.1296 7.70432 0
      vertex 16.0742 7.72415 0
    endloop
  endfacet
  facet normal 0.670931 -0.74152 0
    outer loop
      vertex 16.2806 -7.6138 0
      vertex 16.3243 -7.57426 17.5
      vertex 16.2806 -7.6138 17.5
    endloop
  endfacet
  facet normal 0.670931 -0.74152 0
    outer loop
      vertex 16.3243 -7.57426 17.5
      vertex 16.2806 -7.6138 0
      vertex 16.3243 -7.57426 0
    endloop
  endfacet
  facet normal -0.904456 -0.426566 0
    outer loop
      vertex 10.1708 -7.43283 0
      vertex 10.1457 -7.37961 17.5
      vertex 10.1457 -7.37961 0
    endloop
  endfacet
  facet normal -0.904456 -0.426566 0
    outer loop
      vertex 10.1457 -7.37961 17.5
      vertex 10.1708 -7.43283 0
      vertex 10.1708 -7.43283 17.5
    endloop
  endfacet
  facet normal 0.0492599 -0.998786 0
    outer loop
      vertex 15.9 -7.75 0
      vertex 15.9588 -7.7471 17.5
      vertex 15.9 -7.75 17.5
    endloop
  endfacet
  facet normal 0.0492599 -0.998786 0
    outer loop
      vertex 15.9588 -7.7471 17.5
      vertex 15.9 -7.75 0
      vertex 15.9588 -7.7471 0
    endloop
  endfacet
  facet normal 0 -1 0
    outer loop
      vertex 10.7 -7.75 0
      vertex 15.9 -7.75 17.5
      vertex 10.7 -7.75 17.5
    endloop
  endfacet
  facet normal 0 -1 -0
    outer loop
      vertex 15.9 -7.75 17.5
      vertex 10.7 -7.75 0
      vertex 15.9 -7.75 0
    endloop
  endfacet
  facet normal -0.989273 0.146081 0
    outer loop
      vertex 10.1029 7.2088 0
      vertex 10.1115 7.26704 17.5
      vertex 10.1115 7.26704 0
    endloop
  endfacet
  facet normal -0.989273 0.146081 0
    outer loop
      vertex 10.1115 7.26704 17.5
      vertex 10.1029 7.2088 0
      vertex 10.1029 7.2088 17.5
    endloop
  endfacet
  facet normal -0.857538 -0.514421 0
    outer loop
      vertex 10.2011 -7.48334 0
      vertex 10.1708 -7.43283 17.5
      vertex 10.1708 -7.43283 0
    endloop
  endfacet
  facet normal -0.857538 -0.514421 0
    outer loop
      vertex 10.1708 -7.43283 17.5
      vertex 10.2011 -7.48334 0
      vertex 10.2011 -7.48334 17.5
    endloop
  endfacet
  facet normal -0.904456 0.426566 0
    outer loop
      vertex 10.1457 7.37961 0
      vertex 10.1708 7.43283 17.5
      vertex 10.1708 7.43283 0
    endloop
  endfacet
  facet normal -0.904456 0.426566 0
    outer loop
      vertex 10.1708 7.43283 17.5
      vertex 10.1457 7.37961 0
      vertex 10.1457 7.37961 17.5
    endloop
  endfacet
  facet normal -0.146844 0.98916 0
    outer loop
      vertex 10.6412 7.7471 0
      vertex 10.583 7.73846 17.5
      vertex 10.6412 7.7471 17.5
    endloop
  endfacet
  facet normal -0.146844 0.98916 0
    outer loop
      vertex 10.583 7.73846 17.5
      vertex 10.6412 7.7471 0
      vertex 10.583 7.73846 0
    endloop
  endfacet
  facet normal 0.802925 0.59608 0
    outer loop
      vertex 16.3989 7.48334 17.5
      vertex 16.3638 7.53062 0
      vertex 16.3638 7.53062 17.5
    endloop
  endfacet
  facet normal 0.802925 0.59608 0
    outer loop
      vertex 16.3638 7.53062 0
      vertex 16.3989 7.48334 17.5
      vertex 16.3989 7.48334 0
    endloop
  endfacet
  facet normal 0 1 -0
    outer loop
      vertex 15.9 7.75 0
      vertex 10.7 7.75 17.5
      vertex 15.9 7.75 17.5
    endloop
  endfacet
  facet normal 0 1 0
    outer loop
      vertex 10.7 7.75 17.5
      vertex 15.9 7.75 0
      vertex 10.7 7.75 0
    endloop
  endfacet
  facet normal 0.998786 0.0492515 0
    outer loop
      vertex 16.5 7.14999 17.5
      vertex 16.4971 7.2088 0
      vertex 16.4971 7.2088 17.5
    endloop
  endfacet
  facet normal 0.998786 0.0492515 0
    outer loop
      vertex 16.4971 7.2088 0
      vertex 16.5 7.14999 17.5
      vertex 16.5 7.14999 0
    endloop
  endfacet
  facet normal -0.802925 0.59608 0
    outer loop
      vertex 10.2011 7.48334 0
      vertex 10.2362 7.53062 17.5
      vertex 10.2362 7.53062 0
    endloop
  endfacet
  facet normal -0.802925 0.59608 0
    outer loop
      vertex 10.2362 7.53062 17.5
      vertex 10.2011 7.48334 0
      vertex 10.2011 7.48334 17.5
    endloop
  endfacet
  facet normal 1 -0 0
    outer loop
      vertex 16.5 -7.14999 17.5
      vertex 16.5 7.14999 0
      vertex 16.5 7.14999 17.5
    endloop
  endfacet
  facet normal 1 0 0
    outer loop
      vertex 16.5 7.14999 0
      vertex 16.5 -7.14999 17.5
      vertex 16.5 -7.14999 0
    endloop
  endfacet
  facet normal -0.0492599 -0.998786 0
    outer loop
      vertex 10.6412 -7.7471 0
      vertex 10.7 -7.75 17.5
      vertex 10.6412 -7.7471 17.5
    endloop
  endfacet
  facet normal -0.0492599 -0.998786 -0
    outer loop
      vertex 10.7 -7.75 17.5
      vertex 10.6412 -7.7471 0
      vertex 10.7 -7.75 0
    endloop
  endfacet
  facet normal -0.0492599 0.998786 0
    outer loop
      vertex 10.7 7.75 0
      vertex 10.6412 7.7471 17.5
      vertex 10.7 7.75 17.5
    endloop
  endfacet
  facet normal -0.0492599 0.998786 0
    outer loop
      vertex 10.6412 7.7471 17.5
      vertex 10.7 7.75 0
      vertex 10.6412 7.7471 0
    endloop
  endfacet
  facet normal -1 0 0
    outer loop
      vertex 10.1 -7.14999 0
      vertex 10.1 7.14999 17.5
      vertex 10.1 7.14999 0
    endloop
  endfacet
  facet normal -1 -0 0
    outer loop
      vertex 10.1 7.14999 17.5
      vertex 10.1 -7.14999 0
      vertex 10.1 -7.14999 17.5
    endloop
  endfacet
  facet normal -0.514121 0.857718 0
    outer loop
      vertex 10.4172 7.67915 0
      vertex 10.3667 7.64888 17.5
      vertex 10.4172 7.67915 17.5
    endloop
  endfacet
  facet normal -0.514121 0.857718 0
    outer loop
      vertex 10.3667 7.64888 17.5
      vertex 10.4172 7.67915 0
      vertex 10.3667 7.64888 0
    endloop
  endfacet
  facet normal 0.858287 0.513171 0
    outer loop
      vertex 16.4291 7.43283 17.5
      vertex 16.3989 7.48334 0
      vertex 16.3989 7.48334 17.5
    endloop
  endfacet
  facet normal 0.858287 0.513171 0
    outer loop
      vertex 16.3989 7.48334 0
      vertex 16.4291 7.43283 17.5
      vertex 16.4291 7.43283 0
    endloop
  endfacet
  facet normal 0.858287 -0.513171 0
    outer loop
      vertex 16.3989 -7.48334 17.5
      vertex 16.4291 -7.43283 0
      vertex 16.4291 -7.43283 17.5
    endloop
  endfacet
  facet normal 0.858287 -0.513171 0
    outer loop
      vertex 16.4291 -7.43283 0
      vertex 16.3989 -7.48334 17.5
      vertex 16.3989 -7.48334 0
    endloop
  endfacet
  facet normal -0.514121 -0.857718 0
    outer loop
      vertex 10.3667 -7.64888 0
      vertex 10.4172 -7.67915 17.5
      vertex 10.3667 -7.64888 17.5
    endloop
  endfacet
  facet normal -0.514121 -0.857718 -0
    outer loop
      vertex 10.4172 -7.67915 17.5
      vertex 10.3667 -7.64888 0
      vertex 10.4172 -7.67915 0
    endloop
  endfacet
  facet normal 0.514121 -0.857718 0
    outer loop
      vertex 16.1828 -7.67915 0
      vertex 16.2333 -7.64888 17.5
      vertex 16.1828 -7.67915 17.5
    endloop
  endfacet
  facet normal 0.514121 -0.857718 0
    outer loop
      vertex 16.2333 -7.64888 17.5
      vertex 16.1828 -7.67915 0
      vertex 16.2333 -7.64888 0
    endloop
  endfacet
  facet normal -0.42767 0.903935 0
    outer loop
      vertex 10.4704 7.70432 0
      vertex 10.4172 7.67915 17.5
      vertex 10.4704 7.70432 17.5
    endloop
  endfacet
  facet normal -0.42767 0.903935 0
    outer loop
      vertex 10.4172 7.67915 17.5
      vertex 10.4704 7.70432 0
      vertex 10.4172 7.67915 0
    endloop
  endfacet
  facet normal -0.242695 0.970103 0
    outer loop
      vertex 10.583 7.73846 0
      vertex 10.5258 7.72415 17.5
      vertex 10.583 7.73846 17.5
    endloop
  endfacet
  facet normal -0.242695 0.970103 0
    outer loop
      vertex 10.5258 7.72415 17.5
      vertex 10.583 7.73846 0
      vertex 10.5258 7.72415 0
    endloop
  endfacet
  facet normal 0.969661 0.244452 0
    outer loop
      vertex 16.4885 7.26704 17.5
      vertex 16.4741 7.32416 0
      vertex 16.4741 7.32416 17.5
    endloop
  endfacet
  facet normal 0.969661 0.244452 0
    outer loop
      vertex 16.4741 7.32416 0
      vertex 16.4885 7.26704 17.5
      vertex 16.4885 7.26704 0
    endloop
  endfacet
  facet normal -0.998786 -0.0492515 0
    outer loop
      vertex 10.1029 -7.2088 0
      vertex 10.1 -7.14999 17.5
      vertex 10.1 -7.14999 0
    endloop
  endfacet
  facet normal -0.998786 -0.0492515 0
    outer loop
      vertex 10.1 -7.14999 17.5
      vertex 10.1029 -7.2088 0
      vertex 10.1029 -7.2088 17.5
    endloop
  endfacet
  facet normal -0.969661 -0.244452 0
    outer loop
      vertex 10.1259 -7.32416 0
      vertex 10.1115 -7.26704 17.5
      vertex 10.1115 -7.26704 0
    endloop
  endfacet
  facet normal -0.969661 -0.244452 0
    outer loop
      vertex 10.1115 -7.26704 17.5
      vertex 10.1259 -7.32416 0
      vertex 10.1259 -7.32416 17.5
    endloop
  endfacet
  facet normal 0.9038 -0.427955 0
    outer loop
      vertex 16.4291 -7.43283 17.5
      vertex 16.4543 -7.37961 0
      vertex 16.4543 -7.37961 17.5
    endloop
  endfacet
  facet normal 0.9038 -0.427955 0
    outer loop
      vertex 16.4543 -7.37961 0
      vertex 16.4291 -7.43283 17.5
      vertex 16.4291 -7.43283 0
    endloop
  endfacet
  facet normal 0.741399 -0.671065 0
    outer loop
      vertex 16.3243 -7.57426 17.5
      vertex 16.3638 -7.53062 0
      vertex 16.3638 -7.53062 17.5
    endloop
  endfacet
  facet normal 0.741399 -0.671065 0
    outer loop
      vertex 16.3638 -7.53062 0
      vertex 16.3243 -7.57426 17.5
      vertex 16.3243 -7.57426 0
    endloop
  endfacet
  facet normal -0.146844 -0.98916 0
    outer loop
      vertex 10.583 -7.73846 0
      vertex 10.6412 -7.7471 17.5
      vertex 10.583 -7.73846 17.5
    endloop
  endfacet
  facet normal -0.146844 -0.98916 -0
    outer loop
      vertex 10.6412 -7.7471 17.5
      vertex 10.583 -7.73846 0
      vertex 10.6412 -7.7471 0
    endloop
  endfacet
  facet normal 0.941761 0.336283 0
    outer loop
      vertex 16.4741 7.32416 17.5
      vertex 16.4543 7.37961 0
      vertex 16.4543 7.37961 17.5
    endloop
  endfacet
  facet normal 0.941761 0.336283 0
    outer loop
      vertex 16.4543 7.37961 0
      vertex 16.4741 7.32416 17.5
      vertex 16.4741 7.32416 0
    endloop
  endfacet
  facet normal -0.998786 0.0492515 0
    outer loop
      vertex 10.1 7.14999 0
      vertex 10.1029 7.2088 17.5
      vertex 10.1029 7.2088 0
    endloop
  endfacet
  facet normal -0.998786 0.0492515 0
    outer loop
      vertex 10.1029 7.2088 17.5
      vertex 10.1 7.14999 0
      vertex 10.1 7.14999 17.5
    endloop
  endfacet
  facet normal -0.857538 0.514421 0
    outer loop
      vertex 10.1708 7.43283 0
      vertex 10.2011 7.48334 17.5
      vertex 10.2011 7.48334 0
    endloop
  endfacet
  facet normal -0.857538 0.514421 0
    outer loop
      vertex 10.2011 7.48334 17.5
      vertex 10.1708 7.43283 0
      vertex 10.1708 7.43283 17.5
    endloop
  endfacet
  facet normal 0.595699 0.803208 -0
    outer loop
      vertex 16.2806 7.6138 0
      vertex 16.2333 7.64888 17.5
      vertex 16.2806 7.6138 17.5
    endloop
  endfacet
  facet normal 0.595699 0.803208 0
    outer loop
      vertex 16.2333 7.64888 17.5
      vertex 16.2806 7.6138 0
      vertex 16.2333 7.64888 0
    endloop
  endfacet
  facet normal -0.741399 -0.671065 0
    outer loop
      vertex 10.2757 -7.57426 0
      vertex 10.2362 -7.53062 17.5
      vertex 10.2362 -7.53062 0
    endloop
  endfacet
  facet normal -0.741399 -0.671065 0
    outer loop
      vertex 10.2362 -7.53062 17.5
      vertex 10.2757 -7.57426 0
      vertex 10.2757 -7.57426 17.5
    endloop
  endfacet
  facet normal 0.0492599 0.998786 -0
    outer loop
      vertex 15.9588 7.7471 0
      vertex 15.9 7.75 17.5
      vertex 15.9588 7.7471 17.5
    endloop
  endfacet
  facet normal 0.0492599 0.998786 0
    outer loop
      vertex 15.9 7.75 17.5
      vertex 15.9588 7.7471 0
      vertex 15.9 7.75 0
    endloop
  endfacet
  facet normal -0.941761 -0.336283 0
    outer loop
      vertex 10.1457 -7.37961 0
      vertex 10.1259 -7.32416 17.5
      vertex 10.1259 -7.32416 0
    endloop
  endfacet
  facet normal -0.941761 -0.336283 0
    outer loop
      vertex 10.1259 -7.32416 17.5
      vertex 10.1457 -7.37961 0
      vertex 10.1457 -7.37961 17.5
    endloop
  endfacet
  facet normal 0.42767 0.903935 -0
    outer loop
      vertex 16.1828 7.67915 0
      vertex 16.1296 7.70432 17.5
      vertex 16.1828 7.67915 17.5
    endloop
  endfacet
  facet normal 0.42767 0.903935 0
    outer loop
      vertex 16.1296 7.70432 17.5
      vertex 16.1828 7.67915 0
      vertex 16.1296 7.70432 0
    endloop
  endfacet
  facet normal 0.670931 0.74152 -0
    outer loop
      vertex 16.3243 7.57426 0
      vertex 16.2806 7.6138 17.5
      vertex 16.3243 7.57426 17.5
    endloop
  endfacet
  facet normal 0.670931 0.74152 0
    outer loop
      vertex 16.2806 7.6138 17.5
      vertex 16.3243 7.57426 0
      vertex 16.2806 7.6138 0
    endloop
  endfacet
  facet normal 0.998786 -0.0492515 0
    outer loop
      vertex 16.4971 -7.2088 17.5
      vertex 16.5 -7.14999 0
      vertex 16.5 -7.14999 17.5
    endloop
  endfacet
  facet normal 0.998786 -0.0492515 0
    outer loop
      vertex 16.5 -7.14999 0
      vertex 16.4971 -7.2088 17.5
      vertex 16.4971 -7.2088 0
    endloop
  endfacet
  facet normal -0.741399 0.671065 0
    outer loop
      vertex 10.2362 7.53062 0
      vertex 10.2757 7.57426 17.5
      vertex 10.2757 7.57426 0
    endloop
  endfacet
  facet normal -0.741399 0.671065 0
    outer loop
      vertex 10.2757 7.57426 17.5
      vertex 10.2362 7.53062 0
      vertex 10.2362 7.53062 17.5
    endloop
  endfacet
  facet normal -0.670931 -0.74152 0
    outer loop
      vertex 10.2757 -7.57426 0
      vertex 10.3194 -7.6138 17.5
      vertex 10.2757 -7.57426 17.5
    endloop
  endfacet
  facet normal -0.670931 -0.74152 -0
    outer loop
      vertex 10.3194 -7.6138 17.5
      vertex 10.2757 -7.57426 0
      vertex 10.3194 -7.6138 0
    endloop
  endfacet
  facet normal -0.670931 0.74152 0
    outer loop
      vertex 10.3194 7.6138 0
      vertex 10.2757 7.57426 17.5
      vertex 10.3194 7.6138 17.5
    endloop
  endfacet
  facet normal -0.670931 0.74152 0
    outer loop
      vertex 10.2757 7.57426 17.5
      vertex 10.3194 7.6138 0
      vertex 10.2757 7.57426 0
    endloop
  endfacet
  facet normal -0.42767 -0.903935 0
    outer loop
      vertex 10.4172 -7.67915 0
      vertex 10.4704 -7.70432 17.5
      vertex 10.4172 -7.67915 17.5
    endloop
  endfacet
  facet normal -0.42767 -0.903935 -0
    outer loop
      vertex 10.4704 -7.70432 17.5
      vertex 10.4172 -7.67915 0
      vertex 10.4704 -7.70432 0
    endloop
  endfacet
  facet normal -0.337004 -0.941503 0
    outer loop
      vertex 10.4704 -7.70432 0
      vertex 10.5258 -7.72415 17.5
      vertex 10.4704 -7.70432 17.5
    endloop
  endfacet
  facet normal -0.337004 -0.941503 -0
    outer loop
      vertex 10.5258 -7.72415 17.5
      vertex 10.4704 -7.70432 0
      vertex 10.5258 -7.72415 0
    endloop
  endfacet
  facet normal 0.969661 -0.244452 0
    outer loop
      vertex 16.4741 -7.32416 17.5
      vertex 16.4885 -7.26704 0
      vertex 16.4885 -7.26704 17.5
    endloop
  endfacet
  facet normal 0.969661 -0.244452 0
    outer loop
      vertex 16.4885 -7.26704 0
      vertex 16.4741 -7.32416 17.5
      vertex 16.4741 -7.32416 0
    endloop
  endfacet
  facet normal 0.989273 0.146081 0
    outer loop
      vertex 16.4971 7.2088 17.5
      vertex 16.4885 7.26704 0
      vertex 16.4885 7.26704 17.5
    endloop
  endfacet
  facet normal 0.989273 0.146081 0
    outer loop
      vertex 16.4885 7.26704 0
      vertex 16.4971 7.2088 17.5
      vertex 16.4971 7.2088 0
    endloop
  endfacet
  facet normal -0.969661 0.244452 0
    outer loop
      vertex 10.1115 7.26704 0
      vertex 10.1259 7.32416 17.5
      vertex 10.1259 7.32416 0
    endloop
  endfacet
  facet normal -0.969661 0.244452 0
    outer loop
      vertex 10.1259 7.32416 17.5
      vertex 10.1115 7.26704 0
      vertex 10.1115 7.26704 17.5
    endloop
  endfacet
  facet normal -0.802925 -0.59608 0
    outer loop
      vertex 10.2362 -7.53062 0
      vertex 10.2011 -7.48334 17.5
      vertex 10.2011 -7.48334 0
    endloop
  endfacet
  facet normal -0.802925 -0.59608 0
    outer loop
      vertex 10.2011 -7.48334 17.5
      vertex 10.2362 -7.53062 0
      vertex 10.2362 -7.53062 17.5
    endloop
  endfacet
  facet normal 0.242695 0.970103 -0
    outer loop
      vertex 16.0742 7.72415 0
      vertex 16.017 7.73846 17.5
      vertex 16.0742 7.72415 17.5
    endloop
  endfacet
  facet normal 0.242695 0.970103 0
    outer loop
      vertex 16.017 7.73846 17.5
      vertex 16.0742 7.72415 0
      vertex 16.017 7.73846 0
    endloop
  endfacet
  facet normal -0.595699 0.803208 0
    outer loop
      vertex 10.3667 7.64888 0
      vertex 10.3194 7.6138 17.5
      vertex 10.3667 7.64888 17.5
    endloop
  endfacet
  facet normal -0.595699 0.803208 0
    outer loop
      vertex 10.3194 7.6138 17.5
      vertex 10.3667 7.64888 0
      vertex 10.3194 7.6138 0
    endloop
  endfacet
  facet normal -0.595699 -0.803208 0
    outer loop
      vertex 10.3194 -7.6138 0
      vertex 10.3667 -7.64888 17.5
      vertex 10.3194 -7.6138 17.5
    endloop
  endfacet
  facet normal -0.595699 -0.803208 -0
    outer loop
      vertex 10.3667 -7.64888 17.5
      vertex 10.3194 -7.6138 0
      vertex 10.3667 -7.64888 0
    endloop
  endfacet
  facet normal 0.9038 0.427955 0
    outer loop
      vertex 16.4543 7.37961 17.5
      vertex 16.4291 7.43283 0
      vertex 16.4291 7.43283 17.5
    endloop
  endfacet
  facet normal 0.9038 0.427955 0
    outer loop
      vertex 16.4291 7.43283 0
      vertex 16.4543 7.37961 17.5
      vertex 16.4543 7.37961 0
    endloop
  endfacet
  facet normal -0.989273 -0.146081 0
    outer loop
      vertex 10.1115 -7.26704 0
      vertex 10.1029 -7.2088 17.5
      vertex 10.1029 -7.2088 0
    endloop
  endfacet
  facet normal -0.989273 -0.146081 0
    outer loop
      vertex 10.1029 -7.2088 17.5
      vertex 10.1115 -7.26704 0
      vertex 10.1115 -7.26704 17.5
    endloop
  endfacet
  facet normal 0.514121 0.857718 -0
    outer loop
      vertex 16.2333 7.64888 0
      vertex 16.1828 7.67915 17.5
      vertex 16.2333 7.64888 17.5
    endloop
  endfacet
  facet normal 0.514121 0.857718 0
    outer loop
      vertex 16.1828 7.67915 17.5
      vertex 16.2333 7.64888 0
      vertex 16.1828 7.67915 0
    endloop
  endfacet
  facet normal 0 0 -1
    outer loop
      vertex 15.9 -7.75 0
      vertex 16.5 -7.14999 0
      vertex 16.4971 -7.2088 0
    endloop
  endfacet
  facet normal 0 0 -1
    outer loop
      vertex 16.5 -7.14999 0
      vertex 15.45 0 0
      vertex 16.5 7.14999 0
    endloop
  endfacet
  facet normal 0 0 -1
    outer loop
      vertex 15.9 -7.75 0
      vertex 16.4971 -7.2088 0
      vertex 16.4885 -7.26704 0
    endloop
  endfacet
  facet normal 0 0 -1
    outer loop
      vertex 15.4396 0.210736 0
      vertex 16.5 7.14999 0
      vertex 15.45 0 0
    endloop
  endfacet
  facet normal 0 0 -1
    outer loop
      vertex 15.9 -7.75 0
      vertex 16.4885 -7.26704 0
      vertex 16.4741 -7.32416 0
    endloop
  endfacet
  facet normal 0 0 -1
    outer loop
      vertex 15.4087 0.419444 0
      vertex 16.5 7.14999 0
      vertex 15.4396 0.210736 0
    endloop
  endfacet
  facet normal 0 0 -1
    outer loop
      vertex 15.9 -7.75 0
      vertex 16.4741 -7.32416 0
      vertex 16.4543 -7.37961 0
    endloop
  endfacet
  facet normal 0 0 -1
    outer loop
      vertex 15.3574 0.624111 0
      vertex 16.5 7.14999 0
      vertex 15.4087 0.419444 0
    endloop
  endfacet
  facet normal 0 0 -1
    outer loop
      vertex 15.9 -7.75 0
      vertex 16.4543 -7.37961 0
      vertex 16.4291 -7.43283 0
    endloop
  endfacet
  facet normal 0 0 -1
    outer loop
      vertex 15.2863 0.822769 0
      vertex 16.5 7.14999 0
      vertex 15.3574 0.624111 0
    endloop
  endfacet
  facet normal 0 0 -1
    outer loop
      vertex 15.9 -7.75 0
      vertex 16.4291 -7.43283 0
      vertex 16.3989 -7.48334 0
    endloop
  endfacet
  facet normal 0 0 -1
    outer loop
      vertex 15.1961 1.0135 0
      vertex 16.5 7.14999 0
      vertex 15.2863 0.822769 0
    endloop
  endfacet
  facet normal 0 0 -1
    outer loop
      vertex 15.9 -7.75 0
      vertex 16.3989 -7.48334 0
      vertex 16.3638 -7.53062 0
    endloop
  endfacet
  facet normal 0 0 -1
    outer loop
      vertex 15.0877 1.19448 0
      vertex 16.5 7.14999 0
      vertex 15.1961 1.0135 0
    endloop
  endfacet
  facet normal 0 0 -1
    outer loop
      vertex 15.9 -7.75 0
      vertex 16.3638 -7.53062 0
      vertex 16.3243 -7.57426 0
    endloop
  endfacet
  facet normal 0 0 -1
    outer loop
      vertex 14.962 1.36395 0
      vertex 16.5 7.14999 0
      vertex 15.0877 1.19448 0
    endloop
  endfacet
  facet normal 0 0 -1
    outer loop
      vertex 15.9 -7.75 0
      vertex 16.3243 -7.57426 0
      vertex 16.2806 -7.6138 0
    endloop
  endfacet
  facet normal 0 0 -1
    outer loop
      vertex 14.8203 1.52028 0
      vertex 16.5 7.14999 0
      vertex 14.962 1.36395 0
    endloop
  endfacet
  facet normal 0 0 -1
    outer loop
      vertex 15.9 -7.75 0
      vertex 16.2806 -7.6138 0
      vertex 16.2333 -7.64888 0
    endloop
  endfacet
  facet normal 0 0 -1
    outer loop
      vertex 14.6639 1.66197 0
      vertex 16.5 7.14999 0
      vertex 14.8203 1.52028 0
    endloop
  endfacet
  facet normal 0 0 -1
    outer loop
      vertex 15.9 -7.75 0
      vertex 16.2333 -7.64888 0
      vertex 16.1828 -7.67915 0
    endloop
  endfacet
  facet normal 0 0 -1
    outer loop
      vertex 14.4945 1.78766 0
      vertex 16.5 7.14999 0
      vertex 14.6639 1.66197 0
    endloop
  endfacet
  facet normal 0 0 -1
    outer loop
      vertex 15.9 -7.75 0
      vertex 16.1828 -7.67915 0
      vertex 16.1296 -7.70432 0
    endloop
  endfacet
  facet normal 0 0 -1
    outer loop
      vertex 14.3135 1.89613 0
      vertex 16.5 7.14999 0
      vertex 14.4945 1.78766 0
    endloop
  endfacet
  facet normal 0 0 -1
    outer loop
      vertex 15.9 -7.75 0
      vertex 16.1296 -7.70432 0
      vertex 16.0742 -7.72415 0
    endloop
  endfacet
  facet normal 0 0 -1
    outer loop
      vertex 14.1228 1.98634 0
      vertex 16.5 7.14999 0
      vertex 14.3135 1.89613 0
    endloop
  endfacet
  facet normal 0 0 -1
    outer loop
      vertex 15.9 -7.75 0
      vertex 16.0742 -7.72415 0
      vertex 16.017 -7.73846 0
    endloop
  endfacet
  facet normal 0 0 -1
    outer loop
      vertex 13.9241 2.05742 0
      vertex 16.5 7.14999 0
      vertex 14.1228 1.98634 0
    endloop
  endfacet
  facet normal 0 0 -1
    outer loop
      vertex 15.9 -7.75 0
      vertex 16.017 -7.73846 0
      vertex 15.9588 -7.7471 0
    endloop
  endfacet
  facet normal 0 0 -1
    outer loop
      vertex 13.7194 2.10869 0
      vertex 16.5 7.14999 0
      vertex 13.9241 2.05742 0
    endloop
  endfacet
  facet normal 0 0 -1
    outer loop
      vertex 13.5107 -2.13965 0
      vertex 16.5 -7.14999 0
      vertex 15.9 -7.75 0
    endloop
  endfacet
  facet normal 0 0 -1
    outer loop
      vertex 13.5107 2.13965 0
      vertex 16.5 7.14999 0
      vertex 13.7194 2.10869 0
    endloop
  endfacet
  facet normal 0 0 -1
    outer loop
      vertex 16.5 7.14999 0
      vertex 15.9 7.75 0
      vertex 16.4971 7.2088 0
    endloop
  endfacet
  facet normal 0 0 -1
    outer loop
      vertex 16.5 -7.14999 0
      vertex 15.4396 -0.210736 0
      vertex 15.45 0 0
    endloop
  endfacet
  facet normal 0 0 -1
    outer loop
      vertex 16.5 -7.14999 0
      vertex 15.4087 -0.419444 0
      vertex 15.4396 -0.210736 0
    endloop
  endfacet
  facet normal 0 0 -1
    outer loop
      vertex 16.5 -7.14999 0
      vertex 15.3574 -0.624111 0
      vertex 15.4087 -0.419444 0
    endloop
  endfacet
  facet normal 0 0 -1
    outer loop
      vertex 16.5 -7.14999 0
      vertex 15.2863 -0.822769 0
      vertex 15.3574 -0.624111 0
    endloop
  endfacet
  facet normal 0 0 -1
    outer loop
      vertex 16.5 -7.14999 0
      vertex 15.1961 -1.0135 0
      vertex 15.2863 -0.822769 0
    endloop
  endfacet
  facet normal 0 0 -1
    outer loop
      vertex 16.5 -7.14999 0
      vertex 15.0877 -1.19448 0
      vertex 15.1961 -1.0135 0
    endloop
  endfacet
  facet normal 0 0 -1
    outer loop
      vertex 16.5 -7.14999 0
      vertex 14.962 -1.36395 0
      vertex 15.0877 -1.19448 0
    endloop
  endfacet
  facet normal 0 0 -1
    outer loop
      vertex 16.5 -7.14999 0
      vertex 14.8203 -1.52028 0
      vertex 14.962 -1.36395 0
    endloop
  endfacet
  facet normal 0 0 -1
    outer loop
      vertex 16.5 -7.14999 0
      vertex 14.6639 -1.66197 0
      vertex 14.8203 -1.52028 0
    endloop
  endfacet
  facet normal 0 0 -1
    outer loop
      vertex 16.5 -7.14999 0
      vertex 14.4945 -1.78766 0
      vertex 14.6639 -1.66197 0
    endloop
  endfacet
  facet normal 0 0 -1
    outer loop
      vertex 16.5 -7.14999 0
      vertex 14.3135 -1.89613 0
      vertex 14.4945 -1.78766 0
    endloop
  endfacet
  facet normal 0 0 -1
    outer loop
      vertex 16.5 -7.14999 0
      vertex 14.1228 -1.98634 0
      vertex 14.3135 -1.89613 0
    endloop
  endfacet
  facet normal 0 0 -1
    outer loop
      vertex 16.5 -7.14999 0
      vertex 13.9241 -2.05742 0
      vertex 14.1228 -1.98634 0
    endloop
  endfacet
  facet normal 0 0 -1
    outer loop
      vertex 16.5 -7.14999 0
      vertex 13.7194 -2.10869 0
      vertex 13.9241 -2.05742 0
    endloop
  endfacet
  facet normal 0 0 -1
    outer loop
      vertex 16.5 -7.14999 0
      vertex 13.5107 -2.13965 0
      vertex 13.7194 -2.10869 0
    endloop
  endfacet
  facet normal 0 0 -1
    outer loop
      vertex 15.9 -7.75 0
      vertex 13.3 -2.15 0
      vertex 13.5107 -2.13965 0
    endloop
  endfacet
  facet normal 0 0 -1
    outer loop
      vertex 10.7 -7.75 0
      vertex 13.3 -2.15 0
      vertex 15.9 -7.75 0
    endloop
  endfacet
  facet normal -0 0 -1
    outer loop
      vertex 13.3 -2.15 0
      vertex 10.7 -7.75 0
      vertex 13.0893 -2.13965 0
    endloop
  endfacet
  facet normal 0 0 -1
    outer loop
      vertex 10.1 -7.14999 0
      vertex 13.0893 -2.13965 0
      vertex 10.7 -7.75 0
    endloop
  endfacet
  facet normal -0 0 -1
    outer loop
      vertex 13.0893 -2.13965 0
      vertex 10.1 -7.14999 0
      vertex 12.8806 -2.10869 0
    endloop
  endfacet
  facet normal -0 0 -1
    outer loop
      vertex 12.8806 -2.10869 0
      vertex 10.1 -7.14999 0
      vertex 12.6759 -2.05742 0
    endloop
  endfacet
  facet normal -0 0 -1
    outer loop
      vertex 12.6759 -2.05742 0
      vertex 10.1 -7.14999 0
      vertex 12.4772 -1.98634 0
    endloop
  endfacet
  facet normal -0 0 -1
    outer loop
      vertex 12.4772 -1.98634 0
      vertex 10.1 -7.14999 0
      vertex 12.2865 -1.89613 0
    endloop
  endfacet
  facet normal -0 0 -1
    outer loop
      vertex 12.2865 -1.89613 0
      vertex 10.1 -7.14999 0
      vertex 12.1055 -1.78766 0
    endloop
  endfacet
  facet normal -0 0 -1
    outer loop
      vertex 12.1055 -1.78766 0
      vertex 10.1 -7.14999 0
      vertex 11.9361 -1.66197 0
    endloop
  endfacet
  facet normal -0 0 -1
    outer loop
      vertex 11.9361 -1.66197 0
      vertex 10.1 -7.14999 0
      vertex 11.7797 -1.52028 0
    endloop
  endfacet
  facet normal -0 0 -1
    outer loop
      vertex 11.1913 -0.419444 0
      vertex 10.1 -7.14999 0
      vertex 11.1604 -0.210736 0
    endloop
  endfacet
  facet normal -0 0 -1
    outer loop
      vertex 11.2426 -0.624111 0
      vertex 10.1 -7.14999 0
      vertex 11.1913 -0.419444 0
    endloop
  endfacet
  facet normal -0 0 -1
    outer loop
      vertex 11.3137 -0.822769 0
      vertex 10.1 -7.14999 0
      vertex 11.2426 -0.624111 0
    endloop
  endfacet
  facet normal -0 0 -1
    outer loop
      vertex 11.4039 -1.0135 0
      vertex 10.1 -7.14999 0
      vertex 11.3137 -0.822769 0
    endloop
  endfacet
  facet normal -0 0 -1
    outer loop
      vertex 11.5123 -1.19448 0
      vertex 10.1 -7.14999 0
      vertex 11.4039 -1.0135 0
    endloop
  endfacet
  facet normal -0 0 -1
    outer loop
      vertex 11.638 -1.36395 0
      vertex 10.1 -7.14999 0
      vertex 11.5123 -1.19448 0
    endloop
  endfacet
  facet normal -0 0 -1
    outer loop
      vertex 11.7797 -1.52028 0
      vertex 10.1 -7.14999 0
      vertex 11.638 -1.36395 0
    endloop
  endfacet
  facet normal 0 0 -1
    outer loop
      vertex 16.4971 7.2088 0
      vertex 15.9 7.75 0
      vertex 16.4885 7.26704 0
    endloop
  endfacet
  facet normal 0 0 -1
    outer loop
      vertex 16.4885 7.26704 0
      vertex 15.9 7.75 0
      vertex 16.4741 7.32416 0
    endloop
  endfacet
  facet normal 0 0 -1
    outer loop
      vertex 16.4543 7.37961 0
      vertex 15.9 7.75 0
      vertex 16.4291 7.43283 0
    endloop
  endfacet
  facet normal 0 0 -1
    outer loop
      vertex 16.4291 7.43283 0
      vertex 15.9 7.75 0
      vertex 16.3989 7.48334 0
    endloop
  endfacet
  facet normal 0 0 -1
    outer loop
      vertex 16.3989 7.48334 0
      vertex 15.9 7.75 0
      vertex 16.3638 7.53062 0
    endloop
  endfacet
  facet normal 0 0 -1
    outer loop
      vertex 16.3243 7.57426 0
      vertex 15.9 7.75 0
      vertex 16.2806 7.6138 0
    endloop
  endfacet
  facet normal 0 0 -1
    outer loop
      vertex 16.2806 7.6138 0
      vertex 15.9 7.75 0
      vertex 16.2333 7.64888 0
    endloop
  endfacet
  facet normal 0 0 -1
    outer loop
      vertex 16.2333 7.64888 0
      vertex 15.9 7.75 0
      vertex 16.1828 7.67915 0
    endloop
  endfacet
  facet normal 0 0 -1
    outer loop
      vertex 16.1296 7.70432 0
      vertex 15.9 7.75 0
      vertex 16.0742 7.72415 0
    endloop
  endfacet
  facet normal 0 0 -1
    outer loop
      vertex 16.0742 7.72415 0
      vertex 15.9 7.75 0
      vertex 16.017 7.73846 0
    endloop
  endfacet
  facet normal 0 0 -1
    outer loop
      vertex 16.017 7.73846 0
      vertex 15.9 7.75 0
      vertex 15.9588 7.7471 0
    endloop
  endfacet
  facet normal 0 0 -1
    outer loop
      vertex 16.1828 7.67915 0
      vertex 15.9 7.75 0
      vertex 16.1296 7.70432 0
    endloop
  endfacet
  facet normal 0 0 -1
    outer loop
      vertex 16.3638 7.53062 0
      vertex 15.9 7.75 0
      vertex 16.3243 7.57426 0
    endloop
  endfacet
  facet normal 0 0 -1
    outer loop
      vertex 16.4741 7.32416 0
      vertex 15.9 7.75 0
      vertex 16.4543 7.37961 0
    endloop
  endfacet
  facet normal -0 0 -1
    outer loop
      vertex 16.5 7.14999 0
      vertex 13.5107 2.13965 0
      vertex 15.9 7.75 0
    endloop
  endfacet
  facet normal 0 0 -1
    outer loop
      vertex 13.3 2.15 0
      vertex 15.9 7.75 0
      vertex 13.5107 2.13965 0
    endloop
  endfacet
  facet normal 0 0 -1
    outer loop
      vertex 10.7 7.75 0
      vertex 13.3 2.15 0
      vertex 13.0893 2.13965 0
    endloop
  endfacet
  facet normal 0 0 -1
    outer loop
      vertex 10.1 7.14999 0
      vertex 13.0893 2.13965 0
      vertex 12.8806 2.10869 0
    endloop
  endfacet
  facet normal 0 0 -1
    outer loop
      vertex 10.1 7.14999 0
      vertex 12.8806 2.10869 0
      vertex 12.6759 2.05742 0
    endloop
  endfacet
  facet normal 0 0 -1
    outer loop
      vertex 10.1 7.14999 0
      vertex 12.6759 2.05742 0
      vertex 12.4772 1.98634 0
    endloop
  endfacet
  facet normal 0 0 -1
    outer loop
      vertex 10.1 7.14999 0
      vertex 12.4772 1.98634 0
      vertex 12.2865 1.89613 0
    endloop
  endfacet
  facet normal 0 0 -1
    outer loop
      vertex 10.1 7.14999 0
      vertex 12.2865 1.89613 0
      vertex 12.1055 1.78766 0
    endloop
  endfacet
  facet normal 0 0 -1
    outer loop
      vertex 10.1 7.14999 0
      vertex 12.1055 1.78766 0
      vertex 11.9361 1.66197 0
    endloop
  endfacet
  facet normal 0 0 -1
    outer loop
      vertex 10.1 7.14999 0
      vertex 11.9361 1.66197 0
      vertex 11.7797 1.52028 0
    endloop
  endfacet
  facet normal 0 0 -1
    outer loop
      vertex 10.1 7.14999 0
      vertex 11.7797 1.52028 0
      vertex 11.638 1.36395 0
    endloop
  endfacet
  facet normal 0 0 -1
    outer loop
      vertex 10.1 7.14999 0
      vertex 11.638 1.36395 0
      vertex 11.5123 1.19448 0
    endloop
  endfacet
  facet normal -0 0 -1
    outer loop
      vertex 11.1604 -0.210736 0
      vertex 10.1 -7.14999 0
      vertex 11.15 0 0
    endloop
  endfacet
  facet normal 0 0 -1
    outer loop
      vertex 13.3 2.15 0
      vertex 10.7 7.75 0
      vertex 15.9 7.75 0
    endloop
  endfacet
  facet normal 0 0 -1
    outer loop
      vertex 10.1 7.14999 0
      vertex 11.5123 1.19448 0
      vertex 11.4039 1.0135 0
    endloop
  endfacet
  facet normal 0 0 -1
    outer loop
      vertex 10.1 7.14999 0
      vertex 11.4039 1.0135 0
      vertex 11.3137 0.822769 0
    endloop
  endfacet
  facet normal 0 0 -1
    outer loop
      vertex 10.1 7.14999 0
      vertex 11.3137 0.822769 0
      vertex 11.2426 0.624111 0
    endloop
  endfacet
  facet normal 0 0 -1
    outer loop
      vertex 10.1 7.14999 0
      vertex 11.2426 0.624111 0
      vertex 11.1913 0.419444 0
    endloop
  endfacet
  facet normal 0 0 -1
    outer loop
      vertex 10.1 7.14999 0
      vertex 11.1913 0.419444 0
      vertex 11.1604 0.210736 0
    endloop
  endfacet
  facet normal 0 0 -1
    outer loop
      vertex 10.1 7.14999 0
      vertex 11.15 0 0
      vertex 10.1 -7.14999 0
    endloop
  endfacet
  facet normal 0 0 -1
    outer loop
      vertex 10.1 -7.14999 0
      vertex 10.7 -7.75 0
      vertex 10.6412 -7.7471 0
    endloop
  endfacet
  facet normal 0 0 -1
    outer loop
      vertex 11.15 0 0
      vertex 10.1 7.14999 0
      vertex 11.1604 0.210736 0
    endloop
  endfacet
  facet normal 0 0 -1
    outer loop
      vertex 10.1 -7.14999 0
      vertex 10.6412 -7.7471 0
      vertex 10.583 -7.73846 0
    endloop
  endfacet
  facet normal 0 0 -1
    outer loop
      vertex 13.0893 2.13965 0
      vertex 10.1 7.14999 0
      vertex 10.7 7.75 0
    endloop
  endfacet
  facet normal 0 0 -1
    outer loop
      vertex 10.1 -7.14999 0
      vertex 10.583 -7.73846 0
      vertex 10.5258 -7.72415 0
    endloop
  endfacet
  facet normal 0 0 -1
    outer loop
      vertex 10.7 7.75 0
      vertex 10.1 7.14999 0
      vertex 10.6412 7.7471 0
    endloop
  endfacet
  facet normal 0 0 -1
    outer loop
      vertex 10.1 -7.14999 0
      vertex 10.5258 -7.72415 0
      vertex 10.4704 -7.70432 0
    endloop
  endfacet
  facet normal 0 0 -1
    outer loop
      vertex 10.6412 7.7471 0
      vertex 10.1 7.14999 0
      vertex 10.583 7.73846 0
    endloop
  endfacet
  facet normal 0 0 -1
    outer loop
      vertex 10.1 -7.14999 0
      vertex 10.4704 -7.70432 0
      vertex 10.4172 -7.67915 0
    endloop
  endfacet
  facet normal 0 0 -1
    outer loop
      vertex 10.583 7.73846 0
      vertex 10.1 7.14999 0
      vertex 10.5258 7.72415 0
    endloop
  endfacet
  facet normal 0 0 -1
    outer loop
      vertex 10.1 -7.14999 0
      vertex 10.4172 -7.67915 0
      vertex 10.3667 -7.64888 0
    endloop
  endfacet
  facet normal 0 0 -1
    outer loop
      vertex 10.5258 7.72415 0
      vertex 10.1 7.14999 0
      vertex 10.4704 7.70432 0
    endloop
  endfacet
  facet normal 0 0 -1
    outer loop
      vertex 10.1 -7.14999 0
      vertex 10.3667 -7.64888 0
      vertex 10.3194 -7.6138 0
    endloop
  endfacet
  facet normal 0 0 -1
    outer loop
      vertex 10.4704 7.70432 0
      vertex 10.1 7.14999 0
      vertex 10.4172 7.67915 0
    endloop
  endfacet
  facet normal 0 0 -1
    outer loop
      vertex 10.1 -7.14999 0
      vertex 10.3194 -7.6138 0
      vertex 10.2757 -7.57426 0
    endloop
  endfacet
  facet normal 0 0 -1
    outer loop
      vertex 10.4172 7.67915 0
      vertex 10.1 7.14999 0
      vertex 10.3667 7.64888 0
    endloop
  endfacet
  facet normal 0 0 -1
    outer loop
      vertex 10.1 -7.14999 0
      vertex 10.2757 -7.57426 0
      vertex 10.2362 -7.53062 0
    endloop
  endfacet
  facet normal 0 0 -1
    outer loop
      vertex 10.3667 7.64888 0
      vertex 10.1 7.14999 0
      vertex 10.3194 7.6138 0
    endloop
  endfacet
  facet normal 0 0 -1
    outer loop
      vertex 10.1 -7.14999 0
      vertex 10.2362 -7.53062 0
      vertex 10.2011 -7.48334 0
    endloop
  endfacet
  facet normal 0 0 -1
    outer loop
      vertex 10.3194 7.6138 0
      vertex 10.1 7.14999 0
      vertex 10.2757 7.57426 0
    endloop
  endfacet
  facet normal 0 0 -1
    outer loop
      vertex 10.1 -7.14999 0
      vertex 10.2011 -7.48334 0
      vertex 10.1708 -7.43283 0
    endloop
  endfacet
  facet normal 0 0 -1
    outer loop
      vertex 10.2757 7.57426 0
      vertex 10.1 7.14999 0
      vertex 10.2362 7.53062 0
    endloop
  endfacet
  facet normal 0 0 -1
    outer loop
      vertex 10.1 -7.14999 0
      vertex 10.1708 -7.43283 0
      vertex 10.1457 -7.37961 0
    endloop
  endfacet
  facet normal 0 0 -1
    outer loop
      vertex 10.2362 7.53062 0
      vertex 10.1 7.14999 0
      vertex 10.2011 7.48334 0
    endloop
  endfacet
  facet normal 0 0 -1
    outer loop
      vertex 10.1 -7.14999 0
      vertex 10.1457 -7.37961 0
      vertex 10.1259 -7.32416 0
    endloop
  endfacet
  facet normal 0 0 -1
    outer loop
      vertex 10.2011 7.48334 0
      vertex 10.1 7.14999 0
      vertex 10.1708 7.43283 0
    endloop
  endfacet
  facet normal 0 0 -1
    outer loop
      vertex 10.1 -7.14999 0
      vertex 10.1259 -7.32416 0
      vertex 10.1115 -7.26704 0
    endloop
  endfacet
  facet normal 0 0 -1
    outer loop
      vertex 10.1708 7.43283 0
      vertex 10.1 7.14999 0
      vertex 10.1457 7.37961 0
    endloop
  endfacet
  facet normal 0 0 -1
    outer loop
      vertex 10.1 -7.14999 0
      vertex 10.1115 -7.26704 0
      vertex 10.1029 -7.2088 0
    endloop
  endfacet
  facet normal 0 0 -1
    outer loop
      vertex 10.1457 7.37961 0
      vertex 10.1 7.14999 0
      vertex 10.1259 7.32416 0
    endloop
  endfacet
  facet normal 0 0 -1
    outer loop
      vertex 10.1259 7.32416 0
      vertex 10.1 7.14999 0
      vertex 10.1115 7.26704 0
    endloop
  endfacet
  facet normal 0 0 -1
    outer loop
      vertex 10.1115 7.26704 0
      vertex 10.1 7.14999 0
      vertex 10.1029 7.2088 0
    endloop
  endfacet
  facet normal 0.337004 -0.941503 0
    outer loop
      vertex 16.0742 -7.72415 0
      vertex 16.1296 -7.70432 17.5
      vertex 16.0742 -7.72415 17.5
    endloop
  endfacet
  facet normal 0.337004 -0.941503 0
    outer loop
      vertex 16.1296 -7.70432 17.5
      vertex 16.0742 -7.72415 0
      vertex 16.1296 -7.70432 0
    endloop
  endfacet
  facet normal -0.941761 0.336283 0
    outer loop
      vertex 10.1259 7.32416 0
      vertex 10.1457 7.37961 17.5
      vertex 10.1457 7.37961 0
    endloop
  endfacet
  facet normal -0.941761 0.336283 0
    outer loop
      vertex 10.1457 7.37961 17.5
      vertex 10.1259 7.32416 0
      vertex 10.1259 7.32416 17.5
    endloop
  endfacet
  facet normal 0.146844 0.98916 -0
    outer loop
      vertex 16.017 7.73846 0
      vertex 15.9588 7.7471 17.5
      vertex 16.017 7.73846 17.5
    endloop
  endfacet
  facet normal 0.146844 0.98916 0
    outer loop
      vertex 15.9588 7.7471 17.5
      vertex 16.017 7.73846 0
      vertex 15.9588 7.7471 0
    endloop
  endfacet
  facet normal 0.989273 -0.146081 0
    outer loop
      vertex 16.4885 -7.26704 17.5
      vertex 16.4971 -7.2088 0
      vertex 16.4971 -7.2088 17.5
    endloop
  endfacet
  facet normal 0.989273 -0.146081 0
    outer loop
      vertex 16.4971 -7.2088 0
      vertex 16.4885 -7.26704 17.5
      vertex 16.4885 -7.26704 0
    endloop
  endfacet
  facet normal 0.595699 -0.803208 0
    outer loop
      vertex 16.2333 -7.64888 0
      vertex 16.2806 -7.6138 17.5
      vertex 16.2333 -7.64888 17.5
    endloop
  endfacet
  facet normal 0.595699 -0.803208 0
    outer loop
      vertex 16.2806 -7.6138 17.5
      vertex 16.2333 -7.64888 0
      vertex 16.2806 -7.6138 0
    endloop
  endfacet
  facet normal -0.242695 -0.970103 0
    outer loop
      vertex 10.5258 -7.72415 0
      vertex 10.583 -7.73846 17.5
      vertex 10.5258 -7.72415 17.5
    endloop
  endfacet
  facet normal -0.242695 -0.970103 -0
    outer loop
      vertex 10.583 -7.73846 17.5
      vertex 10.5258 -7.72415 0
      vertex 10.583 -7.73846 0
    endloop
  endfacet
  facet normal 0.941761 -0.336283 0
    outer loop
      vertex 16.4543 -7.37961 17.5
      vertex 16.4741 -7.32416 0
      vertex 16.4741 -7.32416 17.5
    endloop
  endfacet
  facet normal 0.941761 -0.336283 0
    outer loop
      vertex 16.4741 -7.32416 0
      vertex 16.4543 -7.37961 17.5
      vertex 16.4543 -7.37961 0
    endloop
  endfacet
  facet normal 0.802925 -0.59608 0
    outer loop
      vertex 16.3638 -7.53062 17.5
      vertex 16.3989 -7.48334 0
      vertex 16.3989 -7.48334 17.5
    endloop
  endfacet
  facet normal 0.802925 -0.59608 0
    outer loop
      vertex 16.3989 -7.48334 0
      vertex 16.3638 -7.53062 17.5
      vertex 16.3638 -7.53062 0
    endloop
  endfacet
  facet normal 0.42767 -0.903935 0
    outer loop
      vertex 16.1296 -7.70432 0
      vertex 16.1828 -7.67915 17.5
      vertex 16.1296 -7.70432 17.5
    endloop
  endfacet
  facet normal 0.42767 -0.903935 0
    outer loop
      vertex 16.1828 -7.67915 17.5
      vertex 16.1296 -7.70432 0
      vertex 16.1828 -7.67915 0
    endloop
  endfacet
  facet normal 0.242695 -0.970103 0
    outer loop
      vertex 17.017 -8.73846 17.5
      vertex 17.0742 -8.72415 18.5
      vertex 17.017 -8.73846 18.5
    endloop
  endfacet
  facet normal 0.242695 -0.970103 0
    outer loop
      vertex 17.0742 -8.72415 18.5
      vertex 17.017 -8.73846 17.5
      vertex 17.0742 -8.72415 17.5
    endloop
  endfacet
  facet normal 0 -1 0
    outer loop
      vertex -16.9 -8.75 17.5
      vertex 16.9 -8.75 18.5
      vertex -16.9 -8.75 18.5
    endloop
  endfacet
  facet normal 0 -1 -0
    outer loop
      vertex 16.9 -8.75 18.5
      vertex -16.9 -8.75 17.5
      vertex 16.9 -8.75 17.5
    endloop
  endfacet
  facet normal 0.146844 -0.98916 0
    outer loop
      vertex 16.9588 -8.7471 17.5
      vertex 17.017 -8.73846 18.5
      vertex 16.9588 -8.7471 18.5
    endloop
  endfacet
  facet normal 0.146844 -0.98916 0
    outer loop
      vertex 17.017 -8.73846 18.5
      vertex 16.9588 -8.7471 17.5
      vertex 17.017 -8.73846 17.5
    endloop
  endfacet
  facet normal -0.741399 -0.671065 0
    outer loop
      vertex -17.3243 -8.57426 17.5
      vertex -17.3638 -8.53062 18.5
      vertex -17.3638 -8.53062 17.5
    endloop
  endfacet
  facet normal -0.741399 -0.671065 0
    outer loop
      vertex -17.3638 -8.53062 18.5
      vertex -17.3243 -8.57426 17.5
      vertex -17.3243 -8.57426 18.5
    endloop
  endfacet
  facet normal 0.0492599 0.998786 -0
    outer loop
      vertex 16.9588 8.7471 17.5
      vertex 16.9 8.75 18.5
      vertex 16.9588 8.7471 18.5
    endloop
  endfacet
  facet normal 0.0492599 0.998786 0
    outer loop
      vertex 16.9 8.75 18.5
      vertex 16.9588 8.7471 17.5
      vertex 16.9 8.75 17.5
    endloop
  endfacet
  facet normal 0.0492599 -0.998786 0
    outer loop
      vertex 16.9 -8.75 17.5
      vertex 16.9588 -8.7471 18.5
      vertex 16.9 -8.75 18.5
    endloop
  endfacet
  facet normal 0.0492599 -0.998786 0
    outer loop
      vertex 16.9588 -8.7471 18.5
      vertex 16.9 -8.75 17.5
      vertex 16.9588 -8.7471 17.5
    endloop
  endfacet
  facet normal -0.857538 0.514421 0
    outer loop
      vertex -17.4292 8.43283 17.5
      vertex -17.3989 8.48334 18.5
      vertex -17.3989 8.48334 17.5
    endloop
  endfacet
  facet normal -0.857538 0.514421 0
    outer loop
      vertex -17.3989 8.48334 18.5
      vertex -17.4292 8.43283 17.5
      vertex -17.4292 8.43283 18.5
    endloop
  endfacet
  facet normal -0.146844 -0.98916 0
    outer loop
      vertex -17.017 -8.73846 17.5
      vertex -16.9588 -8.7471 18.5
      vertex -17.017 -8.73846 18.5
    endloop
  endfacet
  facet normal -0.146844 -0.98916 -0
    outer loop
      vertex -16.9588 -8.7471 18.5
      vertex -17.017 -8.73846 17.5
      vertex -16.9588 -8.7471 17.5
    endloop
  endfacet
  facet normal -0.989273 0.146081 0
    outer loop
      vertex -17.4971 8.2088 17.5
      vertex -17.4885 8.26704 18.5
      vertex -17.4885 8.26704 17.5
    endloop
  endfacet
  facet normal -0.989273 0.146081 0
    outer loop
      vertex -17.4885 8.26704 18.5
      vertex -17.4971 8.2088 17.5
      vertex -17.4971 8.2088 18.5
    endloop
  endfacet
  facet normal -0.242695 -0.970103 0
    outer loop
      vertex -17.0742 -8.72415 17.5
      vertex -17.017 -8.73846 18.5
      vertex -17.0742 -8.72415 18.5
    endloop
  endfacet
  facet normal -0.242695 -0.970103 -0
    outer loop
      vertex -17.017 -8.73846 18.5
      vertex -17.0742 -8.72415 17.5
      vertex -17.017 -8.73846 17.5
    endloop
  endfacet
  facet normal -0.42767 0.903935 0
    outer loop
      vertex -17.1296 8.70432 17.5
      vertex -17.1828 8.67915 18.5
      vertex -17.1296 8.70432 18.5
    endloop
  endfacet
  facet normal -0.42767 0.903935 0
    outer loop
      vertex -17.1828 8.67915 18.5
      vertex -17.1296 8.70432 17.5
      vertex -17.1828 8.67915 17.5
    endloop
  endfacet
  facet normal -0.0492599 0.998786 0
    outer loop
      vertex -16.9 8.75 17.5
      vertex -16.9588 8.7471 18.5
      vertex -16.9 8.75 18.5
    endloop
  endfacet
  facet normal -0.0492599 0.998786 0
    outer loop
      vertex -16.9588 8.7471 18.5
      vertex -16.9 8.75 17.5
      vertex -16.9588 8.7471 17.5
    endloop
  endfacet
  facet normal 1 -0 0
    outer loop
      vertex 17.5 -8.14999 18.5
      vertex 17.5 8.14999 17.5
      vertex 17.5 8.14999 18.5
    endloop
  endfacet
  facet normal 1 0 0
    outer loop
      vertex 17.5 8.14999 17.5
      vertex 17.5 -8.14999 18.5
      vertex 17.5 -8.14999 17.5
    endloop
  endfacet
  facet normal -1 0 0
    outer loop
      vertex -17.5 -8.14999 17.5
      vertex -17.5 8.14999 18.5
      vertex -17.5 8.14999 17.5
    endloop
  endfacet
  facet normal -1 -0 0
    outer loop
      vertex -17.5 8.14999 18.5
      vertex -17.5 -8.14999 17.5
      vertex -17.5 -8.14999 18.5
    endloop
  endfacet
  facet normal -0.670931 -0.74152 0
    outer loop
      vertex -17.3243 -8.57426 17.5
      vertex -17.2806 -8.6138 18.5
      vertex -17.3243 -8.57426 18.5
    endloop
  endfacet
  facet normal -0.670931 -0.74152 -0
    outer loop
      vertex -17.2806 -8.6138 18.5
      vertex -17.3243 -8.57426 17.5
      vertex -17.2806 -8.6138 17.5
    endloop
  endfacet
  facet normal -0.741399 0.671065 0
    outer loop
      vertex -17.3638 8.53062 17.5
      vertex -17.3243 8.57426 18.5
      vertex -17.3243 8.57426 17.5
    endloop
  endfacet
  facet normal -0.741399 0.671065 0
    outer loop
      vertex -17.3243 8.57426 18.5
      vertex -17.3638 8.53062 17.5
      vertex -17.3638 8.53062 18.5
    endloop
  endfacet
  facet normal 0.970063 0.242855 0
    outer loop
      vertex 17.4885 8.26704 18.5
      vertex 17.4742 8.32416 17.5
      vertex 17.4742 8.32416 18.5
    endloop
  endfacet
  facet normal 0.970063 0.242855 0
    outer loop
      vertex 17.4742 8.32416 17.5
      vertex 17.4885 8.26704 18.5
      vertex 17.4885 8.26704 17.5
    endloop
  endfacet
  facet normal -0.0492599 -0.998786 0
    outer loop
      vertex -16.9588 -8.7471 17.5
      vertex -16.9 -8.75 18.5
      vertex -16.9588 -8.7471 18.5
    endloop
  endfacet
  facet normal -0.0492599 -0.998786 -0
    outer loop
      vertex -16.9 -8.75 18.5
      vertex -16.9588 -8.7471 17.5
      vertex -16.9 -8.75 17.5
    endloop
  endfacet
  facet normal -0.998786 0.0492515 0
    outer loop
      vertex -17.5 8.14999 17.5
      vertex -17.4971 8.2088 18.5
      vertex -17.4971 8.2088 17.5
    endloop
  endfacet
  facet normal -0.998786 0.0492515 0
    outer loop
      vertex -17.4971 8.2088 18.5
      vertex -17.5 8.14999 17.5
      vertex -17.5 8.14999 18.5
    endloop
  endfacet
  facet normal 0.146844 0.98916 -0
    outer loop
      vertex 17.017 8.73846 17.5
      vertex 16.9588 8.7471 18.5
      vertex 17.017 8.73846 18.5
    endloop
  endfacet
  facet normal 0.146844 0.98916 0
    outer loop
      vertex 16.9588 8.7471 18.5
      vertex 17.017 8.73846 17.5
      vertex 16.9588 8.7471 17.5
    endloop
  endfacet
  facet normal -0.42767 -0.903935 0
    outer loop
      vertex -17.1828 -8.67915 17.5
      vertex -17.1296 -8.70432 18.5
      vertex -17.1828 -8.67915 18.5
    endloop
  endfacet
  facet normal -0.42767 -0.903935 -0
    outer loop
      vertex -17.1296 -8.70432 18.5
      vertex -17.1828 -8.67915 17.5
      vertex -17.1296 -8.70432 17.5
    endloop
  endfacet
  facet normal -0.998786 -0.0492515 0
    outer loop
      vertex -17.4971 -8.2088 17.5
      vertex -17.5 -8.14999 18.5
      vertex -17.5 -8.14999 17.5
    endloop
  endfacet
  facet normal -0.998786 -0.0492515 0
    outer loop
      vertex -17.5 -8.14999 18.5
      vertex -17.4971 -8.2088 17.5
      vertex -17.4971 -8.2088 18.5
    endloop
  endfacet
  facet normal 0 1 -0
    outer loop
      vertex 16.9 8.75 17.5
      vertex -16.9 8.75 18.5
      vertex 16.9 8.75 18.5
    endloop
  endfacet
  facet normal 0 1 0
    outer loop
      vertex -16.9 8.75 18.5
      vertex 16.9 8.75 17.5
      vertex -16.9 8.75 17.5
    endloop
  endfacet
  facet normal 0.904456 -0.426566 0
    outer loop
      vertex 17.4292 -8.43283 18.5
      vertex 17.4543 -8.37961 17.5
      vertex 17.4543 -8.37961 18.5
    endloop
  endfacet
  facet normal 0.904456 -0.426566 0
    outer loop
      vertex 17.4543 -8.37961 17.5
      vertex 17.4292 -8.43283 18.5
      vertex 17.4292 -8.43283 17.5
    endloop
  endfacet
  facet normal -0.970063 0.242855 0
    outer loop
      vertex -17.4885 8.26704 17.5
      vertex -17.4742 8.32416 18.5
      vertex -17.4742 8.32416 17.5
    endloop
  endfacet
  facet normal -0.970063 0.242855 0
    outer loop
      vertex -17.4742 8.32416 18.5
      vertex -17.4885 8.26704 17.5
      vertex -17.4885 8.26704 18.5
    endloop
  endfacet
  facet normal -0.904456 0.426566 0
    outer loop
      vertex -17.4543 8.37961 17.5
      vertex -17.4292 8.43283 18.5
      vertex -17.4292 8.43283 17.5
    endloop
  endfacet
  facet normal -0.904456 0.426566 0
    outer loop
      vertex -17.4292 8.43283 18.5
      vertex -17.4543 8.37961 17.5
      vertex -17.4543 8.37961 18.5
    endloop
  endfacet
  facet normal -0.337004 0.941503 0
    outer loop
      vertex -17.0742 8.72415 17.5
      vertex -17.1296 8.70432 18.5
      vertex -17.0742 8.72415 18.5
    endloop
  endfacet
  facet normal -0.337004 0.941503 0
    outer loop
      vertex -17.1296 8.70432 18.5
      vertex -17.0742 8.72415 17.5
      vertex -17.1296 8.70432 17.5
    endloop
  endfacet
  facet normal 0.998786 -0.0492515 0
    outer loop
      vertex 17.4971 -8.2088 18.5
      vertex 17.5 -8.14999 17.5
      vertex 17.5 -8.14999 18.5
    endloop
  endfacet
  facet normal 0.998786 -0.0492515 0
    outer loop
      vertex 17.5 -8.14999 17.5
      vertex 17.4971 -8.2088 18.5
      vertex 17.4971 -8.2088 17.5
    endloop
  endfacet
  facet normal 0.802925 0.59608 0
    outer loop
      vertex 17.3989 8.48334 18.5
      vertex 17.3638 8.53062 17.5
      vertex 17.3638 8.53062 18.5
    endloop
  endfacet
  facet normal 0.802925 0.59608 0
    outer loop
      vertex 17.3638 8.53062 17.5
      vertex 17.3989 8.48334 18.5
      vertex 17.3989 8.48334 17.5
    endloop
  endfacet
  facet normal -0.670931 0.74152 0
    outer loop
      vertex -17.2806 8.6138 17.5
      vertex -17.3243 8.57426 18.5
      vertex -17.2806 8.6138 18.5
    endloop
  endfacet
  facet normal -0.670931 0.74152 0
    outer loop
      vertex -17.3243 8.57426 18.5
      vertex -17.2806 8.6138 17.5
      vertex -17.3243 8.57426 17.5
    endloop
  endfacet
  facet normal 0.337004 0.941503 -0
    outer loop
      vertex 17.1296 8.70432 17.5
      vertex 17.0742 8.72415 18.5
      vertex 17.1296 8.70432 18.5
    endloop
  endfacet
  facet normal 0.337004 0.941503 0
    outer loop
      vertex 17.0742 8.72415 18.5
      vertex 17.1296 8.70432 17.5
      vertex 17.0742 8.72415 17.5
    endloop
  endfacet
  facet normal -0.146844 0.98916 0
    outer loop
      vertex -16.9588 8.7471 17.5
      vertex -17.017 8.73846 18.5
      vertex -16.9588 8.7471 18.5
    endloop
  endfacet
  facet normal -0.146844 0.98916 0
    outer loop
      vertex -17.017 8.73846 18.5
      vertex -16.9588 8.7471 17.5
      vertex -17.017 8.73846 17.5
    endloop
  endfacet
  facet normal 0.595699 0.803208 -0
    outer loop
      vertex 17.2806 8.6138 17.5
      vertex 17.2333 8.64888 18.5
      vertex 17.2806 8.6138 18.5
    endloop
  endfacet
  facet normal 0.595699 0.803208 0
    outer loop
      vertex 17.2333 8.64888 18.5
      vertex 17.2806 8.6138 17.5
      vertex 17.2333 8.64888 17.5
    endloop
  endfacet
  facet normal -0.242695 0.970103 0
    outer loop
      vertex -17.017 8.73846 17.5
      vertex -17.0742 8.72415 18.5
      vertex -17.017 8.73846 18.5
    endloop
  endfacet
  facet normal -0.242695 0.970103 0
    outer loop
      vertex -17.0742 8.72415 18.5
      vertex -17.017 8.73846 17.5
      vertex -17.0742 8.72415 17.5
    endloop
  endfacet
  facet normal 0.998786 0.0492515 0
    outer loop
      vertex 17.5 8.14999 18.5
      vertex 17.4971 8.2088 17.5
      vertex 17.4971 8.2088 18.5
    endloop
  endfacet
  facet normal 0.998786 0.0492515 0
    outer loop
      vertex 17.4971 8.2088 17.5
      vertex 17.5 8.14999 18.5
      vertex 17.5 8.14999 17.5
    endloop
  endfacet
  facet normal -0.941222 -0.337788 0
    outer loop
      vertex -17.4543 -8.37961 17.5
      vertex -17.4742 -8.32416 18.5
      vertex -17.4742 -8.32416 17.5
    endloop
  endfacet
  facet normal -0.941222 -0.337788 0
    outer loop
      vertex -17.4742 -8.32416 18.5
      vertex -17.4543 -8.37961 17.5
      vertex -17.4543 -8.37961 18.5
    endloop
  endfacet
  facet normal 0.242695 0.970103 -0
    outer loop
      vertex 17.0742 8.72415 17.5
      vertex 17.017 8.73846 18.5
      vertex 17.0742 8.72415 18.5
    endloop
  endfacet
  facet normal 0.242695 0.970103 0
    outer loop
      vertex 17.017 8.73846 18.5
      vertex 17.0742 8.72415 17.5
      vertex 17.017 8.73846 17.5
    endloop
  endfacet
  facet normal -0.989273 -0.146081 0
    outer loop
      vertex -17.4885 -8.26704 17.5
      vertex -17.4971 -8.2088 18.5
      vertex -17.4971 -8.2088 17.5
    endloop
  endfacet
  facet normal -0.989273 -0.146081 0
    outer loop
      vertex -17.4971 -8.2088 18.5
      vertex -17.4885 -8.26704 17.5
      vertex -17.4885 -8.26704 18.5
    endloop
  endfacet
  facet normal -0.337004 -0.941503 0
    outer loop
      vertex -17.1296 -8.70432 17.5
      vertex -17.0742 -8.72415 18.5
      vertex -17.1296 -8.70432 18.5
    endloop
  endfacet
  facet normal -0.337004 -0.941503 -0
    outer loop
      vertex -17.0742 -8.72415 18.5
      vertex -17.1296 -8.70432 17.5
      vertex -17.0742 -8.72415 17.5
    endloop
  endfacet
  facet normal 0.970063 -0.242855 0
    outer loop
      vertex 17.4742 -8.32416 18.5
      vertex 17.4885 -8.26704 17.5
      vertex 17.4885 -8.26704 18.5
    endloop
  endfacet
  facet normal 0.970063 -0.242855 0
    outer loop
      vertex 17.4885 -8.26704 17.5
      vertex 17.4742 -8.32416 18.5
      vertex 17.4742 -8.32416 17.5
    endloop
  endfacet
  facet normal -0.802925 0.59608 0
    outer loop
      vertex -17.3989 8.48334 17.5
      vertex -17.3638 8.53062 18.5
      vertex -17.3638 8.53062 17.5
    endloop
  endfacet
  facet normal -0.802925 0.59608 0
    outer loop
      vertex -17.3638 8.53062 18.5
      vertex -17.3989 8.48334 17.5
      vertex -17.3989 8.48334 18.5
    endloop
  endfacet
  facet normal 0.42767 0.903935 -0
    outer loop
      vertex 17.1828 8.67915 17.5
      vertex 17.1296 8.70432 18.5
      vertex 17.1828 8.67915 18.5
    endloop
  endfacet
  facet normal 0.42767 0.903935 0
    outer loop
      vertex 17.1296 8.70432 18.5
      vertex 17.1828 8.67915 17.5
      vertex 17.1296 8.70432 17.5
    endloop
  endfacet
  facet normal 0.904456 0.426566 0
    outer loop
      vertex 17.4543 8.37961 18.5
      vertex 17.4292 8.43283 17.5
      vertex 17.4292 8.43283 18.5
    endloop
  endfacet
  facet normal 0.904456 0.426566 0
    outer loop
      vertex 17.4292 8.43283 17.5
      vertex 17.4543 8.37961 18.5
      vertex 17.4543 8.37961 17.5
    endloop
  endfacet
  facet normal 0.941222 0.337788 0
    outer loop
      vertex 17.4742 8.32416 18.5
      vertex 17.4543 8.37961 17.5
      vertex 17.4543 8.37961 18.5
    endloop
  endfacet
  facet normal 0.941222 0.337788 0
    outer loop
      vertex 17.4543 8.37961 17.5
      vertex 17.4742 8.32416 18.5
      vertex 17.4742 8.32416 17.5
    endloop
  endfacet
  facet normal -0.595699 0.803208 0
    outer loop
      vertex -17.2333 8.64888 17.5
      vertex -17.2806 8.6138 18.5
      vertex -17.2333 8.64888 18.5
    endloop
  endfacet
  facet normal -0.595699 0.803208 0
    outer loop
      vertex -17.2806 8.6138 18.5
      vertex -17.2333 8.64888 17.5
      vertex -17.2806 8.6138 17.5
    endloop
  endfacet
  facet normal -0.514121 0.857718 0
    outer loop
      vertex -17.1828 8.67915 17.5
      vertex -17.2333 8.64888 18.5
      vertex -17.1828 8.67915 18.5
    endloop
  endfacet
  facet normal -0.514121 0.857718 0
    outer loop
      vertex -17.2333 8.64888 18.5
      vertex -17.1828 8.67915 17.5
      vertex -17.2333 8.64888 17.5
    endloop
  endfacet
  facet normal 0.514121 -0.857718 0
    outer loop
      vertex 17.1828 -8.67915 17.5
      vertex 17.2333 -8.64888 18.5
      vertex 17.1828 -8.67915 18.5
    endloop
  endfacet
  facet normal 0.514121 -0.857718 0
    outer loop
      vertex 17.2333 -8.64888 18.5
      vertex 17.1828 -8.67915 17.5
      vertex 17.2333 -8.64888 17.5
    endloop
  endfacet
  facet normal -0.595699 -0.803208 0
    outer loop
      vertex -17.2806 -8.6138 17.5
      vertex -17.2333 -8.64888 18.5
      vertex -17.2806 -8.6138 18.5
    endloop
  endfacet
  facet normal -0.595699 -0.803208 -0
    outer loop
      vertex -17.2333 -8.64888 18.5
      vertex -17.2806 -8.6138 17.5
      vertex -17.2333 -8.64888 17.5
    endloop
  endfacet
  facet normal 0.670931 0.74152 -0
    outer loop
      vertex 17.3243 8.57426 17.5
      vertex 17.2806 8.6138 18.5
      vertex 17.3243 8.57426 18.5
    endloop
  endfacet
  facet normal 0.670931 0.74152 0
    outer loop
      vertex 17.2806 8.6138 18.5
      vertex 17.3243 8.57426 17.5
      vertex 17.2806 8.6138 17.5
    endloop
  endfacet
  facet normal -0.514121 -0.857718 0
    outer loop
      vertex -17.2333 -8.64888 17.5
      vertex -17.1828 -8.67915 18.5
      vertex -17.2333 -8.64888 18.5
    endloop
  endfacet
  facet normal -0.514121 -0.857718 -0
    outer loop
      vertex -17.1828 -8.67915 18.5
      vertex -17.2333 -8.64888 17.5
      vertex -17.1828 -8.67915 17.5
    endloop
  endfacet
  facet normal -0.941222 0.337788 0
    outer loop
      vertex -17.4742 8.32416 17.5
      vertex -17.4543 8.37961 18.5
      vertex -17.4543 8.37961 17.5
    endloop
  endfacet
  facet normal -0.941222 0.337788 0
    outer loop
      vertex -17.4543 8.37961 18.5
      vertex -17.4742 8.32416 17.5
      vertex -17.4742 8.32416 18.5
    endloop
  endfacet
  facet normal 0.857538 0.514421 0
    outer loop
      vertex 17.4292 8.43283 18.5
      vertex 17.3989 8.48334 17.5
      vertex 17.3989 8.48334 18.5
    endloop
  endfacet
  facet normal 0.857538 0.514421 0
    outer loop
      vertex 17.3989 8.48334 17.5
      vertex 17.4292 8.43283 18.5
      vertex 17.4292 8.43283 17.5
    endloop
  endfacet
  facet normal 0.670931 -0.74152 0
    outer loop
      vertex 17.2806 -8.6138 17.5
      vertex 17.3243 -8.57426 18.5
      vertex 17.2806 -8.6138 18.5
    endloop
  endfacet
  facet normal 0.670931 -0.74152 0
    outer loop
      vertex 17.3243 -8.57426 18.5
      vertex 17.2806 -8.6138 17.5
      vertex 17.3243 -8.57426 17.5
    endloop
  endfacet
  facet normal -0.970063 -0.242855 0
    outer loop
      vertex -17.4742 -8.32416 17.5
      vertex -17.4885 -8.26704 18.5
      vertex -17.4885 -8.26704 17.5
    endloop
  endfacet
  facet normal -0.970063 -0.242855 0
    outer loop
      vertex -17.4885 -8.26704 18.5
      vertex -17.4742 -8.32416 17.5
      vertex -17.4742 -8.32416 18.5
    endloop
  endfacet
  facet normal 0.514121 0.857718 -0
    outer loop
      vertex 17.2333 8.64888 17.5
      vertex 17.1828 8.67915 18.5
      vertex 17.2333 8.64888 18.5
    endloop
  endfacet
  facet normal 0.514121 0.857718 0
    outer loop
      vertex 17.1828 8.67915 18.5
      vertex 17.2333 8.64888 17.5
      vertex 17.1828 8.67915 17.5
    endloop
  endfacet
  facet normal -0 0 1
    outer loop
      vertex -7.21831 1.03586 18.5
      vertex -6.48796 -1.13564 18.5
      vertex -6.48796 1.18178 18.5
    endloop
  endfacet
  facet normal 0 0 1
    outer loop
      vertex -17.5 -8.14999 18.5
      vertex -7.15933 -1.13564 18.5
      vertex -7.21831 1.03586 18.5
    endloop
  endfacet
  facet normal 0 0 1
    outer loop
      vertex -6.48796 -1.13564 18.5
      vertex -7.21831 1.03586 18.5
      vertex -7.15933 -1.13564 18.5
    endloop
  endfacet
  facet normal 0 0 1
    outer loop
      vertex -3.51262 -0.765076 18.5
      vertex -4.8838 -0.765076 18.5
      vertex -3.51262 -1.48125 18.5
    endloop
  endfacet
  facet normal 0 0 1
    outer loop
      vertex 4.29883 1.21059 18.5
      vertex 2.84021 1.21059 18.5
      vertex 3.26132 -1.48125 18.5
    endloop
  endfacet
  facet normal 0 0 1
    outer loop
      vertex 16.9 8.75 18.5
      vertex 17.5 8.14999 18.5
      vertex 17.4971 8.2088 18.5
    endloop
  endfacet
  facet normal 0 0 1
    outer loop
      vertex 17.5 8.14999 18.5
      vertex 7.46135 0.0345154 18.5
      vertex 17.5 -8.14999 18.5
    endloop
  endfacet
  facet normal 0 0 1
    outer loop
      vertex 16.9 8.75 18.5
      vertex 17.4971 8.2088 18.5
      vertex 17.4885 8.26704 18.5
    endloop
  endfacet
  facet normal -0 0 1
    outer loop
      vertex 7.45802 -0.131485 18.5
      vertex 17.5 -8.14999 18.5
      vertex 7.46135 0.0345154 18.5
    endloop
  endfacet
  facet normal 0 0 1
    outer loop
      vertex 16.9 8.75 18.5
      vertex 17.4885 8.26704 18.5
      vertex 17.4742 8.32416 18.5
    endloop
  endfacet
  facet normal -0 0 1
    outer loop
      vertex 7.44803 -0.288544 18.5
      vertex 17.5 -8.14999 18.5
      vertex 7.45802 -0.131485 18.5
    endloop
  endfacet
  facet normal 0 0 1
    outer loop
      vertex 16.9 8.75 18.5
      vertex 17.4742 8.32416 18.5
      vertex 17.4543 8.37961 18.5
    endloop
  endfacet
  facet normal -0 0 1
    outer loop
      vertex 7.4314 -0.43663 18.5
      vertex 17.5 -8.14999 18.5
      vertex 7.44803 -0.288544 18.5
    endloop
  endfacet
  facet normal 0 0 1
    outer loop
      vertex 16.9 8.75 18.5
      vertex 17.4543 8.37961 18.5
      vertex 17.4292 8.43283 18.5
    endloop
  endfacet
  facet normal -0 0 1
    outer loop
      vertex 7.4081 -0.57576 18.5
      vertex 17.5 -8.14999 18.5
      vertex 7.4314 -0.43663 18.5
    endloop
  endfacet
  facet normal 0 0 1
    outer loop
      vertex 16.9 8.75 18.5
      vertex 17.4292 8.43283 18.5
      vertex 17.3989 8.48334 18.5
    endloop
  endfacet
  facet normal -0 0 1
    outer loop
      vertex 7.37814 -0.705902 18.5
      vertex 17.5 -8.14999 18.5
      vertex 7.4081 -0.57576 18.5
    endloop
  endfacet
  facet normal 0 0 1
    outer loop
      vertex 16.9 8.75 18.5
      vertex 17.3989 8.48334 18.5
      vertex 17.3638 8.53062 18.5
    endloop
  endfacet
  facet normal -0 0 1
    outer loop
      vertex 7.34154 -0.827072 18.5
      vertex 17.5 -8.14999 18.5
      vertex 7.37814 -0.705902 18.5
    endloop
  endfacet
  facet normal 0 0 1
    outer loop
      vertex 16.9 8.75 18.5
      vertex 17.3638 8.53062 18.5
      vertex 17.3243 8.57426 18.5
    endloop
  endfacet
  facet normal -0 0 1
    outer loop
      vertex 7.29828 -0.939285 18.5
      vertex 17.5 -8.14999 18.5
      vertex 7.34154 -0.827072 18.5
    endloop
  endfacet
  facet normal 0 0 1
    outer loop
      vertex 16.9 8.75 18.5
      vertex 17.3243 8.57426 18.5
      vertex 17.2806 8.6138 18.5
    endloop
  endfacet
  facet normal -0 0 1
    outer loop
      vertex 7.24837 -1.04251 18.5
      vertex 17.5 -8.14999 18.5
      vertex 7.29828 -0.939285 18.5
    endloop
  endfacet
  facet normal 0 0 1
    outer loop
      vertex 16.9 8.75 18.5
      vertex 17.2806 8.6138 18.5
      vertex 17.2333 8.64888 18.5
    endloop
  endfacet
  facet normal 0 0 1
    outer loop
      vertex 17.5 -8.14999 18.5
      vertex 16.9 -8.75 18.5
      vertex 17.4971 -8.2088 18.5
    endloop
  endfacet
  facet normal 0 0 1
    outer loop
      vertex 16.9 8.75 18.5
      vertex 17.2333 8.64888 18.5
      vertex 17.1828 8.67915 18.5
    endloop
  endfacet
  facet normal 0 0 1
    outer loop
      vertex 17.4971 -8.2088 18.5
      vertex 16.9 -8.75 18.5
      vertex 17.4885 -8.26704 18.5
    endloop
  endfacet
  facet normal 0 0 1
    outer loop
      vertex 16.9 8.75 18.5
      vertex 17.1828 8.67915 18.5
      vertex 17.1296 8.70432 18.5
    endloop
  endfacet
  facet normal 0 0 1
    outer loop
      vertex 17.4742 -8.32416 18.5
      vertex 16.9 -8.75 18.5
      vertex 17.4543 -8.37961 18.5
    endloop
  endfacet
  facet normal 0 0 1
    outer loop
      vertex 16.9 8.75 18.5
      vertex 17.1296 8.70432 18.5
      vertex 17.0742 8.72415 18.5
    endloop
  endfacet
  facet normal 0 0 1
    outer loop
      vertex 17.4292 -8.43283 18.5
      vertex 16.9 -8.75 18.5
      vertex 17.3989 -8.48334 18.5
    endloop
  endfacet
  facet normal 0 0 1
    outer loop
      vertex 16.9 8.75 18.5
      vertex 17.0742 8.72415 18.5
      vertex 17.017 8.73846 18.5
    endloop
  endfacet
  facet normal 0 0 1
    outer loop
      vertex 17.3638 -8.53062 18.5
      vertex 16.9 -8.75 18.5
      vertex 17.3243 -8.57426 18.5
    endloop
  endfacet
  facet normal 0 0 1
    outer loop
      vertex 16.9 8.75 18.5
      vertex 17.017 8.73846 18.5
      vertex 16.9588 8.7471 18.5
    endloop
  endfacet
  facet normal 0 0 1
    outer loop
      vertex 7.24837 1.11357 18.5
      vertex 17.5 8.14999 18.5
      vertex 16.9 8.75 18.5
    endloop
  endfacet
  facet normal 0 0 1
    outer loop
      vertex 17.2333 -8.64888 18.5
      vertex 16.9 -8.75 18.5
      vertex 17.1828 -8.67915 18.5
    endloop
  endfacet
  facet normal 0 0 1
    outer loop
      vertex 17.017 -8.73846 18.5
      vertex 16.9 -8.75 18.5
      vertex 16.9588 -8.7471 18.5
    endloop
  endfacet
  facet normal 0 0 1
    outer loop
      vertex 17.0742 -8.72415 18.5
      vertex 16.9 -8.75 18.5
      vertex 17.017 -8.73846 18.5
    endloop
  endfacet
  facet normal 0 0 1
    outer loop
      vertex 17.5 8.14999 18.5
      vertex 7.45802 0.200974 18.5
      vertex 7.46135 0.0345154 18.5
    endloop
  endfacet
  facet normal 0 0 1
    outer loop
      vertex 17.5 8.14999 18.5
      vertex 7.44803 0.358414 18.5
      vertex 7.45802 0.200974 18.5
    endloop
  endfacet
  facet normal 0 0 1
    outer loop
      vertex 17.5 8.14999 18.5
      vertex 7.4314 0.506821 18.5
      vertex 7.44803 0.358414 18.5
    endloop
  endfacet
  facet normal 0 0 1
    outer loop
      vertex 17.5 8.14999 18.5
      vertex 7.4081 0.64621 18.5
      vertex 7.4314 0.506821 18.5
    endloop
  endfacet
  facet normal 0 0 1
    outer loop
      vertex 17.5 8.14999 18.5
      vertex 7.37814 0.776581 18.5
      vertex 7.4081 0.64621 18.5
    endloop
  endfacet
  facet normal 0 0 1
    outer loop
      vertex 17.5 8.14999 18.5
      vertex 7.34154 0.897934 18.5
      vertex 7.37814 0.776581 18.5
    endloop
  endfacet
  facet normal 0 0 1
    outer loop
      vertex 17.5 8.14999 18.5
      vertex 7.29828 1.01027 18.5
      vertex 7.34154 0.897934 18.5
    endloop
  endfacet
  facet normal 0 0 1
    outer loop
      vertex 17.5 8.14999 18.5
      vertex 7.24837 1.11357 18.5
      vertex 7.29828 1.01027 18.5
    endloop
  endfacet
  facet normal 0 0 1
    outer loop
      vertex 16.9 8.75 18.5
      vertex 7.19179 1.20786 18.5
      vertex 7.24837 1.11357 18.5
    endloop
  endfacet
  facet normal 0 0 1
    outer loop
      vertex 16.9 8.75 18.5
      vertex 7.12892 1.29265 18.5
      vertex 7.19179 1.20786 18.5
    endloop
  endfacet
  facet normal 0 0 1
    outer loop
      vertex 16.9 8.75 18.5
      vertex 7.06009 1.36746 18.5
      vertex 7.12892 1.29265 18.5
    endloop
  endfacet
  facet normal 0 0 1
    outer loop
      vertex 16.9 8.75 18.5
      vertex 6.98531 1.4323 18.5
      vertex 7.06009 1.36746 18.5
    endloop
  endfacet
  facet normal 0 0 1
    outer loop
      vertex 16.9 8.75 18.5
      vertex 6.90457 1.48717 18.5
      vertex 6.98531 1.4323 18.5
    endloop
  endfacet
  facet normal 0 0 1
    outer loop
      vertex 16.9 8.75 18.5
      vertex 6.81789 1.53206 18.5
      vertex 6.90457 1.48717 18.5
    endloop
  endfacet
  facet normal 0 0 1
    outer loop
      vertex 16.9 8.75 18.5
      vertex 6.72525 1.56697 18.5
      vertex 6.81789 1.53206 18.5
    endloop
  endfacet
  facet normal 0 0 1
    outer loop
      vertex 16.9 8.75 18.5
      vertex 6.62665 1.5919 18.5
      vertex 6.72525 1.56697 18.5
    endloop
  endfacet
  facet normal 0 0 1
    outer loop
      vertex 16.9 8.75 18.5
      vertex 6.52211 1.60687 18.5
      vertex 6.62665 1.5919 18.5
    endloop
  endfacet
  facet normal 0 0 1
    outer loop
      vertex 16.9 8.75 18.5
      vertex 6.41162 1.61186 18.5
      vertex 6.52211 1.60687 18.5
    endloop
  endfacet
  facet normal 0 0 1
    outer loop
      vertex 16.9 8.75 18.5
      vertex 6.30112 1.60687 18.5
      vertex 6.41162 1.61186 18.5
    endloop
  endfacet
  facet normal 0 0 1
    outer loop
      vertex 4.7932 1.55618 18.5
      vertex 6.30112 1.60687 18.5
      vertex 16.9 8.75 18.5
    endloop
  endfacet
  facet normal 0 0 1
    outer loop
      vertex 6.30112 1.60687 18.5
      vertex 4.7932 1.55618 18.5
      vertex 6.19658 1.5919 18.5
    endloop
  endfacet
  facet normal 0 0 1
    outer loop
      vertex 6.19658 1.5919 18.5
      vertex 4.7932 1.55618 18.5
      vertex 6.09798 1.56697 18.5
    endloop
  endfacet
  facet normal 0 0 1
    outer loop
      vertex 6.09798 1.56697 18.5
      vertex 4.7932 1.55618 18.5
      vertex 6.00534 1.53206 18.5
    endloop
  endfacet
  facet normal 0 0 1
    outer loop
      vertex 5.3752 0.358414 18.5
      vertex 4.7932 1.38123 18.5
      vertex 5.3652 0.200974 18.5
    endloop
  endfacet
  facet normal 0 0 1
    outer loop
      vertex 5.39183 0.506821 18.5
      vertex 4.7932 1.38123 18.5
      vertex 5.3752 0.358414 18.5
    endloop
  endfacet
  facet normal 0 0 1
    outer loop
      vertex 5.41513 0.64621 18.5
      vertex 4.7932 1.38123 18.5
      vertex 5.39183 0.506821 18.5
    endloop
  endfacet
  facet normal 0 0 1
    outer loop
      vertex 5.44508 0.776581 18.5
      vertex 4.7932 1.38123 18.5
      vertex 5.41513 0.64621 18.5
    endloop
  endfacet
  facet normal 0 0 1
    outer loop
      vertex 5.48169 0.897934 18.5
      vertex 4.7932 1.38123 18.5
      vertex 5.44508 0.776581 18.5
    endloop
  endfacet
  facet normal 0 0 1
    outer loop
      vertex 5.52495 1.01027 18.5
      vertex 4.7932 1.38123 18.5
      vertex 5.48169 0.897934 18.5
    endloop
  endfacet
  facet normal 0 0 1
    outer loop
      vertex 5.57486 1.11357 18.5
      vertex 4.7932 1.38123 18.5
      vertex 5.52495 1.01027 18.5
    endloop
  endfacet
  facet normal 0 0 1
    outer loop
      vertex 5.63144 1.20786 18.5
      vertex 4.7932 1.38123 18.5
      vertex 5.57486 1.11357 18.5
    endloop
  endfacet
  facet normal -0 0 1
    outer loop
      vertex 4.7932 1.38123 18.5
      vertex 5.63144 1.20786 18.5
      vertex 4.7932 1.55618 18.5
    endloop
  endfacet
  facet normal 0 0 1
    outer loop
      vertex 5.69431 1.29265 18.5
      vertex 4.7932 1.55618 18.5
      vertex 5.63144 1.20786 18.5
    endloop
  endfacet
  facet normal 0 0 1
    outer loop
      vertex 5.76314 1.36746 18.5
      vertex 4.7932 1.55618 18.5
      vertex 5.69431 1.29265 18.5
    endloop
  endfacet
  facet normal 0 0 1
    outer loop
      vertex 5.83792 1.4323 18.5
      vertex 4.7932 1.55618 18.5
      vertex 5.76314 1.36746 18.5
    endloop
  endfacet
  facet normal 0 0 1
    outer loop
      vertex 5.91866 1.48717 18.5
      vertex 4.7932 1.55618 18.5
      vertex 5.83792 1.4323 18.5
    endloop
  endfacet
  facet normal 0 0 1
    outer loop
      vertex 6.00534 1.53206 18.5
      vertex 4.7932 1.55618 18.5
      vertex 5.91866 1.48717 18.5
    endloop
  endfacet
  facet normal 0 0 1
    outer loop
      vertex 16.9 8.75 18.5
      vertex 2.84021 1.55618 18.5
      vertex 4.7932 1.55618 18.5
    endloop
  endfacet
  facet normal 0 0 1
    outer loop
      vertex 2.37701 0.797775 18.5
      vertex 2.84021 1.21059 18.5
      vertex 2.84021 1.55618 18.5
    endloop
  endfacet
  facet normal 0 0 1
    outer loop
      vertex 2.84021 1.21059 18.5
      vertex 2.37701 0.797775 18.5
      vertex 2.41974 -1.48125 18.5
    endloop
  endfacet
  facet normal 0 0 1
    outer loop
      vertex 2.84021 1.55618 18.5
      vertex 1.93556 0.797775 18.5
      vertex 2.37701 0.797775 18.5
    endloop
  endfacet
  facet normal 0 0 1
    outer loop
      vertex 1.93556 0.797775 18.5
      vertex 0.727142 0.797775 18.5
      vertex 1.33138 -0.0141296 18.5
    endloop
  endfacet
  facet normal 0 0 1
    outer loop
      vertex 2.84021 1.55618 18.5
      vertex 0.727142 0.797775 18.5
      vertex 1.93556 0.797775 18.5
    endloop
  endfacet
  facet normal -0 0 1
    outer loop
      vertex -1.06354 1.60687 18.5
      vertex 2.84021 1.55618 18.5
      vertex 16.9 8.75 18.5
    endloop
  endfacet
  facet normal 0 -0 1
    outer loop
      vertex -0.600342 1.4323 18.5
      vertex 2.84021 1.55618 18.5
      vertex -0.681076 1.48717 18.5
    endloop
  endfacet
  facet normal -0 0 1
    outer loop
      vertex -0.12764 -0.131485 18.5
      vertex 1.09535 -0.288803 18.5
      vertex -0.124298 0.0345154 18.5
    endloop
  endfacet
  facet normal 0 0 1
    outer loop
      vertex 1.09535 -0.288803 18.5
      vertex -0.12764 0.200974 18.5
      vertex -0.124298 0.0345154 18.5
    endloop
  endfacet
  facet normal 0 0 1
    outer loop
      vertex 0.28569 0.797775 18.5
      vertex -0.137619 0.358414 18.5
      vertex -0.12764 0.200974 18.5
    endloop
  endfacet
  facet normal 0 0 1
    outer loop
      vertex 0.28569 0.797775 18.5
      vertex -0.154251 0.506821 18.5
      vertex -0.137619 0.358414 18.5
    endloop
  endfacet
  facet normal 0 0 1
    outer loop
      vertex 0.28569 0.797775 18.5
      vertex -0.177551 0.64621 18.5
      vertex -0.154251 0.506821 18.5
    endloop
  endfacet
  facet normal 0 0 1
    outer loop
      vertex 2.84021 1.55618 18.5
      vertex -0.525558 1.36746 18.5
      vertex 0.727142 0.797775 18.5
    endloop
  endfacet
  facet normal 0 0 1
    outer loop
      vertex 0.28569 0.797775 18.5
      vertex -0.207504 0.776581 18.5
      vertex -0.177551 0.64621 18.5
    endloop
  endfacet
  facet normal 0 0 1
    outer loop
      vertex 0.28569 0.797775 18.5
      vertex -0.24411 0.897934 18.5
      vertex -0.207504 0.776581 18.5
    endloop
  endfacet
  facet normal 0 0 1
    outer loop
      vertex 0.28569 0.797775 18.5
      vertex -0.287369 1.01027 18.5
      vertex -0.24411 0.897934 18.5
    endloop
  endfacet
  facet normal 0 0 1
    outer loop
      vertex 0.28569 0.797775 18.5
      vertex -0.33728 1.11357 18.5
      vertex -0.287369 1.01027 18.5
    endloop
  endfacet
  facet normal 0 0 1
    outer loop
      vertex 0.28569 0.797775 18.5
      vertex -0.39386 1.20786 18.5
      vertex -0.33728 1.11357 18.5
    endloop
  endfacet
  facet normal 0 0 1
    outer loop
      vertex 0.28569 0.797775 18.5
      vertex -0.456726 1.29265 18.5
      vertex -0.39386 1.20786 18.5
    endloop
  endfacet
  facet normal 0 0 1
    outer loop
      vertex 0.727142 0.797775 18.5
      vertex -0.456726 1.29265 18.5
      vertex 0.28569 0.797775 18.5
    endloop
  endfacet
  facet normal -0 -0 1
    outer loop
      vertex -0.456726 1.29265 18.5
      vertex 0.727142 0.797775 18.5
      vertex -0.525558 1.36746 18.5
    endloop
  endfacet
  facet normal 0 -0 1
    outer loop
      vertex -0.525558 1.36746 18.5
      vertex 2.84021 1.55618 18.5
      vertex -0.600342 1.4323 18.5
    endloop
  endfacet
  facet normal 0 0 1
    outer loop
      vertex 2.84021 1.55618 18.5
      vertex -0.767761 1.53206 18.5
      vertex -0.681076 1.48717 18.5
    endloop
  endfacet
  facet normal 0 0 1
    outer loop
      vertex 2.84021 1.55618 18.5
      vertex -0.860397 1.56697 18.5
      vertex -0.767761 1.53206 18.5
    endloop
  endfacet
  facet normal 0 0 1
    outer loop
      vertex 2.84021 1.55618 18.5
      vertex -0.959 1.5919 18.5
      vertex -0.860397 1.56697 18.5
    endloop
  endfacet
  facet normal 0 0 1
    outer loop
      vertex 2.84021 1.55618 18.5
      vertex -1.06354 1.60687 18.5
      vertex -0.959 1.5919 18.5
    endloop
  endfacet
  facet normal 0 0 1
    outer loop
      vertex 16.9 8.75 18.5
      vertex -1.17404 1.61186 18.5
      vertex -1.06354 1.60687 18.5
    endloop
  endfacet
  facet normal -0 0 1
    outer loop
      vertex -16.9 8.75 18.5
      vertex -1.17404 1.61186 18.5
      vertex 16.9 8.75 18.5
    endloop
  endfacet
  facet normal 0 0 1
    outer loop
      vertex -1.17404 1.61186 18.5
      vertex -16.9 8.75 18.5
      vertex -1.28453 1.60687 18.5
    endloop
  endfacet
  facet normal 0 -0 1
    outer loop
      vertex -3.10373 1.55618 18.5
      vertex -1.28453 1.60687 18.5
      vertex -16.9 8.75 18.5
    endloop
  endfacet
  facet normal 0 0 1
    outer loop
      vertex -1.28453 1.60687 18.5
      vertex -3.10373 1.55618 18.5
      vertex -1.38908 1.5919 18.5
    endloop
  endfacet
  facet normal 0 0 1
    outer loop
      vertex -2.22044 0.200974 18.5
      vertex -2.67041 -0.423325 18.5
      vertex -2.22377 0.0345154 18.5
    endloop
  endfacet
  facet normal 0 0 1
    outer loop
      vertex -3.10373 -0.423325 18.5
      vertex -2.22044 0.200974 18.5
      vertex -2.21045 0.358414 18.5
    endloop
  endfacet
  facet normal 0 0 1
    outer loop
      vertex -3.10373 -0.423325 18.5
      vertex -2.21045 0.358414 18.5
      vertex -2.19382 0.506821 18.5
    endloop
  endfacet
  facet normal 0 0 1
    outer loop
      vertex -3.10373 1.55618 18.5
      vertex -2.19382 0.506821 18.5
      vertex -2.17052 0.64621 18.5
    endloop
  endfacet
  facet normal 0 0 1
    outer loop
      vertex -3.10373 1.55618 18.5
      vertex -2.17052 0.64621 18.5
      vertex -2.14056 0.776581 18.5
    endloop
  endfacet
  facet normal 0 0 1
    outer loop
      vertex -3.10373 1.55618 18.5
      vertex -2.14056 0.776581 18.5
      vertex -2.10396 0.897934 18.5
    endloop
  endfacet
  facet normal 0 0 1
    outer loop
      vertex -3.10373 1.55618 18.5
      vertex -2.10396 0.897934 18.5
      vertex -2.0607 1.01027 18.5
    endloop
  endfacet
  facet normal 0 0 1
    outer loop
      vertex -2.19382 0.506821 18.5
      vertex -3.10373 1.55618 18.5
      vertex -3.10373 -0.423325 18.5
    endloop
  endfacet
  facet normal 0 0 1
    outer loop
      vertex -2.01079 1.11357 18.5
      vertex -3.10373 1.55618 18.5
      vertex -2.0607 1.01027 18.5
    endloop
  endfacet
  facet normal 0 0 1
    outer loop
      vertex -1.95421 1.20786 18.5
      vertex -3.10373 1.55618 18.5
      vertex -2.01079 1.11357 18.5
    endloop
  endfacet
  facet normal 0 0 1
    outer loop
      vertex -1.89134 1.29265 18.5
      vertex -3.10373 1.55618 18.5
      vertex -1.95421 1.20786 18.5
    endloop
  endfacet
  facet normal 0 0 1
    outer loop
      vertex -1.82251 1.36746 18.5
      vertex -3.10373 1.55618 18.5
      vertex -1.89134 1.29265 18.5
    endloop
  endfacet
  facet normal 0 0 1
    outer loop
      vertex -1.74773 1.4323 18.5
      vertex -3.10373 1.55618 18.5
      vertex -1.82251 1.36746 18.5
    endloop
  endfacet
  facet normal 0 0 1
    outer loop
      vertex -1.66699 1.48717 18.5
      vertex -3.10373 1.55618 18.5
      vertex -1.74773 1.4323 18.5
    endloop
  endfacet
  facet normal 0 0 1
    outer loop
      vertex -1.58031 1.53206 18.5
      vertex -3.10373 1.55618 18.5
      vertex -1.66699 1.48717 18.5
    endloop
  endfacet
  facet normal 0 0 1
    outer loop
      vertex -1.38908 1.5919 18.5
      vertex -3.10373 1.55618 18.5
      vertex -1.48767 1.56697 18.5
    endloop
  endfacet
  facet normal 0 0 1
    outer loop
      vertex -1.48767 1.56697 18.5
      vertex -3.10373 1.55618 18.5
      vertex -1.58031 1.53206 18.5
    endloop
  endfacet
  facet normal 0 0 1
    outer loop
      vertex -4.8838 -0.368362 18.5
      vertex -5.40976 -1.13564 18.5
      vertex -4.8838 -0.765076 18.5
    endloop
  endfacet
  facet normal -0 0 1
    outer loop
      vertex -6.0811 1.55618 18.5
      vertex -4.8838 -0.368362 18.5
      vertex -3.62044 1.55618 18.5
    endloop
  endfacet
  facet normal 0 0 1
    outer loop
      vertex -6.0811 -1.13564 18.5
      vertex -4.8838 -0.368362 18.5
      vertex -6.0811 1.55618 18.5
    endloop
  endfacet
  facet normal 0 0 1
    outer loop
      vertex -3.10373 1.55618 18.5
      vertex -16.9 8.75 18.5
      vertex -3.62044 1.55618 18.5
    endloop
  endfacet
  facet normal 0 0 1
    outer loop
      vertex -3.62044 1.55618 18.5
      vertex -16.9 8.75 18.5
      vertex -6.0811 1.55618 18.5
    endloop
  endfacet
  facet normal 0 0 1
    outer loop
      vertex -6.0811 1.55618 18.5
      vertex -16.9 8.75 18.5
      vertex -6.49203 1.55618 18.5
    endloop
  endfacet
  facet normal -0 0 1
    outer loop
      vertex -17.5 8.14999 18.5
      vertex -7.21831 1.41026 18.5
      vertex -16.9 8.75 18.5
    endloop
  endfacet
  facet normal 0 0 1
    outer loop
      vertex -6.49203 1.55618 18.5
      vertex -16.9 8.75 18.5
      vertex -7.21831 1.41026 18.5
    endloop
  endfacet
  facet normal 0 0 1
    outer loop
      vertex 17.1296 -8.70432 18.5
      vertex 16.9 -8.75 18.5
      vertex 17.0742 -8.72415 18.5
    endloop
  endfacet
  facet normal 0 0 1
    outer loop
      vertex 17.1828 -8.67915 18.5
      vertex 16.9 -8.75 18.5
      vertex 17.1296 -8.70432 18.5
    endloop
  endfacet
  facet normal 0 0 1
    outer loop
      vertex 17.2806 -8.6138 18.5
      vertex 16.9 -8.75 18.5
      vertex 17.2333 -8.64888 18.5
    endloop
  endfacet
  facet normal 0 0 1
    outer loop
      vertex 17.3243 -8.57426 18.5
      vertex 16.9 -8.75 18.5
      vertex 17.2806 -8.6138 18.5
    endloop
  endfacet
  facet normal 0 0 1
    outer loop
      vertex 17.3989 -8.48334 18.5
      vertex 16.9 -8.75 18.5
      vertex 17.3638 -8.53062 18.5
    endloop
  endfacet
  facet normal 0 0 1
    outer loop
      vertex 17.4543 -8.37961 18.5
      vertex 16.9 -8.75 18.5
      vertex 17.4292 -8.43283 18.5
    endloop
  endfacet
  facet normal 0 0 1
    outer loop
      vertex 17.4885 -8.26704 18.5
      vertex 16.9 -8.75 18.5
      vertex 17.4742 -8.32416 18.5
    endloop
  endfacet
  facet normal 0 0 1
    outer loop
      vertex 17.5 -8.14999 18.5
      vertex 7.24837 -1.04251 18.5
      vertex 16.9 -8.75 18.5
    endloop
  endfacet
  facet normal -0 0 1
    outer loop
      vertex 7.19179 -1.13678 18.5
      vertex 16.9 -8.75 18.5
      vertex 7.24837 -1.04251 18.5
    endloop
  endfacet
  facet normal -0 0 1
    outer loop
      vertex 7.12892 -1.22157 18.5
      vertex 16.9 -8.75 18.5
      vertex 7.19179 -1.13678 18.5
    endloop
  endfacet
  facet normal -0 0 1
    outer loop
      vertex 7.06009 -1.29639 18.5
      vertex 16.9 -8.75 18.5
      vertex 7.12892 -1.22157 18.5
    endloop
  endfacet
  facet normal -0 0 1
    outer loop
      vertex 6.98531 -1.36122 18.5
      vertex 16.9 -8.75 18.5
      vertex 7.06009 -1.29639 18.5
    endloop
  endfacet
  facet normal -0 0 1
    outer loop
      vertex 6.90457 -1.41608 18.5
      vertex 16.9 -8.75 18.5
      vertex 6.98531 -1.36122 18.5
    endloop
  endfacet
  facet normal -0 0 1
    outer loop
      vertex 6.81789 -1.46097 18.5
      vertex 16.9 -8.75 18.5
      vertex 6.90457 -1.41608 18.5
    endloop
  endfacet
  facet normal -0 0 1
    outer loop
      vertex 6.72525 -1.49588 18.5
      vertex 16.9 -8.75 18.5
      vertex 6.81789 -1.46097 18.5
    endloop
  endfacet
  facet normal -0 0 1
    outer loop
      vertex 6.62665 -1.52081 18.5
      vertex 16.9 -8.75 18.5
      vertex 6.72525 -1.49588 18.5
    endloop
  endfacet
  facet normal -0 0 1
    outer loop
      vertex 6.52211 -1.53578 18.5
      vertex 16.9 -8.75 18.5
      vertex 6.62665 -1.52081 18.5
    endloop
  endfacet
  facet normal -0 0 1
    outer loop
      vertex 6.41162 -1.54076 18.5
      vertex 16.9 -8.75 18.5
      vertex 6.52211 -1.53578 18.5
    endloop
  endfacet
  facet normal 0 0 1
    outer loop
      vertex 6.30112 -1.53578 18.5
      vertex 16.9 -8.75 18.5
      vertex 6.41162 -1.54076 18.5
    endloop
  endfacet
  facet normal 0 0 1
    outer loop
      vertex 3.69055 -1.48125 18.5
      vertex 6.30112 -1.53578 18.5
      vertex 6.19658 -1.52081 18.5
    endloop
  endfacet
  facet normal 0 0 1
    outer loop
      vertex 3.69055 -1.48125 18.5
      vertex 6.19658 -1.52081 18.5
      vertex 6.09798 -1.49588 18.5
    endloop
  endfacet
  facet normal -0 0 1
    outer loop
      vertex 3.69055 -1.48125 18.5
      vertex 6.09798 -1.49588 18.5
      vertex 6.00534 -1.46097 18.5
    endloop
  endfacet
  facet normal 0 0 1
    outer loop
      vertex 3.69055 -1.48125 18.5
      vertex 6.00534 -1.46097 18.5
      vertex 5.91866 -1.41608 18.5
    endloop
  endfacet
  facet normal 0 0 1
    outer loop
      vertex 5.3652 0.200974 18.5
      vertex 4.7932 1.38123 18.5
      vertex 5.36188 0.0345154 18.5
    endloop
  endfacet
  facet normal 0 0 1
    outer loop
      vertex 3.69055 -1.48125 18.5
      vertex 5.36188 0.0345154 18.5
      vertex 4.7932 1.38123 18.5
    endloop
  endfacet
  facet normal 0 0 1
    outer loop
      vertex 5.36188 0.0345154 18.5
      vertex 3.69055 -1.48125 18.5
      vertex 5.3652 -0.131485 18.5
    endloop
  endfacet
  facet normal 0 0 1
    outer loop
      vertex 5.3652 -0.131485 18.5
      vertex 3.69055 -1.48125 18.5
      vertex 5.3752 -0.288544 18.5
    endloop
  endfacet
  facet normal 0 0 1
    outer loop
      vertex 5.3752 -0.288544 18.5
      vertex 3.69055 -1.48125 18.5
      vertex 5.39183 -0.43663 18.5
    endloop
  endfacet
  facet normal 0 0 1
    outer loop
      vertex 5.39183 -0.43663 18.5
      vertex 3.69055 -1.48125 18.5
      vertex 5.41513 -0.57576 18.5
    endloop
  endfacet
  facet normal 0 0 1
    outer loop
      vertex 5.41513 -0.57576 18.5
      vertex 3.69055 -1.48125 18.5
      vertex 5.44508 -0.705902 18.5
    endloop
  endfacet
  facet normal 0 0 1
    outer loop
      vertex 5.44508 -0.705902 18.5
      vertex 3.69055 -1.48125 18.5
      vertex 5.48169 -0.827072 18.5
    endloop
  endfacet
  facet normal 0 0 1
    outer loop
      vertex 3.69055 -1.48125 18.5
      vertex 5.52495 -0.939285 18.5
      vertex 5.48169 -0.827072 18.5
    endloop
  endfacet
  facet normal 0 0 1
    outer loop
      vertex 3.69055 -1.48125 18.5
      vertex 5.57486 -1.04251 18.5
      vertex 5.52495 -0.939285 18.5
    endloop
  endfacet
  facet normal 0 0 1
    outer loop
      vertex 3.69055 -1.48125 18.5
      vertex 5.63144 -1.13678 18.5
      vertex 5.57486 -1.04251 18.5
    endloop
  endfacet
  facet normal 0 0 1
    outer loop
      vertex 3.69055 -1.48125 18.5
      vertex 5.69431 -1.22157 18.5
      vertex 5.63144 -1.13678 18.5
    endloop
  endfacet
  facet normal 0 0 1
    outer loop
      vertex 3.69055 -1.48125 18.5
      vertex 5.76314 -1.29639 18.5
      vertex 5.69431 -1.22157 18.5
    endloop
  endfacet
  facet normal 0 0 1
    outer loop
      vertex 3.69055 -1.48125 18.5
      vertex 5.83792 -1.36122 18.5
      vertex 5.76314 -1.29639 18.5
    endloop
  endfacet
  facet normal 0 0 1
    outer loop
      vertex 3.69055 -1.48125 18.5
      vertex 5.91866 -1.41608 18.5
      vertex 5.83792 -1.36122 18.5
    endloop
  endfacet
  facet normal 0 0 1
    outer loop
      vertex 6.30112 -1.53578 18.5
      vertex 3.69055 -1.48125 18.5
      vertex 16.9 -8.75 18.5
    endloop
  endfacet
  facet normal -0 0 1
    outer loop
      vertex 3.26132 -1.48125 18.5
      vertex 16.9 -8.75 18.5
      vertex 3.69055 -1.48125 18.5
    endloop
  endfacet
  facet normal 0 0 1
    outer loop
      vertex 2.41974 -1.48125 18.5
      vertex 3.26132 -1.48125 18.5
      vertex 2.84021 1.21059 18.5
    endloop
  endfacet
  facet normal -0 0 1
    outer loop
      vertex 2.41974 -1.48125 18.5
      vertex 16.9 -8.75 18.5
      vertex 3.26132 -1.48125 18.5
    endloop
  endfacet
  facet normal -0 0 1
    outer loop
      vertex 1.97829 -1.48125 18.5
      vertex 16.9 -8.75 18.5
      vertex 2.41974 -1.48125 18.5
    endloop
  endfacet
  facet normal 0 0 1
    outer loop
      vertex 0.651871 -1.48125 18.5
      vertex 1.97829 -1.48125 18.5
      vertex 1.31508 -0.585892 18.5
    endloop
  endfacet
  facet normal -0 0 1
    outer loop
      vertex 0.651871 -1.48125 18.5
      vertex 16.9 -8.75 18.5
      vertex 1.97829 -1.48125 18.5
    endloop
  endfacet
  facet normal -0 0 1
    outer loop
      vertex 0.210419 -1.48125 18.5
      vertex 16.9 -8.75 18.5
      vertex 0.651871 -1.48125 18.5
    endloop
  endfacet
  facet normal -0 0 1
    outer loop
      vertex -0.137619 -0.288544 18.5
      vertex 1.09535 -0.288803 18.5
      vertex -0.12764 -0.131485 18.5
    endloop
  endfacet
  facet normal 0 0 1
    outer loop
      vertex -0.154251 -0.43663 18.5
      vertex 1.09535 -0.288803 18.5
      vertex -0.137619 -0.288544 18.5
    endloop
  endfacet
  facet normal 0 0 1
    outer loop
      vertex -0.177551 -0.57576 18.5
      vertex 1.09535 -0.288803 18.5
      vertex -0.154251 -0.43663 18.5
    endloop
  endfacet
  facet normal 0 0 1
    outer loop
      vertex 1.09535 -0.288803 18.5
      vertex -0.177551 -0.57576 18.5
      vertex 0.210419 -1.48125 18.5
    endloop
  endfacet
  facet normal -0 0 1
    outer loop
      vertex -0.207504 -0.705902 18.5
      vertex 0.210419 -1.48125 18.5
      vertex -0.177551 -0.57576 18.5
    endloop
  endfacet
  facet normal -0 0 1
    outer loop
      vertex -0.24411 -0.827072 18.5
      vertex 0.210419 -1.48125 18.5
      vertex -0.207504 -0.705902 18.5
    endloop
  endfacet
  facet normal -0 0 1
    outer loop
      vertex -0.287369 -0.939285 18.5
      vertex 0.210419 -1.48125 18.5
      vertex -0.24411 -0.827072 18.5
    endloop
  endfacet
  facet normal -0 0 1
    outer loop
      vertex -0.33728 -1.04251 18.5
      vertex 0.210419 -1.48125 18.5
      vertex -0.287369 -0.939285 18.5
    endloop
  endfacet
  facet normal -0 0 1
    outer loop
      vertex -0.39386 -1.13678 18.5
      vertex 0.210419 -1.48125 18.5
      vertex -0.33728 -1.04251 18.5
    endloop
  endfacet
  facet normal -0 0 1
    outer loop
      vertex -0.456726 -1.22157 18.5
      vertex 0.210419 -1.48125 18.5
      vertex -0.39386 -1.13678 18.5
    endloop
  endfacet
  facet normal -0 0 1
    outer loop
      vertex -0.525558 -1.29639 18.5
      vertex 0.210419 -1.48125 18.5
      vertex -0.456726 -1.22157 18.5
    endloop
  endfacet
  facet normal -0 0 1
    outer loop
      vertex -0.600342 -1.36122 18.5
      vertex 0.210419 -1.48125 18.5
      vertex -0.525558 -1.29639 18.5
    endloop
  endfacet
  facet normal -0 0 1
    outer loop
      vertex -0.681076 -1.41608 18.5
      vertex 0.210419 -1.48125 18.5
      vertex -0.600342 -1.36122 18.5
    endloop
  endfacet
  facet normal -0 0 1
    outer loop
      vertex -0.767761 -1.46097 18.5
      vertex 0.210419 -1.48125 18.5
      vertex -0.681076 -1.41608 18.5
    endloop
  endfacet
  facet normal 0 0 1
    outer loop
      vertex -0.860397 -1.49588 18.5
      vertex 0.210419 -1.48125 18.5
      vertex -0.767761 -1.46097 18.5
    endloop
  endfacet
  facet normal 0 0 1
    outer loop
      vertex -0.959 -1.52081 18.5
      vertex 0.210419 -1.48125 18.5
      vertex -0.860397 -1.49588 18.5
    endloop
  endfacet
  facet normal 0 0 1
    outer loop
      vertex -1.06354 -1.53578 18.5
      vertex 0.210419 -1.48125 18.5
      vertex -0.959 -1.52081 18.5
    endloop
  endfacet
  facet normal 0 0 1
    outer loop
      vertex 0.210419 -1.48125 18.5
      vertex -1.06354 -1.53578 18.5
      vertex 16.9 -8.75 18.5
    endloop
  endfacet
  facet normal -0 0 1
    outer loop
      vertex -1.17404 -1.54076 18.5
      vertex 16.9 -8.75 18.5
      vertex -1.06354 -1.53578 18.5
    endloop
  endfacet
  facet normal 0 0 1
    outer loop
      vertex -16.9 -8.75 18.5
      vertex -1.17404 -1.54076 18.5
      vertex -1.28453 -1.53578 18.5
    endloop
  endfacet
  facet normal 0 0 1
    outer loop
      vertex -3.10373 -1.48125 18.5
      vertex -1.28453 -1.53578 18.5
      vertex -1.38908 -1.52081 18.5
    endloop
  endfacet
  facet normal 0 0 1
    outer loop
      vertex -3.10373 -1.48125 18.5
      vertex -1.38908 -1.52081 18.5
      vertex -1.48767 -1.49588 18.5
    endloop
  endfacet
  facet normal -0 0 1
    outer loop
      vertex -3.10373 -1.48125 18.5
      vertex -1.48767 -1.49588 18.5
      vertex -1.58031 -1.46097 18.5
    endloop
  endfacet
  facet normal 0 0 1
    outer loop
      vertex -2.67041 -0.423325 18.5
      vertex -2.22044 -0.131485 18.5
      vertex -2.22377 0.0345154 18.5
    endloop
  endfacet
  facet normal 0 0 1
    outer loop
      vertex -2.67041 -0.423325 18.5
      vertex -2.21045 -0.288544 18.5
      vertex -2.22044 -0.131485 18.5
    endloop
  endfacet
  facet normal -0 0 1
    outer loop
      vertex -2.67041 -0.423325 18.5
      vertex -2.19382 -0.43663 18.5
      vertex -2.21045 -0.288544 18.5
    endloop
  endfacet
  facet normal 0 0 1
    outer loop
      vertex -2.67041 -0.423325 18.5
      vertex -2.17052 -0.57576 18.5
      vertex -2.19382 -0.43663 18.5
    endloop
  endfacet
  facet normal 0 0 1
    outer loop
      vertex -2.67041 -0.765076 18.5
      vertex -2.17052 -0.57576 18.5
      vertex -2.67041 -0.423325 18.5
    endloop
  endfacet
  facet normal 0 0 1
    outer loop
      vertex -2.17052 -0.57576 18.5
      vertex -2.67041 -0.765076 18.5
      vertex -2.14056 -0.705902 18.5
    endloop
  endfacet
  facet normal 0 0 1
    outer loop
      vertex -2.14056 -0.705902 18.5
      vertex -2.67041 -0.765076 18.5
      vertex -2.10396 -0.827072 18.5
    endloop
  endfacet
  facet normal 0 0 1
    outer loop
      vertex -2.10396 -0.827072 18.5
      vertex -2.67041 -0.765076 18.5
      vertex -2.0607 -0.939285 18.5
    endloop
  endfacet
  facet normal 0 0 1
    outer loop
      vertex -2.0607 -0.939285 18.5
      vertex -2.67041 -0.765076 18.5
      vertex -2.01079 -1.04251 18.5
    endloop
  endfacet
  facet normal 0 0 1
    outer loop
      vertex -3.10373 -1.48125 18.5
      vertex -2.01079 -1.04251 18.5
      vertex -2.67041 -0.765076 18.5
    endloop
  endfacet
  facet normal 0 0 1
    outer loop
      vertex -2.01079 -1.04251 18.5
      vertex -3.10373 -1.48125 18.5
      vertex -1.95421 -1.13678 18.5
    endloop
  endfacet
  facet normal 0 0 1
    outer loop
      vertex -1.95421 -1.13678 18.5
      vertex -3.10373 -1.48125 18.5
      vertex -1.89134 -1.22157 18.5
    endloop
  endfacet
  facet normal 0 0 1
    outer loop
      vertex -1.89134 -1.22157 18.5
      vertex -3.10373 -1.48125 18.5
      vertex -1.82251 -1.29639 18.5
    endloop
  endfacet
  facet normal 0 0 1
    outer loop
      vertex -1.82251 -1.29639 18.5
      vertex -3.10373 -1.48125 18.5
      vertex -1.74773 -1.36122 18.5
    endloop
  endfacet
  facet normal 0 0 1
    outer loop
      vertex -3.10373 -1.48125 18.5
      vertex -2.67041 -0.765076 18.5
      vertex -3.10373 -0.765076 18.5
    endloop
  endfacet
  facet normal 0 0 1
    outer loop
      vertex -1.74773 -1.36122 18.5
      vertex -3.10373 -1.48125 18.5
      vertex -1.66699 -1.41608 18.5
    endloop
  endfacet
  facet normal 0 0 1
    outer loop
      vertex -1.66699 -1.41608 18.5
      vertex -3.10373 -1.48125 18.5
      vertex -1.58031 -1.46097 18.5
    endloop
  endfacet
  facet normal 0 0 1
    outer loop
      vertex -1.28453 -1.53578 18.5
      vertex -3.10373 -1.48125 18.5
      vertex -16.9 -8.75 18.5
    endloop
  endfacet
  facet normal 0 0 1
    outer loop
      vertex -16.9 -8.75 18.5
      vertex -3.10373 -1.48125 18.5
      vertex -3.51262 -1.48125 18.5
    endloop
  endfacet
  facet normal 0 0 1
    outer loop
      vertex -5.40976 -1.48125 18.5
      vertex -4.8838 -0.765076 18.5
      vertex -5.40976 -1.13564 18.5
    endloop
  endfacet
  facet normal 0 0 1
    outer loop
      vertex -4.8838 -0.765076 18.5
      vertex -5.40976 -1.48125 18.5
      vertex -3.51262 -1.48125 18.5
    endloop
  endfacet
  facet normal 0 0 1
    outer loop
      vertex -16.9 -8.75 18.5
      vertex -3.51262 -1.48125 18.5
      vertex -5.40976 -1.48125 18.5
    endloop
  endfacet
  facet normal 0 0 1
    outer loop
      vertex -16.9 -8.75 18.5
      vertex -5.40976 -1.48125 18.5
      vertex -7.15933 -1.48125 18.5
    endloop
  endfacet
  facet normal 0 0 1
    outer loop
      vertex -7.21831 1.41026 18.5
      vertex -17.5 8.14999 18.5
      vertex -7.21831 1.03586 18.5
    endloop
  endfacet
  facet normal 0 0 1
    outer loop
      vertex -1.17404 -1.54076 18.5
      vertex -16.9 -8.75 18.5
      vertex 16.9 -8.75 18.5
    endloop
  endfacet
  facet normal 0 0 1
    outer loop
      vertex -17.5 -8.14999 18.5
      vertex -7.21831 1.03586 18.5
      vertex -17.5 8.14999 18.5
    endloop
  endfacet
  facet normal 0 0 1
    outer loop
      vertex -17.5 8.14999 18.5
      vertex -16.9 8.75 18.5
      vertex -16.9588 8.7471 18.5
    endloop
  endfacet
  facet normal 0 0 1
    outer loop
      vertex -7.15933 -1.13564 18.5
      vertex -17.5 -8.14999 18.5
      vertex -7.15933 -1.48125 18.5
    endloop
  endfacet
  facet normal 0 0 1
    outer loop
      vertex -17.5 8.14999 18.5
      vertex -16.9588 8.7471 18.5
      vertex -17.017 8.73846 18.5
    endloop
  endfacet
  facet normal 0 0 1
    outer loop
      vertex -7.15933 -1.48125 18.5
      vertex -17.5 -8.14999 18.5
      vertex -16.9 -8.75 18.5
    endloop
  endfacet
  facet normal 0 0 1
    outer loop
      vertex -17.5 8.14999 18.5
      vertex -17.017 8.73846 18.5
      vertex -17.0742 8.72415 18.5
    endloop
  endfacet
  facet normal 0 0 1
    outer loop
      vertex -16.9 -8.75 18.5
      vertex -17.5 -8.14999 18.5
      vertex -16.9588 -8.7471 18.5
    endloop
  endfacet
  facet normal 0 0 1
    outer loop
      vertex -17.5 8.14999 18.5
      vertex -17.0742 8.72415 18.5
      vertex -17.1296 8.70432 18.5
    endloop
  endfacet
  facet normal 0 0 1
    outer loop
      vertex -16.9588 -8.7471 18.5
      vertex -17.5 -8.14999 18.5
      vertex -17.017 -8.73846 18.5
    endloop
  endfacet
  facet normal 0 0 1
    outer loop
      vertex -17.5 8.14999 18.5
      vertex -17.1296 8.70432 18.5
      vertex -17.1828 8.67915 18.5
    endloop
  endfacet
  facet normal 0 0 1
    outer loop
      vertex -17.017 -8.73846 18.5
      vertex -17.5 -8.14999 18.5
      vertex -17.0742 -8.72415 18.5
    endloop
  endfacet
  facet normal 0 0 1
    outer loop
      vertex -17.5 8.14999 18.5
      vertex -17.1828 8.67915 18.5
      vertex -17.2333 8.64888 18.5
    endloop
  endfacet
  facet normal 0 0 1
    outer loop
      vertex -17.0742 -8.72415 18.5
      vertex -17.5 -8.14999 18.5
      vertex -17.1296 -8.70432 18.5
    endloop
  endfacet
  facet normal 0 0 1
    outer loop
      vertex -17.5 8.14999 18.5
      vertex -17.2333 8.64888 18.5
      vertex -17.2806 8.6138 18.5
    endloop
  endfacet
  facet normal 0 0 1
    outer loop
      vertex -17.1296 -8.70432 18.5
      vertex -17.5 -8.14999 18.5
      vertex -17.1828 -8.67915 18.5
    endloop
  endfacet
  facet normal 0 0 1
    outer loop
      vertex -17.5 8.14999 18.5
      vertex -17.2806 8.6138 18.5
      vertex -17.3243 8.57426 18.5
    endloop
  endfacet
  facet normal 0 0 1
    outer loop
      vertex -17.1828 -8.67915 18.5
      vertex -17.5 -8.14999 18.5
      vertex -17.2333 -8.64888 18.5
    endloop
  endfacet
  facet normal 0 0 1
    outer loop
      vertex -17.5 8.14999 18.5
      vertex -17.3243 8.57426 18.5
      vertex -17.3638 8.53062 18.5
    endloop
  endfacet
  facet normal 0 0 1
    outer loop
      vertex -17.2333 -8.64888 18.5
      vertex -17.5 -8.14999 18.5
      vertex -17.2806 -8.6138 18.5
    endloop
  endfacet
  facet normal 0 0 1
    outer loop
      vertex -17.5 8.14999 18.5
      vertex -17.3638 8.53062 18.5
      vertex -17.3989 8.48334 18.5
    endloop
  endfacet
  facet normal 0 0 1
    outer loop
      vertex -17.2806 -8.6138 18.5
      vertex -17.5 -8.14999 18.5
      vertex -17.3243 -8.57426 18.5
    endloop
  endfacet
  facet normal 0 0 1
    outer loop
      vertex -17.5 8.14999 18.5
      vertex -17.3989 8.48334 18.5
      vertex -17.4292 8.43283 18.5
    endloop
  endfacet
  facet normal 0 0 1
    outer loop
      vertex -17.3243 -8.57426 18.5
      vertex -17.5 -8.14999 18.5
      vertex -17.3638 -8.53062 18.5
    endloop
  endfacet
  facet normal 0 0 1
    outer loop
      vertex -17.5 8.14999 18.5
      vertex -17.4292 8.43283 18.5
      vertex -17.4543 8.37961 18.5
    endloop
  endfacet
  facet normal 0 0 1
    outer loop
      vertex -17.3638 -8.53062 18.5
      vertex -17.5 -8.14999 18.5
      vertex -17.3989 -8.48334 18.5
    endloop
  endfacet
  facet normal 0 0 1
    outer loop
      vertex -17.5 8.14999 18.5
      vertex -17.4543 8.37961 18.5
      vertex -17.4742 8.32416 18.5
    endloop
  endfacet
  facet normal 0 0 1
    outer loop
      vertex -17.3989 -8.48334 18.5
      vertex -17.5 -8.14999 18.5
      vertex -17.4292 -8.43283 18.5
    endloop
  endfacet
  facet normal 0 0 1
    outer loop
      vertex -17.5 8.14999 18.5
      vertex -17.4742 8.32416 18.5
      vertex -17.4885 8.26704 18.5
    endloop
  endfacet
  facet normal 0 0 1
    outer loop
      vertex -17.4292 -8.43283 18.5
      vertex -17.5 -8.14999 18.5
      vertex -17.4543 -8.37961 18.5
    endloop
  endfacet
  facet normal 0 0 1
    outer loop
      vertex -17.5 8.14999 18.5
      vertex -17.4885 8.26704 18.5
      vertex -17.4971 8.2088 18.5
    endloop
  endfacet
  facet normal 0 0 1
    outer loop
      vertex -17.4543 -8.37961 18.5
      vertex -17.5 -8.14999 18.5
      vertex -17.4742 -8.32416 18.5
    endloop
  endfacet
  facet normal 0 0 1
    outer loop
      vertex -17.4742 -8.32416 18.5
      vertex -17.5 -8.14999 18.5
      vertex -17.4885 -8.26704 18.5
    endloop
  endfacet
  facet normal 0 0 1
    outer loop
      vertex -17.4885 -8.26704 18.5
      vertex -17.5 -8.14999 18.5
      vertex -17.4971 -8.2088 18.5
    endloop
  endfacet
  facet normal 0 0 1
    outer loop
      vertex 2.41974 -1.48125 18.5
      vertex 2.37701 0.797775 18.5
      vertex 1.5531 -0.311218 18.5
    endloop
  endfacet
  facet normal -0 0 1
    outer loop
      vertex -0.12764 0.200974 18.5
      vertex 1.09535 -0.288803 18.5
      vertex 0.28569 0.797775 18.5
    endloop
  endfacet
  facet normal 0 0 1
    outer loop
      vertex -2.22044 0.200974 18.5
      vertex -3.10373 -0.423325 18.5
      vertex -2.67041 -0.423325 18.5
    endloop
  endfacet
  facet normal 0 0 1
    outer loop
      vertex -4.8838 -0.368362 18.5
      vertex -6.0811 -1.13564 18.5
      vertex -5.40976 -1.13564 18.5
    endloop
  endfacet
  facet normal 0 0 1
    outer loop
      vertex -3.51262 1.19814 18.5
      vertex -4.55014 -0.423325 18.5
      vertex -3.51262 -0.423325 18.5
    endloop
  endfacet
  facet normal 0 0 1
    outer loop
      vertex -1.81079 0.0345154 18.5
      vertex -0.535248 0.0345154 18.5
      vertex -0.537216 0.169861 18.5
    endloop
  endfacet
  facet normal 0 0 1
    outer loop
      vertex -1.80881 0.169861 18.5
      vertex -0.537216 0.169861 18.5
      vertex -0.543137 0.29744 18.5
    endloop
  endfacet
  facet normal 0 0 1
    outer loop
      vertex -0.535248 0.0345154 18.5
      vertex -1.81079 0.0345154 18.5
      vertex -0.537216 -0.100372 18.5
    endloop
  endfacet
  facet normal 0 0 1
    outer loop
      vertex -1.8029 0.29744 18.5
      vertex -0.543137 0.29744 18.5
      vertex -0.552994 0.417267 18.5
    endloop
  endfacet
  facet normal 0 -0 1
    outer loop
      vertex -1.80881 -0.100372 18.5
      vertex -0.537216 -0.100372 18.5
      vertex -1.81079 0.0345154 18.5
    endloop
  endfacet
  facet normal 0 0 1
    outer loop
      vertex -1.79305 0.417267 18.5
      vertex -0.552994 0.417267 18.5
      vertex -0.566788 0.529327 18.5
    endloop
  endfacet
  facet normal 0 0 1
    outer loop
      vertex -0.537216 -0.100372 18.5
      vertex -1.80881 -0.100372 18.5
      vertex -0.543137 -0.227585 18.5
    endloop
  endfacet
  facet normal 0 0 1
    outer loop
      vertex -1.77924 0.529327 18.5
      vertex -0.566788 0.529327 18.5
      vertex -0.584534 0.633621 18.5
    endloop
  endfacet
  facet normal 0 -0 1
    outer loop
      vertex -1.8029 -0.227585 18.5
      vertex -0.543137 -0.227585 18.5
      vertex -1.80881 -0.100372 18.5
    endloop
  endfacet
  facet normal 0 0 1
    outer loop
      vertex -1.76151 0.633621 18.5
      vertex -0.584534 0.633621 18.5
      vertex -0.606216 0.730164 18.5
    endloop
  endfacet
  facet normal 0 0 1
    outer loop
      vertex -0.543137 -0.227585 18.5
      vertex -1.8029 -0.227585 18.5
      vertex -0.552994 -0.347076 18.5
    endloop
  endfacet
  facet normal 0 0 1
    outer loop
      vertex -1.73981 0.730164 18.5
      vertex -0.606216 0.730164 18.5
      vertex -0.631851 0.818939 18.5
    endloop
  endfacet
  facet normal 0 -0 1
    outer loop
      vertex -1.79305 -0.347076 18.5
      vertex -0.552994 -0.347076 18.5
      vertex -1.8029 -0.227585 18.5
    endloop
  endfacet
  facet normal 0 0 1
    outer loop
      vertex -1.71419 0.818939 18.5
      vertex -0.631851 0.818939 18.5
      vertex -0.661423 0.899963 18.5
    endloop
  endfacet
  facet normal 0 0 1
    outer loop
      vertex -0.552994 -0.347076 18.5
      vertex -1.79305 -0.347076 18.5
      vertex -0.566788 -0.458862 18.5
    endloop
  endfacet
  facet normal 0 0 1
    outer loop
      vertex -1.68462 0.899963 18.5
      vertex -0.661423 0.899963 18.5
      vertex -0.694931 0.973221 18.5
    endloop
  endfacet
  facet normal 0 -0 1
    outer loop
      vertex -1.77924 -0.458862 18.5
      vertex -0.566788 -0.458862 18.5
      vertex -1.79305 -0.347076 18.5
    endloop
  endfacet
  facet normal 0 0 1
    outer loop
      vertex -1.65109 0.973221 18.5
      vertex -0.694931 0.973221 18.5
      vertex -0.732391 1.03876 18.5
    endloop
  endfacet
  facet normal 0 0 1
    outer loop
      vertex -0.566788 -0.458862 18.5
      vertex -1.77924 -0.458862 18.5
      vertex -0.584534 -0.562927 18.5
    endloop
  endfacet
  facet normal 0 0 1
    outer loop
      vertex -1.61366 1.03876 18.5
      vertex -0.732391 1.03876 18.5
      vertex -0.773788 1.09657 18.5
    endloop
  endfacet
  facet normal 0 -0 1
    outer loop
      vertex -1.76151 -0.562927 18.5
      vertex -0.584534 -0.562927 18.5
      vertex -1.77924 -0.458862 18.5
    endloop
  endfacet
  facet normal 0 0 1
    outer loop
      vertex -1.10503 1.2816 18.5
      vertex -0.773788 1.09657 18.5
      vertex -0.819138 1.14668 18.5
    endloop
  endfacet
  facet normal 0 0 1
    outer loop
      vertex -0.584534 -0.562927 18.5
      vertex -1.76151 -0.562927 18.5
      vertex -0.606216 -0.659302 18.5
    endloop
  endfacet
  facet normal 0 0 1
    outer loop
      vertex -1.10503 1.2816 18.5
      vertex -0.819138 1.14668 18.5
      vertex -0.868439 1.18909 18.5
    endloop
  endfacet
  facet normal 0 -0 1
    outer loop
      vertex -1.73981 -0.659302 18.5
      vertex -0.606216 -0.659302 18.5
      vertex -1.76151 -0.562927 18.5
    endloop
  endfacet
  facet normal 0 0 1
    outer loop
      vertex -1.10503 1.2816 18.5
      vertex -0.868439 1.18909 18.5
      vertex -0.921661 1.22379 18.5
    endloop
  endfacet
  facet normal 0 0 1
    outer loop
      vertex -0.606216 -0.659302 18.5
      vertex -1.73981 -0.659302 18.5
      vertex -0.631851 -0.747955 18.5
    endloop
  endfacet
  facet normal 0 0 1
    outer loop
      vertex -1.03996 1.27005 18.5
      vertex -0.921661 1.22379 18.5
      vertex -0.978836 1.25076 18.5
    endloop
  endfacet
  facet normal 0 -0 1
    outer loop
      vertex -1.71419 -0.747955 18.5
      vertex -0.631851 -0.747955 18.5
      vertex -1.73981 -0.659302 18.5
    endloop
  endfacet
  facet normal 0 0 1
    outer loop
      vertex -1.10503 1.2816 18.5
      vertex -0.921661 1.22379 18.5
      vertex -1.03996 1.27005 18.5
    endloop
  endfacet
  facet normal 0 0 1
    outer loop
      vertex -0.631851 -0.747955 18.5
      vertex -1.71419 -0.747955 18.5
      vertex -0.661423 -0.828918 18.5
    endloop
  endfacet
  facet normal 0 0 1
    outer loop
      vertex -1.17404 1.28546 18.5
      vertex -0.773788 1.09657 18.5
      vertex -1.10503 1.2816 18.5
    endloop
  endfacet
  facet normal 0 -0 1
    outer loop
      vertex -1.68462 -0.828918 18.5
      vertex -0.661423 -0.828918 18.5
      vertex -1.71419 -0.747955 18.5
    endloop
  endfacet
  facet normal 0 0 1
    outer loop
      vertex -0.773788 1.09657 18.5
      vertex -1.17404 1.28546 18.5
      vertex -1.61366 1.03876 18.5
    endloop
  endfacet
  facet normal 0 0 1
    outer loop
      vertex -0.661423 -0.828918 18.5
      vertex -1.68462 -0.828918 18.5
      vertex -0.694931 -0.902145 18.5
    endloop
  endfacet
  facet normal 0 0 1
    outer loop
      vertex -1.57234 1.09657 18.5
      vertex -1.17404 1.28546 18.5
      vertex -1.24261 1.2816 18.5
    endloop
  endfacet
  facet normal 0 -0 1
    outer loop
      vertex -1.65109 -0.902145 18.5
      vertex -0.694931 -0.902145 18.5
      vertex -1.68462 -0.828918 18.5
    endloop
  endfacet
  facet normal 0 0 1
    outer loop
      vertex -1.57234 1.09657 18.5
      vertex -1.24261 1.2816 18.5
      vertex -1.3073 1.27005 18.5
    endloop
  endfacet
  facet normal 0 0 1
    outer loop
      vertex -0.694931 -0.902145 18.5
      vertex -1.65109 -0.902145 18.5
      vertex -0.732391 -0.967682 18.5
    endloop
  endfacet
  facet normal 0 0 1
    outer loop
      vertex -1.57234 1.09657 18.5
      vertex -1.3073 1.27005 18.5
      vertex -1.36809 1.25076 18.5
    endloop
  endfacet
  facet normal 0 -0 1
    outer loop
      vertex -1.61366 -0.967682 18.5
      vertex -0.732391 -0.967682 18.5
      vertex -1.65109 -0.902145 18.5
    endloop
  endfacet
  facet normal 0 0 1
    outer loop
      vertex -1.57234 1.09657 18.5
      vertex -1.36809 1.25076 18.5
      vertex -1.42499 1.22379 18.5
    endloop
  endfacet
  facet normal 0 0 1
    outer loop
      vertex -0.732391 -0.967682 18.5
      vertex -1.61366 -0.967682 18.5
      vertex -0.773788 -1.0255 18.5
    endloop
  endfacet
  facet normal 0 0 1
    outer loop
      vertex -1.57234 1.09657 18.5
      vertex -1.42499 1.22379 18.5
      vertex -1.478 1.18909 18.5
    endloop
  endfacet
  facet normal 0 -0 1
    outer loop
      vertex -1.17404 -1.21436 18.5
      vertex -0.773788 -1.0255 18.5
      vertex -1.61366 -0.967682 18.5
    endloop
  endfacet
  facet normal 0 0 1
    outer loop
      vertex -1.57234 1.09657 18.5
      vertex -1.478 1.18909 18.5
      vertex -1.52711 1.14668 18.5
    endloop
  endfacet
  facet normal 0 0 1
    outer loop
      vertex -0.773788 -1.0255 18.5
      vertex -1.10503 -1.21051 18.5
      vertex -0.819138 -1.07561 18.5
    endloop
  endfacet
  facet normal 0 0 1
    outer loop
      vertex -1.17404 1.28546 18.5
      vertex -1.57234 1.09657 18.5
      vertex -1.61366 1.03876 18.5
    endloop
  endfacet
  facet normal 0 0 1
    outer loop
      vertex -0.819138 -1.07561 18.5
      vertex -1.10503 -1.21051 18.5
      vertex -0.868439 -1.118 18.5
    endloop
  endfacet
  facet normal 0 0 1
    outer loop
      vertex -0.732391 1.03876 18.5
      vertex -1.61366 1.03876 18.5
      vertex -1.65109 0.973221 18.5
    endloop
  endfacet
  facet normal 0 0 1
    outer loop
      vertex -0.868439 -1.118 18.5
      vertex -1.10503 -1.21051 18.5
      vertex -0.921661 -1.15269 18.5
    endloop
  endfacet
  facet normal 0 0 1
    outer loop
      vertex -0.694931 0.973221 18.5
      vertex -1.65109 0.973221 18.5
      vertex -1.68462 0.899963 18.5
    endloop
  endfacet
  facet normal 0 0 1
    outer loop
      vertex -0.921661 -1.15269 18.5
      vertex -1.03996 -1.19894 18.5
      vertex -0.978836 -1.17967 18.5
    endloop
  endfacet
  facet normal 0 0 1
    outer loop
      vertex -0.661423 0.899963 18.5
      vertex -1.68462 0.899963 18.5
      vertex -1.71419 0.818939 18.5
    endloop
  endfacet
  facet normal 0 0 1
    outer loop
      vertex -0.537216 0.169861 18.5
      vertex -1.80881 0.169861 18.5
      vertex -1.81079 0.0345154 18.5
    endloop
  endfacet
  facet normal 0 0 1
    outer loop
      vertex -0.631851 0.818939 18.5
      vertex -1.71419 0.818939 18.5
      vertex -1.73981 0.730164 18.5
    endloop
  endfacet
  facet normal 0 0 1
    outer loop
      vertex -0.921661 -1.15269 18.5
      vertex -1.10503 -1.21051 18.5
      vertex -1.03996 -1.19894 18.5
    endloop
  endfacet
  facet normal 0 0 1
    outer loop
      vertex -0.606216 0.730164 18.5
      vertex -1.73981 0.730164 18.5
      vertex -1.76151 0.633621 18.5
    endloop
  endfacet
  facet normal 0 0 1
    outer loop
      vertex -0.773788 -1.0255 18.5
      vertex -1.17404 -1.21436 18.5
      vertex -1.10503 -1.21051 18.5
    endloop
  endfacet
  facet normal 0 0 1
    outer loop
      vertex -0.584534 0.633621 18.5
      vertex -1.76151 0.633621 18.5
      vertex -1.77924 0.529327 18.5
    endloop
  endfacet
  facet normal -0 -0 1
    outer loop
      vertex -1.57234 -1.0255 18.5
      vertex -1.17404 -1.21436 18.5
      vertex -1.61366 -0.967682 18.5
    endloop
  endfacet
  facet normal 0 0 1
    outer loop
      vertex -0.566788 0.529327 18.5
      vertex -1.77924 0.529327 18.5
      vertex -1.79305 0.417267 18.5
    endloop
  endfacet
  facet normal 0 0 1
    outer loop
      vertex -0.552994 0.417267 18.5
      vertex -1.79305 0.417267 18.5
      vertex -1.8029 0.29744 18.5
    endloop
  endfacet
  facet normal 0 0 1
    outer loop
      vertex -0.543137 0.29744 18.5
      vertex -1.8029 0.29744 18.5
      vertex -1.80881 0.169861 18.5
    endloop
  endfacet
  facet normal 0 0 1
    outer loop
      vertex -1.478 -1.118 18.5
      vertex -1.57234 -1.0255 18.5
      vertex -1.52711 -1.07561 18.5
    endloop
  endfacet
  facet normal 0 0 1
    outer loop
      vertex -1.17404 -1.21436 18.5
      vertex -1.57234 -1.0255 18.5
      vertex -1.24261 -1.21051 18.5
    endloop
  endfacet
  facet normal 0 0 1
    outer loop
      vertex -1.42499 -1.15269 18.5
      vertex -1.57234 -1.0255 18.5
      vertex -1.478 -1.118 18.5
    endloop
  endfacet
  facet normal 0 0 1
    outer loop
      vertex -1.3073 -1.19894 18.5
      vertex -1.57234 -1.0255 18.5
      vertex -1.36809 -1.17967 18.5
    endloop
  endfacet
  facet normal 0 0 1
    outer loop
      vertex -1.36809 -1.17967 18.5
      vertex -1.57234 -1.0255 18.5
      vertex -1.42499 -1.15269 18.5
    endloop
  endfacet
  facet normal 0 0 1
    outer loop
      vertex -1.24261 -1.21051 18.5
      vertex -1.57234 -1.0255 18.5
      vertex -1.3073 -1.19894 18.5
    endloop
  endfacet
  facet normal 0 0 1
    outer loop
      vertex 5.77486 0.0345154 18.5
      vertex 7.0504 0.0345154 18.5
      vertex 7.04843 0.169861 18.5
    endloop
  endfacet
  facet normal 0 0 1
    outer loop
      vertex 5.77684 0.169861 18.5
      vertex 7.04843 0.169861 18.5
      vertex 7.04251 0.29744 18.5
    endloop
  endfacet
  facet normal 0 0 1
    outer loop
      vertex 7.0504 0.0345154 18.5
      vertex 5.77486 0.0345154 18.5
      vertex 7.04843 -0.100372 18.5
    endloop
  endfacet
  facet normal 0 0 1
    outer loop
      vertex 5.78275 0.29744 18.5
      vertex 7.04251 0.29744 18.5
      vertex 7.03265 0.417267 18.5
    endloop
  endfacet
  facet normal 0 -0 1
    outer loop
      vertex 5.77684 -0.100372 18.5
      vertex 7.04843 -0.100372 18.5
      vertex 5.77486 0.0345154 18.5
    endloop
  endfacet
  facet normal 0 0 1
    outer loop
      vertex 5.7926 0.417267 18.5
      vertex 7.03265 0.417267 18.5
      vertex 7.01886 0.529327 18.5
    endloop
  endfacet
  facet normal 0 0 1
    outer loop
      vertex 7.04843 -0.100372 18.5
      vertex 5.77684 -0.100372 18.5
      vertex 7.04251 -0.227585 18.5
    endloop
  endfacet
  facet normal 0 0 1
    outer loop
      vertex 5.80641 0.529327 18.5
      vertex 7.01886 0.529327 18.5
      vertex 7.00111 0.633621 18.5
    endloop
  endfacet
  facet normal 0 -0 1
    outer loop
      vertex 5.78275 -0.227585 18.5
      vertex 7.04251 -0.227585 18.5
      vertex 5.77684 -0.100372 18.5
    endloop
  endfacet
  facet normal 0 0 1
    outer loop
      vertex 5.82416 0.633621 18.5
      vertex 7.00111 0.633621 18.5
      vertex 6.97943 0.730164 18.5
    endloop
  endfacet
  facet normal 0 0 1
    outer loop
      vertex 7.04251 -0.227585 18.5
      vertex 5.78275 -0.227585 18.5
      vertex 7.03265 -0.347076 18.5
    endloop
  endfacet
  facet normal 0 0 1
    outer loop
      vertex 5.84584 0.730164 18.5
      vertex 6.97943 0.730164 18.5
      vertex 6.9538 0.818939 18.5
    endloop
  endfacet
  facet normal 0 -0 1
    outer loop
      vertex 5.7926 -0.347076 18.5
      vertex 7.03265 -0.347076 18.5
      vertex 5.78275 -0.227585 18.5
    endloop
  endfacet
  facet normal 0 0 1
    outer loop
      vertex 5.87146 0.818939 18.5
      vertex 6.9538 0.818939 18.5
      vertex 6.92422 0.899963 18.5
    endloop
  endfacet
  facet normal 0 0 1
    outer loop
      vertex 7.03265 -0.347076 18.5
      vertex 5.7926 -0.347076 18.5
      vertex 7.01886 -0.458862 18.5
    endloop
  endfacet
  facet normal 0 0 1
    outer loop
      vertex 5.90103 0.899963 18.5
      vertex 6.92422 0.899963 18.5
      vertex 6.89072 0.973221 18.5
    endloop
  endfacet
  facet normal 0 -0 1
    outer loop
      vertex 5.80641 -0.458862 18.5
      vertex 7.01886 -0.458862 18.5
      vertex 5.7926 -0.347076 18.5
    endloop
  endfacet
  facet normal 0 0 1
    outer loop
      vertex 5.93456 0.973221 18.5
      vertex 6.89072 0.973221 18.5
      vertex 6.85326 1.03876 18.5
    endloop
  endfacet
  facet normal 0 0 1
    outer loop
      vertex 7.01886 -0.458862 18.5
      vertex 5.80641 -0.458862 18.5
      vertex 7.00111 -0.562927 18.5
    endloop
  endfacet
  facet normal 0 0 1
    outer loop
      vertex 5.97198 1.03876 18.5
      vertex 6.85326 1.03876 18.5
      vertex 6.81186 1.09657 18.5
    endloop
  endfacet
  facet normal 0 -0 1
    outer loop
      vertex 5.82416 -0.562927 18.5
      vertex 7.00111 -0.562927 18.5
      vertex 5.80641 -0.458862 18.5
    endloop
  endfacet
  facet normal 0 0 1
    outer loop
      vertex 6.48062 1.2816 18.5
      vertex 6.81186 1.09657 18.5
      vertex 6.76651 1.14668 18.5
    endloop
  endfacet
  facet normal 0 0 1
    outer loop
      vertex 7.00111 -0.562927 18.5
      vertex 5.82416 -0.562927 18.5
      vertex 6.97943 -0.659302 18.5
    endloop
  endfacet
  facet normal 0 0 1
    outer loop
      vertex 6.48062 1.2816 18.5
      vertex 6.76651 1.14668 18.5
      vertex 6.71722 1.18909 18.5
    endloop
  endfacet
  facet normal 0 -0 1
    outer loop
      vertex 5.84584 -0.659302 18.5
      vertex 6.97943 -0.659302 18.5
      vertex 5.82416 -0.562927 18.5
    endloop
  endfacet
  facet normal 0 0 1
    outer loop
      vertex 6.48062 1.2816 18.5
      vertex 6.71722 1.18909 18.5
      vertex 6.66399 1.22379 18.5
    endloop
  endfacet
  facet normal 0 0 1
    outer loop
      vertex 6.97943 -0.659302 18.5
      vertex 5.84584 -0.659302 18.5
      vertex 6.9538 -0.747955 18.5
    endloop
  endfacet
  facet normal 0 0 1
    outer loop
      vertex 6.54568 1.27005 18.5
      vertex 6.66399 1.22379 18.5
      vertex 6.60681 1.25076 18.5
    endloop
  endfacet
  facet normal 0 -0 1
    outer loop
      vertex 5.87146 -0.747955 18.5
      vertex 6.9538 -0.747955 18.5
      vertex 5.84584 -0.659302 18.5
    endloop
  endfacet
  facet normal 0 0 1
    outer loop
      vertex 6.48062 1.2816 18.5
      vertex 6.66399 1.22379 18.5
      vertex 6.54568 1.27005 18.5
    endloop
  endfacet
  facet normal 0 0 1
    outer loop
      vertex 6.9538 -0.747955 18.5
      vertex 5.87146 -0.747955 18.5
      vertex 6.92422 -0.828918 18.5
    endloop
  endfacet
  facet normal 0 0 1
    outer loop
      vertex 6.41162 1.28546 18.5
      vertex 6.81186 1.09657 18.5
      vertex 6.48062 1.2816 18.5
    endloop
  endfacet
  facet normal 0 -0 1
    outer loop
      vertex 5.90103 -0.828918 18.5
      vertex 6.92422 -0.828918 18.5
      vertex 5.87146 -0.747955 18.5
    endloop
  endfacet
  facet normal 0 0 1
    outer loop
      vertex 6.81186 1.09657 18.5
      vertex 6.41162 1.28546 18.5
      vertex 5.97198 1.03876 18.5
    endloop
  endfacet
  facet normal 0 0 1
    outer loop
      vertex 6.92422 -0.828918 18.5
      vertex 5.90103 -0.828918 18.5
      vertex 6.89072 -0.902145 18.5
    endloop
  endfacet
  facet normal 0 0 1
    outer loop
      vertex 6.01332 1.09657 18.5
      vertex 6.41162 1.28546 18.5
      vertex 6.34303 1.2816 18.5
    endloop
  endfacet
  facet normal 0 -0 1
    outer loop
      vertex 5.93456 -0.902145 18.5
      vertex 6.89072 -0.902145 18.5
      vertex 5.90103 -0.828918 18.5
    endloop
  endfacet
  facet normal 0 0 1
    outer loop
      vertex 6.01332 1.09657 18.5
      vertex 6.34303 1.2816 18.5
      vertex 6.27835 1.27005 18.5
    endloop
  endfacet
  facet normal 0 0 1
    outer loop
      vertex 6.89072 -0.902145 18.5
      vertex 5.93456 -0.902145 18.5
      vertex 6.85326 -0.967682 18.5
    endloop
  endfacet
  facet normal 0 0 1
    outer loop
      vertex 6.01332 1.09657 18.5
      vertex 6.27835 1.27005 18.5
      vertex 6.21756 1.25076 18.5
    endloop
  endfacet
  facet normal 0 -0 1
    outer loop
      vertex 5.97198 -0.967682 18.5
      vertex 6.85326 -0.967682 18.5
      vertex 5.93456 -0.902145 18.5
    endloop
  endfacet
  facet normal 0 0 1
    outer loop
      vertex 6.01332 1.09657 18.5
      vertex 6.21756 1.25076 18.5
      vertex 6.16066 1.22379 18.5
    endloop
  endfacet
  facet normal 0 0 1
    outer loop
      vertex 6.85326 -0.967682 18.5
      vertex 5.97198 -0.967682 18.5
      vertex 6.81186 -1.0255 18.5
    endloop
  endfacet
  facet normal 0 0 1
    outer loop
      vertex 6.01332 1.09657 18.5
      vertex 6.16066 1.22379 18.5
      vertex 6.10765 1.18909 18.5
    endloop
  endfacet
  facet normal 0 -0 1
    outer loop
      vertex 6.41162 -1.21436 18.5
      vertex 6.81186 -1.0255 18.5
      vertex 5.97198 -0.967682 18.5
    endloop
  endfacet
  facet normal 0 0 1
    outer loop
      vertex 6.01332 1.09657 18.5
      vertex 6.10765 1.18909 18.5
      vertex 6.05853 1.14668 18.5
    endloop
  endfacet
  facet normal 0 0 1
    outer loop
      vertex 6.81186 -1.0255 18.5
      vertex 6.48062 -1.21051 18.5
      vertex 6.76651 -1.07561 18.5
    endloop
  endfacet
  facet normal 0 0 1
    outer loop
      vertex 6.41162 1.28546 18.5
      vertex 6.01332 1.09657 18.5
      vertex 5.97198 1.03876 18.5
    endloop
  endfacet
  facet normal 0 0 1
    outer loop
      vertex 6.76651 -1.07561 18.5
      vertex 6.48062 -1.21051 18.5
      vertex 6.71722 -1.118 18.5
    endloop
  endfacet
  facet normal 0 0 1
    outer loop
      vertex 6.85326 1.03876 18.5
      vertex 5.97198 1.03876 18.5
      vertex 5.93456 0.973221 18.5
    endloop
  endfacet
  facet normal 0 0 1
    outer loop
      vertex 6.71722 -1.118 18.5
      vertex 6.48062 -1.21051 18.5
      vertex 6.66399 -1.15269 18.5
    endloop
  endfacet
  facet normal 0 0 1
    outer loop
      vertex 6.89072 0.973221 18.5
      vertex 5.93456 0.973221 18.5
      vertex 5.90103 0.899963 18.5
    endloop
  endfacet
  facet normal 0 0 1
    outer loop
      vertex 6.66399 -1.15269 18.5
      vertex 6.54568 -1.19894 18.5
      vertex 6.60681 -1.17967 18.5
    endloop
  endfacet
  facet normal 0 0 1
    outer loop
      vertex 6.92422 0.899963 18.5
      vertex 5.90103 0.899963 18.5
      vertex 5.87146 0.818939 18.5
    endloop
  endfacet
  facet normal 0 0 1
    outer loop
      vertex 7.04843 0.169861 18.5
      vertex 5.77684 0.169861 18.5
      vertex 5.77486 0.0345154 18.5
    endloop
  endfacet
  facet normal 0 0 1
    outer loop
      vertex 6.9538 0.818939 18.5
      vertex 5.87146 0.818939 18.5
      vertex 5.84584 0.730164 18.5
    endloop
  endfacet
  facet normal 0 0 1
    outer loop
      vertex 6.66399 -1.15269 18.5
      vertex 6.48062 -1.21051 18.5
      vertex 6.54568 -1.19894 18.5
    endloop
  endfacet
  facet normal 0 0 1
    outer loop
      vertex 6.97943 0.730164 18.5
      vertex 5.84584 0.730164 18.5
      vertex 5.82416 0.633621 18.5
    endloop
  endfacet
  facet normal 0 0 1
    outer loop
      vertex 6.81186 -1.0255 18.5
      vertex 6.41162 -1.21436 18.5
      vertex 6.48062 -1.21051 18.5
    endloop
  endfacet
  facet normal 0 0 1
    outer loop
      vertex 7.00111 0.633621 18.5
      vertex 5.82416 0.633621 18.5
      vertex 5.80641 0.529327 18.5
    endloop
  endfacet
  facet normal -0 -0 1
    outer loop
      vertex 6.01332 -1.0255 18.5
      vertex 6.41162 -1.21436 18.5
      vertex 5.97198 -0.967682 18.5
    endloop
  endfacet
  facet normal 0 0 1
    outer loop
      vertex 7.01886 0.529327 18.5
      vertex 5.80641 0.529327 18.5
      vertex 5.7926 0.417267 18.5
    endloop
  endfacet
  facet normal 0 0 1
    outer loop
      vertex 7.03265 0.417267 18.5
      vertex 5.7926 0.417267 18.5
      vertex 5.78275 0.29744 18.5
    endloop
  endfacet
  facet normal 0 0 1
    outer loop
      vertex 7.04251 0.29744 18.5
      vertex 5.78275 0.29744 18.5
      vertex 5.77684 0.169861 18.5
    endloop
  endfacet
  facet normal 0 0 1
    outer loop
      vertex 6.10765 -1.118 18.5
      vertex 6.01332 -1.0255 18.5
      vertex 6.05853 -1.07561 18.5
    endloop
  endfacet
  facet normal 0 0 1
    outer loop
      vertex 6.41162 -1.21436 18.5
      vertex 6.01332 -1.0255 18.5
      vertex 6.34303 -1.21051 18.5
    endloop
  endfacet
  facet normal 0 0 1
    outer loop
      vertex 6.16066 -1.15269 18.5
      vertex 6.01332 -1.0255 18.5
      vertex 6.10765 -1.118 18.5
    endloop
  endfacet
  facet normal 0 0 1
    outer loop
      vertex 6.27835 -1.19894 18.5
      vertex 6.01332 -1.0255 18.5
      vertex 6.21756 -1.17967 18.5
    endloop
  endfacet
  facet normal 0 0 1
    outer loop
      vertex 6.21756 -1.17967 18.5
      vertex 6.01332 -1.0255 18.5
      vertex 6.16066 -1.15269 18.5
    endloop
  endfacet
  facet normal 0 0 1
    outer loop
      vertex 6.34303 -1.21051 18.5
      vertex 6.01332 -1.0255 18.5
      vertex 6.27835 -1.19894 18.5
    endloop
  endfacet
  facet normal 0.989273 0.146081 0
    outer loop
      vertex 17.4971 8.2088 18.5
      vertex 17.4885 8.26704 17.5
      vertex 17.4885 8.26704 18.5
    endloop
  endfacet
  facet normal 0.989273 0.146081 0
    outer loop
      vertex 17.4885 8.26704 17.5
      vertex 17.4971 8.2088 18.5
      vertex 17.4971 8.2088 17.5
    endloop
  endfacet
  facet normal -0.857538 -0.514421 0
    outer loop
      vertex -17.3989 -8.48334 17.5
      vertex -17.4292 -8.43283 18.5
      vertex -17.4292 -8.43283 17.5
    endloop
  endfacet
  facet normal -0.857538 -0.514421 0
    outer loop
      vertex -17.4292 -8.43283 18.5
      vertex -17.3989 -8.48334 17.5
      vertex -17.3989 -8.48334 18.5
    endloop
  endfacet
  facet normal 0.741399 -0.671065 0
    outer loop
      vertex 17.3243 -8.57426 18.5
      vertex 17.3638 -8.53062 17.5
      vertex 17.3638 -8.53062 18.5
    endloop
  endfacet
  facet normal 0.741399 -0.671065 0
    outer loop
      vertex 17.3638 -8.53062 17.5
      vertex 17.3243 -8.57426 18.5
      vertex 17.3243 -8.57426 17.5
    endloop
  endfacet
  facet normal 0.741399 0.671065 0
    outer loop
      vertex 17.3638 8.53062 18.5
      vertex 17.3243 8.57426 17.5
      vertex 17.3243 8.57426 18.5
    endloop
  endfacet
  facet normal 0.741399 0.671065 0
    outer loop
      vertex 17.3243 8.57426 17.5
      vertex 17.3638 8.53062 18.5
      vertex 17.3638 8.53062 17.5
    endloop
  endfacet
  facet normal 0.595699 -0.803208 0
    outer loop
      vertex 17.2333 -8.64888 17.5
      vertex 17.2806 -8.6138 18.5
      vertex 17.2333 -8.64888 18.5
    endloop
  endfacet
  facet normal 0.595699 -0.803208 0
    outer loop
      vertex 17.2806 -8.6138 18.5
      vertex 17.2333 -8.64888 17.5
      vertex 17.2806 -8.6138 17.5
    endloop
  endfacet
  facet normal 0.989273 -0.146081 0
    outer loop
      vertex 17.4885 -8.26704 18.5
      vertex 17.4971 -8.2088 17.5
      vertex 17.4971 -8.2088 18.5
    endloop
  endfacet
  facet normal 0.989273 -0.146081 0
    outer loop
      vertex 17.4971 -8.2088 17.5
      vertex 17.4885 -8.26704 18.5
      vertex 17.4885 -8.26704 17.5
    endloop
  endfacet
  facet normal 0.857538 -0.514421 0
    outer loop
      vertex 17.3989 -8.48334 18.5
      vertex 17.4292 -8.43283 17.5
      vertex 17.4292 -8.43283 18.5
    endloop
  endfacet
  facet normal 0.857538 -0.514421 0
    outer loop
      vertex 17.4292 -8.43283 17.5
      vertex 17.3989 -8.48334 18.5
      vertex 17.3989 -8.48334 17.5
    endloop
  endfacet
  facet normal 0.941222 -0.337788 0
    outer loop
      vertex 17.4543 -8.37961 18.5
      vertex 17.4742 -8.32416 17.5
      vertex 17.4742 -8.32416 18.5
    endloop
  endfacet
  facet normal 0.941222 -0.337788 0
    outer loop
      vertex 17.4742 -8.32416 17.5
      vertex 17.4543 -8.37961 18.5
      vertex 17.4543 -8.37961 17.5
    endloop
  endfacet
  facet normal -0.904456 -0.426566 0
    outer loop
      vertex -17.4292 -8.43283 17.5
      vertex -17.4543 -8.37961 18.5
      vertex -17.4543 -8.37961 17.5
    endloop
  endfacet
  facet normal -0.904456 -0.426566 0
    outer loop
      vertex -17.4543 -8.37961 18.5
      vertex -17.4292 -8.43283 17.5
      vertex -17.4292 -8.43283 18.5
    endloop
  endfacet
  facet normal -0.802925 -0.59608 0
    outer loop
      vertex -17.3638 -8.53062 17.5
      vertex -17.3989 -8.48334 18.5
      vertex -17.3989 -8.48334 17.5
    endloop
  endfacet
  facet normal -0.802925 -0.59608 0
    outer loop
      vertex -17.3989 -8.48334 18.5
      vertex -17.3638 -8.53062 17.5
      vertex -17.3638 -8.53062 18.5
    endloop
  endfacet
  facet normal 0.802925 -0.59608 0
    outer loop
      vertex 17.3638 -8.53062 18.5
      vertex 17.3989 -8.48334 17.5
      vertex 17.3989 -8.48334 18.5
    endloop
  endfacet
  facet normal 0.802925 -0.59608 0
    outer loop
      vertex 17.3989 -8.48334 17.5
      vertex 17.3638 -8.53062 18.5
      vertex 17.3638 -8.53062 17.5
    endloop
  endfacet
  facet normal 0.42767 -0.903935 0
    outer loop
      vertex 17.1296 -8.70432 17.5
      vertex 17.1828 -8.67915 18.5
      vertex 17.1296 -8.70432 18.5
    endloop
  endfacet
  facet normal 0.42767 -0.903935 0
    outer loop
      vertex 17.1828 -8.67915 18.5
      vertex 17.1296 -8.70432 17.5
      vertex 17.1828 -8.67915 17.5
    endloop
  endfacet
  facet normal 0.337004 -0.941503 0
    outer loop
      vertex 17.0742 -8.72415 17.5
      vertex 17.1296 -8.70432 18.5
      vertex 17.0742 -8.72415 18.5
    endloop
  endfacet
  facet normal 0.337004 -0.941503 0
    outer loop
      vertex 17.1296 -8.70432 18.5
      vertex 17.0742 -8.72415 17.5
      vertex 17.1296 -8.70432 17.5
    endloop
  endfacet
  facet normal 0.427616 -0.903961 0
    outer loop
      vertex -14.3135 1.89613 0
      vertex -14.1228 1.98634 2.2
      vertex -14.3135 1.89613 2.2
    endloop
  endfacet
  facet normal 0.427616 -0.903961 0
    outer loop
      vertex -14.1228 1.98634 2.2
      vertex -14.3135 1.89613 0
      vertex -14.1228 1.98634 0
    endloop
  endfacet
  facet normal -0.989217 -0.146457 0
    outer loop
      vertex -11.1604 0.210736 0
      vertex -11.1913 0.419444 2.2
      vertex -11.1913 0.419444 0
    endloop
  endfacet
  facet normal -0.989217 -0.146457 0
    outer loop
      vertex -11.1913 0.419444 2.2
      vertex -11.1604 0.210736 0
      vertex -11.1604 0.210736 2.2
    endloop
  endfacet
  facet normal -0.998784 -0.0492909 0
    outer loop
      vertex -11.15 0 0
      vertex -11.1604 0.210736 2.2
      vertex -11.1604 0.210736 0
    endloop
  endfacet
  facet normal -0.998784 -0.0492909 0
    outer loop
      vertex -11.1604 0.210736 2.2
      vertex -11.15 0 0
      vertex -11.15 0 2.2
    endloop
  endfacet
  facet normal -0.969994 -0.24313 0
    outer loop
      vertex -11.1913 0.419444 0
      vertex -11.2426 0.624111 2.2
      vertex -11.2426 0.624111 0
    endloop
  endfacet
  facet normal -0.969994 -0.24313 0
    outer loop
      vertex -11.2426 0.624111 2.2
      vertex -11.1913 0.419444 0
      vertex -11.1913 0.419444 2.2
    endloop
  endfacet
  facet normal -0.427616 0.903961 0
    outer loop
      vertex -12.2865 -1.89613 0
      vertex -12.4772 -1.98634 2.2
      vertex -12.2865 -1.89613 2.2
    endloop
  endfacet
  facet normal -0.427616 0.903961 0
    outer loop
      vertex -12.4772 -1.98634 2.2
      vertex -12.2865 -1.89613 0
      vertex -12.4772 -1.98634 0
    endloop
  endfacet
  facet normal -0.242959 0.970036 0
    outer loop
      vertex -12.6759 -2.05742 0
      vertex -12.8806 -2.10869 2.2
      vertex -12.6759 -2.05742 2.2
    endloop
  endfacet
  facet normal -0.242959 0.970036 0
    outer loop
      vertex -12.8806 -2.10869 2.2
      vertex -12.6759 -2.05742 0
      vertex -12.8806 -2.10869 0
    endloop
  endfacet
  facet normal -0.0490628 -0.998796 0
    outer loop
      vertex -13.3 2.15 0
      vertex -13.0893 2.13965 2.2
      vertex -13.3 2.15 2.2
    endloop
  endfacet
  facet normal -0.0490628 -0.998796 -0
    outer loop
      vertex -13.0893 2.13965 2.2
      vertex -13.3 2.15 0
      vertex -13.0893 2.13965 0
    endloop
  endfacet
  facet normal -0.0490628 0.998796 0
    outer loop
      vertex -13.0893 -2.13965 0
      vertex -13.3 -2.15 2.2
      vertex -13.0893 -2.13965 2.2
    endloop
  endfacet
  facet normal -0.0490628 0.998796 0
    outer loop
      vertex -13.3 -2.15 2.2
      vertex -13.0893 -2.13965 0
      vertex -13.3 -2.15 0
    endloop
  endfacet
  facet normal -0.146741 -0.989175 0
    outer loop
      vertex -13.0893 2.13965 0
      vertex -12.8806 2.10869 2.2
      vertex -13.0893 2.13965 2.2
    endloop
  endfacet
  facet normal -0.146741 -0.989175 -0
    outer loop
      vertex -12.8806 2.10869 2.2
      vertex -13.0893 2.13965 0
      vertex -12.8806 2.10869 0
    endloop
  endfacet
  facet normal -0.242959 -0.970036 0
    outer loop
      vertex -12.8806 2.10869 0
      vertex -12.6759 2.05742 2.2
      vertex -12.8806 2.10869 2.2
    endloop
  endfacet
  facet normal -0.242959 -0.970036 -0
    outer loop
      vertex -12.6759 2.05742 2.2
      vertex -12.8806 2.10869 0
      vertex -12.6759 2.05742 0
    endloop
  endfacet
  facet normal -0.514043 0.857765 0
    outer loop
      vertex -12.1055 -1.78766 0
      vertex -12.2865 -1.89613 2.2
      vertex -12.1055 -1.78766 2.2
    endloop
  endfacet
  facet normal -0.514043 0.857765 0
    outer loop
      vertex -12.2865 -1.89613 2.2
      vertex -12.1055 -1.78766 0
      vertex -12.2865 -1.89613 0
    endloop
  endfacet
  facet normal -0.595866 0.803084 0
    outer loop
      vertex -11.9361 -1.66197 0
      vertex -12.1055 -1.78766 2.2
      vertex -11.9361 -1.66197 2.2
    endloop
  endfacet
  facet normal -0.595866 0.803084 0
    outer loop
      vertex -12.1055 -1.78766 2.2
      vertex -11.9361 -1.66197 0
      vertex -12.1055 -1.78766 0
    endloop
  endfacet
  facet normal -0.904006 -0.42752 0
    outer loop
      vertex -11.3137 0.822769 0
      vertex -11.4039 1.0135 2.2
      vertex -11.4039 1.0135 0
    endloop
  endfacet
  facet normal -0.904006 -0.42752 0
    outer loop
      vertex -11.4039 1.0135 2.2
      vertex -11.3137 0.822769 0
      vertex -11.3137 0.822769 2.2
    endloop
  endfacet
  facet normal 0.146741 0.989175 -0
    outer loop
      vertex -13.5107 -2.13965 0
      vertex -13.7194 -2.10869 2.2
      vertex -13.5107 -2.13965 2.2
    endloop
  endfacet
  facet normal 0.146741 0.989175 0
    outer loop
      vertex -13.7194 -2.10869 2.2
      vertex -13.5107 -2.13965 0
      vertex -13.7194 -2.10869 0
    endloop
  endfacet
  facet normal 0.242959 -0.970036 0
    outer loop
      vertex -13.9241 2.05742 0
      vertex -13.7194 2.10869 2.2
      vertex -13.9241 2.05742 2.2
    endloop
  endfacet
  facet normal 0.242959 -0.970036 0
    outer loop
      vertex -13.7194 2.10869 2.2
      vertex -13.9241 2.05742 0
      vertex -13.7194 2.10869 0
    endloop
  endfacet
  facet normal -0.514043 -0.857765 0
    outer loop
      vertex -12.2865 1.89613 0
      vertex -12.1055 1.78766 2.2
      vertex -12.2865 1.89613 2.2
    endloop
  endfacet
  facet normal -0.514043 -0.857765 -0
    outer loop
      vertex -12.1055 1.78766 2.2
      vertex -12.2865 1.89613 0
      vertex -12.1055 1.78766 0
    endloop
  endfacet
  facet normal -0.803179 0.595737 0
    outer loop
      vertex -11.638 -1.36395 0
      vertex -11.5123 -1.19448 2.2
      vertex -11.5123 -1.19448 0
    endloop
  endfacet
  facet normal -0.803179 0.595737 0
    outer loop
      vertex -11.5123 -1.19448 2.2
      vertex -11.638 -1.36395 0
      vertex -11.638 -1.36395 2.2
    endloop
  endfacet
  facet normal -0.803179 -0.595737 0
    outer loop
      vertex -11.5123 1.19448 0
      vertex -11.638 1.36395 2.2
      vertex -11.638 1.36395 0
    endloop
  endfacet
  facet normal -0.803179 -0.595737 0
    outer loop
      vertex -11.638 1.36395 2.2
      vertex -11.5123 1.19448 0
      vertex -11.5123 1.19448 2.2
    endloop
  endfacet
  facet normal 0.904006 0.42752 0
    outer loop
      vertex -15.1961 -1.0135 2.2
      vertex -15.2863 -0.822769 0
      vertex -15.2863 -0.822769 2.2
    endloop
  endfacet
  facet normal 0.904006 0.42752 0
    outer loop
      vertex -15.2863 -0.822769 0
      vertex -15.1961 -1.0135 2.2
      vertex -15.1961 -1.0135 0
    endloop
  endfacet
  facet normal 0 0 -1
    outer loop
      vertex -11.1604 -0.210736 2.2
      vertex -11.1604 0.210736 2.2
      vertex -11.15 0 2.2
    endloop
  endfacet
  facet normal 0 0 -1
    outer loop
      vertex -11.1913 -0.419444 2.2
      vertex -11.1604 0.210736 2.2
      vertex -11.1604 -0.210736 2.2
    endloop
  endfacet
  facet normal 0 0 -1
    outer loop
      vertex -11.1913 -0.419444 2.2
      vertex -11.1913 0.419444 2.2
      vertex -11.1604 0.210736 2.2
    endloop
  endfacet
  facet normal 0 0 -1
    outer loop
      vertex -11.2426 -0.624111 2.2
      vertex -11.1913 0.419444 2.2
      vertex -11.1913 -0.419444 2.2
    endloop
  endfacet
  facet normal 0 0 -1
    outer loop
      vertex -11.2426 -0.624111 2.2
      vertex -11.2426 0.624111 2.2
      vertex -11.1913 0.419444 2.2
    endloop
  endfacet
  facet normal 0 0 -1
    outer loop
      vertex -11.3137 -0.822769 2.2
      vertex -11.2426 0.624111 2.2
      vertex -11.2426 -0.624111 2.2
    endloop
  endfacet
  facet normal 0 0 -1
    outer loop
      vertex -11.3137 -0.822769 2.2
      vertex -11.3137 0.822769 2.2
      vertex -11.2426 0.624111 2.2
    endloop
  endfacet
  facet normal 0 0 -1
    outer loop
      vertex -11.4039 -1.0135 2.2
      vertex -11.3137 0.822769 2.2
      vertex -11.3137 -0.822769 2.2
    endloop
  endfacet
  facet normal 0 0 -1
    outer loop
      vertex -11.4039 -1.0135 2.2
      vertex -11.4039 1.0135 2.2
      vertex -11.3137 0.822769 2.2
    endloop
  endfacet
  facet normal 0 0 -1
    outer loop
      vertex -11.5123 -1.19448 2.2
      vertex -11.4039 1.0135 2.2
      vertex -11.4039 -1.0135 2.2
    endloop
  endfacet
  facet normal 0 0 -1
    outer loop
      vertex -11.5123 -1.19448 2.2
      vertex -11.5123 1.19448 2.2
      vertex -11.4039 1.0135 2.2
    endloop
  endfacet
  facet normal 0 0 -1
    outer loop
      vertex -11.638 -1.36395 2.2
      vertex -11.5123 1.19448 2.2
      vertex -11.5123 -1.19448 2.2
    endloop
  endfacet
  facet normal 0 0 -1
    outer loop
      vertex -11.638 -1.36395 2.2
      vertex -11.638 1.36395 2.2
      vertex -11.5123 1.19448 2.2
    endloop
  endfacet
  facet normal 0 0 -1
    outer loop
      vertex -11.7797 -1.52028 2.2
      vertex -11.638 1.36395 2.2
      vertex -11.638 -1.36395 2.2
    endloop
  endfacet
  facet normal 0 0 -1
    outer loop
      vertex -11.7797 -1.52028 2.2
      vertex -11.7797 1.52028 2.2
      vertex -11.638 1.36395 2.2
    endloop
  endfacet
  facet normal 0 0 -1
    outer loop
      vertex -11.9361 -1.66197 2.2
      vertex -11.7797 1.52028 2.2
      vertex -11.7797 -1.52028 2.2
    endloop
  endfacet
  facet normal 0 0 -1
    outer loop
      vertex -11.9361 -1.66197 2.2
      vertex -11.9361 1.66197 2.2
      vertex -11.7797 1.52028 2.2
    endloop
  endfacet
  facet normal 0 0 -1
    outer loop
      vertex -12.1055 -1.78766 2.2
      vertex -11.9361 1.66197 2.2
      vertex -11.9361 -1.66197 2.2
    endloop
  endfacet
  facet normal 0 0 -1
    outer loop
      vertex -12.1055 -1.78766 2.2
      vertex -12.1055 1.78766 2.2
      vertex -11.9361 1.66197 2.2
    endloop
  endfacet
  facet normal 0 0 -1
    outer loop
      vertex -12.2865 -1.89613 2.2
      vertex -12.1055 1.78766 2.2
      vertex -12.1055 -1.78766 2.2
    endloop
  endfacet
  facet normal 0 0 -1
    outer loop
      vertex -12.2865 -1.89613 2.2
      vertex -12.2865 1.89613 2.2
      vertex -12.1055 1.78766 2.2
    endloop
  endfacet
  facet normal 0 0 -1
    outer loop
      vertex -12.4772 -1.98634 2.2
      vertex -12.2865 1.89613 2.2
      vertex -12.2865 -1.89613 2.2
    endloop
  endfacet
  facet normal 0 0 -1
    outer loop
      vertex -12.4772 -1.98634 2.2
      vertex -12.4772 1.98634 2.2
      vertex -12.2865 1.89613 2.2
    endloop
  endfacet
  facet normal 0 0 -1
    outer loop
      vertex -12.6759 -2.05742 2.2
      vertex -12.4772 1.98634 2.2
      vertex -12.4772 -1.98634 2.2
    endloop
  endfacet
  facet normal 0 0 -1
    outer loop
      vertex -12.6759 -2.05742 2.2
      vertex -12.6759 2.05742 2.2
      vertex -12.4772 1.98634 2.2
    endloop
  endfacet
  facet normal 0 0 -1
    outer loop
      vertex -12.8806 -2.10869 2.2
      vertex -12.6759 2.05742 2.2
      vertex -12.6759 -2.05742 2.2
    endloop
  endfacet
  facet normal 0 0 -1
    outer loop
      vertex -12.8806 -2.10869 2.2
      vertex -12.8806 2.10869 2.2
      vertex -12.6759 2.05742 2.2
    endloop
  endfacet
  facet normal 0 0 -1
    outer loop
      vertex -13.0893 -2.13965 2.2
      vertex -12.8806 2.10869 2.2
      vertex -12.8806 -2.10869 2.2
    endloop
  endfacet
  facet normal 0 0 -1
    outer loop
      vertex -13.0893 -2.13965 2.2
      vertex -13.0893 2.13965 2.2
      vertex -12.8806 2.10869 2.2
    endloop
  endfacet
  facet normal 0 0 -1
    outer loop
      vertex -13.3 -2.15 2.2
      vertex -13.0893 2.13965 2.2
      vertex -13.0893 -2.13965 2.2
    endloop
  endfacet
  facet normal 0 0 -1
    outer loop
      vertex -13.3 -2.15 2.2
      vertex -13.3 2.15 2.2
      vertex -13.0893 2.13965 2.2
    endloop
  endfacet
  facet normal 0 0 -1
    outer loop
      vertex -13.5107 -2.13965 2.2
      vertex -13.3 2.15 2.2
      vertex -13.3 -2.15 2.2
    endloop
  endfacet
  facet normal 0 0 -1
    outer loop
      vertex -13.5107 -2.13965 2.2
      vertex -13.5107 2.13965 2.2
      vertex -13.3 2.15 2.2
    endloop
  endfacet
  facet normal 0 0 -1
    outer loop
      vertex -13.7194 -2.10869 2.2
      vertex -13.5107 2.13965 2.2
      vertex -13.5107 -2.13965 2.2
    endloop
  endfacet
  facet normal 0 0 -1
    outer loop
      vertex -13.7194 -2.10869 2.2
      vertex -13.7194 2.10869 2.2
      vertex -13.5107 2.13965 2.2
    endloop
  endfacet
  facet normal 0 0 -1
    outer loop
      vertex -13.9241 -2.05742 2.2
      vertex -13.7194 2.10869 2.2
      vertex -13.7194 -2.10869 2.2
    endloop
  endfacet
  facet normal 0 0 -1
    outer loop
      vertex -13.9241 -2.05742 2.2
      vertex -13.9241 2.05742 2.2
      vertex -13.7194 2.10869 2.2
    endloop
  endfacet
  facet normal 0 0 -1
    outer loop
      vertex -14.1228 -1.98634 2.2
      vertex -13.9241 2.05742 2.2
      vertex -13.9241 -2.05742 2.2
    endloop
  endfacet
  facet normal 0 0 -1
    outer loop
      vertex -14.1228 -1.98634 2.2
      vertex -14.1228 1.98634 2.2
      vertex -13.9241 2.05742 2.2
    endloop
  endfacet
  facet normal 0 0 -1
    outer loop
      vertex -14.3135 -1.89613 2.2
      vertex -14.1228 1.98634 2.2
      vertex -14.1228 -1.98634 2.2
    endloop
  endfacet
  facet normal 0 0 -1
    outer loop
      vertex -14.3135 -1.89613 2.2
      vertex -14.3135 1.89613 2.2
      vertex -14.1228 1.98634 2.2
    endloop
  endfacet
  facet normal 0 0 -1
    outer loop
      vertex -14.4945 -1.78766 2.2
      vertex -14.3135 1.89613 2.2
      vertex -14.3135 -1.89613 2.2
    endloop
  endfacet
  facet normal 0 0 -1
    outer loop
      vertex -14.4945 -1.78766 2.2
      vertex -14.4945 1.78766 2.2
      vertex -14.3135 1.89613 2.2
    endloop
  endfacet
  facet normal 0 0 -1
    outer loop
      vertex -14.6639 -1.66197 2.2
      vertex -14.4945 1.78766 2.2
      vertex -14.4945 -1.78766 2.2
    endloop
  endfacet
  facet normal 0 0 -1
    outer loop
      vertex -14.6639 -1.66197 2.2
      vertex -14.6639 1.66197 2.2
      vertex -14.4945 1.78766 2.2
    endloop
  endfacet
  facet normal 0 0 -1
    outer loop
      vertex -14.8203 -1.52028 2.2
      vertex -14.6639 1.66197 2.2
      vertex -14.6639 -1.66197 2.2
    endloop
  endfacet
  facet normal 0 0 -1
    outer loop
      vertex -14.8203 -1.52028 2.2
      vertex -14.8203 1.52028 2.2
      vertex -14.6639 1.66197 2.2
    endloop
  endfacet
  facet normal 0 0 -1
    outer loop
      vertex -14.962 -1.36395 2.2
      vertex -14.8203 1.52028 2.2
      vertex -14.8203 -1.52028 2.2
    endloop
  endfacet
  facet normal 0 0 -1
    outer loop
      vertex -14.962 -1.36395 2.2
      vertex -14.962 1.36395 2.2
      vertex -14.8203 1.52028 2.2
    endloop
  endfacet
  facet normal 0 0 -1
    outer loop
      vertex -15.0877 -1.19448 2.2
      vertex -14.962 1.36395 2.2
      vertex -14.962 -1.36395 2.2
    endloop
  endfacet
  facet normal 0 0 -1
    outer loop
      vertex -15.0877 -1.19448 2.2
      vertex -15.0877 1.19448 2.2
      vertex -14.962 1.36395 2.2
    endloop
  endfacet
  facet normal 0 0 -1
    outer loop
      vertex -15.1961 -1.0135 2.2
      vertex -15.0877 1.19448 2.2
      vertex -15.0877 -1.19448 2.2
    endloop
  endfacet
  facet normal 0 0 -1
    outer loop
      vertex -15.1961 -1.0135 2.2
      vertex -15.1961 1.0135 2.2
      vertex -15.0877 1.19448 2.2
    endloop
  endfacet
  facet normal 0 0 -1
    outer loop
      vertex -15.2863 -0.822769 2.2
      vertex -15.1961 1.0135 2.2
      vertex -15.1961 -1.0135 2.2
    endloop
  endfacet
  facet normal 0 0 -1
    outer loop
      vertex -15.2863 -0.822769 2.2
      vertex -15.2863 0.822769 2.2
      vertex -15.1961 1.0135 2.2
    endloop
  endfacet
  facet normal 0 0 -1
    outer loop
      vertex -15.3574 -0.624111 2.2
      vertex -15.2863 0.822769 2.2
      vertex -15.2863 -0.822769 2.2
    endloop
  endfacet
  facet normal 0 0 -1
    outer loop
      vertex -15.3574 -0.624111 2.2
      vertex -15.3574 0.624111 2.2
      vertex -15.2863 0.822769 2.2
    endloop
  endfacet
  facet normal 0 0 -1
    outer loop
      vertex -15.4087 -0.419444 2.2
      vertex -15.3574 0.624111 2.2
      vertex -15.3574 -0.624111 2.2
    endloop
  endfacet
  facet normal 0 0 -1
    outer loop
      vertex -15.4087 -0.419444 2.2
      vertex -15.4087 0.419444 2.2
      vertex -15.3574 0.624111 2.2
    endloop
  endfacet
  facet normal 0 0 -1
    outer loop
      vertex -15.4396 -0.210736 2.2
      vertex -15.4087 0.419444 2.2
      vertex -15.4087 -0.419444 2.2
    endloop
  endfacet
  facet normal 0 0 -1
    outer loop
      vertex -15.4396 -0.210736 2.2
      vertex -15.4396 0.210736 2.2
      vertex -15.4087 0.419444 2.2
    endloop
  endfacet
  facet normal 0 -0 -1
    outer loop
      vertex -15.4396 0.210736 2.2
      vertex -15.4396 -0.210736 2.2
      vertex -15.45 0 2.2
    endloop
  endfacet
  facet normal 0.740926 0.671587 0
    outer loop
      vertex -14.8203 -1.52028 2.2
      vertex -14.962 -1.36395 0
      vertex -14.962 -1.36395 2.2
    endloop
  endfacet
  facet normal 0.740926 0.671587 0
    outer loop
      vertex -14.962 -1.36395 0
      vertex -14.8203 -1.52028 2.2
      vertex -14.8203 -1.52028 0
    endloop
  endfacet
  facet normal 0.941515 0.33697 0
    outer loop
      vertex -15.2863 -0.822769 2.2
      vertex -15.3574 -0.624111 0
      vertex -15.3574 -0.624111 2.2
    endloop
  endfacet
  facet normal 0.941515 0.33697 0
    outer loop
      vertex -15.3574 -0.624111 0
      vertex -15.2863 -0.822769 2.2
      vertex -15.2863 -0.822769 0
    endloop
  endfacet
  facet normal -0.904006 0.42752 0
    outer loop
      vertex -11.4039 -1.0135 0
      vertex -11.3137 -0.822769 2.2
      vertex -11.3137 -0.822769 0
    endloop
  endfacet
  facet normal -0.904006 0.42752 0
    outer loop
      vertex -11.3137 -0.822769 2.2
      vertex -11.4039 -1.0135 0
      vertex -11.4039 -1.0135 2.2
    endloop
  endfacet
  facet normal -0.427616 -0.903961 0
    outer loop
      vertex -12.4772 1.98634 0
      vertex -12.2865 1.89613 2.2
      vertex -12.4772 1.98634 2.2
    endloop
  endfacet
  facet normal -0.427616 -0.903961 -0
    outer loop
      vertex -12.2865 1.89613 2.2
      vertex -12.4772 1.98634 0
      vertex -12.2865 1.89613 0
    endloop
  endfacet
  facet normal 0.989217 -0.146457 0
    outer loop
      vertex -15.4396 0.210736 2.2
      vertex -15.4087 0.419444 0
      vertex -15.4087 0.419444 2.2
    endloop
  endfacet
  facet normal 0.989217 -0.146457 0
    outer loop
      vertex -15.4087 0.419444 0
      vertex -15.4396 0.210736 2.2
      vertex -15.4396 0.210736 0
    endloop
  endfacet
  facet normal 0.595866 -0.803084 0
    outer loop
      vertex -14.6639 1.66197 0
      vertex -14.4945 1.78766 2.2
      vertex -14.6639 1.66197 2.2
    endloop
  endfacet
  facet normal 0.595866 -0.803084 0
    outer loop
      vertex -14.4945 1.78766 2.2
      vertex -14.6639 1.66197 0
      vertex -14.4945 1.78766 0
    endloop
  endfacet
  facet normal 0.969994 0.24313 0
    outer loop
      vertex -15.3574 -0.624111 2.2
      vertex -15.4087 -0.419444 0
      vertex -15.4087 -0.419444 2.2
    endloop
  endfacet
  facet normal 0.969994 0.24313 0
    outer loop
      vertex -15.4087 -0.419444 0
      vertex -15.3574 -0.624111 2.2
      vertex -15.3574 -0.624111 0
    endloop
  endfacet
  facet normal 0.0490628 0.998796 -0
    outer loop
      vertex -13.3 -2.15 0
      vertex -13.5107 -2.13965 2.2
      vertex -13.3 -2.15 2.2
    endloop
  endfacet
  facet normal 0.0490628 0.998796 0
    outer loop
      vertex -13.5107 -2.13965 2.2
      vertex -13.3 -2.15 0
      vertex -13.5107 -2.13965 0
    endloop
  endfacet
  facet normal -0.941515 0.33697 0
    outer loop
      vertex -11.3137 -0.822769 0
      vertex -11.2426 -0.624111 2.2
      vertex -11.2426 -0.624111 0
    endloop
  endfacet
  facet normal -0.941515 0.33697 0
    outer loop
      vertex -11.2426 -0.624111 2.2
      vertex -11.3137 -0.822769 0
      vertex -11.3137 -0.822769 2.2
    endloop
  endfacet
  facet normal -0.998784 0.0492909 0
    outer loop
      vertex -11.1604 -0.210736 0
      vertex -11.15 0 2.2
      vertex -11.15 0 0
    endloop
  endfacet
  facet normal -0.998784 0.0492909 0
    outer loop
      vertex -11.15 0 2.2
      vertex -11.1604 -0.210736 0
      vertex -11.1604 -0.210736 2.2
    endloop
  endfacet
  facet normal 0.998784 0.0492909 0
    outer loop
      vertex -15.4396 -0.210736 2.2
      vertex -15.45 0 0
      vertex -15.45 0 2.2
    endloop
  endfacet
  facet normal 0.998784 0.0492909 0
    outer loop
      vertex -15.45 0 0
      vertex -15.4396 -0.210736 2.2
      vertex -15.4396 -0.210736 0
    endloop
  endfacet
  facet normal -0.941515 -0.33697 0
    outer loop
      vertex -11.2426 0.624111 0
      vertex -11.3137 0.822769 2.2
      vertex -11.3137 0.822769 0
    endloop
  endfacet
  facet normal -0.941515 -0.33697 0
    outer loop
      vertex -11.3137 0.822769 2.2
      vertex -11.2426 0.624111 0
      vertex -11.2426 0.624111 2.2
    endloop
  endfacet
  facet normal -0.671396 -0.741099 0
    outer loop
      vertex -11.9361 1.66197 0
      vertex -11.7797 1.52028 2.2
      vertex -11.9361 1.66197 2.2
    endloop
  endfacet
  facet normal -0.671396 -0.741099 -0
    outer loop
      vertex -11.7797 1.52028 2.2
      vertex -11.9361 1.66197 0
      vertex -11.7797 1.52028 0
    endloop
  endfacet
  facet normal 0.0490628 -0.998796 0
    outer loop
      vertex -13.5107 2.13965 0
      vertex -13.3 2.15 2.2
      vertex -13.5107 2.13965 2.2
    endloop
  endfacet
  facet normal 0.0490628 -0.998796 0
    outer loop
      vertex -13.3 2.15 2.2
      vertex -13.5107 2.13965 0
      vertex -13.3 2.15 0
    endloop
  endfacet
  facet normal 0.740926 -0.671587 0
    outer loop
      vertex -14.962 1.36395 2.2
      vertex -14.8203 1.52028 0
      vertex -14.8203 1.52028 2.2
    endloop
  endfacet
  facet normal 0.740926 -0.671587 0
    outer loop
      vertex -14.8203 1.52028 0
      vertex -14.962 1.36395 2.2
      vertex -14.962 1.36395 0
    endloop
  endfacet
  facet normal -0.969994 0.24313 0
    outer loop
      vertex -11.2426 -0.624111 0
      vertex -11.1913 -0.419444 2.2
      vertex -11.1913 -0.419444 0
    endloop
  endfacet
  facet normal -0.969994 0.24313 0
    outer loop
      vertex -11.1913 -0.419444 2.2
      vertex -11.2426 -0.624111 0
      vertex -11.2426 -0.624111 2.2
    endloop
  endfacet
  facet normal 0.857886 -0.51384 0
    outer loop
      vertex -15.1961 1.0135 2.2
      vertex -15.0877 1.19448 0
      vertex -15.0877 1.19448 2.2
    endloop
  endfacet
  facet normal 0.857886 -0.51384 0
    outer loop
      vertex -15.0877 1.19448 0
      vertex -15.1961 1.0135 2.2
      vertex -15.1961 1.0135 0
    endloop
  endfacet
  facet normal -0.336823 0.941568 0
    outer loop
      vertex -12.4772 -1.98634 0
      vertex -12.6759 -2.05742 2.2
      vertex -12.4772 -1.98634 2.2
    endloop
  endfacet
  facet normal -0.336823 0.941568 0
    outer loop
      vertex -12.6759 -2.05742 2.2
      vertex -12.4772 -1.98634 0
      vertex -12.6759 -2.05742 0
    endloop
  endfacet
  facet normal 0.146741 -0.989175 0
    outer loop
      vertex -13.7194 2.10869 0
      vertex -13.5107 2.13965 2.2
      vertex -13.7194 2.10869 2.2
    endloop
  endfacet
  facet normal 0.146741 -0.989175 0
    outer loop
      vertex -13.5107 2.13965 2.2
      vertex -13.7194 2.10869 0
      vertex -13.5107 2.13965 0
    endloop
  endfacet
  facet normal 0.904006 -0.42752 0
    outer loop
      vertex -15.2863 0.822769 2.2
      vertex -15.1961 1.0135 0
      vertex -15.1961 1.0135 2.2
    endloop
  endfacet
  facet normal 0.904006 -0.42752 0
    outer loop
      vertex -15.1961 1.0135 0
      vertex -15.2863 0.822769 2.2
      vertex -15.2863 0.822769 0
    endloop
  endfacet
  facet normal 0.671396 0.741099 -0
    outer loop
      vertex -14.6639 -1.66197 0
      vertex -14.8203 -1.52028 2.2
      vertex -14.6639 -1.66197 2.2
    endloop
  endfacet
  facet normal 0.671396 0.741099 0
    outer loop
      vertex -14.8203 -1.52028 2.2
      vertex -14.6639 -1.66197 0
      vertex -14.8203 -1.52028 0
    endloop
  endfacet
  facet normal 0.969994 -0.24313 0
    outer loop
      vertex -15.4087 0.419444 2.2
      vertex -15.3574 0.624111 0
      vertex -15.3574 0.624111 2.2
    endloop
  endfacet
  facet normal 0.969994 -0.24313 0
    outer loop
      vertex -15.3574 0.624111 0
      vertex -15.4087 0.419444 2.2
      vertex -15.4087 0.419444 0
    endloop
  endfacet
  facet normal -0.146741 0.989175 0
    outer loop
      vertex -12.8806 -2.10869 0
      vertex -13.0893 -2.13965 2.2
      vertex -12.8806 -2.10869 2.2
    endloop
  endfacet
  facet normal -0.146741 0.989175 0
    outer loop
      vertex -13.0893 -2.13965 2.2
      vertex -12.8806 -2.10869 0
      vertex -13.0893 -2.13965 0
    endloop
  endfacet
  facet normal -0.857886 0.51384 0
    outer loop
      vertex -11.5123 -1.19448 0
      vertex -11.4039 -1.0135 2.2
      vertex -11.4039 -1.0135 0
    endloop
  endfacet
  facet normal -0.857886 0.51384 0
    outer loop
      vertex -11.4039 -1.0135 2.2
      vertex -11.5123 -1.19448 0
      vertex -11.5123 -1.19448 2.2
    endloop
  endfacet
  facet normal -0.595866 -0.803084 0
    outer loop
      vertex -12.1055 1.78766 0
      vertex -11.9361 1.66197 2.2
      vertex -12.1055 1.78766 2.2
    endloop
  endfacet
  facet normal -0.595866 -0.803084 -0
    outer loop
      vertex -11.9361 1.66197 2.2
      vertex -12.1055 1.78766 0
      vertex -11.9361 1.66197 0
    endloop
  endfacet
  facet normal 0.427616 0.903961 -0
    outer loop
      vertex -14.1228 -1.98634 0
      vertex -14.3135 -1.89613 2.2
      vertex -14.1228 -1.98634 2.2
    endloop
  endfacet
  facet normal 0.427616 0.903961 0
    outer loop
      vertex -14.3135 -1.89613 2.2
      vertex -14.1228 -1.98634 0
      vertex -14.3135 -1.89613 0
    endloop
  endfacet
  facet normal 0.514043 -0.857765 0
    outer loop
      vertex -14.4945 1.78766 0
      vertex -14.3135 1.89613 2.2
      vertex -14.4945 1.78766 2.2
    endloop
  endfacet
  facet normal 0.514043 -0.857765 0
    outer loop
      vertex -14.3135 1.89613 2.2
      vertex -14.4945 1.78766 0
      vertex -14.3135 1.89613 0
    endloop
  endfacet
  facet normal 0.671396 -0.741099 0
    outer loop
      vertex -14.8203 1.52028 0
      vertex -14.6639 1.66197 2.2
      vertex -14.8203 1.52028 2.2
    endloop
  endfacet
  facet normal 0.671396 -0.741099 0
    outer loop
      vertex -14.6639 1.66197 2.2
      vertex -14.8203 1.52028 0
      vertex -14.6639 1.66197 0
    endloop
  endfacet
  facet normal -0.857886 -0.51384 0
    outer loop
      vertex -11.4039 1.0135 0
      vertex -11.5123 1.19448 2.2
      vertex -11.5123 1.19448 0
    endloop
  endfacet
  facet normal -0.857886 -0.51384 0
    outer loop
      vertex -11.5123 1.19448 2.2
      vertex -11.4039 1.0135 0
      vertex -11.4039 1.0135 2.2
    endloop
  endfacet
  facet normal 0.242959 0.970036 -0
    outer loop
      vertex -13.7194 -2.10869 0
      vertex -13.9241 -2.05742 2.2
      vertex -13.7194 -2.10869 2.2
    endloop
  endfacet
  facet normal 0.242959 0.970036 0
    outer loop
      vertex -13.9241 -2.05742 2.2
      vertex -13.7194 -2.10869 0
      vertex -13.9241 -2.05742 0
    endloop
  endfacet
  facet normal -0.336823 -0.941568 0
    outer loop
      vertex -12.6759 2.05742 0
      vertex -12.4772 1.98634 2.2
      vertex -12.6759 2.05742 2.2
    endloop
  endfacet
  facet normal -0.336823 -0.941568 -0
    outer loop
      vertex -12.4772 1.98634 2.2
      vertex -12.6759 2.05742 0
      vertex -12.4772 1.98634 0
    endloop
  endfacet
  facet normal 0.336823 -0.941568 0
    outer loop
      vertex -14.1228 1.98634 0
      vertex -13.9241 2.05742 2.2
      vertex -14.1228 1.98634 2.2
    endloop
  endfacet
  facet normal 0.336823 -0.941568 0
    outer loop
      vertex -13.9241 2.05742 2.2
      vertex -14.1228 1.98634 0
      vertex -13.9241 2.05742 0
    endloop
  endfacet
  facet normal 0.857886 0.51384 0
    outer loop
      vertex -15.0877 -1.19448 2.2
      vertex -15.1961 -1.0135 0
      vertex -15.1961 -1.0135 2.2
    endloop
  endfacet
  facet normal 0.857886 0.51384 0
    outer loop
      vertex -15.1961 -1.0135 0
      vertex -15.0877 -1.19448 2.2
      vertex -15.0877 -1.19448 0
    endloop
  endfacet
  facet normal 0.514043 0.857765 -0
    outer loop
      vertex -14.3135 -1.89613 0
      vertex -14.4945 -1.78766 2.2
      vertex -14.3135 -1.89613 2.2
    endloop
  endfacet
  facet normal 0.514043 0.857765 0
    outer loop
      vertex -14.4945 -1.78766 2.2
      vertex -14.3135 -1.89613 0
      vertex -14.4945 -1.78766 0
    endloop
  endfacet
  facet normal 0.803179 0.595737 0
    outer loop
      vertex -14.962 -1.36395 2.2
      vertex -15.0877 -1.19448 0
      vertex -15.0877 -1.19448 2.2
    endloop
  endfacet
  facet normal 0.803179 0.595737 0
    outer loop
      vertex -15.0877 -1.19448 0
      vertex -14.962 -1.36395 2.2
      vertex -14.962 -1.36395 0
    endloop
  endfacet
  facet normal -0.989217 0.146457 0
    outer loop
      vertex -11.1913 -0.419444 0
      vertex -11.1604 -0.210736 2.2
      vertex -11.1604 -0.210736 0
    endloop
  endfacet
  facet normal -0.989217 0.146457 0
    outer loop
      vertex -11.1604 -0.210736 2.2
      vertex -11.1913 -0.419444 0
      vertex -11.1913 -0.419444 2.2
    endloop
  endfacet
  facet normal 0.989217 0.146457 0
    outer loop
      vertex -15.4087 -0.419444 2.2
      vertex -15.4396 -0.210736 0
      vertex -15.4396 -0.210736 2.2
    endloop
  endfacet
  facet normal 0.989217 0.146457 0
    outer loop
      vertex -15.4396 -0.210736 0
      vertex -15.4087 -0.419444 2.2
      vertex -15.4087 -0.419444 0
    endloop
  endfacet
  facet normal 0.595866 0.803084 -0
    outer loop
      vertex -14.4945 -1.78766 0
      vertex -14.6639 -1.66197 2.2
      vertex -14.4945 -1.78766 2.2
    endloop
  endfacet
  facet normal 0.595866 0.803084 0
    outer loop
      vertex -14.6639 -1.66197 2.2
      vertex -14.4945 -1.78766 0
      vertex -14.6639 -1.66197 0
    endloop
  endfacet
  facet normal -0.740926 -0.671587 0
    outer loop
      vertex -11.638 1.36395 0
      vertex -11.7797 1.52028 2.2
      vertex -11.7797 1.52028 0
    endloop
  endfacet
  facet normal -0.740926 -0.671587 0
    outer loop
      vertex -11.7797 1.52028 2.2
      vertex -11.638 1.36395 0
      vertex -11.638 1.36395 2.2
    endloop
  endfacet
  facet normal 0.803179 -0.595737 0
    outer loop
      vertex -15.0877 1.19448 2.2
      vertex -14.962 1.36395 0
      vertex -14.962 1.36395 2.2
    endloop
  endfacet
  facet normal 0.803179 -0.595737 0
    outer loop
      vertex -14.962 1.36395 0
      vertex -15.0877 1.19448 2.2
      vertex -15.0877 1.19448 0
    endloop
  endfacet
  facet normal 0.941515 -0.33697 0
    outer loop
      vertex -15.3574 0.624111 2.2
      vertex -15.2863 0.822769 0
      vertex -15.2863 0.822769 2.2
    endloop
  endfacet
  facet normal 0.941515 -0.33697 0
    outer loop
      vertex -15.2863 0.822769 0
      vertex -15.3574 0.624111 2.2
      vertex -15.3574 0.624111 0
    endloop
  endfacet
  facet normal 0.998784 -0.0492909 0
    outer loop
      vertex -15.45 0 2.2
      vertex -15.4396 0.210736 0
      vertex -15.4396 0.210736 2.2
    endloop
  endfacet
  facet normal 0.998784 -0.0492909 0
    outer loop
      vertex -15.4396 0.210736 0
      vertex -15.45 0 2.2
      vertex -15.45 0 0
    endloop
  endfacet
  facet normal 0.336823 0.941568 -0
    outer loop
      vertex -13.9241 -2.05742 0
      vertex -14.1228 -1.98634 2.2
      vertex -13.9241 -2.05742 2.2
    endloop
  endfacet
  facet normal 0.336823 0.941568 0
    outer loop
      vertex -14.1228 -1.98634 2.2
      vertex -13.9241 -2.05742 0
      vertex -14.1228 -1.98634 0
    endloop
  endfacet
  facet normal -0.740926 0.671587 0
    outer loop
      vertex -11.7797 -1.52028 0
      vertex -11.638 -1.36395 2.2
      vertex -11.638 -1.36395 0
    endloop
  endfacet
  facet normal -0.740926 0.671587 0
    outer loop
      vertex -11.638 -1.36395 2.2
      vertex -11.7797 -1.52028 0
      vertex -11.7797 -1.52028 2.2
    endloop
  endfacet
  facet normal -0.671396 0.741099 0
    outer loop
      vertex -11.7797 -1.52028 0
      vertex -11.9361 -1.66197 2.2
      vertex -11.7797 -1.52028 2.2
    endloop
  endfacet
  facet normal -0.671396 0.741099 0
    outer loop
      vertex -11.9361 -1.66197 2.2
      vertex -11.7797 -1.52028 0
      vertex -11.9361 -1.66197 0
    endloop
  endfacet
  facet normal -0.989217 -0.146457 0
    outer loop
      vertex 15.4396 0.210736 0
      vertex 15.4087 0.419444 2.2
      vertex 15.4087 0.419444 0
    endloop
  endfacet
  facet normal -0.989217 -0.146457 0
    outer loop
      vertex 15.4087 0.419444 2.2
      vertex 15.4396 0.210736 0
      vertex 15.4396 0.210736 2.2
    endloop
  endfacet
  facet normal -0.998784 -0.0492909 0
    outer loop
      vertex 15.45 0 0
      vertex 15.4396 0.210736 2.2
      vertex 15.4396 0.210736 0
    endloop
  endfacet
  facet normal -0.998784 -0.0492909 0
    outer loop
      vertex 15.4396 0.210736 2.2
      vertex 15.45 0 0
      vertex 15.45 0 2.2
    endloop
  endfacet
  facet normal -0.969994 -0.24313 0
    outer loop
      vertex 15.4087 0.419444 0
      vertex 15.3574 0.624111 2.2
      vertex 15.3574 0.624111 0
    endloop
  endfacet
  facet normal -0.969994 -0.24313 0
    outer loop
      vertex 15.3574 0.624111 2.2
      vertex 15.4087 0.419444 0
      vertex 15.4087 0.419444 2.2
    endloop
  endfacet
  facet normal -0.427616 0.903961 0
    outer loop
      vertex 14.3135 -1.89613 0
      vertex 14.1228 -1.98634 2.2
      vertex 14.3135 -1.89613 2.2
    endloop
  endfacet
  facet normal -0.427616 0.903961 0
    outer loop
      vertex 14.1228 -1.98634 2.2
      vertex 14.3135 -1.89613 0
      vertex 14.1228 -1.98634 0
    endloop
  endfacet
  facet normal 0.595866 -0.803084 0
    outer loop
      vertex 11.9361 1.66197 0
      vertex 12.1055 1.78766 2.2
      vertex 11.9361 1.66197 2.2
    endloop
  endfacet
  facet normal 0.595866 -0.803084 0
    outer loop
      vertex 12.1055 1.78766 2.2
      vertex 11.9361 1.66197 0
      vertex 12.1055 1.78766 0
    endloop
  endfacet
  facet normal -0.242959 -0.970036 0
    outer loop
      vertex 13.7194 2.10869 0
      vertex 13.9241 2.05742 2.2
      vertex 13.7194 2.10869 2.2
    endloop
  endfacet
  facet normal -0.242959 -0.970036 -0
    outer loop
      vertex 13.9241 2.05742 2.2
      vertex 13.7194 2.10869 0
      vertex 13.9241 2.05742 0
    endloop
  endfacet
  facet normal 0.904006 -0.42752 0
    outer loop
      vertex 11.3137 0.822769 2.2
      vertex 11.4039 1.0135 0
      vertex 11.4039 1.0135 2.2
    endloop
  endfacet
  facet normal 0.904006 -0.42752 0
    outer loop
      vertex 11.4039 1.0135 0
      vertex 11.3137 0.822769 2.2
      vertex 11.3137 0.822769 0
    endloop
  endfacet
  facet normal 0.969994 -0.24313 0
    outer loop
      vertex 11.1913 0.419444 2.2
      vertex 11.2426 0.624111 0
      vertex 11.2426 0.624111 2.2
    endloop
  endfacet
  facet normal 0.969994 -0.24313 0
    outer loop
      vertex 11.2426 0.624111 0
      vertex 11.1913 0.419444 2.2
      vertex 11.1913 0.419444 0
    endloop
  endfacet
  facet normal -0.514043 0.857765 0
    outer loop
      vertex 14.4945 -1.78766 0
      vertex 14.3135 -1.89613 2.2
      vertex 14.4945 -1.78766 2.2
    endloop
  endfacet
  facet normal -0.514043 0.857765 0
    outer loop
      vertex 14.3135 -1.89613 2.2
      vertex 14.4945 -1.78766 0
      vertex 14.3135 -1.89613 0
    endloop
  endfacet
  facet normal -0.242959 0.970036 0
    outer loop
      vertex 13.9241 -2.05742 0
      vertex 13.7194 -2.10869 2.2
      vertex 13.9241 -2.05742 2.2
    endloop
  endfacet
  facet normal -0.242959 0.970036 0
    outer loop
      vertex 13.7194 -2.10869 2.2
      vertex 13.9241 -2.05742 0
      vertex 13.7194 -2.10869 0
    endloop
  endfacet
  facet normal -0.0490628 -0.998796 0
    outer loop
      vertex 13.3 2.15 0
      vertex 13.5107 2.13965 2.2
      vertex 13.3 2.15 2.2
    endloop
  endfacet
  facet normal -0.0490628 -0.998796 -0
    outer loop
      vertex 13.5107 2.13965 2.2
      vertex 13.3 2.15 0
      vertex 13.5107 2.13965 0
    endloop
  endfacet
  facet normal -0.146741 -0.989175 0
    outer loop
      vertex 13.5107 2.13965 0
      vertex 13.7194 2.10869 2.2
      vertex 13.5107 2.13965 2.2
    endloop
  endfacet
  facet normal -0.146741 -0.989175 -0
    outer loop
      vertex 13.7194 2.10869 2.2
      vertex 13.5107 2.13965 0
      vertex 13.7194 2.10869 0
    endloop
  endfacet
  facet normal -0.427616 -0.903961 0
    outer loop
      vertex 14.1228 1.98634 0
      vertex 14.3135 1.89613 2.2
      vertex 14.1228 1.98634 2.2
    endloop
  endfacet
  facet normal -0.427616 -0.903961 -0
    outer loop
      vertex 14.3135 1.89613 2.2
      vertex 14.1228 1.98634 0
      vertex 14.3135 1.89613 0
    endloop
  endfacet
  facet normal -0.146741 0.989175 0
    outer loop
      vertex 13.7194 -2.10869 0
      vertex 13.5107 -2.13965 2.2
      vertex 13.7194 -2.10869 2.2
    endloop
  endfacet
  facet normal -0.146741 0.989175 0
    outer loop
      vertex 13.5107 -2.13965 2.2
      vertex 13.7194 -2.10869 0
      vertex 13.5107 -2.13965 0
    endloop
  endfacet
  facet normal 0 0 -1
    outer loop
      vertex 15.4396 -0.210736 2.2
      vertex 15.4396 0.210736 2.2
      vertex 15.45 0 2.2
    endloop
  endfacet
  facet normal 0 0 -1
    outer loop
      vertex 15.4087 -0.419444 2.2
      vertex 15.4396 0.210736 2.2
      vertex 15.4396 -0.210736 2.2
    endloop
  endfacet
  facet normal 0 0 -1
    outer loop
      vertex 15.4087 -0.419444 2.2
      vertex 15.4087 0.419444 2.2
      vertex 15.4396 0.210736 2.2
    endloop
  endfacet
  facet normal 0 0 -1
    outer loop
      vertex 15.3574 -0.624111 2.2
      vertex 15.4087 0.419444 2.2
      vertex 15.4087 -0.419444 2.2
    endloop
  endfacet
  facet normal 0 0 -1
    outer loop
      vertex 15.3574 -0.624111 2.2
      vertex 15.3574 0.624111 2.2
      vertex 15.4087 0.419444 2.2
    endloop
  endfacet
  facet normal 0 0 -1
    outer loop
      vertex 15.2863 -0.822769 2.2
      vertex 15.3574 0.624111 2.2
      vertex 15.3574 -0.624111 2.2
    endloop
  endfacet
  facet normal 0 0 -1
    outer loop
      vertex 15.2863 -0.822769 2.2
      vertex 15.2863 0.822769 2.2
      vertex 15.3574 0.624111 2.2
    endloop
  endfacet
  facet normal 0 0 -1
    outer loop
      vertex 15.1961 -1.0135 2.2
      vertex 15.2863 0.822769 2.2
      vertex 15.2863 -0.822769 2.2
    endloop
  endfacet
  facet normal 0 0 -1
    outer loop
      vertex 15.1961 -1.0135 2.2
      vertex 15.1961 1.0135 2.2
      vertex 15.2863 0.822769 2.2
    endloop
  endfacet
  facet normal 0 0 -1
    outer loop
      vertex 15.0877 -1.19448 2.2
      vertex 15.1961 1.0135 2.2
      vertex 15.1961 -1.0135 2.2
    endloop
  endfacet
  facet normal 0 0 -1
    outer loop
      vertex 15.0877 -1.19448 2.2
      vertex 15.0877 1.19448 2.2
      vertex 15.1961 1.0135 2.2
    endloop
  endfacet
  facet normal 0 0 -1
    outer loop
      vertex 14.962 -1.36395 2.2
      vertex 15.0877 1.19448 2.2
      vertex 15.0877 -1.19448 2.2
    endloop
  endfacet
  facet normal 0 0 -1
    outer loop
      vertex 14.962 -1.36395 2.2
      vertex 14.962 1.36395 2.2
      vertex 15.0877 1.19448 2.2
    endloop
  endfacet
  facet normal 0 0 -1
    outer loop
      vertex 14.8203 -1.52028 2.2
      vertex 14.962 1.36395 2.2
      vertex 14.962 -1.36395 2.2
    endloop
  endfacet
  facet normal 0 0 -1
    outer loop
      vertex 14.8203 -1.52028 2.2
      vertex 14.8203 1.52028 2.2
      vertex 14.962 1.36395 2.2
    endloop
  endfacet
  facet normal 0 0 -1
    outer loop
      vertex 14.6639 -1.66197 2.2
      vertex 14.8203 1.52028 2.2
      vertex 14.8203 -1.52028 2.2
    endloop
  endfacet
  facet normal 0 0 -1
    outer loop
      vertex 14.6639 -1.66197 2.2
      vertex 14.6639 1.66197 2.2
      vertex 14.8203 1.52028 2.2
    endloop
  endfacet
  facet normal 0 0 -1
    outer loop
      vertex 14.4945 -1.78766 2.2
      vertex 14.6639 1.66197 2.2
      vertex 14.6639 -1.66197 2.2
    endloop
  endfacet
  facet normal 0 0 -1
    outer loop
      vertex 14.4945 -1.78766 2.2
      vertex 14.4945 1.78766 2.2
      vertex 14.6639 1.66197 2.2
    endloop
  endfacet
  facet normal 0 0 -1
    outer loop
      vertex 14.3135 -1.89613 2.2
      vertex 14.4945 1.78766 2.2
      vertex 14.4945 -1.78766 2.2
    endloop
  endfacet
  facet normal 0 0 -1
    outer loop
      vertex 14.3135 -1.89613 2.2
      vertex 14.3135 1.89613 2.2
      vertex 14.4945 1.78766 2.2
    endloop
  endfacet
  facet normal 0 0 -1
    outer loop
      vertex 14.1228 -1.98634 2.2
      vertex 14.3135 1.89613 2.2
      vertex 14.3135 -1.89613 2.2
    endloop
  endfacet
  facet normal 0 0 -1
    outer loop
      vertex 14.1228 -1.98634 2.2
      vertex 14.1228 1.98634 2.2
      vertex 14.3135 1.89613 2.2
    endloop
  endfacet
  facet normal 0 0 -1
    outer loop
      vertex 13.9241 -2.05742 2.2
      vertex 14.1228 1.98634 2.2
      vertex 14.1228 -1.98634 2.2
    endloop
  endfacet
  facet normal 0 0 -1
    outer loop
      vertex 13.9241 -2.05742 2.2
      vertex 13.9241 2.05742 2.2
      vertex 14.1228 1.98634 2.2
    endloop
  endfacet
  facet normal 0 0 -1
    outer loop
      vertex 13.7194 -2.10869 2.2
      vertex 13.9241 2.05742 2.2
      vertex 13.9241 -2.05742 2.2
    endloop
  endfacet
  facet normal 0 0 -1
    outer loop
      vertex 13.7194 -2.10869 2.2
      vertex 13.7194 2.10869 2.2
      vertex 13.9241 2.05742 2.2
    endloop
  endfacet
  facet normal 0 0 -1
    outer loop
      vertex 13.5107 -2.13965 2.2
      vertex 13.7194 2.10869 2.2
      vertex 13.7194 -2.10869 2.2
    endloop
  endfacet
  facet normal 0 0 -1
    outer loop
      vertex 13.5107 -2.13965 2.2
      vertex 13.5107 2.13965 2.2
      vertex 13.7194 2.10869 2.2
    endloop
  endfacet
  facet normal 0 0 -1
    outer loop
      vertex 13.3 -2.15 2.2
      vertex 13.5107 2.13965 2.2
      vertex 13.5107 -2.13965 2.2
    endloop
  endfacet
  facet normal 0 0 -1
    outer loop
      vertex 13.3 -2.15 2.2
      vertex 13.3 2.15 2.2
      vertex 13.5107 2.13965 2.2
    endloop
  endfacet
  facet normal 0 0 -1
    outer loop
      vertex 13.0893 -2.13965 2.2
      vertex 13.3 2.15 2.2
      vertex 13.3 -2.15 2.2
    endloop
  endfacet
  facet normal 0 0 -1
    outer loop
      vertex 13.0893 -2.13965 2.2
      vertex 13.0893 2.13965 2.2
      vertex 13.3 2.15 2.2
    endloop
  endfacet
  facet normal 0 0 -1
    outer loop
      vertex 12.8806 -2.10869 2.2
      vertex 13.0893 2.13965 2.2
      vertex 13.0893 -2.13965 2.2
    endloop
  endfacet
  facet normal 0 0 -1
    outer loop
      vertex 12.8806 -2.10869 2.2
      vertex 12.8806 2.10869 2.2
      vertex 13.0893 2.13965 2.2
    endloop
  endfacet
  facet normal 0 0 -1
    outer loop
      vertex 12.6759 -2.05742 2.2
      vertex 12.8806 2.10869 2.2
      vertex 12.8806 -2.10869 2.2
    endloop
  endfacet
  facet normal 0 0 -1
    outer loop
      vertex 12.6759 -2.05742 2.2
      vertex 12.6759 2.05742 2.2
      vertex 12.8806 2.10869 2.2
    endloop
  endfacet
  facet normal 0 0 -1
    outer loop
      vertex 12.4772 -1.98634 2.2
      vertex 12.6759 2.05742 2.2
      vertex 12.6759 -2.05742 2.2
    endloop
  endfacet
  facet normal 0 0 -1
    outer loop
      vertex 12.4772 -1.98634 2.2
      vertex 12.4772 1.98634 2.2
      vertex 12.6759 2.05742 2.2
    endloop
  endfacet
  facet normal 0 0 -1
    outer loop
      vertex 12.2865 -1.89613 2.2
      vertex 12.4772 1.98634 2.2
      vertex 12.4772 -1.98634 2.2
    endloop
  endfacet
  facet normal 0 0 -1
    outer loop
      vertex 12.2865 -1.89613 2.2
      vertex 12.2865 1.89613 2.2
      vertex 12.4772 1.98634 2.2
    endloop
  endfacet
  facet normal 0 0 -1
    outer loop
      vertex 12.1055 -1.78766 2.2
      vertex 12.2865 1.89613 2.2
      vertex 12.2865 -1.89613 2.2
    endloop
  endfacet
  facet normal 0 0 -1
    outer loop
      vertex 12.1055 -1.78766 2.2
      vertex 12.1055 1.78766 2.2
      vertex 12.2865 1.89613 2.2
    endloop
  endfacet
  facet normal 0 0 -1
    outer loop
      vertex 11.9361 -1.66197 2.2
      vertex 12.1055 1.78766 2.2
      vertex 12.1055 -1.78766 2.2
    endloop
  endfacet
  facet normal 0 0 -1
    outer loop
      vertex 11.9361 -1.66197 2.2
      vertex 11.9361 1.66197 2.2
      vertex 12.1055 1.78766 2.2
    endloop
  endfacet
  facet normal 0 0 -1
    outer loop
      vertex 11.7797 -1.52028 2.2
      vertex 11.9361 1.66197 2.2
      vertex 11.9361 -1.66197 2.2
    endloop
  endfacet
  facet normal 0 0 -1
    outer loop
      vertex 11.7797 -1.52028 2.2
      vertex 11.7797 1.52028 2.2
      vertex 11.9361 1.66197 2.2
    endloop
  endfacet
  facet normal 0 0 -1
    outer loop
      vertex 11.638 -1.36395 2.2
      vertex 11.7797 1.52028 2.2
      vertex 11.7797 -1.52028 2.2
    endloop
  endfacet
  facet normal 0 0 -1
    outer loop
      vertex 11.638 -1.36395 2.2
      vertex 11.638 1.36395 2.2
      vertex 11.7797 1.52028 2.2
    endloop
  endfacet
  facet normal 0 0 -1
    outer loop
      vertex 11.5123 -1.19448 2.2
      vertex 11.638 1.36395 2.2
      vertex 11.638 -1.36395 2.2
    endloop
  endfacet
  facet normal 0 0 -1
    outer loop
      vertex 11.5123 -1.19448 2.2
      vertex 11.5123 1.19448 2.2
      vertex 11.638 1.36395 2.2
    endloop
  endfacet
  facet normal 0 0 -1
    outer loop
      vertex 11.4039 -1.0135 2.2
      vertex 11.5123 1.19448 2.2
      vertex 11.5123 -1.19448 2.2
    endloop
  endfacet
  facet normal 0 0 -1
    outer loop
      vertex 11.4039 -1.0135 2.2
      vertex 11.4039 1.0135 2.2
      vertex 11.5123 1.19448 2.2
    endloop
  endfacet
  facet normal 0 0 -1
    outer loop
      vertex 11.3137 -0.822769 2.2
      vertex 11.4039 1.0135 2.2
      vertex 11.4039 -1.0135 2.2
    endloop
  endfacet
  facet normal 0 0 -1
    outer loop
      vertex 11.3137 -0.822769 2.2
      vertex 11.3137 0.822769 2.2
      vertex 11.4039 1.0135 2.2
    endloop
  endfacet
  facet normal 0 0 -1
    outer loop
      vertex 11.2426 -0.624111 2.2
      vertex 11.3137 0.822769 2.2
      vertex 11.3137 -0.822769 2.2
    endloop
  endfacet
  facet normal 0 0 -1
    outer loop
      vertex 11.2426 -0.624111 2.2
      vertex 11.2426 0.624111 2.2
      vertex 11.3137 0.822769 2.2
    endloop
  endfacet
  facet normal 0 0 -1
    outer loop
      vertex 11.1913 -0.419444 2.2
      vertex 11.2426 0.624111 2.2
      vertex 11.2426 -0.624111 2.2
    endloop
  endfacet
  facet normal 0 0 -1
    outer loop
      vertex 11.1913 -0.419444 2.2
      vertex 11.1913 0.419444 2.2
      vertex 11.2426 0.624111 2.2
    endloop
  endfacet
  facet normal 0 0 -1
    outer loop
      vertex 11.1604 -0.210736 2.2
      vertex 11.1913 0.419444 2.2
      vertex 11.1913 -0.419444 2.2
    endloop
  endfacet
  facet normal 0 0 -1
    outer loop
      vertex 11.1604 -0.210736 2.2
      vertex 11.1604 0.210736 2.2
      vertex 11.1913 0.419444 2.2
    endloop
  endfacet
  facet normal 0 -0 -1
    outer loop
      vertex 11.1604 0.210736 2.2
      vertex 11.1604 -0.210736 2.2
      vertex 11.15 0 2.2
    endloop
  endfacet
  facet normal -0.803179 0.595737 0
    outer loop
      vertex 14.962 -1.36395 0
      vertex 15.0877 -1.19448 2.2
      vertex 15.0877 -1.19448 0
    endloop
  endfacet
  facet normal -0.803179 0.595737 0
    outer loop
      vertex 15.0877 -1.19448 2.2
      vertex 14.962 -1.36395 0
      vertex 14.962 -1.36395 2.2
    endloop
  endfacet
  facet normal 0.740926 0.671587 0
    outer loop
      vertex 11.7797 -1.52028 2.2
      vertex 11.638 -1.36395 0
      vertex 11.638 -1.36395 2.2
    endloop
  endfacet
  facet normal 0.740926 0.671587 0
    outer loop
      vertex 11.638 -1.36395 0
      vertex 11.7797 -1.52028 2.2
      vertex 11.7797 -1.52028 0
    endloop
  endfacet
  facet normal 0.514043 -0.857765 0
    outer loop
      vertex 12.1055 1.78766 0
      vertex 12.2865 1.89613 2.2
      vertex 12.1055 1.78766 2.2
    endloop
  endfacet
  facet normal 0.514043 -0.857765 0
    outer loop
      vertex 12.2865 1.89613 2.2
      vertex 12.1055 1.78766 0
      vertex 12.2865 1.89613 0
    endloop
  endfacet
  facet normal -0.989217 0.146457 0
    outer loop
      vertex 15.4087 -0.419444 0
      vertex 15.4396 -0.210736 2.2
      vertex 15.4396 -0.210736 0
    endloop
  endfacet
  facet normal -0.989217 0.146457 0
    outer loop
      vertex 15.4396 -0.210736 2.2
      vertex 15.4087 -0.419444 0
      vertex 15.4087 -0.419444 2.2
    endloop
  endfacet
  facet normal 0.146741 0.989175 -0
    outer loop
      vertex 13.0893 -2.13965 0
      vertex 12.8806 -2.10869 2.2
      vertex 13.0893 -2.13965 2.2
    endloop
  endfacet
  facet normal 0.146741 0.989175 0
    outer loop
      vertex 12.8806 -2.10869 2.2
      vertex 13.0893 -2.13965 0
      vertex 12.8806 -2.10869 0
    endloop
  endfacet
  facet normal -0.595866 0.803084 0
    outer loop
      vertex 14.6639 -1.66197 0
      vertex 14.4945 -1.78766 2.2
      vertex 14.6639 -1.66197 2.2
    endloop
  endfacet
  facet normal -0.595866 0.803084 0
    outer loop
      vertex 14.4945 -1.78766 2.2
      vertex 14.6639 -1.66197 0
      vertex 14.4945 -1.78766 0
    endloop
  endfacet
  facet normal 0.0490628 0.998796 -0
    outer loop
      vertex 13.3 -2.15 0
      vertex 13.0893 -2.13965 2.2
      vertex 13.3 -2.15 2.2
    endloop
  endfacet
  facet normal 0.0490628 0.998796 0
    outer loop
      vertex 13.0893 -2.13965 2.2
      vertex 13.3 -2.15 0
      vertex 13.0893 -2.13965 0
    endloop
  endfacet
  facet normal -0.595866 -0.803084 0
    outer loop
      vertex 14.4945 1.78766 0
      vertex 14.6639 1.66197 2.2
      vertex 14.4945 1.78766 2.2
    endloop
  endfacet
  facet normal -0.595866 -0.803084 -0
    outer loop
      vertex 14.6639 1.66197 2.2
      vertex 14.4945 1.78766 0
      vertex 14.6639 1.66197 0
    endloop
  endfacet
  facet normal -0.969994 0.24313 0
    outer loop
      vertex 15.3574 -0.624111 0
      vertex 15.4087 -0.419444 2.2
      vertex 15.4087 -0.419444 0
    endloop
  endfacet
  facet normal -0.969994 0.24313 0
    outer loop
      vertex 15.4087 -0.419444 2.2
      vertex 15.3574 -0.624111 0
      vertex 15.3574 -0.624111 2.2
    endloop
  endfacet
  facet normal 0.989217 -0.146457 0
    outer loop
      vertex 11.1604 0.210736 2.2
      vertex 11.1913 0.419444 0
      vertex 11.1913 0.419444 2.2
    endloop
  endfacet
  facet normal 0.989217 -0.146457 0
    outer loop
      vertex 11.1913 0.419444 0
      vertex 11.1604 0.210736 2.2
      vertex 11.1604 0.210736 0
    endloop
  endfacet
  facet normal 0.857886 -0.51384 0
    outer loop
      vertex 11.4039 1.0135 2.2
      vertex 11.5123 1.19448 0
      vertex 11.5123 1.19448 2.2
    endloop
  endfacet
  facet normal 0.857886 -0.51384 0
    outer loop
      vertex 11.5123 1.19448 0
      vertex 11.4039 1.0135 2.2
      vertex 11.4039 1.0135 0
    endloop
  endfacet
  facet normal 0.941515 0.33697 0
    outer loop
      vertex 11.3137 -0.822769 2.2
      vertex 11.2426 -0.624111 0
      vertex 11.2426 -0.624111 2.2
    endloop
  endfacet
  facet normal 0.941515 0.33697 0
    outer loop
      vertex 11.2426 -0.624111 0
      vertex 11.3137 -0.822769 2.2
      vertex 11.3137 -0.822769 0
    endloop
  endfacet
  facet normal 0.146741 -0.989175 0
    outer loop
      vertex 12.8806 2.10869 0
      vertex 13.0893 2.13965 2.2
      vertex 12.8806 2.10869 2.2
    endloop
  endfacet
  facet normal 0.146741 -0.989175 0
    outer loop
      vertex 13.0893 2.13965 2.2
      vertex 12.8806 2.10869 0
      vertex 13.0893 2.13965 0
    endloop
  endfacet
  facet normal -0.803179 -0.595737 0
    outer loop
      vertex 15.0877 1.19448 0
      vertex 14.962 1.36395 2.2
      vertex 14.962 1.36395 0
    endloop
  endfacet
  facet normal -0.803179 -0.595737 0
    outer loop
      vertex 14.962 1.36395 2.2
      vertex 15.0877 1.19448 0
      vertex 15.0877 1.19448 2.2
    endloop
  endfacet
  facet normal 0.969994 0.24313 0
    outer loop
      vertex 11.2426 -0.624111 2.2
      vertex 11.1913 -0.419444 0
      vertex 11.1913 -0.419444 2.2
    endloop
  endfacet
  facet normal 0.969994 0.24313 0
    outer loop
      vertex 11.1913 -0.419444 0
      vertex 11.2426 -0.624111 2.2
      vertex 11.2426 -0.624111 0
    endloop
  endfacet
  facet normal 0.998784 0.0492909 0
    outer loop
      vertex 11.1604 -0.210736 2.2
      vertex 11.15 0 0
      vertex 11.15 0 2.2
    endloop
  endfacet
  facet normal 0.998784 0.0492909 0
    outer loop
      vertex 11.15 0 0
      vertex 11.1604 -0.210736 2.2
      vertex 11.1604 -0.210736 0
    endloop
  endfacet
  facet normal -0.514043 -0.857765 0
    outer loop
      vertex 14.3135 1.89613 0
      vertex 14.4945 1.78766 2.2
      vertex 14.3135 1.89613 2.2
    endloop
  endfacet
  facet normal -0.514043 -0.857765 -0
    outer loop
      vertex 14.4945 1.78766 2.2
      vertex 14.3135 1.89613 0
      vertex 14.4945 1.78766 0
    endloop
  endfacet
  facet normal -0.998784 0.0492909 0
    outer loop
      vertex 15.4396 -0.210736 0
      vertex 15.45 0 2.2
      vertex 15.45 0 0
    endloop
  endfacet
  facet normal -0.998784 0.0492909 0
    outer loop
      vertex 15.45 0 2.2
      vertex 15.4396 -0.210736 0
      vertex 15.4396 -0.210736 2.2
    endloop
  endfacet
  facet normal -0.904006 0.42752 0
    outer loop
      vertex 15.1961 -1.0135 0
      vertex 15.2863 -0.822769 2.2
      vertex 15.2863 -0.822769 0
    endloop
  endfacet
  facet normal -0.904006 0.42752 0
    outer loop
      vertex 15.2863 -0.822769 2.2
      vertex 15.1961 -1.0135 0
      vertex 15.1961 -1.0135 2.2
    endloop
  endfacet
  facet normal -0.857886 -0.51384 0
    outer loop
      vertex 15.1961 1.0135 0
      vertex 15.0877 1.19448 2.2
      vertex 15.0877 1.19448 0
    endloop
  endfacet
  facet normal -0.857886 -0.51384 0
    outer loop
      vertex 15.0877 1.19448 2.2
      vertex 15.1961 1.0135 0
      vertex 15.1961 1.0135 2.2
    endloop
  endfacet
  facet normal -0.740926 -0.671587 0
    outer loop
      vertex 14.962 1.36395 0
      vertex 14.8203 1.52028 2.2
      vertex 14.8203 1.52028 0
    endloop
  endfacet
  facet normal -0.740926 -0.671587 0
    outer loop
      vertex 14.8203 1.52028 2.2
      vertex 14.962 1.36395 0
      vertex 14.962 1.36395 2.2
    endloop
  endfacet
  facet normal 0.0490628 -0.998796 0
    outer loop
      vertex 13.0893 2.13965 0
      vertex 13.3 2.15 2.2
      vertex 13.0893 2.13965 2.2
    endloop
  endfacet
  facet normal 0.0490628 -0.998796 0
    outer loop
      vertex 13.3 2.15 2.2
      vertex 13.0893 2.13965 0
      vertex 13.3 2.15 0
    endloop
  endfacet
  facet normal 0.740926 -0.671587 0
    outer loop
      vertex 11.638 1.36395 2.2
      vertex 11.7797 1.52028 0
      vertex 11.7797 1.52028 2.2
    endloop
  endfacet
  facet normal 0.740926 -0.671587 0
    outer loop
      vertex 11.7797 1.52028 0
      vertex 11.638 1.36395 2.2
      vertex 11.638 1.36395 0
    endloop
  endfacet
  facet normal 0.671396 0.741099 -0
    outer loop
      vertex 11.9361 -1.66197 0
      vertex 11.7797 -1.52028 2.2
      vertex 11.9361 -1.66197 2.2
    endloop
  endfacet
  facet normal 0.671396 0.741099 0
    outer loop
      vertex 11.7797 -1.52028 2.2
      vertex 11.9361 -1.66197 0
      vertex 11.7797 -1.52028 0
    endloop
  endfacet
  facet normal -0.0490628 0.998796 0
    outer loop
      vertex 13.5107 -2.13965 0
      vertex 13.3 -2.15 2.2
      vertex 13.5107 -2.13965 2.2
    endloop
  endfacet
  facet normal -0.0490628 0.998796 0
    outer loop
      vertex 13.3 -2.15 2.2
      vertex 13.5107 -2.13965 0
      vertex 13.3 -2.15 0
    endloop
  endfacet
  facet normal -0.941515 -0.33697 0
    outer loop
      vertex 15.3574 0.624111 0
      vertex 15.2863 0.822769 2.2
      vertex 15.2863 0.822769 0
    endloop
  endfacet
  facet normal -0.941515 -0.33697 0
    outer loop
      vertex 15.2863 0.822769 2.2
      vertex 15.3574 0.624111 0
      vertex 15.3574 0.624111 2.2
    endloop
  endfacet
  facet normal -0.857886 0.51384 0
    outer loop
      vertex 15.0877 -1.19448 0
      vertex 15.1961 -1.0135 2.2
      vertex 15.1961 -1.0135 0
    endloop
  endfacet
  facet normal -0.857886 0.51384 0
    outer loop
      vertex 15.1961 -1.0135 2.2
      vertex 15.0877 -1.19448 0
      vertex 15.0877 -1.19448 2.2
    endloop
  endfacet
  facet normal 0.242959 -0.970036 0
    outer loop
      vertex 12.6759 2.05742 0
      vertex 12.8806 2.10869 2.2
      vertex 12.6759 2.05742 2.2
    endloop
  endfacet
  facet normal 0.242959 -0.970036 0
    outer loop
      vertex 12.8806 2.10869 2.2
      vertex 12.6759 2.05742 0
      vertex 12.8806 2.10869 0
    endloop
  endfacet
  facet normal -0.336823 0.941568 0
    outer loop
      vertex 14.1228 -1.98634 0
      vertex 13.9241 -2.05742 2.2
      vertex 14.1228 -1.98634 2.2
    endloop
  endfacet
  facet normal -0.336823 0.941568 0
    outer loop
      vertex 13.9241 -2.05742 2.2
      vertex 14.1228 -1.98634 0
      vertex 13.9241 -2.05742 0
    endloop
  endfacet
  facet normal 0.427616 -0.903961 0
    outer loop
      vertex 12.2865 1.89613 0
      vertex 12.4772 1.98634 2.2
      vertex 12.2865 1.89613 2.2
    endloop
  endfacet
  facet normal 0.427616 -0.903961 0
    outer loop
      vertex 12.4772 1.98634 2.2
      vertex 12.2865 1.89613 0
      vertex 12.4772 1.98634 0
    endloop
  endfacet
  facet normal -0.904006 -0.42752 0
    outer loop
      vertex 15.2863 0.822769 0
      vertex 15.1961 1.0135 2.2
      vertex 15.1961 1.0135 0
    endloop
  endfacet
  facet normal -0.904006 -0.42752 0
    outer loop
      vertex 15.1961 1.0135 2.2
      vertex 15.2863 0.822769 0
      vertex 15.2863 0.822769 2.2
    endloop
  endfacet
  facet normal 0.671396 -0.741099 0
    outer loop
      vertex 11.7797 1.52028 0
      vertex 11.9361 1.66197 2.2
      vertex 11.7797 1.52028 2.2
    endloop
  endfacet
  facet normal 0.671396 -0.741099 0
    outer loop
      vertex 11.9361 1.66197 2.2
      vertex 11.7797 1.52028 0
      vertex 11.9361 1.66197 0
    endloop
  endfacet
  facet normal -0.336823 -0.941568 0
    outer loop
      vertex 13.9241 2.05742 0
      vertex 14.1228 1.98634 2.2
      vertex 13.9241 2.05742 2.2
    endloop
  endfacet
  facet normal -0.336823 -0.941568 -0
    outer loop
      vertex 14.1228 1.98634 2.2
      vertex 13.9241 2.05742 0
      vertex 14.1228 1.98634 0
    endloop
  endfacet
  facet normal 0.336823 -0.941568 0
    outer loop
      vertex 12.4772 1.98634 0
      vertex 12.6759 2.05742 2.2
      vertex 12.4772 1.98634 2.2
    endloop
  endfacet
  facet normal 0.336823 -0.941568 0
    outer loop
      vertex 12.6759 2.05742 2.2
      vertex 12.4772 1.98634 0
      vertex 12.6759 2.05742 0
    endloop
  endfacet
  facet normal 0.857886 0.51384 0
    outer loop
      vertex 11.5123 -1.19448 2.2
      vertex 11.4039 -1.0135 0
      vertex 11.4039 -1.0135 2.2
    endloop
  endfacet
  facet normal 0.857886 0.51384 0
    outer loop
      vertex 11.4039 -1.0135 0
      vertex 11.5123 -1.19448 2.2
      vertex 11.5123 -1.19448 0
    endloop
  endfacet
  facet normal 0.514043 0.857765 -0
    outer loop
      vertex 12.2865 -1.89613 0
      vertex 12.1055 -1.78766 2.2
      vertex 12.2865 -1.89613 2.2
    endloop
  endfacet
  facet normal 0.514043 0.857765 0
    outer loop
      vertex 12.1055 -1.78766 2.2
      vertex 12.2865 -1.89613 0
      vertex 12.1055 -1.78766 0
    endloop
  endfacet
  facet normal -0.671396 -0.741099 0
    outer loop
      vertex 14.6639 1.66197 0
      vertex 14.8203 1.52028 2.2
      vertex 14.6639 1.66197 2.2
    endloop
  endfacet
  facet normal -0.671396 -0.741099 -0
    outer loop
      vertex 14.8203 1.52028 2.2
      vertex 14.6639 1.66197 0
      vertex 14.8203 1.52028 0
    endloop
  endfacet
  facet normal 0.427616 0.903961 -0
    outer loop
      vertex 12.4772 -1.98634 0
      vertex 12.2865 -1.89613 2.2
      vertex 12.4772 -1.98634 2.2
    endloop
  endfacet
  facet normal 0.427616 0.903961 0
    outer loop
      vertex 12.2865 -1.89613 2.2
      vertex 12.4772 -1.98634 0
      vertex 12.2865 -1.89613 0
    endloop
  endfacet
  facet normal 0.803179 0.595737 0
    outer loop
      vertex 11.638 -1.36395 2.2
      vertex 11.5123 -1.19448 0
      vertex 11.5123 -1.19448 2.2
    endloop
  endfacet
  facet normal 0.803179 0.595737 0
    outer loop
      vertex 11.5123 -1.19448 0
      vertex 11.638 -1.36395 2.2
      vertex 11.638 -1.36395 0
    endloop
  endfacet
  facet normal 0.242959 0.970036 -0
    outer loop
      vertex 12.8806 -2.10869 0
      vertex 12.6759 -2.05742 2.2
      vertex 12.8806 -2.10869 2.2
    endloop
  endfacet
  facet normal 0.242959 0.970036 0
    outer loop
      vertex 12.6759 -2.05742 2.2
      vertex 12.8806 -2.10869 0
      vertex 12.6759 -2.05742 0
    endloop
  endfacet
  facet normal 0.336823 0.941568 -0
    outer loop
      vertex 12.6759 -2.05742 0
      vertex 12.4772 -1.98634 2.2
      vertex 12.6759 -2.05742 2.2
    endloop
  endfacet
  facet normal 0.336823 0.941568 0
    outer loop
      vertex 12.4772 -1.98634 2.2
      vertex 12.6759 -2.05742 0
      vertex 12.4772 -1.98634 0
    endloop
  endfacet
  facet normal 0.989217 0.146457 0
    outer loop
      vertex 11.1913 -0.419444 2.2
      vertex 11.1604 -0.210736 0
      vertex 11.1604 -0.210736 2.2
    endloop
  endfacet
  facet normal 0.989217 0.146457 0
    outer loop
      vertex 11.1604 -0.210736 0
      vertex 11.1913 -0.419444 2.2
      vertex 11.1913 -0.419444 0
    endloop
  endfacet
  facet normal 0.595866 0.803084 -0
    outer loop
      vertex 12.1055 -1.78766 0
      vertex 11.9361 -1.66197 2.2
      vertex 12.1055 -1.78766 2.2
    endloop
  endfacet
  facet normal 0.595866 0.803084 0
    outer loop
      vertex 11.9361 -1.66197 2.2
      vertex 12.1055 -1.78766 0
      vertex 11.9361 -1.66197 0
    endloop
  endfacet
  facet normal 0.904006 0.42752 0
    outer loop
      vertex 11.4039 -1.0135 2.2
      vertex 11.3137 -0.822769 0
      vertex 11.3137 -0.822769 2.2
    endloop
  endfacet
  facet normal 0.904006 0.42752 0
    outer loop
      vertex 11.3137 -0.822769 0
      vertex 11.4039 -1.0135 2.2
      vertex 11.4039 -1.0135 0
    endloop
  endfacet
  facet normal 0.941515 -0.33697 0
    outer loop
      vertex 11.2426 0.624111 2.2
      vertex 11.3137 0.822769 0
      vertex 11.3137 0.822769 2.2
    endloop
  endfacet
  facet normal 0.941515 -0.33697 0
    outer loop
      vertex 11.3137 0.822769 0
      vertex 11.2426 0.624111 2.2
      vertex 11.2426 0.624111 0
    endloop
  endfacet
  facet normal -0.941515 0.33697 0
    outer loop
      vertex 15.2863 -0.822769 0
      vertex 15.3574 -0.624111 2.2
      vertex 15.3574 -0.624111 0
    endloop
  endfacet
  facet normal -0.941515 0.33697 0
    outer loop
      vertex 15.3574 -0.624111 2.2
      vertex 15.2863 -0.822769 0
      vertex 15.2863 -0.822769 2.2
    endloop
  endfacet
  facet normal 0.803179 -0.595737 0
    outer loop
      vertex 11.5123 1.19448 2.2
      vertex 11.638 1.36395 0
      vertex 11.638 1.36395 2.2
    endloop
  endfacet
  facet normal 0.803179 -0.595737 0
    outer loop
      vertex 11.638 1.36395 0
      vertex 11.5123 1.19448 2.2
      vertex 11.5123 1.19448 0
    endloop
  endfacet
  facet normal 0.998784 -0.0492909 0
    outer loop
      vertex 11.15 0 2.2
      vertex 11.1604 0.210736 0
      vertex 11.1604 0.210736 2.2
    endloop
  endfacet
  facet normal 0.998784 -0.0492909 0
    outer loop
      vertex 11.1604 0.210736 0
      vertex 11.15 0 2.2
      vertex 11.15 0 0
    endloop
  endfacet
  facet normal -0.740926 0.671587 0
    outer loop
      vertex 14.8203 -1.52028 0
      vertex 14.962 -1.36395 2.2
      vertex 14.962 -1.36395 0
    endloop
  endfacet
  facet normal -0.740926 0.671587 0
    outer loop
      vertex 14.962 -1.36395 2.2
      vertex 14.8203 -1.52028 0
      vertex 14.8203 -1.52028 2.2
    endloop
  endfacet
  facet normal -0.671396 0.741099 0
    outer loop
      vertex 14.8203 -1.52028 0
      vertex 14.6639 -1.66197 2.2
      vertex 14.8203 -1.52028 2.2
    endloop
  endfacet
  facet normal -0.671396 0.741099 0
    outer loop
      vertex 14.6639 -1.66197 2.2
      vertex 14.8203 -1.52028 0
      vertex 14.6639 -1.66197 0
    endloop
  endfacet
  facet normal -0 0 1
    outer loop
      vertex -0.537216 0.169861 18.1
      vertex -0.124298 0.0345154 18.1
      vertex -0.12764 0.200974 18.1
    endloop
  endfacet
  facet normal -0 0 1
    outer loop
      vertex -0.543137 0.29744 18.1
      vertex -0.12764 0.200974 18.1
      vertex -0.137619 0.358414 18.1
    endloop
  endfacet
  facet normal 0 0 1
    outer loop
      vertex -0.124298 0.0345154 18.1
      vertex -0.537216 0.169861 18.1
      vertex -0.535248 0.0345154 18.1
    endloop
  endfacet
  facet normal -0 0 1
    outer loop
      vertex -0.552994 0.417267 18.1
      vertex -0.137619 0.358414 18.1
      vertex -0.154251 0.506821 18.1
    endloop
  endfacet
  facet normal 0 0 1
    outer loop
      vertex -0.124298 0.0345154 18.1
      vertex -0.537216 -0.100372 18.1
      vertex -0.12764 -0.131485 18.1
    endloop
  endfacet
  facet normal -0 0 1
    outer loop
      vertex -0.566788 0.529327 18.1
      vertex -0.154251 0.506821 18.1
      vertex -0.177551 0.64621 18.1
    endloop
  endfacet
  facet normal 0 0 1
    outer loop
      vertex -0.543137 -0.227585 18.1
      vertex -0.12764 -0.131485 18.1
      vertex -0.537216 -0.100372 18.1
    endloop
  endfacet
  facet normal 0 0 1
    outer loop
      vertex -0.584534 0.633621 18.1
      vertex -0.177551 0.64621 18.1
      vertex -0.207504 0.776581 18.1
    endloop
  endfacet
  facet normal 0 0 1
    outer loop
      vertex -0.12764 -0.131485 18.1
      vertex -0.543137 -0.227585 18.1
      vertex -0.137619 -0.288544 18.1
    endloop
  endfacet
  facet normal 0 0 1
    outer loop
      vertex -0.606216 0.730164 18.1
      vertex -0.207504 0.776581 18.1
      vertex -0.24411 0.897934 18.1
    endloop
  endfacet
  facet normal 0 0 1
    outer loop
      vertex -0.552994 -0.347076 18.1
      vertex -0.137619 -0.288544 18.1
      vertex -0.543137 -0.227585 18.1
    endloop
  endfacet
  facet normal 0 0 1
    outer loop
      vertex -0.631851 0.818939 18.1
      vertex -0.24411 0.897934 18.1
      vertex -0.287369 1.01027 18.1
    endloop
  endfacet
  facet normal 0 0 1
    outer loop
      vertex -0.137619 -0.288544 18.1
      vertex -0.552994 -0.347076 18.1
      vertex -0.154251 -0.43663 18.1
    endloop
  endfacet
  facet normal 0 0 1
    outer loop
      vertex -0.661423 0.899963 18.1
      vertex -0.287369 1.01027 18.1
      vertex -0.33728 1.11357 18.1
    endloop
  endfacet
  facet normal 0 0 1
    outer loop
      vertex -0.566788 -0.458862 18.1
      vertex -0.154251 -0.43663 18.1
      vertex -0.552994 -0.347076 18.1
    endloop
  endfacet
  facet normal 0 0 1
    outer loop
      vertex -0.694931 0.973221 18.1
      vertex -0.33728 1.11357 18.1
      vertex -0.39386 1.20786 18.1
    endloop
  endfacet
  facet normal 0 0 1
    outer loop
      vertex -0.154251 -0.43663 18.1
      vertex -0.566788 -0.458862 18.1
      vertex -0.177551 -0.57576 18.1
    endloop
  endfacet
  facet normal 0 0 1
    outer loop
      vertex -0.732391 1.03876 18.1
      vertex -0.39386 1.20786 18.1
      vertex -0.456726 1.29265 18.1
    endloop
  endfacet
  facet normal -0 0 1
    outer loop
      vertex -0.584534 -0.562927 18.1
      vertex -0.177551 -0.57576 18.1
      vertex -0.566788 -0.458862 18.1
    endloop
  endfacet
  facet normal 0 0 1
    outer loop
      vertex -0.773788 1.09657 18.1
      vertex -0.456726 1.29265 18.1
      vertex -0.525558 1.36746 18.1
    endloop
  endfacet
  facet normal 0 0 1
    outer loop
      vertex -0.537216 -0.100372 18.1
      vertex -0.124298 0.0345154 18.1
      vertex -0.535248 0.0345154 18.1
    endloop
  endfacet
  facet normal -0 0 1
    outer loop
      vertex -0.606216 -0.659302 18.1
      vertex -0.207504 -0.705902 18.1
      vertex -0.584534 -0.562927 18.1
    endloop
  endfacet
  facet normal 0 0 1
    outer loop
      vertex -0.177551 -0.57576 18.1
      vertex -0.584534 -0.562927 18.1
      vertex -0.207504 -0.705902 18.1
    endloop
  endfacet
  facet normal 0 0 1
    outer loop
      vertex -0.12764 0.200974 18.1
      vertex -0.543137 0.29744 18.1
      vertex -0.537216 0.169861 18.1
    endloop
  endfacet
  facet normal 0 0 1
    outer loop
      vertex -0.137619 0.358414 18.1
      vertex -0.552994 0.417267 18.1
      vertex -0.543137 0.29744 18.1
    endloop
  endfacet
  facet normal 0 0 1
    outer loop
      vertex -0.154251 0.506821 18.1
      vertex -0.566788 0.529327 18.1
      vertex -0.552994 0.417267 18.1
    endloop
  endfacet
  facet normal 0 0 1
    outer loop
      vertex -0.177551 0.64621 18.1
      vertex -0.584534 0.633621 18.1
      vertex -0.566788 0.529327 18.1
    endloop
  endfacet
  facet normal 0 0 1
    outer loop
      vertex -0.819138 1.14668 18.1
      vertex -0.525558 1.36746 18.1
      vertex -0.600342 1.4323 18.1
    endloop
  endfacet
  facet normal 0 0 1
    outer loop
      vertex -0.207504 0.776581 18.1
      vertex -0.606216 0.730164 18.1
      vertex -0.584534 0.633621 18.1
    endloop
  endfacet
  facet normal 0 0 1
    outer loop
      vertex -0.24411 0.897934 18.1
      vertex -0.631851 0.818939 18.1
      vertex -0.606216 0.730164 18.1
    endloop
  endfacet
  facet normal 0 0 1
    outer loop
      vertex -0.287369 1.01027 18.1
      vertex -0.661423 0.899963 18.1
      vertex -0.631851 0.818939 18.1
    endloop
  endfacet
  facet normal 0 0 1
    outer loop
      vertex -0.868439 1.18909 18.1
      vertex -0.600342 1.4323 18.1
      vertex -0.681076 1.48717 18.1
    endloop
  endfacet
  facet normal 0 0 1
    outer loop
      vertex -0.33728 1.11357 18.1
      vertex -0.694931 0.973221 18.1
      vertex -0.661423 0.899963 18.1
    endloop
  endfacet
  facet normal 0 0 1
    outer loop
      vertex -0.39386 1.20786 18.1
      vertex -0.732391 1.03876 18.1
      vertex -0.694931 0.973221 18.1
    endloop
  endfacet
  facet normal 0 0 1
    outer loop
      vertex -0.921661 1.22379 18.1
      vertex -0.681076 1.48717 18.1
      vertex -0.767761 1.53206 18.1
    endloop
  endfacet
  facet normal 0 0 1
    outer loop
      vertex -0.456726 1.29265 18.1
      vertex -0.773788 1.09657 18.1
      vertex -0.732391 1.03876 18.1
    endloop
  endfacet
  facet normal 0 0 1
    outer loop
      vertex -0.525558 1.36746 18.1
      vertex -0.819138 1.14668 18.1
      vertex -0.773788 1.09657 18.1
    endloop
  endfacet
  facet normal 0 0 1
    outer loop
      vertex -0.921661 1.22379 18.1
      vertex -0.767761 1.53206 18.1
      vertex -0.860397 1.56697 18.1
    endloop
  endfacet
  facet normal 0 0 1
    outer loop
      vertex -0.600342 1.4323 18.1
      vertex -0.868439 1.18909 18.1
      vertex -0.819138 1.14668 18.1
    endloop
  endfacet
  facet normal 0 0 1
    outer loop
      vertex -0.681076 1.48717 18.1
      vertex -0.921661 1.22379 18.1
      vertex -0.868439 1.18909 18.1
    endloop
  endfacet
  facet normal 0 0 1
    outer loop
      vertex -0.978836 1.25076 18.1
      vertex -0.860397 1.56697 18.1
      vertex -0.959 1.5919 18.1
    endloop
  endfacet
  facet normal 0 0 1
    outer loop
      vertex -0.860397 1.56697 18.1
      vertex -0.978836 1.25076 18.1
      vertex -0.921661 1.22379 18.1
    endloop
  endfacet
  facet normal 0 0 1
    outer loop
      vertex -0.959 1.5919 18.1
      vertex -1.03996 1.27005 18.1
      vertex -0.978836 1.25076 18.1
    endloop
  endfacet
  facet normal 0 0 1
    outer loop
      vertex -1.06354 1.60687 18.1
      vertex -1.03996 1.27005 18.1
      vertex -0.959 1.5919 18.1
    endloop
  endfacet
  facet normal 0 0 1
    outer loop
      vertex -1.06354 1.60687 18.1
      vertex -1.10503 1.2816 18.1
      vertex -1.03996 1.27005 18.1
    endloop
  endfacet
  facet normal 0 0 1
    outer loop
      vertex -1.17404 1.61186 18.1
      vertex -1.10503 1.2816 18.1
      vertex -1.06354 1.60687 18.1
    endloop
  endfacet
  facet normal 0 0 1
    outer loop
      vertex -1.17404 1.61186 18.1
      vertex -1.17404 1.28546 18.1
      vertex -1.10503 1.2816 18.1
    endloop
  endfacet
  facet normal 0 0 1
    outer loop
      vertex -1.17404 1.61186 18.1
      vertex -1.24261 1.2816 18.1
      vertex -1.17404 1.28546 18.1
    endloop
  endfacet
  facet normal -0 0 1
    outer loop
      vertex -1.28453 1.60687 18.1
      vertex -1.24261 1.2816 18.1
      vertex -1.17404 1.61186 18.1
    endloop
  endfacet
  facet normal 0 0 1
    outer loop
      vertex -1.28453 1.60687 18.1
      vertex -1.3073 1.27005 18.1
      vertex -1.24261 1.2816 18.1
    endloop
  endfacet
  facet normal -0 0 1
    outer loop
      vertex -1.38908 1.5919 18.1
      vertex -1.3073 1.27005 18.1
      vertex -1.28453 1.60687 18.1
    endloop
  endfacet
  facet normal 0 0 1
    outer loop
      vertex -1.3073 1.27005 18.1
      vertex -1.38908 1.5919 18.1
      vertex -1.36809 1.25076 18.1
    endloop
  endfacet
  facet normal -0 0 1
    outer loop
      vertex -1.48767 1.56697 18.1
      vertex -1.36809 1.25076 18.1
      vertex -1.38908 1.5919 18.1
    endloop
  endfacet
  facet normal 0 0 1
    outer loop
      vertex -1.36809 1.25076 18.1
      vertex -1.48767 1.56697 18.1
      vertex -1.42499 1.22379 18.1
    endloop
  endfacet
  facet normal -0 0 1
    outer loop
      vertex -1.58031 1.53206 18.1
      vertex -1.42499 1.22379 18.1
      vertex -1.48767 1.56697 18.1
    endloop
  endfacet
  facet normal -0 0 1
    outer loop
      vertex -1.66699 1.48717 18.1
      vertex -1.42499 1.22379 18.1
      vertex -1.58031 1.53206 18.1
    endloop
  endfacet
  facet normal 0 0 1
    outer loop
      vertex -1.42499 1.22379 18.1
      vertex -1.66699 1.48717 18.1
      vertex -1.478 1.18909 18.1
    endloop
  endfacet
  facet normal -0 0 1
    outer loop
      vertex -1.74773 1.4323 18.1
      vertex -1.478 1.18909 18.1
      vertex -1.66699 1.48717 18.1
    endloop
  endfacet
  facet normal 0 0 1
    outer loop
      vertex -1.478 1.18909 18.1
      vertex -1.74773 1.4323 18.1
      vertex -1.52711 1.14668 18.1
    endloop
  endfacet
  facet normal -0 0 1
    outer loop
      vertex -1.82251 1.36746 18.1
      vertex -1.52711 1.14668 18.1
      vertex -1.74773 1.4323 18.1
    endloop
  endfacet
  facet normal 0 0 1
    outer loop
      vertex -1.52711 1.14668 18.1
      vertex -1.82251 1.36746 18.1
      vertex -1.57234 1.09657 18.1
    endloop
  endfacet
  facet normal -0 0 1
    outer loop
      vertex -1.89134 1.29265 18.1
      vertex -1.57234 1.09657 18.1
      vertex -1.82251 1.36746 18.1
    endloop
  endfacet
  facet normal 0 0 1
    outer loop
      vertex -1.57234 1.09657 18.1
      vertex -1.89134 1.29265 18.1
      vertex -1.61366 1.03876 18.1
    endloop
  endfacet
  facet normal -0 0 1
    outer loop
      vertex -1.95421 1.20786 18.1
      vertex -1.61366 1.03876 18.1
      vertex -1.89134 1.29265 18.1
    endloop
  endfacet
  facet normal 0 0 1
    outer loop
      vertex -1.61366 1.03876 18.1
      vertex -1.95421 1.20786 18.1
      vertex -1.65109 0.973221 18.1
    endloop
  endfacet
  facet normal -0 0 1
    outer loop
      vertex -2.01079 1.11357 18.1
      vertex -1.65109 0.973221 18.1
      vertex -1.95421 1.20786 18.1
    endloop
  endfacet
  facet normal 0 0 1
    outer loop
      vertex -1.65109 0.973221 18.1
      vertex -2.01079 1.11357 18.1
      vertex -1.68462 0.899963 18.1
    endloop
  endfacet
  facet normal -0 0 1
    outer loop
      vertex -2.0607 1.01027 18.1
      vertex -1.68462 0.899963 18.1
      vertex -2.01079 1.11357 18.1
    endloop
  endfacet
  facet normal 0 0 1
    outer loop
      vertex -1.68462 0.899963 18.1
      vertex -2.0607 1.01027 18.1
      vertex -1.71419 0.818939 18.1
    endloop
  endfacet
  facet normal -0 0 1
    outer loop
      vertex -2.14056 0.776581 18.1
      vertex -1.73981 0.730164 18.1
      vertex -2.10396 0.897934 18.1
    endloop
  endfacet
  facet normal 0 0 1
    outer loop
      vertex -1.71419 0.818939 18.1
      vertex -2.10396 0.897934 18.1
      vertex -1.73981 0.730164 18.1
    endloop
  endfacet
  facet normal -0 0 1
    outer loop
      vertex -2.10396 0.897934 18.1
      vertex -1.71419 0.818939 18.1
      vertex -2.0607 1.01027 18.1
    endloop
  endfacet
  facet normal 0 0 1
    outer loop
      vertex -0.207504 -0.705902 18.1
      vertex -0.606216 -0.659302 18.1
      vertex -0.24411 -0.827072 18.1
    endloop
  endfacet
  facet normal -0 0 1
    outer loop
      vertex -0.631851 -0.747955 18.1
      vertex -0.24411 -0.827072 18.1
      vertex -0.606216 -0.659302 18.1
    endloop
  endfacet
  facet normal 0 0 1
    outer loop
      vertex -0.24411 -0.827072 18.1
      vertex -0.631851 -0.747955 18.1
      vertex -0.287369 -0.939285 18.1
    endloop
  endfacet
  facet normal -0 0 1
    outer loop
      vertex -0.661423 -0.828918 18.1
      vertex -0.287369 -0.939285 18.1
      vertex -0.631851 -0.747955 18.1
    endloop
  endfacet
  facet normal 0 0 1
    outer loop
      vertex -0.287369 -0.939285 18.1
      vertex -0.661423 -0.828918 18.1
      vertex -0.33728 -1.04251 18.1
    endloop
  endfacet
  facet normal -0 0 1
    outer loop
      vertex -0.694931 -0.902145 18.1
      vertex -0.33728 -1.04251 18.1
      vertex -0.661423 -0.828918 18.1
    endloop
  endfacet
  facet normal 0 0 1
    outer loop
      vertex -0.33728 -1.04251 18.1
      vertex -0.694931 -0.902145 18.1
      vertex -0.39386 -1.13678 18.1
    endloop
  endfacet
  facet normal -0 0 1
    outer loop
      vertex -0.732391 -0.967682 18.1
      vertex -0.39386 -1.13678 18.1
      vertex -0.694931 -0.902145 18.1
    endloop
  endfacet
  facet normal 0 0 1
    outer loop
      vertex -0.39386 -1.13678 18.1
      vertex -0.732391 -0.967682 18.1
      vertex -0.456726 -1.22157 18.1
    endloop
  endfacet
  facet normal -0 0 1
    outer loop
      vertex -0.773788 -1.0255 18.1
      vertex -0.456726 -1.22157 18.1
      vertex -0.732391 -0.967682 18.1
    endloop
  endfacet
  facet normal 0 0 1
    outer loop
      vertex -0.456726 -1.22157 18.1
      vertex -0.773788 -1.0255 18.1
      vertex -0.525558 -1.29639 18.1
    endloop
  endfacet
  facet normal -0 0 1
    outer loop
      vertex -0.819138 -1.07561 18.1
      vertex -0.525558 -1.29639 18.1
      vertex -0.773788 -1.0255 18.1
    endloop
  endfacet
  facet normal 0 0 1
    outer loop
      vertex -0.525558 -1.29639 18.1
      vertex -0.819138 -1.07561 18.1
      vertex -0.600342 -1.36122 18.1
    endloop
  endfacet
  facet normal -0 0 1
    outer loop
      vertex -0.868439 -1.118 18.1
      vertex -0.600342 -1.36122 18.1
      vertex -0.819138 -1.07561 18.1
    endloop
  endfacet
  facet normal 0 0 1
    outer loop
      vertex -0.600342 -1.36122 18.1
      vertex -0.868439 -1.118 18.1
      vertex -0.681076 -1.41608 18.1
    endloop
  endfacet
  facet normal -0 0 1
    outer loop
      vertex -0.921661 -1.15269 18.1
      vertex -0.681076 -1.41608 18.1
      vertex -0.868439 -1.118 18.1
    endloop
  endfacet
  facet normal 0 0 1
    outer loop
      vertex -0.681076 -1.41608 18.1
      vertex -0.921661 -1.15269 18.1
      vertex -0.767761 -1.46097 18.1
    endloop
  endfacet
  facet normal 0 0 1
    outer loop
      vertex -0.767761 -1.46097 18.1
      vertex -0.921661 -1.15269 18.1
      vertex -0.860397 -1.49588 18.1
    endloop
  endfacet
  facet normal -0 0 1
    outer loop
      vertex -0.978836 -1.17967 18.1
      vertex -0.860397 -1.49588 18.1
      vertex -0.921661 -1.15269 18.1
    endloop
  endfacet
  facet normal 0 0 1
    outer loop
      vertex -0.860397 -1.49588 18.1
      vertex -0.978836 -1.17967 18.1
      vertex -0.959 -1.52081 18.1
    endloop
  endfacet
  facet normal -0 0 1
    outer loop
      vertex -1.03996 -1.19894 18.1
      vertex -0.959 -1.52081 18.1
      vertex -0.978836 -1.17967 18.1
    endloop
  endfacet
  facet normal 0 0 1
    outer loop
      vertex -1.03996 -1.19894 18.1
      vertex -1.06354 -1.53578 18.1
      vertex -0.959 -1.52081 18.1
    endloop
  endfacet
  facet normal -0 0 1
    outer loop
      vertex -1.10503 -1.21051 18.1
      vertex -1.06354 -1.53578 18.1
      vertex -1.03996 -1.19894 18.1
    endloop
  endfacet
  facet normal 0 0 1
    outer loop
      vertex -1.17404 -1.54076 18.1
      vertex -1.10503 -1.21051 18.1
      vertex -1.17404 -1.21436 18.1
    endloop
  endfacet
  facet normal 0 0 1
    outer loop
      vertex -1.10503 -1.21051 18.1
      vertex -1.17404 -1.54076 18.1
      vertex -1.06354 -1.53578 18.1
    endloop
  endfacet
  facet normal 0 0 1
    outer loop
      vertex -1.24261 -1.21051 18.1
      vertex -1.17404 -1.54076 18.1
      vertex -1.17404 -1.21436 18.1
    endloop
  endfacet
  facet normal 0 0 1
    outer loop
      vertex -1.24261 -1.21051 18.1
      vertex -1.28453 -1.53578 18.1
      vertex -1.17404 -1.54076 18.1
    endloop
  endfacet
  facet normal 0 0 1
    outer loop
      vertex -1.3073 -1.19894 18.1
      vertex -1.28453 -1.53578 18.1
      vertex -1.24261 -1.21051 18.1
    endloop
  endfacet
  facet normal 0 0 1
    outer loop
      vertex -1.38908 -1.52081 18.1
      vertex -1.3073 -1.19894 18.1
      vertex -1.36809 -1.17967 18.1
    endloop
  endfacet
  facet normal 0 0 1
    outer loop
      vertex -1.3073 -1.19894 18.1
      vertex -1.38908 -1.52081 18.1
      vertex -1.28453 -1.53578 18.1
    endloop
  endfacet
  facet normal 0 0 1
    outer loop
      vertex -1.48767 -1.49588 18.1
      vertex -1.36809 -1.17967 18.1
      vertex -1.42499 -1.15269 18.1
    endloop
  endfacet
  facet normal 0 0 1
    outer loop
      vertex -1.66699 -1.41608 18.1
      vertex -1.42499 -1.15269 18.1
      vertex -1.478 -1.118 18.1
    endloop
  endfacet
  facet normal 0 0 1
    outer loop
      vertex -1.36809 -1.17967 18.1
      vertex -1.48767 -1.49588 18.1
      vertex -1.38908 -1.52081 18.1
    endloop
  endfacet
  facet normal 0 0 1
    outer loop
      vertex -1.74773 -1.36122 18.1
      vertex -1.478 -1.118 18.1
      vertex -1.52711 -1.07561 18.1
    endloop
  endfacet
  facet normal 0 0 1
    outer loop
      vertex -1.82251 -1.29639 18.1
      vertex -1.52711 -1.07561 18.1
      vertex -1.57234 -1.0255 18.1
    endloop
  endfacet
  facet normal 0 0 1
    outer loop
      vertex -1.42499 -1.15269 18.1
      vertex -1.58031 -1.46097 18.1
      vertex -1.48767 -1.49588 18.1
    endloop
  endfacet
  facet normal 0 0 1
    outer loop
      vertex -1.89134 -1.22157 18.1
      vertex -1.57234 -1.0255 18.1
      vertex -1.61366 -0.967682 18.1
    endloop
  endfacet
  facet normal 0 0 1
    outer loop
      vertex -1.95421 -1.13678 18.1
      vertex -1.61366 -0.967682 18.1
      vertex -1.65109 -0.902145 18.1
    endloop
  endfacet
  facet normal 0 0 1
    outer loop
      vertex -1.42499 -1.15269 18.1
      vertex -1.66699 -1.41608 18.1
      vertex -1.58031 -1.46097 18.1
    endloop
  endfacet
  facet normal 0 0 1
    outer loop
      vertex -2.01079 -1.04251 18.1
      vertex -1.65109 -0.902145 18.1
      vertex -1.68462 -0.828918 18.1
    endloop
  endfacet
  facet normal 0 0 1
    outer loop
      vertex -2.0607 -0.939285 18.1
      vertex -1.68462 -0.828918 18.1
      vertex -1.71419 -0.747955 18.1
    endloop
  endfacet
  facet normal 0 0 1
    outer loop
      vertex -2.10396 -0.827072 18.1
      vertex -1.71419 -0.747955 18.1
      vertex -1.73981 -0.659302 18.1
    endloop
  endfacet
  facet normal 0 0 1
    outer loop
      vertex -1.478 -1.118 18.1
      vertex -1.74773 -1.36122 18.1
      vertex -1.66699 -1.41608 18.1
    endloop
  endfacet
  facet normal 0 0 1
    outer loop
      vertex -2.14056 -0.705902 18.1
      vertex -1.73981 -0.659302 18.1
      vertex -1.76151 -0.562927 18.1
    endloop
  endfacet
  facet normal 0 0 1
    outer loop
      vertex -2.17052 -0.57576 18.1
      vertex -1.76151 -0.562927 18.1
      vertex -1.77924 -0.458862 18.1
    endloop
  endfacet
  facet normal -0 0 1
    outer loop
      vertex -2.19382 -0.43663 18.1
      vertex -1.77924 -0.458862 18.1
      vertex -1.79305 -0.347076 18.1
    endloop
  endfacet
  facet normal -0 0 1
    outer loop
      vertex -2.21045 -0.288544 18.1
      vertex -1.79305 -0.347076 18.1
      vertex -1.8029 -0.227585 18.1
    endloop
  endfacet
  facet normal 0 0 1
    outer loop
      vertex -1.52711 -1.07561 18.1
      vertex -1.82251 -1.29639 18.1
      vertex -1.74773 -1.36122 18.1
    endloop
  endfacet
  facet normal -0 0 1
    outer loop
      vertex -2.22044 -0.131485 18.1
      vertex -1.8029 -0.227585 18.1
      vertex -1.80881 -0.100372 18.1
    endloop
  endfacet
  facet normal -0 0 1
    outer loop
      vertex -2.22377 0.0345154 18.1
      vertex -1.80881 -0.100372 18.1
      vertex -1.81079 0.0345154 18.1
    endloop
  endfacet
  facet normal 0 0 1
    outer loop
      vertex -1.73981 0.730164 18.1
      vertex -2.14056 0.776581 18.1
      vertex -1.76151 0.633621 18.1
    endloop
  endfacet
  facet normal -0 0 1
    outer loop
      vertex -2.17052 0.64621 18.1
      vertex -1.76151 0.633621 18.1
      vertex -2.14056 0.776581 18.1
    endloop
  endfacet
  facet normal 0 0 1
    outer loop
      vertex -1.80881 -0.100372 18.1
      vertex -2.22377 0.0345154 18.1
      vertex -2.22044 -0.131485 18.1
    endloop
  endfacet
  facet normal 0 0 1
    outer loop
      vertex -1.76151 0.633621 18.1
      vertex -2.17052 0.64621 18.1
      vertex -1.77924 0.529327 18.1
    endloop
  endfacet
  facet normal 0 0 1
    outer loop
      vertex -1.8029 -0.227585 18.1
      vertex -2.22044 -0.131485 18.1
      vertex -2.21045 -0.288544 18.1
    endloop
  endfacet
  facet normal 0 0 1
    outer loop
      vertex -2.19382 0.506821 18.1
      vertex -1.77924 0.529327 18.1
      vertex -2.17052 0.64621 18.1
    endloop
  endfacet
  facet normal 0 0 1
    outer loop
      vertex -1.79305 -0.347076 18.1
      vertex -2.21045 -0.288544 18.1
      vertex -2.19382 -0.43663 18.1
    endloop
  endfacet
  facet normal 0 0 1
    outer loop
      vertex -1.77924 0.529327 18.1
      vertex -2.19382 0.506821 18.1
      vertex -1.79305 0.417267 18.1
    endloop
  endfacet
  facet normal 0 0 1
    outer loop
      vertex -1.80881 0.169861 18.1
      vertex -2.22377 0.0345154 18.1
      vertex -1.81079 0.0345154 18.1
    endloop
  endfacet
  facet normal 0 0 1
    outer loop
      vertex -2.21045 0.358414 18.1
      vertex -1.79305 0.417267 18.1
      vertex -2.19382 0.506821 18.1
    endloop
  endfacet
  facet normal 0 0 1
    outer loop
      vertex -1.77924 -0.458862 18.1
      vertex -2.19382 -0.43663 18.1
      vertex -2.17052 -0.57576 18.1
    endloop
  endfacet
  facet normal 0 0 1
    outer loop
      vertex -1.79305 0.417267 18.1
      vertex -2.21045 0.358414 18.1
      vertex -1.8029 0.29744 18.1
    endloop
  endfacet
  facet normal 0 0 1
    outer loop
      vertex -1.76151 -0.562927 18.1
      vertex -2.17052 -0.57576 18.1
      vertex -2.14056 -0.705902 18.1
    endloop
  endfacet
  facet normal 0 0 1
    outer loop
      vertex -2.22044 0.200974 18.1
      vertex -1.8029 0.29744 18.1
      vertex -2.21045 0.358414 18.1
    endloop
  endfacet
  facet normal 0 0 1
    outer loop
      vertex -1.73981 -0.659302 18.1
      vertex -2.14056 -0.705902 18.1
      vertex -2.10396 -0.827072 18.1
    endloop
  endfacet
  facet normal 0 0 1
    outer loop
      vertex -1.8029 0.29744 18.1
      vertex -2.22044 0.200974 18.1
      vertex -1.80881 0.169861 18.1
    endloop
  endfacet
  facet normal 0 0 1
    outer loop
      vertex -2.22377 0.0345154 18.1
      vertex -1.80881 0.169861 18.1
      vertex -2.22044 0.200974 18.1
    endloop
  endfacet
  facet normal 0 0 1
    outer loop
      vertex -1.71419 -0.747955 18.1
      vertex -2.10396 -0.827072 18.1
      vertex -2.0607 -0.939285 18.1
    endloop
  endfacet
  facet normal 0 0 1
    outer loop
      vertex -1.65109 -0.902145 18.1
      vertex -2.01079 -1.04251 18.1
      vertex -1.95421 -1.13678 18.1
    endloop
  endfacet
  facet normal 0 0 1
    outer loop
      vertex -1.57234 -1.0255 18.1
      vertex -1.89134 -1.22157 18.1
      vertex -1.82251 -1.29639 18.1
    endloop
  endfacet
  facet normal 0 0 1
    outer loop
      vertex -1.61366 -0.967682 18.1
      vertex -1.95421 -1.13678 18.1
      vertex -1.89134 -1.22157 18.1
    endloop
  endfacet
  facet normal 0 0 1
    outer loop
      vertex -1.68462 -0.828918 18.1
      vertex -2.0607 -0.939285 18.1
      vertex -2.01079 -1.04251 18.1
    endloop
  endfacet
  facet normal 0 0 1
    outer loop
      vertex 4.7932 1.55618 18.1
      vertex 4.29883 1.21059 18.1
      vertex 4.7932 1.38123 18.1
    endloop
  endfacet
  facet normal -0 0 1
    outer loop
      vertex 2.84021 1.55618 18.1
      vertex 4.29883 1.21059 18.1
      vertex 4.7932 1.55618 18.1
    endloop
  endfacet
  facet normal 0 0 1
    outer loop
      vertex 4.29883 1.21059 18.1
      vertex 2.84021 1.55618 18.1
      vertex 2.84021 1.21059 18.1
    endloop
  endfacet
  facet normal -0 0 1
    outer loop
      vertex 4.29883 1.21059 18.1
      vertex 3.69055 -1.48125 18.1
      vertex 4.7932 1.38123 18.1
    endloop
  endfacet
  facet normal 0 -0 1
    outer loop
      vertex 3.69055 -1.48125 18.1
      vertex 4.29883 1.21059 18.1
      vertex 3.26132 -1.48125 18.1
    endloop
  endfacet
  facet normal -0 0 1
    outer loop
      vertex 7.04843 0.169861 18.1
      vertex 7.46135 0.0345154 18.1
      vertex 7.45802 0.200974 18.1
    endloop
  endfacet
  facet normal -0 0 1
    outer loop
      vertex 7.04251 0.29744 18.1
      vertex 7.45802 0.200974 18.1
      vertex 7.44803 0.358414 18.1
    endloop
  endfacet
  facet normal 0 0 1
    outer loop
      vertex 7.46135 0.0345154 18.1
      vertex 7.04843 0.169861 18.1
      vertex 7.0504 0.0345154 18.1
    endloop
  endfacet
  facet normal -0 0 1
    outer loop
      vertex 7.03265 0.417267 18.1
      vertex 7.44803 0.358414 18.1
      vertex 7.4314 0.506821 18.1
    endloop
  endfacet
  facet normal 0 0 1
    outer loop
      vertex 7.46135 0.0345154 18.1
      vertex 7.04843 -0.100372 18.1
      vertex 7.45802 -0.131485 18.1
    endloop
  endfacet
  facet normal -0 0 1
    outer loop
      vertex 7.01886 0.529327 18.1
      vertex 7.4314 0.506821 18.1
      vertex 7.4081 0.64621 18.1
    endloop
  endfacet
  facet normal 0 0 1
    outer loop
      vertex 7.04251 -0.227585 18.1
      vertex 7.45802 -0.131485 18.1
      vertex 7.04843 -0.100372 18.1
    endloop
  endfacet
  facet normal 0 0 1
    outer loop
      vertex 7.00111 0.633621 18.1
      vertex 7.4081 0.64621 18.1
      vertex 7.37814 0.776581 18.1
    endloop
  endfacet
  facet normal 0 0 1
    outer loop
      vertex 7.45802 -0.131485 18.1
      vertex 7.04251 -0.227585 18.1
      vertex 7.44803 -0.288544 18.1
    endloop
  endfacet
  facet normal 0 0 1
    outer loop
      vertex 6.97943 0.730164 18.1
      vertex 7.37814 0.776581 18.1
      vertex 7.34154 0.897934 18.1
    endloop
  endfacet
  facet normal 0 0 1
    outer loop
      vertex 7.03265 -0.347076 18.1
      vertex 7.44803 -0.288544 18.1
      vertex 7.04251 -0.227585 18.1
    endloop
  endfacet
  facet normal 0 0 1
    outer loop
      vertex 6.9538 0.818939 18.1
      vertex 7.34154 0.897934 18.1
      vertex 7.29828 1.01027 18.1
    endloop
  endfacet
  facet normal 0 0 1
    outer loop
      vertex 7.44803 -0.288544 18.1
      vertex 7.03265 -0.347076 18.1
      vertex 7.4314 -0.43663 18.1
    endloop
  endfacet
  facet normal 0 0 1
    outer loop
      vertex 6.92422 0.899963 18.1
      vertex 7.29828 1.01027 18.1
      vertex 7.24837 1.11357 18.1
    endloop
  endfacet
  facet normal 0 0 1
    outer loop
      vertex 7.01886 -0.458862 18.1
      vertex 7.4314 -0.43663 18.1
      vertex 7.03265 -0.347076 18.1
    endloop
  endfacet
  facet normal 0 0 1
    outer loop
      vertex 6.89072 0.973221 18.1
      vertex 7.24837 1.11357 18.1
      vertex 7.19179 1.20786 18.1
    endloop
  endfacet
  facet normal 0 0 1
    outer loop
      vertex 7.4314 -0.43663 18.1
      vertex 7.01886 -0.458862 18.1
      vertex 7.4081 -0.57576 18.1
    endloop
  endfacet
  facet normal 0 0 1
    outer loop
      vertex 6.85326 1.03876 18.1
      vertex 7.19179 1.20786 18.1
      vertex 7.12892 1.29265 18.1
    endloop
  endfacet
  facet normal -0 0 1
    outer loop
      vertex 7.00111 -0.562927 18.1
      vertex 7.4081 -0.57576 18.1
      vertex 7.01886 -0.458862 18.1
    endloop
  endfacet
  facet normal 0 0 1
    outer loop
      vertex 6.81186 1.09657 18.1
      vertex 7.12892 1.29265 18.1
      vertex 7.06009 1.36746 18.1
    endloop
  endfacet
  facet normal 0 0 1
    outer loop
      vertex 7.04843 -0.100372 18.1
      vertex 7.46135 0.0345154 18.1
      vertex 7.0504 0.0345154 18.1
    endloop
  endfacet
  facet normal -0 0 1
    outer loop
      vertex 6.97943 -0.659302 18.1
      vertex 7.37814 -0.705902 18.1
      vertex 7.00111 -0.562927 18.1
    endloop
  endfacet
  facet normal 0 0 1
    outer loop
      vertex 7.4081 -0.57576 18.1
      vertex 7.00111 -0.562927 18.1
      vertex 7.37814 -0.705902 18.1
    endloop
  endfacet
  facet normal 0 0 1
    outer loop
      vertex 7.45802 0.200974 18.1
      vertex 7.04251 0.29744 18.1
      vertex 7.04843 0.169861 18.1
    endloop
  endfacet
  facet normal 0 0 1
    outer loop
      vertex 7.44803 0.358414 18.1
      vertex 7.03265 0.417267 18.1
      vertex 7.04251 0.29744 18.1
    endloop
  endfacet
  facet normal 0 0 1
    outer loop
      vertex 7.4314 0.506821 18.1
      vertex 7.01886 0.529327 18.1
      vertex 7.03265 0.417267 18.1
    endloop
  endfacet
  facet normal 0 0 1
    outer loop
      vertex 7.4081 0.64621 18.1
      vertex 7.00111 0.633621 18.1
      vertex 7.01886 0.529327 18.1
    endloop
  endfacet
  facet normal 0 0 1
    outer loop
      vertex 6.76651 1.14668 18.1
      vertex 7.06009 1.36746 18.1
      vertex 6.98531 1.4323 18.1
    endloop
  endfacet
  facet normal 0 0 1
    outer loop
      vertex 7.37814 0.776581 18.1
      vertex 6.97943 0.730164 18.1
      vertex 7.00111 0.633621 18.1
    endloop
  endfacet
  facet normal 0 0 1
    outer loop
      vertex 7.34154 0.897934 18.1
      vertex 6.9538 0.818939 18.1
      vertex 6.97943 0.730164 18.1
    endloop
  endfacet
  facet normal 0 0 1
    outer loop
      vertex 7.29828 1.01027 18.1
      vertex 6.92422 0.899963 18.1
      vertex 6.9538 0.818939 18.1
    endloop
  endfacet
  facet normal 0 0 1
    outer loop
      vertex 6.71722 1.18909 18.1
      vertex 6.98531 1.4323 18.1
      vertex 6.90457 1.48717 18.1
    endloop
  endfacet
  facet normal 0 0 1
    outer loop
      vertex 7.24837 1.11357 18.1
      vertex 6.89072 0.973221 18.1
      vertex 6.92422 0.899963 18.1
    endloop
  endfacet
  facet normal 0 0 1
    outer loop
      vertex 7.19179 1.20786 18.1
      vertex 6.85326 1.03876 18.1
      vertex 6.89072 0.973221 18.1
    endloop
  endfacet
  facet normal 0 0 1
    outer loop
      vertex 6.66399 1.22379 18.1
      vertex 6.90457 1.48717 18.1
      vertex 6.81789 1.53206 18.1
    endloop
  endfacet
  facet normal 0 0 1
    outer loop
      vertex 7.12892 1.29265 18.1
      vertex 6.81186 1.09657 18.1
      vertex 6.85326 1.03876 18.1
    endloop
  endfacet
  facet normal 0 0 1
    outer loop
      vertex 7.06009 1.36746 18.1
      vertex 6.76651 1.14668 18.1
      vertex 6.81186 1.09657 18.1
    endloop
  endfacet
  facet normal 0 0 1
    outer loop
      vertex 6.66399 1.22379 18.1
      vertex 6.81789 1.53206 18.1
      vertex 6.72525 1.56697 18.1
    endloop
  endfacet
  facet normal 0 0 1
    outer loop
      vertex 6.98531 1.4323 18.1
      vertex 6.71722 1.18909 18.1
      vertex 6.76651 1.14668 18.1
    endloop
  endfacet
  facet normal 0 0 1
    outer loop
      vertex 6.90457 1.48717 18.1
      vertex 6.66399 1.22379 18.1
      vertex 6.71722 1.18909 18.1
    endloop
  endfacet
  facet normal 0 0 1
    outer loop
      vertex 6.60681 1.25076 18.1
      vertex 6.72525 1.56697 18.1
      vertex 6.62665 1.5919 18.1
    endloop
  endfacet
  facet normal 0 0 1
    outer loop
      vertex 6.72525 1.56697 18.1
      vertex 6.60681 1.25076 18.1
      vertex 6.66399 1.22379 18.1
    endloop
  endfacet
  facet normal 0 0 1
    outer loop
      vertex 6.62665 1.5919 18.1
      vertex 6.54568 1.27005 18.1
      vertex 6.60681 1.25076 18.1
    endloop
  endfacet
  facet normal 0 0 1
    outer loop
      vertex 6.52211 1.60687 18.1
      vertex 6.54568 1.27005 18.1
      vertex 6.62665 1.5919 18.1
    endloop
  endfacet
  facet normal 0 0 1
    outer loop
      vertex 6.52211 1.60687 18.1
      vertex 6.48062 1.2816 18.1
      vertex 6.54568 1.27005 18.1
    endloop
  endfacet
  facet normal 0 0 1
    outer loop
      vertex 6.41162 1.61186 18.1
      vertex 6.48062 1.2816 18.1
      vertex 6.52211 1.60687 18.1
    endloop
  endfacet
  facet normal 0 0 1
    outer loop
      vertex 6.41162 1.61186 18.1
      vertex 6.41162 1.28546 18.1
      vertex 6.48062 1.2816 18.1
    endloop
  endfacet
  facet normal 0 0 1
    outer loop
      vertex 6.41162 1.61186 18.1
      vertex 6.34303 1.2816 18.1
      vertex 6.41162 1.28546 18.1
    endloop
  endfacet
  facet normal -0 0 1
    outer loop
      vertex 6.30112 1.60687 18.1
      vertex 6.34303 1.2816 18.1
      vertex 6.41162 1.61186 18.1
    endloop
  endfacet
  facet normal 0 0 1
    outer loop
      vertex 6.30112 1.60687 18.1
      vertex 6.27835 1.27005 18.1
      vertex 6.34303 1.2816 18.1
    endloop
  endfacet
  facet normal -0 0 1
    outer loop
      vertex 6.19658 1.5919 18.1
      vertex 6.27835 1.27005 18.1
      vertex 6.30112 1.60687 18.1
    endloop
  endfacet
  facet normal 0 0 1
    outer loop
      vertex 6.27835 1.27005 18.1
      vertex 6.19658 1.5919 18.1
      vertex 6.21756 1.25076 18.1
    endloop
  endfacet
  facet normal -0 0 1
    outer loop
      vertex 6.09798 1.56697 18.1
      vertex 6.21756 1.25076 18.1
      vertex 6.19658 1.5919 18.1
    endloop
  endfacet
  facet normal 0 0 1
    outer loop
      vertex 6.21756 1.25076 18.1
      vertex 6.09798 1.56697 18.1
      vertex 6.16066 1.22379 18.1
    endloop
  endfacet
  facet normal -0 0 1
    outer loop
      vertex 6.00534 1.53206 18.1
      vertex 6.16066 1.22379 18.1
      vertex 6.09798 1.56697 18.1
    endloop
  endfacet
  facet normal -0 0 1
    outer loop
      vertex 5.91866 1.48717 18.1
      vertex 6.16066 1.22379 18.1
      vertex 6.00534 1.53206 18.1
    endloop
  endfacet
  facet normal 0 0 1
    outer loop
      vertex 6.16066 1.22379 18.1
      vertex 5.91866 1.48717 18.1
      vertex 6.10765 1.18909 18.1
    endloop
  endfacet
  facet normal -0 0 1
    outer loop
      vertex 5.83792 1.4323 18.1
      vertex 6.10765 1.18909 18.1
      vertex 5.91866 1.48717 18.1
    endloop
  endfacet
  facet normal 0 0 1
    outer loop
      vertex 6.10765 1.18909 18.1
      vertex 5.83792 1.4323 18.1
      vertex 6.05853 1.14668 18.1
    endloop
  endfacet
  facet normal -0 0 1
    outer loop
      vertex 5.76314 1.36746 18.1
      vertex 6.05853 1.14668 18.1
      vertex 5.83792 1.4323 18.1
    endloop
  endfacet
  facet normal 0 0 1
    outer loop
      vertex 6.05853 1.14668 18.1
      vertex 5.76314 1.36746 18.1
      vertex 6.01332 1.09657 18.1
    endloop
  endfacet
  facet normal -0 0 1
    outer loop
      vertex 5.69431 1.29265 18.1
      vertex 6.01332 1.09657 18.1
      vertex 5.76314 1.36746 18.1
    endloop
  endfacet
  facet normal 0 0 1
    outer loop
      vertex 6.01332 1.09657 18.1
      vertex 5.69431 1.29265 18.1
      vertex 5.97198 1.03876 18.1
    endloop
  endfacet
  facet normal -0 0 1
    outer loop
      vertex 5.63144 1.20786 18.1
      vertex 5.97198 1.03876 18.1
      vertex 5.69431 1.29265 18.1
    endloop
  endfacet
  facet normal 0 0 1
    outer loop
      vertex 5.97198 1.03876 18.1
      vertex 5.63144 1.20786 18.1
      vertex 5.93456 0.973221 18.1
    endloop
  endfacet
  facet normal -0 0 1
    outer loop
      vertex 5.57486 1.11357 18.1
      vertex 5.93456 0.973221 18.1
      vertex 5.63144 1.20786 18.1
    endloop
  endfacet
  facet normal 0 0 1
    outer loop
      vertex 5.93456 0.973221 18.1
      vertex 5.57486 1.11357 18.1
      vertex 5.90103 0.899963 18.1
    endloop
  endfacet
  facet normal -0 0 1
    outer loop
      vertex 5.52495 1.01027 18.1
      vertex 5.90103 0.899963 18.1
      vertex 5.57486 1.11357 18.1
    endloop
  endfacet
  facet normal 0 0 1
    outer loop
      vertex 5.90103 0.899963 18.1
      vertex 5.52495 1.01027 18.1
      vertex 5.87146 0.818939 18.1
    endloop
  endfacet
  facet normal -0 0 1
    outer loop
      vertex 5.44508 0.776581 18.1
      vertex 5.84584 0.730164 18.1
      vertex 5.48169 0.897934 18.1
    endloop
  endfacet
  facet normal 0 0 1
    outer loop
      vertex 5.87146 0.818939 18.1
      vertex 5.48169 0.897934 18.1
      vertex 5.84584 0.730164 18.1
    endloop
  endfacet
  facet normal -0 0 1
    outer loop
      vertex 5.48169 0.897934 18.1
      vertex 5.87146 0.818939 18.1
      vertex 5.52495 1.01027 18.1
    endloop
  endfacet
  facet normal 0 0 1
    outer loop
      vertex 7.37814 -0.705902 18.1
      vertex 6.97943 -0.659302 18.1
      vertex 7.34154 -0.827072 18.1
    endloop
  endfacet
  facet normal -0 0 1
    outer loop
      vertex 6.9538 -0.747955 18.1
      vertex 7.34154 -0.827072 18.1
      vertex 6.97943 -0.659302 18.1
    endloop
  endfacet
  facet normal 0 0 1
    outer loop
      vertex 7.34154 -0.827072 18.1
      vertex 6.9538 -0.747955 18.1
      vertex 7.29828 -0.939285 18.1
    endloop
  endfacet
  facet normal -0 0 1
    outer loop
      vertex 6.92422 -0.828918 18.1
      vertex 7.29828 -0.939285 18.1
      vertex 6.9538 -0.747955 18.1
    endloop
  endfacet
  facet normal 0 0 1
    outer loop
      vertex 7.29828 -0.939285 18.1
      vertex 6.92422 -0.828918 18.1
      vertex 7.24837 -1.04251 18.1
    endloop
  endfacet
  facet normal -0 0 1
    outer loop
      vertex 6.89072 -0.902145 18.1
      vertex 7.24837 -1.04251 18.1
      vertex 6.92422 -0.828918 18.1
    endloop
  endfacet
  facet normal 0 0 1
    outer loop
      vertex 7.24837 -1.04251 18.1
      vertex 6.89072 -0.902145 18.1
      vertex 7.19179 -1.13678 18.1
    endloop
  endfacet
  facet normal -0 0 1
    outer loop
      vertex 6.85326 -0.967682 18.1
      vertex 7.19179 -1.13678 18.1
      vertex 6.89072 -0.902145 18.1
    endloop
  endfacet
  facet normal 0 0 1
    outer loop
      vertex 7.19179 -1.13678 18.1
      vertex 6.85326 -0.967682 18.1
      vertex 7.12892 -1.22157 18.1
    endloop
  endfacet
  facet normal -0 0 1
    outer loop
      vertex 6.81186 -1.0255 18.1
      vertex 7.12892 -1.22157 18.1
      vertex 6.85326 -0.967682 18.1
    endloop
  endfacet
  facet normal 0 0 1
    outer loop
      vertex 7.12892 -1.22157 18.1
      vertex 6.81186 -1.0255 18.1
      vertex 7.06009 -1.29639 18.1
    endloop
  endfacet
  facet normal -0 0 1
    outer loop
      vertex 6.76651 -1.07561 18.1
      vertex 7.06009 -1.29639 18.1
      vertex 6.81186 -1.0255 18.1
    endloop
  endfacet
  facet normal 0 0 1
    outer loop
      vertex 7.06009 -1.29639 18.1
      vertex 6.76651 -1.07561 18.1
      vertex 6.98531 -1.36122 18.1
    endloop
  endfacet
  facet normal -0 0 1
    outer loop
      vertex 6.71722 -1.118 18.1
      vertex 6.98531 -1.36122 18.1
      vertex 6.76651 -1.07561 18.1
    endloop
  endfacet
  facet normal 0 0 1
    outer loop
      vertex 6.98531 -1.36122 18.1
      vertex 6.71722 -1.118 18.1
      vertex 6.90457 -1.41608 18.1
    endloop
  endfacet
  facet normal -0 0 1
    outer loop
      vertex 6.66399 -1.15269 18.1
      vertex 6.90457 -1.41608 18.1
      vertex 6.71722 -1.118 18.1
    endloop
  endfacet
  facet normal 0 0 1
    outer loop
      vertex 6.90457 -1.41608 18.1
      vertex 6.66399 -1.15269 18.1
      vertex 6.81789 -1.46097 18.1
    endloop
  endfacet
  facet normal 0 0 1
    outer loop
      vertex 6.81789 -1.46097 18.1
      vertex 6.66399 -1.15269 18.1
      vertex 6.72525 -1.49588 18.1
    endloop
  endfacet
  facet normal -0 0 1
    outer loop
      vertex 6.60681 -1.17967 18.1
      vertex 6.72525 -1.49588 18.1
      vertex 6.66399 -1.15269 18.1
    endloop
  endfacet
  facet normal 0 0 1
    outer loop
      vertex 6.72525 -1.49588 18.1
      vertex 6.60681 -1.17967 18.1
      vertex 6.62665 -1.52081 18.1
    endloop
  endfacet
  facet normal -0 0 1
    outer loop
      vertex 6.54568 -1.19894 18.1
      vertex 6.62665 -1.52081 18.1
      vertex 6.60681 -1.17967 18.1
    endloop
  endfacet
  facet normal 0 0 1
    outer loop
      vertex 6.54568 -1.19894 18.1
      vertex 6.52211 -1.53578 18.1
      vertex 6.62665 -1.52081 18.1
    endloop
  endfacet
  facet normal -0 0 1
    outer loop
      vertex 6.48062 -1.21051 18.1
      vertex 6.52211 -1.53578 18.1
      vertex 6.54568 -1.19894 18.1
    endloop
  endfacet
  facet normal 0 0 1
    outer loop
      vertex 6.41162 -1.54076 18.1
      vertex 6.48062 -1.21051 18.1
      vertex 6.41162 -1.21436 18.1
    endloop
  endfacet
  facet normal 0 0 1
    outer loop
      vertex 6.48062 -1.21051 18.1
      vertex 6.41162 -1.54076 18.1
      vertex 6.52211 -1.53578 18.1
    endloop
  endfacet
  facet normal 0 0 1
    outer loop
      vertex 6.34303 -1.21051 18.1
      vertex 6.41162 -1.54076 18.1
      vertex 6.41162 -1.21436 18.1
    endloop
  endfacet
  facet normal 0 0 1
    outer loop
      vertex 6.34303 -1.21051 18.1
      vertex 6.30112 -1.53578 18.1
      vertex 6.41162 -1.54076 18.1
    endloop
  endfacet
  facet normal 0 0 1
    outer loop
      vertex 6.27835 -1.19894 18.1
      vertex 6.30112 -1.53578 18.1
      vertex 6.34303 -1.21051 18.1
    endloop
  endfacet
  facet normal 0 0 1
    outer loop
      vertex 6.19658 -1.52081 18.1
      vertex 6.27835 -1.19894 18.1
      vertex 6.21756 -1.17967 18.1
    endloop
  endfacet
  facet normal 0 0 1
    outer loop
      vertex 6.27835 -1.19894 18.1
      vertex 6.19658 -1.52081 18.1
      vertex 6.30112 -1.53578 18.1
    endloop
  endfacet
  facet normal 0 0 1
    outer loop
      vertex 6.09798 -1.49588 18.1
      vertex 6.21756 -1.17967 18.1
      vertex 6.16066 -1.15269 18.1
    endloop
  endfacet
  facet normal 0 0 1
    outer loop
      vertex 5.91866 -1.41608 18.1
      vertex 6.16066 -1.15269 18.1
      vertex 6.10765 -1.118 18.1
    endloop
  endfacet
  facet normal 0 0 1
    outer loop
      vertex 6.21756 -1.17967 18.1
      vertex 6.09798 -1.49588 18.1
      vertex 6.19658 -1.52081 18.1
    endloop
  endfacet
  facet normal 0 0 1
    outer loop
      vertex 5.83792 -1.36122 18.1
      vertex 6.10765 -1.118 18.1
      vertex 6.05853 -1.07561 18.1
    endloop
  endfacet
  facet normal 0 0 1
    outer loop
      vertex 5.76314 -1.29639 18.1
      vertex 6.05853 -1.07561 18.1
      vertex 6.01332 -1.0255 18.1
    endloop
  endfacet
  facet normal 0 0 1
    outer loop
      vertex 6.16066 -1.15269 18.1
      vertex 6.00534 -1.46097 18.1
      vertex 6.09798 -1.49588 18.1
    endloop
  endfacet
  facet normal 0 0 1
    outer loop
      vertex 5.69431 -1.22157 18.1
      vertex 6.01332 -1.0255 18.1
      vertex 5.97198 -0.967682 18.1
    endloop
  endfacet
  facet normal 0 0 1
    outer loop
      vertex 5.63144 -1.13678 18.1
      vertex 5.97198 -0.967682 18.1
      vertex 5.93456 -0.902145 18.1
    endloop
  endfacet
  facet normal 0 0 1
    outer loop
      vertex 6.16066 -1.15269 18.1
      vertex 5.91866 -1.41608 18.1
      vertex 6.00534 -1.46097 18.1
    endloop
  endfacet
  facet normal 0 0 1
    outer loop
      vertex 5.57486 -1.04251 18.1
      vertex 5.93456 -0.902145 18.1
      vertex 5.90103 -0.828918 18.1
    endloop
  endfacet
  facet normal 0 0 1
    outer loop
      vertex 5.52495 -0.939285 18.1
      vertex 5.90103 -0.828918 18.1
      vertex 5.87146 -0.747955 18.1
    endloop
  endfacet
  facet normal 0 0 1
    outer loop
      vertex 5.48169 -0.827072 18.1
      vertex 5.87146 -0.747955 18.1
      vertex 5.84584 -0.659302 18.1
    endloop
  endfacet
  facet normal 0 0 1
    outer loop
      vertex 6.10765 -1.118 18.1
      vertex 5.83792 -1.36122 18.1
      vertex 5.91866 -1.41608 18.1
    endloop
  endfacet
  facet normal 0 0 1
    outer loop
      vertex 5.44508 -0.705902 18.1
      vertex 5.84584 -0.659302 18.1
      vertex 5.82416 -0.562927 18.1
    endloop
  endfacet
  facet normal 0 0 1
    outer loop
      vertex 5.41513 -0.57576 18.1
      vertex 5.82416 -0.562927 18.1
      vertex 5.80641 -0.458862 18.1
    endloop
  endfacet
  facet normal -0 0 1
    outer loop
      vertex 5.39183 -0.43663 18.1
      vertex 5.80641 -0.458862 18.1
      vertex 5.7926 -0.347076 18.1
    endloop
  endfacet
  facet normal -0 0 1
    outer loop
      vertex 5.3752 -0.288544 18.1
      vertex 5.7926 -0.347076 18.1
      vertex 5.78275 -0.227585 18.1
    endloop
  endfacet
  facet normal 0 0 1
    outer loop
      vertex 6.05853 -1.07561 18.1
      vertex 5.76314 -1.29639 18.1
      vertex 5.83792 -1.36122 18.1
    endloop
  endfacet
  facet normal -0 0 1
    outer loop
      vertex 5.3652 -0.131485 18.1
      vertex 5.78275 -0.227585 18.1
      vertex 5.77684 -0.100372 18.1
    endloop
  endfacet
  facet normal -0 0 1
    outer loop
      vertex 5.36188 0.0345154 18.1
      vertex 5.77684 -0.100372 18.1
      vertex 5.77486 0.0345154 18.1
    endloop
  endfacet
  facet normal 0 0 1
    outer loop
      vertex 5.84584 0.730164 18.1
      vertex 5.44508 0.776581 18.1
      vertex 5.82416 0.633621 18.1
    endloop
  endfacet
  facet normal -0 0 1
    outer loop
      vertex 5.41513 0.64621 18.1
      vertex 5.82416 0.633621 18.1
      vertex 5.44508 0.776581 18.1
    endloop
  endfacet
  facet normal 0 0 1
    outer loop
      vertex 5.77684 -0.100372 18.1
      vertex 5.36188 0.0345154 18.1
      vertex 5.3652 -0.131485 18.1
    endloop
  endfacet
  facet normal 0 0 1
    outer loop
      vertex 5.82416 0.633621 18.1
      vertex 5.41513 0.64621 18.1
      vertex 5.80641 0.529327 18.1
    endloop
  endfacet
  facet normal 0 0 1
    outer loop
      vertex 5.78275 -0.227585 18.1
      vertex 5.3652 -0.131485 18.1
      vertex 5.3752 -0.288544 18.1
    endloop
  endfacet
  facet normal 0 0 1
    outer loop
      vertex 5.39183 0.506821 18.1
      vertex 5.80641 0.529327 18.1
      vertex 5.41513 0.64621 18.1
    endloop
  endfacet
  facet normal 0 0 1
    outer loop
      vertex 5.7926 -0.347076 18.1
      vertex 5.3752 -0.288544 18.1
      vertex 5.39183 -0.43663 18.1
    endloop
  endfacet
  facet normal 0 0 1
    outer loop
      vertex 5.80641 0.529327 18.1
      vertex 5.39183 0.506821 18.1
      vertex 5.7926 0.417267 18.1
    endloop
  endfacet
  facet normal 0 0 1
    outer loop
      vertex 5.77684 0.169861 18.1
      vertex 5.36188 0.0345154 18.1
      vertex 5.77486 0.0345154 18.1
    endloop
  endfacet
  facet normal 0 0 1
    outer loop
      vertex 5.3752 0.358414 18.1
      vertex 5.7926 0.417267 18.1
      vertex 5.39183 0.506821 18.1
    endloop
  endfacet
  facet normal 0 0 1
    outer loop
      vertex 5.80641 -0.458862 18.1
      vertex 5.39183 -0.43663 18.1
      vertex 5.41513 -0.57576 18.1
    endloop
  endfacet
  facet normal 0 0 1
    outer loop
      vertex 5.7926 0.417267 18.1
      vertex 5.3752 0.358414 18.1
      vertex 5.78275 0.29744 18.1
    endloop
  endfacet
  facet normal 0 0 1
    outer loop
      vertex 5.82416 -0.562927 18.1
      vertex 5.41513 -0.57576 18.1
      vertex 5.44508 -0.705902 18.1
    endloop
  endfacet
  facet normal 0 0 1
    outer loop
      vertex 5.3652 0.200974 18.1
      vertex 5.78275 0.29744 18.1
      vertex 5.3752 0.358414 18.1
    endloop
  endfacet
  facet normal 0 0 1
    outer loop
      vertex 5.84584 -0.659302 18.1
      vertex 5.44508 -0.705902 18.1
      vertex 5.48169 -0.827072 18.1
    endloop
  endfacet
  facet normal 0 0 1
    outer loop
      vertex 5.78275 0.29744 18.1
      vertex 5.3652 0.200974 18.1
      vertex 5.77684 0.169861 18.1
    endloop
  endfacet
  facet normal 0 0 1
    outer loop
      vertex 5.36188 0.0345154 18.1
      vertex 5.77684 0.169861 18.1
      vertex 5.3652 0.200974 18.1
    endloop
  endfacet
  facet normal 0 0 1
    outer loop
      vertex 5.87146 -0.747955 18.1
      vertex 5.48169 -0.827072 18.1
      vertex 5.52495 -0.939285 18.1
    endloop
  endfacet
  facet normal 0 0 1
    outer loop
      vertex 5.93456 -0.902145 18.1
      vertex 5.57486 -1.04251 18.1
      vertex 5.63144 -1.13678 18.1
    endloop
  endfacet
  facet normal 0 0 1
    outer loop
      vertex 6.01332 -1.0255 18.1
      vertex 5.69431 -1.22157 18.1
      vertex 5.76314 -1.29639 18.1
    endloop
  endfacet
  facet normal 0 0 1
    outer loop
      vertex 5.97198 -0.967682 18.1
      vertex 5.63144 -1.13678 18.1
      vertex 5.69431 -1.22157 18.1
    endloop
  endfacet
  facet normal 0 0 1
    outer loop
      vertex 5.90103 -0.828918 18.1
      vertex 5.52495 -0.939285 18.1
      vertex 5.57486 -1.04251 18.1
    endloop
  endfacet
  facet normal 0 0 1
    outer loop
      vertex -6.0811 1.55618 18.1
      vertex -6.48796 1.18178 18.1
      vertex -6.0811 -1.13564 18.1
    endloop
  endfacet
  facet normal -0 0 1
    outer loop
      vertex -6.49203 1.55618 18.1
      vertex -6.48796 1.18178 18.1
      vertex -6.0811 1.55618 18.1
    endloop
  endfacet
  facet normal -0 0 1
    outer loop
      vertex -7.21831 1.41026 18.1
      vertex -6.48796 1.18178 18.1
      vertex -6.49203 1.55618 18.1
    endloop
  endfacet
  facet normal 0 0 1
    outer loop
      vertex -6.48796 1.18178 18.1
      vertex -7.21831 1.41026 18.1
      vertex -7.21831 1.03586 18.1
    endloop
  endfacet
  facet normal -0 0 1
    outer loop
      vertex -6.0811 -1.13564 18.1
      vertex -5.40976 -1.48125 18.1
      vertex -5.40976 -1.13564 18.1
    endloop
  endfacet
  facet normal 0 0 1
    outer loop
      vertex -6.48796 -1.13564 18.1
      vertex -6.0811 -1.13564 18.1
      vertex -6.48796 1.18178 18.1
    endloop
  endfacet
  facet normal -0 0 1
    outer loop
      vertex -6.48796 -1.13564 18.1
      vertex -5.40976 -1.48125 18.1
      vertex -6.0811 -1.13564 18.1
    endloop
  endfacet
  facet normal 0 0 1
    outer loop
      vertex -7.15933 -1.48125 18.1
      vertex -6.48796 -1.13564 18.1
      vertex -7.15933 -1.13564 18.1
    endloop
  endfacet
  facet normal 0 0 1
    outer loop
      vertex -6.48796 -1.13564 18.1
      vertex -7.15933 -1.48125 18.1
      vertex -5.40976 -1.48125 18.1
    endloop
  endfacet
  facet normal -0 0 1
    outer loop
      vertex -4.55014 -0.423325 18.1
      vertex -3.51262 -0.765076 18.1
      vertex -3.51262 -0.423325 18.1
    endloop
  endfacet
  facet normal 0 0 1
    outer loop
      vertex -4.8838 -0.765076 18.1
      vertex -4.55014 -0.423325 18.1
      vertex -4.8838 -0.368362 18.1
    endloop
  endfacet
  facet normal 0 0 1
    outer loop
      vertex -4.55014 -0.423325 18.1
      vertex -4.8838 -0.765076 18.1
      vertex -3.51262 -0.765076 18.1
    endloop
  endfacet
  facet normal -0 0 1
    outer loop
      vertex -3.51262 1.19814 18.1
      vertex -3.10373 -0.423325 18.1
      vertex -3.10373 1.55618 18.1
    endloop
  endfacet
  facet normal 0 0 1
    outer loop
      vertex -3.51262 -0.423325 18.1
      vertex -3.10373 -0.423325 18.1
      vertex -3.51262 1.19814 18.1
    endloop
  endfacet
  facet normal 0 0 1
    outer loop
      vertex -3.10373 -0.423325 18.1
      vertex -3.51262 -0.423325 18.1
      vertex -3.10373 -0.765076 18.1
    endloop
  endfacet
  facet normal -0 0 1
    outer loop
      vertex -3.62044 1.55618 18.1
      vertex -3.51262 1.19814 18.1
      vertex -3.10373 1.55618 18.1
    endloop
  endfacet
  facet normal 0 0 1
    outer loop
      vertex -4.8838 -0.368362 18.1
      vertex -3.51262 1.19814 18.1
      vertex -3.62044 1.55618 18.1
    endloop
  endfacet
  facet normal 0 0 1
    outer loop
      vertex -3.51262 1.19814 18.1
      vertex -4.8838 -0.368362 18.1
      vertex -4.55014 -0.423325 18.1
    endloop
  endfacet
  facet normal -0 0 1
    outer loop
      vertex -3.10373 -0.423325 18.1
      vertex -2.67041 -0.765076 18.1
      vertex -2.67041 -0.423325 18.1
    endloop
  endfacet
  facet normal 0 0 1
    outer loop
      vertex -2.67041 -0.765076 18.1
      vertex -3.10373 -0.423325 18.1
      vertex -3.10373 -0.765076 18.1
    endloop
  endfacet
  facet normal 0 0 1
    outer loop
      vertex -3.51262 -0.765076 18.1
      vertex -3.10373 -0.765076 18.1
      vertex -3.51262 -0.423325 18.1
    endloop
  endfacet
  facet normal 0 0 1
    outer loop
      vertex -3.10373 -0.765076 18.1
      vertex -3.51262 -0.765076 18.1
      vertex -3.10373 -1.48125 18.1
    endloop
  endfacet
  facet normal 0 0 1
    outer loop
      vertex -3.10373 -1.48125 18.1
      vertex -3.51262 -0.765076 18.1
      vertex -3.51262 -1.48125 18.1
    endloop
  endfacet
  facet normal -0 0 1
    outer loop
      vertex 1.93556 0.797775 18.1
      vertex 1.5531 -0.311218 18.1
      vertex 2.37701 0.797775 18.1
    endloop
  endfacet
  facet normal 0 -0 1
    outer loop
      vertex 1.5531 -0.311218 18.1
      vertex 1.93556 0.797775 18.1
      vertex 1.33138 -0.0141296 18.1
    endloop
  endfacet
  facet normal 0 0 1
    outer loop
      vertex 1.5531 -0.311218 18.1
      vertex 1.97829 -1.48125 18.1
      vertex 2.41974 -1.48125 18.1
    endloop
  endfacet
  facet normal -0 0 1
    outer loop
      vertex 1.09535 -0.288803 18.1
      vertex 1.5531 -0.311218 18.1
      vertex 1.33138 -0.0141296 18.1
    endloop
  endfacet
  facet normal 0 0 1
    outer loop
      vertex 1.5531 -0.311218 18.1
      vertex 1.31508 -0.585892 18.1
      vertex 1.97829 -1.48125 18.1
    endloop
  endfacet
  facet normal 0 0 1
    outer loop
      vertex 1.5531 -0.311218 18.1
      vertex 1.09535 -0.288803 18.1
      vertex 1.31508 -0.585892 18.1
    endloop
  endfacet
  facet normal 0 0 1
    outer loop
      vertex 0.727142 0.797775 18.1
      vertex 1.09535 -0.288803 18.1
      vertex 1.33138 -0.0141296 18.1
    endloop
  endfacet
  facet normal 0 0 1
    outer loop
      vertex 1.09535 -0.288803 18.1
      vertex 0.727142 0.797775 18.1
      vertex 0.28569 0.797775 18.1
    endloop
  endfacet
  facet normal 0 0 1
    outer loop
      vertex 1.09535 -0.288803 18.1
      vertex 0.651871 -1.48125 18.1
      vertex 1.31508 -0.585892 18.1
    endloop
  endfacet
  facet normal 0 -0 1
    outer loop
      vertex 0.651871 -1.48125 18.1
      vertex 1.09535 -0.288803 18.1
      vertex 0.210419 -1.48125 18.1
    endloop
  endfacet
  facet normal -0.141753 0.989902 0
    outer loop
      vertex -0.959 -1.52081 18.1
      vertex -1.06354 -1.53578 18.5
      vertex -0.959 -1.52081 18.5
    endloop
  endfacet
  facet normal -0.141753 0.989902 0
    outer loop
      vertex -1.06354 -1.53578 18.5
      vertex -0.959 -1.52081 18.1
      vertex -1.06354 -1.53578 18.1
    endloop
  endfacet
  facet normal -0.245119 0.969493 0
    outer loop
      vertex -0.860397 -1.49588 18.1
      vertex -0.959 -1.52081 18.5
      vertex -0.860397 -1.49588 18.5
    endloop
  endfacet
  facet normal -0.245119 0.969493 0
    outer loop
      vertex -0.959 -1.52081 18.5
      vertex -0.860397 -1.49588 18.1
      vertex -0.959 -1.52081 18.1
    endloop
  endfacet
  facet normal -0.352642 0.935758 0
    outer loop
      vertex -0.767761 -1.46097 18.1
      vertex -0.860397 -1.49588 18.5
      vertex -0.767761 -1.46097 18.5
    endloop
  endfacet
  facet normal -0.352642 0.935758 0
    outer loop
      vertex -0.860397 -1.49588 18.5
      vertex -0.767761 -1.46097 18.1
      vertex -0.860397 -1.49588 18.1
    endloop
  endfacet
  facet normal -0.459851 0.887996 0
    outer loop
      vertex -0.681076 -1.41608 18.1
      vertex -0.767761 -1.46097 18.5
      vertex -0.681076 -1.41608 18.5
    endloop
  endfacet
  facet normal -0.459851 0.887996 0
    outer loop
      vertex -0.767761 -1.46097 18.5
      vertex -0.681076 -1.41608 18.1
      vertex -0.767761 -1.46097 18.1
    endloop
  endfacet
  facet normal -0.562036 0.827113 0
    outer loop
      vertex -0.600342 -1.36122 18.1
      vertex -0.681076 -1.41608 18.5
      vertex -0.600342 -1.36122 18.5
    endloop
  endfacet
  facet normal -0.562036 0.827113 0
    outer loop
      vertex -0.681076 -1.41608 18.5
      vertex -0.600342 -1.36122 18.1
      vertex -0.681076 -1.41608 18.1
    endloop
  endfacet
  facet normal -0.65503 0.755603 0
    outer loop
      vertex -0.525558 -1.29639 18.1
      vertex -0.600342 -1.36122 18.5
      vertex -0.525558 -1.29639 18.5
    endloop
  endfacet
  facet normal -0.65503 0.755603 0
    outer loop
      vertex -0.600342 -1.36122 18.5
      vertex -0.525558 -1.29639 18.1
      vertex -0.600342 -1.36122 18.1
    endloop
  endfacet
  facet normal -0.735943 0.677044 0
    outer loop
      vertex -0.525558 -1.29639 18.1
      vertex -0.456726 -1.22157 18.5
      vertex -0.456726 -1.22157 18.1
    endloop
  endfacet
  facet normal -0.735943 0.677044 0
    outer loop
      vertex -0.456726 -1.22157 18.5
      vertex -0.525558 -1.29639 18.1
      vertex -0.525558 -1.29639 18.5
    endloop
  endfacet
  facet normal -0.803292 0.595586 0
    outer loop
      vertex -0.456726 -1.22157 18.1
      vertex -0.39386 -1.13678 18.5
      vertex -0.39386 -1.13678 18.1
    endloop
  endfacet
  facet normal -0.803292 0.595586 0
    outer loop
      vertex -0.39386 -1.13678 18.5
      vertex -0.456726 -1.22157 18.1
      vertex -0.456726 -1.22157 18.5
    endloop
  endfacet
  facet normal -0.857421 0.514616 0
    outer loop
      vertex -0.39386 -1.13678 18.1
      vertex -0.33728 -1.04251 18.5
      vertex -0.33728 -1.04251 18.1
    endloop
  endfacet
  facet normal -0.857421 0.514616 0
    outer loop
      vertex -0.33728 -1.04251 18.5
      vertex -0.39386 -1.13678 18.1
      vertex -0.39386 -1.13678 18.5
    endloop
  endfacet
  facet normal -0.900284 0.435302 0
    outer loop
      vertex -0.33728 -1.04251 18.1
      vertex -0.287369 -0.939285 18.5
      vertex -0.287369 -0.939285 18.1
    endloop
  endfacet
  facet normal -0.900284 0.435302 0
    outer loop
      vertex -0.287369 -0.939285 18.5
      vertex -0.33728 -1.04251 18.1
      vertex -0.33728 -1.04251 18.5
    endloop
  endfacet
  facet normal -0.933066 0.359704 0
    outer loop
      vertex -0.287369 -0.939285 18.1
      vertex -0.24411 -0.827072 18.5
      vertex -0.24411 -0.827072 18.1
    endloop
  endfacet
  facet normal -0.933066 0.359704 0
    outer loop
      vertex -0.24411 -0.827072 18.5
      vertex -0.287369 -0.939285 18.1
      vertex -0.287369 -0.939285 18.5
    endloop
  endfacet
  facet normal -0.95727 0.289196 0
    outer loop
      vertex -0.24411 -0.827072 18.1
      vertex -0.207504 -0.705902 18.5
      vertex -0.207504 -0.705902 18.1
    endloop
  endfacet
  facet normal -0.95727 0.289196 0
    outer loop
      vertex -0.207504 -0.705902 18.5
      vertex -0.24411 -0.827072 18.1
      vertex -0.24411 -0.827072 18.5
    endloop
  endfacet
  facet normal -0.974522 0.224292 0
    outer loop
      vertex -0.207504 -0.705902 18.1
      vertex -0.177551 -0.57576 18.5
      vertex -0.177551 -0.57576 18.1
    endloop
  endfacet
  facet normal -0.974522 0.224292 0
    outer loop
      vertex -0.177551 -0.57576 18.5
      vertex -0.207504 -0.705902 18.1
      vertex -0.207504 -0.705902 18.5
    endloop
  endfacet
  facet normal -0.986265 0.165169 0
    outer loop
      vertex -0.177551 -0.57576 18.1
      vertex -0.154251 -0.43663 18.5
      vertex -0.154251 -0.43663 18.1
    endloop
  endfacet
  facet normal -0.986265 0.165169 0
    outer loop
      vertex -0.154251 -0.43663 18.5
      vertex -0.177551 -0.57576 18.1
      vertex -0.177551 -0.57576 18.5
    endloop
  endfacet
  facet normal -0.993752 0.111611 0
    outer loop
      vertex -0.154251 -0.43663 18.1
      vertex -0.137619 -0.288544 18.5
      vertex -0.137619 -0.288544 18.1
    endloop
  endfacet
  facet normal -0.993752 0.111611 0
    outer loop
      vertex -0.137619 -0.288544 18.5
      vertex -0.154251 -0.43663 18.1
      vertex -0.154251 -0.43663 18.5
    endloop
  endfacet
  facet normal -0.997988 0.0634088 0
    outer loop
      vertex -0.137619 -0.288544 18.1
      vertex -0.12764 -0.131485 18.5
      vertex -0.12764 -0.131485 18.1
    endloop
  endfacet
  facet normal -0.997988 0.0634088 0
    outer loop
      vertex -0.12764 -0.131485 18.5
      vertex -0.137619 -0.288544 18.1
      vertex -0.137619 -0.288544 18.5
    endloop
  endfacet
  facet normal -0.999797 0.0201284 0
    outer loop
      vertex -0.12764 -0.131485 18.1
      vertex -0.124298 0.0345154 18.5
      vertex -0.124298 0.0345154 18.1
    endloop
  endfacet
  facet normal -0.999797 0.0201284 0
    outer loop
      vertex -0.124298 0.0345154 18.5
      vertex -0.12764 -0.131485 18.1
      vertex -0.12764 -0.131485 18.5
    endloop
  endfacet
  facet normal -0.999799 -0.020073 0
    outer loop
      vertex -0.124298 0.0345154 18.1
      vertex -0.12764 0.200974 18.5
      vertex -0.12764 0.200974 18.1
    endloop
  endfacet
  facet normal -0.999799 -0.020073 0
    outer loop
      vertex -0.12764 0.200974 18.5
      vertex -0.124298 0.0345154 18.1
      vertex -0.124298 0.0345154 18.5
    endloop
  endfacet
  facet normal -0.997997 -0.0632559 0
    outer loop
      vertex -0.12764 0.200974 18.1
      vertex -0.137619 0.358414 18.5
      vertex -0.137619 0.358414 18.1
    endloop
  endfacet
  facet normal -0.997997 -0.0632559 0
    outer loop
      vertex -0.137619 0.358414 18.5
      vertex -0.12764 0.200974 18.1
      vertex -0.12764 0.200974 18.5
    endloop
  endfacet
  facet normal -0.993779 -0.111373 0
    outer loop
      vertex -0.137619 0.358414 18.1
      vertex -0.154251 0.506821 18.5
      vertex -0.154251 0.506821 18.1
    endloop
  endfacet
  facet normal -0.993779 -0.111373 0
    outer loop
      vertex -0.154251 0.506821 18.5
      vertex -0.137619 0.358414 18.1
      vertex -0.137619 0.358414 18.5
    endloop
  endfacet
  facet normal -0.986315 -0.164871 0
    outer loop
      vertex -0.154251 0.506821 18.1
      vertex -0.177551 0.64621 18.5
      vertex -0.177551 0.64621 18.1
    endloop
  endfacet
  facet normal -0.986315 -0.164871 0
    outer loop
      vertex -0.177551 0.64621 18.5
      vertex -0.154251 0.506821 18.1
      vertex -0.154251 0.506821 18.5
    endloop
  endfacet
  facet normal -0.974608 -0.223918 0
    outer loop
      vertex -0.177551 0.64621 18.1
      vertex -0.207504 0.776581 18.5
      vertex -0.207504 0.776581 18.1
    endloop
  endfacet
  facet normal -0.974608 -0.223918 0
    outer loop
      vertex -0.207504 0.776581 18.5
      vertex -0.177551 0.64621 18.1
      vertex -0.177551 0.64621 18.5
    endloop
  endfacet
  facet normal -0.957391 -0.288796 0
    outer loop
      vertex -0.207504 0.776581 18.1
      vertex -0.24411 0.897934 18.5
      vertex -0.24411 0.897934 18.1
    endloop
  endfacet
  facet normal -0.957391 -0.288796 0
    outer loop
      vertex -0.24411 0.897934 18.5
      vertex -0.207504 0.776581 18.1
      vertex -0.207504 0.776581 18.5
    endloop
  endfacet
  facet normal -0.933198 -0.359361 0
    outer loop
      vertex -0.24411 0.897934 18.1
      vertex -0.287369 1.01027 18.5
      vertex -0.287369 1.01027 18.1
    endloop
  endfacet
  facet normal -0.933198 -0.359361 0
    outer loop
      vertex -0.287369 1.01027 18.5
      vertex -0.24411 0.897934 18.1
      vertex -0.24411 0.897934 18.5
    endloop
  endfacet
  facet normal -0.900408 -0.435046 0
    outer loop
      vertex -0.287369 1.01027 18.1
      vertex -0.33728 1.11357 18.5
      vertex -0.33728 1.11357 18.1
    endloop
  endfacet
  facet normal -0.900408 -0.435046 0
    outer loop
      vertex -0.33728 1.11357 18.5
      vertex -0.287369 1.01027 18.1
      vertex -0.287369 1.01027 18.5
    endloop
  endfacet
  facet normal -0.857469 -0.514536 0
    outer loop
      vertex -0.33728 1.11357 18.1
      vertex -0.39386 1.20786 18.5
      vertex -0.39386 1.20786 18.1
    endloop
  endfacet
  facet normal -0.857469 -0.514536 0
    outer loop
      vertex -0.39386 1.20786 18.5
      vertex -0.33728 1.11357 18.1
      vertex -0.33728 1.11357 18.5
    endloop
  endfacet
  facet normal -0.803292 -0.595586 0
    outer loop
      vertex -0.39386 1.20786 18.1
      vertex -0.456726 1.29265 18.5
      vertex -0.456726 1.29265 18.1
    endloop
  endfacet
  facet normal -0.803292 -0.595586 0
    outer loop
      vertex -0.456726 1.29265 18.5
      vertex -0.39386 1.20786 18.1
      vertex -0.39386 1.20786 18.5
    endloop
  endfacet
  facet normal -0.735898 -0.677093 0
    outer loop
      vertex -0.456726 1.29265 18.1
      vertex -0.525558 1.36746 18.5
      vertex -0.525558 1.36746 18.1
    endloop
  endfacet
  facet normal -0.735898 -0.677093 0
    outer loop
      vertex -0.525558 1.36746 18.5
      vertex -0.456726 1.29265 18.1
      vertex -0.456726 1.29265 18.5
    endloop
  endfacet
  facet normal -0.655087 -0.755553 0
    outer loop
      vertex -0.600342 1.4323 18.1
      vertex -0.525558 1.36746 18.5
      vertex -0.600342 1.4323 18.5
    endloop
  endfacet
  facet normal -0.655087 -0.755553 -0
    outer loop
      vertex -0.525558 1.36746 18.5
      vertex -0.600342 1.4323 18.1
      vertex -0.525558 1.36746 18.1
    endloop
  endfacet
  facet normal -0.562106 -0.827065 0
    outer loop
      vertex -0.681076 1.48717 18.1
      vertex -0.600342 1.4323 18.5
      vertex -0.681076 1.48717 18.5
    endloop
  endfacet
  facet normal -0.562106 -0.827065 -0
    outer loop
      vertex -0.600342 1.4323 18.5
      vertex -0.681076 1.48717 18.1
      vertex -0.600342 1.4323 18.1
    endloop
  endfacet
  facet normal -0.459851 -0.887996 0
    outer loop
      vertex -0.767761 1.53206 18.1
      vertex -0.681076 1.48717 18.5
      vertex -0.767761 1.53206 18.5
    endloop
  endfacet
  facet normal -0.459851 -0.887996 -0
    outer loop
      vertex -0.681076 1.48717 18.5
      vertex -0.767761 1.53206 18.1
      vertex -0.681076 1.48717 18.1
    endloop
  endfacet
  facet normal -0.352642 -0.935758 0
    outer loop
      vertex -0.860397 1.56697 18.1
      vertex -0.767761 1.53206 18.5
      vertex -0.860397 1.56697 18.5
    endloop
  endfacet
  facet normal -0.352642 -0.935758 -0
    outer loop
      vertex -0.767761 1.53206 18.5
      vertex -0.860397 1.56697 18.1
      vertex -0.767761 1.53206 18.1
    endloop
  endfacet
  facet normal -0.245119 -0.969493 0
    outer loop
      vertex -0.959 1.5919 18.1
      vertex -0.860397 1.56697 18.5
      vertex -0.959 1.5919 18.5
    endloop
  endfacet
  facet normal -0.245119 -0.969493 -0
    outer loop
      vertex -0.860397 1.56697 18.5
      vertex -0.959 1.5919 18.1
      vertex -0.860397 1.56697 18.1
    endloop
  endfacet
  facet normal -0.141753 -0.989902 0
    outer loop
      vertex -1.06354 1.60687 18.1
      vertex -0.959 1.5919 18.5
      vertex -1.06354 1.60687 18.5
    endloop
  endfacet
  facet normal -0.141753 -0.989902 -0
    outer loop
      vertex -0.959 1.5919 18.5
      vertex -1.06354 1.60687 18.1
      vertex -0.959 1.5919 18.1
    endloop
  endfacet
  facet normal -0.0451124 -0.998982 0
    outer loop
      vertex -1.17404 1.61186 18.1
      vertex -1.06354 1.60687 18.5
      vertex -1.17404 1.61186 18.5
    endloop
  endfacet
  facet normal -0.0451124 -0.998982 -0
    outer loop
      vertex -1.06354 1.60687 18.5
      vertex -1.17404 1.61186 18.1
      vertex -1.06354 1.60687 18.1
    endloop
  endfacet
  facet normal 0.0451165 -0.998982 0
    outer loop
      vertex -1.28453 1.60687 18.1
      vertex -1.17404 1.61186 18.5
      vertex -1.28453 1.60687 18.5
    endloop
  endfacet
  facet normal 0.0451165 -0.998982 0
    outer loop
      vertex -1.17404 1.61186 18.5
      vertex -1.28453 1.60687 18.1
      vertex -1.17404 1.61186 18.1
    endloop
  endfacet
  facet normal 0.141739 -0.989904 0
    outer loop
      vertex -1.38908 1.5919 18.1
      vertex -1.28453 1.60687 18.5
      vertex -1.38908 1.5919 18.5
    endloop
  endfacet
  facet normal 0.141739 -0.989904 0
    outer loop
      vertex -1.28453 1.60687 18.5
      vertex -1.38908 1.5919 18.1
      vertex -1.28453 1.60687 18.1
    endloop
  endfacet
  facet normal 0.245149 -0.969485 0
    outer loop
      vertex -1.48767 1.56697 18.1
      vertex -1.38908 1.5919 18.5
      vertex -1.48767 1.56697 18.5
    endloop
  endfacet
  facet normal 0.245149 -0.969485 0
    outer loop
      vertex -1.38908 1.5919 18.5
      vertex -1.48767 1.56697 18.1
      vertex -1.38908 1.5919 18.1
    endloop
  endfacet
  facet normal 0.352628 -0.935763 0
    outer loop
      vertex -1.58031 1.53206 18.1
      vertex -1.48767 1.56697 18.5
      vertex -1.58031 1.53206 18.5
    endloop
  endfacet
  facet normal 0.352628 -0.935763 0
    outer loop
      vertex -1.48767 1.56697 18.5
      vertex -1.58031 1.53206 18.1
      vertex -1.48767 1.56697 18.1
    endloop
  endfacet
  facet normal 0.459872 -0.887985 0
    outer loop
      vertex -1.66699 1.48717 18.1
      vertex -1.58031 1.53206 18.5
      vertex -1.66699 1.48717 18.5
    endloop
  endfacet
  facet normal 0.459872 -0.887985 0
    outer loop
      vertex -1.58031 1.53206 18.5
      vertex -1.66699 1.48717 18.1
      vertex -1.58031 1.53206 18.1
    endloop
  endfacet
  facet normal 0.562077 -0.827085 0
    outer loop
      vertex -1.74773 1.4323 18.1
      vertex -1.66699 1.48717 18.5
      vertex -1.74773 1.4323 18.5
    endloop
  endfacet
  facet normal 0.562077 -0.827085 0
    outer loop
      vertex -1.66699 1.48717 18.5
      vertex -1.74773 1.4323 18.1
      vertex -1.66699 1.48717 18.1
    endloop
  endfacet
  facet normal 0.655107 -0.755536 0
    outer loop
      vertex -1.82251 1.36746 18.1
      vertex -1.74773 1.4323 18.5
      vertex -1.82251 1.36746 18.5
    endloop
  endfacet
  facet normal 0.655107 -0.755536 0
    outer loop
      vertex -1.74773 1.4323 18.5
      vertex -1.82251 1.36746 18.1
      vertex -1.74773 1.4323 18.1
    endloop
  endfacet
  facet normal 0.735907 -0.677082 0
    outer loop
      vertex -1.89134 1.29265 18.5
      vertex -1.82251 1.36746 18.1
      vertex -1.82251 1.36746 18.5
    endloop
  endfacet
  facet normal 0.735907 -0.677082 0
    outer loop
      vertex -1.82251 1.36746 18.1
      vertex -1.89134 1.29265 18.5
      vertex -1.89134 1.29265 18.1
    endloop
  endfacet
  facet normal 0.803273 -0.59561 0
    outer loop
      vertex -1.95421 1.20786 18.5
      vertex -1.89134 1.29265 18.1
      vertex -1.89134 1.29265 18.5
    endloop
  endfacet
  facet normal 0.803273 -0.59561 0
    outer loop
      vertex -1.89134 1.29265 18.1
      vertex -1.95421 1.20786 18.5
      vertex -1.95421 1.20786 18.1
    endloop
  endfacet
  facet normal 0.857469 -0.514536 0
    outer loop
      vertex -2.01079 1.11357 18.5
      vertex -1.95421 1.20786 18.1
      vertex -1.95421 1.20786 18.5
    endloop
  endfacet
  facet normal 0.857469 -0.514536 0
    outer loop
      vertex -1.95421 1.20786 18.1
      vertex -2.01079 1.11357 18.5
      vertex -2.01079 1.11357 18.1
    endloop
  endfacet
  facet normal 0.900412 -0.435039 0
    outer loop
      vertex -2.0607 1.01027 18.5
      vertex -2.01079 1.11357 18.1
      vertex -2.01079 1.11357 18.5
    endloop
  endfacet
  facet normal 0.900412 -0.435039 0
    outer loop
      vertex -2.01079 1.11357 18.1
      vertex -2.0607 1.01027 18.5
      vertex -2.0607 1.01027 18.1
    endloop
  endfacet
  facet normal 0.933196 -0.359369 0
    outer loop
      vertex -2.10396 0.897934 18.5
      vertex -2.0607 1.01027 18.1
      vertex -2.0607 1.01027 18.5
    endloop
  endfacet
  facet normal 0.933196 -0.359369 0
    outer loop
      vertex -2.0607 1.01027 18.1
      vertex -2.10396 0.897934 18.5
      vertex -2.10396 0.897934 18.1
    endloop
  endfacet
  facet normal 0.957404 -0.288752 0
    outer loop
      vertex -2.14056 0.776581 18.5
      vertex -2.10396 0.897934 18.1
      vertex -2.10396 0.897934 18.5
    endloop
  endfacet
  facet normal 0.957404 -0.288752 0
    outer loop
      vertex -2.10396 0.897934 18.1
      vertex -2.14056 0.776581 18.5
      vertex -2.14056 0.776581 18.1
    endloop
  endfacet
  facet normal 0.974597 -0.223968 0
    outer loop
      vertex -2.17052 0.64621 18.5
      vertex -2.14056 0.776581 18.1
      vertex -2.14056 0.776581 18.5
    endloop
  endfacet
  facet normal 0.974597 -0.223968 0
    outer loop
      vertex -2.14056 0.776581 18.1
      vertex -2.17052 0.64621 18.5
      vertex -2.17052 0.64621 18.1
    endloop
  endfacet
  facet normal 0.986315 -0.164871 0
    outer loop
      vertex -2.19382 0.506821 18.5
      vertex -2.17052 0.64621 18.1
      vertex -2.17052 0.64621 18.5
    endloop
  endfacet
  facet normal 0.986315 -0.164871 0
    outer loop
      vertex -2.17052 0.64621 18.1
      vertex -2.19382 0.506821 18.5
      vertex -2.19382 0.506821 18.1
    endloop
  endfacet
  facet normal 0.99378 -0.11136 0
    outer loop
      vertex -2.21045 0.358414 18.5
      vertex -2.19382 0.506821 18.1
      vertex -2.19382 0.506821 18.5
    endloop
  endfacet
  facet normal 0.99378 -0.11136 0
    outer loop
      vertex -2.19382 0.506821 18.1
      vertex -2.21045 0.358414 18.5
      vertex -2.21045 0.358414 18.1
    endloop
  endfacet
  facet normal 0.997993 -0.0633254 0
    outer loop
      vertex -2.22044 0.200974 18.5
      vertex -2.21045 0.358414 18.1
      vertex -2.21045 0.358414 18.5
    endloop
  endfacet
  facet normal 0.997993 -0.0633254 0
    outer loop
      vertex -2.21045 0.358414 18.1
      vertex -2.22044 0.200974 18.5
      vertex -2.22044 0.200974 18.1
    endloop
  endfacet
  facet normal 0.9998 -0.020001 0
    outer loop
      vertex -2.22377 0.0345154 18.5
      vertex -2.22044 0.200974 18.1
      vertex -2.22044 0.200974 18.5
    endloop
  endfacet
  facet normal 0.9998 -0.020001 0
    outer loop
      vertex -2.22044 0.200974 18.1
      vertex -2.22377 0.0345154 18.5
      vertex -2.22377 0.0345154 18.1
    endloop
  endfacet
  facet normal 0.999799 0.0200562 0
    outer loop
      vertex -2.22044 -0.131485 18.5
      vertex -2.22377 0.0345154 18.1
      vertex -2.22377 0.0345154 18.5
    endloop
  endfacet
  facet normal 0.999799 0.0200562 0
    outer loop
      vertex -2.22377 0.0345154 18.1
      vertex -2.22044 -0.131485 18.5
      vertex -2.22044 -0.131485 18.1
    endloop
  endfacet
  facet normal 0.997983 0.0634784 0
    outer loop
      vertex -2.21045 -0.288544 18.5
      vertex -2.22044 -0.131485 18.1
      vertex -2.22044 -0.131485 18.5
    endloop
  endfacet
  facet normal 0.997983 0.0634784 0
    outer loop
      vertex -2.22044 -0.131485 18.1
      vertex -2.21045 -0.288544 18.5
      vertex -2.21045 -0.288544 18.1
    endloop
  endfacet
  facet normal 0.993753 0.111598 0
    outer loop
      vertex -2.19382 -0.43663 18.5
      vertex -2.21045 -0.288544 18.1
      vertex -2.21045 -0.288544 18.5
    endloop
  endfacet
  facet normal 0.993753 0.111598 0
    outer loop
      vertex -2.21045 -0.288544 18.1
      vertex -2.19382 -0.43663 18.5
      vertex -2.19382 -0.43663 18.1
    endloop
  endfacet
  facet normal 0.986265 0.165169 0
    outer loop
      vertex -2.17052 -0.57576 18.5
      vertex -2.19382 -0.43663 18.1
      vertex -2.19382 -0.43663 18.5
    endloop
  endfacet
  facet normal 0.986265 0.165169 0
    outer loop
      vertex -2.19382 -0.43663 18.1
      vertex -2.17052 -0.57576 18.5
      vertex -2.17052 -0.57576 18.1
    endloop
  endfacet
  facet normal 0.97451 0.224342 0
    outer loop
      vertex -2.14056 -0.705902 18.5
      vertex -2.17052 -0.57576 18.1
      vertex -2.17052 -0.57576 18.5
    endloop
  endfacet
  facet normal 0.97451 0.224342 0
    outer loop
      vertex -2.17052 -0.57576 18.1
      vertex -2.14056 -0.705902 18.5
      vertex -2.14056 -0.705902 18.1
    endloop
  endfacet
  facet normal 0.957283 0.289152 0
    outer loop
      vertex -2.10396 -0.827072 18.5
      vertex -2.14056 -0.705902 18.1
      vertex -2.14056 -0.705902 18.5
    endloop
  endfacet
  facet normal 0.957283 0.289152 0
    outer loop
      vertex -2.14056 -0.705902 18.1
      vertex -2.10396 -0.827072 18.5
      vertex -2.10396 -0.827072 18.1
    endloop
  endfacet
  facet normal 0.933064 0.359712 0
    outer loop
      vertex -2.0607 -0.939285 18.5
      vertex -2.10396 -0.827072 18.1
      vertex -2.10396 -0.827072 18.5
    endloop
  endfacet
  facet normal 0.933064 0.359712 0
    outer loop
      vertex -2.10396 -0.827072 18.1
      vertex -2.0607 -0.939285 18.5
      vertex -2.0607 -0.939285 18.1
    endloop
  endfacet
  facet normal 0.900288 0.435295 0
    outer loop
      vertex -2.01079 -1.04251 18.5
      vertex -2.0607 -0.939285 18.1
      vertex -2.0607 -0.939285 18.5
    endloop
  endfacet
  facet normal 0.900288 0.435295 0
    outer loop
      vertex -2.0607 -0.939285 18.1
      vertex -2.01079 -1.04251 18.5
      vertex -2.01079 -1.04251 18.1
    endloop
  endfacet
  facet normal 0.857421 0.514616 0
    outer loop
      vertex -1.95421 -1.13678 18.5
      vertex -2.01079 -1.04251 18.1
      vertex -2.01079 -1.04251 18.5
    endloop
  endfacet
  facet normal 0.857421 0.514616 0
    outer loop
      vertex -2.01079 -1.04251 18.1
      vertex -1.95421 -1.13678 18.5
      vertex -1.95421 -1.13678 18.1
    endloop
  endfacet
  facet normal 0.803273 0.59561 0
    outer loop
      vertex -1.89134 -1.22157 18.5
      vertex -1.95421 -1.13678 18.1
      vertex -1.95421 -1.13678 18.5
    endloop
  endfacet
  facet normal 0.803273 0.59561 0
    outer loop
      vertex -1.95421 -1.13678 18.1
      vertex -1.89134 -1.22157 18.5
      vertex -1.89134 -1.22157 18.1
    endloop
  endfacet
  facet normal 0.735953 0.677033 0
    outer loop
      vertex -1.82251 -1.29639 18.5
      vertex -1.89134 -1.22157 18.1
      vertex -1.89134 -1.22157 18.5
    endloop
  endfacet
  facet normal 0.735953 0.677033 0
    outer loop
      vertex -1.89134 -1.22157 18.1
      vertex -1.82251 -1.29639 18.5
      vertex -1.82251 -1.29639 18.1
    endloop
  endfacet
  facet normal 0.65505 0.755586 -0
    outer loop
      vertex -1.74773 -1.36122 18.1
      vertex -1.82251 -1.29639 18.5
      vertex -1.74773 -1.36122 18.5
    endloop
  endfacet
  facet normal 0.65505 0.755586 0
    outer loop
      vertex -1.82251 -1.29639 18.5
      vertex -1.74773 -1.36122 18.1
      vertex -1.82251 -1.29639 18.1
    endloop
  endfacet
  facet normal 0.562007 0.827132 -0
    outer loop
      vertex -1.66699 -1.41608 18.1
      vertex -1.74773 -1.36122 18.5
      vertex -1.66699 -1.41608 18.5
    endloop
  endfacet
  facet normal 0.562007 0.827132 0
    outer loop
      vertex -1.74773 -1.36122 18.5
      vertex -1.66699 -1.41608 18.1
      vertex -1.74773 -1.36122 18.1
    endloop
  endfacet
  facet normal 0.459872 0.887985 -0
    outer loop
      vertex -1.58031 -1.46097 18.1
      vertex -1.66699 -1.41608 18.5
      vertex -1.58031 -1.46097 18.5
    endloop
  endfacet
  facet normal 0.459872 0.887985 0
    outer loop
      vertex -1.66699 -1.41608 18.5
      vertex -1.58031 -1.46097 18.1
      vertex -1.66699 -1.41608 18.1
    endloop
  endfacet
  facet normal 0.352628 0.935763 -0
    outer loop
      vertex -1.48767 -1.49588 18.1
      vertex -1.58031 -1.46097 18.5
      vertex -1.48767 -1.49588 18.5
    endloop
  endfacet
  facet normal 0.352628 0.935763 0
    outer loop
      vertex -1.58031 -1.46097 18.5
      vertex -1.48767 -1.49588 18.1
      vertex -1.58031 -1.46097 18.1
    endloop
  endfacet
  facet normal 0.245149 0.969485 -0
    outer loop
      vertex -1.38908 -1.52081 18.1
      vertex -1.48767 -1.49588 18.5
      vertex -1.38908 -1.52081 18.5
    endloop
  endfacet
  facet normal 0.245149 0.969485 0
    outer loop
      vertex -1.48767 -1.49588 18.5
      vertex -1.38908 -1.52081 18.1
      vertex -1.48767 -1.49588 18.1
    endloop
  endfacet
  facet normal 0.141739 0.989904 -0
    outer loop
      vertex -1.28453 -1.53578 18.1
      vertex -1.38908 -1.52081 18.5
      vertex -1.28453 -1.53578 18.5
    endloop
  endfacet
  facet normal 0.141739 0.989904 0
    outer loop
      vertex -1.38908 -1.52081 18.5
      vertex -1.28453 -1.53578 18.1
      vertex -1.38908 -1.52081 18.1
    endloop
  endfacet
  facet normal 0.0450262 0.998986 -0
    outer loop
      vertex -1.17404 -1.54076 18.1
      vertex -1.28453 -1.53578 18.5
      vertex -1.17404 -1.54076 18.5
    endloop
  endfacet
  facet normal 0.0450262 0.998986 0
    outer loop
      vertex -1.28453 -1.53578 18.5
      vertex -1.17404 -1.54076 18.1
      vertex -1.28453 -1.53578 18.1
    endloop
  endfacet
  facet normal -0.0450222 0.998986 0
    outer loop
      vertex -1.06354 -1.53578 18.1
      vertex -1.17404 -1.54076 18.5
      vertex -1.06354 -1.53578 18.5
    endloop
  endfacet
  facet normal -0.0450222 0.998986 0
    outer loop
      vertex -1.17404 -1.54076 18.5
      vertex -1.06354 -1.53578 18.1
      vertex -1.17404 -1.54076 18.1
    endloop
  endfacet
  facet normal -0.176059 -0.98438 0
    outer loop
      vertex -1.3073 -1.19894 18.1
      vertex -1.24261 -1.21051 18.5
      vertex -1.3073 -1.19894 18.5
    endloop
  endfacet
  facet normal -0.176059 -0.98438 -0
    outer loop
      vertex -1.24261 -1.21051 18.5
      vertex -1.3073 -1.19894 18.1
      vertex -1.24261 -1.21051 18.1
    endloop
  endfacet
  facet normal -0.302174 -0.953253 0
    outer loop
      vertex -1.36809 -1.17967 18.1
      vertex -1.3073 -1.19894 18.5
      vertex -1.36809 -1.17967 18.5
    endloop
  endfacet
  facet normal -0.302174 -0.953253 -0
    outer loop
      vertex -1.3073 -1.19894 18.5
      vertex -1.36809 -1.17967 18.1
      vertex -1.3073 -1.19894 18.1
    endloop
  endfacet
  facet normal -0.428441 -0.90357 0
    outer loop
      vertex -1.42499 -1.15269 18.1
      vertex -1.36809 -1.17967 18.5
      vertex -1.42499 -1.15269 18.5
    endloop
  endfacet
  facet normal -0.428441 -0.90357 -0
    outer loop
      vertex -1.36809 -1.17967 18.5
      vertex -1.42499 -1.15269 18.1
      vertex -1.36809 -1.17967 18.1
    endloop
  endfacet
  facet normal -0.547577 -0.836755 0
    outer loop
      vertex -1.478 -1.118 18.1
      vertex -1.42499 -1.15269 18.5
      vertex -1.478 -1.118 18.5
    endloop
  endfacet
  facet normal -0.547577 -0.836755 -0
    outer loop
      vertex -1.42499 -1.15269 18.5
      vertex -1.478 -1.118 18.1
      vertex -1.42499 -1.15269 18.1
    endloop
  endfacet
  facet normal -0.653415 -0.757 0
    outer loop
      vertex -1.52711 -1.07561 18.1
      vertex -1.478 -1.118 18.5
      vertex -1.52711 -1.07561 18.5
    endloop
  endfacet
  facet normal -0.653415 -0.757 -0
    outer loop
      vertex -1.478 -1.118 18.5
      vertex -1.52711 -1.07561 18.1
      vertex -1.478 -1.118 18.1
    endloop
  endfacet
  facet normal -0.742328 -0.670036 0
    outer loop
      vertex -1.52711 -1.07561 18.1
      vertex -1.57234 -1.0255 18.5
      vertex -1.57234 -1.0255 18.1
    endloop
  endfacet
  facet normal -0.742328 -0.670036 0
    outer loop
      vertex -1.57234 -1.0255 18.5
      vertex -1.52711 -1.07561 18.1
      vertex -1.52711 -1.07561 18.5
    endloop
  endfacet
  facet normal -0.813591 -0.581438 0
    outer loop
      vertex -1.57234 -1.0255 18.1
      vertex -1.61366 -0.967682 18.5
      vertex -1.61366 -0.967682 18.1
    endloop
  endfacet
  facet normal -0.813591 -0.581438 0
    outer loop
      vertex -1.61366 -0.967682 18.5
      vertex -1.57234 -1.0255 18.1
      vertex -1.57234 -1.0255 18.5
    endloop
  endfacet
  facet normal -0.868356 -0.495942 0
    outer loop
      vertex -1.61366 -0.967682 18.1
      vertex -1.65109 -0.902145 18.5
      vertex -1.65109 -0.902145 18.1
    endloop
  endfacet
  facet normal -0.868356 -0.495942 0
    outer loop
      vertex -1.65109 -0.902145 18.5
      vertex -1.61366 -0.967682 18.1
      vertex -1.61366 -0.967682 18.5
    endloop
  endfacet
  facet normal -0.909217 -0.416322 0
    outer loop
      vertex -1.65109 -0.902145 18.1
      vertex -1.68462 -0.828918 18.5
      vertex -1.68462 -0.828918 18.1
    endloop
  endfacet
  facet normal -0.909217 -0.416322 0
    outer loop
      vertex -1.68462 -0.828918 18.5
      vertex -1.65109 -0.902145 18.1
      vertex -1.65109 -0.902145 18.5
    endloop
  endfacet
  facet normal -0.939312 -0.343064 0
    outer loop
      vertex -1.68462 -0.828918 18.1
      vertex -1.71419 -0.747955 18.5
      vertex -1.71419 -0.747955 18.1
    endloop
  endfacet
  facet normal -0.939312 -0.343064 0
    outer loop
      vertex -1.71419 -0.747955 18.5
      vertex -1.68462 -0.828918 18.1
      vertex -1.68462 -0.828918 18.5
    endloop
  endfacet
  facet normal -0.960688 -0.277631 0
    outer loop
      vertex -1.71419 -0.747955 18.1
      vertex -1.73981 -0.659302 18.5
      vertex -1.73981 -0.659302 18.1
    endloop
  endfacet
  facet normal -0.960688 -0.277631 0
    outer loop
      vertex -1.73981 -0.659302 18.5
      vertex -1.71419 -0.747955 18.1
      vertex -1.71419 -0.747955 18.5
    endloop
  endfacet
  facet normal -0.975576 -0.219663 0
    outer loop
      vertex -1.73981 -0.659302 18.1
      vertex -1.76151 -0.562927 18.5
      vertex -1.76151 -0.562927 18.1
    endloop
  endfacet
  facet normal -0.975576 -0.219663 0
    outer loop
      vertex -1.76151 -0.562927 18.5
      vertex -1.73981 -0.659302 18.1
      vertex -1.73981 -0.659302 18.5
    endloop
  endfacet
  facet normal -0.985795 -0.167954 0
    outer loop
      vertex -1.76151 -0.562927 18.1
      vertex -1.77924 -0.458862 18.5
      vertex -1.77924 -0.458862 18.1
    endloop
  endfacet
  facet normal -0.985795 -0.167954 0
    outer loop
      vertex -1.77924 -0.458862 18.5
      vertex -1.76151 -0.562927 18.1
      vertex -1.76151 -0.562927 18.5
    endloop
  endfacet
  facet normal -0.992455 -0.122608 0
    outer loop
      vertex -1.77924 -0.458862 18.1
      vertex -1.79305 -0.347076 18.5
      vertex -1.79305 -0.347076 18.1
    endloop
  endfacet
  facet normal -0.992455 -0.122608 0
    outer loop
      vertex -1.79305 -0.347076 18.5
      vertex -1.77924 -0.458862 18.1
      vertex -1.77924 -0.458862 18.5
    endloop
  endfacet
  facet normal -0.99662 -0.0821543 0
    outer loop
      vertex -1.79305 -0.347076 18.1
      vertex -1.8029 -0.227585 18.5
      vertex -1.8029 -0.227585 18.1
    endloop
  endfacet
  facet normal -0.99662 -0.0821543 0
    outer loop
      vertex -1.8029 -0.227585 18.5
      vertex -1.79305 -0.347076 18.1
      vertex -1.79305 -0.347076 18.5
    endloop
  endfacet
  facet normal -0.998923 -0.0464075 0
    outer loop
      vertex -1.8029 -0.227585 18.1
      vertex -1.80881 -0.100372 18.5
      vertex -1.80881 -0.100372 18.1
    endloop
  endfacet
  facet normal -0.998923 -0.0464075 0
    outer loop
      vertex -1.80881 -0.100372 18.5
      vertex -1.8029 -0.227585 18.1
      vertex -1.8029 -0.227585 18.5
    endloop
  endfacet
  facet normal -0.999892 -0.0146773 0
    outer loop
      vertex -1.80881 -0.100372 18.1
      vertex -1.81079 0.0345154 18.5
      vertex -1.81079 0.0345154 18.1
    endloop
  endfacet
  facet normal -0.999892 -0.0146773 0
    outer loop
      vertex -1.81079 0.0345154 18.5
      vertex -1.80881 -0.100372 18.1
      vertex -1.80881 -0.100372 18.5
    endloop
  endfacet
  facet normal -0.999893 0.0146277 0
    outer loop
      vertex -1.81079 0.0345154 18.1
      vertex -1.80881 0.169861 18.5
      vertex -1.80881 0.169861 18.1
    endloop
  endfacet
  facet normal -0.999893 0.0146277 0
    outer loop
      vertex -1.80881 0.169861 18.5
      vertex -1.81079 0.0345154 18.1
      vertex -1.81079 0.0345154 18.5
    endloop
  endfacet
  facet normal -0.998929 0.0462746 0
    outer loop
      vertex -1.80881 0.169861 18.1
      vertex -1.8029 0.29744 18.5
      vertex -1.8029 0.29744 18.1
    endloop
  endfacet
  facet normal -0.998929 0.0462746 0
    outer loop
      vertex -1.8029 0.29744 18.5
      vertex -1.80881 0.169861 18.1
      vertex -1.80881 0.169861 18.5
    endloop
  endfacet
  facet normal -0.996638 0.0819255 0
    outer loop
      vertex -1.8029 0.29744 18.1
      vertex -1.79305 0.417267 18.5
      vertex -1.79305 0.417267 18.1
    endloop
  endfacet
  facet normal -0.996638 0.0819255 0
    outer loop
      vertex -1.79305 0.417267 18.5
      vertex -1.8029 0.29744 18.1
      vertex -1.8029 0.29744 18.5
    endloop
  endfacet
  facet normal -0.992492 0.122312 0
    outer loop
      vertex -1.79305 0.417267 18.1
      vertex -1.77924 0.529327 18.5
      vertex -1.77924 0.529327 18.1
    endloop
  endfacet
  facet normal -0.992492 0.122312 0
    outer loop
      vertex -1.77924 0.529327 18.5
      vertex -1.79305 0.417267 18.1
      vertex -1.79305 0.417267 18.5
    endloop
  endfacet
  facet normal -0.985856 0.167596 0
    outer loop
      vertex -1.77924 0.529327 18.1
      vertex -1.76151 0.633621 18.5
      vertex -1.76151 0.633621 18.1
    endloop
  endfacet
  facet normal -0.985856 0.167596 0
    outer loop
      vertex -1.76151 0.633621 18.5
      vertex -1.77924 0.529327 18.1
      vertex -1.77924 0.529327 18.5
    endloop
  endfacet
  facet normal -0.975658 0.219299 0
    outer loop
      vertex -1.76151 0.633621 18.1
      vertex -1.73981 0.730164 18.5
      vertex -1.73981 0.730164 18.1
    endloop
  endfacet
  facet normal -0.975658 0.219299 0
    outer loop
      vertex -1.73981 0.730164 18.5
      vertex -1.76151 0.633621 18.1
      vertex -1.76151 0.633621 18.5
    endloop
  endfacet
  facet normal -0.960789 0.277279 0
    outer loop
      vertex -1.73981 0.730164 18.1
      vertex -1.71419 0.818939 18.5
      vertex -1.71419 0.818939 18.1
    endloop
  endfacet
  facet normal -0.960789 0.277279 0
    outer loop
      vertex -1.71419 0.818939 18.5
      vertex -1.73981 0.730164 18.1
      vertex -1.73981 0.730164 18.5
    endloop
  endfacet
  facet normal -0.939395 0.342836 0
    outer loop
      vertex -1.71419 0.818939 18.1
      vertex -1.68462 0.899963 18.5
      vertex -1.68462 0.899963 18.1
    endloop
  endfacet
  facet normal -0.939395 0.342836 0
    outer loop
      vertex -1.68462 0.899963 18.5
      vertex -1.71419 0.818939 18.1
      vertex -1.71419 0.818939 18.5
    endloop
  endfacet
  facet normal -0.909284 0.416177 0
    outer loop
      vertex -1.68462 0.899963 18.1
      vertex -1.65109 0.973221 18.5
      vertex -1.65109 0.973221 18.1
    endloop
  endfacet
  facet normal -0.909284 0.416177 0
    outer loop
      vertex -1.65109 0.973221 18.5
      vertex -1.68462 0.899963 18.1
      vertex -1.68462 0.899963 18.5
    endloop
  endfacet
  facet normal -0.868362 0.495931 0
    outer loop
      vertex -1.65109 0.973221 18.1
      vertex -1.61366 1.03876 18.5
      vertex -1.61366 1.03876 18.1
    endloop
  endfacet
  facet normal -0.868362 0.495931 0
    outer loop
      vertex -1.61366 1.03876 18.5
      vertex -1.65109 0.973221 18.1
      vertex -1.65109 0.973221 18.5
    endloop
  endfacet
  facet normal -0.813553 0.581491 0
    outer loop
      vertex -1.61366 1.03876 18.1
      vertex -1.57234 1.09657 18.5
      vertex -1.57234 1.09657 18.1
    endloop
  endfacet
  facet normal -0.813553 0.581491 0
    outer loop
      vertex -1.57234 1.09657 18.5
      vertex -1.61366 1.03876 18.1
      vertex -1.61366 1.03876 18.5
    endloop
  endfacet
  facet normal -0.742328 0.670036 0
    outer loop
      vertex -1.57234 1.09657 18.1
      vertex -1.52711 1.14668 18.5
      vertex -1.52711 1.14668 18.1
    endloop
  endfacet
  facet normal -0.742328 0.670036 0
    outer loop
      vertex -1.52711 1.14668 18.5
      vertex -1.57234 1.09657 18.1
      vertex -1.57234 1.09657 18.5
    endloop
  endfacet
  facet normal -0.653592 0.756847 0
    outer loop
      vertex -1.478 1.18909 18.1
      vertex -1.52711 1.14668 18.5
      vertex -1.478 1.18909 18.5
    endloop
  endfacet
  facet normal -0.653592 0.756847 0
    outer loop
      vertex -1.52711 1.14668 18.5
      vertex -1.478 1.18909 18.1
      vertex -1.52711 1.14668 18.1
    endloop
  endfacet
  facet normal -0.547687 0.836683 0
    outer loop
      vertex -1.42499 1.22379 18.1
      vertex -1.478 1.18909 18.5
      vertex -1.42499 1.22379 18.5
    endloop
  endfacet
  facet normal -0.547687 0.836683 0
    outer loop
      vertex -1.478 1.18909 18.5
      vertex -1.42499 1.22379 18.1
      vertex -1.478 1.18909 18.1
    endloop
  endfacet
  facet normal -0.428312 0.903631 0
    outer loop
      vertex -1.36809 1.25076 18.1
      vertex -1.42499 1.22379 18.5
      vertex -1.36809 1.25076 18.5
    endloop
  endfacet
  facet normal -0.428312 0.903631 0
    outer loop
      vertex -1.42499 1.22379 18.5
      vertex -1.36809 1.25076 18.1
      vertex -1.42499 1.22379 18.1
    endloop
  endfacet
  facet normal -0.302459 0.953162 0
    outer loop
      vertex -1.3073 1.27005 18.1
      vertex -1.36809 1.25076 18.5
      vertex -1.3073 1.27005 18.5
    endloop
  endfacet
  facet normal -0.302459 0.953162 0
    outer loop
      vertex -1.36809 1.25076 18.5
      vertex -1.3073 1.27005 18.1
      vertex -1.36809 1.25076 18.1
    endloop
  endfacet
  facet normal -0.175764 0.984432 0
    outer loop
      vertex -1.24261 1.2816 18.1
      vertex -1.3073 1.27005 18.5
      vertex -1.24261 1.2816 18.5
    endloop
  endfacet
  facet normal -0.175764 0.984432 0
    outer loop
      vertex -1.3073 1.27005 18.5
      vertex -1.24261 1.2816 18.1
      vertex -1.3073 1.27005 18.1
    endloop
  endfacet
  facet normal -0.0562039 0.998419 0
    outer loop
      vertex -1.17404 1.28546 18.1
      vertex -1.24261 1.2816 18.5
      vertex -1.17404 1.28546 18.5
    endloop
  endfacet
  facet normal -0.0562039 0.998419 0
    outer loop
      vertex -1.24261 1.2816 18.5
      vertex -1.17404 1.28546 18.1
      vertex -1.24261 1.2816 18.1
    endloop
  endfacet
  facet normal 0.0558466 0.998439 -0
    outer loop
      vertex -1.10503 1.2816 18.1
      vertex -1.17404 1.28546 18.5
      vertex -1.10503 1.2816 18.5
    endloop
  endfacet
  facet normal 0.0558466 0.998439 0
    outer loop
      vertex -1.17404 1.28546 18.5
      vertex -1.10503 1.2816 18.1
      vertex -1.17404 1.28546 18.1
    endloop
  endfacet
  facet normal 0.174769 0.984609 -0
    outer loop
      vertex -1.03996 1.27005 18.1
      vertex -1.10503 1.2816 18.5
      vertex -1.03996 1.27005 18.5
    endloop
  endfacet
  facet normal 0.174769 0.984609 0
    outer loop
      vertex -1.10503 1.2816 18.5
      vertex -1.03996 1.27005 18.1
      vertex -1.10503 1.2816 18.1
    endloop
  endfacet
  facet normal 0.300957 0.953638 -0
    outer loop
      vertex -0.978836 1.25076 18.1
      vertex -1.03996 1.27005 18.5
      vertex -0.978836 1.25076 18.5
    endloop
  endfacet
  facet normal 0.300957 0.953638 0
    outer loop
      vertex -1.03996 1.27005 18.5
      vertex -0.978836 1.25076 18.1
      vertex -1.03996 1.27005 18.1
    endloop
  endfacet
  facet normal 0.426627 0.904428 -0
    outer loop
      vertex -0.921661 1.22379 18.1
      vertex -0.978836 1.25076 18.5
      vertex -0.921661 1.22379 18.5
    endloop
  endfacet
  facet normal 0.426627 0.904428 0
    outer loop
      vertex -0.978836 1.25076 18.5
      vertex -0.921661 1.22379 18.1
      vertex -0.978836 1.25076 18.1
    endloop
  endfacet
  facet normal 0.546157 0.837683 -0
    outer loop
      vertex -0.868439 1.18909 18.1
      vertex -0.921661 1.22379 18.5
      vertex -0.868439 1.18909 18.5
    endloop
  endfacet
  facet normal 0.546157 0.837683 0
    outer loop
      vertex -0.921661 1.22379 18.5
      vertex -0.868439 1.18909 18.1
      vertex -0.921661 1.22379 18.1
    endloop
  endfacet
  facet normal 0.652138 0.758101 -0
    outer loop
      vertex -0.819138 1.14668 18.1
      vertex -0.868439 1.18909 18.5
      vertex -0.819138 1.14668 18.5
    endloop
  endfacet
  facet normal 0.652138 0.758101 0
    outer loop
      vertex -0.868439 1.18909 18.5
      vertex -0.819138 1.14668 18.1
      vertex -0.868439 1.18909 18.1
    endloop
  endfacet
  facet normal 0.741445 0.671014 0
    outer loop
      vertex -0.773788 1.09657 18.5
      vertex -0.819138 1.14668 18.1
      vertex -0.819138 1.14668 18.5
    endloop
  endfacet
  facet normal 0.741445 0.671014 0
    outer loop
      vertex -0.819138 1.14668 18.1
      vertex -0.773788 1.09657 18.5
      vertex -0.773788 1.09657 18.1
    endloop
  endfacet
  facet normal 0.81304 0.582208 0
    outer loop
      vertex -0.732391 1.03876 18.5
      vertex -0.773788 1.09657 18.1
      vertex -0.773788 1.09657 18.5
    endloop
  endfacet
  facet normal 0.81304 0.582208 0
    outer loop
      vertex -0.773788 1.09657 18.1
      vertex -0.732391 1.03876 18.5
      vertex -0.732391 1.03876 18.1
    endloop
  endfacet
  facet normal 0.868191 0.49623 0
    outer loop
      vertex -0.694931 0.973221 18.5
      vertex -0.732391 1.03876 18.1
      vertex -0.732391 1.03876 18.5
    endloop
  endfacet
  facet normal 0.868191 0.49623 0
    outer loop
      vertex -0.732391 1.03876 18.1
      vertex -0.694931 0.973221 18.5
      vertex -0.694931 0.973221 18.1
    endloop
  endfacet
  facet normal 0.909387 0.415951 0
    outer loop
      vertex -0.661423 0.899963 18.5
      vertex -0.694931 0.973221 18.1
      vertex -0.694931 0.973221 18.5
    endloop
  endfacet
  facet normal 0.909387 0.415951 0
    outer loop
      vertex -0.694931 0.973221 18.1
      vertex -0.661423 0.899963 18.5
      vertex -0.661423 0.899963 18.1
    endloop
  endfacet
  facet normal 0.939388 0.342856 0
    outer loop
      vertex -0.631851 0.818939 18.5
      vertex -0.661423 0.899963 18.1
      vertex -0.661423 0.899963 18.5
    endloop
  endfacet
  facet normal 0.939388 0.342856 0
    outer loop
      vertex -0.661423 0.899963 18.1
      vertex -0.631851 0.818939 18.5
      vertex -0.631851 0.818939 18.1
    endloop
  endfacet
  facet normal 0.960746 0.277429 0
    outer loop
      vertex -0.606216 0.730164 18.5
      vertex -0.631851 0.818939 18.1
      vertex -0.631851 0.818939 18.5
    endloop
  endfacet
  facet normal 0.960746 0.277429 0
    outer loop
      vertex -0.631851 0.818939 18.1
      vertex -0.606216 0.730164 18.5
      vertex -0.606216 0.730164 18.1
    endloop
  endfacet
  facet normal 0.975697 0.219126 0
    outer loop
      vertex -0.584534 0.633621 18.5
      vertex -0.606216 0.730164 18.1
      vertex -0.606216 0.730164 18.5
    endloop
  endfacet
  facet normal 0.975697 0.219126 0
    outer loop
      vertex -0.606216 0.730164 18.1
      vertex -0.584534 0.633621 18.5
      vertex -0.584534 0.633621 18.1
    endloop
  endfacet
  facet normal 0.985831 0.167743 0
    outer loop
      vertex -0.566788 0.529327 18.5
      vertex -0.584534 0.633621 18.1
      vertex -0.584534 0.633621 18.5
    endloop
  endfacet
  facet normal 0.985831 0.167743 0
    outer loop
      vertex -0.584534 0.633621 18.1
      vertex -0.566788 0.529327 18.5
      vertex -0.566788 0.529327 18.1
    endloop
  endfacet
  facet normal 0.992509 0.122173 0
    outer loop
      vertex -0.552994 0.417267 18.5
      vertex -0.566788 0.529327 18.1
      vertex -0.566788 0.529327 18.5
    endloop
  endfacet
  facet normal 0.992509 0.122173 0
    outer loop
      vertex -0.566788 0.529327 18.1
      vertex -0.552994 0.417267 18.5
      vertex -0.552994 0.417267 18.1
    endloop
  endfacet
  facet normal 0.996634 0.0819833 0
    outer loop
      vertex -0.543137 0.29744 18.5
      vertex -0.552994 0.417267 18.1
      vertex -0.552994 0.417267 18.5
    endloop
  endfacet
  facet normal 0.996634 0.0819833 0
    outer loop
      vertex -0.552994 0.417267 18.1
      vertex -0.543137 0.29744 18.5
      vertex -0.543137 0.29744 18.1
    endloop
  endfacet
  facet normal 0.998925 0.0463606 0
    outer loop
      vertex -0.537216 0.169861 18.5
      vertex -0.543137 0.29744 18.1
      vertex -0.543137 0.29744 18.5
    endloop
  endfacet
  facet normal 0.998925 0.0463606 0
    outer loop
      vertex -0.543137 0.29744 18.1
      vertex -0.537216 0.169861 18.5
      vertex -0.537216 0.169861 18.1
    endloop
  endfacet
  facet normal 0.999894 0.014539 0
    outer loop
      vertex -0.535248 0.0345154 18.5
      vertex -0.537216 0.169861 18.1
      vertex -0.537216 0.169861 18.5
    endloop
  endfacet
  facet normal 0.999894 0.014539 0
    outer loop
      vertex -0.537216 0.169861 18.1
      vertex -0.535248 0.0345154 18.5
      vertex -0.535248 0.0345154 18.1
    endloop
  endfacet
  facet normal 0.999894 -0.0145884 0
    outer loop
      vertex -0.537216 -0.100372 18.5
      vertex -0.535248 0.0345154 18.1
      vertex -0.535248 0.0345154 18.5
    endloop
  endfacet
  facet normal 0.999894 -0.0145884 0
    outer loop
      vertex -0.535248 0.0345154 18.1
      vertex -0.537216 -0.100372 18.5
      vertex -0.537216 -0.100372 18.1
    endloop
  endfacet
  facet normal 0.998919 -0.0464937 0
    outer loop
      vertex -0.543137 -0.227585 18.5
      vertex -0.537216 -0.100372 18.1
      vertex -0.537216 -0.100372 18.5
    endloop
  endfacet
  facet normal 0.998919 -0.0464937 0
    outer loop
      vertex -0.537216 -0.100372 18.1
      vertex -0.543137 -0.227585 18.5
      vertex -0.543137 -0.227585 18.1
    endloop
  endfacet
  facet normal 0.996615 -0.0822123 0
    outer loop
      vertex -0.552994 -0.347076 18.5
      vertex -0.543137 -0.227585 18.1
      vertex -0.543137 -0.227585 18.5
    endloop
  endfacet
  facet normal 0.996615 -0.0822123 0
    outer loop
      vertex -0.543137 -0.227585 18.1
      vertex -0.552994 -0.347076 18.5
      vertex -0.552994 -0.347076 18.1
    endloop
  endfacet
  facet normal 0.992473 -0.122468 0
    outer loop
      vertex -0.566788 -0.458862 18.5
      vertex -0.552994 -0.347076 18.1
      vertex -0.552994 -0.347076 18.5
    endloop
  endfacet
  facet normal 0.992473 -0.122468 0
    outer loop
      vertex -0.552994 -0.347076 18.1
      vertex -0.566788 -0.458862 18.5
      vertex -0.566788 -0.458862 18.1
    endloop
  endfacet
  facet normal 0.98577 -0.168101 0
    outer loop
      vertex -0.584534 -0.562927 18.5
      vertex -0.566788 -0.458862 18.1
      vertex -0.566788 -0.458862 18.5
    endloop
  endfacet
  facet normal 0.98577 -0.168101 0
    outer loop
      vertex -0.566788 -0.458862 18.1
      vertex -0.584534 -0.562927 18.5
      vertex -0.584534 -0.562927 18.1
    endloop
  endfacet
  facet normal 0.975615 -0.219489 0
    outer loop
      vertex -0.606216 -0.659302 18.5
      vertex -0.584534 -0.562927 18.1
      vertex -0.584534 -0.562927 18.5
    endloop
  endfacet
  facet normal 0.975615 -0.219489 0
    outer loop
      vertex -0.584534 -0.562927 18.1
      vertex -0.606216 -0.659302 18.5
      vertex -0.606216 -0.659302 18.1
    endloop
  endfacet
  facet normal 0.960644 -0.277781 0
    outer loop
      vertex -0.631851 -0.747955 18.5
      vertex -0.606216 -0.659302 18.1
      vertex -0.606216 -0.659302 18.5
    endloop
  endfacet
  facet normal 0.960644 -0.277781 0
    outer loop
      vertex -0.606216 -0.659302 18.1
      vertex -0.631851 -0.747955 18.5
      vertex -0.631851 -0.747955 18.1
    endloop
  endfacet
  facet normal 0.939305 -0.343084 0
    outer loop
      vertex -0.661423 -0.828918 18.5
      vertex -0.631851 -0.747955 18.1
      vertex -0.631851 -0.747955 18.5
    endloop
  endfacet
  facet normal 0.939305 -0.343084 0
    outer loop
      vertex -0.631851 -0.747955 18.1
      vertex -0.661423 -0.828918 18.5
      vertex -0.661423 -0.828918 18.1
    endloop
  endfacet
  facet normal 0.90932 -0.416097 0
    outer loop
      vertex -0.694931 -0.902145 18.5
      vertex -0.661423 -0.828918 18.1
      vertex -0.661423 -0.828918 18.5
    endloop
  endfacet
  facet normal 0.90932 -0.416097 0
    outer loop
      vertex -0.661423 -0.828918 18.1
      vertex -0.694931 -0.902145 18.5
      vertex -0.694931 -0.902145 18.1
    endloop
  endfacet
  facet normal 0.868184 -0.496242 0
    outer loop
      vertex -0.732391 -0.967682 18.5
      vertex -0.694931 -0.902145 18.1
      vertex -0.694931 -0.902145 18.5
    endloop
  endfacet
  facet normal 0.868184 -0.496242 0
    outer loop
      vertex -0.694931 -0.902145 18.1
      vertex -0.732391 -0.967682 18.5
      vertex -0.732391 -0.967682 18.1
    endloop
  endfacet
  facet normal 0.813078 -0.582154 0
    outer loop
      vertex -0.773788 -1.0255 18.5
      vertex -0.732391 -0.967682 18.1
      vertex -0.732391 -0.967682 18.5
    endloop
  endfacet
  facet normal 0.813078 -0.582154 0
    outer loop
      vertex -0.732391 -0.967682 18.1
      vertex -0.773788 -1.0255 18.5
      vertex -0.773788 -1.0255 18.1
    endloop
  endfacet
  facet normal 0.741445 -0.671014 0
    outer loop
      vertex -0.819138 -1.07561 18.5
      vertex -0.773788 -1.0255 18.1
      vertex -0.773788 -1.0255 18.5
    endloop
  endfacet
  facet normal 0.741445 -0.671014 0
    outer loop
      vertex -0.773788 -1.0255 18.1
      vertex -0.819138 -1.07561 18.5
      vertex -0.819138 -1.07561 18.1
    endloop
  endfacet
  facet normal 0.651961 -0.758253 0
    outer loop
      vertex -0.868439 -1.118 18.1
      vertex -0.819138 -1.07561 18.5
      vertex -0.868439 -1.118 18.5
    endloop
  endfacet
  facet normal 0.651961 -0.758253 0
    outer loop
      vertex -0.819138 -1.07561 18.5
      vertex -0.868439 -1.118 18.1
      vertex -0.819138 -1.07561 18.1
    endloop
  endfacet
  facet normal 0.546047 -0.837755 0
    outer loop
      vertex -0.921661 -1.15269 18.1
      vertex -0.868439 -1.118 18.5
      vertex -0.921661 -1.15269 18.5
    endloop
  endfacet
  facet normal 0.546047 -0.837755 0
    outer loop
      vertex -0.868439 -1.118 18.5
      vertex -0.921661 -1.15269 18.1
      vertex -0.868439 -1.118 18.1
    endloop
  endfacet
  facet normal 0.426757 -0.904367 0
    outer loop
      vertex -0.978836 -1.17967 18.1
      vertex -0.921661 -1.15269 18.5
      vertex -0.978836 -1.17967 18.5
    endloop
  endfacet
  facet normal 0.426757 -0.904367 0
    outer loop
      vertex -0.921661 -1.15269 18.5
      vertex -0.978836 -1.17967 18.1
      vertex -0.921661 -1.15269 18.1
    endloop
  endfacet
  facet normal 0.300673 -0.953727 0
    outer loop
      vertex -1.03996 -1.19894 18.1
      vertex -0.978836 -1.17967 18.5
      vertex -1.03996 -1.19894 18.5
    endloop
  endfacet
  facet normal 0.300673 -0.953727 0
    outer loop
      vertex -0.978836 -1.17967 18.5
      vertex -1.03996 -1.19894 18.1
      vertex -0.978836 -1.17967 18.1
    endloop
  endfacet
  facet normal 0.175063 -0.984557 0
    outer loop
      vertex -1.10503 -1.21051 18.1
      vertex -1.03996 -1.19894 18.5
      vertex -1.10503 -1.21051 18.5
    endloop
  endfacet
  facet normal 0.175063 -0.984557 0
    outer loop
      vertex -1.03996 -1.19894 18.5
      vertex -1.10503 -1.21051 18.1
      vertex -1.03996 -1.19894 18.1
    endloop
  endfacet
  facet normal 0.0557024 -0.998447 0
    outer loop
      vertex -1.17404 -1.21436 18.1
      vertex -1.10503 -1.21051 18.5
      vertex -1.17404 -1.21436 18.5
    endloop
  endfacet
  facet normal 0.0557024 -0.998447 0
    outer loop
      vertex -1.10503 -1.21051 18.5
      vertex -1.17404 -1.21436 18.1
      vertex -1.10503 -1.21051 18.1
    endloop
  endfacet
  facet normal -0.0560587 -0.998427 0
    outer loop
      vertex -1.24261 -1.21051 18.1
      vertex -1.17404 -1.21436 18.5
      vertex -1.24261 -1.21051 18.5
    endloop
  endfacet
  facet normal -0.0560587 -0.998427 -0
    outer loop
      vertex -1.17404 -1.21436 18.5
      vertex -1.24261 -1.21051 18.1
      vertex -1.17404 -1.21436 18.1
    endloop
  endfacet
  facet normal -0.141753 0.989902 0
    outer loop
      vertex 6.62665 -1.52081 18.1
      vertex 6.52211 -1.53578 18.5
      vertex 6.62665 -1.52081 18.5
    endloop
  endfacet
  facet normal -0.141753 0.989902 0
    outer loop
      vertex 6.52211 -1.53578 18.5
      vertex 6.62665 -1.52081 18.1
      vertex 6.52211 -1.53578 18.1
    endloop
  endfacet
  facet normal -0.245126 0.969491 0
    outer loop
      vertex 6.72525 -1.49588 18.1
      vertex 6.62665 -1.52081 18.5
      vertex 6.72525 -1.49588 18.5
    endloop
  endfacet
  facet normal -0.245126 0.969491 0
    outer loop
      vertex 6.62665 -1.52081 18.5
      vertex 6.72525 -1.49588 18.1
      vertex 6.62665 -1.52081 18.1
    endloop
  endfacet
  facet normal -0.352628 0.935763 0
    outer loop
      vertex 6.81789 -1.46097 18.1
      vertex 6.72525 -1.49588 18.5
      vertex 6.81789 -1.46097 18.5
    endloop
  endfacet
  facet normal -0.352628 0.935763 0
    outer loop
      vertex 6.72525 -1.49588 18.5
      vertex 6.81789 -1.46097 18.1
      vertex 6.72525 -1.49588 18.1
    endloop
  endfacet
  facet normal -0.459872 0.887985 0
    outer loop
      vertex 6.90457 -1.41608 18.1
      vertex 6.81789 -1.46097 18.5
      vertex 6.90457 -1.41608 18.5
    endloop
  endfacet
  facet normal -0.459872 0.887985 0
    outer loop
      vertex 6.81789 -1.46097 18.5
      vertex 6.90457 -1.41608 18.1
      vertex 6.81789 -1.46097 18.1
    endloop
  endfacet
  facet normal -0.562007 0.827132 0
    outer loop
      vertex 6.98531 -1.36122 18.1
      vertex 6.90457 -1.41608 18.5
      vertex 6.98531 -1.36122 18.5
    endloop
  endfacet
  facet normal -0.562007 0.827132 0
    outer loop
      vertex 6.90457 -1.41608 18.5
      vertex 6.98531 -1.36122 18.1
      vertex 6.90457 -1.41608 18.1
    endloop
  endfacet
  facet normal -0.65505 0.755586 0
    outer loop
      vertex 7.06009 -1.29639 18.1
      vertex 6.98531 -1.36122 18.5
      vertex 7.06009 -1.29639 18.5
    endloop
  endfacet
  facet normal -0.65505 0.755586 0
    outer loop
      vertex 6.98531 -1.36122 18.5
      vertex 7.06009 -1.29639 18.1
      vertex 6.98531 -1.36122 18.1
    endloop
  endfacet
  facet normal -0.735953 0.677033 0
    outer loop
      vertex 7.06009 -1.29639 18.1
      vertex 7.12892 -1.22157 18.5
      vertex 7.12892 -1.22157 18.1
    endloop
  endfacet
  facet normal -0.735953 0.677033 0
    outer loop
      vertex 7.12892 -1.22157 18.5
      vertex 7.06009 -1.29639 18.1
      vertex 7.06009 -1.29639 18.5
    endloop
  endfacet
  facet normal -0.803273 0.59561 0
    outer loop
      vertex 7.12892 -1.22157 18.1
      vertex 7.19179 -1.13678 18.5
      vertex 7.19179 -1.13678 18.1
    endloop
  endfacet
  facet normal -0.803273 0.59561 0
    outer loop
      vertex 7.19179 -1.13678 18.5
      vertex 7.12892 -1.22157 18.1
      vertex 7.12892 -1.22157 18.5
    endloop
  endfacet
  facet normal -0.857421 0.514616 0
    outer loop
      vertex 7.19179 -1.13678 18.1
      vertex 7.24837 -1.04251 18.5
      vertex 7.24837 -1.04251 18.1
    endloop
  endfacet
  facet normal -0.857421 0.514616 0
    outer loop
      vertex 7.24837 -1.04251 18.5
      vertex 7.19179 -1.13678 18.1
      vertex 7.19179 -1.13678 18.5
    endloop
  endfacet
  facet normal -0.900288 0.435295 0
    outer loop
      vertex 7.24837 -1.04251 18.1
      vertex 7.29828 -0.939285 18.5
      vertex 7.29828 -0.939285 18.1
    endloop
  endfacet
  facet normal -0.900288 0.435295 0
    outer loop
      vertex 7.29828 -0.939285 18.5
      vertex 7.24837 -1.04251 18.1
      vertex 7.24837 -1.04251 18.5
    endloop
  endfacet
  facet normal -0.933064 0.359712 0
    outer loop
      vertex 7.29828 -0.939285 18.1
      vertex 7.34154 -0.827072 18.5
      vertex 7.34154 -0.827072 18.1
    endloop
  endfacet
  facet normal -0.933064 0.359712 0
    outer loop
      vertex 7.34154 -0.827072 18.5
      vertex 7.29828 -0.939285 18.1
      vertex 7.29828 -0.939285 18.5
    endloop
  endfacet
  facet normal -0.957283 0.289152 0
    outer loop
      vertex 7.34154 -0.827072 18.1
      vertex 7.37814 -0.705902 18.5
      vertex 7.37814 -0.705902 18.1
    endloop
  endfacet
  facet normal -0.957283 0.289152 0
    outer loop
      vertex 7.37814 -0.705902 18.5
      vertex 7.34154 -0.827072 18.1
      vertex 7.34154 -0.827072 18.5
    endloop
  endfacet
  facet normal -0.97451 0.224342 0
    outer loop
      vertex 7.37814 -0.705902 18.1
      vertex 7.4081 -0.57576 18.5
      vertex 7.4081 -0.57576 18.1
    endloop
  endfacet
  facet normal -0.97451 0.224342 0
    outer loop
      vertex 7.4081 -0.57576 18.5
      vertex 7.37814 -0.705902 18.1
      vertex 7.37814 -0.705902 18.5
    endloop
  endfacet
  facet normal -0.986265 0.165169 0
    outer loop
      vertex 7.4081 -0.57576 18.1
      vertex 7.4314 -0.43663 18.5
      vertex 7.4314 -0.43663 18.1
    endloop
  endfacet
  facet normal -0.986265 0.165169 0
    outer loop
      vertex 7.4314 -0.43663 18.5
      vertex 7.4081 -0.57576 18.1
      vertex 7.4081 -0.57576 18.5
    endloop
  endfacet
  facet normal -0.993753 0.111598 0
    outer loop
      vertex 7.4314 -0.43663 18.1
      vertex 7.44803 -0.288544 18.5
      vertex 7.44803 -0.288544 18.1
    endloop
  endfacet
  facet normal -0.993753 0.111598 0
    outer loop
      vertex 7.44803 -0.288544 18.5
      vertex 7.4314 -0.43663 18.1
      vertex 7.4314 -0.43663 18.5
    endloop
  endfacet
  facet normal -0.997983 0.0634784 0
    outer loop
      vertex 7.44803 -0.288544 18.1
      vertex 7.45802 -0.131485 18.5
      vertex 7.45802 -0.131485 18.1
    endloop
  endfacet
  facet normal -0.997983 0.0634784 0
    outer loop
      vertex 7.45802 -0.131485 18.5
      vertex 7.44803 -0.288544 18.1
      vertex 7.44803 -0.288544 18.5
    endloop
  endfacet
  facet normal -0.999799 0.0200562 0
    outer loop
      vertex 7.45802 -0.131485 18.1
      vertex 7.46135 0.0345154 18.5
      vertex 7.46135 0.0345154 18.1
    endloop
  endfacet
  facet normal -0.999799 0.0200562 0
    outer loop
      vertex 7.46135 0.0345154 18.5
      vertex 7.45802 -0.131485 18.1
      vertex 7.45802 -0.131485 18.5
    endloop
  endfacet
  facet normal -0.9998 -0.020001 0
    outer loop
      vertex 7.46135 0.0345154 18.1
      vertex 7.45802 0.200974 18.5
      vertex 7.45802 0.200974 18.1
    endloop
  endfacet
  facet normal -0.9998 -0.020001 0
    outer loop
      vertex 7.45802 0.200974 18.5
      vertex 7.46135 0.0345154 18.1
      vertex 7.46135 0.0345154 18.5
    endloop
  endfacet
  facet normal -0.997993 -0.0633254 0
    outer loop
      vertex 7.45802 0.200974 18.1
      vertex 7.44803 0.358414 18.5
      vertex 7.44803 0.358414 18.1
    endloop
  endfacet
  facet normal -0.997993 -0.0633254 0
    outer loop
      vertex 7.44803 0.358414 18.5
      vertex 7.45802 0.200974 18.1
      vertex 7.45802 0.200974 18.5
    endloop
  endfacet
  facet normal -0.99378 -0.11136 0
    outer loop
      vertex 7.44803 0.358414 18.1
      vertex 7.4314 0.506821 18.5
      vertex 7.4314 0.506821 18.1
    endloop
  endfacet
  facet normal -0.99378 -0.11136 0
    outer loop
      vertex 7.4314 0.506821 18.5
      vertex 7.44803 0.358414 18.1
      vertex 7.44803 0.358414 18.5
    endloop
  endfacet
  facet normal -0.986315 -0.164871 0
    outer loop
      vertex 7.4314 0.506821 18.1
      vertex 7.4081 0.64621 18.5
      vertex 7.4081 0.64621 18.1
    endloop
  endfacet
  facet normal -0.986315 -0.164871 0
    outer loop
      vertex 7.4081 0.64621 18.5
      vertex 7.4314 0.506821 18.1
      vertex 7.4314 0.506821 18.5
    endloop
  endfacet
  facet normal -0.974597 -0.223968 0
    outer loop
      vertex 7.4081 0.64621 18.1
      vertex 7.37814 0.776581 18.5
      vertex 7.37814 0.776581 18.1
    endloop
  endfacet
  facet normal -0.974597 -0.223968 0
    outer loop
      vertex 7.37814 0.776581 18.5
      vertex 7.4081 0.64621 18.1
      vertex 7.4081 0.64621 18.5
    endloop
  endfacet
  facet normal -0.957404 -0.288752 0
    outer loop
      vertex 7.37814 0.776581 18.1
      vertex 7.34154 0.897934 18.5
      vertex 7.34154 0.897934 18.1
    endloop
  endfacet
  facet normal -0.957404 -0.288752 0
    outer loop
      vertex 7.34154 0.897934 18.5
      vertex 7.37814 0.776581 18.1
      vertex 7.37814 0.776581 18.5
    endloop
  endfacet
  facet normal -0.933196 -0.359369 0
    outer loop
      vertex 7.34154 0.897934 18.1
      vertex 7.29828 1.01027 18.5
      vertex 7.29828 1.01027 18.1
    endloop
  endfacet
  facet normal -0.933196 -0.359369 0
    outer loop
      vertex 7.29828 1.01027 18.5
      vertex 7.34154 0.897934 18.1
      vertex 7.34154 0.897934 18.5
    endloop
  endfacet
  facet normal -0.900412 -0.435039 0
    outer loop
      vertex 7.29828 1.01027 18.1
      vertex 7.24837 1.11357 18.5
      vertex 7.24837 1.11357 18.1
    endloop
  endfacet
  facet normal -0.900412 -0.435039 0
    outer loop
      vertex 7.24837 1.11357 18.5
      vertex 7.29828 1.01027 18.1
      vertex 7.29828 1.01027 18.5
    endloop
  endfacet
  facet normal -0.857469 -0.514536 0
    outer loop
      vertex 7.24837 1.11357 18.1
      vertex 7.19179 1.20786 18.5
      vertex 7.19179 1.20786 18.1
    endloop
  endfacet
  facet normal -0.857469 -0.514536 0
    outer loop
      vertex 7.19179 1.20786 18.5
      vertex 7.24837 1.11357 18.1
      vertex 7.24837 1.11357 18.5
    endloop
  endfacet
  facet normal -0.803273 -0.59561 0
    outer loop
      vertex 7.19179 1.20786 18.1
      vertex 7.12892 1.29265 18.5
      vertex 7.12892 1.29265 18.1
    endloop
  endfacet
  facet normal -0.803273 -0.59561 0
    outer loop
      vertex 7.12892 1.29265 18.5
      vertex 7.19179 1.20786 18.1
      vertex 7.19179 1.20786 18.5
    endloop
  endfacet
  facet normal -0.735907 -0.677082 0
    outer loop
      vertex 7.12892 1.29265 18.1
      vertex 7.06009 1.36746 18.5
      vertex 7.06009 1.36746 18.1
    endloop
  endfacet
  facet normal -0.735907 -0.677082 0
    outer loop
      vertex 7.06009 1.36746 18.5
      vertex 7.12892 1.29265 18.1
      vertex 7.12892 1.29265 18.5
    endloop
  endfacet
  facet normal -0.655107 -0.755536 0
    outer loop
      vertex 6.98531 1.4323 18.1
      vertex 7.06009 1.36746 18.5
      vertex 6.98531 1.4323 18.5
    endloop
  endfacet
  facet normal -0.655107 -0.755536 -0
    outer loop
      vertex 7.06009 1.36746 18.5
      vertex 6.98531 1.4323 18.1
      vertex 7.06009 1.36746 18.1
    endloop
  endfacet
  facet normal -0.562077 -0.827085 0
    outer loop
      vertex 6.90457 1.48717 18.1
      vertex 6.98531 1.4323 18.5
      vertex 6.90457 1.48717 18.5
    endloop
  endfacet
  facet normal -0.562077 -0.827085 -0
    outer loop
      vertex 6.98531 1.4323 18.5
      vertex 6.90457 1.48717 18.1
      vertex 6.98531 1.4323 18.1
    endloop
  endfacet
  facet normal -0.459872 -0.887985 0
    outer loop
      vertex 6.81789 1.53206 18.1
      vertex 6.90457 1.48717 18.5
      vertex 6.81789 1.53206 18.5
    endloop
  endfacet
  facet normal -0.459872 -0.887985 -0
    outer loop
      vertex 6.90457 1.48717 18.5
      vertex 6.81789 1.53206 18.1
      vertex 6.90457 1.48717 18.1
    endloop
  endfacet
  facet normal -0.352628 -0.935763 0
    outer loop
      vertex 6.72525 1.56697 18.1
      vertex 6.81789 1.53206 18.5
      vertex 6.72525 1.56697 18.5
    endloop
  endfacet
  facet normal -0.352628 -0.935763 -0
    outer loop
      vertex 6.81789 1.53206 18.5
      vertex 6.72525 1.56697 18.1
      vertex 6.81789 1.53206 18.1
    endloop
  endfacet
  facet normal -0.245126 -0.969491 0
    outer loop
      vertex 6.62665 1.5919 18.1
      vertex 6.72525 1.56697 18.5
      vertex 6.62665 1.5919 18.5
    endloop
  endfacet
  facet normal -0.245126 -0.969491 -0
    outer loop
      vertex 6.72525 1.56697 18.5
      vertex 6.62665 1.5919 18.1
      vertex 6.72525 1.56697 18.1
    endloop
  endfacet
  facet normal -0.141753 -0.989902 0
    outer loop
      vertex 6.52211 1.60687 18.1
      vertex 6.62665 1.5919 18.5
      vertex 6.52211 1.60687 18.5
    endloop
  endfacet
  facet normal -0.141753 -0.989902 -0
    outer loop
      vertex 6.62665 1.5919 18.5
      vertex 6.52211 1.60687 18.1
      vertex 6.62665 1.5919 18.1
    endloop
  endfacet
  facet normal -0.0451165 -0.998982 0
    outer loop
      vertex 6.41162 1.61186 18.1
      vertex 6.52211 1.60687 18.5
      vertex 6.41162 1.61186 18.5
    endloop
  endfacet
  facet normal -0.0451165 -0.998982 -0
    outer loop
      vertex 6.52211 1.60687 18.5
      vertex 6.41162 1.61186 18.1
      vertex 6.52211 1.60687 18.1
    endloop
  endfacet
  facet normal 0.0451124 -0.998982 0
    outer loop
      vertex 6.30112 1.60687 18.1
      vertex 6.41162 1.61186 18.5
      vertex 6.30112 1.60687 18.5
    endloop
  endfacet
  facet normal 0.0451124 -0.998982 0
    outer loop
      vertex 6.41162 1.61186 18.5
      vertex 6.30112 1.60687 18.1
      vertex 6.41162 1.61186 18.1
    endloop
  endfacet
  facet normal 0.141753 -0.989902 0
    outer loop
      vertex 6.19658 1.5919 18.1
      vertex 6.30112 1.60687 18.5
      vertex 6.19658 1.5919 18.5
    endloop
  endfacet
  facet normal 0.141753 -0.989902 0
    outer loop
      vertex 6.30112 1.60687 18.5
      vertex 6.19658 1.5919 18.1
      vertex 6.30112 1.60687 18.1
    endloop
  endfacet
  facet normal 0.245126 -0.969491 0
    outer loop
      vertex 6.09798 1.56697 18.1
      vertex 6.19658 1.5919 18.5
      vertex 6.09798 1.56697 18.5
    endloop
  endfacet
  facet normal 0.245126 -0.969491 0
    outer loop
      vertex 6.19658 1.5919 18.5
      vertex 6.09798 1.56697 18.1
      vertex 6.19658 1.5919 18.1
    endloop
  endfacet
  facet normal 0.352628 -0.935763 0
    outer loop
      vertex 6.00534 1.53206 18.1
      vertex 6.09798 1.56697 18.5
      vertex 6.00534 1.53206 18.5
    endloop
  endfacet
  facet normal 0.352628 -0.935763 0
    outer loop
      vertex 6.09798 1.56697 18.5
      vertex 6.00534 1.53206 18.1
      vertex 6.09798 1.56697 18.1
    endloop
  endfacet
  facet normal 0.459872 -0.887985 0
    outer loop
      vertex 5.91866 1.48717 18.1
      vertex 6.00534 1.53206 18.5
      vertex 5.91866 1.48717 18.5
    endloop
  endfacet
  facet normal 0.459872 -0.887985 0
    outer loop
      vertex 6.00534 1.53206 18.5
      vertex 5.91866 1.48717 18.1
      vertex 6.00534 1.53206 18.1
    endloop
  endfacet
  facet normal 0.562077 -0.827085 0
    outer loop
      vertex 5.83792 1.4323 18.1
      vertex 5.91866 1.48717 18.5
      vertex 5.83792 1.4323 18.5
    endloop
  endfacet
  facet normal 0.562077 -0.827085 0
    outer loop
      vertex 5.91866 1.48717 18.5
      vertex 5.83792 1.4323 18.1
      vertex 5.91866 1.48717 18.1
    endloop
  endfacet
  facet normal 0.655107 -0.755536 0
    outer loop
      vertex 5.76314 1.36746 18.1
      vertex 5.83792 1.4323 18.5
      vertex 5.76314 1.36746 18.5
    endloop
  endfacet
  facet normal 0.655107 -0.755536 0
    outer loop
      vertex 5.83792 1.4323 18.5
      vertex 5.76314 1.36746 18.1
      vertex 5.83792 1.4323 18.1
    endloop
  endfacet
  facet normal 0.735907 -0.677082 0
    outer loop
      vertex 5.69431 1.29265 18.5
      vertex 5.76314 1.36746 18.1
      vertex 5.76314 1.36746 18.5
    endloop
  endfacet
  facet normal 0.735907 -0.677082 0
    outer loop
      vertex 5.76314 1.36746 18.1
      vertex 5.69431 1.29265 18.5
      vertex 5.69431 1.29265 18.1
    endloop
  endfacet
  facet normal 0.803273 -0.59561 0
    outer loop
      vertex 5.63144 1.20786 18.5
      vertex 5.69431 1.29265 18.1
      vertex 5.69431 1.29265 18.5
    endloop
  endfacet
  facet normal 0.803273 -0.59561 0
    outer loop
      vertex 5.69431 1.29265 18.1
      vertex 5.63144 1.20786 18.5
      vertex 5.63144 1.20786 18.1
    endloop
  endfacet
  facet normal 0.857469 -0.514536 0
    outer loop
      vertex 5.57486 1.11357 18.5
      vertex 5.63144 1.20786 18.1
      vertex 5.63144 1.20786 18.5
    endloop
  endfacet
  facet normal 0.857469 -0.514536 0
    outer loop
      vertex 5.63144 1.20786 18.1
      vertex 5.57486 1.11357 18.5
      vertex 5.57486 1.11357 18.1
    endloop
  endfacet
  facet normal 0.900412 -0.435039 0
    outer loop
      vertex 5.52495 1.01027 18.5
      vertex 5.57486 1.11357 18.1
      vertex 5.57486 1.11357 18.5
    endloop
  endfacet
  facet normal 0.900412 -0.435039 0
    outer loop
      vertex 5.57486 1.11357 18.1
      vertex 5.52495 1.01027 18.5
      vertex 5.52495 1.01027 18.1
    endloop
  endfacet
  facet normal 0.933196 -0.359369 0
    outer loop
      vertex 5.48169 0.897934 18.5
      vertex 5.52495 1.01027 18.1
      vertex 5.52495 1.01027 18.5
    endloop
  endfacet
  facet normal 0.933196 -0.359369 0
    outer loop
      vertex 5.52495 1.01027 18.1
      vertex 5.48169 0.897934 18.5
      vertex 5.48169 0.897934 18.1
    endloop
  endfacet
  facet normal 0.957382 -0.288825 0
    outer loop
      vertex 5.44508 0.776581 18.5
      vertex 5.48169 0.897934 18.1
      vertex 5.48169 0.897934 18.5
    endloop
  endfacet
  facet normal 0.957382 -0.288825 0
    outer loop
      vertex 5.48169 0.897934 18.1
      vertex 5.44508 0.776581 18.5
      vertex 5.44508 0.776581 18.1
    endloop
  endfacet
  facet normal 0.974613 -0.223897 0
    outer loop
      vertex 5.41513 0.64621 18.5
      vertex 5.44508 0.776581 18.1
      vertex 5.44508 0.776581 18.5
    endloop
  endfacet
  facet normal 0.974613 -0.223897 0
    outer loop
      vertex 5.44508 0.776581 18.1
      vertex 5.41513 0.64621 18.5
      vertex 5.41513 0.64621 18.1
    endloop
  endfacet
  facet normal 0.986315 -0.164871 0
    outer loop
      vertex 5.39183 0.506821 18.5
      vertex 5.41513 0.64621 18.1
      vertex 5.41513 0.64621 18.5
    endloop
  endfacet
  facet normal 0.986315 -0.164871 0
    outer loop
      vertex 5.41513 0.64621 18.1
      vertex 5.39183 0.506821 18.5
      vertex 5.39183 0.506821 18.1
    endloop
  endfacet
  facet normal 0.99378 -0.11136 0
    outer loop
      vertex 5.3752 0.358414 18.5
      vertex 5.39183 0.506821 18.1
      vertex 5.39183 0.506821 18.5
    endloop
  endfacet
  facet normal 0.99378 -0.11136 0
    outer loop
      vertex 5.39183 0.506821 18.1
      vertex 5.3752 0.358414 18.5
      vertex 5.3752 0.358414 18.1
    endloop
  endfacet
  facet normal 0.997989 -0.0633885 0
    outer loop
      vertex 5.3652 0.200974 18.5
      vertex 5.3752 0.358414 18.1
      vertex 5.3752 0.358414 18.5
    endloop
  endfacet
  facet normal 0.997989 -0.0633885 0
    outer loop
      vertex 5.3752 0.358414 18.1
      vertex 5.3652 0.200974 18.5
      vertex 5.3652 0.200974 18.1
    endloop
  endfacet
  facet normal 0.999801 -0.0199409 0
    outer loop
      vertex 5.36188 0.0345154 18.5
      vertex 5.3652 0.200974 18.1
      vertex 5.3652 0.200974 18.5
    endloop
  endfacet
  facet normal 0.999801 -0.0199409 0
    outer loop
      vertex 5.3652 0.200974 18.1
      vertex 5.36188 0.0345154 18.5
      vertex 5.36188 0.0345154 18.1
    endloop
  endfacet
  facet normal 0.9998 0.019996 0
    outer loop
      vertex 5.3652 -0.131485 18.5
      vertex 5.36188 0.0345154 18.1
      vertex 5.36188 0.0345154 18.5
    endloop
  endfacet
  facet normal 0.9998 0.019996 0
    outer loop
      vertex 5.36188 0.0345154 18.1
      vertex 5.3652 -0.131485 18.5
      vertex 5.3652 -0.131485 18.1
    endloop
  endfacet
  facet normal 0.997979 0.0635417 0
    outer loop
      vertex 5.3752 -0.288544 18.5
      vertex 5.3652 -0.131485 18.1
      vertex 5.3652 -0.131485 18.5
    endloop
  endfacet
  facet normal 0.997979 0.0635417 0
    outer loop
      vertex 5.3652 -0.131485 18.1
      vertex 5.3752 -0.288544 18.5
      vertex 5.3752 -0.288544 18.1
    endloop
  endfacet
  facet normal 0.993753 0.111598 0
    outer loop
      vertex 5.39183 -0.43663 18.5
      vertex 5.3752 -0.288544 18.1
      vertex 5.3752 -0.288544 18.5
    endloop
  endfacet
  facet normal 0.993753 0.111598 0
    outer loop
      vertex 5.3752 -0.288544 18.1
      vertex 5.39183 -0.43663 18.5
      vertex 5.39183 -0.43663 18.1
    endloop
  endfacet
  facet normal 0.986265 0.165169 0
    outer loop
      vertex 5.41513 -0.57576 18.5
      vertex 5.39183 -0.43663 18.1
      vertex 5.39183 -0.43663 18.5
    endloop
  endfacet
  facet normal 0.986265 0.165169 0
    outer loop
      vertex 5.39183 -0.43663 18.1
      vertex 5.41513 -0.57576 18.5
      vertex 5.41513 -0.57576 18.1
    endloop
  endfacet
  facet normal 0.974527 0.224271 0
    outer loop
      vertex 5.44508 -0.705902 18.5
      vertex 5.41513 -0.57576 18.1
      vertex 5.41513 -0.57576 18.5
    endloop
  endfacet
  facet normal 0.974527 0.224271 0
    outer loop
      vertex 5.41513 -0.57576 18.1
      vertex 5.44508 -0.705902 18.5
      vertex 5.44508 -0.705902 18.1
    endloop
  endfacet
  facet normal 0.957261 0.289225 0
    outer loop
      vertex 5.48169 -0.827072 18.5
      vertex 5.44508 -0.705902 18.1
      vertex 5.44508 -0.705902 18.5
    endloop
  endfacet
  facet normal 0.957261 0.289225 0
    outer loop
      vertex 5.44508 -0.705902 18.1
      vertex 5.48169 -0.827072 18.5
      vertex 5.48169 -0.827072 18.1
    endloop
  endfacet
  facet normal 0.933064 0.359712 0
    outer loop
      vertex 5.52495 -0.939285 18.5
      vertex 5.48169 -0.827072 18.1
      vertex 5.48169 -0.827072 18.5
    endloop
  endfacet
  facet normal 0.933064 0.359712 0
    outer loop
      vertex 5.48169 -0.827072 18.1
      vertex 5.52495 -0.939285 18.5
      vertex 5.52495 -0.939285 18.1
    endloop
  endfacet
  facet normal 0.900288 0.435295 0
    outer loop
      vertex 5.57486 -1.04251 18.5
      vertex 5.52495 -0.939285 18.1
      vertex 5.52495 -0.939285 18.5
    endloop
  endfacet
  facet normal 0.900288 0.435295 0
    outer loop
      vertex 5.52495 -0.939285 18.1
      vertex 5.57486 -1.04251 18.5
      vertex 5.57486 -1.04251 18.1
    endloop
  endfacet
  facet normal 0.857421 0.514616 0
    outer loop
      vertex 5.63144 -1.13678 18.5
      vertex 5.57486 -1.04251 18.1
      vertex 5.57486 -1.04251 18.5
    endloop
  endfacet
  facet normal 0.857421 0.514616 0
    outer loop
      vertex 5.57486 -1.04251 18.1
      vertex 5.63144 -1.13678 18.5
      vertex 5.63144 -1.13678 18.1
    endloop
  endfacet
  facet normal 0.803273 0.59561 0
    outer loop
      vertex 5.69431 -1.22157 18.5
      vertex 5.63144 -1.13678 18.1
      vertex 5.63144 -1.13678 18.5
    endloop
  endfacet
  facet normal 0.803273 0.59561 0
    outer loop
      vertex 5.63144 -1.13678 18.1
      vertex 5.69431 -1.22157 18.5
      vertex 5.69431 -1.22157 18.1
    endloop
  endfacet
  facet normal 0.735953 0.677033 0
    outer loop
      vertex 5.76314 -1.29639 18.5
      vertex 5.69431 -1.22157 18.1
      vertex 5.69431 -1.22157 18.5
    endloop
  endfacet
  facet normal 0.735953 0.677033 0
    outer loop
      vertex 5.69431 -1.22157 18.1
      vertex 5.76314 -1.29639 18.5
      vertex 5.76314 -1.29639 18.1
    endloop
  endfacet
  facet normal 0.65505 0.755586 -0
    outer loop
      vertex 5.83792 -1.36122 18.1
      vertex 5.76314 -1.29639 18.5
      vertex 5.83792 -1.36122 18.5
    endloop
  endfacet
  facet normal 0.65505 0.755586 0
    outer loop
      vertex 5.76314 -1.29639 18.5
      vertex 5.83792 -1.36122 18.1
      vertex 5.76314 -1.29639 18.1
    endloop
  endfacet
  facet normal 0.562007 0.827132 -0
    outer loop
      vertex 5.91866 -1.41608 18.1
      vertex 5.83792 -1.36122 18.5
      vertex 5.91866 -1.41608 18.5
    endloop
  endfacet
  facet normal 0.562007 0.827132 0
    outer loop
      vertex 5.83792 -1.36122 18.5
      vertex 5.91866 -1.41608 18.1
      vertex 5.83792 -1.36122 18.1
    endloop
  endfacet
  facet normal 0.459872 0.887985 -0
    outer loop
      vertex 6.00534 -1.46097 18.1
      vertex 5.91866 -1.41608 18.5
      vertex 6.00534 -1.46097 18.5
    endloop
  endfacet
  facet normal 0.459872 0.887985 0
    outer loop
      vertex 5.91866 -1.41608 18.5
      vertex 6.00534 -1.46097 18.1
      vertex 5.91866 -1.41608 18.1
    endloop
  endfacet
  facet normal 0.352628 0.935763 -0
    outer loop
      vertex 6.09798 -1.49588 18.1
      vertex 6.00534 -1.46097 18.5
      vertex 6.09798 -1.49588 18.5
    endloop
  endfacet
  facet normal 0.352628 0.935763 0
    outer loop
      vertex 6.00534 -1.46097 18.5
      vertex 6.09798 -1.49588 18.1
      vertex 6.00534 -1.46097 18.1
    endloop
  endfacet
  facet normal 0.245126 0.969491 -0
    outer loop
      vertex 6.19658 -1.52081 18.1
      vertex 6.09798 -1.49588 18.5
      vertex 6.19658 -1.52081 18.5
    endloop
  endfacet
  facet normal 0.245126 0.969491 0
    outer loop
      vertex 6.09798 -1.49588 18.5
      vertex 6.19658 -1.52081 18.1
      vertex 6.09798 -1.49588 18.1
    endloop
  endfacet
  facet normal 0.141753 0.989902 -0
    outer loop
      vertex 6.30112 -1.53578 18.1
      vertex 6.19658 -1.52081 18.5
      vertex 6.30112 -1.53578 18.5
    endloop
  endfacet
  facet normal 0.141753 0.989902 0
    outer loop
      vertex 6.19658 -1.52081 18.5
      vertex 6.30112 -1.53578 18.1
      vertex 6.19658 -1.52081 18.1
    endloop
  endfacet
  facet normal 0.0450222 0.998986 -0
    outer loop
      vertex 6.41162 -1.54076 18.1
      vertex 6.30112 -1.53578 18.5
      vertex 6.41162 -1.54076 18.5
    endloop
  endfacet
  facet normal 0.0450222 0.998986 0
    outer loop
      vertex 6.30112 -1.53578 18.5
      vertex 6.41162 -1.54076 18.1
      vertex 6.30112 -1.53578 18.1
    endloop
  endfacet
  facet normal -0.0450262 0.998986 0
    outer loop
      vertex 6.52211 -1.53578 18.1
      vertex 6.41162 -1.54076 18.5
      vertex 6.52211 -1.53578 18.5
    endloop
  endfacet
  facet normal -0.0450262 0.998986 0
    outer loop
      vertex 6.41162 -1.54076 18.5
      vertex 6.52211 -1.53578 18.1
      vertex 6.41162 -1.54076 18.1
    endloop
  endfacet
  facet normal -0.176086 -0.984375 0
    outer loop
      vertex 6.27835 -1.19894 18.1
      vertex 6.34303 -1.21051 18.5
      vertex 6.27835 -1.19894 18.5
    endloop
  endfacet
  facet normal -0.176086 -0.984375 -0
    outer loop
      vertex 6.34303 -1.21051 18.5
      vertex 6.27835 -1.19894 18.1
      vertex 6.34303 -1.21051 18.1
    endloop
  endfacet
  facet normal -0.302174 -0.953253 0
    outer loop
      vertex 6.21756 -1.17967 18.1
      vertex 6.27835 -1.19894 18.5
      vertex 6.21756 -1.17967 18.5
    endloop
  endfacet
  facet normal -0.302174 -0.953253 -0
    outer loop
      vertex 6.27835 -1.19894 18.5
      vertex 6.21756 -1.17967 18.1
      vertex 6.27835 -1.19894 18.1
    endloop
  endfacet
  facet normal -0.428441 -0.90357 0
    outer loop
      vertex 6.16066 -1.15269 18.1
      vertex 6.21756 -1.17967 18.5
      vertex 6.16066 -1.15269 18.5
    endloop
  endfacet
  facet normal -0.428441 -0.90357 -0
    outer loop
      vertex 6.21756 -1.17967 18.5
      vertex 6.16066 -1.15269 18.1
      vertex 6.21756 -1.17967 18.1
    endloop
  endfacet
  facet normal -0.547577 -0.836755 0
    outer loop
      vertex 6.10765 -1.118 18.1
      vertex 6.16066 -1.15269 18.5
      vertex 6.10765 -1.118 18.5
    endloop
  endfacet
  facet normal -0.547577 -0.836755 -0
    outer loop
      vertex 6.16066 -1.15269 18.5
      vertex 6.10765 -1.118 18.1
      vertex 6.16066 -1.15269 18.1
    endloop
  endfacet
  facet normal -0.653339 -0.757066 0
    outer loop
      vertex 6.05853 -1.07561 18.1
      vertex 6.10765 -1.118 18.5
      vertex 6.05853 -1.07561 18.5
    endloop
  endfacet
  facet normal -0.653339 -0.757066 -0
    outer loop
      vertex 6.10765 -1.118 18.5
      vertex 6.05853 -1.07561 18.1
      vertex 6.10765 -1.118 18.1
    endloop
  endfacet
  facet normal -0.742476 -0.669873 0
    outer loop
      vertex 6.05853 -1.07561 18.1
      vertex 6.01332 -1.0255 18.5
      vertex 6.01332 -1.0255 18.1
    endloop
  endfacet
  facet normal -0.742476 -0.669873 0
    outer loop
      vertex 6.01332 -1.0255 18.5
      vertex 6.05853 -1.07561 18.1
      vertex 6.05853 -1.07561 18.5
    endloop
  endfacet
  facet normal -0.813458 -0.581624 0
    outer loop
      vertex 6.01332 -1.0255 18.1
      vertex 5.97198 -0.967682 18.5
      vertex 5.97198 -0.967682 18.1
    endloop
  endfacet
  facet normal -0.813458 -0.581624 0
    outer loop
      vertex 5.97198 -0.967682 18.5
      vertex 6.01332 -1.0255 18.1
      vertex 6.01332 -1.0255 18.5
    endloop
  endfacet
  facet normal -0.868413 -0.495842 0
    outer loop
      vertex 5.97198 -0.967682 18.1
      vertex 5.93456 -0.902145 18.5
      vertex 5.93456 -0.902145 18.1
    endloop
  endfacet
  facet normal -0.868413 -0.495842 0
    outer loop
      vertex 5.93456 -0.902145 18.5
      vertex 5.97198 -0.967682 18.1
      vertex 5.97198 -0.967682 18.5
    endloop
  endfacet
  facet normal -0.909217 -0.416322 0
    outer loop
      vertex 5.93456 -0.902145 18.1
      vertex 5.90103 -0.828918 18.5
      vertex 5.90103 -0.828918 18.1
    endloop
  endfacet
  facet normal -0.909217 -0.416322 0
    outer loop
      vertex 5.90103 -0.828918 18.5
      vertex 5.93456 -0.902145 18.1
      vertex 5.93456 -0.902145 18.5
    endloop
  endfacet
  facet normal -0.939312 -0.343064 0
    outer loop
      vertex 5.90103 -0.828918 18.1
      vertex 5.87146 -0.747955 18.5
      vertex 5.87146 -0.747955 18.1
    endloop
  endfacet
  facet normal -0.939312 -0.343064 0
    outer loop
      vertex 5.87146 -0.747955 18.5
      vertex 5.90103 -0.828918 18.1
      vertex 5.90103 -0.828918 18.5
    endloop
  endfacet
  facet normal -0.960688 -0.277631 0
    outer loop
      vertex 5.87146 -0.747955 18.1
      vertex 5.84584 -0.659302 18.5
      vertex 5.84584 -0.659302 18.1
    endloop
  endfacet
  facet normal -0.960688 -0.277631 0
    outer loop
      vertex 5.84584 -0.659302 18.5
      vertex 5.87146 -0.747955 18.1
      vertex 5.87146 -0.747955 18.5
    endloop
  endfacet
  facet normal -0.975619 -0.21947 0
    outer loop
      vertex 5.84584 -0.659302 18.1
      vertex 5.82416 -0.562927 18.5
      vertex 5.82416 -0.562927 18.1
    endloop
  endfacet
  facet normal -0.975619 -0.21947 0
    outer loop
      vertex 5.82416 -0.562927 18.5
      vertex 5.84584 -0.659302 18.1
      vertex 5.84584 -0.659302 18.5
    endloop
  endfacet
  facet normal -0.985763 -0.168138 0
    outer loop
      vertex 5.82416 -0.562927 18.1
      vertex 5.80641 -0.458862 18.5
      vertex 5.80641 -0.458862 18.1
    endloop
  endfacet
  facet normal -0.985763 -0.168138 0
    outer loop
      vertex 5.80641 -0.458862 18.5
      vertex 5.82416 -0.562927 18.1
      vertex 5.82416 -0.562927 18.5
    endloop
  endfacet
  facet normal -0.992455 -0.122608 0
    outer loop
      vertex 5.80641 -0.458862 18.1
      vertex 5.7926 -0.347076 18.5
      vertex 5.7926 -0.347076 18.1
    endloop
  endfacet
  facet normal -0.992455 -0.122608 0
    outer loop
      vertex 5.7926 -0.347076 18.5
      vertex 5.80641 -0.458862 18.1
      vertex 5.80641 -0.458862 18.5
    endloop
  endfacet
  facet normal -0.99662 -0.0821543 0
    outer loop
      vertex 5.7926 -0.347076 18.1
      vertex 5.78275 -0.227585 18.5
      vertex 5.78275 -0.227585 18.1
    endloop
  endfacet
  facet normal -0.99662 -0.0821543 0
    outer loop
      vertex 5.78275 -0.227585 18.5
      vertex 5.7926 -0.347076 18.1
      vertex 5.7926 -0.347076 18.5
    endloop
  endfacet
  facet normal -0.998923 -0.0464075 0
    outer loop
      vertex 5.78275 -0.227585 18.1
      vertex 5.77684 -0.100372 18.5
      vertex 5.77684 -0.100372 18.1
    endloop
  endfacet
  facet normal -0.998923 -0.0464075 0
    outer loop
      vertex 5.77684 -0.100372 18.5
      vertex 5.78275 -0.227585 18.1
      vertex 5.78275 -0.227585 18.5
    endloop
  endfacet
  facet normal -0.999892 -0.0146773 0
    outer loop
      vertex 5.77684 -0.100372 18.1
      vertex 5.77486 0.0345154 18.5
      vertex 5.77486 0.0345154 18.1
    endloop
  endfacet
  facet normal -0.999892 -0.0146773 0
    outer loop
      vertex 5.77486 0.0345154 18.5
      vertex 5.77684 -0.100372 18.1
      vertex 5.77684 -0.100372 18.5
    endloop
  endfacet
  facet normal -0.999893 0.0146277 0
    outer loop
      vertex 5.77486 0.0345154 18.1
      vertex 5.77684 0.169861 18.5
      vertex 5.77684 0.169861 18.1
    endloop
  endfacet
  facet normal -0.999893 0.0146277 0
    outer loop
      vertex 5.77684 0.169861 18.5
      vertex 5.77486 0.0345154 18.1
      vertex 5.77486 0.0345154 18.5
    endloop
  endfacet
  facet normal -0.998929 0.0462746 0
    outer loop
      vertex 5.77684 0.169861 18.1
      vertex 5.78275 0.29744 18.5
      vertex 5.78275 0.29744 18.1
    endloop
  endfacet
  facet normal -0.998929 0.0462746 0
    outer loop
      vertex 5.78275 0.29744 18.5
      vertex 5.77684 0.169861 18.1
      vertex 5.77684 0.169861 18.5
    endloop
  endfacet
  facet normal -0.996638 0.0819255 0
    outer loop
      vertex 5.78275 0.29744 18.1
      vertex 5.7926 0.417267 18.5
      vertex 5.7926 0.417267 18.1
    endloop
  endfacet
  facet normal -0.996638 0.0819255 0
    outer loop
      vertex 5.7926 0.417267 18.5
      vertex 5.78275 0.29744 18.1
      vertex 5.78275 0.29744 18.5
    endloop
  endfacet
  facet normal -0.992492 0.122312 0
    outer loop
      vertex 5.7926 0.417267 18.1
      vertex 5.80641 0.529327 18.5
      vertex 5.80641 0.529327 18.1
    endloop
  endfacet
  facet normal -0.992492 0.122312 0
    outer loop
      vertex 5.80641 0.529327 18.5
      vertex 5.7926 0.417267 18.1
      vertex 5.7926 0.417267 18.5
    endloop
  endfacet
  facet normal -0.985825 0.167779 0
    outer loop
      vertex 5.80641 0.529327 18.1
      vertex 5.82416 0.633621 18.5
      vertex 5.82416 0.633621 18.1
    endloop
  endfacet
  facet normal -0.985825 0.167779 0
    outer loop
      vertex 5.82416 0.633621 18.5
      vertex 5.80641 0.529327 18.1
      vertex 5.80641 0.529327 18.5
    endloop
  endfacet
  facet normal -0.975701 0.219106 0
    outer loop
      vertex 5.82416 0.633621 18.1
      vertex 5.84584 0.730164 18.5
      vertex 5.84584 0.730164 18.1
    endloop
  endfacet
  facet normal -0.975701 0.219106 0
    outer loop
      vertex 5.84584 0.730164 18.5
      vertex 5.82416 0.633621 18.1
      vertex 5.82416 0.633621 18.5
    endloop
  endfacet
  facet normal -0.960789 0.277279 0
    outer loop
      vertex 5.84584 0.730164 18.1
      vertex 5.87146 0.818939 18.5
      vertex 5.87146 0.818939 18.1
    endloop
  endfacet
  facet normal -0.960789 0.277279 0
    outer loop
      vertex 5.87146 0.818939 18.5
      vertex 5.84584 0.730164 18.1
      vertex 5.84584 0.730164 18.5
    endloop
  endfacet
  facet normal -0.939395 0.342836 0
    outer loop
      vertex 5.87146 0.818939 18.1
      vertex 5.90103 0.899963 18.5
      vertex 5.90103 0.899963 18.1
    endloop
  endfacet
  facet normal -0.939395 0.342836 0
    outer loop
      vertex 5.90103 0.899963 18.5
      vertex 5.87146 0.818939 18.1
      vertex 5.87146 0.818939 18.5
    endloop
  endfacet
  facet normal -0.909284 0.416177 0
    outer loop
      vertex 5.90103 0.899963 18.1
      vertex 5.93456 0.973221 18.5
      vertex 5.93456 0.973221 18.1
    endloop
  endfacet
  facet normal -0.909284 0.416177 0
    outer loop
      vertex 5.93456 0.973221 18.5
      vertex 5.90103 0.899963 18.1
      vertex 5.90103 0.899963 18.5
    endloop
  endfacet
  facet normal -0.868419 0.495831 0
    outer loop
      vertex 5.93456 0.973221 18.1
      vertex 5.97198 1.03876 18.5
      vertex 5.97198 1.03876 18.1
    endloop
  endfacet
  facet normal -0.868419 0.495831 0
    outer loop
      vertex 5.97198 1.03876 18.5
      vertex 5.93456 0.973221 18.1
      vertex 5.93456 0.973221 18.5
    endloop
  endfacet
  facet normal -0.81342 0.581677 0
    outer loop
      vertex 5.97198 1.03876 18.1
      vertex 6.01332 1.09657 18.5
      vertex 6.01332 1.09657 18.1
    endloop
  endfacet
  facet normal -0.81342 0.581677 0
    outer loop
      vertex 6.01332 1.09657 18.5
      vertex 5.97198 1.03876 18.1
      vertex 5.97198 1.03876 18.5
    endloop
  endfacet
  facet normal -0.742476 0.669873 0
    outer loop
      vertex 6.01332 1.09657 18.1
      vertex 6.05853 1.14668 18.5
      vertex 6.05853 1.14668 18.1
    endloop
  endfacet
  facet normal -0.742476 0.669873 0
    outer loop
      vertex 6.05853 1.14668 18.5
      vertex 6.01332 1.09657 18.1
      vertex 6.01332 1.09657 18.5
    endloop
  endfacet
  facet normal -0.653516 0.756913 0
    outer loop
      vertex 6.10765 1.18909 18.1
      vertex 6.05853 1.14668 18.5
      vertex 6.10765 1.18909 18.5
    endloop
  endfacet
  facet normal -0.653516 0.756913 0
    outer loop
      vertex 6.05853 1.14668 18.5
      vertex 6.10765 1.18909 18.1
      vertex 6.05853 1.14668 18.1
    endloop
  endfacet
  facet normal -0.547687 0.836683 0
    outer loop
      vertex 6.16066 1.22379 18.1
      vertex 6.10765 1.18909 18.5
      vertex 6.16066 1.22379 18.5
    endloop
  endfacet
  facet normal -0.547687 0.836683 0
    outer loop
      vertex 6.10765 1.18909 18.5
      vertex 6.16066 1.22379 18.1
      vertex 6.10765 1.18909 18.1
    endloop
  endfacet
  facet normal -0.428312 0.903631 0
    outer loop
      vertex 6.21756 1.25076 18.1
      vertex 6.16066 1.22379 18.5
      vertex 6.21756 1.25076 18.5
    endloop
  endfacet
  facet normal -0.428312 0.903631 0
    outer loop
      vertex 6.16066 1.22379 18.5
      vertex 6.21756 1.25076 18.1
      vertex 6.16066 1.22379 18.1
    endloop
  endfacet
  facet normal -0.302459 0.953162 0
    outer loop
      vertex 6.27835 1.27005 18.1
      vertex 6.21756 1.25076 18.5
      vertex 6.27835 1.27005 18.5
    endloop
  endfacet
  facet normal -0.302459 0.953162 0
    outer loop
      vertex 6.21756 1.25076 18.5
      vertex 6.27835 1.27005 18.1
      vertex 6.21756 1.25076 18.1
    endloop
  endfacet
  facet normal -0.175791 0.984428 0
    outer loop
      vertex 6.34303 1.2816 18.1
      vertex 6.27835 1.27005 18.5
      vertex 6.34303 1.2816 18.5
    endloop
  endfacet
  facet normal -0.175791 0.984428 0
    outer loop
      vertex 6.27835 1.27005 18.5
      vertex 6.34303 1.2816 18.1
      vertex 6.27835 1.27005 18.1
    endloop
  endfacet
  facet normal -0.0561875 0.99842 0
    outer loop
      vertex 6.41162 1.28546 18.1
      vertex 6.34303 1.2816 18.5
      vertex 6.41162 1.28546 18.5
    endloop
  endfacet
  facet normal -0.0561875 0.99842 0
    outer loop
      vertex 6.34303 1.2816 18.5
      vertex 6.41162 1.28546 18.1
      vertex 6.34303 1.2816 18.1
    endloop
  endfacet
  facet normal 0.0558547 0.998439 -0
    outer loop
      vertex 6.48062 1.2816 18.1
      vertex 6.41162 1.28546 18.5
      vertex 6.48062 1.2816 18.5
    endloop
  endfacet
  facet normal 0.0558547 0.998439 0
    outer loop
      vertex 6.41162 1.28546 18.5
      vertex 6.48062 1.2816 18.1
      vertex 6.41162 1.28546 18.1
    endloop
  endfacet
  facet normal 0.174795 0.984605 -0
    outer loop
      vertex 6.54568 1.27005 18.1
      vertex 6.48062 1.2816 18.5
      vertex 6.54568 1.27005 18.5
    endloop
  endfacet
  facet normal 0.174795 0.984605 0
    outer loop
      vertex 6.48062 1.2816 18.5
      vertex 6.54568 1.27005 18.1
      vertex 6.48062 1.2816 18.1
    endloop
  endfacet
  facet normal 0.30093 0.953646 -0
    outer loop
      vertex 6.60681 1.25076 18.1
      vertex 6.54568 1.27005 18.5
      vertex 6.60681 1.25076 18.5
    endloop
  endfacet
  facet normal 0.30093 0.953646 0
    outer loop
      vertex 6.54568 1.27005 18.5
      vertex 6.60681 1.25076 18.1
      vertex 6.54568 1.27005 18.1
    endloop
  endfacet
  facet normal 0.426597 0.904442 -0
    outer loop
      vertex 6.66399 1.22379 18.1
      vertex 6.60681 1.25076 18.5
      vertex 6.66399 1.22379 18.5
    endloop
  endfacet
  facet normal 0.426597 0.904442 0
    outer loop
      vertex 6.60681 1.25076 18.5
      vertex 6.66399 1.22379 18.1
      vertex 6.60681 1.25076 18.1
    endloop
  endfacet
  facet normal 0.5461 0.83772 -0
    outer loop
      vertex 6.71722 1.18909 18.1
      vertex 6.66399 1.22379 18.5
      vertex 6.71722 1.18909 18.5
    endloop
  endfacet
  facet normal 0.5461 0.83772 0
    outer loop
      vertex 6.66399 1.22379 18.5
      vertex 6.71722 1.18909 18.1
      vertex 6.66399 1.22379 18.1
    endloop
  endfacet
  facet normal 0.652221 0.758029 -0
    outer loop
      vertex 6.76651 1.14668 18.1
      vertex 6.71722 1.18909 18.5
      vertex 6.76651 1.14668 18.5
    endloop
  endfacet
  facet normal 0.652221 0.758029 0
    outer loop
      vertex 6.71722 1.18909 18.5
      vertex 6.76651 1.14668 18.1
      vertex 6.71722 1.18909 18.1
    endloop
  endfacet
  facet normal 0.741445 0.671014 0
    outer loop
      vertex 6.81186 1.09657 18.5
      vertex 6.76651 1.14668 18.1
      vertex 6.76651 1.14668 18.5
    endloop
  endfacet
  facet normal 0.741445 0.671014 0
    outer loop
      vertex 6.76651 1.14668 18.1
      vertex 6.81186 1.09657 18.5
      vertex 6.81186 1.09657 18.1
    endloop
  endfacet
  facet normal 0.81302 0.582236 0
    outer loop
      vertex 6.85326 1.03876 18.5
      vertex 6.81186 1.09657 18.1
      vertex 6.81186 1.09657 18.5
    endloop
  endfacet
  facet normal 0.81302 0.582236 0
    outer loop
      vertex 6.81186 1.09657 18.1
      vertex 6.85326 1.03876 18.5
      vertex 6.85326 1.03876 18.1
    endloop
  endfacet
  facet normal 0.868191 0.49623 0
    outer loop
      vertex 6.89072 0.973221 18.5
      vertex 6.85326 1.03876 18.1
      vertex 6.85326 1.03876 18.5
    endloop
  endfacet
  facet normal 0.868191 0.49623 0
    outer loop
      vertex 6.85326 1.03876 18.1
      vertex 6.89072 0.973221 18.5
      vertex 6.89072 0.973221 18.1
    endloop
  endfacet
  facet normal 0.909425 0.415869 0
    outer loop
      vertex 6.92422 0.899963 18.5
      vertex 6.89072 0.973221 18.1
      vertex 6.89072 0.973221 18.5
    endloop
  endfacet
  facet normal 0.909425 0.415869 0
    outer loop
      vertex 6.89072 0.973221 18.1
      vertex 6.92422 0.899963 18.5
      vertex 6.92422 0.899963 18.1
    endloop
  endfacet
  facet normal 0.939358 0.342938 0
    outer loop
      vertex 6.9538 0.818939 18.5
      vertex 6.92422 0.899963 18.1
      vertex 6.92422 0.899963 18.5
    endloop
  endfacet
  facet normal 0.939358 0.342938 0
    outer loop
      vertex 6.92422 0.899963 18.1
      vertex 6.9538 0.818939 18.5
      vertex 6.9538 0.818939 18.1
    endloop
  endfacet
  facet normal 0.960761 0.277379 0
    outer loop
      vertex 6.97943 0.730164 18.5
      vertex 6.9538 0.818939 18.1
      vertex 6.9538 0.818939 18.5
    endloop
  endfacet
  facet normal 0.960761 0.277379 0
    outer loop
      vertex 6.9538 0.818939 18.1
      vertex 6.97943 0.730164 18.5
      vertex 6.97943 0.730164 18.1
    endloop
  endfacet
  facet normal 0.975701 0.219106 0
    outer loop
      vertex 7.00111 0.633621 18.5
      vertex 6.97943 0.730164 18.1
      vertex 6.97943 0.730164 18.5
    endloop
  endfacet
  facet normal 0.975701 0.219106 0
    outer loop
      vertex 6.97943 0.730164 18.1
      vertex 7.00111 0.633621 18.5
      vertex 7.00111 0.633621 18.1
    endloop
  endfacet
  facet normal 0.985825 0.167779 0
    outer loop
      vertex 7.01886 0.529327 18.5
      vertex 7.00111 0.633621 18.1
      vertex 7.00111 0.633621 18.5
    endloop
  endfacet
  facet normal 0.985825 0.167779 0
    outer loop
      vertex 7.00111 0.633621 18.1
      vertex 7.01886 0.529327 18.5
      vertex 7.01886 0.529327 18.1
    endloop
  endfacet
  facet normal 0.992513 0.122138 0
    outer loop
      vertex 7.03265 0.417267 18.5
      vertex 7.01886 0.529327 18.1
      vertex 7.01886 0.529327 18.5
    endloop
  endfacet
  facet normal 0.992513 0.122138 0
    outer loop
      vertex 7.01886 0.529327 18.1
      vertex 7.03265 0.417267 18.5
      vertex 7.03265 0.417267 18.1
    endloop
  endfacet
  facet normal 0.996632 0.0820081 0
    outer loop
      vertex 7.04251 0.29744 18.5
      vertex 7.03265 0.417267 18.1
      vertex 7.03265 0.417267 18.5
    endloop
  endfacet
  facet normal 0.996632 0.0820081 0
    outer loop
      vertex 7.03265 0.417267 18.1
      vertex 7.04251 0.29744 18.5
      vertex 7.04251 0.29744 18.1
    endloop
  endfacet
  facet normal 0.998925 0.0463527 0
    outer loop
      vertex 7.04843 0.169861 18.5
      vertex 7.04251 0.29744 18.1
      vertex 7.04251 0.29744 18.5
    endloop
  endfacet
  facet normal 0.998925 0.0463527 0
    outer loop
      vertex 7.04251 0.29744 18.1
      vertex 7.04843 0.169861 18.5
      vertex 7.04843 0.169861 18.1
    endloop
  endfacet
  facet normal 0.999894 0.0145538 0
    outer loop
      vertex 7.0504 0.0345154 18.5
      vertex 7.04843 0.169861 18.1
      vertex 7.04843 0.169861 18.5
    endloop
  endfacet
  facet normal 0.999894 0.0145538 0
    outer loop
      vertex 7.04843 0.169861 18.1
      vertex 7.0504 0.0345154 18.5
      vertex 7.0504 0.0345154 18.1
    endloop
  endfacet
  facet normal 0.999893 -0.0146032 0
    outer loop
      vertex 7.04843 -0.100372 18.5
      vertex 7.0504 0.0345154 18.1
      vertex 7.0504 0.0345154 18.5
    endloop
  endfacet
  facet normal 0.999893 -0.0146032 0
    outer loop
      vertex 7.0504 0.0345154 18.1
      vertex 7.04843 -0.100372 18.5
      vertex 7.04843 -0.100372 18.1
    endloop
  endfacet
  facet normal 0.998919 -0.0464858 0
    outer loop
      vertex 7.04251 -0.227585 18.5
      vertex 7.04843 -0.100372 18.1
      vertex 7.04843 -0.100372 18.5
    endloop
  endfacet
  facet normal 0.998919 -0.0464858 0
    outer loop
      vertex 7.04843 -0.100372 18.1
      vertex 7.04251 -0.227585 18.5
      vertex 7.04251 -0.227585 18.1
    endloop
  endfacet
  facet normal 0.996613 -0.0822372 0
    outer loop
      vertex 7.03265 -0.347076 18.5
      vertex 7.04251 -0.227585 18.1
      vertex 7.04251 -0.227585 18.5
    endloop
  endfacet
  facet normal 0.996613 -0.0822372 0
    outer loop
      vertex 7.04251 -0.227585 18.1
      vertex 7.03265 -0.347076 18.5
      vertex 7.03265 -0.347076 18.1
    endloop
  endfacet
  facet normal 0.992477 -0.122433 0
    outer loop
      vertex 7.01886 -0.458862 18.5
      vertex 7.03265 -0.347076 18.1
      vertex 7.03265 -0.347076 18.5
    endloop
  endfacet
  facet normal 0.992477 -0.122433 0
    outer loop
      vertex 7.03265 -0.347076 18.1
      vertex 7.01886 -0.458862 18.5
      vertex 7.01886 -0.458862 18.1
    endloop
  endfacet
  facet normal 0.985763 -0.168138 0
    outer loop
      vertex 7.00111 -0.562927 18.5
      vertex 7.01886 -0.458862 18.1
      vertex 7.01886 -0.458862 18.5
    endloop
  endfacet
  facet normal 0.985763 -0.168138 0
    outer loop
      vertex 7.01886 -0.458862 18.1
      vertex 7.00111 -0.562927 18.5
      vertex 7.00111 -0.562927 18.1
    endloop
  endfacet
  facet normal 0.975619 -0.21947 0
    outer loop
      vertex 6.97943 -0.659302 18.5
      vertex 7.00111 -0.562927 18.1
      vertex 7.00111 -0.562927 18.5
    endloop
  endfacet
  facet normal 0.975619 -0.21947 0
    outer loop
      vertex 7.00111 -0.562927 18.1
      vertex 6.97943 -0.659302 18.5
      vertex 6.97943 -0.659302 18.1
    endloop
  endfacet
  facet normal 0.960659 -0.277731 0
    outer loop
      vertex 6.9538 -0.747955 18.5
      vertex 6.97943 -0.659302 18.1
      vertex 6.97943 -0.659302 18.5
    endloop
  endfacet
  facet normal 0.960659 -0.277731 0
    outer loop
      vertex 6.97943 -0.659302 18.1
      vertex 6.9538 -0.747955 18.5
      vertex 6.9538 -0.747955 18.1
    endloop
  endfacet
  facet normal 0.939275 -0.343166 0
    outer loop
      vertex 6.92422 -0.828918 18.5
      vertex 6.9538 -0.747955 18.1
      vertex 6.9538 -0.747955 18.5
    endloop
  endfacet
  facet normal 0.939275 -0.343166 0
    outer loop
      vertex 6.9538 -0.747955 18.1
      vertex 6.92422 -0.828918 18.5
      vertex 6.92422 -0.828918 18.1
    endloop
  endfacet
  facet normal 0.909358 -0.416014 0
    outer loop
      vertex 6.89072 -0.902145 18.5
      vertex 6.92422 -0.828918 18.1
      vertex 6.92422 -0.828918 18.5
    endloop
  endfacet
  facet normal 0.909358 -0.416014 0
    outer loop
      vertex 6.92422 -0.828918 18.1
      vertex 6.89072 -0.902145 18.5
      vertex 6.89072 -0.902145 18.1
    endloop
  endfacet
  facet normal 0.868184 -0.496242 0
    outer loop
      vertex 6.85326 -0.967682 18.5
      vertex 6.89072 -0.902145 18.1
      vertex 6.89072 -0.902145 18.5
    endloop
  endfacet
  facet normal 0.868184 -0.496242 0
    outer loop
      vertex 6.89072 -0.902145 18.1
      vertex 6.85326 -0.967682 18.5
      vertex 6.85326 -0.967682 18.1
    endloop
  endfacet
  facet normal 0.813058 -0.582182 0
    outer loop
      vertex 6.81186 -1.0255 18.5
      vertex 6.85326 -0.967682 18.1
      vertex 6.85326 -0.967682 18.5
    endloop
  endfacet
  facet normal 0.813058 -0.582182 0
    outer loop
      vertex 6.85326 -0.967682 18.1
      vertex 6.81186 -1.0255 18.5
      vertex 6.81186 -1.0255 18.1
    endloop
  endfacet
  facet normal 0.741445 -0.671014 0
    outer loop
      vertex 6.76651 -1.07561 18.5
      vertex 6.81186 -1.0255 18.1
      vertex 6.81186 -1.0255 18.5
    endloop
  endfacet
  facet normal 0.741445 -0.671014 0
    outer loop
      vertex 6.81186 -1.0255 18.1
      vertex 6.76651 -1.07561 18.5
      vertex 6.76651 -1.07561 18.1
    endloop
  endfacet
  facet normal 0.652045 -0.758181 0
    outer loop
      vertex 6.71722 -1.118 18.1
      vertex 6.76651 -1.07561 18.5
      vertex 6.71722 -1.118 18.5
    endloop
  endfacet
  facet normal 0.652045 -0.758181 0
    outer loop
      vertex 6.76651 -1.07561 18.5
      vertex 6.71722 -1.118 18.1
      vertex 6.76651 -1.07561 18.1
    endloop
  endfacet
  facet normal 0.545989 -0.837792 0
    outer loop
      vertex 6.66399 -1.15269 18.1
      vertex 6.71722 -1.118 18.5
      vertex 6.66399 -1.15269 18.5
    endloop
  endfacet
  facet normal 0.545989 -0.837792 0
    outer loop
      vertex 6.71722 -1.118 18.5
      vertex 6.66399 -1.15269 18.1
      vertex 6.71722 -1.118 18.1
    endloop
  endfacet
  facet normal 0.426726 -0.904381 0
    outer loop
      vertex 6.60681 -1.17967 18.1
      vertex 6.66399 -1.15269 18.5
      vertex 6.60681 -1.17967 18.5
    endloop
  endfacet
  facet normal 0.426726 -0.904381 0
    outer loop
      vertex 6.66399 -1.15269 18.5
      vertex 6.60681 -1.17967 18.1
      vertex 6.66399 -1.15269 18.1
    endloop
  endfacet
  facet normal 0.300646 -0.953736 0
    outer loop
      vertex 6.54568 -1.19894 18.1
      vertex 6.60681 -1.17967 18.5
      vertex 6.54568 -1.19894 18.5
    endloop
  endfacet
  facet normal 0.300646 -0.953736 0
    outer loop
      vertex 6.60681 -1.17967 18.5
      vertex 6.54568 -1.19894 18.1
      vertex 6.60681 -1.17967 18.1
    endloop
  endfacet
  facet normal 0.175089 -0.984553 0
    outer loop
      vertex 6.48062 -1.21051 18.1
      vertex 6.54568 -1.19894 18.5
      vertex 6.48062 -1.21051 18.5
    endloop
  endfacet
  facet normal 0.175089 -0.984553 0
    outer loop
      vertex 6.54568 -1.19894 18.5
      vertex 6.48062 -1.21051 18.1
      vertex 6.54568 -1.19894 18.1
    endloop
  endfacet
  facet normal 0.0557104 -0.998447 0
    outer loop
      vertex 6.41162 -1.21436 18.1
      vertex 6.48062 -1.21051 18.5
      vertex 6.41162 -1.21436 18.5
    endloop
  endfacet
  facet normal 0.0557104 -0.998447 0
    outer loop
      vertex 6.48062 -1.21051 18.5
      vertex 6.41162 -1.21436 18.1
      vertex 6.48062 -1.21051 18.1
    endloop
  endfacet
  facet normal -0.0560424 -0.998428 0
    outer loop
      vertex 6.34303 -1.21051 18.1
      vertex 6.41162 -1.21436 18.5
      vertex 6.34303 -1.21051 18.5
    endloop
  endfacet
  facet normal -0.0560424 -0.998428 -0
    outer loop
      vertex 6.41162 -1.21436 18.5
      vertex 6.34303 -1.21051 18.1
      vertex 6.41162 -1.21436 18.1
    endloop
  endfacet
  facet normal 0 -1 0
    outer loop
      vertex -6.0811 -1.13564 18.1
      vertex -5.40976 -1.13564 18.5
      vertex -6.0811 -1.13564 18.5
    endloop
  endfacet
  facet normal 0 -1 -0
    outer loop
      vertex -5.40976 -1.13564 18.5
      vertex -6.0811 -1.13564 18.1
      vertex -5.40976 -1.13564 18.1
    endloop
  endfacet
  facet normal -1 0 0
    outer loop
      vertex -6.0811 -1.13564 18.1
      vertex -6.0811 1.55618 18.5
      vertex -6.0811 1.55618 18.1
    endloop
  endfacet
  facet normal -1 -0 0
    outer loop
      vertex -6.0811 1.55618 18.5
      vertex -6.0811 -1.13564 18.1
      vertex -6.0811 -1.13564 18.5
    endloop
  endfacet
  facet normal 0 -1 0
    outer loop
      vertex -6.49203 1.55618 18.1
      vertex -6.0811 1.55618 18.5
      vertex -6.49203 1.55618 18.5
    endloop
  endfacet
  facet normal 0 -1 -0
    outer loop
      vertex -6.0811 1.55618 18.5
      vertex -6.49203 1.55618 18.1
      vertex -6.0811 1.55618 18.1
    endloop
  endfacet
  facet normal 0.196978 -0.980408 0
    outer loop
      vertex -7.21831 1.41026 18.1
      vertex -6.49203 1.55618 18.5
      vertex -7.21831 1.41026 18.5
    endloop
  endfacet
  facet normal 0.196978 -0.980408 0
    outer loop
      vertex -6.49203 1.55618 18.5
      vertex -7.21831 1.41026 18.1
      vertex -6.49203 1.55618 18.1
    endloop
  endfacet
  facet normal 1 -0 0
    outer loop
      vertex -7.21831 1.03586 18.5
      vertex -7.21831 1.41026 18.1
      vertex -7.21831 1.41026 18.5
    endloop
  endfacet
  facet normal 1 0 0
    outer loop
      vertex -7.21831 1.41026 18.1
      vertex -7.21831 1.03586 18.5
      vertex -7.21831 1.03586 18.1
    endloop
  endfacet
  facet normal -0.195922 0.980619 0
    outer loop
      vertex -6.48796 1.18178 18.1
      vertex -7.21831 1.03586 18.5
      vertex -6.48796 1.18178 18.5
    endloop
  endfacet
  facet normal -0.195922 0.980619 0
    outer loop
      vertex -7.21831 1.03586 18.5
      vertex -6.48796 1.18178 18.1
      vertex -7.21831 1.03586 18.1
    endloop
  endfacet
  facet normal 1 -0 0
    outer loop
      vertex -6.48796 -1.13564 18.5
      vertex -6.48796 1.18178 18.1
      vertex -6.48796 1.18178 18.5
    endloop
  endfacet
  facet normal 1 0 0
    outer loop
      vertex -6.48796 1.18178 18.1
      vertex -6.48796 -1.13564 18.5
      vertex -6.48796 -1.13564 18.1
    endloop
  endfacet
  facet normal 0 -1 0
    outer loop
      vertex -7.15933 -1.13564 18.1
      vertex -6.48796 -1.13564 18.5
      vertex -7.15933 -1.13564 18.5
    endloop
  endfacet
  facet normal 0 -1 -0
    outer loop
      vertex -6.48796 -1.13564 18.5
      vertex -7.15933 -1.13564 18.1
      vertex -6.48796 -1.13564 18.1
    endloop
  endfacet
  facet normal 1 -0 0
    outer loop
      vertex -7.15933 -1.48125 18.5
      vertex -7.15933 -1.13564 18.1
      vertex -7.15933 -1.13564 18.5
    endloop
  endfacet
  facet normal 1 0 0
    outer loop
      vertex -7.15933 -1.13564 18.1
      vertex -7.15933 -1.48125 18.5
      vertex -7.15933 -1.48125 18.1
    endloop
  endfacet
  facet normal 0 1 -0
    outer loop
      vertex -5.40976 -1.48125 18.1
      vertex -7.15933 -1.48125 18.5
      vertex -5.40976 -1.48125 18.5
    endloop
  endfacet
  facet normal 0 1 0
    outer loop
      vertex -7.15933 -1.48125 18.5
      vertex -5.40976 -1.48125 18.1
      vertex -7.15933 -1.48125 18.1
    endloop
  endfacet
  facet normal -1 0 0
    outer loop
      vertex -5.40976 -1.48125 18.1
      vertex -5.40976 -1.13564 18.5
      vertex -5.40976 -1.13564 18.1
    endloop
  endfacet
  facet normal -1 -0 0
    outer loop
      vertex -5.40976 -1.13564 18.5
      vertex -5.40976 -1.48125 18.1
      vertex -5.40976 -1.48125 18.5
    endloop
  endfacet
  facet normal 0 1 -0
    outer loop
      vertex -2.67041 -0.765076 18.1
      vertex -3.10373 -0.765076 18.5
      vertex -2.67041 -0.765076 18.5
    endloop
  endfacet
  facet normal 0 1 0
    outer loop
      vertex -3.10373 -0.765076 18.5
      vertex -2.67041 -0.765076 18.1
      vertex -3.10373 -0.765076 18.1
    endloop
  endfacet
  facet normal -1 0 0
    outer loop
      vertex -2.67041 -0.765076 18.1
      vertex -2.67041 -0.423325 18.5
      vertex -2.67041 -0.423325 18.1
    endloop
  endfacet
  facet normal -1 -0 0
    outer loop
      vertex -2.67041 -0.423325 18.5
      vertex -2.67041 -0.765076 18.1
      vertex -2.67041 -0.765076 18.5
    endloop
  endfacet
  facet normal 0 -1 0
    outer loop
      vertex -3.10373 -0.423325 18.1
      vertex -2.67041 -0.423325 18.5
      vertex -3.10373 -0.423325 18.5
    endloop
  endfacet
  facet normal 0 -1 -0
    outer loop
      vertex -2.67041 -0.423325 18.5
      vertex -3.10373 -0.423325 18.1
      vertex -2.67041 -0.423325 18.1
    endloop
  endfacet
  facet normal -1 0 0
    outer loop
      vertex -3.10373 -0.423325 18.1
      vertex -3.10373 1.55618 18.5
      vertex -3.10373 1.55618 18.1
    endloop
  endfacet
  facet normal -1 -0 0
    outer loop
      vertex -3.10373 1.55618 18.5
      vertex -3.10373 -0.423325 18.1
      vertex -3.10373 -0.423325 18.5
    endloop
  endfacet
  facet normal 0 -1 0
    outer loop
      vertex -3.62044 1.55618 18.1
      vertex -3.10373 1.55618 18.5
      vertex -3.62044 1.55618 18.5
    endloop
  endfacet
  facet normal 0 -1 -0
    outer loop
      vertex -3.10373 1.55618 18.5
      vertex -3.62044 1.55618 18.1
      vertex -3.10373 1.55618 18.1
    endloop
  endfacet
  facet normal 0.835972 -0.548772 0
    outer loop
      vertex -4.8838 -0.368362 18.5
      vertex -3.62044 1.55618 18.1
      vertex -3.62044 1.55618 18.5
    endloop
  endfacet
  facet normal 0.835972 -0.548772 0
    outer loop
      vertex -3.62044 1.55618 18.1
      vertex -4.8838 -0.368362 18.5
      vertex -4.8838 -0.368362 18.1
    endloop
  endfacet
  facet normal 1 -0 0
    outer loop
      vertex -4.8838 -0.765076 18.5
      vertex -4.8838 -0.368362 18.1
      vertex -4.8838 -0.368362 18.5
    endloop
  endfacet
  facet normal 1 0 0
    outer loop
      vertex -4.8838 -0.368362 18.1
      vertex -4.8838 -0.765076 18.5
      vertex -4.8838 -0.765076 18.1
    endloop
  endfacet
  facet normal 0 1 -0
    outer loop
      vertex -3.51262 -0.765076 18.1
      vertex -4.8838 -0.765076 18.5
      vertex -3.51262 -0.765076 18.5
    endloop
  endfacet
  facet normal 0 1 0
    outer loop
      vertex -4.8838 -0.765076 18.5
      vertex -3.51262 -0.765076 18.1
      vertex -4.8838 -0.765076 18.1
    endloop
  endfacet
  facet normal 1 -0 0
    outer loop
      vertex -3.51262 -1.48125 18.5
      vertex -3.51262 -0.765076 18.1
      vertex -3.51262 -0.765076 18.5
    endloop
  endfacet
  facet normal 1 0 0
    outer loop
      vertex -3.51262 -0.765076 18.1
      vertex -3.51262 -1.48125 18.5
      vertex -3.51262 -1.48125 18.1
    endloop
  endfacet
  facet normal 0 1 -0
    outer loop
      vertex -3.10373 -1.48125 18.1
      vertex -3.51262 -1.48125 18.5
      vertex -3.10373 -1.48125 18.5
    endloop
  endfacet
  facet normal 0 1 0
    outer loop
      vertex -3.51262 -1.48125 18.5
      vertex -3.10373 -1.48125 18.1
      vertex -3.51262 -1.48125 18.1
    endloop
  endfacet
  facet normal -1 0 0
    outer loop
      vertex -3.10373 -1.48125 18.1
      vertex -3.10373 -0.765076 18.5
      vertex -3.10373 -0.765076 18.1
    endloop
  endfacet
  facet normal -1 -0 0
    outer loop
      vertex -3.10373 -0.765076 18.5
      vertex -3.10373 -1.48125 18.1
      vertex -3.10373 -1.48125 18.5
    endloop
  endfacet
  facet normal -0.842323 0.538974 0
    outer loop
      vertex -4.55014 -0.423325 18.1
      vertex -3.51262 1.19814 18.5
      vertex -3.51262 1.19814 18.1
    endloop
  endfacet
  facet normal -0.842323 0.538974 0
    outer loop
      vertex -3.51262 1.19814 18.5
      vertex -4.55014 -0.423325 18.1
      vertex -4.55014 -0.423325 18.5
    endloop
  endfacet
  facet normal 1 -0 0
    outer loop
      vertex -3.51262 -0.423325 18.5
      vertex -3.51262 1.19814 18.1
      vertex -3.51262 1.19814 18.5
    endloop
  endfacet
  facet normal 1 0 0
    outer loop
      vertex -3.51262 1.19814 18.1
      vertex -3.51262 -0.423325 18.5
      vertex -3.51262 -0.423325 18.1
    endloop
  endfacet
  facet normal 0 -1 0
    outer loop
      vertex -4.55014 -0.423325 18.1
      vertex -3.51262 -0.423325 18.5
      vertex -4.55014 -0.423325 18.5
    endloop
  endfacet
  facet normal 0 -1 -0
    outer loop
      vertex -3.51262 -0.423325 18.5
      vertex -4.55014 -0.423325 18.1
      vertex -3.51262 -0.423325 18.1
    endloop
  endfacet
  facet normal -1 0 0
    outer loop
      vertex 4.7932 1.38123 18.1
      vertex 4.7932 1.55618 18.5
      vertex 4.7932 1.55618 18.1
    endloop
  endfacet
  facet normal -1 -0 0
    outer loop
      vertex 4.7932 1.55618 18.5
      vertex 4.7932 1.38123 18.1
      vertex 4.7932 1.38123 18.5
    endloop
  endfacet
  facet normal 0 -1 0
    outer loop
      vertex 2.84021 1.55618 18.1
      vertex 4.7932 1.55618 18.5
      vertex 2.84021 1.55618 18.5
    endloop
  endfacet
  facet normal 0 -1 -0
    outer loop
      vertex 4.7932 1.55618 18.5
      vertex 2.84021 1.55618 18.1
      vertex 4.7932 1.55618 18.1
    endloop
  endfacet
  facet normal 1 -0 0
    outer loop
      vertex 2.84021 1.21059 18.5
      vertex 2.84021 1.55618 18.1
      vertex 2.84021 1.55618 18.5
    endloop
  endfacet
  facet normal 1 0 0
    outer loop
      vertex 2.84021 1.55618 18.1
      vertex 2.84021 1.21059 18.5
      vertex 2.84021 1.21059 18.1
    endloop
  endfacet
  facet normal 0 1 -0
    outer loop
      vertex 4.29883 1.21059 18.1
      vertex 2.84021 1.21059 18.5
      vertex 4.29883 1.21059 18.5
    endloop
  endfacet
  facet normal 0 1 0
    outer loop
      vertex 2.84021 1.21059 18.5
      vertex 4.29883 1.21059 18.1
      vertex 2.84021 1.21059 18.1
    endloop
  endfacet
  facet normal 0.933091 -0.359639 0
    outer loop
      vertex 3.26132 -1.48125 18.5
      vertex 4.29883 1.21059 18.1
      vertex 4.29883 1.21059 18.5
    endloop
  endfacet
  facet normal 0.933091 -0.359639 0
    outer loop
      vertex 4.29883 1.21059 18.1
      vertex 3.26132 -1.48125 18.5
      vertex 3.26132 -1.48125 18.1
    endloop
  endfacet
  facet normal 0 1 -0
    outer loop
      vertex 3.69055 -1.48125 18.1
      vertex 3.26132 -1.48125 18.5
      vertex 3.69055 -1.48125 18.5
    endloop
  endfacet
  facet normal 0 1 0
    outer loop
      vertex 3.26132 -1.48125 18.5
      vertex 3.69055 -1.48125 18.1
      vertex 3.26132 -1.48125 18.1
    endloop
  endfacet
  facet normal -0.93316 0.359461 0
    outer loop
      vertex 3.69055 -1.48125 18.1
      vertex 4.7932 1.38123 18.5
      vertex 4.7932 1.38123 18.1
    endloop
  endfacet
  facet normal -0.93316 0.359461 0
    outer loop
      vertex 4.7932 1.38123 18.5
      vertex 3.69055 -1.48125 18.1
      vertex 3.69055 -1.48125 18.5
    endloop
  endfacet
  facet normal 0.803565 0.595217 0
    outer loop
      vertex 1.97829 -1.48125 18.5
      vertex 1.31508 -0.585892 18.1
      vertex 1.31508 -0.585892 18.5
    endloop
  endfacet
  facet normal 0.803565 0.595217 0
    outer loop
      vertex 1.31508 -0.585892 18.1
      vertex 1.97829 -1.48125 18.5
      vertex 1.97829 -1.48125 18.1
    endloop
  endfacet
  facet normal 0 1 -0
    outer loop
      vertex 2.41974 -1.48125 18.1
      vertex 1.97829 -1.48125 18.5
      vertex 2.41974 -1.48125 18.5
    endloop
  endfacet
  facet normal 0 1 0
    outer loop
      vertex 1.97829 -1.48125 18.5
      vertex 2.41974 -1.48125 18.1
      vertex 1.97829 -1.48125 18.1
    endloop
  endfacet
  facet normal -0.803574 -0.595205 0
    outer loop
      vertex 2.41974 -1.48125 18.1
      vertex 1.5531 -0.311218 18.5
      vertex 1.5531 -0.311218 18.1
    endloop
  endfacet
  facet normal -0.803574 -0.595205 0
    outer loop
      vertex 1.5531 -0.311218 18.5
      vertex 2.41974 -1.48125 18.1
      vertex 2.41974 -1.48125 18.5
    endloop
  endfacet
  facet normal -0.802714 0.596364 0
    outer loop
      vertex 1.5531 -0.311218 18.1
      vertex 2.37701 0.797775 18.5
      vertex 2.37701 0.797775 18.1
    endloop
  endfacet
  facet normal -0.802714 0.596364 0
    outer loop
      vertex 2.37701 0.797775 18.5
      vertex 1.5531 -0.311218 18.1
      vertex 1.5531 -0.311218 18.5
    endloop
  endfacet
  facet normal 0 -1 0
    outer loop
      vertex 1.93556 0.797775 18.1
      vertex 2.37701 0.797775 18.5
      vertex 1.93556 0.797775 18.5
    endloop
  endfacet
  facet normal 0 -1 -0
    outer loop
      vertex 2.37701 0.797775 18.5
      vertex 1.93556 0.797775 18.1
      vertex 2.37701 0.797775 18.1
    endloop
  endfacet
  facet normal 0.802247 -0.596993 0
    outer loop
      vertex 1.33138 -0.0141296 18.5
      vertex 1.93556 0.797775 18.1
      vertex 1.93556 0.797775 18.5
    endloop
  endfacet
  facet normal 0.802247 -0.596993 0
    outer loop
      vertex 1.93556 0.797775 18.1
      vertex 1.33138 -0.0141296 18.5
      vertex 1.33138 -0.0141296 18.1
    endloop
  endfacet
  facet normal -0.802219 -0.59703 0
    outer loop
      vertex 1.33138 -0.0141296 18.1
      vertex 0.727142 0.797775 18.5
      vertex 0.727142 0.797775 18.1
    endloop
  endfacet
  facet normal -0.802219 -0.59703 0
    outer loop
      vertex 0.727142 0.797775 18.5
      vertex 1.33138 -0.0141296 18.1
      vertex 1.33138 -0.0141296 18.5
    endloop
  endfacet
  facet normal 0 -1 0
    outer loop
      vertex 0.28569 0.797775 18.1
      vertex 0.727142 0.797775 18.5
      vertex 0.28569 0.797775 18.5
    endloop
  endfacet
  facet normal 0 -1 -0
    outer loop
      vertex 0.727142 0.797775 18.5
      vertex 0.28569 0.797775 18.1
      vertex 0.727142 0.797775 18.1
    endloop
  endfacet
  facet normal 0.801864 0.597506 0
    outer loop
      vertex 1.09535 -0.288803 18.5
      vertex 0.28569 0.797775 18.1
      vertex 0.28569 0.797775 18.5
    endloop
  endfacet
  facet normal 0.801864 0.597506 0
    outer loop
      vertex 0.28569 0.797775 18.1
      vertex 1.09535 -0.288803 18.5
      vertex 1.09535 -0.288803 18.1
    endloop
  endfacet
  facet normal 0.80303 -0.595939 0
    outer loop
      vertex 0.210419 -1.48125 18.5
      vertex 1.09535 -0.288803 18.1
      vertex 1.09535 -0.288803 18.5
    endloop
  endfacet
  facet normal 0.80303 -0.595939 0
    outer loop
      vertex 1.09535 -0.288803 18.1
      vertex 0.210419 -1.48125 18.5
      vertex 0.210419 -1.48125 18.1
    endloop
  endfacet
  facet normal 0 1 -0
    outer loop
      vertex 0.651871 -1.48125 18.1
      vertex 0.210419 -1.48125 18.5
      vertex 0.651871 -1.48125 18.5
    endloop
  endfacet
  facet normal 0 1 0
    outer loop
      vertex 0.210419 -1.48125 18.5
      vertex 0.651871 -1.48125 18.1
      vertex 0.210419 -1.48125 18.1
    endloop
  endfacet
  facet normal -0.803565 0.595216 0
    outer loop
      vertex 0.651871 -1.48125 18.1
      vertex 1.31508 -0.585892 18.5
      vertex 1.31508 -0.585892 18.1
    endloop
  endfacet
  facet normal -0.803565 0.595216 0
    outer loop
      vertex 1.31508 -0.585892 18.5
      vertex 0.651871 -1.48125 18.1
      vertex 0.651871 -1.48125 18.5
    endloop
  endfacet
endsolid OpenSCAD_Model
