solid OpenSCAD_Model
  facet normal -1 0 0
    outer loop
      vertex 6.25 -20.625 3.5
      vertex 6.25 -21.375 3.5
      vertex 6.25 -20.625 3.75
    endloop
  endfacet
  facet normal -1 0 0
    outer loop
      vertex 6.25 -17.625 3.5
      vertex 6.25 -18.375 3.5
      vertex 6.25 -17.625 3.75
    endloop
  endfacet
  facet normal -1 0 0
    outer loop
      vertex 6.25 -14.625 3.5
      vertex 6.25 -15.375 3.5
      vertex 6.25 -14.625 3.75
    endloop
  endfacet
  facet normal -1 0 0
    outer loop
      vertex 6.25 -11.625 3.5
      vertex 6.25 -12.375 3.5
      vertex 6.25 -11.625 3.75
    endloop
  endfacet
  facet normal -1 0 0
    outer loop
      vertex 6.25 -8.625 3.5
      vertex 6.25 -9.375 3.5
      vertex 6.25 -8.625 3.75
    endloop
  endfacet
  facet normal -1 0 0
    outer loop
      vertex 6.25 -5.625 3.5
      vertex 6.25 -6.375 3.5
      vertex 6.25 -5.625 3.75
    endloop
  endfacet
  facet normal -1 0 0
    outer loop
      vertex 6.25 -2.625 3.5
      vertex 6.25 -3.375 3.5
      vertex 6.25 -2.625 3.75
    endloop
  endfacet
  facet normal -1 0 0
    outer loop
      vertex 6.25 0.375 3.5
      vertex 6.25 -0.375 3.5
      vertex 6.25 0.375 3.75
    endloop
  endfacet
  facet normal -1 0 0
    outer loop
      vertex 6.25 3.375 3.5
      vertex 6.25 2.625 3.5
      vertex 6.25 3.375 3.75
    endloop
  endfacet
  facet normal -1 0 0
    outer loop
      vertex 6.25 6.375 3.5
      vertex 6.25 5.625 3.5
      vertex 6.25 6.375 3.75
    endloop
  endfacet
  facet normal -1 0 0
    outer loop
      vertex 6.25 9.375 3.5
      vertex 6.25 8.625 3.5
      vertex 6.25 9.375 3.75
    endloop
  endfacet
  facet normal -1 0 0
    outer loop
      vertex 6.25 12.375 3.5
      vertex 6.25 11.625 3.5
      vertex 6.25 12.375 3.75
    endloop
  endfacet
  facet normal -1 0 0
    outer loop
      vertex 6.25 15.375 3.5
      vertex 6.25 14.625 3.5
      vertex 6.25 15.375 3.75
    endloop
  endfacet
  facet normal -1 0 0
    outer loop
      vertex 6.25 18.375 3.5
      vertex 6.25 17.625 3.5
      vertex 6.25 18.375 3.75
    endloop
  endfacet
  facet normal -1 0 0
    outer loop
      vertex 6.25 18.375 3.75
      vertex 6.25 19.4 4.5
      vertex 6.25 19.4 3.75
    endloop
  endfacet
  facet normal -1 0 0
    outer loop
      vertex 6.25 17.625 3.75
      vertex 6.25 18.375 3.75
      vertex 6.25 17.625 3.5
    endloop
  endfacet
  facet normal -1 0 0
    outer loop
      vertex 6.25 18.375 3.75
      vertex 6.25 17.625 3.75
      vertex 6.25 19.4 4.5
    endloop
  endfacet
  facet normal -1 0 0
    outer loop
      vertex 6.25 15.375 3.75
      vertex 6.25 19.4 4.5
      vertex 6.25 17.625 3.75
    endloop
  endfacet
  facet normal -1 0 0
    outer loop
      vertex 6.25 14.625 3.75
      vertex 6.25 15.375 3.75
      vertex 6.25 14.625 3.5
    endloop
  endfacet
  facet normal -1 0 0
    outer loop
      vertex 6.25 14.625 3.75
      vertex 6.25 19.4 4.5
      vertex 6.25 15.375 3.75
    endloop
  endfacet
  facet normal -1 0 0
    outer loop
      vertex 6.25 12.375 3.75
      vertex 6.25 19.4 4.5
      vertex 6.25 14.625 3.75
    endloop
  endfacet
  facet normal -1 0 0
    outer loop
      vertex 6.25 11.625 3.75
      vertex 6.25 12.375 3.75
      vertex 6.25 11.625 3.5
    endloop
  endfacet
  facet normal -1 0 0
    outer loop
      vertex 6.25 11.625 3.75
      vertex 6.25 19.4 4.5
      vertex 6.25 12.375 3.75
    endloop
  endfacet
  facet normal -1 0 0
    outer loop
      vertex 6.25 9.375 3.75
      vertex 6.25 19.4 4.5
      vertex 6.25 11.625 3.75
    endloop
  endfacet
  facet normal -1 0 0
    outer loop
      vertex 6.25 8.625 3.75
      vertex 6.25 9.375 3.75
      vertex 6.25 8.625 3.5
    endloop
  endfacet
  facet normal -1 0 0
    outer loop
      vertex 6.25 8.625 3.75
      vertex 6.25 19.4 4.5
      vertex 6.25 9.375 3.75
    endloop
  endfacet
  facet normal -1 0 0
    outer loop
      vertex 6.25 6.375 3.75
      vertex 6.25 19.4 4.5
      vertex 6.25 8.625 3.75
    endloop
  endfacet
  facet normal -1 0 0
    outer loop
      vertex 6.25 5.625 3.75
      vertex 6.25 6.375 3.75
      vertex 6.25 5.625 3.5
    endloop
  endfacet
  facet normal -1 0 0
    outer loop
      vertex 6.25 5.625 3.75
      vertex 6.25 19.4 4.5
      vertex 6.25 6.375 3.75
    endloop
  endfacet
  facet normal -1 0 0
    outer loop
      vertex 6.25 3.375 3.75
      vertex 6.25 19.4 4.5
      vertex 6.25 5.625 3.75
    endloop
  endfacet
  facet normal -1 0 0
    outer loop
      vertex 6.25 2.625 3.75
      vertex 6.25 3.375 3.75
      vertex 6.25 2.625 3.5
    endloop
  endfacet
  facet normal -1 0 0
    outer loop
      vertex 6.25 2.625 3.75
      vertex 6.25 19.4 4.5
      vertex 6.25 3.375 3.75
    endloop
  endfacet
  facet normal -1 0 0
    outer loop
      vertex 6.25 0.375 3.75
      vertex 6.25 19.4 4.5
      vertex 6.25 2.625 3.75
    endloop
  endfacet
  facet normal -1 0 0
    outer loop
      vertex 6.25 -0.375 3.75
      vertex 6.25 0.375 3.75
      vertex 6.25 -0.375 3.5
    endloop
  endfacet
  facet normal -1 0 0
    outer loop
      vertex 6.25 -0.375 3.75
      vertex 6.25 19.4 4.5
      vertex 6.25 0.375 3.75
    endloop
  endfacet
  facet normal -1 0 0
    outer loop
      vertex 6.25 -2.625 3.75
      vertex 6.25 19.4 4.5
      vertex 6.25 -0.375 3.75
    endloop
  endfacet
  facet normal -1 0 0
    outer loop
      vertex 6.25 -3.375 3.75
      vertex 6.25 -2.625 3.75
      vertex 6.25 -3.375 3.5
    endloop
  endfacet
  facet normal -1 0 0
    outer loop
      vertex 6.25 -3.375 3.75
      vertex 6.25 19.4 4.5
      vertex 6.25 -2.625 3.75
    endloop
  endfacet
  facet normal -1 0 0
    outer loop
      vertex 6.25 -22.4 4.5
      vertex 6.25 -3.375 3.75
      vertex 6.25 -5.625 3.75
    endloop
  endfacet
  facet normal -1 0 0
    outer loop
      vertex 6.25 -6.375 3.75
      vertex 6.25 -5.625 3.75
      vertex 6.25 -6.375 3.5
    endloop
  endfacet
  facet normal -1 0 0
    outer loop
      vertex 6.25 -22.4 4.5
      vertex 6.25 -5.625 3.75
      vertex 6.25 -6.375 3.75
    endloop
  endfacet
  facet normal -1 0 0
    outer loop
      vertex 6.25 -22.4 4.5
      vertex 6.25 -6.375 3.75
      vertex 6.25 -8.625 3.75
    endloop
  endfacet
  facet normal -1 0 0
    outer loop
      vertex 6.25 -9.375 3.75
      vertex 6.25 -8.625 3.75
      vertex 6.25 -9.375 3.5
    endloop
  endfacet
  facet normal -1 0 0
    outer loop
      vertex 6.25 -22.4 4.5
      vertex 6.25 -8.625 3.75
      vertex 6.25 -9.375 3.75
    endloop
  endfacet
  facet normal -1 0 0
    outer loop
      vertex 6.25 -22.4 4.5
      vertex 6.25 -9.375 3.75
      vertex 6.25 -11.625 3.75
    endloop
  endfacet
  facet normal -1 0 0
    outer loop
      vertex 6.25 -12.375 3.75
      vertex 6.25 -11.625 3.75
      vertex 6.25 -12.375 3.5
    endloop
  endfacet
  facet normal -1 0 0
    outer loop
      vertex 6.25 -22.4 4.5
      vertex 6.25 -11.625 3.75
      vertex 6.25 -12.375 3.75
    endloop
  endfacet
  facet normal -1 0 0
    outer loop
      vertex 6.25 -22.4 4.5
      vertex 6.25 -12.375 3.75
      vertex 6.25 -14.625 3.75
    endloop
  endfacet
  facet normal -1 0 0
    outer loop
      vertex 6.25 -15.375 3.75
      vertex 6.25 -14.625 3.75
      vertex 6.25 -15.375 3.5
    endloop
  endfacet
  facet normal -1 0 0
    outer loop
      vertex 6.25 -22.4 4.5
      vertex 6.25 -14.625 3.75
      vertex 6.25 -15.375 3.75
    endloop
  endfacet
  facet normal -1 0 0
    outer loop
      vertex 6.25 -22.4 4.5
      vertex 6.25 -15.375 3.75
      vertex 6.25 -17.625 3.75
    endloop
  endfacet
  facet normal -1 0 0
    outer loop
      vertex 6.25 -18.375 3.75
      vertex 6.25 -17.625 3.75
      vertex 6.25 -18.375 3.5
    endloop
  endfacet
  facet normal -1 0 0
    outer loop
      vertex 6.25 -22.4 4.5
      vertex 6.25 -17.625 3.75
      vertex 6.25 -18.375 3.75
    endloop
  endfacet
  facet normal -1 0 0
    outer loop
      vertex 6.25 -22.4 4.5
      vertex 6.25 -18.375 3.75
      vertex 6.25 -20.625 3.75
    endloop
  endfacet
  facet normal -1 0 0
    outer loop
      vertex 6.25 -21.375 3.75
      vertex 6.25 -20.625 3.75
      vertex 6.25 -21.375 3.5
    endloop
  endfacet
  facet normal -1 0 0
    outer loop
      vertex 6.25 -22.4 4.5
      vertex 6.25 -20.625 3.75
      vertex 6.25 -21.375 3.75
    endloop
  endfacet
  facet normal -1 0 0
    outer loop
      vertex 6.25 -22.4 4.5
      vertex 6.25 -21.375 3.75
      vertex 6.25 -22.4 3.75
    endloop
  endfacet
  facet normal -1 0 0
    outer loop
      vertex 6.25 -3.375 3.75
      vertex 6.25 -22.4 4.5
      vertex 6.25 19.4 4.5
    endloop
  endfacet
  facet normal -0 0 1
    outer loop
      vertex -6.25 -20.625 3.5
      vertex 6.25 -21.375 3.5
      vertex 6.25 -20.625 3.5
    endloop
  endfacet
  facet normal 0 0 1
    outer loop
      vertex 6.25 -21.375 3.5
      vertex -6.25 -20.625 3.5
      vertex -6.25 -21.375 3.5
    endloop
  endfacet
  facet normal 1 0 0
    outer loop
      vertex -6.25 19.4 4.5
      vertex -6.25 18.375 3.75
      vertex -6.25 19.4 3.75
    endloop
  endfacet
  facet normal 1 0 0
    outer loop
      vertex -6.25 18.375 3.75
      vertex -6.25 17.625 3.75
      vertex -6.25 18.375 3.5
    endloop
  endfacet
  facet normal 1 0 0
    outer loop
      vertex -6.25 19.4 4.5
      vertex -6.25 17.625 3.75
      vertex -6.25 18.375 3.75
    endloop
  endfacet
  facet normal 1 0 0
    outer loop
      vertex -6.25 19.4 4.5
      vertex -6.25 15.375 3.75
      vertex -6.25 17.625 3.75
    endloop
  endfacet
  facet normal 1 0 0
    outer loop
      vertex -6.25 15.375 3.75
      vertex -6.25 14.625 3.75
      vertex -6.25 15.375 3.5
    endloop
  endfacet
  facet normal 1 0 0
    outer loop
      vertex -6.25 19.4 4.5
      vertex -6.25 14.625 3.75
      vertex -6.25 15.375 3.75
    endloop
  endfacet
  facet normal 1 0 0
    outer loop
      vertex -6.25 19.4 4.5
      vertex -6.25 12.375 3.75
      vertex -6.25 14.625 3.75
    endloop
  endfacet
  facet normal 1 0 0
    outer loop
      vertex -6.25 12.375 3.75
      vertex -6.25 11.625 3.75
      vertex -6.25 12.375 3.5
    endloop
  endfacet
  facet normal 1 0 0
    outer loop
      vertex -6.25 19.4 4.5
      vertex -6.25 11.625 3.75
      vertex -6.25 12.375 3.75
    endloop
  endfacet
  facet normal 1 0 0
    outer loop
      vertex -6.25 19.4 4.5
      vertex -6.25 9.375 3.75
      vertex -6.25 11.625 3.75
    endloop
  endfacet
  facet normal 1 0 0
    outer loop
      vertex -6.25 9.375 3.75
      vertex -6.25 8.625 3.75
      vertex -6.25 9.375 3.5
    endloop
  endfacet
  facet normal 1 0 0
    outer loop
      vertex -6.25 19.4 4.5
      vertex -6.25 8.625 3.75
      vertex -6.25 9.375 3.75
    endloop
  endfacet
  facet normal 1 0 0
    outer loop
      vertex -6.25 19.4 4.5
      vertex -6.25 6.375 3.75
      vertex -6.25 8.625 3.75
    endloop
  endfacet
  facet normal 1 0 0
    outer loop
      vertex -6.25 6.375 3.75
      vertex -6.25 5.625 3.75
      vertex -6.25 6.375 3.5
    endloop
  endfacet
  facet normal 1 0 0
    outer loop
      vertex -6.25 19.4 4.5
      vertex -6.25 5.625 3.75
      vertex -6.25 6.375 3.75
    endloop
  endfacet
  facet normal 1 0 0
    outer loop
      vertex -6.25 19.4 4.5
      vertex -6.25 3.375 3.75
      vertex -6.25 5.625 3.75
    endloop
  endfacet
  facet normal 1 0 0
    outer loop
      vertex -6.25 3.375 3.75
      vertex -6.25 2.625 3.75
      vertex -6.25 3.375 3.5
    endloop
  endfacet
  facet normal 1 0 0
    outer loop
      vertex -6.25 19.4 4.5
      vertex -6.25 2.625 3.75
      vertex -6.25 3.375 3.75
    endloop
  endfacet
  facet normal 1 0 0
    outer loop
      vertex -6.25 19.4 4.5
      vertex -6.25 0.375 3.75
      vertex -6.25 2.625 3.75
    endloop
  endfacet
  facet normal 1 0 0
    outer loop
      vertex -6.25 0.375 3.75
      vertex -6.25 -0.375 3.75
      vertex -6.25 0.375 3.5
    endloop
  endfacet
  facet normal 1 0 0
    outer loop
      vertex -6.25 19.4 4.5
      vertex -6.25 -0.375 3.75
      vertex -6.25 0.375 3.75
    endloop
  endfacet
  facet normal 1 0 0
    outer loop
      vertex -6.25 19.4 4.5
      vertex -6.25 -2.625 3.75
      vertex -6.25 -0.375 3.75
    endloop
  endfacet
  facet normal 1 0 0
    outer loop
      vertex -6.25 -2.625 3.75
      vertex -6.25 -3.375 3.75
      vertex -6.25 -2.625 3.5
    endloop
  endfacet
  facet normal 1 0 0
    outer loop
      vertex -6.25 19.4 4.5
      vertex -6.25 -3.375 3.75
      vertex -6.25 -2.625 3.75
    endloop
  endfacet
  facet normal 1 -0 0
    outer loop
      vertex -6.25 -22.4 4.5
      vertex -6.25 -3.375 3.75
      vertex -6.25 19.4 4.5
    endloop
  endfacet
  facet normal 1 0 0
    outer loop
      vertex -6.25 -5.625 3.75
      vertex -6.25 -6.375 3.75
      vertex -6.25 -5.625 3.5
    endloop
  endfacet
  facet normal 1 0 0
    outer loop
      vertex -6.25 -3.375 3.75
      vertex -6.25 -22.4 4.5
      vertex -6.25 -5.625 3.75
    endloop
  endfacet
  facet normal 1 0 0
    outer loop
      vertex -6.25 -5.625 3.75
      vertex -6.25 -22.4 4.5
      vertex -6.25 -6.375 3.75
    endloop
  endfacet
  facet normal 1 0 0
    outer loop
      vertex -6.25 -8.625 3.75
      vertex -6.25 -9.375 3.75
      vertex -6.25 -8.625 3.5
    endloop
  endfacet
  facet normal 1 0 0
    outer loop
      vertex -6.25 -6.375 3.75
      vertex -6.25 -22.4 4.5
      vertex -6.25 -8.625 3.75
    endloop
  endfacet
  facet normal 1 0 0
    outer loop
      vertex -6.25 -8.625 3.75
      vertex -6.25 -22.4 4.5
      vertex -6.25 -9.375 3.75
    endloop
  endfacet
  facet normal 1 0 0
    outer loop
      vertex -6.25 -11.625 3.75
      vertex -6.25 -12.375 3.75
      vertex -6.25 -11.625 3.5
    endloop
  endfacet
  facet normal 1 0 0
    outer loop
      vertex -6.25 -9.375 3.75
      vertex -6.25 -22.4 4.5
      vertex -6.25 -11.625 3.75
    endloop
  endfacet
  facet normal 1 0 0
    outer loop
      vertex -6.25 -11.625 3.75
      vertex -6.25 -22.4 4.5
      vertex -6.25 -12.375 3.75
    endloop
  endfacet
  facet normal 1 0 0
    outer loop
      vertex -6.25 -14.625 3.75
      vertex -6.25 -15.375 3.75
      vertex -6.25 -14.625 3.5
    endloop
  endfacet
  facet normal 1 0 0
    outer loop
      vertex -6.25 -12.375 3.75
      vertex -6.25 -22.4 4.5
      vertex -6.25 -14.625 3.75
    endloop
  endfacet
  facet normal 1 0 0
    outer loop
      vertex -6.25 -14.625 3.75
      vertex -6.25 -22.4 4.5
      vertex -6.25 -15.375 3.75
    endloop
  endfacet
  facet normal 1 0 0
    outer loop
      vertex -6.25 -17.625 3.75
      vertex -6.25 -18.375 3.75
      vertex -6.25 -17.625 3.5
    endloop
  endfacet
  facet normal 1 0 0
    outer loop
      vertex -6.25 -15.375 3.75
      vertex -6.25 -22.4 4.5
      vertex -6.25 -17.625 3.75
    endloop
  endfacet
  facet normal 1 0 0
    outer loop
      vertex -6.25 -17.625 3.75
      vertex -6.25 -22.4 4.5
      vertex -6.25 -18.375 3.75
    endloop
  endfacet
  facet normal 1 0 0
    outer loop
      vertex -6.25 -20.625 3.75
      vertex -6.25 -21.375 3.75
      vertex -6.25 -20.625 3.5
    endloop
  endfacet
  facet normal 1 0 0
    outer loop
      vertex -6.25 -18.375 3.75
      vertex -6.25 -22.4 4.5
      vertex -6.25 -20.625 3.75
    endloop
  endfacet
  facet normal 1 0 0
    outer loop
      vertex -6.25 -20.625 3.75
      vertex -6.25 -22.4 4.5
      vertex -6.25 -21.375 3.75
    endloop
  endfacet
  facet normal 1 0 0
    outer loop
      vertex -6.25 -21.375 3.75
      vertex -6.25 -22.4 4.5
      vertex -6.25 -22.4 3.75
    endloop
  endfacet
  facet normal 1 0 0
    outer loop
      vertex -6.25 18.375 3.5
      vertex -6.25 17.625 3.75
      vertex -6.25 17.625 3.5
    endloop
  endfacet
  facet normal 1 0 0
    outer loop
      vertex -6.25 15.375 3.5
      vertex -6.25 14.625 3.75
      vertex -6.25 14.625 3.5
    endloop
  endfacet
  facet normal 1 0 0
    outer loop
      vertex -6.25 12.375 3.5
      vertex -6.25 11.625 3.75
      vertex -6.25 11.625 3.5
    endloop
  endfacet
  facet normal 1 0 0
    outer loop
      vertex -6.25 9.375 3.5
      vertex -6.25 8.625 3.75
      vertex -6.25 8.625 3.5
    endloop
  endfacet
  facet normal 1 0 0
    outer loop
      vertex -6.25 6.375 3.5
      vertex -6.25 5.625 3.75
      vertex -6.25 5.625 3.5
    endloop
  endfacet
  facet normal 1 0 0
    outer loop
      vertex -6.25 3.375 3.5
      vertex -6.25 2.625 3.75
      vertex -6.25 2.625 3.5
    endloop
  endfacet
  facet normal 1 0 0
    outer loop
      vertex -6.25 0.375 3.5
      vertex -6.25 -0.375 3.75
      vertex -6.25 -0.375 3.5
    endloop
  endfacet
  facet normal 1 0 0
    outer loop
      vertex -6.25 -2.625 3.5
      vertex -6.25 -3.375 3.75
      vertex -6.25 -3.375 3.5
    endloop
  endfacet
  facet normal 1 0 0
    outer loop
      vertex -6.25 -5.625 3.5
      vertex -6.25 -6.375 3.75
      vertex -6.25 -6.375 3.5
    endloop
  endfacet
  facet normal 1 0 0
    outer loop
      vertex -6.25 -8.625 3.5
      vertex -6.25 -9.375 3.75
      vertex -6.25 -9.375 3.5
    endloop
  endfacet
  facet normal 1 0 0
    outer loop
      vertex -6.25 -11.625 3.5
      vertex -6.25 -12.375 3.75
      vertex -6.25 -12.375 3.5
    endloop
  endfacet
  facet normal 1 0 0
    outer loop
      vertex -6.25 -14.625 3.5
      vertex -6.25 -15.375 3.75
      vertex -6.25 -15.375 3.5
    endloop
  endfacet
  facet normal 1 0 0
    outer loop
      vertex -6.25 -17.625 3.5
      vertex -6.25 -18.375 3.75
      vertex -6.25 -18.375 3.5
    endloop
  endfacet
  facet normal 1 0 0
    outer loop
      vertex -6.25 -20.625 3.5
      vertex -6.25 -21.375 3.75
      vertex -6.25 -21.375 3.5
    endloop
  endfacet
  facet normal 0 -1 0
    outer loop
      vertex -6.25 -20.625 3.5
      vertex 6.25 -20.625 3.75
      vertex -6.25 -20.625 3.75
    endloop
  endfacet
  facet normal 0 -1 -0
    outer loop
      vertex 6.25 -20.625 3.75
      vertex -6.25 -20.625 3.5
      vertex 6.25 -20.625 3.5
    endloop
  endfacet
  facet normal 0 1 -0
    outer loop
      vertex 6.25 -21.375 3.5
      vertex -6.25 -21.375 3.75
      vertex 6.25 -21.375 3.75
    endloop
  endfacet
  facet normal 0 1 0
    outer loop
      vertex -6.25 -21.375 3.75
      vertex 6.25 -21.375 3.5
      vertex -6.25 -21.375 3.5
    endloop
  endfacet
  facet normal -0 0 1
    outer loop
      vertex -6.25 -17.625 3.5
      vertex 6.25 -18.375 3.5
      vertex 6.25 -17.625 3.5
    endloop
  endfacet
  facet normal 0 0 1
    outer loop
      vertex 6.25 -18.375 3.5
      vertex -6.25 -17.625 3.5
      vertex -6.25 -18.375 3.5
    endloop
  endfacet
  facet normal 0 -1 0
    outer loop
      vertex -6.25 -17.625 3.5
      vertex 6.25 -17.625 3.75
      vertex -6.25 -17.625 3.75
    endloop
  endfacet
  facet normal 0 -1 -0
    outer loop
      vertex 6.25 -17.625 3.75
      vertex -6.25 -17.625 3.5
      vertex 6.25 -17.625 3.5
    endloop
  endfacet
  facet normal 0 1 -0
    outer loop
      vertex 6.25 -18.375 3.5
      vertex -6.25 -18.375 3.75
      vertex 6.25 -18.375 3.75
    endloop
  endfacet
  facet normal 0 1 0
    outer loop
      vertex -6.25 -18.375 3.75
      vertex 6.25 -18.375 3.5
      vertex -6.25 -18.375 3.5
    endloop
  endfacet
  facet normal -0 0 1
    outer loop
      vertex -6.25 -14.625 3.5
      vertex 6.25 -15.375 3.5
      vertex 6.25 -14.625 3.5
    endloop
  endfacet
  facet normal 0 0 1
    outer loop
      vertex 6.25 -15.375 3.5
      vertex -6.25 -14.625 3.5
      vertex -6.25 -15.375 3.5
    endloop
  endfacet
  facet normal 0 -1 0
    outer loop
      vertex -6.25 -14.625 3.5
      vertex 6.25 -14.625 3.75
      vertex -6.25 -14.625 3.75
    endloop
  endfacet
  facet normal 0 -1 -0
    outer loop
      vertex 6.25 -14.625 3.75
      vertex -6.25 -14.625 3.5
      vertex 6.25 -14.625 3.5
    endloop
  endfacet
  facet normal 0 1 -0
    outer loop
      vertex 6.25 -15.375 3.5
      vertex -6.25 -15.375 3.75
      vertex 6.25 -15.375 3.75
    endloop
  endfacet
  facet normal 0 1 0
    outer loop
      vertex -6.25 -15.375 3.75
      vertex 6.25 -15.375 3.5
      vertex -6.25 -15.375 3.5
    endloop
  endfacet
  facet normal -0 0 1
    outer loop
      vertex -6.25 -11.625 3.5
      vertex 6.25 -12.375 3.5
      vertex 6.25 -11.625 3.5
    endloop
  endfacet
  facet normal 0 0 1
    outer loop
      vertex 6.25 -12.375 3.5
      vertex -6.25 -11.625 3.5
      vertex -6.25 -12.375 3.5
    endloop
  endfacet
  facet normal 0 -1 0
    outer loop
      vertex -6.25 -11.625 3.5
      vertex 6.25 -11.625 3.75
      vertex -6.25 -11.625 3.75
    endloop
  endfacet
  facet normal 0 -1 -0
    outer loop
      vertex 6.25 -11.625 3.75
      vertex -6.25 -11.625 3.5
      vertex 6.25 -11.625 3.5
    endloop
  endfacet
  facet normal 0 1 -0
    outer loop
      vertex 6.25 -12.375 3.5
      vertex -6.25 -12.375 3.75
      vertex 6.25 -12.375 3.75
    endloop
  endfacet
  facet normal 0 1 0
    outer loop
      vertex -6.25 -12.375 3.75
      vertex 6.25 -12.375 3.5
      vertex -6.25 -12.375 3.5
    endloop
  endfacet
  facet normal -0 0 1
    outer loop
      vertex -6.25 -8.625 3.5
      vertex 6.25 -9.375 3.5
      vertex 6.25 -8.625 3.5
    endloop
  endfacet
  facet normal 0 0 1
    outer loop
      vertex 6.25 -9.375 3.5
      vertex -6.25 -8.625 3.5
      vertex -6.25 -9.375 3.5
    endloop
  endfacet
  facet normal 0 -1 0
    outer loop
      vertex -6.25 -8.625 3.5
      vertex 6.25 -8.625 3.75
      vertex -6.25 -8.625 3.75
    endloop
  endfacet
  facet normal 0 -1 -0
    outer loop
      vertex 6.25 -8.625 3.75
      vertex -6.25 -8.625 3.5
      vertex 6.25 -8.625 3.5
    endloop
  endfacet
  facet normal 0 1 -0
    outer loop
      vertex 6.25 -9.375 3.5
      vertex -6.25 -9.375 3.75
      vertex 6.25 -9.375 3.75
    endloop
  endfacet
  facet normal 0 1 0
    outer loop
      vertex -6.25 -9.375 3.75
      vertex 6.25 -9.375 3.5
      vertex -6.25 -9.375 3.5
    endloop
  endfacet
  facet normal -0 0 1
    outer loop
      vertex -6.25 -5.625 3.5
      vertex 6.25 -6.375 3.5
      vertex 6.25 -5.625 3.5
    endloop
  endfacet
  facet normal 0 0 1
    outer loop
      vertex 6.25 -6.375 3.5
      vertex -6.25 -5.625 3.5
      vertex -6.25 -6.375 3.5
    endloop
  endfacet
  facet normal 0 -1 0
    outer loop
      vertex -6.25 -5.625 3.5
      vertex 6.25 -5.625 3.75
      vertex -6.25 -5.625 3.75
    endloop
  endfacet
  facet normal 0 -1 -0
    outer loop
      vertex 6.25 -5.625 3.75
      vertex -6.25 -5.625 3.5
      vertex 6.25 -5.625 3.5
    endloop
  endfacet
  facet normal 0 1 -0
    outer loop
      vertex 6.25 -6.375 3.5
      vertex -6.25 -6.375 3.75
      vertex 6.25 -6.375 3.75
    endloop
  endfacet
  facet normal 0 1 0
    outer loop
      vertex -6.25 -6.375 3.75
      vertex 6.25 -6.375 3.5
      vertex -6.25 -6.375 3.5
    endloop
  endfacet
  facet normal -0 0 1
    outer loop
      vertex -6.25 -2.625 3.5
      vertex 6.25 -3.375 3.5
      vertex 6.25 -2.625 3.5
    endloop
  endfacet
  facet normal 0 0 1
    outer loop
      vertex 6.25 -3.375 3.5
      vertex -6.25 -2.625 3.5
      vertex -6.25 -3.375 3.5
    endloop
  endfacet
  facet normal 0 -1 0
    outer loop
      vertex -6.25 -2.625 3.5
      vertex 6.25 -2.625 3.75
      vertex -6.25 -2.625 3.75
    endloop
  endfacet
  facet normal 0 -1 -0
    outer loop
      vertex 6.25 -2.625 3.75
      vertex -6.25 -2.625 3.5
      vertex 6.25 -2.625 3.5
    endloop
  endfacet
  facet normal 0 1 -0
    outer loop
      vertex 6.25 -3.375 3.5
      vertex -6.25 -3.375 3.75
      vertex 6.25 -3.375 3.75
    endloop
  endfacet
  facet normal 0 1 0
    outer loop
      vertex -6.25 -3.375 3.75
      vertex 6.25 -3.375 3.5
      vertex -6.25 -3.375 3.5
    endloop
  endfacet
  facet normal -0 0 1
    outer loop
      vertex -6.25 0.375 3.5
      vertex 6.25 -0.375 3.5
      vertex 6.25 0.375 3.5
    endloop
  endfacet
  facet normal 0 0 1
    outer loop
      vertex 6.25 -0.375 3.5
      vertex -6.25 0.375 3.5
      vertex -6.25 -0.375 3.5
    endloop
  endfacet
  facet normal 0 -1 0
    outer loop
      vertex -6.25 0.375 3.5
      vertex 6.25 0.375 3.75
      vertex -6.25 0.375 3.75
    endloop
  endfacet
  facet normal 0 -1 -0
    outer loop
      vertex 6.25 0.375 3.75
      vertex -6.25 0.375 3.5
      vertex 6.25 0.375 3.5
    endloop
  endfacet
  facet normal 0 1 -0
    outer loop
      vertex 6.25 -0.375 3.5
      vertex -6.25 -0.375 3.75
      vertex 6.25 -0.375 3.75
    endloop
  endfacet
  facet normal 0 1 0
    outer loop
      vertex -6.25 -0.375 3.75
      vertex 6.25 -0.375 3.5
      vertex -6.25 -0.375 3.5
    endloop
  endfacet
  facet normal -0 0 1
    outer loop
      vertex -6.25 3.375 3.5
      vertex 6.25 2.625 3.5
      vertex 6.25 3.375 3.5
    endloop
  endfacet
  facet normal 0 0 1
    outer loop
      vertex 6.25 2.625 3.5
      vertex -6.25 3.375 3.5
      vertex -6.25 2.625 3.5
    endloop
  endfacet
  facet normal 0 -1 0
    outer loop
      vertex -6.25 3.375 3.5
      vertex 6.25 3.375 3.75
      vertex -6.25 3.375 3.75
    endloop
  endfacet
  facet normal 0 -1 -0
    outer loop
      vertex 6.25 3.375 3.75
      vertex -6.25 3.375 3.5
      vertex 6.25 3.375 3.5
    endloop
  endfacet
  facet normal 0 1 -0
    outer loop
      vertex 6.25 2.625 3.5
      vertex -6.25 2.625 3.75
      vertex 6.25 2.625 3.75
    endloop
  endfacet
  facet normal 0 1 0
    outer loop
      vertex -6.25 2.625 3.75
      vertex 6.25 2.625 3.5
      vertex -6.25 2.625 3.5
    endloop
  endfacet
  facet normal -0 0 1
    outer loop
      vertex -6.25 6.375 3.5
      vertex 6.25 5.625 3.5
      vertex 6.25 6.375 3.5
    endloop
  endfacet
  facet normal 0 0 1
    outer loop
      vertex 6.25 5.625 3.5
      vertex -6.25 6.375 3.5
      vertex -6.25 5.625 3.5
    endloop
  endfacet
  facet normal 0 -1 0
    outer loop
      vertex -6.25 6.375 3.5
      vertex 6.25 6.375 3.75
      vertex -6.25 6.375 3.75
    endloop
  endfacet
  facet normal 0 -1 -0
    outer loop
      vertex 6.25 6.375 3.75
      vertex -6.25 6.375 3.5
      vertex 6.25 6.375 3.5
    endloop
  endfacet
  facet normal 0 1 -0
    outer loop
      vertex 6.25 5.625 3.5
      vertex -6.25 5.625 3.75
      vertex 6.25 5.625 3.75
    endloop
  endfacet
  facet normal 0 1 0
    outer loop
      vertex -6.25 5.625 3.75
      vertex 6.25 5.625 3.5
      vertex -6.25 5.625 3.5
    endloop
  endfacet
  facet normal -0 0 1
    outer loop
      vertex -6.25 9.375 3.5
      vertex 6.25 8.625 3.5
      vertex 6.25 9.375 3.5
    endloop
  endfacet
  facet normal 0 0 1
    outer loop
      vertex 6.25 8.625 3.5
      vertex -6.25 9.375 3.5
      vertex -6.25 8.625 3.5
    endloop
  endfacet
  facet normal 0 -1 0
    outer loop
      vertex -6.25 9.375 3.5
      vertex 6.25 9.375 3.75
      vertex -6.25 9.375 3.75
    endloop
  endfacet
  facet normal 0 -1 -0
    outer loop
      vertex 6.25 9.375 3.75
      vertex -6.25 9.375 3.5
      vertex 6.25 9.375 3.5
    endloop
  endfacet
  facet normal 0 1 -0
    outer loop
      vertex 6.25 8.625 3.5
      vertex -6.25 8.625 3.75
      vertex 6.25 8.625 3.75
    endloop
  endfacet
  facet normal 0 1 0
    outer loop
      vertex -6.25 8.625 3.75
      vertex 6.25 8.625 3.5
      vertex -6.25 8.625 3.5
    endloop
  endfacet
  facet normal -0 0 1
    outer loop
      vertex -6.25 12.375 3.5
      vertex 6.25 11.625 3.5
      vertex 6.25 12.375 3.5
    endloop
  endfacet
  facet normal 0 0 1
    outer loop
      vertex 6.25 11.625 3.5
      vertex -6.25 12.375 3.5
      vertex -6.25 11.625 3.5
    endloop
  endfacet
  facet normal 0 -1 0
    outer loop
      vertex -6.25 12.375 3.5
      vertex 6.25 12.375 3.75
      vertex -6.25 12.375 3.75
    endloop
  endfacet
  facet normal 0 -1 -0
    outer loop
      vertex 6.25 12.375 3.75
      vertex -6.25 12.375 3.5
      vertex 6.25 12.375 3.5
    endloop
  endfacet
  facet normal 0 1 -0
    outer loop
      vertex 6.25 11.625 3.5
      vertex -6.25 11.625 3.75
      vertex 6.25 11.625 3.75
    endloop
  endfacet
  facet normal 0 1 0
    outer loop
      vertex -6.25 11.625 3.75
      vertex 6.25 11.625 3.5
      vertex -6.25 11.625 3.5
    endloop
  endfacet
  facet normal -0 0 1
    outer loop
      vertex -6.25 15.375 3.5
      vertex 6.25 14.625 3.5
      vertex 6.25 15.375 3.5
    endloop
  endfacet
  facet normal 0 0 1
    outer loop
      vertex 6.25 14.625 3.5
      vertex -6.25 15.375 3.5
      vertex -6.25 14.625 3.5
    endloop
  endfacet
  facet normal 0 -1 0
    outer loop
      vertex -6.25 15.375 3.5
      vertex 6.25 15.375 3.75
      vertex -6.25 15.375 3.75
    endloop
  endfacet
  facet normal 0 -1 -0
    outer loop
      vertex 6.25 15.375 3.75
      vertex -6.25 15.375 3.5
      vertex 6.25 15.375 3.5
    endloop
  endfacet
  facet normal 0 1 -0
    outer loop
      vertex 6.25 14.625 3.5
      vertex -6.25 14.625 3.75
      vertex 6.25 14.625 3.75
    endloop
  endfacet
  facet normal 0 1 0
    outer loop
      vertex -6.25 14.625 3.75
      vertex 6.25 14.625 3.5
      vertex -6.25 14.625 3.5
    endloop
  endfacet
  facet normal -0 0 1
    outer loop
      vertex -6.25 18.375 3.5
      vertex 6.25 17.625 3.5
      vertex 6.25 18.375 3.5
    endloop
  endfacet
  facet normal 0 0 1
    outer loop
      vertex 6.25 17.625 3.5
      vertex -6.25 18.375 3.5
      vertex -6.25 17.625 3.5
    endloop
  endfacet
  facet normal 0 -1 0
    outer loop
      vertex -6.25 18.375 3.5
      vertex 6.25 18.375 3.75
      vertex -6.25 18.375 3.75
    endloop
  endfacet
  facet normal 0 -1 -0
    outer loop
      vertex 6.25 18.375 3.75
      vertex -6.25 18.375 3.5
      vertex 6.25 18.375 3.5
    endloop
  endfacet
  facet normal 0 1 -0
    outer loop
      vertex 6.25 17.625 3.5
      vertex -6.25 17.625 3.75
      vertex 6.25 17.625 3.75
    endloop
  endfacet
  facet normal 0 1 0
    outer loop
      vertex -6.25 17.625 3.75
      vertex 6.25 17.625 3.5
      vertex -6.25 17.625 3.5
    endloop
  endfacet
  facet normal -0.242855 0.970063 0
    outer loop
      vertex 5.82416 -22.9742 3.75
      vertex 5.76704 -22.9885 4.5
      vertex 5.82416 -22.9742 4.5
    endloop
  endfacet
  facet normal -0.242855 0.970063 0
    outer loop
      vertex 5.76704 -22.9885 4.5
      vertex 5.82416 -22.9742 3.75
      vertex 5.76704 -22.9885 3.75
    endloop
  endfacet
  facet normal 0 1 -0
    outer loop
      vertex 5.64999 -23 3.75
      vertex -5.64999 -23 4.5
      vertex 5.64999 -23 4.5
    endloop
  endfacet
  facet normal 0 1 0
    outer loop
      vertex -5.64999 -23 4.5
      vertex 5.64999 -23 3.75
      vertex -5.64999 -23 3.75
    endloop
  endfacet
  facet normal -0.146081 0.989273 0
    outer loop
      vertex 5.76704 -22.9885 3.75
      vertex 5.7088 -22.9971 4.5
      vertex 5.76704 -22.9885 4.5
    endloop
  endfacet
  facet normal -0.146081 0.989273 0
    outer loop
      vertex 5.7088 -22.9971 4.5
      vertex 5.76704 -22.9885 3.75
      vertex 5.7088 -22.9971 3.75
    endloop
  endfacet
  facet normal -0.903935 -0.42767 0
    outer loop
      vertex 6.20432 19.6296 3.75
      vertex 6.17915 19.6828 4.5
      vertex 6.17915 19.6828 3.75
    endloop
  endfacet
  facet normal -0.903935 -0.42767 0
    outer loop
      vertex 6.17915 19.6828 4.5
      vertex 6.20432 19.6296 3.75
      vertex 6.20432 19.6296 4.5
    endloop
  endfacet
  facet normal -0.0492515 0.998786 0
    outer loop
      vertex 5.7088 -22.9971 3.75
      vertex 5.64999 -23 4.5
      vertex 5.7088 -22.9971 4.5
    endloop
  endfacet
  facet normal -0.0492515 0.998786 0
    outer loop
      vertex 5.64999 -23 4.5
      vertex 5.7088 -22.9971 3.75
      vertex 5.64999 -23 3.75
    endloop
  endfacet
  facet normal 0.941503 0.337004 0
    outer loop
      vertex -6.20432 -22.6296 4.5
      vertex -6.22415 -22.5742 3.75
      vertex -6.22415 -22.5742 4.5
    endloop
  endfacet
  facet normal 0.941503 0.337004 0
    outer loop
      vertex -6.22415 -22.5742 3.75
      vertex -6.20432 -22.6296 4.5
      vertex -6.20432 -22.6296 3.75
    endloop
  endfacet
  facet normal -0.514421 -0.857538 0
    outer loop
      vertex 5.93283 19.9292 3.75
      vertex 5.98334 19.8989 4.5
      vertex 5.93283 19.9292 4.5
    endloop
  endfacet
  facet normal -0.514421 -0.857538 -0
    outer loop
      vertex 5.98334 19.8989 4.5
      vertex 5.93283 19.9292 3.75
      vertex 5.98334 19.8989 3.75
    endloop
  endfacet
  facet normal 0.857718 0.514121 0
    outer loop
      vertex -6.14888 -22.7333 4.5
      vertex -6.17915 -22.6828 3.75
      vertex -6.17915 -22.6828 4.5
    endloop
  endfacet
  facet normal 0.857718 0.514121 0
    outer loop
      vertex -6.17915 -22.6828 3.75
      vertex -6.14888 -22.7333 4.5
      vertex -6.14888 -22.7333 3.75
    endloop
  endfacet
  facet normal 0.0492515 -0.998786 0
    outer loop
      vertex -5.7088 19.9971 3.75
      vertex -5.64999 20 4.5
      vertex -5.7088 19.9971 4.5
    endloop
  endfacet
  facet normal 0.0492515 -0.998786 0
    outer loop
      vertex -5.64999 20 4.5
      vertex -5.7088 19.9971 3.75
      vertex -5.64999 20 3.75
    endloop
  endfacet
  facet normal 0.426566 -0.904456 0
    outer loop
      vertex -5.93283 19.9292 3.75
      vertex -5.87961 19.9543 4.5
      vertex -5.93283 19.9292 4.5
    endloop
  endfacet
  facet normal 0.426566 -0.904456 0
    outer loop
      vertex -5.87961 19.9543 4.5
      vertex -5.93283 19.9292 3.75
      vertex -5.87961 19.9543 3.75
    endloop
  endfacet
  facet normal 0.242855 0.970063 -0
    outer loop
      vertex -5.76704 -22.9885 3.75
      vertex -5.82416 -22.9742 4.5
      vertex -5.76704 -22.9885 4.5
    endloop
  endfacet
  facet normal 0.242855 0.970063 0
    outer loop
      vertex -5.82416 -22.9742 4.5
      vertex -5.76704 -22.9885 3.75
      vertex -5.82416 -22.9742 3.75
    endloop
  endfacet
  facet normal -0.803208 -0.595699 0
    outer loop
      vertex 6.14888 19.7333 3.75
      vertex 6.1138 19.7806 4.5
      vertex 6.1138 19.7806 3.75
    endloop
  endfacet
  facet normal -0.803208 -0.595699 0
    outer loop
      vertex 6.1138 19.7806 4.5
      vertex 6.14888 19.7333 3.75
      vertex 6.14888 19.7333 4.5
    endloop
  endfacet
  facet normal 0.903935 -0.42767 0
    outer loop
      vertex -6.20432 19.6296 4.5
      vertex -6.17915 19.6828 3.75
      vertex -6.17915 19.6828 4.5
    endloop
  endfacet
  facet normal 0.903935 -0.42767 0
    outer loop
      vertex -6.17915 19.6828 3.75
      vertex -6.20432 19.6296 4.5
      vertex -6.20432 19.6296 3.75
    endloop
  endfacet
  facet normal 0.998786 -0.0492599 0
    outer loop
      vertex -6.25 19.4 4.5
      vertex -6.2471 19.4588 3.75
      vertex -6.2471 19.4588 4.5
    endloop
  endfacet
  facet normal 0.998786 -0.0492599 0
    outer loop
      vertex -6.2471 19.4588 3.75
      vertex -6.25 19.4 4.5
      vertex -6.25 19.4 3.75
    endloop
  endfacet
  facet normal -0.98916 0.146844 0
    outer loop
      vertex 6.23846 -22.517 3.75
      vertex 6.2471 -22.4588 4.5
      vertex 6.2471 -22.4588 3.75
    endloop
  endfacet
  facet normal -0.98916 0.146844 0
    outer loop
      vertex 6.2471 -22.4588 4.5
      vertex 6.23846 -22.517 3.75
      vertex 6.23846 -22.517 4.5
    endloop
  endfacet
  facet normal -0.74152 -0.670931 0
    outer loop
      vertex 6.1138 19.7806 3.75
      vertex 6.07426 19.8243 4.5
      vertex 6.07426 19.8243 3.75
    endloop
  endfacet
  facet normal -0.74152 -0.670931 0
    outer loop
      vertex 6.07426 19.8243 4.5
      vertex 6.1138 19.7806 3.75
      vertex 6.1138 19.7806 4.5
    endloop
  endfacet
  facet normal 0 -1 0
    outer loop
      vertex -5.64999 20 3.75
      vertex 5.64999 20 4.5
      vertex -5.64999 20 4.5
    endloop
  endfacet
  facet normal 0 -1 -0
    outer loop
      vertex 5.64999 20 4.5
      vertex -5.64999 20 3.75
      vertex 5.64999 20 3.75
    endloop
  endfacet
  facet normal 0.903935 0.42767 0
    outer loop
      vertex -6.17915 -22.6828 4.5
      vertex -6.20432 -22.6296 3.75
      vertex -6.20432 -22.6296 4.5
    endloop
  endfacet
  facet normal 0.903935 0.42767 0
    outer loop
      vertex -6.20432 -22.6296 3.75
      vertex -6.17915 -22.6828 4.5
      vertex -6.17915 -22.6828 3.75
    endloop
  endfacet
  facet normal -0.970103 -0.242695 0
    outer loop
      vertex 6.23846 19.517 3.75
      vertex 6.22415 19.5742 4.5
      vertex 6.22415 19.5742 3.75
    endloop
  endfacet
  facet normal -0.970103 -0.242695 0
    outer loop
      vertex 6.22415 19.5742 4.5
      vertex 6.23846 19.517 3.75
      vertex 6.23846 19.517 4.5
    endloop
  endfacet
  facet normal -0.970103 0.242695 0
    outer loop
      vertex 6.22415 -22.5742 3.75
      vertex 6.23846 -22.517 4.5
      vertex 6.23846 -22.517 3.75
    endloop
  endfacet
  facet normal -0.970103 0.242695 0
    outer loop
      vertex 6.23846 -22.517 4.5
      vertex 6.22415 -22.5742 3.75
      vertex 6.22415 -22.5742 4.5
    endloop
  endfacet
  facet normal 0.337788 -0.941222 0
    outer loop
      vertex -5.87961 19.9543 3.75
      vertex -5.82416 19.9742 4.5
      vertex -5.87961 19.9543 4.5
    endloop
  endfacet
  facet normal 0.337788 -0.941222 0
    outer loop
      vertex -5.82416 19.9742 4.5
      vertex -5.87961 19.9543 3.75
      vertex -5.82416 19.9742 3.75
    endloop
  endfacet
  facet normal 0.970103 0.242695 0
    outer loop
      vertex -6.22415 -22.5742 4.5
      vertex -6.23846 -22.517 3.75
      vertex -6.23846 -22.517 4.5
    endloop
  endfacet
  facet normal 0.970103 0.242695 0
    outer loop
      vertex -6.23846 -22.517 3.75
      vertex -6.22415 -22.5742 4.5
      vertex -6.22415 -22.5742 3.75
    endloop
  endfacet
  facet normal -0.98916 -0.146844 0
    outer loop
      vertex 6.2471 19.4588 3.75
      vertex 6.23846 19.517 4.5
      vertex 6.23846 19.517 3.75
    endloop
  endfacet
  facet normal -0.98916 -0.146844 0
    outer loop
      vertex 6.23846 19.517 4.5
      vertex 6.2471 19.4588 3.75
      vertex 6.2471 19.4588 4.5
    endloop
  endfacet
  facet normal -0.903935 0.42767 0
    outer loop
      vertex 6.17915 -22.6828 3.75
      vertex 6.20432 -22.6296 4.5
      vertex 6.20432 -22.6296 3.75
    endloop
  endfacet
  facet normal -0.903935 0.42767 0
    outer loop
      vertex 6.20432 -22.6296 4.5
      vertex 6.17915 -22.6828 3.75
      vertex 6.17915 -22.6828 4.5
    endloop
  endfacet
  facet normal -0.857718 0.514121 0
    outer loop
      vertex 6.14888 -22.7333 3.75
      vertex 6.17915 -22.6828 4.5
      vertex 6.17915 -22.6828 3.75
    endloop
  endfacet
  facet normal -0.857718 0.514121 0
    outer loop
      vertex 6.17915 -22.6828 4.5
      vertex 6.14888 -22.7333 3.75
      vertex 6.14888 -22.7333 4.5
    endloop
  endfacet
  facet normal 0.803208 0.595699 0
    outer loop
      vertex -6.1138 -22.7806 4.5
      vertex -6.14888 -22.7333 3.75
      vertex -6.14888 -22.7333 4.5
    endloop
  endfacet
  facet normal 0.803208 0.595699 0
    outer loop
      vertex -6.14888 -22.7333 3.75
      vertex -6.1138 -22.7806 4.5
      vertex -6.1138 -22.7806 3.75
    endloop
  endfacet
  facet normal -0.671065 0.741399 0
    outer loop
      vertex 6.07426 -22.8243 3.75
      vertex 6.03062 -22.8638 4.5
      vertex 6.07426 -22.8243 4.5
    endloop
  endfacet
  facet normal -0.671065 0.741399 0
    outer loop
      vertex 6.03062 -22.8638 4.5
      vertex 6.07426 -22.8243 3.75
      vertex 6.03062 -22.8638 3.75
    endloop
  endfacet
  facet normal 0.74152 -0.670931 0
    outer loop
      vertex -6.1138 19.7806 4.5
      vertex -6.07426 19.8243 3.75
      vertex -6.07426 19.8243 4.5
    endloop
  endfacet
  facet normal 0.74152 -0.670931 0
    outer loop
      vertex -6.07426 19.8243 3.75
      vertex -6.1138 19.7806 4.5
      vertex -6.1138 19.7806 3.75
    endloop
  endfacet
  facet normal 0.941503 -0.337004 0
    outer loop
      vertex -6.22415 19.5742 4.5
      vertex -6.20432 19.6296 3.75
      vertex -6.20432 19.6296 4.5
    endloop
  endfacet
  facet normal 0.941503 -0.337004 0
    outer loop
      vertex -6.20432 19.6296 3.75
      vertex -6.22415 19.5742 4.5
      vertex -6.22415 19.5742 3.75
    endloop
  endfacet
  facet normal 0.74152 0.670931 0
    outer loop
      vertex -6.07426 -22.8243 4.5
      vertex -6.1138 -22.7806 3.75
      vertex -6.1138 -22.7806 4.5
    endloop
  endfacet
  facet normal 0.74152 0.670931 0
    outer loop
      vertex -6.1138 -22.7806 3.75
      vertex -6.07426 -22.8243 4.5
      vertex -6.07426 -22.8243 3.75
    endloop
  endfacet
  facet normal 0.803208 -0.595699 0
    outer loop
      vertex -6.14888 19.7333 4.5
      vertex -6.1138 19.7806 3.75
      vertex -6.1138 19.7806 4.5
    endloop
  endfacet
  facet normal 0.803208 -0.595699 0
    outer loop
      vertex -6.1138 19.7806 3.75
      vertex -6.14888 19.7333 4.5
      vertex -6.14888 19.7333 3.75
    endloop
  endfacet
  facet normal 0.146081 -0.989273 0
    outer loop
      vertex -5.76704 19.9885 3.75
      vertex -5.7088 19.9971 4.5
      vertex -5.76704 19.9885 4.5
    endloop
  endfacet
  facet normal 0.146081 -0.989273 0
    outer loop
      vertex -5.7088 19.9971 4.5
      vertex -5.76704 19.9885 3.75
      vertex -5.7088 19.9971 3.75
    endloop
  endfacet
  facet normal 0.514421 -0.857538 0
    outer loop
      vertex -5.98334 19.8989 3.75
      vertex -5.93283 19.9292 4.5
      vertex -5.98334 19.8989 4.5
    endloop
  endfacet
  facet normal 0.514421 -0.857538 0
    outer loop
      vertex -5.93283 19.9292 4.5
      vertex -5.98334 19.8989 3.75
      vertex -5.93283 19.9292 3.75
    endloop
  endfacet
  facet normal 0.242855 -0.970063 0
    outer loop
      vertex -5.82416 19.9742 3.75
      vertex -5.76704 19.9885 4.5
      vertex -5.82416 19.9742 4.5
    endloop
  endfacet
  facet normal 0.242855 -0.970063 0
    outer loop
      vertex -5.76704 19.9885 4.5
      vertex -5.82416 19.9742 3.75
      vertex -5.76704 19.9885 3.75
    endloop
  endfacet
  facet normal -0.941503 0.337004 0
    outer loop
      vertex 6.20432 -22.6296 3.75
      vertex 6.22415 -22.5742 4.5
      vertex 6.22415 -22.5742 3.75
    endloop
  endfacet
  facet normal -0.941503 0.337004 0
    outer loop
      vertex 6.22415 -22.5742 4.5
      vertex 6.20432 -22.6296 3.75
      vertex 6.20432 -22.6296 4.5
    endloop
  endfacet
  facet normal 0.98916 0.146844 0
    outer loop
      vertex -6.23846 -22.517 4.5
      vertex -6.2471 -22.4588 3.75
      vertex -6.2471 -22.4588 4.5
    endloop
  endfacet
  facet normal 0.98916 0.146844 0
    outer loop
      vertex -6.2471 -22.4588 3.75
      vertex -6.23846 -22.517 4.5
      vertex -6.23846 -22.517 3.75
    endloop
  endfacet
  facet normal -0.998786 -0.0492599 0
    outer loop
      vertex 6.25 19.4 3.75
      vertex 6.2471 19.4588 4.5
      vertex 6.2471 19.4588 3.75
    endloop
  endfacet
  facet normal -0.998786 -0.0492599 0
    outer loop
      vertex 6.2471 19.4588 4.5
      vertex 6.25 19.4 3.75
      vertex 6.25 19.4 4.5
    endloop
  endfacet
  facet normal -0.74152 0.670931 0
    outer loop
      vertex 6.07426 -22.8243 3.75
      vertex 6.1138 -22.7806 4.5
      vertex 6.1138 -22.7806 3.75
    endloop
  endfacet
  facet normal -0.74152 0.670931 0
    outer loop
      vertex 6.1138 -22.7806 4.5
      vertex 6.07426 -22.8243 3.75
      vertex 6.07426 -22.8243 4.5
    endloop
  endfacet
  facet normal -0.998786 0.0492599 0
    outer loop
      vertex 6.2471 -22.4588 3.75
      vertex 6.25 -22.4 4.5
      vertex 6.25 -22.4 3.75
    endloop
  endfacet
  facet normal -0.998786 0.0492599 0
    outer loop
      vertex 6.25 -22.4 4.5
      vertex 6.2471 -22.4588 3.75
      vertex 6.2471 -22.4588 4.5
    endloop
  endfacet
  facet normal 0.514421 0.857538 -0
    outer loop
      vertex -5.93283 -22.9292 3.75
      vertex -5.98334 -22.8989 4.5
      vertex -5.93283 -22.9292 4.5
    endloop
  endfacet
  facet normal 0.514421 0.857538 0
    outer loop
      vertex -5.98334 -22.8989 4.5
      vertex -5.93283 -22.9292 3.75
      vertex -5.98334 -22.8989 3.75
    endloop
  endfacet
  facet normal -0.941503 -0.337004 0
    outer loop
      vertex 6.22415 19.5742 3.75
      vertex 6.20432 19.6296 4.5
      vertex 6.20432 19.6296 3.75
    endloop
  endfacet
  facet normal -0.941503 -0.337004 0
    outer loop
      vertex 6.20432 19.6296 4.5
      vertex 6.22415 19.5742 3.75
      vertex 6.22415 19.5742 4.5
    endloop
  endfacet
  facet normal -0.59608 -0.802925 0
    outer loop
      vertex 5.98334 19.8989 3.75
      vertex 6.03062 19.8638 4.5
      vertex 5.98334 19.8989 4.5
    endloop
  endfacet
  facet normal -0.59608 -0.802925 -0
    outer loop
      vertex 6.03062 19.8638 4.5
      vertex 5.98334 19.8989 3.75
      vertex 6.03062 19.8638 3.75
    endloop
  endfacet
  facet normal -0.671065 -0.741399 0
    outer loop
      vertex 6.03062 19.8638 3.75
      vertex 6.07426 19.8243 4.5
      vertex 6.03062 19.8638 4.5
    endloop
  endfacet
  facet normal -0.671065 -0.741399 -0
    outer loop
      vertex 6.07426 19.8243 4.5
      vertex 6.03062 19.8638 3.75
      vertex 6.07426 19.8243 3.75
    endloop
  endfacet
  facet normal -0.337788 0.941222 0
    outer loop
      vertex 5.87961 -22.9543 3.75
      vertex 5.82416 -22.9742 4.5
      vertex 5.87961 -22.9543 4.5
    endloop
  endfacet
  facet normal -0.337788 0.941222 0
    outer loop
      vertex 5.82416 -22.9742 4.5
      vertex 5.87961 -22.9543 3.75
      vertex 5.82416 -22.9742 3.75
    endloop
  endfacet
  facet normal -0.426566 -0.904456 0
    outer loop
      vertex 5.87961 19.9543 3.75
      vertex 5.93283 19.9292 4.5
      vertex 5.87961 19.9543 4.5
    endloop
  endfacet
  facet normal -0.426566 -0.904456 -0
    outer loop
      vertex 5.93283 19.9292 4.5
      vertex 5.87961 19.9543 3.75
      vertex 5.93283 19.9292 3.75
    endloop
  endfacet
  facet normal 0.857718 -0.514121 0
    outer loop
      vertex -6.17915 19.6828 4.5
      vertex -6.14888 19.7333 3.75
      vertex -6.14888 19.7333 4.5
    endloop
  endfacet
  facet normal 0.857718 -0.514121 0
    outer loop
      vertex -6.14888 19.7333 3.75
      vertex -6.17915 19.6828 4.5
      vertex -6.17915 19.6828 3.75
    endloop
  endfacet
  facet normal 0.59608 -0.802925 0
    outer loop
      vertex -6.03062 19.8638 3.75
      vertex -5.98334 19.8989 4.5
      vertex -6.03062 19.8638 4.5
    endloop
  endfacet
  facet normal 0.59608 -0.802925 0
    outer loop
      vertex -5.98334 19.8989 4.5
      vertex -6.03062 19.8638 3.75
      vertex -5.98334 19.8989 3.75
    endloop
  endfacet
  facet normal 0.146081 0.989273 -0
    outer loop
      vertex -5.7088 -22.9971 3.75
      vertex -5.76704 -22.9885 4.5
      vertex -5.7088 -22.9971 4.5
    endloop
  endfacet
  facet normal 0.146081 0.989273 0
    outer loop
      vertex -5.76704 -22.9885 4.5
      vertex -5.7088 -22.9971 3.75
      vertex -5.76704 -22.9885 3.75
    endloop
  endfacet
  facet normal 0.0492515 0.998786 -0
    outer loop
      vertex -5.64999 -23 3.75
      vertex -5.7088 -22.9971 4.5
      vertex -5.64999 -23 4.5
    endloop
  endfacet
  facet normal 0.0492515 0.998786 0
    outer loop
      vertex -5.7088 -22.9971 4.5
      vertex -5.64999 -23 3.75
      vertex -5.7088 -22.9971 3.75
    endloop
  endfacet
  facet normal 0.970103 -0.242695 0
    outer loop
      vertex -6.23846 19.517 4.5
      vertex -6.22415 19.5742 3.75
      vertex -6.22415 19.5742 4.5
    endloop
  endfacet
  facet normal 0.970103 -0.242695 0
    outer loop
      vertex -6.22415 19.5742 3.75
      vertex -6.23846 19.517 4.5
      vertex -6.23846 19.517 3.75
    endloop
  endfacet
  facet normal 0.98916 -0.146844 0
    outer loop
      vertex -6.2471 19.4588 4.5
      vertex -6.23846 19.517 3.75
      vertex -6.23846 19.517 4.5
    endloop
  endfacet
  facet normal 0.98916 -0.146844 0
    outer loop
      vertex -6.23846 19.517 3.75
      vertex -6.2471 19.4588 4.5
      vertex -6.2471 19.4588 3.75
    endloop
  endfacet
  facet normal 0.426566 0.904456 -0
    outer loop
      vertex -5.87961 -22.9543 3.75
      vertex -5.93283 -22.9292 4.5
      vertex -5.87961 -22.9543 4.5
    endloop
  endfacet
  facet normal 0.426566 0.904456 0
    outer loop
      vertex -5.93283 -22.9292 4.5
      vertex -5.87961 -22.9543 3.75
      vertex -5.93283 -22.9292 3.75
    endloop
  endfacet
  facet normal 0.337788 0.941222 -0
    outer loop
      vertex -5.82416 -22.9742 3.75
      vertex -5.87961 -22.9543 4.5
      vertex -5.82416 -22.9742 4.5
    endloop
  endfacet
  facet normal 0.337788 0.941222 0
    outer loop
      vertex -5.87961 -22.9543 4.5
      vertex -5.82416 -22.9742 3.75
      vertex -5.87961 -22.9543 3.75
    endloop
  endfacet
  facet normal -0.857718 -0.514121 0
    outer loop
      vertex 6.17915 19.6828 3.75
      vertex 6.14888 19.7333 4.5
      vertex 6.14888 19.7333 3.75
    endloop
  endfacet
  facet normal -0.857718 -0.514121 0
    outer loop
      vertex 6.14888 19.7333 4.5
      vertex 6.17915 19.6828 3.75
      vertex 6.17915 19.6828 4.5
    endloop
  endfacet
  facet normal 0.671065 0.741399 -0
    outer loop
      vertex -6.03062 -22.8638 3.75
      vertex -6.07426 -22.8243 4.5
      vertex -6.03062 -22.8638 4.5
    endloop
  endfacet
  facet normal 0.671065 0.741399 0
    outer loop
      vertex -6.07426 -22.8243 4.5
      vertex -6.03062 -22.8638 3.75
      vertex -6.07426 -22.8243 3.75
    endloop
  endfacet
  facet normal 0.671065 -0.741399 0
    outer loop
      vertex -6.07426 19.8243 3.75
      vertex -6.03062 19.8638 4.5
      vertex -6.07426 19.8243 4.5
    endloop
  endfacet
  facet normal 0.671065 -0.741399 0
    outer loop
      vertex -6.03062 19.8638 4.5
      vertex -6.07426 19.8243 3.75
      vertex -6.03062 19.8638 3.75
    endloop
  endfacet
  facet normal -0.242855 -0.970063 0
    outer loop
      vertex 5.76704 19.9885 3.75
      vertex 5.82416 19.9742 4.5
      vertex 5.76704 19.9885 4.5
    endloop
  endfacet
  facet normal -0.242855 -0.970063 -0
    outer loop
      vertex 5.82416 19.9742 4.5
      vertex 5.76704 19.9885 3.75
      vertex 5.82416 19.9742 3.75
    endloop
  endfacet
  facet normal 0.998786 0.0492599 0
    outer loop
      vertex -6.2471 -22.4588 4.5
      vertex -6.25 -22.4 3.75
      vertex -6.25 -22.4 4.5
    endloop
  endfacet
  facet normal 0.998786 0.0492599 0
    outer loop
      vertex -6.25 -22.4 3.75
      vertex -6.2471 -22.4588 4.5
      vertex -6.2471 -22.4588 3.75
    endloop
  endfacet
  facet normal 0 0 1
    outer loop
      vertex 5.64999 -23 3.75
      vertex 6.25 -22.4 3.75
      vertex 6.25 -21.375 3.75
    endloop
  endfacet
  facet normal 0 0 1
    outer loop
      vertex 6.25 -22.4 3.75
      vertex 5.64999 -23 3.75
      vertex 6.2471 -22.4588 3.75
    endloop
  endfacet
  facet normal 0 0 1
    outer loop
      vertex 6.2471 -22.4588 3.75
      vertex 5.64999 -23 3.75
      vertex 6.23846 -22.517 3.75
    endloop
  endfacet
  facet normal 0 0 1
    outer loop
      vertex 6.23846 -22.517 3.75
      vertex 5.64999 -23 3.75
      vertex 6.22415 -22.5742 3.75
    endloop
  endfacet
  facet normal 0 0 1
    outer loop
      vertex 6.22415 -22.5742 3.75
      vertex 5.64999 -23 3.75
      vertex 6.20432 -22.6296 3.75
    endloop
  endfacet
  facet normal 0 0 1
    outer loop
      vertex 6.20432 -22.6296 3.75
      vertex 5.64999 -23 3.75
      vertex 6.17915 -22.6828 3.75
    endloop
  endfacet
  facet normal 0 0 1
    outer loop
      vertex 6.17915 -22.6828 3.75
      vertex 5.64999 -23 3.75
      vertex 6.14888 -22.7333 3.75
    endloop
  endfacet
  facet normal 0 0 1
    outer loop
      vertex 6.14888 -22.7333 3.75
      vertex 5.64999 -23 3.75
      vertex 6.1138 -22.7806 3.75
    endloop
  endfacet
  facet normal 0 0 1
    outer loop
      vertex 6.1138 -22.7806 3.75
      vertex 5.64999 -23 3.75
      vertex 6.07426 -22.8243 3.75
    endloop
  endfacet
  facet normal 0 0 1
    outer loop
      vertex 6.07426 -22.8243 3.75
      vertex 5.64999 -23 3.75
      vertex 6.03062 -22.8638 3.75
    endloop
  endfacet
  facet normal 0 0 1
    outer loop
      vertex 6.03062 -22.8638 3.75
      vertex 5.64999 -23 3.75
      vertex 5.98334 -22.8989 3.75
    endloop
  endfacet
  facet normal 0 0 1
    outer loop
      vertex 5.98334 -22.8989 3.75
      vertex 5.64999 -23 3.75
      vertex 5.93283 -22.9292 3.75
    endloop
  endfacet
  facet normal 0 0 1
    outer loop
      vertex 5.93283 -22.9292 3.75
      vertex 5.64999 -23 3.75
      vertex 5.87961 -22.9543 3.75
    endloop
  endfacet
  facet normal 0 0 1
    outer loop
      vertex 5.87961 -22.9543 3.75
      vertex 5.64999 -23 3.75
      vertex 5.82416 -22.9742 3.75
    endloop
  endfacet
  facet normal 0 0 1
    outer loop
      vertex 5.82416 -22.9742 3.75
      vertex 5.64999 -23 3.75
      vertex 5.76704 -22.9885 3.75
    endloop
  endfacet
  facet normal 0 0 1
    outer loop
      vertex 5.76704 -22.9885 3.75
      vertex 5.64999 -23 3.75
      vertex 5.7088 -22.9971 3.75
    endloop
  endfacet
  facet normal 0 0 1
    outer loop
      vertex 6.25 -21.375 3.75
      vertex -5.64999 -23 3.75
      vertex 5.64999 -23 3.75
    endloop
  endfacet
  facet normal -0 0 1
    outer loop
      vertex -6.25 -21.375 3.75
      vertex -5.64999 -23 3.75
      vertex 6.25 -21.375 3.75
    endloop
  endfacet
  facet normal -0 0 1
    outer loop
      vertex -6.25 -22.4 3.75
      vertex -5.64999 -23 3.75
      vertex -6.25 -21.375 3.75
    endloop
  endfacet
  facet normal 0 0 1
    outer loop
      vertex -5.64999 -23 3.75
      vertex -6.25 -22.4 3.75
      vertex -5.7088 -22.9971 3.75
    endloop
  endfacet
  facet normal 0 0 1
    outer loop
      vertex -5.7088 -22.9971 3.75
      vertex -6.25 -22.4 3.75
      vertex -5.76704 -22.9885 3.75
    endloop
  endfacet
  facet normal 0 0 1
    outer loop
      vertex -5.76704 -22.9885 3.75
      vertex -6.25 -22.4 3.75
      vertex -5.82416 -22.9742 3.75
    endloop
  endfacet
  facet normal 0 0 1
    outer loop
      vertex -5.82416 -22.9742 3.75
      vertex -6.25 -22.4 3.75
      vertex -5.87961 -22.9543 3.75
    endloop
  endfacet
  facet normal 0 0 1
    outer loop
      vertex -5.87961 -22.9543 3.75
      vertex -6.25 -22.4 3.75
      vertex -5.93283 -22.9292 3.75
    endloop
  endfacet
  facet normal 0 0 1
    outer loop
      vertex -5.93283 -22.9292 3.75
      vertex -6.25 -22.4 3.75
      vertex -5.98334 -22.8989 3.75
    endloop
  endfacet
  facet normal 0 0 1
    outer loop
      vertex -5.98334 -22.8989 3.75
      vertex -6.25 -22.4 3.75
      vertex -6.03062 -22.8638 3.75
    endloop
  endfacet
  facet normal 0 0 1
    outer loop
      vertex -6.03062 -22.8638 3.75
      vertex -6.25 -22.4 3.75
      vertex -6.07426 -22.8243 3.75
    endloop
  endfacet
  facet normal 0 0 1
    outer loop
      vertex -6.07426 -22.8243 3.75
      vertex -6.25 -22.4 3.75
      vertex -6.1138 -22.7806 3.75
    endloop
  endfacet
  facet normal 0 0 1
    outer loop
      vertex -6.1138 -22.7806 3.75
      vertex -6.25 -22.4 3.75
      vertex -6.14888 -22.7333 3.75
    endloop
  endfacet
  facet normal 0 0 1
    outer loop
      vertex -6.14888 -22.7333 3.75
      vertex -6.25 -22.4 3.75
      vertex -6.17915 -22.6828 3.75
    endloop
  endfacet
  facet normal 0 0 1
    outer loop
      vertex -6.17915 -22.6828 3.75
      vertex -6.25 -22.4 3.75
      vertex -6.20432 -22.6296 3.75
    endloop
  endfacet
  facet normal 0 0 1
    outer loop
      vertex -6.22415 -22.5742 3.75
      vertex -6.25 -22.4 3.75
      vertex -6.23846 -22.517 3.75
    endloop
  endfacet
  facet normal 0 0 1
    outer loop
      vertex -6.20432 -22.6296 3.75
      vertex -6.25 -22.4 3.75
      vertex -6.22415 -22.5742 3.75
    endloop
  endfacet
  facet normal 0 0 1
    outer loop
      vertex -6.23846 -22.517 3.75
      vertex -6.25 -22.4 3.75
      vertex -6.2471 -22.4588 3.75
    endloop
  endfacet
  facet normal 0 0 1
    outer loop
      vertex 5.64999 20 3.75
      vertex 6.25 19.4 3.75
      vertex 6.2471 19.4588 3.75
    endloop
  endfacet
  facet normal 0 0 1
    outer loop
      vertex 5.64999 20 3.75
      vertex 6.2471 19.4588 3.75
      vertex 6.23846 19.517 3.75
    endloop
  endfacet
  facet normal 0 0 1
    outer loop
      vertex 5.64999 20 3.75
      vertex 6.23846 19.517 3.75
      vertex 6.22415 19.5742 3.75
    endloop
  endfacet
  facet normal 0 0 1
    outer loop
      vertex 5.64999 20 3.75
      vertex 6.22415 19.5742 3.75
      vertex 6.20432 19.6296 3.75
    endloop
  endfacet
  facet normal 0 0 1
    outer loop
      vertex 5.64999 20 3.75
      vertex 6.20432 19.6296 3.75
      vertex 6.17915 19.6828 3.75
    endloop
  endfacet
  facet normal 0 0 1
    outer loop
      vertex 5.64999 20 3.75
      vertex 6.17915 19.6828 3.75
      vertex 6.14888 19.7333 3.75
    endloop
  endfacet
  facet normal 0 0 1
    outer loop
      vertex 5.64999 20 3.75
      vertex 6.14888 19.7333 3.75
      vertex 6.1138 19.7806 3.75
    endloop
  endfacet
  facet normal 0 0 1
    outer loop
      vertex 5.64999 20 3.75
      vertex 6.1138 19.7806 3.75
      vertex 6.07426 19.8243 3.75
    endloop
  endfacet
  facet normal 0 0 1
    outer loop
      vertex 5.64999 20 3.75
      vertex 6.07426 19.8243 3.75
      vertex 6.03062 19.8638 3.75
    endloop
  endfacet
  facet normal 0 0 1
    outer loop
      vertex 5.64999 20 3.75
      vertex 6.03062 19.8638 3.75
      vertex 5.98334 19.8989 3.75
    endloop
  endfacet
  facet normal 0 0 1
    outer loop
      vertex 5.64999 20 3.75
      vertex 5.98334 19.8989 3.75
      vertex 5.93283 19.9292 3.75
    endloop
  endfacet
  facet normal 0 0 1
    outer loop
      vertex 5.64999 20 3.75
      vertex 5.93283 19.9292 3.75
      vertex 5.87961 19.9543 3.75
    endloop
  endfacet
  facet normal 0 0 1
    outer loop
      vertex 5.64999 20 3.75
      vertex 5.87961 19.9543 3.75
      vertex 5.82416 19.9742 3.75
    endloop
  endfacet
  facet normal 0 0 1
    outer loop
      vertex 5.64999 20 3.75
      vertex 5.82416 19.9742 3.75
      vertex 5.76704 19.9885 3.75
    endloop
  endfacet
  facet normal 0 0 1
    outer loop
      vertex 5.64999 20 3.75
      vertex 5.76704 19.9885 3.75
      vertex 5.7088 19.9971 3.75
    endloop
  endfacet
  facet normal 0 0 1
    outer loop
      vertex 6.25 19.4 3.75
      vertex 5.64999 20 3.75
      vertex 6.25 18.375 3.75
    endloop
  endfacet
  facet normal -0 0 1
    outer loop
      vertex -5.64999 20 3.75
      vertex 6.25 18.375 3.75
      vertex 5.64999 20 3.75
    endloop
  endfacet
  facet normal 0 0 1
    outer loop
      vertex -6.25 19.4 3.75
      vertex -5.64999 20 3.75
      vertex -5.7088 19.9971 3.75
    endloop
  endfacet
  facet normal 0 0 1
    outer loop
      vertex -6.25 19.4 3.75
      vertex -5.7088 19.9971 3.75
      vertex -5.76704 19.9885 3.75
    endloop
  endfacet
  facet normal 0 0 1
    outer loop
      vertex -6.25 19.4 3.75
      vertex -5.76704 19.9885 3.75
      vertex -5.82416 19.9742 3.75
    endloop
  endfacet
  facet normal 0 0 1
    outer loop
      vertex -6.25 19.4 3.75
      vertex -5.82416 19.9742 3.75
      vertex -5.87961 19.9543 3.75
    endloop
  endfacet
  facet normal 0 0 1
    outer loop
      vertex -6.25 19.4 3.75
      vertex -5.87961 19.9543 3.75
      vertex -5.93283 19.9292 3.75
    endloop
  endfacet
  facet normal 0 0 1
    outer loop
      vertex -6.25 19.4 3.75
      vertex -5.93283 19.9292 3.75
      vertex -5.98334 19.8989 3.75
    endloop
  endfacet
  facet normal 0 0 1
    outer loop
      vertex -6.25 19.4 3.75
      vertex -5.98334 19.8989 3.75
      vertex -6.03062 19.8638 3.75
    endloop
  endfacet
  facet normal 0 0 1
    outer loop
      vertex -6.25 19.4 3.75
      vertex -6.03062 19.8638 3.75
      vertex -6.07426 19.8243 3.75
    endloop
  endfacet
  facet normal 0 0 1
    outer loop
      vertex -6.25 19.4 3.75
      vertex -6.07426 19.8243 3.75
      vertex -6.1138 19.7806 3.75
    endloop
  endfacet
  facet normal 0 0 1
    outer loop
      vertex -6.25 19.4 3.75
      vertex -6.1138 19.7806 3.75
      vertex -6.14888 19.7333 3.75
    endloop
  endfacet
  facet normal 0 0 1
    outer loop
      vertex -6.25 19.4 3.75
      vertex -6.14888 19.7333 3.75
      vertex -6.17915 19.6828 3.75
    endloop
  endfacet
  facet normal 0 0 1
    outer loop
      vertex -6.25 19.4 3.75
      vertex -6.17915 19.6828 3.75
      vertex -6.20432 19.6296 3.75
    endloop
  endfacet
  facet normal 0 0 1
    outer loop
      vertex -6.25 19.4 3.75
      vertex -6.20432 19.6296 3.75
      vertex -6.22415 19.5742 3.75
    endloop
  endfacet
  facet normal 0 0 1
    outer loop
      vertex -6.25 19.4 3.75
      vertex -6.22415 19.5742 3.75
      vertex -6.23846 19.517 3.75
    endloop
  endfacet
  facet normal 0 0 1
    outer loop
      vertex -6.25 19.4 3.75
      vertex -6.23846 19.517 3.75
      vertex -6.2471 19.4588 3.75
    endloop
  endfacet
  facet normal 0 0 1
    outer loop
      vertex -5.64999 20 3.75
      vertex -6.25 19.4 3.75
      vertex -6.25 18.375 3.75
    endloop
  endfacet
  facet normal 0 0 1
    outer loop
      vertex -5.64999 20 3.75
      vertex -6.25 18.375 3.75
      vertex 6.25 18.375 3.75
    endloop
  endfacet
  facet normal -0 0 1
    outer loop
      vertex -6.25 8.625 3.75
      vertex 6.25 6.375 3.75
      vertex 6.25 8.625 3.75
    endloop
  endfacet
  facet normal 0 0 1
    outer loop
      vertex 6.25 6.375 3.75
      vertex -6.25 8.625 3.75
      vertex -6.25 6.375 3.75
    endloop
  endfacet
  facet normal -0 0 1
    outer loop
      vertex -6.25 5.625 3.75
      vertex 6.25 3.375 3.75
      vertex 6.25 5.625 3.75
    endloop
  endfacet
  facet normal 0 0 1
    outer loop
      vertex 6.25 3.375 3.75
      vertex -6.25 5.625 3.75
      vertex -6.25 3.375 3.75
    endloop
  endfacet
  facet normal -0 0 1
    outer loop
      vertex -6.25 -9.375 3.75
      vertex 6.25 -11.625 3.75
      vertex 6.25 -9.375 3.75
    endloop
  endfacet
  facet normal 0 0 1
    outer loop
      vertex 6.25 -11.625 3.75
      vertex -6.25 -9.375 3.75
      vertex -6.25 -11.625 3.75
    endloop
  endfacet
  facet normal -0 0 1
    outer loop
      vertex -6.25 -12.375 3.75
      vertex 6.25 -14.625 3.75
      vertex 6.25 -12.375 3.75
    endloop
  endfacet
  facet normal 0 0 1
    outer loop
      vertex 6.25 -14.625 3.75
      vertex -6.25 -12.375 3.75
      vertex -6.25 -14.625 3.75
    endloop
  endfacet
  facet normal -0 0 1
    outer loop
      vertex -6.25 -18.375 3.75
      vertex 6.25 -20.625 3.75
      vertex 6.25 -18.375 3.75
    endloop
  endfacet
  facet normal 0 0 1
    outer loop
      vertex 6.25 -20.625 3.75
      vertex -6.25 -18.375 3.75
      vertex -6.25 -20.625 3.75
    endloop
  endfacet
  facet normal -0 0 1
    outer loop
      vertex -6.25 -15.375 3.75
      vertex 6.25 -17.625 3.75
      vertex 6.25 -15.375 3.75
    endloop
  endfacet
  facet normal 0 0 1
    outer loop
      vertex 6.25 -17.625 3.75
      vertex -6.25 -15.375 3.75
      vertex -6.25 -17.625 3.75
    endloop
  endfacet
  facet normal -0 0 1
    outer loop
      vertex -6.25 -3.375 3.75
      vertex 6.25 -5.625 3.75
      vertex 6.25 -3.375 3.75
    endloop
  endfacet
  facet normal 0 0 1
    outer loop
      vertex 6.25 -5.625 3.75
      vertex -6.25 -3.375 3.75
      vertex -6.25 -5.625 3.75
    endloop
  endfacet
  facet normal -0 0 1
    outer loop
      vertex -6.25 -0.375 3.75
      vertex 6.25 -2.625 3.75
      vertex 6.25 -0.375 3.75
    endloop
  endfacet
  facet normal 0 0 1
    outer loop
      vertex 6.25 -2.625 3.75
      vertex -6.25 -0.375 3.75
      vertex -6.25 -2.625 3.75
    endloop
  endfacet
  facet normal -0 0 1
    outer loop
      vertex -6.25 17.625 3.75
      vertex 6.25 15.375 3.75
      vertex 6.25 17.625 3.75
    endloop
  endfacet
  facet normal 0 0 1
    outer loop
      vertex 6.25 15.375 3.75
      vertex -6.25 17.625 3.75
      vertex -6.25 15.375 3.75
    endloop
  endfacet
  facet normal -0 0 1
    outer loop
      vertex -6.25 14.625 3.75
      vertex 6.25 12.375 3.75
      vertex 6.25 14.625 3.75
    endloop
  endfacet
  facet normal 0 0 1
    outer loop
      vertex 6.25 12.375 3.75
      vertex -6.25 14.625 3.75
      vertex -6.25 12.375 3.75
    endloop
  endfacet
  facet normal -0 0 1
    outer loop
      vertex -6.25 -6.375 3.75
      vertex 6.25 -8.625 3.75
      vertex 6.25 -6.375 3.75
    endloop
  endfacet
  facet normal 0 0 1
    outer loop
      vertex 6.25 -8.625 3.75
      vertex -6.25 -6.375 3.75
      vertex -6.25 -8.625 3.75
    endloop
  endfacet
  facet normal -0 0 1
    outer loop
      vertex -6.25 2.625 3.75
      vertex 6.25 0.375 3.75
      vertex 6.25 2.625 3.75
    endloop
  endfacet
  facet normal 0 0 1
    outer loop
      vertex 6.25 0.375 3.75
      vertex -6.25 2.625 3.75
      vertex -6.25 0.375 3.75
    endloop
  endfacet
  facet normal -0 0 1
    outer loop
      vertex -6.25 11.625 3.75
      vertex 6.25 9.375 3.75
      vertex 6.25 11.625 3.75
    endloop
  endfacet
  facet normal 0 0 1
    outer loop
      vertex 6.25 9.375 3.75
      vertex -6.25 11.625 3.75
      vertex -6.25 9.375 3.75
    endloop
  endfacet
  facet normal 0.59608 0.802925 -0
    outer loop
      vertex -5.98334 -22.8989 3.75
      vertex -6.03062 -22.8638 4.5
      vertex -5.98334 -22.8989 4.5
    endloop
  endfacet
  facet normal 0.59608 0.802925 0
    outer loop
      vertex -6.03062 -22.8638 4.5
      vertex -5.98334 -22.8989 3.75
      vertex -6.03062 -22.8638 3.75
    endloop
  endfacet
  facet normal -0.514421 0.857538 0
    outer loop
      vertex 5.98334 -22.8989 3.75
      vertex 5.93283 -22.9292 4.5
      vertex 5.98334 -22.8989 4.5
    endloop
  endfacet
  facet normal -0.514421 0.857538 0
    outer loop
      vertex 5.93283 -22.9292 4.5
      vertex 5.98334 -22.8989 3.75
      vertex 5.93283 -22.9292 3.75
    endloop
  endfacet
  facet normal -0.146081 -0.989273 0
    outer loop
      vertex 5.7088 19.9971 3.75
      vertex 5.76704 19.9885 4.5
      vertex 5.7088 19.9971 4.5
    endloop
  endfacet
  facet normal -0.146081 -0.989273 -0
    outer loop
      vertex 5.76704 19.9885 4.5
      vertex 5.7088 19.9971 3.75
      vertex 5.76704 19.9885 3.75
    endloop
  endfacet
  facet normal -0.0492515 -0.998786 0
    outer loop
      vertex 5.64999 20 3.75
      vertex 5.7088 19.9971 4.5
      vertex 5.64999 20 4.5
    endloop
  endfacet
  facet normal -0.0492515 -0.998786 -0
    outer loop
      vertex 5.7088 19.9971 4.5
      vertex 5.64999 20 3.75
      vertex 5.7088 19.9971 3.75
    endloop
  endfacet
  facet normal -0.59608 0.802925 0
    outer loop
      vertex 6.03062 -22.8638 3.75
      vertex 5.98334 -22.8989 4.5
      vertex 6.03062 -22.8638 4.5
    endloop
  endfacet
  facet normal -0.59608 0.802925 0
    outer loop
      vertex 5.98334 -22.8989 4.5
      vertex 6.03062 -22.8638 3.75
      vertex 5.98334 -22.8989 3.75
    endloop
  endfacet
  facet normal -0.337788 -0.941222 0
    outer loop
      vertex 5.82416 19.9742 3.75
      vertex 5.87961 19.9543 4.5
      vertex 5.82416 19.9742 4.5
    endloop
  endfacet
  facet normal -0.337788 -0.941222 -0
    outer loop
      vertex 5.87961 19.9543 4.5
      vertex 5.82416 19.9742 3.75
      vertex 5.87961 19.9543 3.75
    endloop
  endfacet
  facet normal -0.803208 0.595699 0
    outer loop
      vertex 6.1138 -22.7806 3.75
      vertex 6.14888 -22.7333 4.5
      vertex 6.14888 -22.7333 3.75
    endloop
  endfacet
  facet normal -0.803208 0.595699 0
    outer loop
      vertex 6.14888 -22.7333 4.5
      vertex 6.1138 -22.7806 3.75
      vertex 6.1138 -22.7806 4.5
    endloop
  endfacet
  facet normal -0.426566 0.904456 0
    outer loop
      vertex 5.93283 -22.9292 3.75
      vertex 5.87961 -22.9543 4.5
      vertex 5.93283 -22.9292 4.5
    endloop
  endfacet
  facet normal -0.426566 0.904456 0
    outer loop
      vertex 5.87961 -22.9543 4.5
      vertex 5.93283 -22.9292 3.75
      vertex 5.87961 -22.9543 3.75
    endloop
  endfacet
  facet normal -0.803084 -0.595866 0
    outer loop
      vertex 1.78766 -16.2855 0
      vertex 1.66197 -16.1161 2.2
      vertex 1.66197 -16.1161 0
    endloop
  endfacet
  facet normal -0.803084 -0.595866 0
    outer loop
      vertex 1.66197 -16.1161 2.2
      vertex 1.78766 -16.2855 0
      vertex 1.78766 -16.2855 2.2
    endloop
  endfacet
  facet normal -0.989175 -0.146741 0
    outer loop
      vertex 2.13965 -17.2693 0
      vertex 2.10869 -17.0606 2.2
      vertex 2.10869 -17.0606 0
    endloop
  endfacet
  facet normal -0.989175 -0.146741 0
    outer loop
      vertex 2.10869 -17.0606 2.2
      vertex 2.13965 -17.2693 0
      vertex 2.13965 -17.2693 2.2
    endloop
  endfacet
  facet normal -0.998796 -0.0490628 0
    outer loop
      vertex 2.15 -17.48 0
      vertex 2.13965 -17.2693 2.2
      vertex 2.13965 -17.2693 0
    endloop
  endfacet
  facet normal -0.998796 -0.0490628 0
    outer loop
      vertex 2.13965 -17.2693 2.2
      vertex 2.15 -17.48 0
      vertex 2.15 -17.48 2.2
    endloop
  endfacet
  facet normal -0.970036 -0.242959 0
    outer loop
      vertex 2.10869 -17.0606 0
      vertex 2.05742 -16.8559 2.2
      vertex 2.05742 -16.8559 0
    endloop
  endfacet
  facet normal -0.970036 -0.242959 0
    outer loop
      vertex 2.05742 -16.8559 2.2
      vertex 2.10869 -17.0606 0
      vertex 2.10869 -17.0606 2.2
    endloop
  endfacet
  facet normal -0.903961 -0.427616 0
    outer loop
      vertex 1.98634 -16.6572 0
      vertex 1.89613 -16.4665 2.2
      vertex 1.89613 -16.4665 0
    endloop
  endfacet
  facet normal -0.903961 -0.427616 0
    outer loop
      vertex 1.89613 -16.4665 2.2
      vertex 1.98634 -16.6572 0
      vertex 1.98634 -16.6572 2.2
    endloop
  endfacet
  facet normal 0.989175 0.146741 0
    outer loop
      vertex -2.10869 -17.8994 2.2
      vertex -2.13965 -17.6907 0
      vertex -2.13965 -17.6907 2.2
    endloop
  endfacet
  facet normal 0.989175 0.146741 0
    outer loop
      vertex -2.13965 -17.6907 0
      vertex -2.10869 -17.8994 2.2
      vertex -2.10869 -17.8994 0
    endloop
  endfacet
  facet normal -0.998796 0.0490628 0
    outer loop
      vertex 2.13965 -17.6907 0
      vertex 2.15 -17.48 2.2
      vertex 2.15 -17.48 0
    endloop
  endfacet
  facet normal -0.998796 0.0490628 0
    outer loop
      vertex 2.15 -17.48 2.2
      vertex 2.13965 -17.6907 0
      vertex 2.13965 -17.6907 2.2
    endloop
  endfacet
  facet normal -0.24313 -0.969994 0
    outer loop
      vertex 0.419444 -15.3713 0
      vertex 0.624111 -15.4226 2.2
      vertex 0.419444 -15.3713 2.2
    endloop
  endfacet
  facet normal -0.24313 -0.969994 -0
    outer loop
      vertex 0.624111 -15.4226 2.2
      vertex 0.419444 -15.3713 0
      vertex 0.624111 -15.4226 0
    endloop
  endfacet
  facet normal -0.42752 0.904006 0
    outer loop
      vertex 1.0135 -19.3761 0
      vertex 0.822769 -19.4663 2.2
      vertex 1.0135 -19.3761 2.2
    endloop
  endfacet
  facet normal -0.42752 0.904006 0
    outer loop
      vertex 0.822769 -19.4663 2.2
      vertex 1.0135 -19.3761 0
      vertex 0.822769 -19.4663 0
    endloop
  endfacet
  facet normal -0.803084 0.595866 0
    outer loop
      vertex 1.66197 -18.8439 0
      vertex 1.78766 -18.6745 2.2
      vertex 1.78766 -18.6745 0
    endloop
  endfacet
  facet normal -0.803084 0.595866 0
    outer loop
      vertex 1.78766 -18.6745 2.2
      vertex 1.66197 -18.8439 0
      vertex 1.66197 -18.8439 2.2
    endloop
  endfacet
  facet normal -0.941568 -0.336823 0
    outer loop
      vertex 2.05742 -16.8559 0
      vertex 1.98634 -16.6572 2.2
      vertex 1.98634 -16.6572 0
    endloop
  endfacet
  facet normal -0.941568 -0.336823 0
    outer loop
      vertex 1.98634 -16.6572 2.2
      vertex 2.05742 -16.8559 0
      vertex 2.05742 -16.8559 2.2
    endloop
  endfacet
  facet normal 0.989175 -0.146741 0
    outer loop
      vertex -2.13965 -17.2693 2.2
      vertex -2.10869 -17.0606 0
      vertex -2.10869 -17.0606 2.2
    endloop
  endfacet
  facet normal 0.989175 -0.146741 0
    outer loop
      vertex -2.10869 -17.0606 0
      vertex -2.13965 -17.2693 2.2
      vertex -2.13965 -17.2693 0
    endloop
  endfacet
  facet normal -0.970036 0.242959 0
    outer loop
      vertex 2.05742 -18.1041 0
      vertex 2.10869 -17.8994 2.2
      vertex 2.10869 -17.8994 0
    endloop
  endfacet
  facet normal -0.970036 0.242959 0
    outer loop
      vertex 2.10869 -17.8994 2.2
      vertex 2.05742 -18.1041 0
      vertex 2.05742 -18.1041 2.2
    endloop
  endfacet
  facet normal -0.671587 -0.740926 0
    outer loop
      vertex 1.36395 -15.818 0
      vertex 1.52028 -15.9597 2.2
      vertex 1.36395 -15.818 2.2
    endloop
  endfacet
  facet normal -0.671587 -0.740926 -0
    outer loop
      vertex 1.52028 -15.9597 2.2
      vertex 1.36395 -15.818 0
      vertex 1.52028 -15.9597 0
    endloop
  endfacet
  facet normal -0.51384 0.857886 0
    outer loop
      vertex 1.19448 -19.2677 0
      vertex 1.0135 -19.3761 2.2
      vertex 1.19448 -19.2677 2.2
    endloop
  endfacet
  facet normal -0.51384 0.857886 0
    outer loop
      vertex 1.0135 -19.3761 2.2
      vertex 1.19448 -19.2677 0
      vertex 1.0135 -19.3761 0
    endloop
  endfacet
  facet normal 0.0492909 -0.998784 0
    outer loop
      vertex -0.210736 -15.3404 0
      vertex 0 -15.33 2.2
      vertex -0.210736 -15.3404 2.2
    endloop
  endfacet
  facet normal 0.0492909 -0.998784 0
    outer loop
      vertex 0 -15.33 2.2
      vertex -0.210736 -15.3404 0
      vertex 0 -15.33 0
    endloop
  endfacet
  facet normal -0.33697 0.941515 0
    outer loop
      vertex 0.822769 -19.4663 0
      vertex 0.624111 -19.5374 2.2
      vertex 0.822769 -19.4663 2.2
    endloop
  endfacet
  facet normal -0.33697 0.941515 0
    outer loop
      vertex 0.624111 -19.5374 2.2
      vertex 0.822769 -19.4663 0
      vertex 0.624111 -19.5374 0
    endloop
  endfacet
  facet normal -0.42752 -0.904006 0
    outer loop
      vertex 0.822769 -15.4937 0
      vertex 1.0135 -15.5839 2.2
      vertex 0.822769 -15.4937 2.2
    endloop
  endfacet
  facet normal -0.42752 -0.904006 -0
    outer loop
      vertex 1.0135 -15.5839 2.2
      vertex 0.822769 -15.4937 0
      vertex 1.0135 -15.5839 0
    endloop
  endfacet
  facet normal -0.941568 0.336823 0
    outer loop
      vertex 1.98634 -18.3028 0
      vertex 2.05742 -18.1041 2.2
      vertex 2.05742 -18.1041 0
    endloop
  endfacet
  facet normal -0.941568 0.336823 0
    outer loop
      vertex 2.05742 -18.1041 2.2
      vertex 1.98634 -18.3028 0
      vertex 1.98634 -18.3028 2.2
    endloop
  endfacet
  facet normal 0.42752 -0.904006 0
    outer loop
      vertex -1.0135 -15.5839 0
      vertex -0.822769 -15.4937 2.2
      vertex -1.0135 -15.5839 2.2
    endloop
  endfacet
  facet normal 0.42752 -0.904006 0
    outer loop
      vertex -0.822769 -15.4937 2.2
      vertex -1.0135 -15.5839 0
      vertex -0.822769 -15.4937 0
    endloop
  endfacet
  facet normal 0.595737 0.803179 -0
    outer loop
      vertex -1.19448 -19.2677 0
      vertex -1.36395 -19.142 2.2
      vertex -1.19448 -19.2677 2.2
    endloop
  endfacet
  facet normal 0.595737 0.803179 0
    outer loop
      vertex -1.36395 -19.142 2.2
      vertex -1.19448 -19.2677 0
      vertex -1.36395 -19.142 0
    endloop
  endfacet
  facet normal -0.146457 0.989217 0
    outer loop
      vertex 0.419444 -19.5887 0
      vertex 0.210736 -19.6196 2.2
      vertex 0.419444 -19.5887 2.2
    endloop
  endfacet
  facet normal -0.146457 0.989217 0
    outer loop
      vertex 0.210736 -19.6196 2.2
      vertex 0.419444 -19.5887 0
      vertex 0.210736 -19.6196 0
    endloop
  endfacet
  facet normal 0.903961 0.427616 0
    outer loop
      vertex -1.89613 -18.4935 2.2
      vertex -1.98634 -18.3028 0
      vertex -1.98634 -18.3028 2.2
    endloop
  endfacet
  facet normal 0.903961 0.427616 0
    outer loop
      vertex -1.98634 -18.3028 0
      vertex -1.89613 -18.4935 2.2
      vertex -1.89613 -18.4935 0
    endloop
  endfacet
  facet normal 0.941568 0.336823 0
    outer loop
      vertex -1.98634 -18.3028 2.2
      vertex -2.05742 -18.1041 0
      vertex -2.05742 -18.1041 2.2
    endloop
  endfacet
  facet normal 0.941568 0.336823 0
    outer loop
      vertex -2.05742 -18.1041 0
      vertex -1.98634 -18.3028 2.2
      vertex -1.98634 -18.3028 0
    endloop
  endfacet
  facet normal -0.146457 -0.989217 0
    outer loop
      vertex 0.210736 -15.3404 0
      vertex 0.419444 -15.3713 2.2
      vertex 0.210736 -15.3404 2.2
    endloop
  endfacet
  facet normal -0.146457 -0.989217 -0
    outer loop
      vertex 0.419444 -15.3713 2.2
      vertex 0.210736 -15.3404 0
      vertex 0.419444 -15.3713 0
    endloop
  endfacet
  facet normal -0.595737 -0.803179 0
    outer loop
      vertex 1.19448 -15.6923 0
      vertex 1.36395 -15.818 2.2
      vertex 1.19448 -15.6923 2.2
    endloop
  endfacet
  facet normal -0.595737 -0.803179 -0
    outer loop
      vertex 1.36395 -15.818 2.2
      vertex 1.19448 -15.6923 0
      vertex 1.36395 -15.818 0
    endloop
  endfacet
  facet normal -0.857765 0.514043 0
    outer loop
      vertex 1.78766 -18.6745 0
      vertex 1.89613 -18.4935 2.2
      vertex 1.89613 -18.4935 0
    endloop
  endfacet
  facet normal -0.857765 0.514043 0
    outer loop
      vertex 1.89613 -18.4935 2.2
      vertex 1.78766 -18.6745 0
      vertex 1.78766 -18.6745 2.2
    endloop
  endfacet
  facet normal 0.33697 0.941515 -0
    outer loop
      vertex -0.624111 -19.5374 0
      vertex -0.822769 -19.4663 2.2
      vertex -0.624111 -19.5374 2.2
    endloop
  endfacet
  facet normal 0.33697 0.941515 0
    outer loop
      vertex -0.822769 -19.4663 2.2
      vertex -0.624111 -19.5374 0
      vertex -0.822769 -19.4663 0
    endloop
  endfacet
  facet normal 0.0492909 0.998784 -0
    outer loop
      vertex 0 -19.63 0
      vertex -0.210736 -19.6196 2.2
      vertex 0 -19.63 2.2
    endloop
  endfacet
  facet normal 0.0492909 0.998784 0
    outer loop
      vertex -0.210736 -19.6196 2.2
      vertex 0 -19.63 0
      vertex -0.210736 -19.6196 0
    endloop
  endfacet
  facet normal -0.741099 -0.671396 0
    outer loop
      vertex 1.66197 -16.1161 0
      vertex 1.52028 -15.9597 2.2
      vertex 1.52028 -15.9597 0
    endloop
  endfacet
  facet normal -0.741099 -0.671396 0
    outer loop
      vertex 1.52028 -15.9597 2.2
      vertex 1.66197 -16.1161 0
      vertex 1.66197 -16.1161 2.2
    endloop
  endfacet
  facet normal -0.0492909 -0.998784 0
    outer loop
      vertex 0 -15.33 0
      vertex 0.210736 -15.3404 2.2
      vertex 0 -15.33 2.2
    endloop
  endfacet
  facet normal -0.0492909 -0.998784 -0
    outer loop
      vertex 0.210736 -15.3404 2.2
      vertex 0 -15.33 0
      vertex 0.210736 -15.3404 0
    endloop
  endfacet
  facet normal 0.51384 -0.857886 0
    outer loop
      vertex -1.19448 -15.6923 0
      vertex -1.0135 -15.5839 2.2
      vertex -1.19448 -15.6923 2.2
    endloop
  endfacet
  facet normal 0.51384 -0.857886 0
    outer loop
      vertex -1.0135 -15.5839 2.2
      vertex -1.19448 -15.6923 0
      vertex -1.0135 -15.5839 0
    endloop
  endfacet
  facet normal -0.51384 -0.857886 0
    outer loop
      vertex 1.0135 -15.5839 0
      vertex 1.19448 -15.6923 2.2
      vertex 1.0135 -15.5839 2.2
    endloop
  endfacet
  facet normal -0.51384 -0.857886 -0
    outer loop
      vertex 1.19448 -15.6923 2.2
      vertex 1.0135 -15.5839 0
      vertex 1.19448 -15.6923 0
    endloop
  endfacet
  facet normal -0.989175 0.146741 0
    outer loop
      vertex 2.10869 -17.8994 0
      vertex 2.13965 -17.6907 2.2
      vertex 2.13965 -17.6907 0
    endloop
  endfacet
  facet normal -0.989175 0.146741 0
    outer loop
      vertex 2.13965 -17.6907 2.2
      vertex 2.10869 -17.8994 0
      vertex 2.10869 -17.8994 2.2
    endloop
  endfacet
  facet normal 0.146457 -0.989217 0
    outer loop
      vertex -0.419444 -15.3713 0
      vertex -0.210736 -15.3404 2.2
      vertex -0.419444 -15.3713 2.2
    endloop
  endfacet
  facet normal 0.146457 -0.989217 0
    outer loop
      vertex -0.210736 -15.3404 2.2
      vertex -0.419444 -15.3713 0
      vertex -0.210736 -15.3404 0
    endloop
  endfacet
  facet normal -0.33697 -0.941515 0
    outer loop
      vertex 0.624111 -15.4226 0
      vertex 0.822769 -15.4937 2.2
      vertex 0.624111 -15.4226 2.2
    endloop
  endfacet
  facet normal -0.33697 -0.941515 -0
    outer loop
      vertex 0.822769 -15.4937 2.2
      vertex 0.624111 -15.4226 0
      vertex 0.822769 -15.4937 0
    endloop
  endfacet
  facet normal -0.24313 0.969994 0
    outer loop
      vertex 0.624111 -19.5374 0
      vertex 0.419444 -19.5887 2.2
      vertex 0.624111 -19.5374 2.2
    endloop
  endfacet
  facet normal -0.24313 0.969994 0
    outer loop
      vertex 0.419444 -19.5887 2.2
      vertex 0.624111 -19.5374 0
      vertex 0.419444 -19.5887 0
    endloop
  endfacet
  facet normal -0.741099 0.671396 0
    outer loop
      vertex 1.52028 -19.0003 0
      vertex 1.66197 -18.8439 2.2
      vertex 1.66197 -18.8439 0
    endloop
  endfacet
  facet normal -0.741099 0.671396 0
    outer loop
      vertex 1.66197 -18.8439 2.2
      vertex 1.52028 -19.0003 0
      vertex 1.52028 -19.0003 2.2
    endloop
  endfacet
  facet normal -0.595737 0.803179 0
    outer loop
      vertex 1.36395 -19.142 0
      vertex 1.19448 -19.2677 2.2
      vertex 1.36395 -19.142 2.2
    endloop
  endfacet
  facet normal -0.595737 0.803179 0
    outer loop
      vertex 1.19448 -19.2677 2.2
      vertex 1.36395 -19.142 0
      vertex 1.19448 -19.2677 0
    endloop
  endfacet
  facet normal -0.857765 -0.514043 0
    outer loop
      vertex 1.89613 -16.4665 0
      vertex 1.78766 -16.2855 2.2
      vertex 1.78766 -16.2855 0
    endloop
  endfacet
  facet normal -0.857765 -0.514043 0
    outer loop
      vertex 1.78766 -16.2855 2.2
      vertex 1.89613 -16.4665 0
      vertex 1.89613 -16.4665 2.2
    endloop
  endfacet
  facet normal 0.671587 -0.740926 0
    outer loop
      vertex -1.52028 -15.9597 0
      vertex -1.36395 -15.818 2.2
      vertex -1.52028 -15.9597 2.2
    endloop
  endfacet
  facet normal 0.671587 -0.740926 0
    outer loop
      vertex -1.36395 -15.818 2.2
      vertex -1.52028 -15.9597 0
      vertex -1.36395 -15.818 0
    endloop
  endfacet
  facet normal 0.33697 -0.941515 0
    outer loop
      vertex -0.822769 -15.4937 0
      vertex -0.624111 -15.4226 2.2
      vertex -0.822769 -15.4937 2.2
    endloop
  endfacet
  facet normal 0.33697 -0.941515 0
    outer loop
      vertex -0.624111 -15.4226 2.2
      vertex -0.822769 -15.4937 0
      vertex -0.624111 -15.4226 0
    endloop
  endfacet
  facet normal 0.595737 -0.803179 0
    outer loop
      vertex -1.36395 -15.818 0
      vertex -1.19448 -15.6923 2.2
      vertex -1.36395 -15.818 2.2
    endloop
  endfacet
  facet normal 0.595737 -0.803179 0
    outer loop
      vertex -1.19448 -15.6923 2.2
      vertex -1.36395 -15.818 0
      vertex -1.19448 -15.6923 0
    endloop
  endfacet
  facet normal 0.970036 -0.242959 0
    outer loop
      vertex -2.10869 -17.0606 2.2
      vertex -2.05742 -16.8559 0
      vertex -2.05742 -16.8559 2.2
    endloop
  endfacet
  facet normal 0.970036 -0.242959 0
    outer loop
      vertex -2.05742 -16.8559 0
      vertex -2.10869 -17.0606 2.2
      vertex -2.10869 -17.0606 0
    endloop
  endfacet
  facet normal 0.24313 -0.969994 0
    outer loop
      vertex -0.624111 -15.4226 0
      vertex -0.419444 -15.3713 2.2
      vertex -0.624111 -15.4226 2.2
    endloop
  endfacet
  facet normal 0.24313 -0.969994 0
    outer loop
      vertex -0.419444 -15.3713 2.2
      vertex -0.624111 -15.4226 0
      vertex -0.419444 -15.3713 0
    endloop
  endfacet
  facet normal 0.998796 -0.0490628 0
    outer loop
      vertex -2.15 -17.48 2.2
      vertex -2.13965 -17.2693 0
      vertex -2.13965 -17.2693 2.2
    endloop
  endfacet
  facet normal 0.998796 -0.0490628 0
    outer loop
      vertex -2.13965 -17.2693 0
      vertex -2.15 -17.48 2.2
      vertex -2.15 -17.48 0
    endloop
  endfacet
  facet normal 0.671587 0.740926 -0
    outer loop
      vertex -1.36395 -19.142 0
      vertex -1.52028 -19.0003 2.2
      vertex -1.36395 -19.142 2.2
    endloop
  endfacet
  facet normal 0.671587 0.740926 0
    outer loop
      vertex -1.52028 -19.0003 2.2
      vertex -1.36395 -19.142 0
      vertex -1.52028 -19.0003 0
    endloop
  endfacet
  facet normal 0.741099 -0.671396 0
    outer loop
      vertex -1.66197 -16.1161 2.2
      vertex -1.52028 -15.9597 0
      vertex -1.52028 -15.9597 2.2
    endloop
  endfacet
  facet normal 0.741099 -0.671396 0
    outer loop
      vertex -1.52028 -15.9597 0
      vertex -1.66197 -16.1161 2.2
      vertex -1.66197 -16.1161 0
    endloop
  endfacet
  facet normal -0.0492909 0.998784 0
    outer loop
      vertex 0.210736 -19.6196 0
      vertex 0 -19.63 2.2
      vertex 0.210736 -19.6196 2.2
    endloop
  endfacet
  facet normal -0.0492909 0.998784 0
    outer loop
      vertex 0 -19.63 2.2
      vertex 0.210736 -19.6196 0
      vertex 0 -19.63 0
    endloop
  endfacet
  facet normal -0.671587 0.740926 0
    outer loop
      vertex 1.52028 -19.0003 0
      vertex 1.36395 -19.142 2.2
      vertex 1.52028 -19.0003 2.2
    endloop
  endfacet
  facet normal -0.671587 0.740926 0
    outer loop
      vertex 1.36395 -19.142 2.2
      vertex 1.52028 -19.0003 0
      vertex 1.36395 -19.142 0
    endloop
  endfacet
  facet normal 0.970036 0.242959 0
    outer loop
      vertex -2.05742 -18.1041 2.2
      vertex -2.10869 -17.8994 0
      vertex -2.10869 -17.8994 2.2
    endloop
  endfacet
  facet normal 0.970036 0.242959 0
    outer loop
      vertex -2.10869 -17.8994 0
      vertex -2.05742 -18.1041 2.2
      vertex -2.05742 -18.1041 0
    endloop
  endfacet
  facet normal 0.741099 0.671396 0
    outer loop
      vertex -1.52028 -19.0003 2.2
      vertex -1.66197 -18.8439 0
      vertex -1.66197 -18.8439 2.2
    endloop
  endfacet
  facet normal 0.741099 0.671396 0
    outer loop
      vertex -1.66197 -18.8439 0
      vertex -1.52028 -19.0003 2.2
      vertex -1.52028 -19.0003 0
    endloop
  endfacet
  facet normal 0.803084 0.595866 0
    outer loop
      vertex -1.66197 -18.8439 2.2
      vertex -1.78766 -18.6745 0
      vertex -1.78766 -18.6745 2.2
    endloop
  endfacet
  facet normal 0.803084 0.595866 0
    outer loop
      vertex -1.78766 -18.6745 0
      vertex -1.66197 -18.8439 2.2
      vertex -1.66197 -18.8439 0
    endloop
  endfacet
  facet normal 0.24313 0.969994 -0
    outer loop
      vertex -0.419444 -19.5887 0
      vertex -0.624111 -19.5374 2.2
      vertex -0.419444 -19.5887 2.2
    endloop
  endfacet
  facet normal 0.24313 0.969994 0
    outer loop
      vertex -0.624111 -19.5374 2.2
      vertex -0.419444 -19.5887 0
      vertex -0.624111 -19.5374 0
    endloop
  endfacet
  facet normal 0.857765 -0.514043 0
    outer loop
      vertex -1.89613 -16.4665 2.2
      vertex -1.78766 -16.2855 0
      vertex -1.78766 -16.2855 2.2
    endloop
  endfacet
  facet normal 0.857765 -0.514043 0
    outer loop
      vertex -1.78766 -16.2855 0
      vertex -1.89613 -16.4665 2.2
      vertex -1.89613 -16.4665 0
    endloop
  endfacet
  facet normal 0.857765 0.514043 0
    outer loop
      vertex -1.78766 -18.6745 2.2
      vertex -1.89613 -18.4935 0
      vertex -1.89613 -18.4935 2.2
    endloop
  endfacet
  facet normal 0.857765 0.514043 0
    outer loop
      vertex -1.89613 -18.4935 0
      vertex -1.78766 -18.6745 2.2
      vertex -1.78766 -18.6745 0
    endloop
  endfacet
  facet normal 0.998796 0.0490628 0
    outer loop
      vertex -2.13965 -17.6907 2.2
      vertex -2.15 -17.48 0
      vertex -2.15 -17.48 2.2
    endloop
  endfacet
  facet normal 0.998796 0.0490628 0
    outer loop
      vertex -2.15 -17.48 0
      vertex -2.13965 -17.6907 2.2
      vertex -2.13965 -17.6907 0
    endloop
  endfacet
  facet normal 0.146457 0.989217 -0
    outer loop
      vertex -0.210736 -19.6196 0
      vertex -0.419444 -19.5887 2.2
      vertex -0.210736 -19.6196 2.2
    endloop
  endfacet
  facet normal 0.146457 0.989217 0
    outer loop
      vertex -0.419444 -19.5887 2.2
      vertex -0.210736 -19.6196 0
      vertex -0.419444 -19.5887 0
    endloop
  endfacet
  facet normal -0.903961 0.427616 0
    outer loop
      vertex 1.89613 -18.4935 0
      vertex 1.98634 -18.3028 2.2
      vertex 1.98634 -18.3028 0
    endloop
  endfacet
  facet normal -0.903961 0.427616 0
    outer loop
      vertex 1.98634 -18.3028 2.2
      vertex 1.89613 -18.4935 0
      vertex 1.89613 -18.4935 2.2
    endloop
  endfacet
  facet normal 0.941568 -0.336823 0
    outer loop
      vertex -2.05742 -16.8559 2.2
      vertex -1.98634 -16.6572 0
      vertex -1.98634 -16.6572 2.2
    endloop
  endfacet
  facet normal 0.941568 -0.336823 0
    outer loop
      vertex -1.98634 -16.6572 0
      vertex -2.05742 -16.8559 2.2
      vertex -2.05742 -16.8559 0
    endloop
  endfacet
  facet normal 0.903961 -0.427616 0
    outer loop
      vertex -1.98634 -16.6572 2.2
      vertex -1.89613 -16.4665 0
      vertex -1.89613 -16.4665 2.2
    endloop
  endfacet
  facet normal 0.903961 -0.427616 0
    outer loop
      vertex -1.89613 -16.4665 0
      vertex -1.98634 -16.6572 2.2
      vertex -1.98634 -16.6572 0
    endloop
  endfacet
  facet normal 0 0 -1
    outer loop
      vertex 2.13965 -17.6907 2.2
      vertex 2.13965 -17.2693 2.2
      vertex 2.15 -17.48 2.2
    endloop
  endfacet
  facet normal 0 0 -1
    outer loop
      vertex 2.10869 -17.8994 2.2
      vertex 2.13965 -17.2693 2.2
      vertex 2.13965 -17.6907 2.2
    endloop
  endfacet
  facet normal 0 0 -1
    outer loop
      vertex 2.10869 -17.8994 2.2
      vertex 2.10869 -17.0606 2.2
      vertex 2.13965 -17.2693 2.2
    endloop
  endfacet
  facet normal 0 0 -1
    outer loop
      vertex 2.05742 -18.1041 2.2
      vertex 2.10869 -17.0606 2.2
      vertex 2.10869 -17.8994 2.2
    endloop
  endfacet
  facet normal 0 0 -1
    outer loop
      vertex 2.05742 -18.1041 2.2
      vertex 2.05742 -16.8559 2.2
      vertex 2.10869 -17.0606 2.2
    endloop
  endfacet
  facet normal 0 0 -1
    outer loop
      vertex 1.98634 -18.3028 2.2
      vertex 2.05742 -16.8559 2.2
      vertex 2.05742 -18.1041 2.2
    endloop
  endfacet
  facet normal 0 0 -1
    outer loop
      vertex 1.98634 -18.3028 2.2
      vertex 1.98634 -16.6572 2.2
      vertex 2.05742 -16.8559 2.2
    endloop
  endfacet
  facet normal 0 0 -1
    outer loop
      vertex 1.89613 -18.4935 2.2
      vertex 1.98634 -16.6572 2.2
      vertex 1.98634 -18.3028 2.2
    endloop
  endfacet
  facet normal 0 0 -1
    outer loop
      vertex 1.89613 -18.4935 2.2
      vertex 1.89613 -16.4665 2.2
      vertex 1.98634 -16.6572 2.2
    endloop
  endfacet
  facet normal 0 0 -1
    outer loop
      vertex 1.78766 -18.6745 2.2
      vertex 1.89613 -16.4665 2.2
      vertex 1.89613 -18.4935 2.2
    endloop
  endfacet
  facet normal 0 0 -1
    outer loop
      vertex 1.78766 -18.6745 2.2
      vertex 1.78766 -16.2855 2.2
      vertex 1.89613 -16.4665 2.2
    endloop
  endfacet
  facet normal 0 0 -1
    outer loop
      vertex 1.66197 -18.8439 2.2
      vertex 1.78766 -16.2855 2.2
      vertex 1.78766 -18.6745 2.2
    endloop
  endfacet
  facet normal 0 0 -1
    outer loop
      vertex 1.66197 -18.8439 2.2
      vertex 1.66197 -16.1161 2.2
      vertex 1.78766 -16.2855 2.2
    endloop
  endfacet
  facet normal 0 0 -1
    outer loop
      vertex 1.52028 -19.0003 2.2
      vertex 1.66197 -16.1161 2.2
      vertex 1.66197 -18.8439 2.2
    endloop
  endfacet
  facet normal 0 0 -1
    outer loop
      vertex 1.52028 -19.0003 2.2
      vertex 1.52028 -15.9597 2.2
      vertex 1.66197 -16.1161 2.2
    endloop
  endfacet
  facet normal 0 0 -1
    outer loop
      vertex 1.36395 -19.142 2.2
      vertex 1.52028 -15.9597 2.2
      vertex 1.52028 -19.0003 2.2
    endloop
  endfacet
  facet normal 0 0 -1
    outer loop
      vertex 1.36395 -19.142 2.2
      vertex 1.36395 -15.818 2.2
      vertex 1.52028 -15.9597 2.2
    endloop
  endfacet
  facet normal 0 0 -1
    outer loop
      vertex 1.19448 -19.2677 2.2
      vertex 1.36395 -15.818 2.2
      vertex 1.36395 -19.142 2.2
    endloop
  endfacet
  facet normal 0 0 -1
    outer loop
      vertex 1.19448 -19.2677 2.2
      vertex 1.19448 -15.6923 2.2
      vertex 1.36395 -15.818 2.2
    endloop
  endfacet
  facet normal 0 0 -1
    outer loop
      vertex 1.0135 -19.3761 2.2
      vertex 1.19448 -15.6923 2.2
      vertex 1.19448 -19.2677 2.2
    endloop
  endfacet
  facet normal 0 0 -1
    outer loop
      vertex 1.0135 -19.3761 2.2
      vertex 1.0135 -15.5839 2.2
      vertex 1.19448 -15.6923 2.2
    endloop
  endfacet
  facet normal 0 0 -1
    outer loop
      vertex 0.822769 -19.4663 2.2
      vertex 1.0135 -15.5839 2.2
      vertex 1.0135 -19.3761 2.2
    endloop
  endfacet
  facet normal 0 0 -1
    outer loop
      vertex 0.822769 -19.4663 2.2
      vertex 0.822769 -15.4937 2.2
      vertex 1.0135 -15.5839 2.2
    endloop
  endfacet
  facet normal 0 0 -1
    outer loop
      vertex 0.624111 -19.5374 2.2
      vertex 0.822769 -15.4937 2.2
      vertex 0.822769 -19.4663 2.2
    endloop
  endfacet
  facet normal 0 0 -1
    outer loop
      vertex 0.624111 -19.5374 2.2
      vertex 0.624111 -15.4226 2.2
      vertex 0.822769 -15.4937 2.2
    endloop
  endfacet
  facet normal 0 0 -1
    outer loop
      vertex 0.419444 -19.5887 2.2
      vertex 0.624111 -15.4226 2.2
      vertex 0.624111 -19.5374 2.2
    endloop
  endfacet
  facet normal 0 0 -1
    outer loop
      vertex 0.419444 -19.5887 2.2
      vertex 0.419444 -15.3713 2.2
      vertex 0.624111 -15.4226 2.2
    endloop
  endfacet
  facet normal 0 0 -1
    outer loop
      vertex 0.210736 -19.6196 2.2
      vertex 0.419444 -15.3713 2.2
      vertex 0.419444 -19.5887 2.2
    endloop
  endfacet
  facet normal 0 0 -1
    outer loop
      vertex 0.210736 -19.6196 2.2
      vertex 0.210736 -15.3404 2.2
      vertex 0.419444 -15.3713 2.2
    endloop
  endfacet
  facet normal 0 0 -1
    outer loop
      vertex 0 -19.63 2.2
      vertex 0.210736 -15.3404 2.2
      vertex 0.210736 -19.6196 2.2
    endloop
  endfacet
  facet normal 0 0 -1
    outer loop
      vertex 0 -19.63 2.2
      vertex 0 -15.33 2.2
      vertex 0.210736 -15.3404 2.2
    endloop
  endfacet
  facet normal 0 0 -1
    outer loop
      vertex -0.210736 -19.6196 2.2
      vertex 0 -15.33 2.2
      vertex 0 -19.63 2.2
    endloop
  endfacet
  facet normal 0 0 -1
    outer loop
      vertex -0.210736 -19.6196 2.2
      vertex -0.210736 -15.3404 2.2
      vertex 0 -15.33 2.2
    endloop
  endfacet
  facet normal 0 0 -1
    outer loop
      vertex -0.419444 -19.5887 2.2
      vertex -0.210736 -15.3404 2.2
      vertex -0.210736 -19.6196 2.2
    endloop
  endfacet
  facet normal 0 0 -1
    outer loop
      vertex -0.419444 -19.5887 2.2
      vertex -0.419444 -15.3713 2.2
      vertex -0.210736 -15.3404 2.2
    endloop
  endfacet
  facet normal 0 0 -1
    outer loop
      vertex -0.624111 -19.5374 2.2
      vertex -0.419444 -15.3713 2.2
      vertex -0.419444 -19.5887 2.2
    endloop
  endfacet
  facet normal 0 0 -1
    outer loop
      vertex -0.624111 -19.5374 2.2
      vertex -0.624111 -15.4226 2.2
      vertex -0.419444 -15.3713 2.2
    endloop
  endfacet
  facet normal 0 0 -1
    outer loop
      vertex -0.822769 -19.4663 2.2
      vertex -0.624111 -15.4226 2.2
      vertex -0.624111 -19.5374 2.2
    endloop
  endfacet
  facet normal 0 0 -1
    outer loop
      vertex -0.822769 -19.4663 2.2
      vertex -0.822769 -15.4937 2.2
      vertex -0.624111 -15.4226 2.2
    endloop
  endfacet
  facet normal 0 0 -1
    outer loop
      vertex -1.0135 -19.3761 2.2
      vertex -0.822769 -15.4937 2.2
      vertex -0.822769 -19.4663 2.2
    endloop
  endfacet
  facet normal 0 0 -1
    outer loop
      vertex -1.0135 -19.3761 2.2
      vertex -1.0135 -15.5839 2.2
      vertex -0.822769 -15.4937 2.2
    endloop
  endfacet
  facet normal 0 0 -1
    outer loop
      vertex -1.19448 -19.2677 2.2
      vertex -1.0135 -15.5839 2.2
      vertex -1.0135 -19.3761 2.2
    endloop
  endfacet
  facet normal 0 0 -1
    outer loop
      vertex -1.19448 -19.2677 2.2
      vertex -1.19448 -15.6923 2.2
      vertex -1.0135 -15.5839 2.2
    endloop
  endfacet
  facet normal 0 0 -1
    outer loop
      vertex -1.36395 -19.142 2.2
      vertex -1.19448 -15.6923 2.2
      vertex -1.19448 -19.2677 2.2
    endloop
  endfacet
  facet normal 0 0 -1
    outer loop
      vertex -1.36395 -19.142 2.2
      vertex -1.36395 -15.818 2.2
      vertex -1.19448 -15.6923 2.2
    endloop
  endfacet
  facet normal 0 0 -1
    outer loop
      vertex -1.52028 -19.0003 2.2
      vertex -1.36395 -15.818 2.2
      vertex -1.36395 -19.142 2.2
    endloop
  endfacet
  facet normal 0 0 -1
    outer loop
      vertex -1.52028 -19.0003 2.2
      vertex -1.52028 -15.9597 2.2
      vertex -1.36395 -15.818 2.2
    endloop
  endfacet
  facet normal 0 0 -1
    outer loop
      vertex -1.66197 -18.8439 2.2
      vertex -1.52028 -15.9597 2.2
      vertex -1.52028 -19.0003 2.2
    endloop
  endfacet
  facet normal 0 0 -1
    outer loop
      vertex -1.66197 -18.8439 2.2
      vertex -1.66197 -16.1161 2.2
      vertex -1.52028 -15.9597 2.2
    endloop
  endfacet
  facet normal 0 0 -1
    outer loop
      vertex -1.78766 -18.6745 2.2
      vertex -1.66197 -16.1161 2.2
      vertex -1.66197 -18.8439 2.2
    endloop
  endfacet
  facet normal 0 0 -1
    outer loop
      vertex -1.78766 -18.6745 2.2
      vertex -1.78766 -16.2855 2.2
      vertex -1.66197 -16.1161 2.2
    endloop
  endfacet
  facet normal 0 0 -1
    outer loop
      vertex -1.89613 -18.4935 2.2
      vertex -1.78766 -16.2855 2.2
      vertex -1.78766 -18.6745 2.2
    endloop
  endfacet
  facet normal 0 0 -1
    outer loop
      vertex -1.89613 -18.4935 2.2
      vertex -1.89613 -16.4665 2.2
      vertex -1.78766 -16.2855 2.2
    endloop
  endfacet
  facet normal 0 0 -1
    outer loop
      vertex -1.98634 -18.3028 2.2
      vertex -1.89613 -16.4665 2.2
      vertex -1.89613 -18.4935 2.2
    endloop
  endfacet
  facet normal 0 0 -1
    outer loop
      vertex -1.98634 -18.3028 2.2
      vertex -1.98634 -16.6572 2.2
      vertex -1.89613 -16.4665 2.2
    endloop
  endfacet
  facet normal 0 0 -1
    outer loop
      vertex -2.05742 -18.1041 2.2
      vertex -1.98634 -16.6572 2.2
      vertex -1.98634 -18.3028 2.2
    endloop
  endfacet
  facet normal 0 0 -1
    outer loop
      vertex -2.05742 -18.1041 2.2
      vertex -2.05742 -16.8559 2.2
      vertex -1.98634 -16.6572 2.2
    endloop
  endfacet
  facet normal 0 0 -1
    outer loop
      vertex -2.10869 -17.8994 2.2
      vertex -2.05742 -16.8559 2.2
      vertex -2.05742 -18.1041 2.2
    endloop
  endfacet
  facet normal 0 0 -1
    outer loop
      vertex -2.10869 -17.8994 2.2
      vertex -2.10869 -17.0606 2.2
      vertex -2.05742 -16.8559 2.2
    endloop
  endfacet
  facet normal 0 0 -1
    outer loop
      vertex -2.13965 -17.6907 2.2
      vertex -2.10869 -17.0606 2.2
      vertex -2.10869 -17.8994 2.2
    endloop
  endfacet
  facet normal 0 0 -1
    outer loop
      vertex -2.13965 -17.6907 2.2
      vertex -2.13965 -17.2693 2.2
      vertex -2.10869 -17.0606 2.2
    endloop
  endfacet
  facet normal 0 -0 -1
    outer loop
      vertex -2.13965 -17.2693 2.2
      vertex -2.13965 -17.6907 2.2
      vertex -2.15 -17.48 2.2
    endloop
  endfacet
  facet normal 0.51384 0.857886 -0
    outer loop
      vertex -1.0135 -19.3761 0
      vertex -1.19448 -19.2677 2.2
      vertex -1.0135 -19.3761 2.2
    endloop
  endfacet
  facet normal 0.51384 0.857886 0
    outer loop
      vertex -1.19448 -19.2677 2.2
      vertex -1.0135 -19.3761 0
      vertex -1.19448 -19.2677 0
    endloop
  endfacet
  facet normal 0.803084 -0.595866 0
    outer loop
      vertex -1.78766 -16.2855 2.2
      vertex -1.66197 -16.1161 0
      vertex -1.66197 -16.1161 2.2
    endloop
  endfacet
  facet normal 0.803084 -0.595866 0
    outer loop
      vertex -1.66197 -16.1161 0
      vertex -1.78766 -16.2855 2.2
      vertex -1.78766 -16.2855 0
    endloop
  endfacet
  facet normal 0.42752 0.904006 -0
    outer loop
      vertex -0.822769 -19.4663 0
      vertex -1.0135 -19.3761 2.2
      vertex -0.822769 -19.4663 2.2
    endloop
  endfacet
  facet normal 0.42752 0.904006 0
    outer loop
      vertex -1.0135 -19.3761 2.2
      vertex -0.822769 -19.4663 0
      vertex -1.0135 -19.3761 0
    endloop
  endfacet
  facet normal 0.33697 0.941515 -0
    outer loop
      vertex -0.624111 15.4226 0
      vertex -0.822769 15.4937 2.2
      vertex -0.624111 15.4226 2.2
    endloop
  endfacet
  facet normal 0.33697 0.941515 0
    outer loop
      vertex -0.822769 15.4937 2.2
      vertex -0.624111 15.4226 0
      vertex -0.822769 15.4937 0
    endloop
  endfacet
  facet normal -0.33697 -0.941515 0
    outer loop
      vertex 0.624111 19.5374 0
      vertex 0.822769 19.4663 2.2
      vertex 0.624111 19.5374 2.2
    endloop
  endfacet
  facet normal -0.33697 -0.941515 -0
    outer loop
      vertex 0.822769 19.4663 2.2
      vertex 0.624111 19.5374 0
      vertex 0.822769 19.4663 0
    endloop
  endfacet
  facet normal -0.989175 -0.146741 0
    outer loop
      vertex 2.13965 17.6907 0
      vertex 2.10869 17.8994 2.2
      vertex 2.10869 17.8994 0
    endloop
  endfacet
  facet normal -0.989175 -0.146741 0
    outer loop
      vertex 2.10869 17.8994 2.2
      vertex 2.13965 17.6907 0
      vertex 2.13965 17.6907 2.2
    endloop
  endfacet
  facet normal -0.998796 -0.0490628 0
    outer loop
      vertex 2.15 17.48 0
      vertex 2.13965 17.6907 2.2
      vertex 2.13965 17.6907 0
    endloop
  endfacet
  facet normal -0.998796 -0.0490628 0
    outer loop
      vertex 2.13965 17.6907 2.2
      vertex 2.15 17.48 0
      vertex 2.15 17.48 2.2
    endloop
  endfacet
  facet normal -0.970036 -0.242959 0
    outer loop
      vertex 2.10869 17.8994 0
      vertex 2.05742 18.1041 2.2
      vertex 2.05742 18.1041 0
    endloop
  endfacet
  facet normal -0.970036 -0.242959 0
    outer loop
      vertex 2.05742 18.1041 2.2
      vertex 2.10869 17.8994 0
      vertex 2.10869 17.8994 2.2
    endloop
  endfacet
  facet normal 0.741099 0.671396 0
    outer loop
      vertex -1.52028 15.9597 2.2
      vertex -1.66197 16.1161 0
      vertex -1.66197 16.1161 2.2
    endloop
  endfacet
  facet normal 0.741099 0.671396 0
    outer loop
      vertex -1.66197 16.1161 0
      vertex -1.52028 15.9597 2.2
      vertex -1.52028 15.9597 0
    endloop
  endfacet
  facet normal 0.941568 0.336823 0
    outer loop
      vertex -1.98634 16.6572 2.2
      vertex -2.05742 16.8559 0
      vertex -2.05742 16.8559 2.2
    endloop
  endfacet
  facet normal 0.941568 0.336823 0
    outer loop
      vertex -2.05742 16.8559 0
      vertex -1.98634 16.6572 2.2
      vertex -1.98634 16.6572 0
    endloop
  endfacet
  facet normal 0.51384 -0.857886 0
    outer loop
      vertex -1.19448 19.2677 0
      vertex -1.0135 19.3761 2.2
      vertex -1.19448 19.2677 2.2
    endloop
  endfacet
  facet normal 0.51384 -0.857886 0
    outer loop
      vertex -1.0135 19.3761 2.2
      vertex -1.19448 19.2677 0
      vertex -1.0135 19.3761 0
    endloop
  endfacet
  facet normal -0.998796 0.0490628 0
    outer loop
      vertex 2.13965 17.2693 0
      vertex 2.15 17.48 2.2
      vertex 2.15 17.48 0
    endloop
  endfacet
  facet normal -0.998796 0.0490628 0
    outer loop
      vertex 2.15 17.48 2.2
      vertex 2.13965 17.2693 0
      vertex 2.13965 17.2693 2.2
    endloop
  endfacet
  facet normal 0.857765 -0.514043 0
    outer loop
      vertex -1.89613 18.4935 2.2
      vertex -1.78766 18.6745 0
      vertex -1.78766 18.6745 2.2
    endloop
  endfacet
  facet normal 0.857765 -0.514043 0
    outer loop
      vertex -1.78766 18.6745 0
      vertex -1.89613 18.4935 2.2
      vertex -1.89613 18.4935 0
    endloop
  endfacet
  facet normal -0.941568 -0.336823 0
    outer loop
      vertex 2.05742 18.1041 0
      vertex 1.98634 18.3028 2.2
      vertex 1.98634 18.3028 0
    endloop
  endfacet
  facet normal -0.941568 -0.336823 0
    outer loop
      vertex 1.98634 18.3028 2.2
      vertex 2.05742 18.1041 0
      vertex 2.05742 18.1041 2.2
    endloop
  endfacet
  facet normal -0.903961 -0.427616 0
    outer loop
      vertex 1.98634 18.3028 0
      vertex 1.89613 18.4935 2.2
      vertex 1.89613 18.4935 0
    endloop
  endfacet
  facet normal -0.903961 -0.427616 0
    outer loop
      vertex 1.89613 18.4935 2.2
      vertex 1.98634 18.3028 0
      vertex 1.98634 18.3028 2.2
    endloop
  endfacet
  facet normal 0.671587 -0.740926 0
    outer loop
      vertex -1.52028 19.0003 0
      vertex -1.36395 19.142 2.2
      vertex -1.52028 19.0003 2.2
    endloop
  endfacet
  facet normal 0.671587 -0.740926 0
    outer loop
      vertex -1.36395 19.142 2.2
      vertex -1.52028 19.0003 0
      vertex -1.36395 19.142 0
    endloop
  endfacet
  facet normal -0.941568 0.336823 0
    outer loop
      vertex 1.98634 16.6572 0
      vertex 2.05742 16.8559 2.2
      vertex 2.05742 16.8559 0
    endloop
  endfacet
  facet normal -0.941568 0.336823 0
    outer loop
      vertex 2.05742 16.8559 2.2
      vertex 1.98634 16.6572 0
      vertex 1.98634 16.6572 2.2
    endloop
  endfacet
  facet normal -0.0492909 -0.998784 0
    outer loop
      vertex 0 19.63 0
      vertex 0.210736 19.6196 2.2
      vertex 0 19.63 2.2
    endloop
  endfacet
  facet normal -0.0492909 -0.998784 -0
    outer loop
      vertex 0.210736 19.6196 2.2
      vertex 0 19.63 0
      vertex 0.210736 19.6196 0
    endloop
  endfacet
  facet normal -0.51384 -0.857886 0
    outer loop
      vertex 1.0135 19.3761 0
      vertex 1.19448 19.2677 2.2
      vertex 1.0135 19.3761 2.2
    endloop
  endfacet
  facet normal -0.51384 -0.857886 -0
    outer loop
      vertex 1.19448 19.2677 2.2
      vertex 1.0135 19.3761 0
      vertex 1.19448 19.2677 0
    endloop
  endfacet
  facet normal 0.970036 0.242959 0
    outer loop
      vertex -2.05742 16.8559 2.2
      vertex -2.10869 17.0606 0
      vertex -2.10869 17.0606 2.2
    endloop
  endfacet
  facet normal 0.970036 0.242959 0
    outer loop
      vertex -2.10869 17.0606 0
      vertex -2.05742 16.8559 2.2
      vertex -2.05742 16.8559 0
    endloop
  endfacet
  facet normal -0.970036 0.242959 0
    outer loop
      vertex 2.05742 16.8559 0
      vertex 2.10869 17.0606 2.2
      vertex 2.10869 17.0606 0
    endloop
  endfacet
  facet normal -0.970036 0.242959 0
    outer loop
      vertex 2.10869 17.0606 2.2
      vertex 2.05742 16.8559 0
      vertex 2.05742 16.8559 2.2
    endloop
  endfacet
  facet normal -0.33697 0.941515 0
    outer loop
      vertex 0.822769 15.4937 0
      vertex 0.624111 15.4226 2.2
      vertex 0.822769 15.4937 2.2
    endloop
  endfacet
  facet normal -0.33697 0.941515 0
    outer loop
      vertex 0.624111 15.4226 2.2
      vertex 0.822769 15.4937 0
      vertex 0.624111 15.4226 0
    endloop
  endfacet
  facet normal -0.51384 0.857886 0
    outer loop
      vertex 1.19448 15.6923 0
      vertex 1.0135 15.5839 2.2
      vertex 1.19448 15.6923 2.2
    endloop
  endfacet
  facet normal -0.51384 0.857886 0
    outer loop
      vertex 1.0135 15.5839 2.2
      vertex 1.19448 15.6923 0
      vertex 1.0135 15.5839 0
    endloop
  endfacet
  facet normal -0.146457 0.989217 0
    outer loop
      vertex 0.419444 15.3713 0
      vertex 0.210736 15.3404 2.2
      vertex 0.419444 15.3713 2.2
    endloop
  endfacet
  facet normal -0.146457 0.989217 0
    outer loop
      vertex 0.210736 15.3404 2.2
      vertex 0.419444 15.3713 0
      vertex 0.210736 15.3404 0
    endloop
  endfacet
  facet normal 0.0492909 0.998784 -0
    outer loop
      vertex 0 15.33 0
      vertex -0.210736 15.3404 2.2
      vertex 0 15.33 2.2
    endloop
  endfacet
  facet normal 0.0492909 0.998784 0
    outer loop
      vertex -0.210736 15.3404 2.2
      vertex 0 15.33 0
      vertex -0.210736 15.3404 0
    endloop
  endfacet
  facet normal 0.903961 -0.427616 0
    outer loop
      vertex -1.98634 18.3028 2.2
      vertex -1.89613 18.4935 0
      vertex -1.89613 18.4935 2.2
    endloop
  endfacet
  facet normal 0.903961 -0.427616 0
    outer loop
      vertex -1.89613 18.4935 0
      vertex -1.98634 18.3028 2.2
      vertex -1.98634 18.3028 0
    endloop
  endfacet
  facet normal 0.903961 0.427616 0
    outer loop
      vertex -1.89613 16.4665 2.2
      vertex -1.98634 16.6572 0
      vertex -1.98634 16.6572 2.2
    endloop
  endfacet
  facet normal 0.903961 0.427616 0
    outer loop
      vertex -1.98634 16.6572 0
      vertex -1.89613 16.4665 2.2
      vertex -1.89613 16.4665 0
    endloop
  endfacet
  facet normal -0.803084 -0.595866 0
    outer loop
      vertex 1.78766 18.6745 0
      vertex 1.66197 18.8439 2.2
      vertex 1.66197 18.8439 0
    endloop
  endfacet
  facet normal -0.803084 -0.595866 0
    outer loop
      vertex 1.66197 18.8439 2.2
      vertex 1.78766 18.6745 0
      vertex 1.78766 18.6745 2.2
    endloop
  endfacet
  facet normal 0.595737 0.803179 -0
    outer loop
      vertex -1.19448 15.6923 0
      vertex -1.36395 15.818 2.2
      vertex -1.19448 15.6923 2.2
    endloop
  endfacet
  facet normal 0.595737 0.803179 0
    outer loop
      vertex -1.36395 15.818 2.2
      vertex -1.19448 15.6923 0
      vertex -1.36395 15.818 0
    endloop
  endfacet
  facet normal 0.42752 -0.904006 0
    outer loop
      vertex -1.0135 19.3761 0
      vertex -0.822769 19.4663 2.2
      vertex -1.0135 19.3761 2.2
    endloop
  endfacet
  facet normal 0.42752 -0.904006 0
    outer loop
      vertex -0.822769 19.4663 2.2
      vertex -1.0135 19.3761 0
      vertex -0.822769 19.4663 0
    endloop
  endfacet
  facet normal 0.803084 -0.595866 0
    outer loop
      vertex -1.78766 18.6745 2.2
      vertex -1.66197 18.8439 0
      vertex -1.66197 18.8439 2.2
    endloop
  endfacet
  facet normal 0.803084 -0.595866 0
    outer loop
      vertex -1.66197 18.8439 0
      vertex -1.78766 18.6745 2.2
      vertex -1.78766 18.6745 0
    endloop
  endfacet
  facet normal 0.989175 0.146741 0
    outer loop
      vertex -2.10869 17.0606 2.2
      vertex -2.13965 17.2693 0
      vertex -2.13965 17.2693 2.2
    endloop
  endfacet
  facet normal 0.989175 0.146741 0
    outer loop
      vertex -2.13965 17.2693 0
      vertex -2.10869 17.0606 2.2
      vertex -2.10869 17.0606 0
    endloop
  endfacet
  facet normal -0.42752 -0.904006 0
    outer loop
      vertex 0.822769 19.4663 0
      vertex 1.0135 19.3761 2.2
      vertex 0.822769 19.4663 2.2
    endloop
  endfacet
  facet normal -0.42752 -0.904006 -0
    outer loop
      vertex 1.0135 19.3761 2.2
      vertex 0.822769 19.4663 0
      vertex 1.0135 19.3761 0
    endloop
  endfacet
  facet normal 0.857765 0.514043 0
    outer loop
      vertex -1.78766 16.2855 2.2
      vertex -1.89613 16.4665 0
      vertex -1.89613 16.4665 2.2
    endloop
  endfacet
  facet normal 0.857765 0.514043 0
    outer loop
      vertex -1.89613 16.4665 0
      vertex -1.78766 16.2855 2.2
      vertex -1.78766 16.2855 0
    endloop
  endfacet
  facet normal 0.42752 0.904006 -0
    outer loop
      vertex -0.822769 15.4937 0
      vertex -1.0135 15.5839 2.2
      vertex -0.822769 15.4937 2.2
    endloop
  endfacet
  facet normal 0.42752 0.904006 0
    outer loop
      vertex -1.0135 15.5839 2.2
      vertex -0.822769 15.4937 0
      vertex -1.0135 15.5839 0
    endloop
  endfacet
  facet normal -0.671587 0.740926 0
    outer loop
      vertex 1.52028 15.9597 0
      vertex 1.36395 15.818 2.2
      vertex 1.52028 15.9597 2.2
    endloop
  endfacet
  facet normal -0.671587 0.740926 0
    outer loop
      vertex 1.36395 15.818 2.2
      vertex 1.52028 15.9597 0
      vertex 1.36395 15.818 0
    endloop
  endfacet
  facet normal 0.595737 -0.803179 0
    outer loop
      vertex -1.36395 19.142 0
      vertex -1.19448 19.2677 2.2
      vertex -1.36395 19.142 2.2
    endloop
  endfacet
  facet normal 0.595737 -0.803179 0
    outer loop
      vertex -1.19448 19.2677 2.2
      vertex -1.36395 19.142 0
      vertex -1.19448 19.2677 0
    endloop
  endfacet
  facet normal 0.998796 0.0490628 0
    outer loop
      vertex -2.13965 17.2693 2.2
      vertex -2.15 17.48 0
      vertex -2.15 17.48 2.2
    endloop
  endfacet
  facet normal 0.998796 0.0490628 0
    outer loop
      vertex -2.15 17.48 0
      vertex -2.13965 17.2693 2.2
      vertex -2.13965 17.2693 0
    endloop
  endfacet
  facet normal -0.24313 -0.969994 0
    outer loop
      vertex 0.419444 19.5887 0
      vertex 0.624111 19.5374 2.2
      vertex 0.419444 19.5887 2.2
    endloop
  endfacet
  facet normal -0.24313 -0.969994 -0
    outer loop
      vertex 0.624111 19.5374 2.2
      vertex 0.419444 19.5887 0
      vertex 0.624111 19.5374 0
    endloop
  endfacet
  facet normal 0.24313 -0.969994 0
    outer loop
      vertex -0.624111 19.5374 0
      vertex -0.419444 19.5887 2.2
      vertex -0.624111 19.5374 2.2
    endloop
  endfacet
  facet normal 0.24313 -0.969994 0
    outer loop
      vertex -0.419444 19.5887 2.2
      vertex -0.624111 19.5374 0
      vertex -0.419444 19.5887 0
    endloop
  endfacet
  facet normal -0.671587 -0.740926 0
    outer loop
      vertex 1.36395 19.142 0
      vertex 1.52028 19.0003 2.2
      vertex 1.36395 19.142 2.2
    endloop
  endfacet
  facet normal -0.671587 -0.740926 -0
    outer loop
      vertex 1.52028 19.0003 2.2
      vertex 1.36395 19.142 0
      vertex 1.52028 19.0003 0
    endloop
  endfacet
  facet normal -0.857765 0.514043 0
    outer loop
      vertex 1.78766 16.2855 0
      vertex 1.89613 16.4665 2.2
      vertex 1.89613 16.4665 0
    endloop
  endfacet
  facet normal -0.857765 0.514043 0
    outer loop
      vertex 1.89613 16.4665 2.2
      vertex 1.78766 16.2855 0
      vertex 1.78766 16.2855 2.2
    endloop
  endfacet
  facet normal 0.671587 0.740926 -0
    outer loop
      vertex -1.36395 15.818 0
      vertex -1.52028 15.9597 2.2
      vertex -1.36395 15.818 2.2
    endloop
  endfacet
  facet normal 0.671587 0.740926 0
    outer loop
      vertex -1.52028 15.9597 2.2
      vertex -1.36395 15.818 0
      vertex -1.52028 15.9597 0
    endloop
  endfacet
  facet normal -0.595737 -0.803179 0
    outer loop
      vertex 1.19448 19.2677 0
      vertex 1.36395 19.142 2.2
      vertex 1.19448 19.2677 2.2
    endloop
  endfacet
  facet normal -0.595737 -0.803179 -0
    outer loop
      vertex 1.36395 19.142 2.2
      vertex 1.19448 19.2677 0
      vertex 1.36395 19.142 0
    endloop
  endfacet
  facet normal -0.146457 -0.989217 0
    outer loop
      vertex 0.210736 19.6196 0
      vertex 0.419444 19.5887 2.2
      vertex 0.210736 19.6196 2.2
    endloop
  endfacet
  facet normal -0.146457 -0.989217 -0
    outer loop
      vertex 0.419444 19.5887 2.2
      vertex 0.210736 19.6196 0
      vertex 0.419444 19.5887 0
    endloop
  endfacet
  facet normal -0.741099 -0.671396 0
    outer loop
      vertex 1.66197 18.8439 0
      vertex 1.52028 19.0003 2.2
      vertex 1.52028 19.0003 0
    endloop
  endfacet
  facet normal -0.741099 -0.671396 0
    outer loop
      vertex 1.52028 19.0003 2.2
      vertex 1.66197 18.8439 0
      vertex 1.66197 18.8439 2.2
    endloop
  endfacet
  facet normal 0.989175 -0.146741 0
    outer loop
      vertex -2.13965 17.6907 2.2
      vertex -2.10869 17.8994 0
      vertex -2.10869 17.8994 2.2
    endloop
  endfacet
  facet normal 0.989175 -0.146741 0
    outer loop
      vertex -2.10869 17.8994 0
      vertex -2.13965 17.6907 2.2
      vertex -2.13965 17.6907 0
    endloop
  endfacet
  facet normal -0.42752 0.904006 0
    outer loop
      vertex 1.0135 15.5839 0
      vertex 0.822769 15.4937 2.2
      vertex 1.0135 15.5839 2.2
    endloop
  endfacet
  facet normal -0.42752 0.904006 0
    outer loop
      vertex 0.822769 15.4937 2.2
      vertex 1.0135 15.5839 0
      vertex 0.822769 15.4937 0
    endloop
  endfacet
  facet normal -0.0492909 0.998784 0
    outer loop
      vertex 0.210736 15.3404 0
      vertex 0 15.33 2.2
      vertex 0.210736 15.3404 2.2
    endloop
  endfacet
  facet normal -0.0492909 0.998784 0
    outer loop
      vertex 0 15.33 2.2
      vertex 0.210736 15.3404 0
      vertex 0 15.33 0
    endloop
  endfacet
  facet normal -0.989175 0.146741 0
    outer loop
      vertex 2.10869 17.0606 0
      vertex 2.13965 17.2693 2.2
      vertex 2.13965 17.2693 0
    endloop
  endfacet
  facet normal -0.989175 0.146741 0
    outer loop
      vertex 2.13965 17.2693 2.2
      vertex 2.10869 17.0606 0
      vertex 2.10869 17.0606 2.2
    endloop
  endfacet
  facet normal 0.146457 0.989217 -0
    outer loop
      vertex -0.210736 15.3404 0
      vertex -0.419444 15.3713 2.2
      vertex -0.210736 15.3404 2.2
    endloop
  endfacet
  facet normal 0.146457 0.989217 0
    outer loop
      vertex -0.419444 15.3713 2.2
      vertex -0.210736 15.3404 0
      vertex -0.419444 15.3713 0
    endloop
  endfacet
  facet normal -0.595737 0.803179 0
    outer loop
      vertex 1.36395 15.818 0
      vertex 1.19448 15.6923 2.2
      vertex 1.36395 15.818 2.2
    endloop
  endfacet
  facet normal -0.595737 0.803179 0
    outer loop
      vertex 1.19448 15.6923 2.2
      vertex 1.36395 15.818 0
      vertex 1.19448 15.6923 0
    endloop
  endfacet
  facet normal -0.741099 0.671396 0
    outer loop
      vertex 1.52028 15.9597 0
      vertex 1.66197 16.1161 2.2
      vertex 1.66197 16.1161 0
    endloop
  endfacet
  facet normal -0.741099 0.671396 0
    outer loop
      vertex 1.66197 16.1161 2.2
      vertex 1.52028 15.9597 0
      vertex 1.52028 15.9597 2.2
    endloop
  endfacet
  facet normal 0.33697 -0.941515 0
    outer loop
      vertex -0.822769 19.4663 0
      vertex -0.624111 19.5374 2.2
      vertex -0.822769 19.4663 2.2
    endloop
  endfacet
  facet normal 0.33697 -0.941515 0
    outer loop
      vertex -0.624111 19.5374 2.2
      vertex -0.822769 19.4663 0
      vertex -0.624111 19.5374 0
    endloop
  endfacet
  facet normal -0.857765 -0.514043 0
    outer loop
      vertex 1.89613 18.4935 0
      vertex 1.78766 18.6745 2.2
      vertex 1.78766 18.6745 0
    endloop
  endfacet
  facet normal -0.857765 -0.514043 0
    outer loop
      vertex 1.78766 18.6745 2.2
      vertex 1.89613 18.4935 0
      vertex 1.89613 18.4935 2.2
    endloop
  endfacet
  facet normal 0.0492909 -0.998784 0
    outer loop
      vertex -0.210736 19.6196 0
      vertex 0 19.63 2.2
      vertex -0.210736 19.6196 2.2
    endloop
  endfacet
  facet normal 0.0492909 -0.998784 0
    outer loop
      vertex 0 19.63 2.2
      vertex -0.210736 19.6196 0
      vertex 0 19.63 0
    endloop
  endfacet
  facet normal 0 0 -1
    outer loop
      vertex 2.13965 17.2693 2.2
      vertex 2.13965 17.6907 2.2
      vertex 2.15 17.48 2.2
    endloop
  endfacet
  facet normal 0 0 -1
    outer loop
      vertex 2.10869 17.0606 2.2
      vertex 2.13965 17.6907 2.2
      vertex 2.13965 17.2693 2.2
    endloop
  endfacet
  facet normal 0 0 -1
    outer loop
      vertex 2.10869 17.0606 2.2
      vertex 2.10869 17.8994 2.2
      vertex 2.13965 17.6907 2.2
    endloop
  endfacet
  facet normal 0 0 -1
    outer loop
      vertex 2.05742 16.8559 2.2
      vertex 2.10869 17.8994 2.2
      vertex 2.10869 17.0606 2.2
    endloop
  endfacet
  facet normal 0 0 -1
    outer loop
      vertex 2.05742 16.8559 2.2
      vertex 2.05742 18.1041 2.2
      vertex 2.10869 17.8994 2.2
    endloop
  endfacet
  facet normal 0 0 -1
    outer loop
      vertex 1.98634 16.6572 2.2
      vertex 2.05742 18.1041 2.2
      vertex 2.05742 16.8559 2.2
    endloop
  endfacet
  facet normal 0 0 -1
    outer loop
      vertex 1.98634 16.6572 2.2
      vertex 1.98634 18.3028 2.2
      vertex 2.05742 18.1041 2.2
    endloop
  endfacet
  facet normal 0 0 -1
    outer loop
      vertex 1.89613 16.4665 2.2
      vertex 1.98634 18.3028 2.2
      vertex 1.98634 16.6572 2.2
    endloop
  endfacet
  facet normal 0 0 -1
    outer loop
      vertex 1.89613 16.4665 2.2
      vertex 1.89613 18.4935 2.2
      vertex 1.98634 18.3028 2.2
    endloop
  endfacet
  facet normal 0 0 -1
    outer loop
      vertex 1.78766 16.2855 2.2
      vertex 1.89613 18.4935 2.2
      vertex 1.89613 16.4665 2.2
    endloop
  endfacet
  facet normal 0 0 -1
    outer loop
      vertex 1.78766 16.2855 2.2
      vertex 1.78766 18.6745 2.2
      vertex 1.89613 18.4935 2.2
    endloop
  endfacet
  facet normal 0 0 -1
    outer loop
      vertex 1.66197 16.1161 2.2
      vertex 1.78766 18.6745 2.2
      vertex 1.78766 16.2855 2.2
    endloop
  endfacet
  facet normal 0 0 -1
    outer loop
      vertex 1.66197 16.1161 2.2
      vertex 1.66197 18.8439 2.2
      vertex 1.78766 18.6745 2.2
    endloop
  endfacet
  facet normal 0 0 -1
    outer loop
      vertex 1.52028 15.9597 2.2
      vertex 1.66197 18.8439 2.2
      vertex 1.66197 16.1161 2.2
    endloop
  endfacet
  facet normal 0 0 -1
    outer loop
      vertex 1.52028 15.9597 2.2
      vertex 1.52028 19.0003 2.2
      vertex 1.66197 18.8439 2.2
    endloop
  endfacet
  facet normal 0 0 -1
    outer loop
      vertex 1.36395 15.818 2.2
      vertex 1.52028 19.0003 2.2
      vertex 1.52028 15.9597 2.2
    endloop
  endfacet
  facet normal 0 0 -1
    outer loop
      vertex 1.36395 15.818 2.2
      vertex 1.36395 19.142 2.2
      vertex 1.52028 19.0003 2.2
    endloop
  endfacet
  facet normal 0 0 -1
    outer loop
      vertex 1.19448 15.6923 2.2
      vertex 1.36395 19.142 2.2
      vertex 1.36395 15.818 2.2
    endloop
  endfacet
  facet normal 0 0 -1
    outer loop
      vertex 1.19448 15.6923 2.2
      vertex 1.19448 19.2677 2.2
      vertex 1.36395 19.142 2.2
    endloop
  endfacet
  facet normal 0 0 -1
    outer loop
      vertex 1.0135 15.5839 2.2
      vertex 1.19448 19.2677 2.2
      vertex 1.19448 15.6923 2.2
    endloop
  endfacet
  facet normal 0 0 -1
    outer loop
      vertex 1.0135 15.5839 2.2
      vertex 1.0135 19.3761 2.2
      vertex 1.19448 19.2677 2.2
    endloop
  endfacet
  facet normal 0 0 -1
    outer loop
      vertex 0.822769 15.4937 2.2
      vertex 1.0135 19.3761 2.2
      vertex 1.0135 15.5839 2.2
    endloop
  endfacet
  facet normal 0 0 -1
    outer loop
      vertex 0.822769 15.4937 2.2
      vertex 0.822769 19.4663 2.2
      vertex 1.0135 19.3761 2.2
    endloop
  endfacet
  facet normal 0 0 -1
    outer loop
      vertex 0.624111 15.4226 2.2
      vertex 0.822769 19.4663 2.2
      vertex 0.822769 15.4937 2.2
    endloop
  endfacet
  facet normal 0 0 -1
    outer loop
      vertex 0.624111 15.4226 2.2
      vertex 0.624111 19.5374 2.2
      vertex 0.822769 19.4663 2.2
    endloop
  endfacet
  facet normal 0 0 -1
    outer loop
      vertex 0.419444 15.3713 2.2
      vertex 0.624111 19.5374 2.2
      vertex 0.624111 15.4226 2.2
    endloop
  endfacet
  facet normal 0 0 -1
    outer loop
      vertex 0.419444 15.3713 2.2
      vertex 0.419444 19.5887 2.2
      vertex 0.624111 19.5374 2.2
    endloop
  endfacet
  facet normal 0 0 -1
    outer loop
      vertex 0.210736 15.3404 2.2
      vertex 0.419444 19.5887 2.2
      vertex 0.419444 15.3713 2.2
    endloop
  endfacet
  facet normal 0 0 -1
    outer loop
      vertex 0.210736 15.3404 2.2
      vertex 0.210736 19.6196 2.2
      vertex 0.419444 19.5887 2.2
    endloop
  endfacet
  facet normal 0 0 -1
    outer loop
      vertex 0 15.33 2.2
      vertex 0.210736 19.6196 2.2
      vertex 0.210736 15.3404 2.2
    endloop
  endfacet
  facet normal 0 0 -1
    outer loop
      vertex 0 15.33 2.2
      vertex 0 19.63 2.2
      vertex 0.210736 19.6196 2.2
    endloop
  endfacet
  facet normal 0 0 -1
    outer loop
      vertex -0.210736 15.3404 2.2
      vertex 0 19.63 2.2
      vertex 0 15.33 2.2
    endloop
  endfacet
  facet normal 0 0 -1
    outer loop
      vertex -0.210736 15.3404 2.2
      vertex -0.210736 19.6196 2.2
      vertex 0 19.63 2.2
    endloop
  endfacet
  facet normal 0 0 -1
    outer loop
      vertex -0.419444 15.3713 2.2
      vertex -0.210736 19.6196 2.2
      vertex -0.210736 15.3404 2.2
    endloop
  endfacet
  facet normal 0 0 -1
    outer loop
      vertex -0.419444 15.3713 2.2
      vertex -0.419444 19.5887 2.2
      vertex -0.210736 19.6196 2.2
    endloop
  endfacet
  facet normal 0 0 -1
    outer loop
      vertex -0.624111 15.4226 2.2
      vertex -0.419444 19.5887 2.2
      vertex -0.419444 15.3713 2.2
    endloop
  endfacet
  facet normal 0 0 -1
    outer loop
      vertex -0.624111 15.4226 2.2
      vertex -0.624111 19.5374 2.2
      vertex -0.419444 19.5887 2.2
    endloop
  endfacet
  facet normal 0 0 -1
    outer loop
      vertex -0.822769 15.4937 2.2
      vertex -0.624111 19.5374 2.2
      vertex -0.624111 15.4226 2.2
    endloop
  endfacet
  facet normal 0 0 -1
    outer loop
      vertex -0.822769 15.4937 2.2
      vertex -0.822769 19.4663 2.2
      vertex -0.624111 19.5374 2.2
    endloop
  endfacet
  facet normal 0 0 -1
    outer loop
      vertex -1.0135 15.5839 2.2
      vertex -0.822769 19.4663 2.2
      vertex -0.822769 15.4937 2.2
    endloop
  endfacet
  facet normal 0 0 -1
    outer loop
      vertex -1.0135 15.5839 2.2
      vertex -1.0135 19.3761 2.2
      vertex -0.822769 19.4663 2.2
    endloop
  endfacet
  facet normal 0 0 -1
    outer loop
      vertex -1.19448 15.6923 2.2
      vertex -1.0135 19.3761 2.2
      vertex -1.0135 15.5839 2.2
    endloop
  endfacet
  facet normal 0 0 -1
    outer loop
      vertex -1.19448 15.6923 2.2
      vertex -1.19448 19.2677 2.2
      vertex -1.0135 19.3761 2.2
    endloop
  endfacet
  facet normal 0 0 -1
    outer loop
      vertex -1.36395 15.818 2.2
      vertex -1.19448 19.2677 2.2
      vertex -1.19448 15.6923 2.2
    endloop
  endfacet
  facet normal 0 0 -1
    outer loop
      vertex -1.36395 15.818 2.2
      vertex -1.36395 19.142 2.2
      vertex -1.19448 19.2677 2.2
    endloop
  endfacet
  facet normal 0 0 -1
    outer loop
      vertex -1.52028 15.9597 2.2
      vertex -1.36395 19.142 2.2
      vertex -1.36395 15.818 2.2
    endloop
  endfacet
  facet normal 0 0 -1
    outer loop
      vertex -1.52028 15.9597 2.2
      vertex -1.52028 19.0003 2.2
      vertex -1.36395 19.142 2.2
    endloop
  endfacet
  facet normal 0 0 -1
    outer loop
      vertex -1.66197 16.1161 2.2
      vertex -1.52028 19.0003 2.2
      vertex -1.52028 15.9597 2.2
    endloop
  endfacet
  facet normal 0 0 -1
    outer loop
      vertex -1.66197 16.1161 2.2
      vertex -1.66197 18.8439 2.2
      vertex -1.52028 19.0003 2.2
    endloop
  endfacet
  facet normal 0 0 -1
    outer loop
      vertex -1.78766 16.2855 2.2
      vertex -1.66197 18.8439 2.2
      vertex -1.66197 16.1161 2.2
    endloop
  endfacet
  facet normal 0 0 -1
    outer loop
      vertex -1.78766 16.2855 2.2
      vertex -1.78766 18.6745 2.2
      vertex -1.66197 18.8439 2.2
    endloop
  endfacet
  facet normal 0 0 -1
    outer loop
      vertex -1.89613 16.4665 2.2
      vertex -1.78766 18.6745 2.2
      vertex -1.78766 16.2855 2.2
    endloop
  endfacet
  facet normal 0 0 -1
    outer loop
      vertex -1.89613 16.4665 2.2
      vertex -1.89613 18.4935 2.2
      vertex -1.78766 18.6745 2.2
    endloop
  endfacet
  facet normal 0 0 -1
    outer loop
      vertex -1.98634 16.6572 2.2
      vertex -1.89613 18.4935 2.2
      vertex -1.89613 16.4665 2.2
    endloop
  endfacet
  facet normal 0 0 -1
    outer loop
      vertex -1.98634 16.6572 2.2
      vertex -1.98634 18.3028 2.2
      vertex -1.89613 18.4935 2.2
    endloop
  endfacet
  facet normal 0 0 -1
    outer loop
      vertex -2.05742 16.8559 2.2
      vertex -1.98634 18.3028 2.2
      vertex -1.98634 16.6572 2.2
    endloop
  endfacet
  facet normal 0 0 -1
    outer loop
      vertex -2.05742 16.8559 2.2
      vertex -2.05742 18.1041 2.2
      vertex -1.98634 18.3028 2.2
    endloop
  endfacet
  facet normal 0 0 -1
    outer loop
      vertex -2.10869 17.0606 2.2
      vertex -2.05742 18.1041 2.2
      vertex -2.05742 16.8559 2.2
    endloop
  endfacet
  facet normal 0 0 -1
    outer loop
      vertex -2.10869 17.0606 2.2
      vertex -2.10869 17.8994 2.2
      vertex -2.05742 18.1041 2.2
    endloop
  endfacet
  facet normal 0 0 -1
    outer loop
      vertex -2.13965 17.2693 2.2
      vertex -2.10869 17.8994 2.2
      vertex -2.10869 17.0606 2.2
    endloop
  endfacet
  facet normal 0 0 -1
    outer loop
      vertex -2.13965 17.2693 2.2
      vertex -2.13965 17.6907 2.2
      vertex -2.10869 17.8994 2.2
    endloop
  endfacet
  facet normal 0 -0 -1
    outer loop
      vertex -2.13965 17.6907 2.2
      vertex -2.13965 17.2693 2.2
      vertex -2.15 17.48 2.2
    endloop
  endfacet
  facet normal -0.803084 0.595866 0
    outer loop
      vertex 1.66197 16.1161 0
      vertex 1.78766 16.2855 2.2
      vertex 1.78766 16.2855 0
    endloop
  endfacet
  facet normal -0.803084 0.595866 0
    outer loop
      vertex 1.78766 16.2855 2.2
      vertex 1.66197 16.1161 0
      vertex 1.66197 16.1161 2.2
    endloop
  endfacet
  facet normal 0.146457 -0.989217 0
    outer loop
      vertex -0.419444 19.5887 0
      vertex -0.210736 19.6196 2.2
      vertex -0.419444 19.5887 2.2
    endloop
  endfacet
  facet normal 0.146457 -0.989217 0
    outer loop
      vertex -0.210736 19.6196 2.2
      vertex -0.419444 19.5887 0
      vertex -0.210736 19.6196 0
    endloop
  endfacet
  facet normal 0.998796 -0.0490628 0
    outer loop
      vertex -2.15 17.48 2.2
      vertex -2.13965 17.6907 0
      vertex -2.13965 17.6907 2.2
    endloop
  endfacet
  facet normal 0.998796 -0.0490628 0
    outer loop
      vertex -2.13965 17.6907 0
      vertex -2.15 17.48 2.2
      vertex -2.15 17.48 0
    endloop
  endfacet
  facet normal 0.741099 -0.671396 0
    outer loop
      vertex -1.66197 18.8439 2.2
      vertex -1.52028 19.0003 0
      vertex -1.52028 19.0003 2.2
    endloop
  endfacet
  facet normal 0.741099 -0.671396 0
    outer loop
      vertex -1.52028 19.0003 0
      vertex -1.66197 18.8439 2.2
      vertex -1.66197 18.8439 0
    endloop
  endfacet
  facet normal -0.903961 0.427616 0
    outer loop
      vertex 1.89613 16.4665 0
      vertex 1.98634 16.6572 2.2
      vertex 1.98634 16.6572 0
    endloop
  endfacet
  facet normal -0.903961 0.427616 0
    outer loop
      vertex 1.98634 16.6572 2.2
      vertex 1.89613 16.4665 0
      vertex 1.89613 16.4665 2.2
    endloop
  endfacet
  facet normal 0.970036 -0.242959 0
    outer loop
      vertex -2.10869 17.8994 2.2
      vertex -2.05742 18.1041 0
      vertex -2.05742 18.1041 2.2
    endloop
  endfacet
  facet normal 0.970036 -0.242959 0
    outer loop
      vertex -2.05742 18.1041 0
      vertex -2.10869 17.8994 2.2
      vertex -2.10869 17.8994 0
    endloop
  endfacet
  facet normal 0.803084 0.595866 0
    outer loop
      vertex -1.66197 16.1161 2.2
      vertex -1.78766 16.2855 0
      vertex -1.78766 16.2855 2.2
    endloop
  endfacet
  facet normal 0.803084 0.595866 0
    outer loop
      vertex -1.78766 16.2855 0
      vertex -1.66197 16.1161 2.2
      vertex -1.66197 16.1161 0
    endloop
  endfacet
  facet normal 0.941568 -0.336823 0
    outer loop
      vertex -2.05742 18.1041 2.2
      vertex -1.98634 18.3028 0
      vertex -1.98634 18.3028 2.2
    endloop
  endfacet
  facet normal 0.941568 -0.336823 0
    outer loop
      vertex -1.98634 18.3028 0
      vertex -2.05742 18.1041 2.2
      vertex -2.05742 18.1041 0
    endloop
  endfacet
  facet normal 0.51384 0.857886 -0
    outer loop
      vertex -1.0135 15.5839 0
      vertex -1.19448 15.6923 2.2
      vertex -1.0135 15.5839 2.2
    endloop
  endfacet
  facet normal 0.51384 0.857886 0
    outer loop
      vertex -1.19448 15.6923 2.2
      vertex -1.0135 15.5839 0
      vertex -1.19448 15.6923 0
    endloop
  endfacet
  facet normal -0.24313 0.969994 0
    outer loop
      vertex 0.624111 15.4226 0
      vertex 0.419444 15.3713 2.2
      vertex 0.624111 15.4226 2.2
    endloop
  endfacet
  facet normal -0.24313 0.969994 0
    outer loop
      vertex 0.419444 15.3713 2.2
      vertex 0.624111 15.4226 0
      vertex 0.419444 15.3713 0
    endloop
  endfacet
  facet normal 0.24313 0.969994 -0
    outer loop
      vertex -0.419444 15.3713 0
      vertex -0.624111 15.4226 2.2
      vertex -0.419444 15.3713 2.2
    endloop
  endfacet
  facet normal 0.24313 0.969994 0
    outer loop
      vertex -0.624111 15.4226 2.2
      vertex -0.419444 15.3713 0
      vertex -0.624111 15.4226 0
    endloop
  endfacet
  facet normal 0.904394 0.426697 0
    outer loop
      vertex 10.5793 24.6296 4.5
      vertex 10.5542 24.6828 0
      vertex 10.5542 24.6828 4.5
    endloop
  endfacet
  facet normal 0.904394 0.426697 0
    outer loop
      vertex 10.5542 24.6828 0
      vertex 10.5793 24.6296 4.5
      vertex 10.5793 24.6296 0
    endloop
  endfacet
  facet normal 0.242536 -0.970143 0
    outer loop
      vertex 10.142 -24.9885 0
      vertex 10.1992 -24.9742 4.5
      vertex 10.142 -24.9885 4.5
    endloop
  endfacet
  facet normal 0.242536 -0.970143 0
    outer loop
      vertex 10.1992 -24.9742 4.5
      vertex 10.142 -24.9885 0
      vertex 10.1992 -24.9742 0
    endloop
  endfacet
  facet normal 0 -1 0
    outer loop
      vertex -10.025 -25 0
      vertex 10.025 -25 4.5
      vertex -10.025 -25 4.5
    endloop
  endfacet
  facet normal 0 -1 -0
    outer loop
      vertex 10.025 -25 4.5
      vertex -10.025 -25 0
      vertex 10.025 -25 0
    endloop
  endfacet
  facet normal 0.146179 -0.989258 0
    outer loop
      vertex 10.0838 -24.9971 0
      vertex 10.142 -24.9885 4.5
      vertex 10.0838 -24.9971 4.5
    endloop
  endfacet
  facet normal 0.146179 -0.989258 0
    outer loop
      vertex 10.142 -24.9885 4.5
      vertex 10.0838 -24.9971 0
      vertex 10.142 -24.9885 0
    endloop
  endfacet
  facet normal -0.857493 -0.514496 0
    outer loop
      vertex -10.5239 -24.7333 0
      vertex -10.5542 -24.6828 4.5
      vertex -10.5542 -24.6828 0
    endloop
  endfacet
  facet normal -0.857493 -0.514496 0
    outer loop
      vertex -10.5542 -24.6828 4.5
      vertex -10.5239 -24.7333 0
      vertex -10.5239 -24.7333 4.5
    endloop
  endfacet
  facet normal -0.803046 -0.595918 0
    outer loop
      vertex -10.4888 -24.7806 0
      vertex -10.5239 -24.7333 4.5
      vertex -10.5239 -24.7333 0
    endloop
  endfacet
  facet normal -0.803046 -0.595918 0
    outer loop
      vertex -10.5239 -24.7333 4.5
      vertex -10.4888 -24.7806 0
      vertex -10.4888 -24.7806 4.5
    endloop
  endfacet
  facet normal 0.857493 0.514496 0
    outer loop
      vertex 10.5542 24.6828 4.5
      vertex 10.5239 24.7333 0
      vertex 10.5239 24.7333 4.5
    endloop
  endfacet
  facet normal 0.857493 0.514496 0
    outer loop
      vertex 10.5239 24.7333 0
      vertex 10.5542 24.6828 4.5
      vertex 10.5542 24.6828 0
    endloop
  endfacet
  facet normal 0.998786 -0.0492599 0
    outer loop
      vertex 10.6221 -24.4588 4.5
      vertex 10.625 -24.4 0
      vertex 10.625 -24.4 4.5
    endloop
  endfacet
  facet normal 0.998786 -0.0492599 0
    outer loop
      vertex 10.625 -24.4 0
      vertex 10.6221 -24.4588 4.5
      vertex 10.6221 -24.4588 0
    endloop
  endfacet
  facet normal 0.0492599 -0.998786 0
    outer loop
      vertex 10.025 -25 0
      vertex 10.0838 -24.9971 4.5
      vertex 10.025 -25 4.5
    endloop
  endfacet
  facet normal 0.0492599 -0.998786 0
    outer loop
      vertex 10.0838 -24.9971 4.5
      vertex 10.025 -25 0
      vertex 10.0838 -24.9971 0
    endloop
  endfacet
  facet normal -0.904394 -0.426697 0
    outer loop
      vertex -10.5542 -24.6828 0
      vertex -10.5793 -24.6296 4.5
      vertex -10.5793 -24.6296 0
    endloop
  endfacet
  facet normal -0.904394 -0.426697 0
    outer loop
      vertex -10.5793 -24.6296 4.5
      vertex -10.5542 -24.6828 0
      vertex -10.5542 -24.6828 4.5
    endloop
  endfacet
  facet normal 0.998786 0.0492599 0
    outer loop
      vertex 10.625 24.4 4.5
      vertex 10.6221 24.4588 0
      vertex 10.6221 24.4588 4.5
    endloop
  endfacet
  facet normal 0.998786 0.0492599 0
    outer loop
      vertex 10.6221 24.4588 0
      vertex 10.625 24.4 4.5
      vertex 10.625 24.4 0
    endloop
  endfacet
  facet normal -0.514496 0.857493 0
    outer loop
      vertex -10.3078 24.9292 0
      vertex -10.3583 24.8989 4.5
      vertex -10.3078 24.9292 4.5
    endloop
  endfacet
  facet normal -0.514496 0.857493 0
    outer loop
      vertex -10.3583 24.8989 4.5
      vertex -10.3078 24.9292 0
      vertex -10.3583 24.8989 0
    endloop
  endfacet
  facet normal -0.741857 0.670558 0
    outer loop
      vertex -10.4888 24.7806 0
      vertex -10.4493 24.8243 4.5
      vertex -10.4493 24.8243 0
    endloop
  endfacet
  facet normal -0.741857 0.670558 0
    outer loop
      vertex -10.4493 24.8243 4.5
      vertex -10.4888 24.7806 0
      vertex -10.4888 24.7806 4.5
    endloop
  endfacet
  facet normal -0.514496 -0.857493 0
    outer loop
      vertex -10.3583 -24.8989 0
      vertex -10.3078 -24.9292 4.5
      vertex -10.3583 -24.8989 4.5
    endloop
  endfacet
  facet normal -0.514496 -0.857493 -0
    outer loop
      vertex -10.3078 -24.9292 4.5
      vertex -10.3583 -24.8989 0
      vertex -10.3078 -24.9292 0
    endloop
  endfacet
  facet normal -0.0492599 0.998786 0
    outer loop
      vertex -10.025 25 0
      vertex -10.0838 24.9971 4.5
      vertex -10.025 25 4.5
    endloop
  endfacet
  facet normal -0.0492599 0.998786 0
    outer loop
      vertex -10.0838 24.9971 4.5
      vertex -10.025 25 0
      vertex -10.0838 24.9971 0
    endloop
  endfacet
  facet normal -0.857493 0.514496 0
    outer loop
      vertex -10.5542 24.6828 0
      vertex -10.5239 24.7333 4.5
      vertex -10.5239 24.7333 0
    endloop
  endfacet
  facet normal -0.857493 0.514496 0
    outer loop
      vertex -10.5239 24.7333 4.5
      vertex -10.5542 24.6828 0
      vertex -10.5542 24.6828 4.5
    endloop
  endfacet
  facet normal 1 -0 0
    outer loop
      vertex 10.625 -24.4 4.5
      vertex 10.625 24.4 0
      vertex 10.625 24.4 4.5
    endloop
  endfacet
  facet normal 1 0 0
    outer loop
      vertex 10.625 24.4 0
      vertex 10.625 -24.4 4.5
      vertex 10.625 -24.4 0
    endloop
  endfacet
  facet normal -0.998786 -0.0492599 0
    outer loop
      vertex -10.6221 -24.4588 0
      vertex -10.625 -24.4 4.5
      vertex -10.625 -24.4 0
    endloop
  endfacet
  facet normal -0.998786 -0.0492599 0
    outer loop
      vertex -10.625 -24.4 4.5
      vertex -10.6221 -24.4588 0
      vertex -10.6221 -24.4588 4.5
    endloop
  endfacet
  facet normal -1 0 0
    outer loop
      vertex -10.625 -24.4 0
      vertex -10.625 24.4 4.5
      vertex -10.625 24.4 0
    endloop
  endfacet
  facet normal -1 -0 0
    outer loop
      vertex -10.625 24.4 4.5
      vertex -10.625 -24.4 0
      vertex -10.625 -24.4 4.5
    endloop
  endfacet
  facet normal -0.426697 0.904394 0
    outer loop
      vertex -10.2546 24.9543 0
      vertex -10.3078 24.9292 4.5
      vertex -10.2546 24.9543 4.5
    endloop
  endfacet
  facet normal -0.426697 0.904394 0
    outer loop
      vertex -10.3078 24.9292 4.5
      vertex -10.2546 24.9543 0
      vertex -10.3078 24.9292 0
    endloop
  endfacet
  facet normal -0.998786 0.0492599 0
    outer loop
      vertex -10.625 24.4 0
      vertex -10.6221 24.4588 4.5
      vertex -10.6221 24.4588 0
    endloop
  endfacet
  facet normal -0.998786 0.0492599 0
    outer loop
      vertex -10.6221 24.4588 4.5
      vertex -10.625 24.4 0
      vertex -10.625 24.4 4.5
    endloop
  endfacet
  facet normal 0.338058 0.941125 -0
    outer loop
      vertex 10.2546 24.9543 0
      vertex 10.1992 24.9742 4.5
      vertex 10.2546 24.9543 4.5
    endloop
  endfacet
  facet normal 0.338058 0.941125 0
    outer loop
      vertex 10.1992 24.9742 4.5
      vertex 10.2546 24.9543 0
      vertex 10.1992 24.9742 0
    endloop
  endfacet
  facet normal -0.146179 -0.989258 0
    outer loop
      vertex -10.142 -24.9885 0
      vertex -10.0838 -24.9971 4.5
      vertex -10.142 -24.9885 4.5
    endloop
  endfacet
  facet normal -0.146179 -0.989258 -0
    outer loop
      vertex -10.0838 -24.9971 4.5
      vertex -10.142 -24.9885 0
      vertex -10.0838 -24.9971 0
    endloop
  endfacet
  facet normal -0.941125 -0.338058 0
    outer loop
      vertex -10.5793 -24.6296 0
      vertex -10.5992 -24.5742 4.5
      vertex -10.5992 -24.5742 0
    endloop
  endfacet
  facet normal -0.941125 -0.338058 0
    outer loop
      vertex -10.5992 -24.5742 4.5
      vertex -10.5793 -24.6296 0
      vertex -10.5793 -24.6296 4.5
    endloop
  endfacet
  facet normal -0.670558 0.741857 0
    outer loop
      vertex -10.4056 24.8638 0
      vertex -10.4493 24.8243 4.5
      vertex -10.4056 24.8638 4.5
    endloop
  endfacet
  facet normal -0.670558 0.741857 0
    outer loop
      vertex -10.4493 24.8243 4.5
      vertex -10.4056 24.8638 0
      vertex -10.4493 24.8243 0
    endloop
  endfacet
  facet normal 0 1 -0
    outer loop
      vertex 10.025 25 0
      vertex 8.39999 25 4.5
      vertex 10.025 25 4.5
    endloop
  endfacet
  facet normal 0 1 0
    outer loop
      vertex 8.39999 25 4.5
      vertex 10.025 25 0
      vertex -8.39999 25 4.5
    endloop
  endfacet
  facet normal 0 1 0
    outer loop
      vertex -10.025 25 0
      vertex -8.39999 25 4.5
      vertex 10.025 25 0
    endloop
  endfacet
  facet normal 0 1 0
    outer loop
      vertex -8.39999 25 4.5
      vertex -10.025 25 0
      vertex -10.025 25 4.5
    endloop
  endfacet
  facet normal -0.338058 0.941125 0
    outer loop
      vertex -10.1992 24.9742 0
      vertex -10.2546 24.9543 4.5
      vertex -10.1992 24.9742 4.5
    endloop
  endfacet
  facet normal -0.338058 0.941125 0
    outer loop
      vertex -10.2546 24.9543 4.5
      vertex -10.1992 24.9742 0
      vertex -10.2546 24.9543 0
    endloop
  endfacet
  facet normal 0.0492599 0.998786 -0
    outer loop
      vertex 10.0838 24.9971 0
      vertex 10.025 25 4.5
      vertex 10.0838 24.9971 4.5
    endloop
  endfacet
  facet normal 0.0492599 0.998786 0
    outer loop
      vertex 10.025 25 4.5
      vertex 10.0838 24.9971 0
      vertex 10.025 25 0
    endloop
  endfacet
  facet normal -0.970143 0.242536 0
    outer loop
      vertex -10.6135 24.517 0
      vertex -10.5992 24.5742 4.5
      vertex -10.5992 24.5742 0
    endloop
  endfacet
  facet normal -0.970143 0.242536 0
    outer loop
      vertex -10.5992 24.5742 4.5
      vertex -10.6135 24.517 0
      vertex -10.6135 24.517 4.5
    endloop
  endfacet
  facet normal -0.970143 -0.242536 0
    outer loop
      vertex -10.5992 -24.5742 0
      vertex -10.6135 -24.517 4.5
      vertex -10.6135 -24.517 0
    endloop
  endfacet
  facet normal -0.970143 -0.242536 0
    outer loop
      vertex -10.6135 -24.517 4.5
      vertex -10.5992 -24.5742 0
      vertex -10.5992 -24.5742 4.5
    endloop
  endfacet
  facet normal -0.0492599 -0.998786 0
    outer loop
      vertex -10.0838 -24.9971 0
      vertex -10.025 -25 4.5
      vertex -10.0838 -24.9971 4.5
    endloop
  endfacet
  facet normal -0.0492599 -0.998786 -0
    outer loop
      vertex -10.025 -25 4.5
      vertex -10.0838 -24.9971 0
      vertex -10.025 -25 0
    endloop
  endfacet
  facet normal 0.514496 0.857493 -0
    outer loop
      vertex 10.3583 24.8989 0
      vertex 10.3078 24.9292 4.5
      vertex 10.3583 24.8989 4.5
    endloop
  endfacet
  facet normal 0.514496 0.857493 0
    outer loop
      vertex 10.3078 24.9292 4.5
      vertex 10.3583 24.8989 0
      vertex 10.3078 24.9292 0
    endloop
  endfacet
  facet normal -0.989258 -0.146179 0
    outer loop
      vertex -10.6135 -24.517 0
      vertex -10.6221 -24.4588 4.5
      vertex -10.6221 -24.4588 0
    endloop
  endfacet
  facet normal -0.989258 -0.146179 0
    outer loop
      vertex -10.6221 -24.4588 4.5
      vertex -10.6135 -24.517 0
      vertex -10.6135 -24.517 4.5
    endloop
  endfacet
  facet normal -0.146179 0.989258 0
    outer loop
      vertex -10.0838 24.9971 0
      vertex -10.142 24.9885 4.5
      vertex -10.0838 24.9971 4.5
    endloop
  endfacet
  facet normal -0.146179 0.989258 0
    outer loop
      vertex -10.142 24.9885 4.5
      vertex -10.0838 24.9971 0
      vertex -10.142 24.9885 0
    endloop
  endfacet
  facet normal -0.904394 0.426697 0
    outer loop
      vertex -10.5793 24.6296 0
      vertex -10.5542 24.6828 4.5
      vertex -10.5542 24.6828 0
    endloop
  endfacet
  facet normal -0.904394 0.426697 0
    outer loop
      vertex -10.5542 24.6828 4.5
      vertex -10.5793 24.6296 0
      vertex -10.5793 24.6296 4.5
    endloop
  endfacet
  facet normal -0.242536 0.970143 0
    outer loop
      vertex -10.142 24.9885 0
      vertex -10.1992 24.9742 4.5
      vertex -10.142 24.9885 4.5
    endloop
  endfacet
  facet normal -0.242536 0.970143 0
    outer loop
      vertex -10.1992 24.9742 4.5
      vertex -10.142 24.9885 0
      vertex -10.1992 24.9742 0
    endloop
  endfacet
  facet normal -0.989258 0.146179 0
    outer loop
      vertex -10.6221 24.4588 0
      vertex -10.6135 24.517 4.5
      vertex -10.6135 24.517 0
    endloop
  endfacet
  facet normal -0.989258 0.146179 0
    outer loop
      vertex -10.6135 24.517 4.5
      vertex -10.6221 24.4588 0
      vertex -10.6221 24.4588 4.5
    endloop
  endfacet
  facet normal 0.741857 0.670558 0
    outer loop
      vertex 10.4888 24.7806 4.5
      vertex 10.4493 24.8243 0
      vertex 10.4493 24.8243 4.5
    endloop
  endfacet
  facet normal 0.741857 0.670558 0
    outer loop
      vertex 10.4493 24.8243 0
      vertex 10.4888 24.7806 4.5
      vertex 10.4888 24.7806 0
    endloop
  endfacet
  facet normal -0.741857 -0.670558 0
    outer loop
      vertex -10.4493 -24.8243 0
      vertex -10.4888 -24.7806 4.5
      vertex -10.4888 -24.7806 0
    endloop
  endfacet
  facet normal -0.741857 -0.670558 0
    outer loop
      vertex -10.4888 -24.7806 4.5
      vertex -10.4493 -24.8243 0
      vertex -10.4493 -24.8243 4.5
    endloop
  endfacet
  facet normal 0.514496 -0.857493 0
    outer loop
      vertex 10.3078 -24.9292 0
      vertex 10.3583 -24.8989 4.5
      vertex 10.3078 -24.9292 4.5
    endloop
  endfacet
  facet normal 0.514496 -0.857493 0
    outer loop
      vertex 10.3583 -24.8989 4.5
      vertex 10.3078 -24.9292 0
      vertex 10.3583 -24.8989 0
    endloop
  endfacet
  facet normal -0.941125 0.338058 0
    outer loop
      vertex -10.5992 24.5742 0
      vertex -10.5793 24.6296 4.5
      vertex -10.5793 24.6296 0
    endloop
  endfacet
  facet normal -0.941125 0.338058 0
    outer loop
      vertex -10.5793 24.6296 4.5
      vertex -10.5992 24.5742 0
      vertex -10.5992 24.5742 4.5
    endloop
  endfacet
  facet normal 0.426697 0.904394 -0
    outer loop
      vertex 10.3078 24.9292 0
      vertex 10.2546 24.9543 4.5
      vertex 10.3078 24.9292 4.5
    endloop
  endfacet
  facet normal 0.426697 0.904394 0
    outer loop
      vertex 10.2546 24.9543 4.5
      vertex 10.3078 24.9292 0
      vertex 10.2546 24.9543 0
    endloop
  endfacet
  facet normal -0.803046 0.595918 0
    outer loop
      vertex -10.5239 24.7333 0
      vertex -10.4888 24.7806 4.5
      vertex -10.4888 24.7806 0
    endloop
  endfacet
  facet normal -0.803046 0.595918 0
    outer loop
      vertex -10.4888 24.7806 4.5
      vertex -10.5239 24.7333 0
      vertex -10.5239 24.7333 4.5
    endloop
  endfacet
  facet normal 0.989258 0.146179 0
    outer loop
      vertex 10.6221 24.4588 4.5
      vertex 10.6135 24.517 0
      vertex 10.6135 24.517 4.5
    endloop
  endfacet
  facet normal 0.989258 0.146179 0
    outer loop
      vertex 10.6135 24.517 0
      vertex 10.6221 24.4588 4.5
      vertex 10.6221 24.4588 0
    endloop
  endfacet
  facet normal -0.426697 -0.904394 0
    outer loop
      vertex -10.3078 -24.9292 0
      vertex -10.2546 -24.9543 4.5
      vertex -10.3078 -24.9292 4.5
    endloop
  endfacet
  facet normal -0.426697 -0.904394 -0
    outer loop
      vertex -10.2546 -24.9543 4.5
      vertex -10.3078 -24.9292 0
      vertex -10.2546 -24.9543 0
    endloop
  endfacet
  facet normal 0.941125 0.338058 0
    outer loop
      vertex 10.5992 24.5742 4.5
      vertex 10.5793 24.6296 0
      vertex 10.5793 24.6296 4.5
    endloop
  endfacet
  facet normal 0.941125 0.338058 0
    outer loop
      vertex 10.5793 24.6296 0
      vertex 10.5992 24.5742 4.5
      vertex 10.5992 24.5742 0
    endloop
  endfacet
  facet normal 0.970143 0.242536 0
    outer loop
      vertex 10.6135 24.517 4.5
      vertex 10.5992 24.5742 0
      vertex 10.5992 24.5742 4.5
    endloop
  endfacet
  facet normal 0.970143 0.242536 0
    outer loop
      vertex 10.5992 24.5742 0
      vertex 10.6135 24.517 4.5
      vertex 10.6135 24.517 0
    endloop
  endfacet
  facet normal -0.595918 0.803046 0
    outer loop
      vertex -10.3583 24.8989 0
      vertex -10.4056 24.8638 4.5
      vertex -10.3583 24.8989 4.5
    endloop
  endfacet
  facet normal -0.595918 0.803046 0
    outer loop
      vertex -10.4056 24.8638 4.5
      vertex -10.3583 24.8989 0
      vertex -10.4056 24.8638 0
    endloop
  endfacet
  facet normal 0.989258 -0.146179 0
    outer loop
      vertex 10.6135 -24.517 4.5
      vertex 10.6221 -24.4588 0
      vertex 10.6221 -24.4588 4.5
    endloop
  endfacet
  facet normal 0.989258 -0.146179 0
    outer loop
      vertex 10.6221 -24.4588 0
      vertex 10.6135 -24.517 4.5
      vertex 10.6135 -24.517 0
    endloop
  endfacet
  facet normal -0.595918 -0.803046 0
    outer loop
      vertex -10.4056 -24.8638 0
      vertex -10.3583 -24.8989 4.5
      vertex -10.4056 -24.8638 4.5
    endloop
  endfacet
  facet normal -0.595918 -0.803046 -0
    outer loop
      vertex -10.3583 -24.8989 4.5
      vertex -10.4056 -24.8638 0
      vertex -10.3583 -24.8989 0
    endloop
  endfacet
  facet normal -0.242536 -0.970143 0
    outer loop
      vertex -10.1992 -24.9742 0
      vertex -10.142 -24.9885 4.5
      vertex -10.1992 -24.9742 4.5
    endloop
  endfacet
  facet normal -0.242536 -0.970143 -0
    outer loop
      vertex -10.142 -24.9885 4.5
      vertex -10.1992 -24.9742 0
      vertex -10.142 -24.9885 0
    endloop
  endfacet
  facet normal 0.941125 -0.338058 0
    outer loop
      vertex 10.5793 -24.6296 4.5
      vertex 10.5992 -24.5742 0
      vertex 10.5992 -24.5742 4.5
    endloop
  endfacet
  facet normal 0.941125 -0.338058 0
    outer loop
      vertex 10.5992 -24.5742 0
      vertex 10.5793 -24.6296 4.5
      vertex 10.5793 -24.6296 0
    endloop
  endfacet
  facet normal 0 0 1
    outer loop
      vertex -10.625 24.4 4.5
      vertex -9 24.4 4.5
      vertex -10.025 25 4.5
    endloop
  endfacet
  facet normal 0 0 1
    outer loop
      vertex -8.9971 24.4588 4.5
      vertex -10.025 25 4.5
      vertex -9 24.4 4.5
    endloop
  endfacet
  facet normal 0 0 1
    outer loop
      vertex -8.98846 24.517 4.5
      vertex -10.025 25 4.5
      vertex -8.9971 24.4588 4.5
    endloop
  endfacet
  facet normal 0 0 1
    outer loop
      vertex -8.97415 24.5742 4.5
      vertex -10.025 25 4.5
      vertex -8.98846 24.517 4.5
    endloop
  endfacet
  facet normal 0 0 1
    outer loop
      vertex -8.95432 24.6296 4.5
      vertex -10.025 25 4.5
      vertex -8.97415 24.5742 4.5
    endloop
  endfacet
  facet normal 0 0 1
    outer loop
      vertex -8.92915 24.6828 4.5
      vertex -10.025 25 4.5
      vertex -8.95432 24.6296 4.5
    endloop
  endfacet
  facet normal 0 0 1
    outer loop
      vertex -8.89888 24.7333 4.5
      vertex -10.025 25 4.5
      vertex -8.92915 24.6828 4.5
    endloop
  endfacet
  facet normal 0 0 1
    outer loop
      vertex -8.8638 24.7806 4.5
      vertex -10.025 25 4.5
      vertex -8.89888 24.7333 4.5
    endloop
  endfacet
  facet normal 0 0 1
    outer loop
      vertex -8.82426 24.8243 4.5
      vertex -10.025 25 4.5
      vertex -8.8638 24.7806 4.5
    endloop
  endfacet
  facet normal 0 0 1
    outer loop
      vertex -8.78062 24.8638 4.5
      vertex -10.025 25 4.5
      vertex -8.82426 24.8243 4.5
    endloop
  endfacet
  facet normal 0 0 1
    outer loop
      vertex -8.73334 24.8989 4.5
      vertex -10.025 25 4.5
      vertex -8.78062 24.8638 4.5
    endloop
  endfacet
  facet normal 0 0 1
    outer loop
      vertex -8.68283 24.9292 4.5
      vertex -10.025 25 4.5
      vertex -8.73334 24.8989 4.5
    endloop
  endfacet
  facet normal 0 0 1
    outer loop
      vertex -8.62961 24.9543 4.5
      vertex -10.025 25 4.5
      vertex -8.68283 24.9292 4.5
    endloop
  endfacet
  facet normal 0 0 1
    outer loop
      vertex -8.57416 24.9742 4.5
      vertex -10.025 25 4.5
      vertex -8.62961 24.9543 4.5
    endloop
  endfacet
  facet normal 0 0 1
    outer loop
      vertex -8.51704 24.9885 4.5
      vertex -10.025 25 4.5
      vertex -8.57416 24.9742 4.5
    endloop
  endfacet
  facet normal 0 0 1
    outer loop
      vertex -8.4588 24.9971 4.5
      vertex -10.025 25 4.5
      vertex -8.51704 24.9885 4.5
    endloop
  endfacet
  facet normal -0 0 1
    outer loop
      vertex -10.025 25 4.5
      vertex -8.4588 24.9971 4.5
      vertex -8.39999 25 4.5
    endloop
  endfacet
  facet normal 0 0 1
    outer loop
      vertex 8.4588 22.0029 4.5
      vertex 6.2471 19.4588 4.5
      vertex 6.25 19.4 4.5
    endloop
  endfacet
  facet normal 0 0 1
    outer loop
      vertex 8.39999 22 4.5
      vertex 6.23846 19.517 4.5
      vertex 6.2471 19.4588 4.5
    endloop
  endfacet
  facet normal 0 0 1
    outer loop
      vertex 8.39999 22 4.5
      vertex 6.22415 19.5742 4.5
      vertex 6.23846 19.517 4.5
    endloop
  endfacet
  facet normal 0 0 1
    outer loop
      vertex 8.39999 22 4.5
      vertex 6.20432 19.6296 4.5
      vertex 6.22415 19.5742 4.5
    endloop
  endfacet
  facet normal 0 0 1
    outer loop
      vertex 8.39999 22 4.5
      vertex 6.17915 19.6828 4.5
      vertex 6.20432 19.6296 4.5
    endloop
  endfacet
  facet normal 0 0 1
    outer loop
      vertex 8.39999 22 4.5
      vertex 6.14888 19.7333 4.5
      vertex 6.17915 19.6828 4.5
    endloop
  endfacet
  facet normal 0 0 1
    outer loop
      vertex 8.39999 22 4.5
      vertex 6.1138 19.7806 4.5
      vertex 6.14888 19.7333 4.5
    endloop
  endfacet
  facet normal 0 0 1
    outer loop
      vertex 8.39999 22 4.5
      vertex 6.07426 19.8243 4.5
      vertex 6.1138 19.7806 4.5
    endloop
  endfacet
  facet normal 0 0 1
    outer loop
      vertex 8.39999 22 4.5
      vertex 6.03062 19.8638 4.5
      vertex 6.07426 19.8243 4.5
    endloop
  endfacet
  facet normal 0 0 1
    outer loop
      vertex 8.39999 22 4.5
      vertex 5.98334 19.8989 4.5
      vertex 6.03062 19.8638 4.5
    endloop
  endfacet
  facet normal 0 0 1
    outer loop
      vertex 8.39999 22 4.5
      vertex 5.93283 19.9292 4.5
      vertex 5.98334 19.8989 4.5
    endloop
  endfacet
  facet normal 0 0 1
    outer loop
      vertex 8.39999 22 4.5
      vertex 5.87961 19.9543 4.5
      vertex 5.93283 19.9292 4.5
    endloop
  endfacet
  facet normal 0 0 1
    outer loop
      vertex 8.39999 22 4.5
      vertex 5.82416 19.9742 4.5
      vertex 5.87961 19.9543 4.5
    endloop
  endfacet
  facet normal 0 0 1
    outer loop
      vertex 8.39999 22 4.5
      vertex 5.76704 19.9885 4.5
      vertex 5.82416 19.9742 4.5
    endloop
  endfacet
  facet normal 0 0 1
    outer loop
      vertex 8.39999 22 4.5
      vertex 5.7088 19.9971 4.5
      vertex 5.76704 19.9885 4.5
    endloop
  endfacet
  facet normal 0 0 1
    outer loop
      vertex 8.39999 22 4.5
      vertex 5.64999 20 4.5
      vertex 5.7088 19.9971 4.5
    endloop
  endfacet
  facet normal 0 0 1
    outer loop
      vertex 8.39999 22 4.5
      vertex -5.64999 20 4.5
      vertex 5.64999 20 4.5
    endloop
  endfacet
  facet normal -0 0 1
    outer loop
      vertex -8.39999 22 4.5
      vertex -5.64999 20 4.5
      vertex 8.39999 22 4.5
    endloop
  endfacet
  facet normal 0 0 1
    outer loop
      vertex -6.2471 19.4588 4.5
      vertex -8.4588 22.0029 4.5
      vertex -6.25 19.4 4.5
    endloop
  endfacet
  facet normal 0 0 1
    outer loop
      vertex -8.4588 22.0029 4.5
      vertex -6.2471 19.4588 4.5
      vertex -8.39999 22 4.5
    endloop
  endfacet
  facet normal 0 0 1
    outer loop
      vertex -6.23846 19.517 4.5
      vertex -8.39999 22 4.5
      vertex -6.2471 19.4588 4.5
    endloop
  endfacet
  facet normal 0 0 1
    outer loop
      vertex -6.22415 19.5742 4.5
      vertex -8.39999 22 4.5
      vertex -6.23846 19.517 4.5
    endloop
  endfacet
  facet normal 0 0 1
    outer loop
      vertex -6.20432 19.6296 4.5
      vertex -8.39999 22 4.5
      vertex -6.22415 19.5742 4.5
    endloop
  endfacet
  facet normal 0 0 1
    outer loop
      vertex -6.17915 19.6828 4.5
      vertex -8.39999 22 4.5
      vertex -6.20432 19.6296 4.5
    endloop
  endfacet
  facet normal 0 0 1
    outer loop
      vertex -6.14888 19.7333 4.5
      vertex -8.39999 22 4.5
      vertex -6.17915 19.6828 4.5
    endloop
  endfacet
  facet normal 0 0 1
    outer loop
      vertex -6.1138 19.7806 4.5
      vertex -8.39999 22 4.5
      vertex -6.14888 19.7333 4.5
    endloop
  endfacet
  facet normal 0 0 1
    outer loop
      vertex -6.07426 19.8243 4.5
      vertex -8.39999 22 4.5
      vertex -6.1138 19.7806 4.5
    endloop
  endfacet
  facet normal 0 0 1
    outer loop
      vertex -6.03062 19.8638 4.5
      vertex -8.39999 22 4.5
      vertex -6.07426 19.8243 4.5
    endloop
  endfacet
  facet normal 0 0 1
    outer loop
      vertex -5.98334 19.8989 4.5
      vertex -8.39999 22 4.5
      vertex -6.03062 19.8638 4.5
    endloop
  endfacet
  facet normal 0 0 1
    outer loop
      vertex -5.93283 19.9292 4.5
      vertex -8.39999 22 4.5
      vertex -5.98334 19.8989 4.5
    endloop
  endfacet
  facet normal 0 0 1
    outer loop
      vertex -5.87961 19.9543 4.5
      vertex -8.39999 22 4.5
      vertex -5.93283 19.9292 4.5
    endloop
  endfacet
  facet normal 0 0 1
    outer loop
      vertex -5.82416 19.9742 4.5
      vertex -8.39999 22 4.5
      vertex -5.87961 19.9543 4.5
    endloop
  endfacet
  facet normal 0 0 1
    outer loop
      vertex -5.76704 19.9885 4.5
      vertex -8.39999 22 4.5
      vertex -5.82416 19.9742 4.5
    endloop
  endfacet
  facet normal 0 0 1
    outer loop
      vertex -5.7088 19.9971 4.5
      vertex -8.39999 22 4.5
      vertex -5.76704 19.9885 4.5
    endloop
  endfacet
  facet normal 0 0 1
    outer loop
      vertex -5.64999 20 4.5
      vertex -8.39999 22 4.5
      vertex -5.7088 19.9971 4.5
    endloop
  endfacet
  facet normal 0 0 1
    outer loop
      vertex 10.025 25 4.5
      vertex 10.625 24.4 4.5
      vertex 10.6221 24.4588 4.5
    endloop
  endfacet
  facet normal 0 0 1
    outer loop
      vertex 10.625 24.4 4.5
      vertex 8.89888 22.2667 4.5
      vertex 10.625 -24.4 4.5
    endloop
  endfacet
  facet normal 0 0 1
    outer loop
      vertex 10.025 25 4.5
      vertex 10.6221 24.4588 4.5
      vertex 10.6135 24.517 4.5
    endloop
  endfacet
  facet normal -0 0 1
    outer loop
      vertex 8.8638 22.2194 4.5
      vertex 10.625 -24.4 4.5
      vertex 8.89888 22.2667 4.5
    endloop
  endfacet
  facet normal 0 0 1
    outer loop
      vertex 10.025 25 4.5
      vertex 10.6135 24.517 4.5
      vertex 10.5992 24.5742 4.5
    endloop
  endfacet
  facet normal -0 0 1
    outer loop
      vertex 8.82426 22.1757 4.5
      vertex 10.625 -24.4 4.5
      vertex 8.8638 22.2194 4.5
    endloop
  endfacet
  facet normal 0 0 1
    outer loop
      vertex 10.025 25 4.5
      vertex 10.5992 24.5742 4.5
      vertex 10.5793 24.6296 4.5
    endloop
  endfacet
  facet normal -0 0 1
    outer loop
      vertex 6.25 19.4 4.5
      vertex 10.625 -24.4 4.5
      vertex 8.82426 22.1757 4.5
    endloop
  endfacet
  facet normal 0 0 1
    outer loop
      vertex 10.025 25 4.5
      vertex 10.5793 24.6296 4.5
      vertex 10.5542 24.6828 4.5
    endloop
  endfacet
  facet normal -0 0 1
    outer loop
      vertex 6.25 -22.4 4.5
      vertex 10.625 -24.4 4.5
      vertex 6.25 19.4 4.5
    endloop
  endfacet
  facet normal 0 0 1
    outer loop
      vertex 10.025 25 4.5
      vertex 10.5542 24.6828 4.5
      vertex 10.5239 24.7333 4.5
    endloop
  endfacet
  facet normal 0 0 1
    outer loop
      vertex 10.625 24.4 4.5
      vertex 8.92915 22.3172 4.5
      vertex 8.89888 22.2667 4.5
    endloop
  endfacet
  facet normal 0 0 1
    outer loop
      vertex 10.025 25 4.5
      vertex 10.5239 24.7333 4.5
      vertex 10.4888 24.7806 4.5
    endloop
  endfacet
  facet normal -0 0 1
    outer loop
      vertex 6.2471 -22.4588 4.5
      vertex 10.625 -24.4 4.5
      vertex 6.25 -22.4 4.5
    endloop
  endfacet
  facet normal 0 0 1
    outer loop
      vertex 10.025 25 4.5
      vertex 10.4888 24.7806 4.5
      vertex 10.4493 24.8243 4.5
    endloop
  endfacet
  facet normal -0 0 1
    outer loop
      vertex 6.23846 -22.517 4.5
      vertex 10.625 -24.4 4.5
      vertex 6.2471 -22.4588 4.5
    endloop
  endfacet
  facet normal 0 0 1
    outer loop
      vertex 10.025 25 4.5
      vertex 10.4493 24.8243 4.5
      vertex 10.4056 24.8638 4.5
    endloop
  endfacet
  facet normal 0 -0 1
    outer loop
      vertex 10.025 -25 4.5
      vertex 10.625 -24.4 4.5
      vertex 6.23846 -22.517 4.5
    endloop
  endfacet
  facet normal 0 0 1
    outer loop
      vertex 10.025 25 4.5
      vertex 10.4056 24.8638 4.5
      vertex 10.3583 24.8989 4.5
    endloop
  endfacet
  facet normal 0 0 1
    outer loop
      vertex 10.6221 -24.4588 4.5
      vertex 10.025 -25 4.5
      vertex 10.6135 -24.517 4.5
    endloop
  endfacet
  facet normal 0 0 1
    outer loop
      vertex 10.025 25 4.5
      vertex 10.3583 24.8989 4.5
      vertex 10.3078 24.9292 4.5
    endloop
  endfacet
  facet normal 0 0 1
    outer loop
      vertex 10.6135 -24.517 4.5
      vertex 10.025 -25 4.5
      vertex 10.5992 -24.5742 4.5
    endloop
  endfacet
  facet normal 0 0 1
    outer loop
      vertex 10.025 25 4.5
      vertex 10.3078 24.9292 4.5
      vertex 10.2546 24.9543 4.5
    endloop
  endfacet
  facet normal 0 0 1
    outer loop
      vertex 10.625 24.4 4.5
      vertex 8.95432 22.3704 4.5
      vertex 8.92915 22.3172 4.5
    endloop
  endfacet
  facet normal 0 0 1
    outer loop
      vertex 10.025 25 4.5
      vertex 10.2546 24.9543 4.5
      vertex 10.1992 24.9742 4.5
    endloop
  endfacet
  facet normal 0 0 1
    outer loop
      vertex 10.5793 -24.6296 4.5
      vertex 10.025 -25 4.5
      vertex 10.5542 -24.6828 4.5
    endloop
  endfacet
  facet normal 0 0 1
    outer loop
      vertex 10.025 25 4.5
      vertex 10.1992 24.9742 4.5
      vertex 10.142 24.9885 4.5
    endloop
  endfacet
  facet normal 0 0 1
    outer loop
      vertex 10.5542 -24.6828 4.5
      vertex 10.025 -25 4.5
      vertex 10.5239 -24.7333 4.5
    endloop
  endfacet
  facet normal 0 0 1
    outer loop
      vertex 10.025 25 4.5
      vertex 10.142 24.9885 4.5
      vertex 10.0838 24.9971 4.5
    endloop
  endfacet
  facet normal 0 0 1
    outer loop
      vertex 10.5239 -24.7333 4.5
      vertex 10.025 -25 4.5
      vertex 10.4888 -24.7806 4.5
    endloop
  endfacet
  facet normal 0 0 1
    outer loop
      vertex 10.625 24.4 4.5
      vertex 10.025 25 4.5
      vertex 9 24.4 4.5
    endloop
  endfacet
  facet normal 0 0 1
    outer loop
      vertex 10.4888 -24.7806 4.5
      vertex 10.025 -25 4.5
      vertex 10.4493 -24.8243 4.5
    endloop
  endfacet
  facet normal 0 0 1
    outer loop
      vertex 10.625 24.4 4.5
      vertex 9 24.4 4.5
      vertex 9 22.6 4.5
    endloop
  endfacet
  facet normal 0 0 1
    outer loop
      vertex 10.025 25 4.5
      vertex 8.9971 24.4588 4.5
      vertex 9 24.4 4.5
    endloop
  endfacet
  facet normal 0 0 1
    outer loop
      vertex 10.025 25 4.5
      vertex 8.98846 24.517 4.5
      vertex 8.9971 24.4588 4.5
    endloop
  endfacet
  facet normal 0 0 1
    outer loop
      vertex 10.025 25 4.5
      vertex 8.97415 24.5742 4.5
      vertex 8.98846 24.517 4.5
    endloop
  endfacet
  facet normal 0 0 1
    outer loop
      vertex 10.025 25 4.5
      vertex 8.95432 24.6296 4.5
      vertex 8.97415 24.5742 4.5
    endloop
  endfacet
  facet normal 0 0 1
    outer loop
      vertex 10.025 25 4.5
      vertex 8.92915 24.6828 4.5
      vertex 8.95432 24.6296 4.5
    endloop
  endfacet
  facet normal 0 0 1
    outer loop
      vertex 10.025 25 4.5
      vertex 8.89888 24.7333 4.5
      vertex 8.92915 24.6828 4.5
    endloop
  endfacet
  facet normal 0 0 1
    outer loop
      vertex 10.025 25 4.5
      vertex 8.8638 24.7806 4.5
      vertex 8.89888 24.7333 4.5
    endloop
  endfacet
  facet normal 0 0 1
    outer loop
      vertex 10.025 25 4.5
      vertex 8.82426 24.8243 4.5
      vertex 8.8638 24.7806 4.5
    endloop
  endfacet
  facet normal 0 0 1
    outer loop
      vertex 10.025 25 4.5
      vertex 8.78062 24.8638 4.5
      vertex 8.82426 24.8243 4.5
    endloop
  endfacet
  facet normal 0 0 1
    outer loop
      vertex 10.025 25 4.5
      vertex 8.73334 24.8989 4.5
      vertex 8.78062 24.8638 4.5
    endloop
  endfacet
  facet normal 0 0 1
    outer loop
      vertex 10.025 25 4.5
      vertex 8.68283 24.9292 4.5
      vertex 8.73334 24.8989 4.5
    endloop
  endfacet
  facet normal 0 0 1
    outer loop
      vertex 10.025 25 4.5
      vertex 8.62961 24.9543 4.5
      vertex 8.68283 24.9292 4.5
    endloop
  endfacet
  facet normal 0 0 1
    outer loop
      vertex 10.025 25 4.5
      vertex 8.57416 24.9742 4.5
      vertex 8.62961 24.9543 4.5
    endloop
  endfacet
  facet normal 0 0 1
    outer loop
      vertex 10.025 25 4.5
      vertex 8.51704 24.9885 4.5
      vertex 8.57416 24.9742 4.5
    endloop
  endfacet
  facet normal 0 0 1
    outer loop
      vertex 10.025 25 4.5
      vertex 8.4588 24.9971 4.5
      vertex 8.51704 24.9885 4.5
    endloop
  endfacet
  facet normal 0 -0 1
    outer loop
      vertex 8.4588 24.9971 4.5
      vertex 10.025 25 4.5
      vertex 8.39999 25 4.5
    endloop
  endfacet
  facet normal 0 0 1
    outer loop
      vertex 10.625 24.4 4.5
      vertex 9 22.6 4.5
      vertex 8.9971 22.5412 4.5
    endloop
  endfacet
  facet normal 0 0 1
    outer loop
      vertex 10.625 24.4 4.5
      vertex 8.9971 22.5412 4.5
      vertex 8.98846 22.483 4.5
    endloop
  endfacet
  facet normal 0 0 1
    outer loop
      vertex 10.625 24.4 4.5
      vertex 8.98846 22.483 4.5
      vertex 8.97415 22.4258 4.5
    endloop
  endfacet
  facet normal 0 0 1
    outer loop
      vertex 10.625 24.4 4.5
      vertex 8.97415 22.4258 4.5
      vertex 8.95432 22.3704 4.5
    endloop
  endfacet
  facet normal 0 0 1
    outer loop
      vertex 10.4493 -24.8243 4.5
      vertex 10.025 -25 4.5
      vertex 10.4056 -24.8638 4.5
    endloop
  endfacet
  facet normal 0 0 1
    outer loop
      vertex 10.4056 -24.8638 4.5
      vertex 10.025 -25 4.5
      vertex 10.3583 -24.8989 4.5
    endloop
  endfacet
  facet normal 0 0 1
    outer loop
      vertex 10.3583 -24.8989 4.5
      vertex 10.025 -25 4.5
      vertex 10.3078 -24.9292 4.5
    endloop
  endfacet
  facet normal 0 0 1
    outer loop
      vertex 10.3078 -24.9292 4.5
      vertex 10.025 -25 4.5
      vertex 10.2546 -24.9543 4.5
    endloop
  endfacet
  facet normal 0 0 1
    outer loop
      vertex 10.2546 -24.9543 4.5
      vertex 10.025 -25 4.5
      vertex 10.1992 -24.9742 4.5
    endloop
  endfacet
  facet normal 0 0 1
    outer loop
      vertex 6.25 19.4 4.5
      vertex 8.82426 22.1757 4.5
      vertex 8.78062 22.1362 4.5
    endloop
  endfacet
  facet normal 0 0 1
    outer loop
      vertex 6.25 19.4 4.5
      vertex 8.78062 22.1362 4.5
      vertex 8.73334 22.1011 4.5
    endloop
  endfacet
  facet normal 0 0 1
    outer loop
      vertex 6.25 19.4 4.5
      vertex 8.73334 22.1011 4.5
      vertex 8.68283 22.0708 4.5
    endloop
  endfacet
  facet normal 0 0 1
    outer loop
      vertex 6.25 19.4 4.5
      vertex 8.68283 22.0708 4.5
      vertex 8.62961 22.0457 4.5
    endloop
  endfacet
  facet normal 0 0 1
    outer loop
      vertex 6.25 19.4 4.5
      vertex 8.62961 22.0457 4.5
      vertex 8.57416 22.0258 4.5
    endloop
  endfacet
  facet normal 0 0 1
    outer loop
      vertex 6.25 19.4 4.5
      vertex 8.57416 22.0258 4.5
      vertex 8.51704 22.0115 4.5
    endloop
  endfacet
  facet normal 0 0 1
    outer loop
      vertex 6.25 19.4 4.5
      vertex 8.51704 22.0115 4.5
      vertex 8.4588 22.0029 4.5
    endloop
  endfacet
  facet normal 0 0 1
    outer loop
      vertex 6.2471 19.4588 4.5
      vertex 8.4588 22.0029 4.5
      vertex 8.39999 22 4.5
    endloop
  endfacet
  facet normal 0 0 1
    outer loop
      vertex 10.1992 -24.9742 4.5
      vertex 10.025 -25 4.5
      vertex 10.142 -24.9885 4.5
    endloop
  endfacet
  facet normal 0 0 1
    outer loop
      vertex 10.142 -24.9885 4.5
      vertex 10.025 -25 4.5
      vertex 10.0838 -24.9971 4.5
    endloop
  endfacet
  facet normal 0 0 1
    outer loop
      vertex 10.5992 -24.5742 4.5
      vertex 10.025 -25 4.5
      vertex 10.5793 -24.6296 4.5
    endloop
  endfacet
  facet normal 0 0 1
    outer loop
      vertex 10.625 -24.4 4.5
      vertex 10.025 -25 4.5
      vertex 10.6221 -24.4588 4.5
    endloop
  endfacet
  facet normal -0 0 1
    outer loop
      vertex 6.22415 -22.5742 4.5
      vertex 10.025 -25 4.5
      vertex 6.23846 -22.517 4.5
    endloop
  endfacet
  facet normal -0 0 1
    outer loop
      vertex 6.20432 -22.6296 4.5
      vertex 10.025 -25 4.5
      vertex 6.22415 -22.5742 4.5
    endloop
  endfacet
  facet normal -0 0 1
    outer loop
      vertex 6.17915 -22.6828 4.5
      vertex 10.025 -25 4.5
      vertex 6.20432 -22.6296 4.5
    endloop
  endfacet
  facet normal -0 0 1
    outer loop
      vertex 6.14888 -22.7333 4.5
      vertex 10.025 -25 4.5
      vertex 6.17915 -22.6828 4.5
    endloop
  endfacet
  facet normal -0 0 1
    outer loop
      vertex 6.1138 -22.7806 4.5
      vertex 10.025 -25 4.5
      vertex 6.14888 -22.7333 4.5
    endloop
  endfacet
  facet normal -0 0 1
    outer loop
      vertex 6.07426 -22.8243 4.5
      vertex 10.025 -25 4.5
      vertex 6.1138 -22.7806 4.5
    endloop
  endfacet
  facet normal -0 0 1
    outer loop
      vertex 6.03062 -22.8638 4.5
      vertex 10.025 -25 4.5
      vertex 6.07426 -22.8243 4.5
    endloop
  endfacet
  facet normal -0 0 1
    outer loop
      vertex 5.98334 -22.8989 4.5
      vertex 10.025 -25 4.5
      vertex 6.03062 -22.8638 4.5
    endloop
  endfacet
  facet normal -0 0 1
    outer loop
      vertex 5.93283 -22.9292 4.5
      vertex 10.025 -25 4.5
      vertex 5.98334 -22.8989 4.5
    endloop
  endfacet
  facet normal -0 0 1
    outer loop
      vertex 5.87961 -22.9543 4.5
      vertex 10.025 -25 4.5
      vertex 5.93283 -22.9292 4.5
    endloop
  endfacet
  facet normal -0 0 1
    outer loop
      vertex 5.82416 -22.9742 4.5
      vertex 10.025 -25 4.5
      vertex 5.87961 -22.9543 4.5
    endloop
  endfacet
  facet normal -0 0 1
    outer loop
      vertex 5.76704 -22.9885 4.5
      vertex 10.025 -25 4.5
      vertex 5.82416 -22.9742 4.5
    endloop
  endfacet
  facet normal -0 0 1
    outer loop
      vertex 5.7088 -22.9971 4.5
      vertex 10.025 -25 4.5
      vertex 5.76704 -22.9885 4.5
    endloop
  endfacet
  facet normal -0 0 1
    outer loop
      vertex 5.64999 -23 4.5
      vertex 10.025 -25 4.5
      vertex 5.7088 -22.9971 4.5
    endloop
  endfacet
  facet normal -0 0 1
    outer loop
      vertex -5.64999 -23 4.5
      vertex 10.025 -25 4.5
      vertex 5.64999 -23 4.5
    endloop
  endfacet
  facet normal 0 0 1
    outer loop
      vertex -10.025 -25 4.5
      vertex -5.64999 -23 4.5
      vertex -5.7088 -22.9971 4.5
    endloop
  endfacet
  facet normal 0 0 1
    outer loop
      vertex -8.51704 22.0115 4.5
      vertex -6.25 19.4 4.5
      vertex -8.4588 22.0029 4.5
    endloop
  endfacet
  facet normal 0 0 1
    outer loop
      vertex -8.57416 22.0258 4.5
      vertex -6.25 19.4 4.5
      vertex -8.51704 22.0115 4.5
    endloop
  endfacet
  facet normal 0 0 1
    outer loop
      vertex -8.62961 22.0457 4.5
      vertex -6.25 19.4 4.5
      vertex -8.57416 22.0258 4.5
    endloop
  endfacet
  facet normal 0 0 1
    outer loop
      vertex -8.68283 22.0708 4.5
      vertex -6.25 19.4 4.5
      vertex -8.62961 22.0457 4.5
    endloop
  endfacet
  facet normal 0 0 1
    outer loop
      vertex -6.25 19.4 4.5
      vertex -10.625 -24.4 4.5
      vertex -6.25 -22.4 4.5
    endloop
  endfacet
  facet normal 0 0 1
    outer loop
      vertex -8.73334 22.1011 4.5
      vertex -6.25 19.4 4.5
      vertex -8.68283 22.0708 4.5
    endloop
  endfacet
  facet normal 0 0 1
    outer loop
      vertex -8.78062 22.1362 4.5
      vertex -6.25 19.4 4.5
      vertex -8.73334 22.1011 4.5
    endloop
  endfacet
  facet normal 0 0 1
    outer loop
      vertex -8.82426 22.1757 4.5
      vertex -6.25 19.4 4.5
      vertex -8.78062 22.1362 4.5
    endloop
  endfacet
  facet normal 0 0 1
    outer loop
      vertex -6.25 19.4 4.5
      vertex -8.82426 22.1757 4.5
      vertex -10.625 -24.4 4.5
    endloop
  endfacet
  facet normal 0 0 1
    outer loop
      vertex -10.625 -24.4 4.5
      vertex -8.82426 22.1757 4.5
      vertex -8.8638 22.2194 4.5
    endloop
  endfacet
  facet normal 0 0 1
    outer loop
      vertex -10.625 -24.4 4.5
      vertex -8.8638 22.2194 4.5
      vertex -8.89888 22.2667 4.5
    endloop
  endfacet
  facet normal 0 0 1
    outer loop
      vertex -10.625 24.4 4.5
      vertex -8.89888 22.2667 4.5
      vertex -8.92915 22.3172 4.5
    endloop
  endfacet
  facet normal 0 0 1
    outer loop
      vertex -10.625 24.4 4.5
      vertex -8.92915 22.3172 4.5
      vertex -8.95432 22.3704 4.5
    endloop
  endfacet
  facet normal 0 0 1
    outer loop
      vertex -10.625 24.4 4.5
      vertex -8.95432 22.3704 4.5
      vertex -8.97415 22.4258 4.5
    endloop
  endfacet
  facet normal 0 0 1
    outer loop
      vertex -10.625 24.4 4.5
      vertex -8.97415 22.4258 4.5
      vertex -8.98846 22.483 4.5
    endloop
  endfacet
  facet normal 0 0 1
    outer loop
      vertex -10.625 24.4 4.5
      vertex -8.98846 22.483 4.5
      vertex -8.9971 22.5412 4.5
    endloop
  endfacet
  facet normal 0 0 1
    outer loop
      vertex -9 24.4 4.5
      vertex -10.625 24.4 4.5
      vertex -9 22.6 4.5
    endloop
  endfacet
  facet normal 0 0 1
    outer loop
      vertex -9 22.6 4.5
      vertex -10.625 24.4 4.5
      vertex -8.9971 22.5412 4.5
    endloop
  endfacet
  facet normal 0 0 1
    outer loop
      vertex -5.64999 -23 4.5
      vertex -10.025 -25 4.5
      vertex 10.025 -25 4.5
    endloop
  endfacet
  facet normal 0 0 1
    outer loop
      vertex -5.76704 -22.9885 4.5
      vertex -10.025 -25 4.5
      vertex -5.7088 -22.9971 4.5
    endloop
  endfacet
  facet normal 0 0 1
    outer loop
      vertex -5.82416 -22.9742 4.5
      vertex -10.025 -25 4.5
      vertex -5.76704 -22.9885 4.5
    endloop
  endfacet
  facet normal 0 0 1
    outer loop
      vertex -5.87961 -22.9543 4.5
      vertex -10.025 -25 4.5
      vertex -5.82416 -22.9742 4.5
    endloop
  endfacet
  facet normal 0 0 1
    outer loop
      vertex -5.93283 -22.9292 4.5
      vertex -10.025 -25 4.5
      vertex -5.87961 -22.9543 4.5
    endloop
  endfacet
  facet normal 0 0 1
    outer loop
      vertex -5.98334 -22.8989 4.5
      vertex -10.025 -25 4.5
      vertex -5.93283 -22.9292 4.5
    endloop
  endfacet
  facet normal 0 0 1
    outer loop
      vertex -6.03062 -22.8638 4.5
      vertex -10.025 -25 4.5
      vertex -5.98334 -22.8989 4.5
    endloop
  endfacet
  facet normal 0 0 1
    outer loop
      vertex -6.07426 -22.8243 4.5
      vertex -10.025 -25 4.5
      vertex -6.03062 -22.8638 4.5
    endloop
  endfacet
  facet normal 0 0 1
    outer loop
      vertex -6.1138 -22.7806 4.5
      vertex -10.025 -25 4.5
      vertex -6.07426 -22.8243 4.5
    endloop
  endfacet
  facet normal 0 0 1
    outer loop
      vertex -6.14888 -22.7333 4.5
      vertex -10.025 -25 4.5
      vertex -6.1138 -22.7806 4.5
    endloop
  endfacet
  facet normal 0 0 1
    outer loop
      vertex -6.17915 -22.6828 4.5
      vertex -10.025 -25 4.5
      vertex -6.14888 -22.7333 4.5
    endloop
  endfacet
  facet normal 0 0 1
    outer loop
      vertex -6.20432 -22.6296 4.5
      vertex -10.025 -25 4.5
      vertex -6.17915 -22.6828 4.5
    endloop
  endfacet
  facet normal 0 0 1
    outer loop
      vertex -6.22415 -22.5742 4.5
      vertex -10.025 -25 4.5
      vertex -6.20432 -22.6296 4.5
    endloop
  endfacet
  facet normal 0 0 1
    outer loop
      vertex -6.23846 -22.517 4.5
      vertex -10.025 -25 4.5
      vertex -6.22415 -22.5742 4.5
    endloop
  endfacet
  facet normal 0 0 1
    outer loop
      vertex -10.625 -24.4 4.5
      vertex -6.23846 -22.517 4.5
      vertex -6.2471 -22.4588 4.5
    endloop
  endfacet
  facet normal 0 0 1
    outer loop
      vertex -8.89888 22.2667 4.5
      vertex -10.625 24.4 4.5
      vertex -10.625 -24.4 4.5
    endloop
  endfacet
  facet normal 0 0 1
    outer loop
      vertex -10.625 24.4 4.5
      vertex -10.025 25 4.5
      vertex -10.0838 24.9971 4.5
    endloop
  endfacet
  facet normal 0 0 1
    outer loop
      vertex -6.25 -22.4 4.5
      vertex -10.625 -24.4 4.5
      vertex -6.2471 -22.4588 4.5
    endloop
  endfacet
  facet normal 0 0 1
    outer loop
      vertex -10.625 24.4 4.5
      vertex -10.0838 24.9971 4.5
      vertex -10.142 24.9885 4.5
    endloop
  endfacet
  facet normal 0 0 1
    outer loop
      vertex -6.23846 -22.517 4.5
      vertex -10.625 -24.4 4.5
      vertex -10.025 -25 4.5
    endloop
  endfacet
  facet normal 0 0 1
    outer loop
      vertex -10.625 24.4 4.5
      vertex -10.142 24.9885 4.5
      vertex -10.1992 24.9742 4.5
    endloop
  endfacet
  facet normal 0 0 1
    outer loop
      vertex -10.025 -25 4.5
      vertex -10.625 -24.4 4.5
      vertex -10.0838 -24.9971 4.5
    endloop
  endfacet
  facet normal 0 0 1
    outer loop
      vertex -10.625 24.4 4.5
      vertex -10.1992 24.9742 4.5
      vertex -10.2546 24.9543 4.5
    endloop
  endfacet
  facet normal 0 0 1
    outer loop
      vertex -10.0838 -24.9971 4.5
      vertex -10.625 -24.4 4.5
      vertex -10.142 -24.9885 4.5
    endloop
  endfacet
  facet normal 0 0 1
    outer loop
      vertex -10.625 24.4 4.5
      vertex -10.2546 24.9543 4.5
      vertex -10.3078 24.9292 4.5
    endloop
  endfacet
  facet normal 0 0 1
    outer loop
      vertex -10.142 -24.9885 4.5
      vertex -10.625 -24.4 4.5
      vertex -10.1992 -24.9742 4.5
    endloop
  endfacet
  facet normal 0 0 1
    outer loop
      vertex -10.625 24.4 4.5
      vertex -10.3078 24.9292 4.5
      vertex -10.3583 24.8989 4.5
    endloop
  endfacet
  facet normal 0 0 1
    outer loop
      vertex -10.1992 -24.9742 4.5
      vertex -10.625 -24.4 4.5
      vertex -10.2546 -24.9543 4.5
    endloop
  endfacet
  facet normal 0 0 1
    outer loop
      vertex -10.625 24.4 4.5
      vertex -10.3583 24.8989 4.5
      vertex -10.4056 24.8638 4.5
    endloop
  endfacet
  facet normal 0 0 1
    outer loop
      vertex -10.2546 -24.9543 4.5
      vertex -10.625 -24.4 4.5
      vertex -10.3078 -24.9292 4.5
    endloop
  endfacet
  facet normal 0 0 1
    outer loop
      vertex -10.625 24.4 4.5
      vertex -10.4056 24.8638 4.5
      vertex -10.4493 24.8243 4.5
    endloop
  endfacet
  facet normal 0 0 1
    outer loop
      vertex -10.3078 -24.9292 4.5
      vertex -10.625 -24.4 4.5
      vertex -10.3583 -24.8989 4.5
    endloop
  endfacet
  facet normal 0 0 1
    outer loop
      vertex -10.625 24.4 4.5
      vertex -10.4493 24.8243 4.5
      vertex -10.4888 24.7806 4.5
    endloop
  endfacet
  facet normal 0 0 1
    outer loop
      vertex -10.3583 -24.8989 4.5
      vertex -10.625 -24.4 4.5
      vertex -10.4056 -24.8638 4.5
    endloop
  endfacet
  facet normal 0 0 1
    outer loop
      vertex -10.625 24.4 4.5
      vertex -10.4888 24.7806 4.5
      vertex -10.5239 24.7333 4.5
    endloop
  endfacet
  facet normal 0 0 1
    outer loop
      vertex -10.4056 -24.8638 4.5
      vertex -10.625 -24.4 4.5
      vertex -10.4493 -24.8243 4.5
    endloop
  endfacet
  facet normal 0 0 1
    outer loop
      vertex -10.625 24.4 4.5
      vertex -10.5239 24.7333 4.5
      vertex -10.5542 24.6828 4.5
    endloop
  endfacet
  facet normal 0 0 1
    outer loop
      vertex -10.4493 -24.8243 4.5
      vertex -10.625 -24.4 4.5
      vertex -10.4888 -24.7806 4.5
    endloop
  endfacet
  facet normal 0 0 1
    outer loop
      vertex -10.625 24.4 4.5
      vertex -10.5542 24.6828 4.5
      vertex -10.5793 24.6296 4.5
    endloop
  endfacet
  facet normal 0 0 1
    outer loop
      vertex -10.4888 -24.7806 4.5
      vertex -10.625 -24.4 4.5
      vertex -10.5239 -24.7333 4.5
    endloop
  endfacet
  facet normal 0 0 1
    outer loop
      vertex -10.625 24.4 4.5
      vertex -10.5793 24.6296 4.5
      vertex -10.5992 24.5742 4.5
    endloop
  endfacet
  facet normal 0 0 1
    outer loop
      vertex -10.5239 -24.7333 4.5
      vertex -10.625 -24.4 4.5
      vertex -10.5542 -24.6828 4.5
    endloop
  endfacet
  facet normal 0 0 1
    outer loop
      vertex -10.625 24.4 4.5
      vertex -10.5992 24.5742 4.5
      vertex -10.6135 24.517 4.5
    endloop
  endfacet
  facet normal 0 0 1
    outer loop
      vertex -10.5542 -24.6828 4.5
      vertex -10.625 -24.4 4.5
      vertex -10.5793 -24.6296 4.5
    endloop
  endfacet
  facet normal 0 0 1
    outer loop
      vertex -10.625 24.4 4.5
      vertex -10.6135 24.517 4.5
      vertex -10.6221 24.4588 4.5
    endloop
  endfacet
  facet normal 0 0 1
    outer loop
      vertex -10.5793 -24.6296 4.5
      vertex -10.625 -24.4 4.5
      vertex -10.5992 -24.5742 4.5
    endloop
  endfacet
  facet normal 0 0 1
    outer loop
      vertex -10.5992 -24.5742 4.5
      vertex -10.625 -24.4 4.5
      vertex -10.6135 -24.517 4.5
    endloop
  endfacet
  facet normal 0 0 1
    outer loop
      vertex -10.6135 -24.517 4.5
      vertex -10.625 -24.4 4.5
      vertex -10.6221 -24.4588 4.5
    endloop
  endfacet
  facet normal 0 0 -1
    outer loop
      vertex 2.05742 -16.8559 0
      vertex 10.625 -24.4 0
      vertex 2.10869 -17.0606 0
    endloop
  endfacet
  facet normal 0 0 -1
    outer loop
      vertex 10.625 24.4 0
      vertex 2.13965 17.2693 0
      vertex 2.15 17.48 0
    endloop
  endfacet
  facet normal 0 0 -1
    outer loop
      vertex 1.98634 -16.6572 0
      vertex 10.625 -24.4 0
      vertex 2.05742 -16.8559 0
    endloop
  endfacet
  facet normal 0 0 -1
    outer loop
      vertex 10.625 24.4 0
      vertex 2.10869 17.0606 0
      vertex 2.13965 17.2693 0
    endloop
  endfacet
  facet normal 0 0 -1
    outer loop
      vertex 1.89613 -16.4665 0
      vertex 10.625 -24.4 0
      vertex 1.98634 -16.6572 0
    endloop
  endfacet
  facet normal 0 0 -1
    outer loop
      vertex 10.625 24.4 0
      vertex 2.05742 16.8559 0
      vertex 2.10869 17.0606 0
    endloop
  endfacet
  facet normal 0 0 -1
    outer loop
      vertex 1.78766 -16.2855 0
      vertex 10.625 -24.4 0
      vertex 1.89613 -16.4665 0
    endloop
  endfacet
  facet normal 0 0 -1
    outer loop
      vertex 10.625 24.4 0
      vertex 1.98634 16.6572 0
      vertex 2.05742 16.8559 0
    endloop
  endfacet
  facet normal 0 0 -1
    outer loop
      vertex 10.625 -24.4 0
      vertex 1.78766 -16.2855 0
      vertex 10.625 24.4 0
    endloop
  endfacet
  facet normal 0 0 -1
    outer loop
      vertex 10.625 24.4 0
      vertex 1.89613 16.4665 0
      vertex 1.98634 16.6572 0
    endloop
  endfacet
  facet normal 0 0 -1
    outer loop
      vertex 1.78766 16.2855 0
      vertex 10.625 24.4 0
      vertex 1.78766 -16.2855 0
    endloop
  endfacet
  facet normal 0 0 -1
    outer loop
      vertex 10.625 24.4 0
      vertex 1.78766 16.2855 0
      vertex 1.89613 16.4665 0
    endloop
  endfacet
  facet normal 0 0 -1
    outer loop
      vertex 1.66197 -16.1161 0
      vertex 1.78766 16.2855 0
      vertex 1.78766 -16.2855 0
    endloop
  endfacet
  facet normal 0 0 -1
    outer loop
      vertex 1.66197 -16.1161 0
      vertex 1.66197 16.1161 0
      vertex 1.78766 16.2855 0
    endloop
  endfacet
  facet normal 0 0 -1
    outer loop
      vertex 1.52028 -15.9597 0
      vertex 1.66197 16.1161 0
      vertex 1.66197 -16.1161 0
    endloop
  endfacet
  facet normal 0 0 -1
    outer loop
      vertex 1.52028 -15.9597 0
      vertex 1.52028 15.9597 0
      vertex 1.66197 16.1161 0
    endloop
  endfacet
  facet normal 0 0 -1
    outer loop
      vertex 1.36395 -15.818 0
      vertex 1.52028 15.9597 0
      vertex 1.52028 -15.9597 0
    endloop
  endfacet
  facet normal 0 0 -1
    outer loop
      vertex 1.36395 -15.818 0
      vertex 1.36395 15.818 0
      vertex 1.52028 15.9597 0
    endloop
  endfacet
  facet normal 0 0 -1
    outer loop
      vertex 1.19448 -15.6923 0
      vertex 1.36395 15.818 0
      vertex 1.36395 -15.818 0
    endloop
  endfacet
  facet normal 0 0 -1
    outer loop
      vertex 1.19448 -15.6923 0
      vertex 1.19448 15.6923 0
      vertex 1.36395 15.818 0
    endloop
  endfacet
  facet normal 0 0 -1
    outer loop
      vertex 1.0135 -15.5839 0
      vertex 1.19448 15.6923 0
      vertex 1.19448 -15.6923 0
    endloop
  endfacet
  facet normal 0 0 -1
    outer loop
      vertex 1.0135 -15.5839 0
      vertex 1.0135 15.5839 0
      vertex 1.19448 15.6923 0
    endloop
  endfacet
  facet normal 0 0 -1
    outer loop
      vertex 0.822769 -15.4937 0
      vertex 1.0135 15.5839 0
      vertex 1.0135 -15.5839 0
    endloop
  endfacet
  facet normal 0 0 -1
    outer loop
      vertex 0.822769 -15.4937 0
      vertex 0.822769 15.4937 0
      vertex 1.0135 15.5839 0
    endloop
  endfacet
  facet normal 0 0 -1
    outer loop
      vertex 0.624111 -15.4226 0
      vertex 0.822769 15.4937 0
      vertex 0.822769 -15.4937 0
    endloop
  endfacet
  facet normal 0 0 -1
    outer loop
      vertex 0.624111 -15.4226 0
      vertex 0.624111 15.4226 0
      vertex 0.822769 15.4937 0
    endloop
  endfacet
  facet normal 0 0 -1
    outer loop
      vertex 0.419444 -15.3713 0
      vertex 0.624111 15.4226 0
      vertex 0.624111 -15.4226 0
    endloop
  endfacet
  facet normal 0 0 -1
    outer loop
      vertex 0.419444 -15.3713 0
      vertex 0.419444 15.3713 0
      vertex 0.624111 15.4226 0
    endloop
  endfacet
  facet normal 0 0 -1
    outer loop
      vertex 0.210736 -15.3404 0
      vertex 0.419444 15.3713 0
      vertex 0.419444 -15.3713 0
    endloop
  endfacet
  facet normal 0 0 -1
    outer loop
      vertex 0.210736 -15.3404 0
      vertex 0.210736 15.3404 0
      vertex 0.419444 15.3713 0
    endloop
  endfacet
  facet normal 0 0 -1
    outer loop
      vertex 0 -15.33 0
      vertex 0.210736 15.3404 0
      vertex 0.210736 -15.3404 0
    endloop
  endfacet
  facet normal 0 0 -1
    outer loop
      vertex 0 -15.33 0
      vertex 0 15.33 0
      vertex 0.210736 15.3404 0
    endloop
  endfacet
  facet normal 0 0 -1
    outer loop
      vertex -0.210736 -15.3404 0
      vertex 0 15.33 0
      vertex 0 -15.33 0
    endloop
  endfacet
  facet normal 0 0 -1
    outer loop
      vertex -0.210736 -15.3404 0
      vertex -0.210736 15.3404 0
      vertex 0 15.33 0
    endloop
  endfacet
  facet normal 0 0 -1
    outer loop
      vertex -0.419444 -15.3713 0
      vertex -0.210736 15.3404 0
      vertex -0.210736 -15.3404 0
    endloop
  endfacet
  facet normal 0 0 -1
    outer loop
      vertex -0.419444 -15.3713 0
      vertex -0.419444 15.3713 0
      vertex -0.210736 15.3404 0
    endloop
  endfacet
  facet normal 0 0 -1
    outer loop
      vertex -0.624111 -15.4226 0
      vertex -0.419444 15.3713 0
      vertex -0.419444 -15.3713 0
    endloop
  endfacet
  facet normal 0 0 -1
    outer loop
      vertex -0.624111 -15.4226 0
      vertex -0.624111 15.4226 0
      vertex -0.419444 15.3713 0
    endloop
  endfacet
  facet normal 0 0 -1
    outer loop
      vertex -0.822769 -15.4937 0
      vertex -0.624111 15.4226 0
      vertex -0.624111 -15.4226 0
    endloop
  endfacet
  facet normal 0 0 -1
    outer loop
      vertex -0.822769 -15.4937 0
      vertex -0.822769 15.4937 0
      vertex -0.624111 15.4226 0
    endloop
  endfacet
  facet normal 0 0 -1
    outer loop
      vertex -1.0135 -15.5839 0
      vertex -0.822769 15.4937 0
      vertex -0.822769 -15.4937 0
    endloop
  endfacet
  facet normal 0 0 -1
    outer loop
      vertex -1.0135 -15.5839 0
      vertex -1.0135 15.5839 0
      vertex -0.822769 15.4937 0
    endloop
  endfacet
  facet normal 0 0 -1
    outer loop
      vertex -1.19448 -15.6923 0
      vertex -1.0135 15.5839 0
      vertex -1.0135 -15.5839 0
    endloop
  endfacet
  facet normal 0 0 -1
    outer loop
      vertex -1.19448 -15.6923 0
      vertex -1.19448 15.6923 0
      vertex -1.0135 15.5839 0
    endloop
  endfacet
  facet normal 0 0 -1
    outer loop
      vertex -1.36395 -15.818 0
      vertex -1.19448 15.6923 0
      vertex -1.19448 -15.6923 0
    endloop
  endfacet
  facet normal 0 0 -1
    outer loop
      vertex -1.36395 -15.818 0
      vertex -1.36395 15.818 0
      vertex -1.19448 15.6923 0
    endloop
  endfacet
  facet normal 0 0 -1
    outer loop
      vertex -1.52028 -15.9597 0
      vertex -1.36395 15.818 0
      vertex -1.36395 -15.818 0
    endloop
  endfacet
  facet normal 0 0 -1
    outer loop
      vertex -1.52028 -15.9597 0
      vertex -1.52028 15.9597 0
      vertex -1.36395 15.818 0
    endloop
  endfacet
  facet normal 0 0 -1
    outer loop
      vertex -1.66197 -16.1161 0
      vertex -1.52028 15.9597 0
      vertex -1.52028 -15.9597 0
    endloop
  endfacet
  facet normal 0 0 -1
    outer loop
      vertex -1.66197 -16.1161 0
      vertex -1.66197 16.1161 0
      vertex -1.52028 15.9597 0
    endloop
  endfacet
  facet normal 0 0 -1
    outer loop
      vertex -1.78766 -16.2855 0
      vertex -1.66197 16.1161 0
      vertex -1.66197 -16.1161 0
    endloop
  endfacet
  facet normal 0 0 -1
    outer loop
      vertex -1.78766 -16.2855 0
      vertex -1.78766 16.2855 0
      vertex -1.66197 16.1161 0
    endloop
  endfacet
  facet normal 0 0 -1
    outer loop
      vertex -10.625 -24.4 0
      vertex -1.78766 -16.2855 0
      vertex -1.89613 -16.4665 0
    endloop
  endfacet
  facet normal -0 0 -1
    outer loop
      vertex -1.78766 -16.2855 0
      vertex -10.625 -24.4 0
      vertex -1.78766 16.2855 0
    endloop
  endfacet
  facet normal 0 0 -1
    outer loop
      vertex -10.625 -24.4 0
      vertex -1.89613 -16.4665 0
      vertex -1.98634 -16.6572 0
    endloop
  endfacet
  facet normal 0 0 -1
    outer loop
      vertex -10.625 24.4 0
      vertex -1.78766 16.2855 0
      vertex -10.625 -24.4 0
    endloop
  endfacet
  facet normal 0 0 -1
    outer loop
      vertex -10.625 -24.4 0
      vertex -1.98634 -16.6572 0
      vertex -2.05742 -16.8559 0
    endloop
  endfacet
  facet normal 0 0 -1
    outer loop
      vertex -1.78766 16.2855 0
      vertex -10.625 24.4 0
      vertex -1.89613 16.4665 0
    endloop
  endfacet
  facet normal 0 0 -1
    outer loop
      vertex -10.625 -24.4 0
      vertex -2.05742 -16.8559 0
      vertex -2.10869 -17.0606 0
    endloop
  endfacet
  facet normal 0 0 -1
    outer loop
      vertex -1.89613 16.4665 0
      vertex -10.625 24.4 0
      vertex -1.98634 16.6572 0
    endloop
  endfacet
  facet normal 0 0 -1
    outer loop
      vertex -10.625 -24.4 0
      vertex -2.10869 -17.0606 0
      vertex -2.13965 -17.2693 0
    endloop
  endfacet
  facet normal 0 0 -1
    outer loop
      vertex -1.98634 16.6572 0
      vertex -10.625 24.4 0
      vertex -2.05742 16.8559 0
    endloop
  endfacet
  facet normal 0 0 -1
    outer loop
      vertex -10.625 -24.4 0
      vertex -2.13965 -17.2693 0
      vertex -2.15 -17.48 0
    endloop
  endfacet
  facet normal 0 0 -1
    outer loop
      vertex -2.05742 16.8559 0
      vertex -10.625 24.4 0
      vertex -2.10869 17.0606 0
    endloop
  endfacet
  facet normal 0 0 -1
    outer loop
      vertex 10.025 -25 0
      vertex 10.625 -24.4 0
      vertex 10.6221 -24.4588 0
    endloop
  endfacet
  facet normal 0 0 -1
    outer loop
      vertex 2.13965 -17.2693 0
      vertex 10.625 -24.4 0
      vertex 2.15 -17.48 0
    endloop
  endfacet
  facet normal 0 0 -1
    outer loop
      vertex 10.025 -25 0
      vertex 10.6221 -24.4588 0
      vertex 10.6135 -24.517 0
    endloop
  endfacet
  facet normal 0 0 -1
    outer loop
      vertex 2.10869 -17.0606 0
      vertex 10.625 -24.4 0
      vertex 2.13965 -17.2693 0
    endloop
  endfacet
  facet normal 0 0 -1
    outer loop
      vertex 10.025 -25 0
      vertex 10.6135 -24.517 0
      vertex 10.5992 -24.5742 0
    endloop
  endfacet
  facet normal 0 0 -1
    outer loop
      vertex 2.13965 17.6907 0
      vertex 10.625 24.4 0
      vertex 2.15 17.48 0
    endloop
  endfacet
  facet normal 0 0 -1
    outer loop
      vertex 10.025 -25 0
      vertex 10.5992 -24.5742 0
      vertex 10.5793 -24.6296 0
    endloop
  endfacet
  facet normal 0 0 -1
    outer loop
      vertex 2.10869 17.8994 0
      vertex 10.625 24.4 0
      vertex 2.13965 17.6907 0
    endloop
  endfacet
  facet normal 0 0 -1
    outer loop
      vertex 10.025 -25 0
      vertex 10.5793 -24.6296 0
      vertex 10.5542 -24.6828 0
    endloop
  endfacet
  facet normal 0 0 -1
    outer loop
      vertex 2.05742 18.1041 0
      vertex 10.625 24.4 0
      vertex 2.10869 17.8994 0
    endloop
  endfacet
  facet normal 0 0 -1
    outer loop
      vertex 10.025 -25 0
      vertex 10.5542 -24.6828 0
      vertex 10.5239 -24.7333 0
    endloop
  endfacet
  facet normal 0 0 -1
    outer loop
      vertex 1.98634 18.3028 0
      vertex 10.625 24.4 0
      vertex 2.05742 18.1041 0
    endloop
  endfacet
  facet normal 0 0 -1
    outer loop
      vertex 10.025 -25 0
      vertex 10.5239 -24.7333 0
      vertex 10.4888 -24.7806 0
    endloop
  endfacet
  facet normal 0 0 -1
    outer loop
      vertex 1.89613 18.4935 0
      vertex 10.625 24.4 0
      vertex 1.98634 18.3028 0
    endloop
  endfacet
  facet normal 0 0 -1
    outer loop
      vertex 10.025 -25 0
      vertex 10.4888 -24.7806 0
      vertex 10.4493 -24.8243 0
    endloop
  endfacet
  facet normal 0 -0 -1
    outer loop
      vertex 10.025 25 0
      vertex 10.625 24.4 0
      vertex 1.89613 18.4935 0
    endloop
  endfacet
  facet normal 0 0 -1
    outer loop
      vertex 10.025 -25 0
      vertex 10.4493 -24.8243 0
      vertex 10.4056 -24.8638 0
    endloop
  endfacet
  facet normal 0 0 -1
    outer loop
      vertex 10.6221 24.4588 0
      vertex 10.025 25 0
      vertex 10.6135 24.517 0
    endloop
  endfacet
  facet normal 0 0 -1
    outer loop
      vertex 10.025 -25 0
      vertex 10.4056 -24.8638 0
      vertex 10.3583 -24.8989 0
    endloop
  endfacet
  facet normal 0 0 -1
    outer loop
      vertex 10.6135 24.517 0
      vertex 10.025 25 0
      vertex 10.5992 24.5742 0
    endloop
  endfacet
  facet normal 0 0 -1
    outer loop
      vertex 10.025 -25 0
      vertex 10.3583 -24.8989 0
      vertex 10.3078 -24.9292 0
    endloop
  endfacet
  facet normal 0 0 -1
    outer loop
      vertex 10.5793 24.6296 0
      vertex 10.025 25 0
      vertex 10.5542 24.6828 0
    endloop
  endfacet
  facet normal 0 0 -1
    outer loop
      vertex 10.025 -25 0
      vertex 10.3078 -24.9292 0
      vertex 10.2546 -24.9543 0
    endloop
  endfacet
  facet normal 0 0 -1
    outer loop
      vertex 10.5542 24.6828 0
      vertex 10.025 25 0
      vertex 10.5239 24.7333 0
    endloop
  endfacet
  facet normal 0 0 -1
    outer loop
      vertex 10.025 -25 0
      vertex 10.2546 -24.9543 0
      vertex 10.1992 -24.9742 0
    endloop
  endfacet
  facet normal 0 0 -1
    outer loop
      vertex 10.4888 24.7806 0
      vertex 10.025 25 0
      vertex 10.4493 24.8243 0
    endloop
  endfacet
  facet normal 0 0 -1
    outer loop
      vertex 10.025 -25 0
      vertex 10.1992 -24.9742 0
      vertex 10.142 -24.9885 0
    endloop
  endfacet
  facet normal 0 0 -1
    outer loop
      vertex 10.4493 24.8243 0
      vertex 10.025 25 0
      vertex 10.4056 24.8638 0
    endloop
  endfacet
  facet normal 0 0 -1
    outer loop
      vertex 10.025 -25 0
      vertex 10.142 -24.9885 0
      vertex 10.0838 -24.9971 0
    endloop
  endfacet
  facet normal 0 0 -1
    outer loop
      vertex 10.3583 24.8989 0
      vertex 10.025 25 0
      vertex 10.3078 24.9292 0
    endloop
  endfacet
  facet normal -0 0 -1
    outer loop
      vertex 10.625 -24.4 0
      vertex 10.025 -25 0
      vertex 1.89613 -18.4935 0
    endloop
  endfacet
  facet normal 0 0 -1
    outer loop
      vertex 10.3078 24.9292 0
      vertex 10.025 25 0
      vertex 10.2546 24.9543 0
    endloop
  endfacet
  facet normal 0 0 -1
    outer loop
      vertex 10.1992 24.9742 0
      vertex 10.025 25 0
      vertex 10.142 24.9885 0
    endloop
  endfacet
  facet normal 0 0 -1
    outer loop
      vertex 10.625 -24.4 0
      vertex 2.13965 -17.6907 0
      vertex 2.15 -17.48 0
    endloop
  endfacet
  facet normal 0 0 -1
    outer loop
      vertex 10.625 -24.4 0
      vertex 2.10869 -17.8994 0
      vertex 2.13965 -17.6907 0
    endloop
  endfacet
  facet normal 0 0 -1
    outer loop
      vertex 10.625 -24.4 0
      vertex 2.05742 -18.1041 0
      vertex 2.10869 -17.8994 0
    endloop
  endfacet
  facet normal 0 0 -1
    outer loop
      vertex 10.625 -24.4 0
      vertex 1.98634 -18.3028 0
      vertex 2.05742 -18.1041 0
    endloop
  endfacet
  facet normal 0 0 -1
    outer loop
      vertex 10.625 -24.4 0
      vertex 1.89613 -18.4935 0
      vertex 1.98634 -18.3028 0
    endloop
  endfacet
  facet normal 0 0 -1
    outer loop
      vertex 10.025 -25 0
      vertex 1.78766 -18.6745 0
      vertex 1.89613 -18.4935 0
    endloop
  endfacet
  facet normal 0 0 -1
    outer loop
      vertex 10.025 -25 0
      vertex 1.66197 -18.8439 0
      vertex 1.78766 -18.6745 0
    endloop
  endfacet
  facet normal 0 0 -1
    outer loop
      vertex 10.025 -25 0
      vertex 1.52028 -19.0003 0
      vertex 1.66197 -18.8439 0
    endloop
  endfacet
  facet normal 0 0 -1
    outer loop
      vertex 10.025 -25 0
      vertex 1.36395 -19.142 0
      vertex 1.52028 -19.0003 0
    endloop
  endfacet
  facet normal 0 0 -1
    outer loop
      vertex 10.025 -25 0
      vertex 1.19448 -19.2677 0
      vertex 1.36395 -19.142 0
    endloop
  endfacet
  facet normal 0 0 -1
    outer loop
      vertex 10.025 -25 0
      vertex 1.0135 -19.3761 0
      vertex 1.19448 -19.2677 0
    endloop
  endfacet
  facet normal 0 0 -1
    outer loop
      vertex 10.025 -25 0
      vertex 0.822769 -19.4663 0
      vertex 1.0135 -19.3761 0
    endloop
  endfacet
  facet normal 0 0 -1
    outer loop
      vertex 10.025 -25 0
      vertex 0.624111 -19.5374 0
      vertex 0.822769 -19.4663 0
    endloop
  endfacet
  facet normal 0 0 -1
    outer loop
      vertex 10.025 -25 0
      vertex 0.419444 -19.5887 0
      vertex 0.624111 -19.5374 0
    endloop
  endfacet
  facet normal 0 0 -1
    outer loop
      vertex 10.025 -25 0
      vertex 0.210736 -19.6196 0
      vertex 0.419444 -19.5887 0
    endloop
  endfacet
  facet normal 0 0 -1
    outer loop
      vertex 10.025 -25 0
      vertex 0 -19.63 0
      vertex 0.210736 -19.6196 0
    endloop
  endfacet
  facet normal 0 0 -1
    outer loop
      vertex -10.025 -25 0
      vertex 0 -19.63 0
      vertex 10.025 -25 0
    endloop
  endfacet
  facet normal -0 0 -1
    outer loop
      vertex 0 -19.63 0
      vertex -10.025 -25 0
      vertex -0.210736 -19.6196 0
    endloop
  endfacet
  facet normal -0 0 -1
    outer loop
      vertex -0.210736 -19.6196 0
      vertex -10.025 -25 0
      vertex -0.419444 -19.5887 0
    endloop
  endfacet
  facet normal -0 0 -1
    outer loop
      vertex -0.419444 -19.5887 0
      vertex -10.025 -25 0
      vertex -0.624111 -19.5374 0
    endloop
  endfacet
  facet normal -0 0 -1
    outer loop
      vertex -0.624111 -19.5374 0
      vertex -10.025 -25 0
      vertex -0.822769 -19.4663 0
    endloop
  endfacet
  facet normal -0 0 -1
    outer loop
      vertex -2.13965 -17.6907 0
      vertex -10.625 -24.4 0
      vertex -2.15 -17.48 0
    endloop
  endfacet
  facet normal -0 0 -1
    outer loop
      vertex -2.10869 -17.8994 0
      vertex -10.625 -24.4 0
      vertex -2.13965 -17.6907 0
    endloop
  endfacet
  facet normal -0 0 -1
    outer loop
      vertex -2.05742 -18.1041 0
      vertex -10.625 -24.4 0
      vertex -2.10869 -17.8994 0
    endloop
  endfacet
  facet normal -0 0 -1
    outer loop
      vertex -1.98634 -18.3028 0
      vertex -10.625 -24.4 0
      vertex -2.05742 -18.1041 0
    endloop
  endfacet
  facet normal -0 0 -1
    outer loop
      vertex -1.89613 -18.4935 0
      vertex -10.625 -24.4 0
      vertex -1.98634 -18.3028 0
    endloop
  endfacet
  facet normal 0 0 -1
    outer loop
      vertex -10.625 -24.4 0
      vertex -1.89613 -18.4935 0
      vertex -10.025 -25 0
    endloop
  endfacet
  facet normal -0 0 -1
    outer loop
      vertex -1.78766 -18.6745 0
      vertex -10.025 -25 0
      vertex -1.89613 -18.4935 0
    endloop
  endfacet
  facet normal -0 0 -1
    outer loop
      vertex -1.66197 -18.8439 0
      vertex -10.025 -25 0
      vertex -1.78766 -18.6745 0
    endloop
  endfacet
  facet normal -0 0 -1
    outer loop
      vertex -1.52028 -19.0003 0
      vertex -10.025 -25 0
      vertex -1.66197 -18.8439 0
    endloop
  endfacet
  facet normal -0 0 -1
    outer loop
      vertex -1.36395 -19.142 0
      vertex -10.025 -25 0
      vertex -1.52028 -19.0003 0
    endloop
  endfacet
  facet normal -0 0 -1
    outer loop
      vertex -1.19448 -19.2677 0
      vertex -10.025 -25 0
      vertex -1.36395 -19.142 0
    endloop
  endfacet
  facet normal -0 0 -1
    outer loop
      vertex -1.0135 -19.3761 0
      vertex -10.025 -25 0
      vertex -1.19448 -19.2677 0
    endloop
  endfacet
  facet normal -0 0 -1
    outer loop
      vertex -0.822769 -19.4663 0
      vertex -10.025 -25 0
      vertex -1.0135 -19.3761 0
    endloop
  endfacet
  facet normal 0 0 -1
    outer loop
      vertex 10.142 24.9885 0
      vertex 10.025 25 0
      vertex 10.0838 24.9971 0
    endloop
  endfacet
  facet normal 0 0 -1
    outer loop
      vertex 10.2546 24.9543 0
      vertex 10.025 25 0
      vertex 10.1992 24.9742 0
    endloop
  endfacet
  facet normal 0 0 -1
    outer loop
      vertex 10.4056 24.8638 0
      vertex 10.025 25 0
      vertex 10.3583 24.8989 0
    endloop
  endfacet
  facet normal 0 0 -1
    outer loop
      vertex 10.5239 24.7333 0
      vertex 10.025 25 0
      vertex 10.4888 24.7806 0
    endloop
  endfacet
  facet normal 0 0 -1
    outer loop
      vertex 10.5992 24.5742 0
      vertex 10.025 25 0
      vertex 10.5793 24.6296 0
    endloop
  endfacet
  facet normal 0 0 -1
    outer loop
      vertex 10.625 24.4 0
      vertex 10.025 25 0
      vertex 10.6221 24.4588 0
    endloop
  endfacet
  facet normal 0 0 -1
    outer loop
      vertex 1.78766 18.6745 0
      vertex 10.025 25 0
      vertex 1.89613 18.4935 0
    endloop
  endfacet
  facet normal 0 0 -1
    outer loop
      vertex 1.66197 18.8439 0
      vertex 10.025 25 0
      vertex 1.78766 18.6745 0
    endloop
  endfacet
  facet normal 0 0 -1
    outer loop
      vertex 1.52028 19.0003 0
      vertex 10.025 25 0
      vertex 1.66197 18.8439 0
    endloop
  endfacet
  facet normal 0 0 -1
    outer loop
      vertex 1.36395 19.142 0
      vertex 10.025 25 0
      vertex 1.52028 19.0003 0
    endloop
  endfacet
  facet normal 0 0 -1
    outer loop
      vertex 1.19448 19.2677 0
      vertex 10.025 25 0
      vertex 1.36395 19.142 0
    endloop
  endfacet
  facet normal 0 0 -1
    outer loop
      vertex 1.0135 19.3761 0
      vertex 10.025 25 0
      vertex 1.19448 19.2677 0
    endloop
  endfacet
  facet normal 0 0 -1
    outer loop
      vertex 0.822769 19.4663 0
      vertex 10.025 25 0
      vertex 1.0135 19.3761 0
    endloop
  endfacet
  facet normal 0 0 -1
    outer loop
      vertex 0.624111 19.5374 0
      vertex 10.025 25 0
      vertex 0.822769 19.4663 0
    endloop
  endfacet
  facet normal 0 0 -1
    outer loop
      vertex 0.419444 19.5887 0
      vertex 10.025 25 0
      vertex 0.624111 19.5374 0
    endloop
  endfacet
  facet normal 0 0 -1
    outer loop
      vertex 0.210736 19.6196 0
      vertex 10.025 25 0
      vertex 0.419444 19.5887 0
    endloop
  endfacet
  facet normal 0 0 -1
    outer loop
      vertex 0 19.63 0
      vertex 10.025 25 0
      vertex 0.210736 19.6196 0
    endloop
  endfacet
  facet normal 0 0 -1
    outer loop
      vertex -10.025 25 0
      vertex 0 19.63 0
      vertex -0.210736 19.6196 0
    endloop
  endfacet
  facet normal 0 0 -1
    outer loop
      vertex -10.025 25 0
      vertex -0.210736 19.6196 0
      vertex -0.419444 19.5887 0
    endloop
  endfacet
  facet normal 0 0 -1
    outer loop
      vertex -10.025 25 0
      vertex -0.419444 19.5887 0
      vertex -0.624111 19.5374 0
    endloop
  endfacet
  facet normal 0 0 -1
    outer loop
      vertex -10.025 25 0
      vertex -0.624111 19.5374 0
      vertex -0.822769 19.4663 0
    endloop
  endfacet
  facet normal 0 0 -1
    outer loop
      vertex -10.025 25 0
      vertex -0.822769 19.4663 0
      vertex -1.0135 19.3761 0
    endloop
  endfacet
  facet normal 0 0 -1
    outer loop
      vertex -2.10869 17.0606 0
      vertex -10.625 24.4 0
      vertex -2.13965 17.2693 0
    endloop
  endfacet
  facet normal 0 0 -1
    outer loop
      vertex -2.13965 17.2693 0
      vertex -10.625 24.4 0
      vertex -2.15 17.48 0
    endloop
  endfacet
  facet normal 0 0 -1
    outer loop
      vertex 0 19.63 0
      vertex -10.025 25 0
      vertex 10.025 25 0
    endloop
  endfacet
  facet normal 0 0 -1
    outer loop
      vertex -1.19448 19.2677 0
      vertex -10.025 25 0
      vertex -1.0135 19.3761 0
    endloop
  endfacet
  facet normal 0 0 -1
    outer loop
      vertex -1.36395 19.142 0
      vertex -10.025 25 0
      vertex -1.19448 19.2677 0
    endloop
  endfacet
  facet normal 0 0 -1
    outer loop
      vertex -1.52028 19.0003 0
      vertex -10.025 25 0
      vertex -1.36395 19.142 0
    endloop
  endfacet
  facet normal 0 0 -1
    outer loop
      vertex -1.66197 18.8439 0
      vertex -10.025 25 0
      vertex -1.52028 19.0003 0
    endloop
  endfacet
  facet normal 0 0 -1
    outer loop
      vertex -1.78766 18.6745 0
      vertex -10.025 25 0
      vertex -1.66197 18.8439 0
    endloop
  endfacet
  facet normal 0 0 -1
    outer loop
      vertex -1.89613 18.4935 0
      vertex -10.025 25 0
      vertex -1.78766 18.6745 0
    endloop
  endfacet
  facet normal 0 0 -1
    outer loop
      vertex -10.625 24.4 0
      vertex -1.89613 18.4935 0
      vertex -1.98634 18.3028 0
    endloop
  endfacet
  facet normal 0 0 -1
    outer loop
      vertex -10.625 24.4 0
      vertex -1.98634 18.3028 0
      vertex -2.05742 18.1041 0
    endloop
  endfacet
  facet normal 0 0 -1
    outer loop
      vertex -10.625 24.4 0
      vertex -2.05742 18.1041 0
      vertex -2.10869 17.8994 0
    endloop
  endfacet
  facet normal 0 0 -1
    outer loop
      vertex -2.15 17.48 0
      vertex -10.625 24.4 0
      vertex -2.13965 17.6907 0
    endloop
  endfacet
  facet normal 0 0 -1
    outer loop
      vertex -10.625 -24.4 0
      vertex -10.025 -25 0
      vertex -10.0838 -24.9971 0
    endloop
  endfacet
  facet normal 0 0 -1
    outer loop
      vertex -2.13965 17.6907 0
      vertex -10.625 24.4 0
      vertex -2.10869 17.8994 0
    endloop
  endfacet
  facet normal 0 0 -1
    outer loop
      vertex -10.625 -24.4 0
      vertex -10.0838 -24.9971 0
      vertex -10.142 -24.9885 0
    endloop
  endfacet
  facet normal 0 0 -1
    outer loop
      vertex -1.89613 18.4935 0
      vertex -10.625 24.4 0
      vertex -10.025 25 0
    endloop
  endfacet
  facet normal 0 0 -1
    outer loop
      vertex -10.625 -24.4 0
      vertex -10.142 -24.9885 0
      vertex -10.1992 -24.9742 0
    endloop
  endfacet
  facet normal 0 0 -1
    outer loop
      vertex -10.025 25 0
      vertex -10.625 24.4 0
      vertex -10.0838 24.9971 0
    endloop
  endfacet
  facet normal 0 0 -1
    outer loop
      vertex -10.625 -24.4 0
      vertex -10.1992 -24.9742 0
      vertex -10.2546 -24.9543 0
    endloop
  endfacet
  facet normal 0 0 -1
    outer loop
      vertex -10.0838 24.9971 0
      vertex -10.625 24.4 0
      vertex -10.142 24.9885 0
    endloop
  endfacet
  facet normal 0 0 -1
    outer loop
      vertex -10.625 -24.4 0
      vertex -10.2546 -24.9543 0
      vertex -10.3078 -24.9292 0
    endloop
  endfacet
  facet normal 0 0 -1
    outer loop
      vertex -10.142 24.9885 0
      vertex -10.625 24.4 0
      vertex -10.1992 24.9742 0
    endloop
  endfacet
  facet normal 0 0 -1
    outer loop
      vertex -10.625 -24.4 0
      vertex -10.3078 -24.9292 0
      vertex -10.3583 -24.8989 0
    endloop
  endfacet
  facet normal 0 0 -1
    outer loop
      vertex -10.1992 24.9742 0
      vertex -10.625 24.4 0
      vertex -10.2546 24.9543 0
    endloop
  endfacet
  facet normal 0 0 -1
    outer loop
      vertex -10.625 -24.4 0
      vertex -10.3583 -24.8989 0
      vertex -10.4056 -24.8638 0
    endloop
  endfacet
  facet normal 0 0 -1
    outer loop
      vertex -10.2546 24.9543 0
      vertex -10.625 24.4 0
      vertex -10.3078 24.9292 0
    endloop
  endfacet
  facet normal 0 0 -1
    outer loop
      vertex -10.625 -24.4 0
      vertex -10.4056 -24.8638 0
      vertex -10.4493 -24.8243 0
    endloop
  endfacet
  facet normal 0 0 -1
    outer loop
      vertex -10.3078 24.9292 0
      vertex -10.625 24.4 0
      vertex -10.3583 24.8989 0
    endloop
  endfacet
  facet normal 0 0 -1
    outer loop
      vertex -10.625 -24.4 0
      vertex -10.4493 -24.8243 0
      vertex -10.4888 -24.7806 0
    endloop
  endfacet
  facet normal 0 0 -1
    outer loop
      vertex -10.3583 24.8989 0
      vertex -10.625 24.4 0
      vertex -10.4056 24.8638 0
    endloop
  endfacet
  facet normal 0 0 -1
    outer loop
      vertex -10.625 -24.4 0
      vertex -10.4888 -24.7806 0
      vertex -10.5239 -24.7333 0
    endloop
  endfacet
  facet normal 0 0 -1
    outer loop
      vertex -10.4056 24.8638 0
      vertex -10.625 24.4 0
      vertex -10.4493 24.8243 0
    endloop
  endfacet
  facet normal 0 0 -1
    outer loop
      vertex -10.625 -24.4 0
      vertex -10.5239 -24.7333 0
      vertex -10.5542 -24.6828 0
    endloop
  endfacet
  facet normal 0 0 -1
    outer loop
      vertex -10.4493 24.8243 0
      vertex -10.625 24.4 0
      vertex -10.4888 24.7806 0
    endloop
  endfacet
  facet normal 0 0 -1
    outer loop
      vertex -10.625 -24.4 0
      vertex -10.5542 -24.6828 0
      vertex -10.5793 -24.6296 0
    endloop
  endfacet
  facet normal 0 0 -1
    outer loop
      vertex -10.4888 24.7806 0
      vertex -10.625 24.4 0
      vertex -10.5239 24.7333 0
    endloop
  endfacet
  facet normal 0 0 -1
    outer loop
      vertex -10.625 -24.4 0
      vertex -10.5793 -24.6296 0
      vertex -10.5992 -24.5742 0
    endloop
  endfacet
  facet normal 0 0 -1
    outer loop
      vertex -10.5239 24.7333 0
      vertex -10.625 24.4 0
      vertex -10.5542 24.6828 0
    endloop
  endfacet
  facet normal 0 0 -1
    outer loop
      vertex -10.625 -24.4 0
      vertex -10.5992 -24.5742 0
      vertex -10.6135 -24.517 0
    endloop
  endfacet
  facet normal 0 0 -1
    outer loop
      vertex -10.5542 24.6828 0
      vertex -10.625 24.4 0
      vertex -10.5793 24.6296 0
    endloop
  endfacet
  facet normal 0 0 -1
    outer loop
      vertex -10.625 -24.4 0
      vertex -10.6135 -24.517 0
      vertex -10.6221 -24.4588 0
    endloop
  endfacet
  facet normal 0 0 -1
    outer loop
      vertex -10.5793 24.6296 0
      vertex -10.625 24.4 0
      vertex -10.5992 24.5742 0
    endloop
  endfacet
  facet normal 0 0 -1
    outer loop
      vertex -10.5992 24.5742 0
      vertex -10.625 24.4 0
      vertex -10.6135 24.517 0
    endloop
  endfacet
  facet normal 0 0 -1
    outer loop
      vertex -10.6135 24.517 0
      vertex -10.625 24.4 0
      vertex -10.6221 24.4588 0
    endloop
  endfacet
  facet normal 0.970143 -0.242536 0
    outer loop
      vertex 10.5992 -24.5742 4.5
      vertex 10.6135 -24.517 0
      vertex 10.6135 -24.517 4.5
    endloop
  endfacet
  facet normal 0.970143 -0.242536 0
    outer loop
      vertex 10.6135 -24.517 0
      vertex 10.5992 -24.5742 4.5
      vertex 10.5992 -24.5742 0
    endloop
  endfacet
  facet normal 0.803046 0.595918 0
    outer loop
      vertex 10.5239 24.7333 4.5
      vertex 10.4888 24.7806 0
      vertex 10.4888 24.7806 4.5
    endloop
  endfacet
  facet normal 0.803046 0.595918 0
    outer loop
      vertex 10.4888 24.7806 0
      vertex 10.5239 24.7333 4.5
      vertex 10.5239 24.7333 0
    endloop
  endfacet
  facet normal 0.904394 -0.426697 0
    outer loop
      vertex 10.5542 -24.6828 4.5
      vertex 10.5793 -24.6296 0
      vertex 10.5793 -24.6296 4.5
    endloop
  endfacet
  facet normal 0.904394 -0.426697 0
    outer loop
      vertex 10.5793 -24.6296 0
      vertex 10.5542 -24.6828 4.5
      vertex 10.5542 -24.6828 0
    endloop
  endfacet
  facet normal -0.338058 -0.941125 0
    outer loop
      vertex -10.2546 -24.9543 0
      vertex -10.1992 -24.9742 4.5
      vertex -10.2546 -24.9543 4.5
    endloop
  endfacet
  facet normal -0.338058 -0.941125 -0
    outer loop
      vertex -10.1992 -24.9742 4.5
      vertex -10.2546 -24.9543 0
      vertex -10.1992 -24.9742 0
    endloop
  endfacet
  facet normal 0.670558 0.741857 -0
    outer loop
      vertex 10.4493 24.8243 0
      vertex 10.4056 24.8638 4.5
      vertex 10.4493 24.8243 4.5
    endloop
  endfacet
  facet normal 0.670558 0.741857 0
    outer loop
      vertex 10.4056 24.8638 4.5
      vertex 10.4493 24.8243 0
      vertex 10.4056 24.8638 0
    endloop
  endfacet
  facet normal 0.242536 0.970143 -0
    outer loop
      vertex 10.1992 24.9742 0
      vertex 10.142 24.9885 4.5
      vertex 10.1992 24.9742 4.5
    endloop
  endfacet
  facet normal 0.242536 0.970143 0
    outer loop
      vertex 10.142 24.9885 4.5
      vertex 10.1992 24.9742 0
      vertex 10.142 24.9885 0
    endloop
  endfacet
  facet normal 0.857493 -0.514496 0
    outer loop
      vertex 10.5239 -24.7333 4.5
      vertex 10.5542 -24.6828 0
      vertex 10.5542 -24.6828 4.5
    endloop
  endfacet
  facet normal 0.857493 -0.514496 0
    outer loop
      vertex 10.5542 -24.6828 0
      vertex 10.5239 -24.7333 4.5
      vertex 10.5239 -24.7333 0
    endloop
  endfacet
  facet normal 0.146179 0.989258 -0
    outer loop
      vertex 10.142 24.9885 0
      vertex 10.0838 24.9971 4.5
      vertex 10.142 24.9885 4.5
    endloop
  endfacet
  facet normal 0.146179 0.989258 0
    outer loop
      vertex 10.0838 24.9971 4.5
      vertex 10.142 24.9885 0
      vertex 10.0838 24.9971 0
    endloop
  endfacet
  facet normal 0.741857 -0.670558 0
    outer loop
      vertex 10.4493 -24.8243 4.5
      vertex 10.4888 -24.7806 0
      vertex 10.4888 -24.7806 4.5
    endloop
  endfacet
  facet normal 0.741857 -0.670558 0
    outer loop
      vertex 10.4888 -24.7806 0
      vertex 10.4493 -24.8243 4.5
      vertex 10.4493 -24.8243 0
    endloop
  endfacet
  facet normal 0.595918 0.803046 -0
    outer loop
      vertex 10.4056 24.8638 0
      vertex 10.3583 24.8989 4.5
      vertex 10.4056 24.8638 4.5
    endloop
  endfacet
  facet normal 0.595918 0.803046 0
    outer loop
      vertex 10.3583 24.8989 4.5
      vertex 10.4056 24.8638 0
      vertex 10.3583 24.8989 0
    endloop
  endfacet
  facet normal -0.670558 -0.741857 0
    outer loop
      vertex -10.4493 -24.8243 0
      vertex -10.4056 -24.8638 4.5
      vertex -10.4493 -24.8243 4.5
    endloop
  endfacet
  facet normal -0.670558 -0.741857 -0
    outer loop
      vertex -10.4056 -24.8638 4.5
      vertex -10.4493 -24.8243 0
      vertex -10.4056 -24.8638 0
    endloop
  endfacet
  facet normal 0.670558 -0.741857 0
    outer loop
      vertex 10.4056 -24.8638 0
      vertex 10.4493 -24.8243 4.5
      vertex 10.4056 -24.8638 4.5
    endloop
  endfacet
  facet normal 0.670558 -0.741857 0
    outer loop
      vertex 10.4493 -24.8243 4.5
      vertex 10.4056 -24.8638 0
      vertex 10.4493 -24.8243 0
    endloop
  endfacet
  facet normal 0.595918 -0.803046 0
    outer loop
      vertex 10.3583 -24.8989 0
      vertex 10.4056 -24.8638 4.5
      vertex 10.3583 -24.8989 4.5
    endloop
  endfacet
  facet normal 0.595918 -0.803046 0
    outer loop
      vertex 10.4056 -24.8638 4.5
      vertex 10.3583 -24.8989 0
      vertex 10.4056 -24.8638 0
    endloop
  endfacet
  facet normal 0.803046 -0.595918 0
    outer loop
      vertex 10.4888 -24.7806 4.5
      vertex 10.5239 -24.7333 0
      vertex 10.5239 -24.7333 4.5
    endloop
  endfacet
  facet normal 0.803046 -0.595918 0
    outer loop
      vertex 10.5239 -24.7333 0
      vertex 10.4888 -24.7806 4.5
      vertex 10.4888 -24.7806 0
    endloop
  endfacet
  facet normal 0.426697 -0.904394 0
    outer loop
      vertex 10.2546 -24.9543 0
      vertex 10.3078 -24.9292 4.5
      vertex 10.2546 -24.9543 4.5
    endloop
  endfacet
  facet normal 0.426697 -0.904394 0
    outer loop
      vertex 10.3078 -24.9292 4.5
      vertex 10.2546 -24.9543 0
      vertex 10.3078 -24.9292 0
    endloop
  endfacet
  facet normal 0.338058 -0.941125 0
    outer loop
      vertex 10.1992 -24.9742 0
      vertex 10.2546 -24.9543 4.5
      vertex 10.1992 -24.9742 4.5
    endloop
  endfacet
  facet normal 0.338058 -0.941125 0
    outer loop
      vertex 10.2546 -24.9543 4.5
      vertex 10.1992 -24.9742 0
      vertex 10.2546 -24.9543 0
    endloop
  endfacet
  facet normal 0.426236 0.903757 0.0393191
    outer loop
      vertex 8.62961 24.9543 4.5
      vertex 8 24 33.26
      vertex 8.68283 24.9292 4.5
    endloop
  endfacet
  facet normal 0.988496 -0.146746 0.0366119
    outer loop
      vertex 8.9971 22.5412 4.5
      vertex 8 23 33.26
      vertex 8.98846 22.483 4.5
    endloop
  endfacet
  facet normal 0 -0.999396 0.0347554
    outer loop
      vertex -8 23 33.26
      vertex -4.95 22.7297 25.4875
      vertex 8 23 33.26
    endloop
  endfacet
  facet normal -2.45947e-05 -0.999396 0.0347458
    outer loop
      vertex -8 23 33.26
      vertex -4.95 22.5098 19.1625
      vertex -4.95 22.7297 25.4875
    endloop
  endfacet
  facet normal 0 -0.999396 0.034748
    outer loop
      vertex -4.95 22.5098 19.1625
      vertex -8.39999 22 4.5
      vertex 4.95 22.5098 19.1625
    endloop
  endfacet
  facet normal -6.97974e-06 -0.999396 0.0347496
    outer loop
      vertex -8.39999 22 4.5
      vertex -4.95 22.5098 19.1625
      vertex -8 23 33.26
    endloop
  endfacet
  facet normal 0 -0.999396 0.0347554
    outer loop
      vertex 4.95 22.7297 25.4875
      vertex 8 23 33.26
      vertex -4.95 22.7297 25.4875
    endloop
  endfacet
  facet normal 2.45947e-05 -0.999396 0.0347458
    outer loop
      vertex 4.95 22.5098 19.1625
      vertex 8 23 33.26
      vertex 4.95 22.7297 25.4875
    endloop
  endfacet
  facet normal 6.97974e-06 -0.999396 0.0347496
    outer loop
      vertex 4.95 22.5098 19.1625
      vertex 8.39999 22 4.5
      vertex 8 23 33.26
    endloop
  endfacet
  facet normal 0 -0.999396 0.034748
    outer loop
      vertex 8.39999 22 4.5
      vertex 4.95 22.5098 19.1625
      vertex -8.39999 22 4.5
    endloop
  endfacet
  facet normal -0.426236 -0.903757 0.0393191
    outer loop
      vertex -8 23 33.26
      vertex -8.68283 22.0708 4.5
      vertex -8.62961 22.0457 4.5
    endloop
  endfacet
  facet normal -0.99816 0.049229 0.0353912
    outer loop
      vertex -8.9971 24.4588 4.5
      vertex -9 24.4 4.5
      vertex -8 24 33.26
    endloop
  endfacet
  facet normal -0.514011 -0.856855 0.0398878
    outer loop
      vertex -8 23 33.26
      vertex -8.73334 22.1011 4.5
      vertex -8.68283 22.0708 4.5
    endloop
  endfacet
  facet normal 0.99816 -0.049229 0.0353912
    outer loop
      vertex 9 22.6 4.5
      vertex 8 23 33.26
      vertex 8.9971 22.5412 4.5
    endloop
  endfacet
  facet normal -0.145983 -0.98861 0.0366036
    outer loop
      vertex -8 23 33.26
      vertex -8.51704 22.0115 4.5
      vertex -8.4588 22.0029 4.5
    endloop
  endfacet
  facet normal -0.145983 0.98861 0.0366036
    outer loop
      vertex -8.4588 24.9971 4.5
      vertex -8.51704 24.9885 4.5
      vertex -8 24 33.26
    endloop
  endfacet
  facet normal 0.0492206 -0.998161 0.0353911
    outer loop
      vertex 8.4588 22.0029 4.5
      vertex 8 23 33.26
      vertex 8.39999 22 4.5
    endloop
  endfacet
  facet normal 0.999396 -0 0.0347495
    outer loop
      vertex 8 23 33.26
      vertex 9 24.4 4.5
      vertex 8 24 33.26
    endloop
  endfacet
  facet normal 0.999396 0 0.0347495
    outer loop
      vertex 9 24.4 4.5
      vertex 8 23 33.26
      vertex 9 22.6 4.5
    endloop
  endfacet
  facet normal 0.145983 0.98861 0.0366036
    outer loop
      vertex 8.4588 24.9971 4.5
      vertex 8 24 33.26
      vertex 8.51704 24.9885 4.5
    endloop
  endfacet
  facet normal 0.145983 -0.98861 0.0366036
    outer loop
      vertex 8.51704 22.0115 4.5
      vertex 8 23 33.26
      vertex 8.4588 22.0029 4.5
    endloop
  endfacet
  facet normal -0.802557 -0.595216 0.0402599
    outer loop
      vertex -8 23 33.26
      vertex -8.89888 22.2667 4.5
      vertex -8.8638 22.2194 4.5
    endloop
  endfacet
  facet normal -0.242683 -0.969374 0.0376809
    outer loop
      vertex -8 23 33.26
      vertex -8.57416 22.0258 4.5
      vertex -8.51704 22.0115 4.5
    endloop
  endfacet
  facet normal -0.337536 -0.940521 0.0385972
    outer loop
      vertex -8 23 33.26
      vertex -8.62961 22.0457 4.5
      vertex -8.57416 22.0258 4.5
    endloop
  endfacet
  facet normal 0.857035 -0.513712 0.0398844
    outer loop
      vertex 8.92915 22.3172 4.5
      vertex 8 23 33.26
      vertex 8.89888 22.2667 4.5
    endloop
  endfacet
  facet normal 0.99816 0.049229 0.0353912
    outer loop
      vertex 8.9971 24.4588 4.5
      vertex 8 24 33.26
      vertex 9 24.4 4.5
    endloop
  endfacet
  facet normal 0.940802 -0.336753 0.0385899
    outer loop
      vertex 8.97415 22.4258 4.5
      vertex 8 23 33.26
      vertex 8.95432 22.3704 4.5
    endloop
  endfacet
  facet normal -0.0492206 0.998161 0.0353911
    outer loop
      vertex -8.39999 25 4.5
      vertex -8.4588 24.9971 4.5
      vertex -8 24 33.26
    endloop
  endfacet
  facet normal -0 0 1
    outer loop
      vertex -8 24 33.26
      vertex 8 23 33.26
      vertex 8 24 33.26
    endloop
  endfacet
  facet normal 0 0 1
    outer loop
      vertex 8 23 33.26
      vertex -8 24 33.26
      vertex -8 23 33.26
    endloop
  endfacet
  facet normal -0.740913 0.670382 0.0404486
    outer loop
      vertex -8.82426 24.8243 4.5
      vertex -8.8638 24.7806 4.5
      vertex -8 24 33.26
    endloop
  endfacet
  facet normal -0.988496 -0.146746 0.0366119
    outer loop
      vertex -8 23 33.26
      vertex -8.9971 22.5412 4.5
      vertex -8.98846 22.483 4.5
    endloop
  endfacet
  facet normal -0.99816 -0.049229 0.0353912
    outer loop
      vertex -8 23 33.26
      vertex -9 22.6 4.5
      vertex -8.9971 22.5412 4.5
    endloop
  endfacet
  facet normal -0.0492206 -0.998161 0.0353911
    outer loop
      vertex -8 23 33.26
      vertex -8.4588 22.0029 4.5
      vertex -8.39999 22 4.5
    endloop
  endfacet
  facet normal 0.903236 -0.427339 0.0393264
    outer loop
      vertex 8.95432 22.3704 4.5
      vertex 8 23 33.26
      vertex 8.92915 22.3172 4.5
    endloop
  endfacet
  facet normal 0.802557 0.595216 0.0402599
    outer loop
      vertex 8.8638 24.7806 4.5
      vertex 8 24 33.26
      vertex 8.89888 24.7333 4.5
    endloop
  endfacet
  facet normal 0.514011 0.856855 0.0398878
    outer loop
      vertex 8.68283 24.9292 4.5
      vertex 8 24 33.26
      vertex 8.73334 24.8989 4.5
    endloop
  endfacet
  facet normal -0.940802 0.336753 0.0385899
    outer loop
      vertex -8.95432 24.6296 4.5
      vertex -8.97415 24.5742 4.5
      vertex -8 24 33.26
    endloop
  endfacet
  facet normal 0.969414 -0.242523 0.0376777
    outer loop
      vertex 8.98846 22.483 4.5
      vertex 8 23 33.26
      vertex 8.97415 22.4258 4.5
    endloop
  endfacet
  facet normal 0.802557 -0.595216 0.0402599
    outer loop
      vertex 8.89888 22.2667 4.5
      vertex 8 23 33.26
      vertex 8.8638 22.2194 4.5
    endloop
  endfacet
  facet normal -0.514011 0.856855 0.0398878
    outer loop
      vertex -8.68283 24.9292 4.5
      vertex -8.73334 24.8989 4.5
      vertex -8 24 33.26
    endloop
  endfacet
  facet normal 0.670515 0.740792 0.040449
    outer loop
      vertex 8.78062 24.8638 4.5
      vertex 8 24 33.26
      vertex 8.82426 24.8243 4.5
    endloop
  endfacet
  facet normal -0.670515 -0.740792 0.040449
    outer loop
      vertex -8 23 33.26
      vertex -8.82426 22.1757 4.5
      vertex -8.78062 22.1362 4.5
    endloop
  endfacet
  facet normal -0.857035 0.513712 0.0398844
    outer loop
      vertex -8.89888 24.7333 4.5
      vertex -8.92915 24.6828 4.5
      vertex -8 24 33.26
    endloop
  endfacet
  facet normal -0.337536 0.940521 0.0385972
    outer loop
      vertex -8.57416 24.9742 4.5
      vertex -8.62961 24.9543 4.5
      vertex -8 24 33.26
    endloop
  endfacet
  facet normal -0.999396 0 0.0347495
    outer loop
      vertex -9 24.4 4.5
      vertex -8 23 33.26
      vertex -8 24 33.26
    endloop
  endfacet
  facet normal -0.999396 0 0.0347495
    outer loop
      vertex -8 23 33.26
      vertex -9 24.4 4.5
      vertex -9 22.6 4.5
    endloop
  endfacet
  facet normal 0.595597 -0.802274 0.0402621
    outer loop
      vertex 8.78062 22.1362 4.5
      vertex 8 23 33.26
      vertex 8.73334 22.1011 4.5
    endloop
  endfacet
  facet normal 0.740913 0.670382 0.0404486
    outer loop
      vertex 8.82426 24.8243 4.5
      vertex 8 24 33.26
      vertex 8.8638 24.7806 4.5
    endloop
  endfacet
  facet normal -0.903236 -0.427339 0.0393264
    outer loop
      vertex -8 23 33.26
      vertex -8.95432 22.3704 4.5
      vertex -8.92915 22.3172 4.5
    endloop
  endfacet
  facet normal 0.740913 -0.670382 0.0404486
    outer loop
      vertex 8.8638 22.2194 4.5
      vertex 8 23 33.26
      vertex 8.82426 22.1757 4.5
    endloop
  endfacet
  facet normal 0.595597 0.802274 0.0402621
    outer loop
      vertex 8.73334 24.8989 4.5
      vertex 8 24 33.26
      vertex 8.78062 24.8638 4.5
    endloop
  endfacet
  facet normal -0.595597 -0.802274 0.0402621
    outer loop
      vertex -8 23 33.26
      vertex -8.78062 22.1362 4.5
      vertex -8.73334 22.1011 4.5
    endloop
  endfacet
  facet normal -0.242683 0.969374 0.0376809
    outer loop
      vertex -8.51704 24.9885 4.5
      vertex -8.57416 24.9742 4.5
      vertex -8 24 33.26
    endloop
  endfacet
  facet normal -0.670515 0.740792 0.040449
    outer loop
      vertex -8.78062 24.8638 4.5
      vertex -8.82426 24.8243 4.5
      vertex -8 24 33.26
    endloop
  endfacet
  facet normal -0.802557 0.595216 0.0402599
    outer loop
      vertex -8.8638 24.7806 4.5
      vertex -8.89888 24.7333 4.5
      vertex -8 24 33.26
    endloop
  endfacet
  facet normal 0.242683 0.969374 0.0376809
    outer loop
      vertex 8.51704 24.9885 4.5
      vertex 8 24 33.26
      vertex 8.57416 24.9742 4.5
    endloop
  endfacet
  facet normal 0.337536 0.940521 0.0385972
    outer loop
      vertex 8.57416 24.9742 4.5
      vertex 8 24 33.26
      vertex 8.62961 24.9543 4.5
    endloop
  endfacet
  facet normal 0.988496 0.146746 0.0366119
    outer loop
      vertex 8.98846 24.517 4.5
      vertex 8 24 33.26
      vertex 8.9971 24.4588 4.5
    endloop
  endfacet
  facet normal 0.426236 -0.903757 0.0393191
    outer loop
      vertex 8.68283 22.0708 4.5
      vertex 8 23 33.26
      vertex 8.62961 22.0457 4.5
    endloop
  endfacet
  facet normal -0.969414 -0.242523 0.0376777
    outer loop
      vertex -8 23 33.26
      vertex -8.98846 22.483 4.5
      vertex -8.97415 22.4258 4.5
    endloop
  endfacet
  facet normal -0.740913 -0.670382 0.0404486
    outer loop
      vertex -8 23 33.26
      vertex -8.8638 22.2194 4.5
      vertex -8.82426 22.1757 4.5
    endloop
  endfacet
  facet normal 0.0492206 0.998161 0.0353911
    outer loop
      vertex 8.39999 25 4.5
      vertex 8 24 33.26
      vertex 8.4588 24.9971 4.5
    endloop
  endfacet
  facet normal -0.426236 0.903757 0.0393191
    outer loop
      vertex -8.62961 24.9543 4.5
      vertex -8.68283 24.9292 4.5
      vertex -8 24 33.26
    endloop
  endfacet
  facet normal -0.595597 0.802274 0.0402621
    outer loop
      vertex -8.73334 24.8989 4.5
      vertex -8.78062 24.8638 4.5
      vertex -8 24 33.26
    endloop
  endfacet
  facet normal -0.857035 -0.513712 0.0398844
    outer loop
      vertex -8 23 33.26
      vertex -8.92915 22.3172 4.5
      vertex -8.89888 22.2667 4.5
    endloop
  endfacet
  facet normal -0.988496 0.146746 0.0366119
    outer loop
      vertex -8.98846 24.517 4.5
      vertex -8.9971 24.4588 4.5
      vertex -8 24 33.26
    endloop
  endfacet
  facet normal -0.903236 0.427339 0.0393264
    outer loop
      vertex -8.92915 24.6828 4.5
      vertex -8.95432 24.6296 4.5
      vertex -8 24 33.26
    endloop
  endfacet
  facet normal 0.857035 0.513712 0.0398844
    outer loop
      vertex 8.89888 24.7333 4.5
      vertex 8 24 33.26
      vertex 8.92915 24.6828 4.5
    endloop
  endfacet
  facet normal 0 0.999396 0.0347495
    outer loop
      vertex 8.39999 25 4.5
      vertex -8 24 33.26
      vertex 8 24 33.26
    endloop
  endfacet
  facet normal 0 0.999396 0.0347495
    outer loop
      vertex -8 24 33.26
      vertex 8.39999 25 4.5
      vertex -8.39999 25 4.5
    endloop
  endfacet
  facet normal 0.940802 0.336753 0.0385899
    outer loop
      vertex 8.95432 24.6296 4.5
      vertex 8 24 33.26
      vertex 8.97415 24.5742 4.5
    endloop
  endfacet
  facet normal 0.969414 0.242523 0.0376777
    outer loop
      vertex 8.97415 24.5742 4.5
      vertex 8 24 33.26
      vertex 8.98846 24.517 4.5
    endloop
  endfacet
  facet normal 0.514011 -0.856855 0.0398878
    outer loop
      vertex 8.73334 22.1011 4.5
      vertex 8 23 33.26
      vertex 8.68283 22.0708 4.5
    endloop
  endfacet
  facet normal -0.940802 -0.336753 0.0385899
    outer loop
      vertex -8 23 33.26
      vertex -8.97415 22.4258 4.5
      vertex -8.95432 22.3704 4.5
    endloop
  endfacet
  facet normal -0.969414 0.242523 0.0376777
    outer loop
      vertex -8.97415 24.5742 4.5
      vertex -8.98846 24.517 4.5
      vertex -8 24 33.26
    endloop
  endfacet
  facet normal 0.903236 0.427339 0.0393264
    outer loop
      vertex 8.92915 24.6828 4.5
      vertex 8 24 33.26
      vertex 8.95432 24.6296 4.5
    endloop
  endfacet
  facet normal 0.670515 -0.740792 0.040449
    outer loop
      vertex 8.82426 22.1757 4.5
      vertex 8 23 33.26
      vertex 8.78062 22.1362 4.5
    endloop
  endfacet
  facet normal 0.337536 -0.940521 0.0385972
    outer loop
      vertex 8.62961 22.0457 4.5
      vertex 8 23 33.26
      vertex 8.57416 22.0258 4.5
    endloop
  endfacet
  facet normal 0.242683 -0.969374 0.0376809
    outer loop
      vertex 8.57416 22.0258 4.5
      vertex 8 23 33.26
      vertex 8.51704 22.0115 4.5
    endloop
  endfacet
  facet normal -1 0 0
    outer loop
      vertex 4.95 23.6 19.1625
      vertex 4.95 22.7297 25.4875
      vertex 4.95 23.6 25.4875
    endloop
  endfacet
  facet normal -1 0 -0
    outer loop
      vertex 4.95 22.7297 25.4875
      vertex 4.95 23.6 19.1625
      vertex 4.95 22.5098 19.1625
    endloop
  endfacet
  facet normal 0 0 -1
    outer loop
      vertex -4.95 22.7297 25.4875
      vertex 4.95 23.6 25.4875
      vertex 4.95 22.7297 25.4875
    endloop
  endfacet
  facet normal -0 0 -1
    outer loop
      vertex 4.95 23.6 25.4875
      vertex -4.95 22.7297 25.4875
      vertex -4.95 23.6 25.4875
    endloop
  endfacet
  facet normal -0 0 1
    outer loop
      vertex -4.95 23.6 19.1625
      vertex 4.95 22.5098 19.1625
      vertex 4.95 23.6 19.1625
    endloop
  endfacet
  facet normal 0 0 1
    outer loop
      vertex 4.95 22.5098 19.1625
      vertex -4.95 23.6 19.1625
      vertex -4.95 22.5098 19.1625
    endloop
  endfacet
  facet normal 1 -0 0
    outer loop
      vertex -4.95 22.7297 25.4875
      vertex -4.95 23.6 19.1625
      vertex -4.95 23.6 25.4875
    endloop
  endfacet
  facet normal 1 0 0
    outer loop
      vertex -4.95 23.6 19.1625
      vertex -4.95 22.7297 25.4875
      vertex -4.95 22.5098 19.1625
    endloop
  endfacet
  facet normal 0 -1 0
    outer loop
      vertex -4.95 23.6 19.1625
      vertex 4.95 23.6 25.4875
      vertex -4.95 23.6 25.4875
    endloop
  endfacet
  facet normal 0 -1 -0
    outer loop
      vertex 4.95 23.6 25.4875
      vertex -4.95 23.6 19.1625
      vertex 4.95 23.6 19.1625
    endloop
  endfacet
endsolid OpenSCAD_Model
