solid OpenSCAD_Model
  facet normal 0 0 -1
    outer loop
      vertex 17.5 -3 0
      vertex 16.15 0 0
      vertex 17.5 3 0
    endloop
  endfacet
  facet normal 0 0 -1
    outer loop
      vertex 17.5 -3 0
      vertex 16.1445 -0.11272 0
      vertex 16.15 0 0
    endloop
  endfacet
  facet normal 0 0 -1
    outer loop
      vertex 17.5 -3 0
      vertex 16.1279 -0.224354 0
      vertex 16.1445 -0.11272 0
    endloop
  endfacet
  facet normal 0 0 -1
    outer loop
      vertex 17.5 -3 0
      vertex 16.1005 -0.333827 0
      vertex 16.1279 -0.224354 0
    endloop
  endfacet
  facet normal 0 0 -1
    outer loop
      vertex 17.5 -3 0
      vertex 16.0625 -0.440085 0
      vertex 16.1005 -0.333827 0
    endloop
  endfacet
  facet normal 0 0 -1
    outer loop
      vertex 17.5 -3 0
      vertex 16.0142 -0.542106 0
      vertex 16.0625 -0.440085 0
    endloop
  endfacet
  facet normal 0 0 -1
    outer loop
      vertex 17.5 -3 0
      vertex 15.9562 -0.638906 0
      vertex 16.0142 -0.542106 0
    endloop
  endfacet
  facet normal 0 0 -1
    outer loop
      vertex 17.5 -3 0
      vertex 15.889 -0.729552 0
      vertex 15.9562 -0.638906 0
    endloop
  endfacet
  facet normal 0 0 -1
    outer loop
      vertex 17.5 -3 0
      vertex 15.8132 -0.813172 0
      vertex 15.889 -0.729552 0
    endloop
  endfacet
  facet normal 0 0 -1
    outer loop
      vertex 17.5 -3 0
      vertex 15.7296 -0.888962 0
      vertex 15.8132 -0.813172 0
    endloop
  endfacet
  facet normal 0 0 -1
    outer loop
      vertex 17.5 -3 0
      vertex 15.6389 -0.956189 0
      vertex 15.7296 -0.888962 0
    endloop
  endfacet
  facet normal 0 0 -1
    outer loop
      vertex 17.5 -3 0
      vertex 15.5421 -1.01421 0
      vertex 15.6389 -0.956189 0
    endloop
  endfacet
  facet normal 0 0 -1
    outer loop
      vertex 17.5 -3 0
      vertex 15.4401 -1.06246 0
      vertex 15.5421 -1.01421 0
    endloop
  endfacet
  facet normal 0 0 -1
    outer loop
      vertex 17.5 -3 0
      vertex 15.3338 -1.10048 0
      vertex 15.4401 -1.06246 0
    endloop
  endfacet
  facet normal 0 0 -1
    outer loop
      vertex 17.5 -3 0
      vertex 15.2244 -1.1279 0
      vertex 15.3338 -1.10048 0
    endloop
  endfacet
  facet normal 0 0 -1
    outer loop
      vertex 17.5 -3 0
      vertex 15.1127 -1.14446 0
      vertex 15.2244 -1.1279 0
    endloop
  endfacet
  facet normal 0 0 -1
    outer loop
      vertex 17.5 -3 0
      vertex 15 -1.15 0
      vertex 15.1127 -1.14446 0
    endloop
  endfacet
  facet normal 0 0 -1
    outer loop
      vertex 17.5 -3 0
      vertex 14.8873 -1.14446 0
      vertex 15 -1.15 0
    endloop
  endfacet
  facet normal 0 0 -1
    outer loop
      vertex 17.5 -3 0
      vertex 14.7756 -1.1279 0
      vertex 14.8873 -1.14446 0
    endloop
  endfacet
  facet normal 0 0 -1
    outer loop
      vertex 17.5 -3 0
      vertex 14.6662 -1.10048 0
      vertex 14.7756 -1.1279 0
    endloop
  endfacet
  facet normal 0 0 -1
    outer loop
      vertex 17.5 -3 0
      vertex 14.5599 -1.06246 0
      vertex 14.6662 -1.10048 0
    endloop
  endfacet
  facet normal 0 0 -1
    outer loop
      vertex 17.5 -3 0
      vertex 14.4579 -1.01421 0
      vertex 14.5599 -1.06246 0
    endloop
  endfacet
  facet normal 0 0 -1
    outer loop
      vertex -14.4579 -1.01421 0
      vertex 14.4579 -1.01421 0
      vertex 17.5 -3 0
    endloop
  endfacet
  facet normal 0 0 -1
    outer loop
      vertex 13.8555 -0.11272 0
      vertex -13.85 0 0
      vertex 13.85 0 0
    endloop
  endfacet
  facet normal 0 0 -1
    outer loop
      vertex -13.8555 -0.11272 0
      vertex 13.8555 -0.11272 0
      vertex 13.8721 -0.224354 0
    endloop
  endfacet
  facet normal 0 0 -1
    outer loop
      vertex -13.8721 -0.224354 0
      vertex 13.8721 -0.224354 0
      vertex 13.8995 -0.333827 0
    endloop
  endfacet
  facet normal 0 0 -1
    outer loop
      vertex -13.8995 -0.333827 0
      vertex 13.8995 -0.333827 0
      vertex 13.9375 -0.440085 0
    endloop
  endfacet
  facet normal 0 0 -1
    outer loop
      vertex -13.9375 -0.440085 0
      vertex 13.9375 -0.440085 0
      vertex 13.9858 -0.542106 0
    endloop
  endfacet
  facet normal 0 0 -1
    outer loop
      vertex -13.9858 -0.542106 0
      vertex 13.9858 -0.542106 0
      vertex 14.0438 -0.638906 0
    endloop
  endfacet
  facet normal 0 0 -1
    outer loop
      vertex -14.0438 -0.638906 0
      vertex 14.0438 -0.638906 0
      vertex 14.111 -0.729552 0
    endloop
  endfacet
  facet normal 0 0 -1
    outer loop
      vertex -14.111 -0.729552 0
      vertex 14.111 -0.729552 0
      vertex 14.1868 -0.813172 0
    endloop
  endfacet
  facet normal 0 0 -1
    outer loop
      vertex -14.1868 -0.813172 0
      vertex 14.1868 -0.813172 0
      vertex 14.2704 -0.888962 0
    endloop
  endfacet
  facet normal 0 0 -1
    outer loop
      vertex -14.2704 -0.888962 0
      vertex 14.2704 -0.888962 0
      vertex 14.3611 -0.956189 0
    endloop
  endfacet
  facet normal 0 0 -1
    outer loop
      vertex 14.4579 -1.01421 0
      vertex -14.4579 -1.01421 0
      vertex 14.3611 -0.956189 0
    endloop
  endfacet
  facet normal 0 0 -1
    outer loop
      vertex 13.8555 -0.11272 0
      vertex -13.8555 -0.11272 0
      vertex -13.85 0 0
    endloop
  endfacet
  facet normal 0 0 -1
    outer loop
      vertex 13.8721 -0.224354 0
      vertex -13.8721 -0.224354 0
      vertex -13.8555 -0.11272 0
    endloop
  endfacet
  facet normal 0 0 -1
    outer loop
      vertex 13.8995 -0.333827 0
      vertex -13.8995 -0.333827 0
      vertex -13.8721 -0.224354 0
    endloop
  endfacet
  facet normal 0 0 -1
    outer loop
      vertex 13.9375 -0.440085 0
      vertex -13.9375 -0.440085 0
      vertex -13.8995 -0.333827 0
    endloop
  endfacet
  facet normal 0 0 -1
    outer loop
      vertex 13.9858 -0.542106 0
      vertex -13.9858 -0.542106 0
      vertex -13.9375 -0.440085 0
    endloop
  endfacet
  facet normal 0 0 -1
    outer loop
      vertex 14.0438 -0.638906 0
      vertex -14.0438 -0.638906 0
      vertex -13.9858 -0.542106 0
    endloop
  endfacet
  facet normal 0 0 -1
    outer loop
      vertex 14.111 -0.729552 0
      vertex -14.111 -0.729552 0
      vertex -14.0438 -0.638906 0
    endloop
  endfacet
  facet normal 0 0 -1
    outer loop
      vertex 14.1868 -0.813172 0
      vertex -14.1868 -0.813172 0
      vertex -14.111 -0.729552 0
    endloop
  endfacet
  facet normal 0 0 -1
    outer loop
      vertex 14.2704 -0.888962 0
      vertex -14.2704 -0.888962 0
      vertex -14.1868 -0.813172 0
    endloop
  endfacet
  facet normal 0 0 -1
    outer loop
      vertex 14.3611 -0.956189 0
      vertex -14.3611 -0.956189 0
      vertex -14.2704 -0.888962 0
    endloop
  endfacet
  facet normal -0 0 -1
    outer loop
      vertex 14.3611 -0.956189 0
      vertex -14.4579 -1.01421 0
      vertex -14.3611 -0.956189 0
    endloop
  endfacet
  facet normal 0 0 -1
    outer loop
      vertex -17.5 -3 0
      vertex -14.4579 -1.01421 0
      vertex 17.5 -3 0
    endloop
  endfacet
  facet normal 0 0 -1
    outer loop
      vertex -14.4579 -1.01421 0
      vertex -17.5 -3 0
      vertex -14.5599 -1.06246 0
    endloop
  endfacet
  facet normal 0 0 -1
    outer loop
      vertex -14.5599 -1.06246 0
      vertex -17.5 -3 0
      vertex -14.6662 -1.10048 0
    endloop
  endfacet
  facet normal 0 0 -1
    outer loop
      vertex -14.6662 -1.10048 0
      vertex -17.5 -3 0
      vertex -14.7756 -1.1279 0
    endloop
  endfacet
  facet normal 0 0 -1
    outer loop
      vertex -14.7756 -1.1279 0
      vertex -17.5 -3 0
      vertex -14.8873 -1.14446 0
    endloop
  endfacet
  facet normal 0 0 -1
    outer loop
      vertex -14.8873 -1.14446 0
      vertex -17.5 -3 0
      vertex -15 -1.15 0
    endloop
  endfacet
  facet normal -0 0 -1
    outer loop
      vertex -16.1445 -0.11272 0
      vertex -17.5 -3 0
      vertex -16.15 0 0
    endloop
  endfacet
  facet normal -0 0 -1
    outer loop
      vertex -16.1279 -0.224354 0
      vertex -17.5 -3 0
      vertex -16.1445 -0.11272 0
    endloop
  endfacet
  facet normal -0 0 -1
    outer loop
      vertex -16.1005 -0.333827 0
      vertex -17.5 -3 0
      vertex -16.1279 -0.224354 0
    endloop
  endfacet
  facet normal -0 0 -1
    outer loop
      vertex -16.0625 -0.440085 0
      vertex -17.5 -3 0
      vertex -16.1005 -0.333827 0
    endloop
  endfacet
  facet normal -0 0 -1
    outer loop
      vertex -16.0142 -0.542106 0
      vertex -17.5 -3 0
      vertex -16.0625 -0.440085 0
    endloop
  endfacet
  facet normal -0 0 -1
    outer loop
      vertex -15.9562 -0.638906 0
      vertex -17.5 -3 0
      vertex -16.0142 -0.542106 0
    endloop
  endfacet
  facet normal -0 0 -1
    outer loop
      vertex -15.889 -0.729552 0
      vertex -17.5 -3 0
      vertex -15.9562 -0.638906 0
    endloop
  endfacet
  facet normal -0 0 -1
    outer loop
      vertex -15.8132 -0.813172 0
      vertex -17.5 -3 0
      vertex -15.889 -0.729552 0
    endloop
  endfacet
  facet normal -0 0 -1
    outer loop
      vertex -15.7296 -0.888962 0
      vertex -17.5 -3 0
      vertex -15.8132 -0.813172 0
    endloop
  endfacet
  facet normal -0 0 -1
    outer loop
      vertex -15.6389 -0.956189 0
      vertex -17.5 -3 0
      vertex -15.7296 -0.888962 0
    endloop
  endfacet
  facet normal -0 0 -1
    outer loop
      vertex -15.5421 -1.01421 0
      vertex -17.5 -3 0
      vertex -15.6389 -0.956189 0
    endloop
  endfacet
  facet normal -0 0 -1
    outer loop
      vertex -15.4401 -1.06246 0
      vertex -17.5 -3 0
      vertex -15.5421 -1.01421 0
    endloop
  endfacet
  facet normal -0 0 -1
    outer loop
      vertex -15.3338 -1.10048 0
      vertex -17.5 -3 0
      vertex -15.4401 -1.06246 0
    endloop
  endfacet
  facet normal -0 0 -1
    outer loop
      vertex -15.2244 -1.1279 0
      vertex -17.5 -3 0
      vertex -15.3338 -1.10048 0
    endloop
  endfacet
  facet normal -0 0 -1
    outer loop
      vertex -15.1127 -1.14446 0
      vertex -17.5 -3 0
      vertex -15.2244 -1.1279 0
    endloop
  endfacet
  facet normal -0 0 -1
    outer loop
      vertex -15 -1.15 0
      vertex -17.5 -3 0
      vertex -15.1127 -1.14446 0
    endloop
  endfacet
  facet normal 0 0 -1
    outer loop
      vertex 16.1445 0.11272 0
      vertex 17.5 3 0
      vertex 16.15 0 0
    endloop
  endfacet
  facet normal 0 0 -1
    outer loop
      vertex 16.1279 0.224354 0
      vertex 17.5 3 0
      vertex 16.1445 0.11272 0
    endloop
  endfacet
  facet normal 0 0 -1
    outer loop
      vertex 16.1005 0.333827 0
      vertex 17.5 3 0
      vertex 16.1279 0.224354 0
    endloop
  endfacet
  facet normal 0 0 -1
    outer loop
      vertex 16.0625 0.440085 0
      vertex 17.5 3 0
      vertex 16.1005 0.333827 0
    endloop
  endfacet
  facet normal 0 0 -1
    outer loop
      vertex 16.0142 0.542106 0
      vertex 17.5 3 0
      vertex 16.0625 0.440085 0
    endloop
  endfacet
  facet normal 0 0 -1
    outer loop
      vertex 15.9562 0.638906 0
      vertex 17.5 3 0
      vertex 16.0142 0.542106 0
    endloop
  endfacet
  facet normal 0 0 -1
    outer loop
      vertex 15.889 0.729552 0
      vertex 17.5 3 0
      vertex 15.9562 0.638906 0
    endloop
  endfacet
  facet normal 0 0 -1
    outer loop
      vertex 15.8132 0.813172 0
      vertex 17.5 3 0
      vertex 15.889 0.729552 0
    endloop
  endfacet
  facet normal 0 0 -1
    outer loop
      vertex 15.7296 0.888962 0
      vertex 17.5 3 0
      vertex 15.8132 0.813172 0
    endloop
  endfacet
  facet normal 0 0 -1
    outer loop
      vertex 15.6389 0.956189 0
      vertex 17.5 3 0
      vertex 15.7296 0.888962 0
    endloop
  endfacet
  facet normal 0 0 -1
    outer loop
      vertex 15.5421 1.01421 0
      vertex 17.5 3 0
      vertex 15.6389 0.956189 0
    endloop
  endfacet
  facet normal 0 0 -1
    outer loop
      vertex 15.4401 1.06246 0
      vertex 17.5 3 0
      vertex 15.5421 1.01421 0
    endloop
  endfacet
  facet normal 0 0 -1
    outer loop
      vertex 15.3338 1.10048 0
      vertex 17.5 3 0
      vertex 15.4401 1.06246 0
    endloop
  endfacet
  facet normal 0 0 -1
    outer loop
      vertex 15.2244 1.1279 0
      vertex 17.5 3 0
      vertex 15.3338 1.10048 0
    endloop
  endfacet
  facet normal 0 0 -1
    outer loop
      vertex 15.1127 1.14446 0
      vertex 17.5 3 0
      vertex 15.2244 1.1279 0
    endloop
  endfacet
  facet normal 0 0 -1
    outer loop
      vertex 15 1.15 0
      vertex 17.5 3 0
      vertex 15.1127 1.14446 0
    endloop
  endfacet
  facet normal 0 0 -1
    outer loop
      vertex 14.8873 1.14446 0
      vertex 17.5 3 0
      vertex 15 1.15 0
    endloop
  endfacet
  facet normal 0 0 -1
    outer loop
      vertex 14.7756 1.1279 0
      vertex 17.5 3 0
      vertex 14.8873 1.14446 0
    endloop
  endfacet
  facet normal 0 0 -1
    outer loop
      vertex 14.6662 1.10048 0
      vertex 17.5 3 0
      vertex 14.7756 1.1279 0
    endloop
  endfacet
  facet normal 0 0 -1
    outer loop
      vertex 14.5599 1.06246 0
      vertex 17.5 3 0
      vertex 14.6662 1.10048 0
    endloop
  endfacet
  facet normal 0 0 -1
    outer loop
      vertex 14.4579 1.01421 0
      vertex 17.5 3 0
      vertex 14.5599 1.06246 0
    endloop
  endfacet
  facet normal 0 0 -1
    outer loop
      vertex -14.4579 1.01421 0
      vertex 14.4579 1.01421 0
      vertex 14.3611 0.956189 0
    endloop
  endfacet
  facet normal 0 0 -1
    outer loop
      vertex -13.85 0 0
      vertex 13.8555 0.11272 0
      vertex 13.85 0 0
    endloop
  endfacet
  facet normal 0 0 -1
    outer loop
      vertex -13.8555 0.11272 0
      vertex 13.8555 0.11272 0
      vertex -13.85 0 0
    endloop
  endfacet
  facet normal 0 0 -1
    outer loop
      vertex 13.8555 0.11272 0
      vertex -13.8555 0.11272 0
      vertex 13.8721 0.224354 0
    endloop
  endfacet
  facet normal 0 0 -1
    outer loop
      vertex -13.8721 0.224354 0
      vertex 13.8721 0.224354 0
      vertex -13.8555 0.11272 0
    endloop
  endfacet
  facet normal 0 0 -1
    outer loop
      vertex 13.8721 0.224354 0
      vertex -13.8721 0.224354 0
      vertex 13.8995 0.333827 0
    endloop
  endfacet
  facet normal 0 0 -1
    outer loop
      vertex -13.8995 0.333827 0
      vertex 13.8995 0.333827 0
      vertex -13.8721 0.224354 0
    endloop
  endfacet
  facet normal 0 0 -1
    outer loop
      vertex 13.8995 0.333827 0
      vertex -13.8995 0.333827 0
      vertex 13.9375 0.440085 0
    endloop
  endfacet
  facet normal 0 0 -1
    outer loop
      vertex -13.9375 0.440085 0
      vertex 13.9375 0.440085 0
      vertex -13.8995 0.333827 0
    endloop
  endfacet
  facet normal 0 0 -1
    outer loop
      vertex 13.9375 0.440085 0
      vertex -13.9375 0.440085 0
      vertex 13.9858 0.542106 0
    endloop
  endfacet
  facet normal 0 0 -1
    outer loop
      vertex -13.9858 0.542106 0
      vertex 13.9858 0.542106 0
      vertex -13.9375 0.440085 0
    endloop
  endfacet
  facet normal 0 0 -1
    outer loop
      vertex 13.9858 0.542106 0
      vertex -13.9858 0.542106 0
      vertex 14.0438 0.638906 0
    endloop
  endfacet
  facet normal 0 0 -1
    outer loop
      vertex -14.0438 0.638906 0
      vertex 14.0438 0.638906 0
      vertex -13.9858 0.542106 0
    endloop
  endfacet
  facet normal 0 0 -1
    outer loop
      vertex 14.0438 0.638906 0
      vertex -14.0438 0.638906 0
      vertex 14.111 0.729552 0
    endloop
  endfacet
  facet normal 0 0 -1
    outer loop
      vertex -14.111 0.729552 0
      vertex 14.111 0.729552 0
      vertex -14.0438 0.638906 0
    endloop
  endfacet
  facet normal 0 0 -1
    outer loop
      vertex 14.111 0.729552 0
      vertex -14.111 0.729552 0
      vertex 14.1868 0.813172 0
    endloop
  endfacet
  facet normal 0 0 -1
    outer loop
      vertex -14.1868 0.813172 0
      vertex 14.1868 0.813172 0
      vertex -14.111 0.729552 0
    endloop
  endfacet
  facet normal 0 0 -1
    outer loop
      vertex 14.1868 0.813172 0
      vertex -14.1868 0.813172 0
      vertex 14.2704 0.888962 0
    endloop
  endfacet
  facet normal 0 0 -1
    outer loop
      vertex -14.2704 0.888962 0
      vertex 14.2704 0.888962 0
      vertex -14.1868 0.813172 0
    endloop
  endfacet
  facet normal 0 0 -1
    outer loop
      vertex 14.2704 0.888962 0
      vertex -14.2704 0.888962 0
      vertex 14.3611 0.956189 0
    endloop
  endfacet
  facet normal 0 0 -1
    outer loop
      vertex -14.3611 0.956189 0
      vertex 14.3611 0.956189 0
      vertex -14.2704 0.888962 0
    endloop
  endfacet
  facet normal 0 0 -1
    outer loop
      vertex -14.4579 1.01421 0
      vertex 14.3611 0.956189 0
      vertex -14.3611 0.956189 0
    endloop
  endfacet
  facet normal 0 0 -1
    outer loop
      vertex 14.4579 1.01421 0
      vertex -14.4579 1.01421 0
      vertex 17.5 3 0
    endloop
  endfacet
  facet normal 0 0 -1
    outer loop
      vertex -17.5 3 0
      vertex -14.4579 1.01421 0
      vertex -14.5599 1.06246 0
    endloop
  endfacet
  facet normal 0 0 -1
    outer loop
      vertex -17.5 3 0
      vertex -14.5599 1.06246 0
      vertex -14.6662 1.10048 0
    endloop
  endfacet
  facet normal 0 0 -1
    outer loop
      vertex -17.5 3 0
      vertex -14.6662 1.10048 0
      vertex -14.7756 1.1279 0
    endloop
  endfacet
  facet normal 0 0 -1
    outer loop
      vertex -17.5 3 0
      vertex -14.7756 1.1279 0
      vertex -14.8873 1.14446 0
    endloop
  endfacet
  facet normal 0 0 -1
    outer loop
      vertex -17.5 3 0
      vertex -14.8873 1.14446 0
      vertex -15 1.15 0
    endloop
  endfacet
  facet normal 0 0 -1
    outer loop
      vertex -17.5 3 0
      vertex -15 1.15 0
      vertex -15.1127 1.14446 0
    endloop
  endfacet
  facet normal 0 0 -1
    outer loop
      vertex -17.5 3 0
      vertex -16.15 0 0
      vertex -17.5 -3 0
    endloop
  endfacet
  facet normal 0 0 -1
    outer loop
      vertex -16.15 0 0
      vertex -17.5 3 0
      vertex -16.1445 0.11272 0
    endloop
  endfacet
  facet normal 0 0 -1
    outer loop
      vertex -16.1445 0.11272 0
      vertex -17.5 3 0
      vertex -16.1279 0.224354 0
    endloop
  endfacet
  facet normal 0 0 -1
    outer loop
      vertex -16.1279 0.224354 0
      vertex -17.5 3 0
      vertex -16.1005 0.333827 0
    endloop
  endfacet
  facet normal 0 0 -1
    outer loop
      vertex -14.4579 1.01421 0
      vertex -17.5 3 0
      vertex 17.5 3 0
    endloop
  endfacet
  facet normal 0 0 -1
    outer loop
      vertex -15.2244 1.1279 0
      vertex -17.5 3 0
      vertex -15.1127 1.14446 0
    endloop
  endfacet
  facet normal 0 0 -1
    outer loop
      vertex -15.3338 1.10048 0
      vertex -17.5 3 0
      vertex -15.2244 1.1279 0
    endloop
  endfacet
  facet normal 0 0 -1
    outer loop
      vertex -15.4401 1.06246 0
      vertex -17.5 3 0
      vertex -15.3338 1.10048 0
    endloop
  endfacet
  facet normal 0 0 -1
    outer loop
      vertex -15.5421 1.01421 0
      vertex -17.5 3 0
      vertex -15.4401 1.06246 0
    endloop
  endfacet
  facet normal 0 0 -1
    outer loop
      vertex -15.6389 0.956189 0
      vertex -17.5 3 0
      vertex -15.5421 1.01421 0
    endloop
  endfacet
  facet normal 0 0 -1
    outer loop
      vertex -15.7296 0.888962 0
      vertex -17.5 3 0
      vertex -15.6389 0.956189 0
    endloop
  endfacet
  facet normal 0 0 -1
    outer loop
      vertex -15.8132 0.813172 0
      vertex -17.5 3 0
      vertex -15.7296 0.888962 0
    endloop
  endfacet
  facet normal 0 0 -1
    outer loop
      vertex -15.889 0.729552 0
      vertex -17.5 3 0
      vertex -15.8132 0.813172 0
    endloop
  endfacet
  facet normal 0 0 -1
    outer loop
      vertex -15.9562 0.638906 0
      vertex -17.5 3 0
      vertex -15.889 0.729552 0
    endloop
  endfacet
  facet normal 0 0 -1
    outer loop
      vertex -16.0142 0.542106 0
      vertex -17.5 3 0
      vertex -15.9562 0.638906 0
    endloop
  endfacet
  facet normal 0 0 -1
    outer loop
      vertex -16.0625 0.440085 0
      vertex -17.5 3 0
      vertex -16.0142 0.542106 0
    endloop
  endfacet
  facet normal 0 0 -1
    outer loop
      vertex -16.1005 0.333827 0
      vertex -17.5 3 0
      vertex -16.0625 0.440085 0
    endloop
  endfacet
  facet normal 1 0 0
    outer loop
      vertex -12.5 3 25
      vertex -12.5 0 20
      vertex -12.5 3 20
    endloop
  endfacet
  facet normal 1 -0 0
    outer loop
      vertex -12.5 -3 25
      vertex -12.5 0 20
      vertex -12.5 3 25
    endloop
  endfacet
  facet normal 1 0 0
    outer loop
      vertex -12.5 0 20
      vertex -12.5 -3 25
      vertex -12.5 -3 20
    endloop
  endfacet
  facet normal 0 -1 0
    outer loop
      vertex 2.50829 -3 11.6069
      vertex 12.5 -3 20
      vertex 0.140457 -3 11.6069
    endloop
  endfacet
  facet normal 0 -1 0
    outer loop
      vertex 12.5 -3 20
      vertex 2.50829 -3 11.6069
      vertex 2.61877 -3 11.6119
    endloop
  endfacet
  facet normal 0 -1 0
    outer loop
      vertex 0.24501 -3 11.5919
      vertex 2.50829 -3 11.6069
      vertex 0.140457 -3 11.6069
    endloop
  endfacet
  facet normal 0 -1 0
    outer loop
      vertex 0.24501 -3 11.5919
      vertex 2.40375 -3 11.5919
      vertex 2.50829 -3 11.6069
    endloop
  endfacet
  facet normal 0 -1 0
    outer loop
      vertex 0.343597 -3 11.567
      vertex 2.40375 -3 11.5919
      vertex 0.24501 -3 11.5919
    endloop
  endfacet
  facet normal 0 -1 0
    outer loop
      vertex 0.343597 -3 11.567
      vertex 2.30515 -3 11.567
      vertex 2.40375 -3 11.5919
    endloop
  endfacet
  facet normal 0 -1 0
    outer loop
      vertex 0.436234 -3 11.5321
      vertex 2.30515 -3 11.567
      vertex 0.343597 -3 11.567
    endloop
  endfacet
  facet normal 0 -1 0
    outer loop
      vertex 0.436234 -3 11.5321
      vertex 2.21251 -3 11.5321
      vertex 2.30515 -3 11.567
    endloop
  endfacet
  facet normal 0 -1 0
    outer loop
      vertex 0.522919 -3 11.4872
      vertex 2.21251 -3 11.5321
      vertex 0.436234 -3 11.5321
    endloop
  endfacet
  facet normal 0 -1 0
    outer loop
      vertex 0.522919 -3 11.4872
      vertex 2.12582 -3 11.4872
      vertex 2.21251 -3 11.5321
    endloop
  endfacet
  facet normal 0 -1 0
    outer loop
      vertex 0.603653 -3 11.4323
      vertex 2.12582 -3 11.4872
      vertex 0.522919 -3 11.4872
    endloop
  endfacet
  facet normal 0 -1 0
    outer loop
      vertex 0.603653 -3 11.4323
      vertex 2.04509 -3 11.4323
      vertex 2.12582 -3 11.4872
    endloop
  endfacet
  facet normal 0 -1 0
    outer loop
      vertex 0.678436 -3 11.3675
      vertex 2.04509 -3 11.4323
      vertex 0.603653 -3 11.4323
    endloop
  endfacet
  facet normal 0 -1 0
    outer loop
      vertex 0.678436 -3 11.3675
      vertex 1.97031 -3 11.3675
      vertex 2.04509 -3 11.4323
    endloop
  endfacet
  facet normal 0 -1 0
    outer loop
      vertex 0.747269 -3 11.2926
      vertex 1.97031 -3 11.3675
      vertex 0.678436 -3 11.3675
    endloop
  endfacet
  facet normal 0 -1 0
    outer loop
      vertex 0.747269 -3 11.2926
      vertex 1.90147 -3 11.2926
      vertex 1.97031 -3 11.3675
    endloop
  endfacet
  facet normal 0 -1 0
    outer loop
      vertex 0.81015 -3 11.2079
      vertex 1.90147 -3 11.2926
      vertex 0.747269 -3 11.2926
    endloop
  endfacet
  facet normal 0 -1 0
    outer loop
      vertex 0.81015 -3 11.2079
      vertex 1.83861 -3 11.2079
      vertex 1.90147 -3 11.2926
    endloop
  endfacet
  facet normal 0 -1 0
    outer loop
      vertex 0.866714 -3 11.1136
      vertex 1.83861 -3 11.2079
      vertex 0.81015 -3 11.2079
    endloop
  endfacet
  facet normal 0 -1 0
    outer loop
      vertex 0.866714 -3 11.1136
      vertex 1.78203 -3 11.1136
      vertex 1.83861 -3 11.2079
    endloop
  endfacet
  facet normal 0 -1 0
    outer loop
      vertex 0.916626 -3 11.0103
      vertex 1.78203 -3 11.1136
      vertex 0.866714 -3 11.1136
    endloop
  endfacet
  facet normal 0 -1 0
    outer loop
      vertex 0.916626 -3 11.0103
      vertex 1.73212 -3 11.0103
      vertex 1.78203 -3 11.1136
    endloop
  endfacet
  facet normal 0 -1 0
    outer loop
      vertex 0.9599 -3 10.8979
      vertex 1.73212 -3 11.0103
      vertex 0.916626 -3 11.0103
    endloop
  endfacet
  facet normal 0 -1 0
    outer loop
      vertex 0.9599 -3 10.8979
      vertex 1.68886 -3 10.8979
      vertex 1.73212 -3 11.0103
    endloop
  endfacet
  facet normal 0 -1 0
    outer loop
      vertex 0.996506 -3 10.7766
      vertex 1.68886 -3 10.8979
      vertex 0.9599 -3 10.8979
    endloop
  endfacet
  facet normal 0 -1 0
    outer loop
      vertex 0.996506 -3 10.7766
      vertex 1.65225 -3 10.7766
      vertex 1.68886 -3 10.8979
    endloop
  endfacet
  facet normal 0 -1 0
    outer loop
      vertex 1.02644 -3 10.6462
      vertex 1.65225 -3 10.7766
      vertex 0.996506 -3 10.7766
    endloop
  endfacet
  facet normal 0 -1 0
    outer loop
      vertex 1.02644 -3 10.6462
      vertex 1.6223 -3 10.6462
      vertex 1.65225 -3 10.7766
    endloop
  endfacet
  facet normal 0 -1 0
    outer loop
      vertex 1.04974 -3 10.5068
      vertex 1.6223 -3 10.6462
      vertex 1.02644 -3 10.6462
    endloop
  endfacet
  facet normal 0 -1 0
    outer loop
      vertex 1.04974 -3 10.5068
      vertex 1.599 -3 10.5068
      vertex 1.6223 -3 10.6462
    endloop
  endfacet
  facet normal 0 -1 0
    outer loop
      vertex 1.06638 -3 10.3584
      vertex 1.599 -3 10.5068
      vertex 1.04974 -3 10.5068
    endloop
  endfacet
  facet normal 0 -1 0
    outer loop
      vertex 1.06638 -3 10.3584
      vertex 1.58237 -3 10.3584
      vertex 1.599 -3 10.5068
    endloop
  endfacet
  facet normal 0 -1 0
    outer loop
      vertex 1.07637 -3 10.201
      vertex 1.58237 -3 10.3584
      vertex 1.06638 -3 10.3584
    endloop
  endfacet
  facet normal 0 -1 0
    outer loop
      vertex 1.07637 -3 10.201
      vertex 1.57237 -3 10.201
      vertex 1.58237 -3 10.3584
    endloop
  endfacet
  facet normal 0 -1 0
    outer loop
      vertex 1.0797 -3 10.0345
      vertex 1.57237 -3 10.201
      vertex 1.07637 -3 10.201
    endloop
  endfacet
  facet normal 0 -1 0
    outer loop
      vertex 1.0797 -3 10.0345
      vertex 1.56905 -3 10.0345
      vertex 1.57237 -3 10.201
    endloop
  endfacet
  facet normal 0 -1 0
    outer loop
      vertex 1.07637 -3 9.86852
      vertex 1.56905 -3 10.0345
      vertex 1.0797 -3 10.0345
    endloop
  endfacet
  facet normal 0 -1 0
    outer loop
      vertex 1.07637 -3 9.86852
      vertex 1.57237 -3 9.86852
      vertex 1.56905 -3 10.0345
    endloop
  endfacet
  facet normal 0 -1 0
    outer loop
      vertex 1.06638 -3 9.71146
      vertex 1.57237 -3 9.86852
      vertex 1.07637 -3 9.86852
    endloop
  endfacet
  facet normal 0 -1 0
    outer loop
      vertex 1.06638 -3 9.71146
      vertex 1.58237 -3 9.71146
      vertex 1.57237 -3 9.86852
    endloop
  endfacet
  facet normal 0 -1 0
    outer loop
      vertex 1.04974 -3 9.56337
      vertex 1.58237 -3 9.71146
      vertex 1.06638 -3 9.71146
    endloop
  endfacet
  facet normal 0 -1 0
    outer loop
      vertex 1.04974 -3 9.56337
      vertex 1.599 -3 9.56337
      vertex 1.58237 -3 9.71146
    endloop
  endfacet
  facet normal 0 -1 0
    outer loop
      vertex 1.02644 -3 9.42424
      vertex 1.599 -3 9.56337
      vertex 1.04974 -3 9.56337
    endloop
  endfacet
  facet normal 0 -1 0
    outer loop
      vertex 1.02644 -3 9.42424
      vertex 1.6223 -3 9.42424
      vertex 1.599 -3 9.56337
    endloop
  endfacet
  facet normal 0 -1 0
    outer loop
      vertex 0.996506 -3 9.2941
      vertex 1.6223 -3 9.42424
      vertex 1.02644 -3 9.42424
    endloop
  endfacet
  facet normal 0 -1 0
    outer loop
      vertex 0.996506 -3 9.2941
      vertex 1.65225 -3 9.2941
      vertex 1.6223 -3 9.42424
    endloop
  endfacet
  facet normal 0 -1 0
    outer loop
      vertex 0.9599 -3 9.17293
      vertex 1.65225 -3 9.2941
      vertex 0.996506 -3 9.2941
    endloop
  endfacet
  facet normal 0 -1 0
    outer loop
      vertex 0.9599 -3 9.17293
      vertex 1.68886 -3 9.17293
      vertex 1.65225 -3 9.2941
    endloop
  endfacet
  facet normal 0 -1 0
    outer loop
      vertex 0.916626 -3 9.06071
      vertex 1.68886 -3 9.17293
      vertex 0.9599 -3 9.17293
    endloop
  endfacet
  facet normal 0 -1 0
    outer loop
      vertex 0.916626 -3 9.06071
      vertex 1.73212 -3 9.06071
      vertex 1.68886 -3 9.17293
    endloop
  endfacet
  facet normal 0 -1 0
    outer loop
      vertex 0.866714 -3 8.95749
      vertex 1.73212 -3 9.06071
      vertex 0.916626 -3 9.06071
    endloop
  endfacet
  facet normal 0 -1 0
    outer loop
      vertex 0.866714 -3 8.95749
      vertex 1.78203 -3 8.95749
      vertex 1.73212 -3 9.06071
    endloop
  endfacet
  facet normal 0 -1 0
    outer loop
      vertex 0.81015 -3 8.86322
      vertex 1.78203 -3 8.95749
      vertex 0.866714 -3 8.95749
    endloop
  endfacet
  facet normal 0 -1 0
    outer loop
      vertex 0.81015 -3 8.86322
      vertex 1.83861 -3 8.86322
      vertex 1.78203 -3 8.95749
    endloop
  endfacet
  facet normal 0 -1 0
    outer loop
      vertex 0.747269 -3 8.77843
      vertex 1.83861 -3 8.86322
      vertex 0.81015 -3 8.86322
    endloop
  endfacet
  facet normal 0 -1 0
    outer loop
      vertex 0.747269 -3 8.77843
      vertex 1.90147 -3 8.77843
      vertex 1.83861 -3 8.86322
    endloop
  endfacet
  facet normal 0 -1 0
    outer loop
      vertex 0.678436 -3 8.70361
      vertex 1.90147 -3 8.77843
      vertex 0.747269 -3 8.77843
    endloop
  endfacet
  facet normal 0 -1 0
    outer loop
      vertex 0.678436 -3 8.70361
      vertex 1.97031 -3 8.70361
      vertex 1.90147 -3 8.77843
    endloop
  endfacet
  facet normal 0 -1 0
    outer loop
      vertex 0.603653 -3 8.63878
      vertex 1.97031 -3 8.70361
      vertex 0.678436 -3 8.70361
    endloop
  endfacet
  facet normal 0 -1 0
    outer loop
      vertex 0.603653 -3 8.63878
      vertex 2.04509 -3 8.63878
      vertex 1.97031 -3 8.70361
    endloop
  endfacet
  facet normal 0 -1 0
    outer loop
      vertex 0.522919 -3 8.58392
      vertex 2.04509 -3 8.63878
      vertex 0.603653 -3 8.63878
    endloop
  endfacet
  facet normal 0 -1 0
    outer loop
      vertex 0.522919 -3 8.58392
      vertex 2.12582 -3 8.58392
      vertex 2.04509 -3 8.63878
    endloop
  endfacet
  facet normal 0 -1 0
    outer loop
      vertex 0.436234 -3 8.53903
      vertex 2.12582 -3 8.58392
      vertex 0.522919 -3 8.58392
    endloop
  endfacet
  facet normal 0 -1 0
    outer loop
      vertex 0.436234 -3 8.53903
      vertex 2.21251 -3 8.53903
      vertex 2.12582 -3 8.58392
    endloop
  endfacet
  facet normal 0 -1 0
    outer loop
      vertex 0.343597 -3 8.50412
      vertex 2.21251 -3 8.53903
      vertex 0.436234 -3 8.53903
    endloop
  endfacet
  facet normal 0 -1 0
    outer loop
      vertex 0.343597 -3 8.50412
      vertex 2.30515 -3 8.50412
      vertex 2.21251 -3 8.53903
    endloop
  endfacet
  facet normal 0 -1 0
    outer loop
      vertex 0.24501 -3 8.47919
      vertex 2.30515 -3 8.50412
      vertex 0.343597 -3 8.50412
    endloop
  endfacet
  facet normal 0 -1 0
    outer loop
      vertex 0.24501 -3 8.47919
      vertex 2.40375 -3 8.47919
      vertex 2.30515 -3 8.50412
    endloop
  endfacet
  facet normal 0 -1 0
    outer loop
      vertex 0.140457 -3 8.46422
      vertex 2.40375 -3 8.47919
      vertex 0.24501 -3 8.47919
    endloop
  endfacet
  facet normal 0 -1 0
    outer loop
      vertex 0.140457 -3 8.46422
      vertex 2.50829 -3 8.46422
      vertex 2.40375 -3 8.47919
    endloop
  endfacet
  facet normal 0 -1 0
    outer loop
      vertex 17.5 -3 0
      vertex 0.140457 -3 8.46422
      vertex 0.0299683 -3 8.45924
    endloop
  endfacet
  facet normal 0 -1 0
    outer loop
      vertex 0.140457 -3 8.46422
      vertex 17.5 -3 0
      vertex 2.50829 -3 8.46422
    endloop
  endfacet
  facet normal 0 -1 0
    outer loop
      vertex -17.5 -3 25
      vertex -12.5 -3 20
      vertex -12.5 -3 25
    endloop
  endfacet
  facet normal 0 -1 0
    outer loop
      vertex -12.5 -3 20
      vertex 0.0299683 -3 11.6119
      vertex 12.5 -3 20
    endloop
  endfacet
  facet normal 0 -1 0
    outer loop
      vertex -12.5 -3 20
      vertex -0.0805206 -3 11.6069
      vertex 0.0299683 -3 11.6119
    endloop
  endfacet
  facet normal 0 -1 0
    outer loop
      vertex -2.28827 -3 11.5562
      vertex -0.0805206 -3 11.6069
      vertex -12.5 -3 20
    endloop
  endfacet
  facet normal 0 -1 0
    outer loop
      vertex -0.0805206 -3 11.6069
      vertex -2.28827 -3 11.5562
      vertex -0.185059 -3 11.5919
    endloop
  endfacet
  facet normal 0 -1 0
    outer loop
      vertex -2.28827 -3 11.5562
      vertex -12.5 -3 20
      vertex -2.6992 -3 11.5562
    endloop
  endfacet
  facet normal 0 -1 0
    outer loop
      vertex -12.5 -3 20
      vertex -3.42548 -3 11.4103
      vertex -2.6992 -3 11.5562
    endloop
  endfacet
  facet normal 0 -1 0
    outer loop
      vertex -12.5 -3 20
      vertex -3.42548 -3 11.0359
      vertex -3.42548 -3 11.4103
    endloop
  endfacet
  facet normal 0 -1 0
    outer loop
      vertex -12.5 -3 20
      vertex -3.3665 -3 8.86436
      vertex -3.42548 -3 11.0359
    endloop
  endfacet
  facet normal 0 -1 0
    outer loop
      vertex -17.5 -3 0
      vertex -12.5 -3 20
      vertex -17.5 -3 25
    endloop
  endfacet
  facet normal 0 -1 -0
    outer loop
      vertex -12.5 -3 20
      vertex -17.5 -3 0
      vertex -3.3665 -3 8.86436
    endloop
  endfacet
  facet normal 0 -1 0
    outer loop
      vertex -17.5 -3 0
      vertex -1.61693 -3 8.51875
      vertex -3.3665 -3 8.51875
    endloop
  endfacet
  facet normal 0 -1 0
    outer loop
      vertex -1.61693 -3 8.51875
      vertex -0.185059 -3 8.47919
      vertex -0.283661 -3 8.50412
    endloop
  endfacet
  facet normal 0 -1 0
    outer loop
      vertex -1.61693 -3 8.51875
      vertex -0.0805206 -3 8.46422
      vertex -0.185059 -3 8.47919
    endloop
  endfacet
  facet normal 0 -1 -0
    outer loop
      vertex -1.61693 -3 8.51875
      vertex -17.5 -3 0
      vertex -0.0805206 -3 8.46422
    endloop
  endfacet
  facet normal 0 -1 0
    outer loop
      vertex 17.5 -3 0
      vertex 0.0299683 -3 8.45924
      vertex -17.5 -3 0
    endloop
  endfacet
  facet normal 0 -1 -0
    outer loop
      vertex -0.0805206 -3 8.46422
      vertex -17.5 -3 0
      vertex 0.0299683 -3 8.45924
    endloop
  endfacet
  facet normal 0 -1 -0
    outer loop
      vertex -3.3665 -3 8.86436
      vertex -17.5 -3 0
      vertex -3.3665 -3 8.51875
    endloop
  endfacet
  facet normal 0 -1 0
    outer loop
      vertex 12.5 -3 20
      vertex 17.5 -3 25
      vertex 12.5 -3 25
    endloop
  endfacet
  facet normal 0 -1 0
    outer loop
      vertex 0.140457 -3 11.6069
      vertex 12.5 -3 20
      vertex 0.0299683 -3 11.6119
    endloop
  endfacet
  facet normal 0 -1 0
    outer loop
      vertex 2.72928 -3 11.6069
      vertex 12.5 -3 20
      vertex 2.61877 -3 11.6119
    endloop
  endfacet
  facet normal 0 -1 0
    outer loop
      vertex 2.83382 -3 11.5919
      vertex 12.5 -3 20
      vertex 2.72928 -3 11.6069
    endloop
  endfacet
  facet normal 0 -1 0
    outer loop
      vertex 2.93242 -3 11.567
      vertex 12.5 -3 20
      vertex 2.83382 -3 11.5919
    endloop
  endfacet
  facet normal 0 -1 0
    outer loop
      vertex 3.02505 -3 11.5321
      vertex 12.5 -3 20
      vertex 2.93242 -3 11.567
    endloop
  endfacet
  facet normal 0 -1 0
    outer loop
      vertex 3.11174 -3 11.4872
      vertex 12.5 -3 20
      vertex 3.02505 -3 11.5321
    endloop
  endfacet
  facet normal 0 -1 0
    outer loop
      vertex 3.19247 -3 11.4323
      vertex 12.5 -3 20
      vertex 3.11174 -3 11.4872
    endloop
  endfacet
  facet normal 0 -1 0
    outer loop
      vertex 3.26726 -3 11.3675
      vertex 12.5 -3 20
      vertex 3.19247 -3 11.4323
    endloop
  endfacet
  facet normal 0 -1 0
    outer loop
      vertex 3.33609 -3 11.2926
      vertex 12.5 -3 20
      vertex 3.26726 -3 11.3675
    endloop
  endfacet
  facet normal 0 -1 0
    outer loop
      vertex 3.39896 -3 11.2079
      vertex 12.5 -3 20
      vertex 3.33609 -3 11.2926
    endloop
  endfacet
  facet normal 0 -1 0
    outer loop
      vertex 3.45554 -3 11.1136
      vertex 12.5 -3 20
      vertex 3.39896 -3 11.2079
    endloop
  endfacet
  facet normal 0 -1 0
    outer loop
      vertex 3.50545 -3 11.0103
      vertex 12.5 -3 20
      vertex 3.45554 -3 11.1136
    endloop
  endfacet
  facet normal 0 -1 0
    outer loop
      vertex 3.54871 -3 10.8979
      vertex 12.5 -3 20
      vertex 3.50545 -3 11.0103
    endloop
  endfacet
  facet normal 0 -1 0
    outer loop
      vertex 3.58531 -3 10.7766
      vertex 12.5 -3 20
      vertex 3.54871 -3 10.8979
    endloop
  endfacet
  facet normal 0 -1 0
    outer loop
      vertex 3.61526 -3 10.6462
      vertex 12.5 -3 20
      vertex 3.58531 -3 10.7766
    endloop
  endfacet
  facet normal 0 -1 0
    outer loop
      vertex 3.63857 -3 10.5068
      vertex 12.5 -3 20
      vertex 3.61526 -3 10.6462
    endloop
  endfacet
  facet normal 0 -1 0
    outer loop
      vertex 3.6552 -3 10.3584
      vertex 12.5 -3 20
      vertex 3.63857 -3 10.5068
    endloop
  endfacet
  facet normal 0 -1 0
    outer loop
      vertex 3.66518 -3 10.201
      vertex 12.5 -3 20
      vertex 3.6552 -3 10.3584
    endloop
  endfacet
  facet normal 0 -1 0
    outer loop
      vertex 3.66852 -3 10.0345
      vertex 12.5 -3 20
      vertex 3.66518 -3 10.201
    endloop
  endfacet
  facet normal 0 -1 -0
    outer loop
      vertex 12.5 -3 20
      vertex 3.66852 -3 10.0345
      vertex 17.5 -3 0
    endloop
  endfacet
  facet normal 0 -1 0
    outer loop
      vertex 17.5 -3 0
      vertex 3.66852 -3 10.0345
      vertex 3.66518 -3 9.86852
    endloop
  endfacet
  facet normal 0 -1 0
    outer loop
      vertex 17.5 -3 0
      vertex 3.66518 -3 9.86852
      vertex 3.6552 -3 9.71146
    endloop
  endfacet
  facet normal 0 -1 0
    outer loop
      vertex 17.5 -3 0
      vertex 3.6552 -3 9.71146
      vertex 3.63857 -3 9.56337
    endloop
  endfacet
  facet normal 0 -1 0
    outer loop
      vertex 17.5 -3 0
      vertex 3.63857 -3 9.56337
      vertex 3.61526 -3 9.42424
    endloop
  endfacet
  facet normal 0 -1 0
    outer loop
      vertex 17.5 -3 0
      vertex 3.61526 -3 9.42424
      vertex 3.58531 -3 9.2941
    endloop
  endfacet
  facet normal 0 -1 0
    outer loop
      vertex 17.5 -3 0
      vertex 3.58531 -3 9.2941
      vertex 3.54871 -3 9.17293
    endloop
  endfacet
  facet normal 0 -1 0
    outer loop
      vertex 17.5 -3 0
      vertex 3.54871 -3 9.17293
      vertex 3.50545 -3 9.06071
    endloop
  endfacet
  facet normal 0 -1 0
    outer loop
      vertex 17.5 -3 0
      vertex 3.50545 -3 9.06071
      vertex 3.45554 -3 8.95749
    endloop
  endfacet
  facet normal 0 -1 0
    outer loop
      vertex 17.5 -3 0
      vertex 3.45554 -3 8.95749
      vertex 3.39896 -3 8.86322
    endloop
  endfacet
  facet normal 0 -1 0
    outer loop
      vertex 17.5 -3 0
      vertex 3.39896 -3 8.86322
      vertex 3.33609 -3 8.77843
    endloop
  endfacet
  facet normal 0 -1 0
    outer loop
      vertex 2.50829 -3 8.46422
      vertex 17.5 -3 0
      vertex 2.61877 -3 8.45924
    endloop
  endfacet
  facet normal 0 -1 0
    outer loop
      vertex 2.61877 -3 8.45924
      vertex 17.5 -3 0
      vertex 2.72928 -3 8.46422
    endloop
  endfacet
  facet normal 0 -1 0
    outer loop
      vertex 2.72928 -3 8.46422
      vertex 17.5 -3 0
      vertex 2.83382 -3 8.47919
    endloop
  endfacet
  facet normal 0 -1 0
    outer loop
      vertex 2.83382 -3 8.47919
      vertex 17.5 -3 0
      vertex 2.93242 -3 8.50412
    endloop
  endfacet
  facet normal 0 -1 0
    outer loop
      vertex 12.5 -3 20
      vertex 17.5 -3 0
      vertex 17.5 -3 25
    endloop
  endfacet
  facet normal 0 -1 0
    outer loop
      vertex 3.26726 -3 8.70361
      vertex 17.5 -3 0
      vertex 3.33609 -3 8.77843
    endloop
  endfacet
  facet normal 0 -1 0
    outer loop
      vertex 3.19247 -3 8.63878
      vertex 17.5 -3 0
      vertex 3.26726 -3 8.70361
    endloop
  endfacet
  facet normal 0 -1 0
    outer loop
      vertex 3.11174 -3 8.58392
      vertex 17.5 -3 0
      vertex 3.19247 -3 8.63878
    endloop
  endfacet
  facet normal 0 -1 0
    outer loop
      vertex 3.02505 -3 8.53903
      vertex 17.5 -3 0
      vertex 3.11174 -3 8.58392
    endloop
  endfacet
  facet normal 0 -1 0
    outer loop
      vertex 2.93242 -3 8.50412
      vertex 17.5 -3 0
      vertex 3.02505 -3 8.53903
    endloop
  endfacet
  facet normal 0 -1 0
    outer loop
      vertex -0.185059 -3 11.5919
      vertex -2.28827 -3 11.5562
      vertex -0.283661 -3 11.567
    endloop
  endfacet
  facet normal 0 -1 0
    outer loop
      vertex -2.28827 -3 11.5562
      vertex -0.376297 -3 11.5321
      vertex -0.283661 -3 11.567
    endloop
  endfacet
  facet normal 0 -1 0
    outer loop
      vertex -2.28827 -3 11.5562
      vertex -0.462982 -3 11.4872
      vertex -0.376297 -3 11.5321
    endloop
  endfacet
  facet normal 0 -1 0
    outer loop
      vertex -2.28827 -3 11.5562
      vertex -0.543716 -3 11.4323
      vertex -0.462982 -3 11.4872
    endloop
  endfacet
  facet normal 0 -1 0
    outer loop
      vertex -2.28827 -3 11.5562
      vertex -0.6185 -3 11.3675
      vertex -0.543716 -3 11.4323
    endloop
  endfacet
  facet normal 0 -1 0
    outer loop
      vertex -2.28827 -3 11.5562
      vertex -0.687332 -3 11.2926
      vertex -0.6185 -3 11.3675
    endloop
  endfacet
  facet normal 0 -1 0
    outer loop
      vertex -2.28827 -3 11.5562
      vertex -0.750198 -3 11.2079
      vertex -0.687332 -3 11.2926
    endloop
  endfacet
  facet normal 0 -1 0
    outer loop
      vertex -2.28827 -3 11.5562
      vertex -0.806778 -3 11.1136
      vertex -0.750198 -3 11.2079
    endloop
  endfacet
  facet normal 0 -1 0
    outer loop
      vertex -2.28827 -3 11.5562
      vertex -0.856689 -3 11.0103
      vertex -0.806778 -3 11.1136
    endloop
  endfacet
  facet normal 0 -1 0
    outer loop
      vertex -2.28827 -3 11.5562
      vertex -0.899948 -3 10.8979
      vertex -0.856689 -3 11.0103
    endloop
  endfacet
  facet normal 0 -1 0
    outer loop
      vertex -2.28827 -3 11.5562
      vertex -0.936554 -3 10.7766
      vertex -0.899948 -3 10.8979
    endloop
  endfacet
  facet normal 0 -1 0
    outer loop
      vertex -2.28827 -3 11.5562
      vertex -0.966507 -3 10.6462
      vertex -0.936554 -3 10.7766
    endloop
  endfacet
  facet normal 0 -1 0
    outer loop
      vertex -2.28827 -3 11.5562
      vertex -0.989807 -3 10.5068
      vertex -0.966507 -3 10.6462
    endloop
  endfacet
  facet normal 0 -1 0
    outer loop
      vertex -2.28827 -3 11.5562
      vertex -1.00644 -3 10.3584
      vertex -0.989807 -3 10.5068
    endloop
  endfacet
  facet normal 0 -1 0
    outer loop
      vertex -2.28827 -3 11.5562
      vertex -1.01642 -3 10.201
      vertex -1.00644 -3 10.3584
    endloop
  endfacet
  facet normal 0 -1 0
    outer loop
      vertex -2.28827 -3 8.86436
      vertex -1.01642 -3 10.201
      vertex -2.28827 -3 11.5562
    endloop
  endfacet
  facet normal 0 -1 0
    outer loop
      vertex -1.01642 -3 10.201
      vertex -2.28827 -3 8.86436
      vertex -1.01974 -3 10.0345
    endloop
  endfacet
  facet normal 0 -1 -0
    outer loop
      vertex -1.01974 -3 10.0345
      vertex -2.28827 -3 8.86436
      vertex -1.01642 -3 9.86852
    endloop
  endfacet
  facet normal 0 -1 0
    outer loop
      vertex -1.61693 -3 8.86436
      vertex -1.01642 -3 9.86852
      vertex -2.28827 -3 8.86436
    endloop
  endfacet
  facet normal 0 -1 -0
    outer loop
      vertex -1.01642 -3 9.86852
      vertex -1.61693 -3 8.86436
      vertex -1.00644 -3 9.71146
    endloop
  endfacet
  facet normal 0 -1 -0
    outer loop
      vertex -1.00644 -3 9.71146
      vertex -1.61693 -3 8.86436
      vertex -0.989807 -3 9.56337
    endloop
  endfacet
  facet normal 0 -1 -0
    outer loop
      vertex -0.989807 -3 9.56337
      vertex -1.61693 -3 8.86436
      vertex -0.966507 -3 9.42424
    endloop
  endfacet
  facet normal 0 -1 -0
    outer loop
      vertex -0.936554 -3 9.2941
      vertex -1.61693 -3 8.86436
      vertex -0.899948 -3 9.17293
    endloop
  endfacet
  facet normal 0 -1 -0
    outer loop
      vertex -0.899948 -3 9.17293
      vertex -1.61693 -3 8.86436
      vertex -0.856689 -3 9.06071
    endloop
  endfacet
  facet normal 0 -1 -0
    outer loop
      vertex -0.966507 -3 9.42424
      vertex -1.61693 -3 8.86436
      vertex -0.936554 -3 9.2941
    endloop
  endfacet
  facet normal 0 -1 -0
    outer loop
      vertex -0.856689 -3 9.06071
      vertex -1.61693 -3 8.86436
      vertex -0.806778 -3 8.95749
    endloop
  endfacet
  facet normal 0 -1 0
    outer loop
      vertex -1.61693 -3 8.51875
      vertex -0.806778 -3 8.95749
      vertex -1.61693 -3 8.86436
    endloop
  endfacet
  facet normal 0 -1 -0
    outer loop
      vertex -0.806778 -3 8.95749
      vertex -1.61693 -3 8.51875
      vertex -0.750198 -3 8.86322
    endloop
  endfacet
  facet normal 0 -1 -0
    outer loop
      vertex -0.750198 -3 8.86322
      vertex -1.61693 -3 8.51875
      vertex -0.687332 -3 8.77843
    endloop
  endfacet
  facet normal 0 -1 -0
    outer loop
      vertex -0.687332 -3 8.77843
      vertex -1.61693 -3 8.51875
      vertex -0.6185 -3 8.70361
    endloop
  endfacet
  facet normal 0 -1 -0
    outer loop
      vertex -0.6185 -3 8.70361
      vertex -1.61693 -3 8.51875
      vertex -0.543716 -3 8.63878
    endloop
  endfacet
  facet normal 0 -1 -0
    outer loop
      vertex -0.543716 -3 8.63878
      vertex -1.61693 -3 8.51875
      vertex -0.462982 -3 8.58392
    endloop
  endfacet
  facet normal 0 -1 -0
    outer loop
      vertex -0.462982 -3 8.58392
      vertex -1.61693 -3 8.51875
      vertex -0.376297 -3 8.53903
    endloop
  endfacet
  facet normal 0 -1 -0
    outer loop
      vertex -0.376297 -3 8.53903
      vertex -1.61693 -3 8.51875
      vertex -0.283661 -3 8.50412
    endloop
  endfacet
  facet normal 0 -1 0
    outer loop
      vertex -2.69513 -3 8.86436
      vertex -3.42548 -3 11.0359
      vertex -3.3665 -3 8.86436
    endloop
  endfacet
  facet normal 0 -1 0
    outer loop
      vertex -3.42548 -3 11.0359
      vertex -2.69513 -3 8.86436
      vertex -2.69513 -3 11.1818
    endloop
  endfacet
  facet normal 0 -1 0
    outer loop
      vertex -0.368317 -3 11.0966
      vertex 0.0299683 -3 11.2855
      vertex -0.0386047 -3 11.2816
    endloop
  endfacet
  facet normal 0 -1 0
    outer loop
      vertex -0.368317 -3 11.0966
      vertex -0.0386047 -3 11.2816
      vertex -0.103287 -3 11.2701
    endloop
  endfacet
  facet normal 0 -1 0
    outer loop
      vertex 0.430206 -3 11.0966
      vertex 0.0299683 -3 11.2855
      vertex -0.368317 -3 11.0966
    endloop
  endfacet
  facet normal 0 -1 0
    outer loop
      vertex -0.323105 -3 11.1467
      vertex -0.103287 -3 11.2701
      vertex -0.164078 -3 11.2508
    endloop
  endfacet
  facet normal 0 -1 0
    outer loop
      vertex -0.368317 -3 11.0966
      vertex -0.103287 -3 11.2701
      vertex -0.323105 -3 11.1467
    endloop
  endfacet
  facet normal 0 -1 0
    outer loop
      vertex -0.273987 -3 11.1891
      vertex -0.164078 -3 11.2508
      vertex -0.220978 -3 11.2238
    endloop
  endfacet
  facet normal 0 -1 0
    outer loop
      vertex -0.323105 -3 11.1467
      vertex -0.164078 -3 11.2508
      vertex -0.273987 -3 11.1891
    endloop
  endfacet
  facet normal 0 -1 0
    outer loop
      vertex 0.0299683 -3 11.2855
      vertex 0.430206 -3 11.0966
      vertex 0.0989685 -3 11.2816
    endloop
  endfacet
  facet normal 0 -1 0
    outer loop
      vertex 0.225159 -3 11.2508
      vertex 0.335571 -3 11.1891
      vertex 0.282333 -3 11.2238
    endloop
  endfacet
  facet normal 0 -1 0
    outer loop
      vertex 0.164032 -3 11.2701
      vertex 0.384857 -3 11.1467
      vertex 0.225159 -3 11.2508
    endloop
  endfacet
  facet normal 0 -1 0
    outer loop
      vertex 0.225159 -3 11.2508
      vertex 0.384857 -3 11.1467
      vertex 0.335571 -3 11.1891
    endloop
  endfacet
  facet normal 0 -1 0
    outer loop
      vertex 0.0989685 -3 11.2816
      vertex 0.430206 -3 11.0966
      vertex 0.164032 -3 11.2701
    endloop
  endfacet
  facet normal 0 -1 0
    outer loop
      vertex 0.164032 -3 11.2701
      vertex 0.430206 -3 11.0966
      vertex 0.384857 -3 11.1467
    endloop
  endfacet
  facet normal 0 -1 0
    outer loop
      vertex -0.409653 -3 11.0388
      vertex 0.430206 -3 11.0966
      vertex -0.368317 -3 11.0966
    endloop
  endfacet
  facet normal 0 -1 0
    outer loop
      vertex -0.409653 -3 11.0388
      vertex 0.471603 -3 11.0388
      vertex 0.430206 -3 11.0966
    endloop
  endfacet
  facet normal 0 -1 0
    outer loop
      vertex -0.447083 -3 10.9732
      vertex 0.471603 -3 11.0388
      vertex -0.409653 -3 11.0388
    endloop
  endfacet
  facet normal 0 -1 0
    outer loop
      vertex -0.447083 -3 10.9732
      vertex 0.509064 -3 10.9732
      vertex 0.471603 -3 11.0388
    endloop
  endfacet
  facet normal 0 -1 0
    outer loop
      vertex -0.480591 -3 10.9
      vertex 0.509064 -3 10.9732
      vertex -0.447083 -3 10.9732
    endloop
  endfacet
  facet normal 0 -1 0
    outer loop
      vertex -0.480591 -3 10.9
      vertex 0.542572 -3 10.9
      vertex 0.509064 -3 10.9732
    endloop
  endfacet
  facet normal 0 -1 0
    outer loop
      vertex -0.510162 -3 10.8189
      vertex 0.542572 -3 10.9
      vertex -0.480591 -3 10.9
    endloop
  endfacet
  facet normal 0 -1 0
    outer loop
      vertex -0.510162 -3 10.8189
      vertex 0.572144 -3 10.8189
      vertex 0.542572 -3 10.9
    endloop
  endfacet
  facet normal 0 -1 0
    outer loop
      vertex -0.535797 -3 10.7302
      vertex 0.572144 -3 10.8189
      vertex -0.510162 -3 10.8189
    endloop
  endfacet
  facet normal 0 -1 0
    outer loop
      vertex -0.535797 -3 10.7302
      vertex 0.597778 -3 10.7302
      vertex 0.572144 -3 10.8189
    endloop
  endfacet
  facet normal 0 -1 0
    outer loop
      vertex -0.55748 -3 10.6336
      vertex 0.597778 -3 10.7302
      vertex -0.535797 -3 10.7302
    endloop
  endfacet
  facet normal 0 -1 0
    outer loop
      vertex -0.55748 -3 10.6336
      vertex 0.619461 -3 10.6336
      vertex 0.597778 -3 10.7302
    endloop
  endfacet
  facet normal 0 -1 0
    outer loop
      vertex -0.575226 -3 10.5293
      vertex 0.619461 -3 10.6336
      vertex -0.55748 -3 10.6336
    endloop
  endfacet
  facet normal 0 -1 0
    outer loop
      vertex -0.575226 -3 10.5293
      vertex 0.637207 -3 10.5293
      vertex 0.619461 -3 10.6336
    endloop
  endfacet
  facet normal 0 -1 0
    outer loop
      vertex -0.589035 -3 10.4173
      vertex 0.637207 -3 10.5293
      vertex -0.575226 -3 10.5293
    endloop
  endfacet
  facet normal 0 -1 0
    outer loop
      vertex -0.589035 -3 10.4173
      vertex 0.651016 -3 10.4173
      vertex 0.637207 -3 10.5293
    endloop
  endfacet
  facet normal 0 -1 0
    outer loop
      vertex -0.598892 -3 10.2974
      vertex 0.651016 -3 10.4173
      vertex -0.589035 -3 10.4173
    endloop
  endfacet
  facet normal 0 -1 0
    outer loop
      vertex -0.598892 -3 10.2974
      vertex 0.660873 -3 10.2974
      vertex 0.651016 -3 10.4173
    endloop
  endfacet
  facet normal 0 -1 0
    outer loop
      vertex -0.604797 -3 10.1699
      vertex 0.660873 -3 10.2974
      vertex -0.598892 -3 10.2974
    endloop
  endfacet
  facet normal 0 -1 0
    outer loop
      vertex -0.604797 -3 10.1699
      vertex 0.666779 -3 10.1699
      vertex 0.660873 -3 10.2974
    endloop
  endfacet
  facet normal 0 -1 0
    outer loop
      vertex -0.606766 -3 10.0345
      vertex 0.666779 -3 10.1699
      vertex -0.604797 -3 10.1699
    endloop
  endfacet
  facet normal 0 -1 0
    outer loop
      vertex -0.606766 -3 10.0345
      vertex 0.668747 -3 10.0345
      vertex 0.666779 -3 10.1699
    endloop
  endfacet
  facet normal 0 -1 0
    outer loop
      vertex -0.604797 -3 9.89963
      vertex 0.668747 -3 10.0345
      vertex -0.606766 -3 10.0345
    endloop
  endfacet
  facet normal 0 -1 0
    outer loop
      vertex -0.604797 -3 9.89963
      vertex 0.666779 -3 9.89963
      vertex 0.668747 -3 10.0345
    endloop
  endfacet
  facet normal 0 -1 0
    outer loop
      vertex -0.598892 -3 9.77242
      vertex 0.666779 -3 9.89963
      vertex -0.604797 -3 9.89963
    endloop
  endfacet
  facet normal 0 -1 0
    outer loop
      vertex -0.598892 -3 9.77242
      vertex 0.660873 -3 9.77242
      vertex 0.666779 -3 9.89963
    endloop
  endfacet
  facet normal 0 -1 0
    outer loop
      vertex -0.589035 -3 9.65292
      vertex 0.660873 -3 9.77242
      vertex -0.598892 -3 9.77242
    endloop
  endfacet
  facet normal 0 -1 0
    outer loop
      vertex -0.589035 -3 9.65292
      vertex 0.651016 -3 9.65292
      vertex 0.660873 -3 9.77242
    endloop
  endfacet
  facet normal 0 -1 0
    outer loop
      vertex -0.575226 -3 9.54114
      vertex 0.651016 -3 9.65292
      vertex -0.589035 -3 9.65292
    endloop
  endfacet
  facet normal 0 -1 0
    outer loop
      vertex -0.575226 -3 9.54114
      vertex 0.637207 -3 9.54114
      vertex 0.651016 -3 9.65292
    endloop
  endfacet
  facet normal 0 -1 0
    outer loop
      vertex -0.55748 -3 9.43707
      vertex 0.637207 -3 9.54114
      vertex -0.575226 -3 9.54114
    endloop
  endfacet
  facet normal 0 -1 0
    outer loop
      vertex -0.55748 -3 9.43707
      vertex 0.619461 -3 9.43707
      vertex 0.637207 -3 9.54114
    endloop
  endfacet
  facet normal 0 -1 0
    outer loop
      vertex -0.535797 -3 9.3407
      vertex 0.619461 -3 9.43707
      vertex -0.55748 -3 9.43707
    endloop
  endfacet
  facet normal 0 -1 0
    outer loop
      vertex -0.535797 -3 9.3407
      vertex 0.597778 -3 9.3407
      vertex 0.619461 -3 9.43707
    endloop
  endfacet
  facet normal 0 -1 0
    outer loop
      vertex -0.510162 -3 9.25204
      vertex 0.597778 -3 9.3407
      vertex -0.535797 -3 9.3407
    endloop
  endfacet
  facet normal 0 -1 0
    outer loop
      vertex -0.510162 -3 9.25204
      vertex 0.572144 -3 9.25204
      vertex 0.597778 -3 9.3407
    endloop
  endfacet
  facet normal 0 -1 0
    outer loop
      vertex -0.480591 -3 9.17108
      vertex 0.572144 -3 9.25204
      vertex -0.510162 -3 9.25204
    endloop
  endfacet
  facet normal 0 -1 0
    outer loop
      vertex -0.480591 -3 9.17108
      vertex 0.542572 -3 9.17108
      vertex 0.572144 -3 9.25204
    endloop
  endfacet
  facet normal 0 -1 0
    outer loop
      vertex -0.447083 -3 9.09785
      vertex 0.542572 -3 9.17108
      vertex -0.480591 -3 9.17108
    endloop
  endfacet
  facet normal 0 -1 0
    outer loop
      vertex -0.447083 -3 9.09785
      vertex 0.509064 -3 9.09785
      vertex 0.542572 -3 9.17108
    endloop
  endfacet
  facet normal 0 -1 0
    outer loop
      vertex -0.409653 -3 9.03232
      vertex 0.509064 -3 9.09785
      vertex -0.447083 -3 9.09785
    endloop
  endfacet
  facet normal 0 -1 0
    outer loop
      vertex -0.409653 -3 9.03232
      vertex 0.471603 -3 9.03232
      vertex 0.509064 -3 9.09785
    endloop
  endfacet
  facet normal 0 -1 0
    outer loop
      vertex -0.368317 -3 8.9745
      vertex 0.471603 -3 9.03232
      vertex -0.409653 -3 9.03232
    endloop
  endfacet
  facet normal 0 -1 0
    outer loop
      vertex -0.368317 -3 8.9745
      vertex 0.430206 -3 8.9745
      vertex 0.471603 -3 9.03232
    endloop
  endfacet
  facet normal 0 -1 0
    outer loop
      vertex 0.0299683 -3 8.78564
      vertex -0.368317 -3 8.9745
      vertex -0.323105 -3 8.92439
    endloop
  endfacet
  facet normal 0 -1 0
    outer loop
      vertex -0.368317 -3 8.9745
      vertex 0.0299683 -3 8.78564
      vertex 0.430206 -3 8.9745
    endloop
  endfacet
  facet normal 0 -1 0
    outer loop
      vertex -0.0386047 -3 8.78949
      vertex -0.323105 -3 8.92439
      vertex -0.273987 -3 8.882
    endloop
  endfacet
  facet normal 0 -1 0
    outer loop
      vertex 0.430206 -3 8.9745
      vertex 0.0299683 -3 8.78564
      vertex 0.384857 -3 8.92439
    endloop
  endfacet
  facet normal 0 -1 0
    outer loop
      vertex -0.0386047 -3 8.78949
      vertex -0.273987 -3 8.882
      vertex -0.220978 -3 8.84731
    endloop
  endfacet
  facet normal -0 -1 0
    outer loop
      vertex 0.0989685 -3 8.78949
      vertex 0.384857 -3 8.92439
      vertex 0.0299683 -3 8.78564
    endloop
  endfacet
  facet normal 0 -1 0
    outer loop
      vertex -0.0386047 -3 8.78949
      vertex -0.220978 -3 8.84731
      vertex -0.164078 -3 8.82033
    endloop
  endfacet
  facet normal 0 -1 0
    outer loop
      vertex -0.323105 -3 8.92439
      vertex -0.0386047 -3 8.78949
      vertex 0.0299683 -3 8.78564
    endloop
  endfacet
  facet normal 0 -1 0
    outer loop
      vertex -0.0386047 -3 8.78949
      vertex -0.164078 -3 8.82033
      vertex -0.103287 -3 8.80106
    endloop
  endfacet
  facet normal 0 -1 0
    outer loop
      vertex 0.384857 -3 8.92439
      vertex 0.0989685 -3 8.78949
      vertex 0.335571 -3 8.882
    endloop
  endfacet
  facet normal 0 -1 0
    outer loop
      vertex 0.335571 -3 8.882
      vertex 0.0989685 -3 8.78949
      vertex 0.282333 -3 8.84731
    endloop
  endfacet
  facet normal 0 -1 0
    outer loop
      vertex 0.225159 -3 8.82033
      vertex 0.0989685 -3 8.78949
      vertex 0.164032 -3 8.80106
    endloop
  endfacet
  facet normal 0 -1 0
    outer loop
      vertex 0.282333 -3 8.84731
      vertex 0.0989685 -3 8.78949
      vertex 0.225159 -3 8.82033
    endloop
  endfacet
  facet normal 0 -1 0
    outer loop
      vertex 2.22047 -3 11.0966
      vertex 2.61877 -3 11.2855
      vertex 2.5502 -3 11.2816
    endloop
  endfacet
  facet normal 0 -1 0
    outer loop
      vertex 2.22047 -3 11.0966
      vertex 2.5502 -3 11.2816
      vertex 2.48552 -3 11.2701
    endloop
  endfacet
  facet normal 0 -1 0
    outer loop
      vertex 3.01903 -3 11.0966
      vertex 2.61877 -3 11.2855
      vertex 2.22047 -3 11.0966
    endloop
  endfacet
  facet normal 0 -1 0
    outer loop
      vertex 2.2657 -3 11.1467
      vertex 2.48552 -3 11.2701
      vertex 2.42473 -3 11.2508
    endloop
  endfacet
  facet normal 0 -1 0
    outer loop
      vertex 2.22047 -3 11.0966
      vertex 2.48552 -3 11.2701
      vertex 2.2657 -3 11.1467
    endloop
  endfacet
  facet normal 0 -1 0
    outer loop
      vertex 2.31482 -3 11.1891
      vertex 2.42473 -3 11.2508
      vertex 2.36783 -3 11.2238
    endloop
  endfacet
  facet normal 0 -1 0
    outer loop
      vertex 2.2657 -3 11.1467
      vertex 2.42473 -3 11.2508
      vertex 2.31482 -3 11.1891
    endloop
  endfacet
  facet normal 0 -1 0
    outer loop
      vertex 2.61877 -3 11.2855
      vertex 3.01903 -3 11.0966
      vertex 2.68779 -3 11.2816
    endloop
  endfacet
  facet normal 0 -1 0
    outer loop
      vertex 2.81398 -3 11.2508
      vertex 2.92439 -3 11.1891
      vertex 2.87115 -3 11.2238
    endloop
  endfacet
  facet normal 0 -1 0
    outer loop
      vertex 2.75285 -3 11.2701
      vertex 2.97368 -3 11.1467
      vertex 2.81398 -3 11.2508
    endloop
  endfacet
  facet normal 0 -1 0
    outer loop
      vertex 2.81398 -3 11.2508
      vertex 2.97368 -3 11.1467
      vertex 2.92439 -3 11.1891
    endloop
  endfacet
  facet normal 0 -1 0
    outer loop
      vertex 2.68779 -3 11.2816
      vertex 3.01903 -3 11.0966
      vertex 2.75285 -3 11.2701
    endloop
  endfacet
  facet normal 0 -1 0
    outer loop
      vertex 2.75285 -3 11.2701
      vertex 3.01903 -3 11.0966
      vertex 2.97368 -3 11.1467
    endloop
  endfacet
  facet normal 0 -1 0
    outer loop
      vertex 2.17915 -3 11.0388
      vertex 3.01903 -3 11.0966
      vertex 2.22047 -3 11.0966
    endloop
  endfacet
  facet normal 0 -1 0
    outer loop
      vertex 2.17915 -3 11.0388
      vertex 3.06042 -3 11.0388
      vertex 3.01903 -3 11.0966
    endloop
  endfacet
  facet normal 0 -1 0
    outer loop
      vertex 2.14172 -3 10.9732
      vertex 3.06042 -3 11.0388
      vertex 2.17915 -3 11.0388
    endloop
  endfacet
  facet normal 0 -1 0
    outer loop
      vertex 2.14172 -3 10.9732
      vertex 3.09789 -3 10.9732
      vertex 3.06042 -3 11.0388
    endloop
  endfacet
  facet normal 0 -1 0
    outer loop
      vertex 2.1082 -3 10.9
      vertex 3.09789 -3 10.9732
      vertex 2.14172 -3 10.9732
    endloop
  endfacet
  facet normal 0 -1 0
    outer loop
      vertex 2.1082 -3 10.9
      vertex 3.13139 -3 10.9
      vertex 3.09789 -3 10.9732
    endloop
  endfacet
  facet normal 0 -1 0
    outer loop
      vertex 2.07863 -3 10.8189
      vertex 3.13139 -3 10.9
      vertex 2.1082 -3 10.9
    endloop
  endfacet
  facet normal 0 -1 0
    outer loop
      vertex 2.07863 -3 10.8189
      vertex 3.16096 -3 10.8189
      vertex 3.13139 -3 10.9
    endloop
  endfacet
  facet normal 0 -1 0
    outer loop
      vertex 2.05301 -3 10.7302
      vertex 3.16096 -3 10.8189
      vertex 2.07863 -3 10.8189
    endloop
  endfacet
  facet normal 0 -1 0
    outer loop
      vertex 2.05301 -3 10.7302
      vertex 3.1866 -3 10.7302
      vertex 3.16096 -3 10.8189
    endloop
  endfacet
  facet normal 0 -1 0
    outer loop
      vertex 2.03131 -3 10.6336
      vertex 3.1866 -3 10.7302
      vertex 2.05301 -3 10.7302
    endloop
  endfacet
  facet normal 0 -1 0
    outer loop
      vertex 2.03131 -3 10.6336
      vertex 3.20828 -3 10.6336
      vertex 3.1866 -3 10.7302
    endloop
  endfacet
  facet normal 0 -1 0
    outer loop
      vertex 2.01358 -3 10.5293
      vertex 3.20828 -3 10.6336
      vertex 2.03131 -3 10.6336
    endloop
  endfacet
  facet normal 0 -1 0
    outer loop
      vertex 2.01358 -3 10.5293
      vertex 3.22603 -3 10.5293
      vertex 3.20828 -3 10.6336
    endloop
  endfacet
  facet normal 0 -1 0
    outer loop
      vertex 1.99977 -3 10.4173
      vertex 3.22603 -3 10.5293
      vertex 2.01358 -3 10.5293
    endloop
  endfacet
  facet normal 0 -1 0
    outer loop
      vertex 1.99977 -3 10.4173
      vertex 3.23982 -3 10.4173
      vertex 3.22603 -3 10.5293
    endloop
  endfacet
  facet normal 0 -1 0
    outer loop
      vertex 1.98991 -3 10.2974
      vertex 3.23982 -3 10.4173
      vertex 1.99977 -3 10.4173
    endloop
  endfacet
  facet normal 0 -1 0
    outer loop
      vertex 1.98991 -3 10.2974
      vertex 3.24968 -3 10.2974
      vertex 3.23982 -3 10.4173
    endloop
  endfacet
  facet normal 0 -1 0
    outer loop
      vertex 1.98401 -3 10.1699
      vertex 3.24968 -3 10.2974
      vertex 1.98991 -3 10.2974
    endloop
  endfacet
  facet normal 0 -1 0
    outer loop
      vertex 1.98401 -3 10.1699
      vertex 3.2556 -3 10.1699
      vertex 3.24968 -3 10.2974
    endloop
  endfacet
  facet normal 0 -1 0
    outer loop
      vertex 1.98203 -3 10.0345
      vertex 3.2556 -3 10.1699
      vertex 1.98401 -3 10.1699
    endloop
  endfacet
  facet normal 0 -1 0
    outer loop
      vertex 1.98203 -3 10.0345
      vertex 3.25757 -3 10.0345
      vertex 3.2556 -3 10.1699
    endloop
  endfacet
  facet normal 0 -1 0
    outer loop
      vertex 1.98401 -3 9.89963
      vertex 3.25757 -3 10.0345
      vertex 1.98203 -3 10.0345
    endloop
  endfacet
  facet normal 0 -1 0
    outer loop
      vertex 1.98401 -3 9.89963
      vertex 3.2556 -3 9.89963
      vertex 3.25757 -3 10.0345
    endloop
  endfacet
  facet normal 0 -1 0
    outer loop
      vertex 1.98991 -3 9.77242
      vertex 3.2556 -3 9.89963
      vertex 1.98401 -3 9.89963
    endloop
  endfacet
  facet normal 0 -1 0
    outer loop
      vertex 1.98991 -3 9.77242
      vertex 3.24968 -3 9.77242
      vertex 3.2556 -3 9.89963
    endloop
  endfacet
  facet normal 0 -1 0
    outer loop
      vertex 1.99977 -3 9.65292
      vertex 3.24968 -3 9.77242
      vertex 1.98991 -3 9.77242
    endloop
  endfacet
  facet normal 0 -1 0
    outer loop
      vertex 1.99977 -3 9.65292
      vertex 3.23982 -3 9.65292
      vertex 3.24968 -3 9.77242
    endloop
  endfacet
  facet normal 0 -1 0
    outer loop
      vertex 2.01358 -3 9.54114
      vertex 3.23982 -3 9.65292
      vertex 1.99977 -3 9.65292
    endloop
  endfacet
  facet normal 0 -1 0
    outer loop
      vertex 2.01358 -3 9.54114
      vertex 3.22603 -3 9.54114
      vertex 3.23982 -3 9.65292
    endloop
  endfacet
  facet normal 0 -1 0
    outer loop
      vertex 2.03131 -3 9.43707
      vertex 3.22603 -3 9.54114
      vertex 2.01358 -3 9.54114
    endloop
  endfacet
  facet normal 0 -1 0
    outer loop
      vertex 2.03131 -3 9.43707
      vertex 3.20828 -3 9.43707
      vertex 3.22603 -3 9.54114
    endloop
  endfacet
  facet normal 0 -1 0
    outer loop
      vertex 2.05301 -3 9.3407
      vertex 3.20828 -3 9.43707
      vertex 2.03131 -3 9.43707
    endloop
  endfacet
  facet normal 0 -1 0
    outer loop
      vertex 2.05301 -3 9.3407
      vertex 3.1866 -3 9.3407
      vertex 3.20828 -3 9.43707
    endloop
  endfacet
  facet normal 0 -1 0
    outer loop
      vertex 2.07863 -3 9.25204
      vertex 3.1866 -3 9.3407
      vertex 2.05301 -3 9.3407
    endloop
  endfacet
  facet normal 0 -1 0
    outer loop
      vertex 2.07863 -3 9.25204
      vertex 3.16096 -3 9.25204
      vertex 3.1866 -3 9.3407
    endloop
  endfacet
  facet normal 0 -1 0
    outer loop
      vertex 2.1082 -3 9.17108
      vertex 3.16096 -3 9.25204
      vertex 2.07863 -3 9.25204
    endloop
  endfacet
  facet normal 0 -1 0
    outer loop
      vertex 2.1082 -3 9.17108
      vertex 3.13139 -3 9.17108
      vertex 3.16096 -3 9.25204
    endloop
  endfacet
  facet normal 0 -1 0
    outer loop
      vertex 2.14172 -3 9.09785
      vertex 3.13139 -3 9.17108
      vertex 2.1082 -3 9.17108
    endloop
  endfacet
  facet normal 0 -1 0
    outer loop
      vertex 2.14172 -3 9.09785
      vertex 3.09789 -3 9.09785
      vertex 3.13139 -3 9.17108
    endloop
  endfacet
  facet normal 0 -1 0
    outer loop
      vertex 2.17915 -3 9.03232
      vertex 3.09789 -3 9.09785
      vertex 2.14172 -3 9.09785
    endloop
  endfacet
  facet normal 0 -1 0
    outer loop
      vertex 2.17915 -3 9.03232
      vertex 3.06042 -3 9.03232
      vertex 3.09789 -3 9.09785
    endloop
  endfacet
  facet normal 0 -1 0
    outer loop
      vertex 2.22047 -3 8.9745
      vertex 3.06042 -3 9.03232
      vertex 2.17915 -3 9.03232
    endloop
  endfacet
  facet normal 0 -1 0
    outer loop
      vertex 2.22047 -3 8.9745
      vertex 3.01903 -3 8.9745
      vertex 3.06042 -3 9.03232
    endloop
  endfacet
  facet normal 0 -1 0
    outer loop
      vertex 2.61877 -3 8.78564
      vertex 2.22047 -3 8.9745
      vertex 2.2657 -3 8.92439
    endloop
  endfacet
  facet normal 0 -1 0
    outer loop
      vertex 2.22047 -3 8.9745
      vertex 2.61877 -3 8.78564
      vertex 3.01903 -3 8.9745
    endloop
  endfacet
  facet normal 0 -1 0
    outer loop
      vertex 2.5502 -3 8.78949
      vertex 2.2657 -3 8.92439
      vertex 2.31482 -3 8.882
    endloop
  endfacet
  facet normal 0 -1 0
    outer loop
      vertex 3.01903 -3 8.9745
      vertex 2.61877 -3 8.78564
      vertex 2.97368 -3 8.92439
    endloop
  endfacet
  facet normal 0 -1 0
    outer loop
      vertex 2.5502 -3 8.78949
      vertex 2.31482 -3 8.882
      vertex 2.36783 -3 8.84731
    endloop
  endfacet
  facet normal -0 -1 0
    outer loop
      vertex 2.68779 -3 8.78949
      vertex 2.97368 -3 8.92439
      vertex 2.61877 -3 8.78564
    endloop
  endfacet
  facet normal 0 -1 0
    outer loop
      vertex 2.5502 -3 8.78949
      vertex 2.36783 -3 8.84731
      vertex 2.42473 -3 8.82033
    endloop
  endfacet
  facet normal 0 -1 0
    outer loop
      vertex 2.2657 -3 8.92439
      vertex 2.5502 -3 8.78949
      vertex 2.61877 -3 8.78564
    endloop
  endfacet
  facet normal 0 -1 0
    outer loop
      vertex 2.5502 -3 8.78949
      vertex 2.42473 -3 8.82033
      vertex 2.48552 -3 8.80106
    endloop
  endfacet
  facet normal 0 -1 0
    outer loop
      vertex 2.97368 -3 8.92439
      vertex 2.68779 -3 8.78949
      vertex 2.92439 -3 8.882
    endloop
  endfacet
  facet normal 0 -1 0
    outer loop
      vertex 2.92439 -3 8.882
      vertex 2.68779 -3 8.78949
      vertex 2.87115 -3 8.84731
    endloop
  endfacet
  facet normal 0 -1 0
    outer loop
      vertex 2.81398 -3 8.82033
      vertex 2.68779 -3 8.78949
      vertex 2.75285 -3 8.80106
    endloop
  endfacet
  facet normal 0 -1 0
    outer loop
      vertex 2.87115 -3 8.84731
      vertex 2.68779 -3 8.78949
      vertex 2.81398 -3 8.82033
    endloop
  endfacet
  facet normal -0 0 1
    outer loop
      vertex -17.5 3 25
      vertex -12.5 -3 25
      vertex -12.5 3 25
    endloop
  endfacet
  facet normal 0 0 1
    outer loop
      vertex -12.5 -3 25
      vertex -17.5 3 25
      vertex -17.5 -3 25
    endloop
  endfacet
  facet normal -1 0 0
    outer loop
      vertex -17.5 -3 0
      vertex -17.5 3 25
      vertex -17.5 3 0
    endloop
  endfacet
  facet normal -1 -0 0
    outer loop
      vertex -17.5 3 25
      vertex -17.5 -3 0
      vertex -17.5 -3 25
    endloop
  endfacet
  facet normal 0 1 0
    outer loop
      vertex 17.5 3 25
      vertex 12.5 3 20
      vertex 12.5 3 25
    endloop
  endfacet
  facet normal 0 1 0
    outer loop
      vertex 12.5 3 20
      vertex 17.5 3 0
      vertex -12.5 3 20
    endloop
  endfacet
  facet normal 0 1 -0
    outer loop
      vertex 17.5 3 0
      vertex 12.5 3 20
      vertex 17.5 3 25
    endloop
  endfacet
  facet normal 0 1 -0
    outer loop
      vertex -12.5 3 20
      vertex -17.5 3 25
      vertex -12.5 3 25
    endloop
  endfacet
  facet normal 0 1 0
    outer loop
      vertex -12.5 3 20
      vertex -17.5 3 0
      vertex -17.5 3 25
    endloop
  endfacet
  facet normal 0 1 0
    outer loop
      vertex -17.5 3 0
      vertex -12.5 3 20
      vertex 17.5 3 0
    endloop
  endfacet
  facet normal 1 -0 0
    outer loop
      vertex 17.5 -3 25
      vertex 17.5 3 0
      vertex 17.5 3 25
    endloop
  endfacet
  facet normal 1 0 0
    outer loop
      vertex 17.5 3 0
      vertex 17.5 -3 25
      vertex 17.5 -3 0
    endloop
  endfacet
  facet normal -0 0 1
    outer loop
      vertex 12.5 3 25
      vertex 17.5 -3 25
      vertex 17.5 3 25
    endloop
  endfacet
  facet normal 0 0 1
    outer loop
      vertex 17.5 -3 25
      vertex 12.5 3 25
      vertex 12.5 -3 25
    endloop
  endfacet
  facet normal -1 0 0
    outer loop
      vertex 12.5 0 20
      vertex 12.5 3 25
      vertex 12.5 3 20
    endloop
  endfacet
  facet normal -1 0 0
    outer loop
      vertex 12.5 -3 25
      vertex 12.5 0 20
      vertex 12.5 -3 20
    endloop
  endfacet
  facet normal -1 0 0
    outer loop
      vertex 12.5 0 20
      vertex 12.5 -3 25
      vertex 12.5 3 25
    endloop
  endfacet
  facet normal -0 0 1
    outer loop
      vertex 12.499 -0.0196028 20
      vertex 12.5 -3 20
      vertex 12.5 0 20
    endloop
  endfacet
  facet normal -0 0 1
    outer loop
      vertex 12.4962 -0.0390177 20
      vertex 12.5 -3 20
      vertex 12.499 -0.0196028 20
    endloop
  endfacet
  facet normal -0 0 1
    outer loop
      vertex 12.4914 -0.0580568 20
      vertex 12.5 -3 20
      vertex 12.4962 -0.0390177 20
    endloop
  endfacet
  facet normal -0 0 1
    outer loop
      vertex 12.4848 -0.0765362 20
      vertex 12.5 -3 20
      vertex 12.4914 -0.0580568 20
    endloop
  endfacet
  facet normal -0 0 1
    outer loop
      vertex 12.4764 -0.0942793 20
      vertex 12.5 -3 20
      vertex 12.4848 -0.0765362 20
    endloop
  endfacet
  facet normal -0 0 1
    outer loop
      vertex 12.4663 -0.111114 20
      vertex 12.5 -3 20
      vertex 12.4764 -0.0942793 20
    endloop
  endfacet
  facet normal -0 0 1
    outer loop
      vertex 12.4546 -0.126878 20
      vertex 12.5 -3 20
      vertex 12.4663 -0.111114 20
    endloop
  endfacet
  facet normal -0 0 1
    outer loop
      vertex 12.4414 -0.141421 20
      vertex 12.5 -3 20
      vertex 12.4546 -0.126878 20
    endloop
  endfacet
  facet normal -0 0 1
    outer loop
      vertex 12.4269 -0.154602 20
      vertex 12.5 -3 20
      vertex 12.4414 -0.141421 20
    endloop
  endfacet
  facet normal -0 0 1
    outer loop
      vertex 12.4111 -0.166293 20
      vertex 12.5 -3 20
      vertex 12.4269 -0.154602 20
    endloop
  endfacet
  facet normal -0 0 1
    outer loop
      vertex 12.3943 -0.176384 20
      vertex 12.5 -3 20
      vertex 12.4111 -0.166293 20
    endloop
  endfacet
  facet normal -0 0 1
    outer loop
      vertex 12.3765 -0.184775 20
      vertex 12.5 -3 20
      vertex 12.3943 -0.176384 20
    endloop
  endfacet
  facet normal -0 0 1
    outer loop
      vertex 12.3581 -0.191387 20
      vertex 12.5 -3 20
      vertex 12.3765 -0.184775 20
    endloop
  endfacet
  facet normal -0 0 1
    outer loop
      vertex 12.339 -0.196157 20
      vertex 12.5 -3 20
      vertex 12.3581 -0.191387 20
    endloop
  endfacet
  facet normal -0 0 1
    outer loop
      vertex 12.3196 -0.199037 20
      vertex 12.5 -3 20
      vertex 12.339 -0.196157 20
    endloop
  endfacet
  facet normal -0 0 1
    outer loop
      vertex 12.3 -0.2 20
      vertex 12.5 -3 20
      vertex 12.3196 -0.199037 20
    endloop
  endfacet
  facet normal -0 0 1
    outer loop
      vertex -12.3 -0.2 20
      vertex 12.5 -3 20
      vertex 12.3 -0.2 20
    endloop
  endfacet
  facet normal 0 0 1
    outer loop
      vertex -12.5 -3 20
      vertex -12.3 -0.2 20
      vertex -12.3196 -0.199037 20
    endloop
  endfacet
  facet normal 0 0 1
    outer loop
      vertex -12.3 -0.2 20
      vertex -12.5 -3 20
      vertex 12.5 -3 20
    endloop
  endfacet
  facet normal 0 0 1
    outer loop
      vertex -12.339 -0.196157 20
      vertex -12.5 -3 20
      vertex -12.3196 -0.199037 20
    endloop
  endfacet
  facet normal 0 0 1
    outer loop
      vertex -12.3581 -0.191387 20
      vertex -12.5 -3 20
      vertex -12.339 -0.196157 20
    endloop
  endfacet
  facet normal 0 0 1
    outer loop
      vertex -12.3765 -0.184775 20
      vertex -12.5 -3 20
      vertex -12.3581 -0.191387 20
    endloop
  endfacet
  facet normal 0 0 1
    outer loop
      vertex -12.3943 -0.176384 20
      vertex -12.5 -3 20
      vertex -12.3765 -0.184775 20
    endloop
  endfacet
  facet normal 0 0 1
    outer loop
      vertex -12.4111 -0.166293 20
      vertex -12.5 -3 20
      vertex -12.3943 -0.176384 20
    endloop
  endfacet
  facet normal 0 0 1
    outer loop
      vertex -12.4269 -0.154602 20
      vertex -12.5 -3 20
      vertex -12.4111 -0.166293 20
    endloop
  endfacet
  facet normal 0 0 1
    outer loop
      vertex -12.4414 -0.141421 20
      vertex -12.5 -3 20
      vertex -12.4269 -0.154602 20
    endloop
  endfacet
  facet normal 0 0 1
    outer loop
      vertex -12.4546 -0.126878 20
      vertex -12.5 -3 20
      vertex -12.4414 -0.141421 20
    endloop
  endfacet
  facet normal 0 0 1
    outer loop
      vertex -12.4663 -0.111114 20
      vertex -12.5 -3 20
      vertex -12.4546 -0.126878 20
    endloop
  endfacet
  facet normal 0 0 1
    outer loop
      vertex -12.4764 -0.0942793 20
      vertex -12.5 -3 20
      vertex -12.4663 -0.111114 20
    endloop
  endfacet
  facet normal 0 0 1
    outer loop
      vertex -12.4848 -0.0765362 20
      vertex -12.5 -3 20
      vertex -12.4764 -0.0942793 20
    endloop
  endfacet
  facet normal 0 0 1
    outer loop
      vertex -12.4914 -0.0580568 20
      vertex -12.5 -3 20
      vertex -12.4848 -0.0765362 20
    endloop
  endfacet
  facet normal 0 0 1
    outer loop
      vertex -12.4962 -0.0390177 20
      vertex -12.5 -3 20
      vertex -12.4914 -0.0580568 20
    endloop
  endfacet
  facet normal 0 0 1
    outer loop
      vertex -12.499 -0.0196028 20
      vertex -12.5 -3 20
      vertex -12.4962 -0.0390177 20
    endloop
  endfacet
  facet normal 0 0 1
    outer loop
      vertex -12.5 -3 20
      vertex -12.499 -0.0196028 20
      vertex -12.5 0 20
    endloop
  endfacet
  facet normal 0 0 1
    outer loop
      vertex 12.5 3 20
      vertex 12.499 0.0196028 20
      vertex 12.5 0 20
    endloop
  endfacet
  facet normal 0 0 1
    outer loop
      vertex 12.5 3 20
      vertex 12.4962 0.0390177 20
      vertex 12.499 0.0196028 20
    endloop
  endfacet
  facet normal 0 0 1
    outer loop
      vertex 12.5 3 20
      vertex 12.4914 0.0580568 20
      vertex 12.4962 0.0390177 20
    endloop
  endfacet
  facet normal 0 0 1
    outer loop
      vertex 12.5 3 20
      vertex 12.4848 0.0765362 20
      vertex 12.4914 0.0580568 20
    endloop
  endfacet
  facet normal 0 0 1
    outer loop
      vertex 12.5 3 20
      vertex 12.4764 0.0942793 20
      vertex 12.4848 0.0765362 20
    endloop
  endfacet
  facet normal 0 0 1
    outer loop
      vertex 12.5 3 20
      vertex 12.4663 0.111114 20
      vertex 12.4764 0.0942793 20
    endloop
  endfacet
  facet normal 0 0 1
    outer loop
      vertex 12.5 3 20
      vertex 12.4546 0.126878 20
      vertex 12.4663 0.111114 20
    endloop
  endfacet
  facet normal 0 0 1
    outer loop
      vertex 12.5 3 20
      vertex 12.4414 0.141421 20
      vertex 12.4546 0.126878 20
    endloop
  endfacet
  facet normal 0 0 1
    outer loop
      vertex 12.5 3 20
      vertex 12.4269 0.154602 20
      vertex 12.4414 0.141421 20
    endloop
  endfacet
  facet normal 0 0 1
    outer loop
      vertex 12.5 3 20
      vertex 12.4111 0.166293 20
      vertex 12.4269 0.154602 20
    endloop
  endfacet
  facet normal 0 0 1
    outer loop
      vertex 12.5 3 20
      vertex 12.3943 0.176384 20
      vertex 12.4111 0.166293 20
    endloop
  endfacet
  facet normal 0 0 1
    outer loop
      vertex 12.5 3 20
      vertex 12.3765 0.184775 20
      vertex 12.3943 0.176384 20
    endloop
  endfacet
  facet normal 0 0 1
    outer loop
      vertex 12.5 3 20
      vertex 12.3581 0.191387 20
      vertex 12.3765 0.184775 20
    endloop
  endfacet
  facet normal 0 0 1
    outer loop
      vertex 12.5 3 20
      vertex 12.339 0.196157 20
      vertex 12.3581 0.191387 20
    endloop
  endfacet
  facet normal 0 0 1
    outer loop
      vertex 12.5 3 20
      vertex 12.3196 0.199037 20
      vertex 12.339 0.196157 20
    endloop
  endfacet
  facet normal 0 0 1
    outer loop
      vertex 12.5 3 20
      vertex 12.3 0.2 20
      vertex 12.3196 0.199037 20
    endloop
  endfacet
  facet normal 0 0 1
    outer loop
      vertex 12.5 3 20
      vertex -12.3 0.2 20
      vertex 12.3 0.2 20
    endloop
  endfacet
  facet normal -0 0 1
    outer loop
      vertex -12.5 3 20
      vertex -12.3 0.2 20
      vertex 12.5 3 20
    endloop
  endfacet
  facet normal 0 0 1
    outer loop
      vertex -12.3 0.2 20
      vertex -12.5 3 20
      vertex -12.3196 0.199037 20
    endloop
  endfacet
  facet normal 0 0 1
    outer loop
      vertex -12.5 3 20
      vertex -12.339 0.196157 20
      vertex -12.3196 0.199037 20
    endloop
  endfacet
  facet normal 0 0 1
    outer loop
      vertex -12.5 3 20
      vertex -12.3581 0.191387 20
      vertex -12.339 0.196157 20
    endloop
  endfacet
  facet normal 0 0 1
    outer loop
      vertex -12.5 3 20
      vertex -12.3765 0.184775 20
      vertex -12.3581 0.191387 20
    endloop
  endfacet
  facet normal 0 0 1
    outer loop
      vertex -12.5 3 20
      vertex -12.3943 0.176384 20
      vertex -12.3765 0.184775 20
    endloop
  endfacet
  facet normal 0 0 1
    outer loop
      vertex -12.5 3 20
      vertex -12.4111 0.166293 20
      vertex -12.3943 0.176384 20
    endloop
  endfacet
  facet normal 0 0 1
    outer loop
      vertex -12.5 3 20
      vertex -12.4269 0.154602 20
      vertex -12.4111 0.166293 20
    endloop
  endfacet
  facet normal 0 0 1
    outer loop
      vertex -12.5 3 20
      vertex -12.4414 0.141421 20
      vertex -12.4269 0.154602 20
    endloop
  endfacet
  facet normal 0 0 1
    outer loop
      vertex -12.5 3 20
      vertex -12.4546 0.126878 20
      vertex -12.4414 0.141421 20
    endloop
  endfacet
  facet normal 0 0 1
    outer loop
      vertex -12.5 3 20
      vertex -12.4663 0.111114 20
      vertex -12.4546 0.126878 20
    endloop
  endfacet
  facet normal 0 0 1
    outer loop
      vertex -12.5 3 20
      vertex -12.4764 0.0942793 20
      vertex -12.4663 0.111114 20
    endloop
  endfacet
  facet normal 0 0 1
    outer loop
      vertex -12.5 3 20
      vertex -12.4848 0.0765362 20
      vertex -12.4764 0.0942793 20
    endloop
  endfacet
  facet normal 0 0 1
    outer loop
      vertex -12.5 3 20
      vertex -12.4914 0.0580568 20
      vertex -12.4848 0.0765362 20
    endloop
  endfacet
  facet normal 0 0 1
    outer loop
      vertex -12.5 3 20
      vertex -12.4962 0.0390177 20
      vertex -12.4914 0.0580568 20
    endloop
  endfacet
  facet normal 0 0 1
    outer loop
      vertex -12.5 3 20
      vertex -12.499 0.0196028 20
      vertex -12.4962 0.0390177 20
    endloop
  endfacet
  facet normal 0 0 1
    outer loop
      vertex -12.499 0.0196028 20
      vertex -12.5 3 20
      vertex -12.5 0 20
    endloop
  endfacet
  facet normal -0.989124 -0.147083 0
    outer loop
      vertex -13.8555 0.11272 0
      vertex -13.8721 0.224354 1.2
      vertex -13.8721 0.224354 0
    endloop
  endfacet
  facet normal -0.989124 -0.147083 0
    outer loop
      vertex -13.8721 0.224354 1.2
      vertex -13.8555 0.11272 0
      vertex -13.8555 0.11272 1.2
    endloop
  endfacet
  facet normal -0.998812 -0.0487355 0
    outer loop
      vertex -13.85 0 0
      vertex -13.8555 0.11272 1.2
      vertex -13.8555 0.11272 0
    endloop
  endfacet
  facet normal -0.998812 -0.0487355 0
    outer loop
      vertex -13.8555 0.11272 1.2
      vertex -13.85 0 0
      vertex -13.85 0 1.2
    endloop
  endfacet
  facet normal -0.970076 -0.2428 0
    outer loop
      vertex -13.8721 0.224354 0
      vertex -13.8995 0.333827 1.2
      vertex -13.8995 0.333827 0
    endloop
  endfacet
  facet normal -0.970076 -0.2428 0
    outer loop
      vertex -13.8995 0.333827 1.2
      vertex -13.8721 0.224354 0
      vertex -13.8721 0.224354 1.2
    endloop
  endfacet
  facet normal 0.146651 -0.989188 0
    outer loop
      vertex -15.2244 1.1279 0
      vertex -15.1127 1.14446 1.2
      vertex -15.2244 1.1279 1.2
    endloop
  endfacet
  facet normal 0.146651 -0.989188 0
    outer loop
      vertex -15.1127 1.14446 1.2
      vertex -15.2244 1.1279 0
      vertex -15.1127 1.14446 0
    endloop
  endfacet
  facet normal 0.941599 0.336735 0
    outer loop
      vertex -16.0625 -0.440085 1.2
      vertex -16.1005 -0.333827 0
      vertex -16.1005 -0.333827 1.2
    endloop
  endfacet
  facet normal 0.941599 0.336735 0
    outer loop
      vertex -16.1005 -0.333827 0
      vertex -16.0625 -0.440085 1.2
      vertex -16.0625 -0.440085 0
    endloop
  endfacet
  facet normal -0.514111 -0.857723 0
    outer loop
      vertex -14.4579 1.01421 0
      vertex -14.3611 0.956189 1.2
      vertex -14.4579 1.01421 1.2
    endloop
  endfacet
  facet normal -0.514111 -0.857723 -0
    outer loop
      vertex -14.3611 0.956189 1.2
      vertex -14.4579 1.01421 0
      vertex -14.3611 0.956189 0
    endloop
  endfacet
  facet normal 0.857806 -0.513974 0
    outer loop
      vertex -16.0142 0.542106 1.2
      vertex -15.9562 0.638906 0
      vertex -15.9562 0.638906 1.2
    endloop
  endfacet
  facet normal 0.857806 -0.513974 0
    outer loop
      vertex -15.9562 0.638906 0
      vertex -16.0142 0.542106 1.2
      vertex -16.0142 0.542106 0
    endloop
  endfacet
  facet normal -0.42761 0.903963 0
    outer loop
      vertex -14.4579 -1.01421 0
      vertex -14.5599 -1.06246 1.2
      vertex -14.4579 -1.01421 1.2
    endloop
  endfacet
  facet normal -0.42761 0.903963 0
    outer loop
      vertex -14.5599 -1.06246 1.2
      vertex -14.4579 -1.01421 0
      vertex -14.5599 -1.06246 0
    endloop
  endfacet
  facet normal -0.998812 0.0487355 0
    outer loop
      vertex -13.8555 -0.11272 0
      vertex -13.85 0 1.2
      vertex -13.85 0 0
    endloop
  endfacet
  facet normal -0.998812 0.0487355 0
    outer loop
      vertex -13.85 0 1.2
      vertex -13.8555 -0.11272 0
      vertex -13.8555 -0.11272 1.2
    endloop
  endfacet
  facet normal -0.24312 0.969996 0
    outer loop
      vertex -14.6662 -1.10048 0
      vertex -14.7756 -1.1279 1.2
      vertex -14.6662 -1.10048 1.2
    endloop
  endfacet
  facet normal -0.24312 0.969996 0
    outer loop
      vertex -14.7756 -1.1279 1.2
      vertex -14.6662 -1.10048 0
      vertex -14.7756 -1.1279 0
    endloop
  endfacet
  facet normal 0.595467 -0.80338 0
    outer loop
      vertex -15.7296 0.888962 0
      vertex -15.6389 0.956189 1.2
      vertex -15.7296 0.888962 1.2
    endloop
  endfacet
  facet normal 0.595467 -0.80338 0
    outer loop
      vertex -15.6389 0.956189 1.2
      vertex -15.7296 0.888962 0
      vertex -15.6389 0.956189 0
    endloop
  endfacet
  facet normal -0.0490978 0.998794 0
    outer loop
      vertex -14.8873 -1.14446 0
      vertex -15 -1.15 1.2
      vertex -14.8873 -1.14446 1.2
    endloop
  endfacet
  facet normal -0.0490978 0.998794 0
    outer loop
      vertex -15 -1.15 1.2
      vertex -14.8873 -1.14446 0
      vertex -15 -1.15 0
    endloop
  endfacet
  facet normal 0.514111 0.857723 -0
    outer loop
      vertex -15.5421 -1.01421 0
      vertex -15.6389 -0.956189 1.2
      vertex -15.5421 -1.01421 1.2
    endloop
  endfacet
  facet normal 0.514111 0.857723 0
    outer loop
      vertex -15.6389 -0.956189 1.2
      vertex -15.5421 -1.01421 0
      vertex -15.6389 -0.956189 0
    endloop
  endfacet
  facet normal -0.903826 -0.4279 0
    outer loop
      vertex -13.9375 0.440085 0
      vertex -13.9858 0.542106 1.2
      vertex -13.9858 0.542106 0
    endloop
  endfacet
  facet normal -0.903826 -0.4279 0
    outer loop
      vertex -13.9858 0.542106 1.2
      vertex -13.9375 0.440085 0
      vertex -13.9375 0.440085 1.2
    endloop
  endfacet
  facet normal 0.146651 0.989188 -0
    outer loop
      vertex -15.1127 -1.14446 0
      vertex -15.2244 -1.1279 1.2
      vertex -15.1127 -1.14446 1.2
    endloop
  endfacet
  facet normal 0.146651 0.989188 0
    outer loop
      vertex -15.2244 -1.1279 1.2
      vertex -15.1127 -1.14446 0
      vertex -15.2244 -1.1279 0
    endloop
  endfacet
  facet normal 0.24312 0.969996 -0
    outer loop
      vertex -15.2244 -1.1279 0
      vertex -15.3338 -1.10048 1.2
      vertex -15.2244 -1.1279 1.2
    endloop
  endfacet
  facet normal 0.24312 0.969996 0
    outer loop
      vertex -15.3338 -1.10048 1.2
      vertex -15.2244 -1.1279 0
      vertex -15.3338 -1.10048 0
    endloop
  endfacet
  facet normal -0.595467 -0.80338 0
    outer loop
      vertex -14.3611 0.956189 0
      vertex -14.2704 0.888962 1.2
      vertex -14.3611 0.956189 1.2
    endloop
  endfacet
  facet normal -0.595467 -0.80338 -0
    outer loop
      vertex -14.2704 0.888962 1.2
      vertex -14.3611 0.956189 0
      vertex -14.2704 0.888962 0
    endloop
  endfacet
  facet normal 0.903826 0.4279 0
    outer loop
      vertex -16.0142 -0.542106 1.2
      vertex -16.0625 -0.440085 0
      vertex -16.0625 -0.440085 1.2
    endloop
  endfacet
  facet normal 0.903826 0.4279 0
    outer loop
      vertex -16.0625 -0.440085 0
      vertex -16.0142 -0.542106 1.2
      vertex -16.0142 -0.542106 0
    endloop
  endfacet
  facet normal -0.803325 0.595541 0
    outer loop
      vertex -14.111 -0.729552 0
      vertex -14.0438 -0.638906 1.2
      vertex -14.0438 -0.638906 0
    endloop
  endfacet
  facet normal -0.803325 0.595541 0
    outer loop
      vertex -14.0438 -0.638906 1.2
      vertex -14.111 -0.729552 0
      vertex -14.111 -0.729552 1.2
    endloop
  endfacet
  facet normal -0.803325 -0.595541 0
    outer loop
      vertex -14.0438 0.638906 0
      vertex -14.111 0.729552 1.2
      vertex -14.111 0.729552 0
    endloop
  endfacet
  facet normal -0.803325 -0.595541 0
    outer loop
      vertex -14.111 0.729552 1.2
      vertex -14.0438 0.638906 0
      vertex -14.0438 0.638906 1.2
    endloop
  endfacet
  facet normal 0 0 -1
    outer loop
      vertex -13.8555 -0.11272 1.2
      vertex -13.8555 0.11272 1.2
      vertex -13.85 0 1.2
    endloop
  endfacet
  facet normal 0 0 -1
    outer loop
      vertex -13.8721 -0.224354 1.2
      vertex -13.8555 0.11272 1.2
      vertex -13.8555 -0.11272 1.2
    endloop
  endfacet
  facet normal 0 0 -1
    outer loop
      vertex -13.8721 -0.224354 1.2
      vertex -13.8721 0.224354 1.2
      vertex -13.8555 0.11272 1.2
    endloop
  endfacet
  facet normal 0 0 -1
    outer loop
      vertex -13.8995 -0.333827 1.2
      vertex -13.8721 0.224354 1.2
      vertex -13.8721 -0.224354 1.2
    endloop
  endfacet
  facet normal 0 0 -1
    outer loop
      vertex -13.8995 -0.333827 1.2
      vertex -13.8995 0.333827 1.2
      vertex -13.8721 0.224354 1.2
    endloop
  endfacet
  facet normal 0 0 -1
    outer loop
      vertex -13.9375 -0.440085 1.2
      vertex -13.8995 0.333827 1.2
      vertex -13.8995 -0.333827 1.2
    endloop
  endfacet
  facet normal 0 0 -1
    outer loop
      vertex -13.9375 -0.440085 1.2
      vertex -13.9375 0.440085 1.2
      vertex -13.8995 0.333827 1.2
    endloop
  endfacet
  facet normal 0 0 -1
    outer loop
      vertex -13.9858 -0.542106 1.2
      vertex -13.9375 0.440085 1.2
      vertex -13.9375 -0.440085 1.2
    endloop
  endfacet
  facet normal 0 0 -1
    outer loop
      vertex -13.9858 -0.542106 1.2
      vertex -13.9858 0.542106 1.2
      vertex -13.9375 0.440085 1.2
    endloop
  endfacet
  facet normal 0 0 -1
    outer loop
      vertex -14.0438 -0.638906 1.2
      vertex -13.9858 0.542106 1.2
      vertex -13.9858 -0.542106 1.2
    endloop
  endfacet
  facet normal 0 0 -1
    outer loop
      vertex -14.0438 -0.638906 1.2
      vertex -14.0438 0.638906 1.2
      vertex -13.9858 0.542106 1.2
    endloop
  endfacet
  facet normal 0 0 -1
    outer loop
      vertex -14.111 -0.729552 1.2
      vertex -14.0438 0.638906 1.2
      vertex -14.0438 -0.638906 1.2
    endloop
  endfacet
  facet normal 0 0 -1
    outer loop
      vertex -14.111 -0.729552 1.2
      vertex -14.111 0.729552 1.2
      vertex -14.0438 0.638906 1.2
    endloop
  endfacet
  facet normal 0 0 -1
    outer loop
      vertex -14.1868 -0.813172 1.2
      vertex -14.111 0.729552 1.2
      vertex -14.111 -0.729552 1.2
    endloop
  endfacet
  facet normal 0 0 -1
    outer loop
      vertex -14.1868 -0.813172 1.2
      vertex -14.1868 0.813172 1.2
      vertex -14.111 0.729552 1.2
    endloop
  endfacet
  facet normal 0 0 -1
    outer loop
      vertex -14.2704 -0.888962 1.2
      vertex -14.1868 0.813172 1.2
      vertex -14.1868 -0.813172 1.2
    endloop
  endfacet
  facet normal 0 0 -1
    outer loop
      vertex -14.2704 -0.888962 1.2
      vertex -14.2704 0.888962 1.2
      vertex -14.1868 0.813172 1.2
    endloop
  endfacet
  facet normal 0 0 -1
    outer loop
      vertex -14.3611 -0.956189 1.2
      vertex -14.2704 0.888962 1.2
      vertex -14.2704 -0.888962 1.2
    endloop
  endfacet
  facet normal 0 0 -1
    outer loop
      vertex -14.3611 -0.956189 1.2
      vertex -14.3611 0.956189 1.2
      vertex -14.2704 0.888962 1.2
    endloop
  endfacet
  facet normal 0 0 -1
    outer loop
      vertex -14.4579 -1.01421 1.2
      vertex -14.3611 0.956189 1.2
      vertex -14.3611 -0.956189 1.2
    endloop
  endfacet
  facet normal 0 0 -1
    outer loop
      vertex -14.4579 -1.01421 1.2
      vertex -14.4579 1.01421 1.2
      vertex -14.3611 0.956189 1.2
    endloop
  endfacet
  facet normal 0 0 -1
    outer loop
      vertex -14.5599 -1.06246 1.2
      vertex -14.4579 1.01421 1.2
      vertex -14.4579 -1.01421 1.2
    endloop
  endfacet
  facet normal 0 0 -1
    outer loop
      vertex -14.5599 -1.06246 1.2
      vertex -14.5599 1.06246 1.2
      vertex -14.4579 1.01421 1.2
    endloop
  endfacet
  facet normal 0 0 -1
    outer loop
      vertex -14.6662 -1.10048 1.2
      vertex -14.5599 1.06246 1.2
      vertex -14.5599 -1.06246 1.2
    endloop
  endfacet
  facet normal 0 0 -1
    outer loop
      vertex -14.6662 -1.10048 1.2
      vertex -14.6662 1.10048 1.2
      vertex -14.5599 1.06246 1.2
    endloop
  endfacet
  facet normal 0 0 -1
    outer loop
      vertex -14.7756 -1.1279 1.2
      vertex -14.6662 1.10048 1.2
      vertex -14.6662 -1.10048 1.2
    endloop
  endfacet
  facet normal 0 0 -1
    outer loop
      vertex -14.7756 -1.1279 1.2
      vertex -14.7756 1.1279 1.2
      vertex -14.6662 1.10048 1.2
    endloop
  endfacet
  facet normal 0 0 -1
    outer loop
      vertex -14.8873 -1.14446 1.2
      vertex -14.7756 1.1279 1.2
      vertex -14.7756 -1.1279 1.2
    endloop
  endfacet
  facet normal 0 0 -1
    outer loop
      vertex -14.8873 -1.14446 1.2
      vertex -14.8873 1.14446 1.2
      vertex -14.7756 1.1279 1.2
    endloop
  endfacet
  facet normal 0 0 -1
    outer loop
      vertex -15 -1.15 1.2
      vertex -14.8873 1.14446 1.2
      vertex -14.8873 -1.14446 1.2
    endloop
  endfacet
  facet normal 0 0 -1
    outer loop
      vertex -15 -1.15 1.2
      vertex -15 1.15 1.2
      vertex -14.8873 1.14446 1.2
    endloop
  endfacet
  facet normal 0 0 -1
    outer loop
      vertex -15.1127 -1.14446 1.2
      vertex -15 1.15 1.2
      vertex -15 -1.15 1.2
    endloop
  endfacet
  facet normal 0 0 -1
    outer loop
      vertex -15.1127 -1.14446 1.2
      vertex -15.1127 1.14446 1.2
      vertex -15 1.15 1.2
    endloop
  endfacet
  facet normal 0 0 -1
    outer loop
      vertex -15.2244 -1.1279 1.2
      vertex -15.1127 1.14446 1.2
      vertex -15.1127 -1.14446 1.2
    endloop
  endfacet
  facet normal 0 0 -1
    outer loop
      vertex -15.2244 -1.1279 1.2
      vertex -15.2244 1.1279 1.2
      vertex -15.1127 1.14446 1.2
    endloop
  endfacet
  facet normal 0 0 -1
    outer loop
      vertex -15.3338 -1.10048 1.2
      vertex -15.2244 1.1279 1.2
      vertex -15.2244 -1.1279 1.2
    endloop
  endfacet
  facet normal 0 0 -1
    outer loop
      vertex -15.3338 -1.10048 1.2
      vertex -15.3338 1.10048 1.2
      vertex -15.2244 1.1279 1.2
    endloop
  endfacet
  facet normal 0 0 -1
    outer loop
      vertex -15.4401 -1.06246 1.2
      vertex -15.3338 1.10048 1.2
      vertex -15.3338 -1.10048 1.2
    endloop
  endfacet
  facet normal 0 0 -1
    outer loop
      vertex -15.4401 -1.06246 1.2
      vertex -15.4401 1.06246 1.2
      vertex -15.3338 1.10048 1.2
    endloop
  endfacet
  facet normal 0 0 -1
    outer loop
      vertex -15.5421 -1.01421 1.2
      vertex -15.4401 1.06246 1.2
      vertex -15.4401 -1.06246 1.2
    endloop
  endfacet
  facet normal 0 0 -1
    outer loop
      vertex -15.5421 -1.01421 1.2
      vertex -15.5421 1.01421 1.2
      vertex -15.4401 1.06246 1.2
    endloop
  endfacet
  facet normal 0 0 -1
    outer loop
      vertex -15.6389 -0.956189 1.2
      vertex -15.5421 1.01421 1.2
      vertex -15.5421 -1.01421 1.2
    endloop
  endfacet
  facet normal 0 0 -1
    outer loop
      vertex -15.6389 -0.956189 1.2
      vertex -15.6389 0.956189 1.2
      vertex -15.5421 1.01421 1.2
    endloop
  endfacet
  facet normal 0 0 -1
    outer loop
      vertex -15.7296 -0.888962 1.2
      vertex -15.6389 0.956189 1.2
      vertex -15.6389 -0.956189 1.2
    endloop
  endfacet
  facet normal 0 0 -1
    outer loop
      vertex -15.7296 -0.888962 1.2
      vertex -15.7296 0.888962 1.2
      vertex -15.6389 0.956189 1.2
    endloop
  endfacet
  facet normal 0 0 -1
    outer loop
      vertex -15.8132 -0.813172 1.2
      vertex -15.7296 0.888962 1.2
      vertex -15.7296 -0.888962 1.2
    endloop
  endfacet
  facet normal 0 0 -1
    outer loop
      vertex -15.8132 -0.813172 1.2
      vertex -15.8132 0.813172 1.2
      vertex -15.7296 0.888962 1.2
    endloop
  endfacet
  facet normal 0 0 -1
    outer loop
      vertex -15.889 -0.729552 1.2
      vertex -15.8132 0.813172 1.2
      vertex -15.8132 -0.813172 1.2
    endloop
  endfacet
  facet normal 0 0 -1
    outer loop
      vertex -15.889 -0.729552 1.2
      vertex -15.889 0.729552 1.2
      vertex -15.8132 0.813172 1.2
    endloop
  endfacet
  facet normal 0 0 -1
    outer loop
      vertex -15.9562 -0.638906 1.2
      vertex -15.889 0.729552 1.2
      vertex -15.889 -0.729552 1.2
    endloop
  endfacet
  facet normal 0 0 -1
    outer loop
      vertex -15.9562 -0.638906 1.2
      vertex -15.9562 0.638906 1.2
      vertex -15.889 0.729552 1.2
    endloop
  endfacet
  facet normal 0 0 -1
    outer loop
      vertex -16.0142 -0.542106 1.2
      vertex -15.9562 0.638906 1.2
      vertex -15.9562 -0.638906 1.2
    endloop
  endfacet
  facet normal 0 0 -1
    outer loop
      vertex -16.0142 -0.542106 1.2
      vertex -16.0142 0.542106 1.2
      vertex -15.9562 0.638906 1.2
    endloop
  endfacet
  facet normal 0 0 -1
    outer loop
      vertex -16.0625 -0.440085 1.2
      vertex -16.0142 0.542106 1.2
      vertex -16.0142 -0.542106 1.2
    endloop
  endfacet
  facet normal 0 0 -1
    outer loop
      vertex -16.0625 -0.440085 1.2
      vertex -16.0625 0.440085 1.2
      vertex -16.0142 0.542106 1.2
    endloop
  endfacet
  facet normal 0 0 -1
    outer loop
      vertex -16.1005 -0.333827 1.2
      vertex -16.0625 0.440085 1.2
      vertex -16.0625 -0.440085 1.2
    endloop
  endfacet
  facet normal 0 0 -1
    outer loop
      vertex -16.1005 -0.333827 1.2
      vertex -16.1005 0.333827 1.2
      vertex -16.0625 0.440085 1.2
    endloop
  endfacet
  facet normal 0 0 -1
    outer loop
      vertex -16.1279 -0.224354 1.2
      vertex -16.1005 0.333827 1.2
      vertex -16.1005 -0.333827 1.2
    endloop
  endfacet
  facet normal 0 0 -1
    outer loop
      vertex -16.1279 -0.224354 1.2
      vertex -16.1279 0.224354 1.2
      vertex -16.1005 0.333827 1.2
    endloop
  endfacet
  facet normal 0 0 -1
    outer loop
      vertex -16.1445 -0.11272 1.2
      vertex -16.1279 0.224354 1.2
      vertex -16.1279 -0.224354 1.2
    endloop
  endfacet
  facet normal 0 0 -1
    outer loop
      vertex -16.1445 -0.11272 1.2
      vertex -16.1445 0.11272 1.2
      vertex -16.1279 0.224354 1.2
    endloop
  endfacet
  facet normal 0 -0 -1
    outer loop
      vertex -16.1445 0.11272 1.2
      vertex -16.1445 -0.11272 1.2
      vertex -16.15 0 1.2
    endloop
  endfacet
  facet normal 0.989124 -0.147083 0
    outer loop
      vertex -16.1445 0.11272 1.2
      vertex -16.1279 0.224354 0
      vertex -16.1279 0.224354 1.2
    endloop
  endfacet
  facet normal 0.989124 -0.147083 0
    outer loop
      vertex -16.1279 0.224354 0
      vertex -16.1445 0.11272 1.2
      vertex -16.1445 0.11272 0
    endloop
  endfacet
  facet normal 0.970076 0.2428 0
    outer loop
      vertex -16.1005 -0.333827 1.2
      vertex -16.1279 -0.224354 0
      vertex -16.1279 -0.224354 1.2
    endloop
  endfacet
  facet normal 0.970076 0.2428 0
    outer loop
      vertex -16.1279 -0.224354 0
      vertex -16.1005 -0.333827 1.2
      vertex -16.1005 -0.333827 0
    endloop
  endfacet
  facet normal 0.336774 -0.941585 0
    outer loop
      vertex -15.4401 1.06246 0
      vertex -15.3338 1.10048 1.2
      vertex -15.4401 1.06246 1.2
    endloop
  endfacet
  facet normal 0.336774 -0.941585 0
    outer loop
      vertex -15.3338 1.10048 1.2
      vertex -15.4401 1.06246 0
      vertex -15.3338 1.10048 0
    endloop
  endfacet
  facet normal 0.740902 -0.671614 0
    outer loop
      vertex -15.889 0.729552 1.2
      vertex -15.8132 0.813172 0
      vertex -15.8132 0.813172 1.2
    endloop
  endfacet
  facet normal 0.740902 -0.671614 0
    outer loop
      vertex -15.8132 0.813172 0
      vertex -15.889 0.729552 1.2
      vertex -15.889 0.729552 0
    endloop
  endfacet
  facet normal -0.941599 0.336735 0
    outer loop
      vertex -13.9375 -0.440085 0
      vertex -13.8995 -0.333827 1.2
      vertex -13.8995 -0.333827 0
    endloop
  endfacet
  facet normal -0.941599 0.336735 0
    outer loop
      vertex -13.8995 -0.333827 1.2
      vertex -13.9375 -0.440085 0
      vertex -13.9375 -0.440085 1.2
    endloop
  endfacet
  facet normal -0.146651 0.989188 0
    outer loop
      vertex -14.7756 -1.1279 0
      vertex -14.8873 -1.14446 1.2
      vertex -14.7756 -1.1279 1.2
    endloop
  endfacet
  facet normal -0.146651 0.989188 0
    outer loop
      vertex -14.8873 -1.14446 1.2
      vertex -14.7756 -1.1279 0
      vertex -14.8873 -1.14446 0
    endloop
  endfacet
  facet normal -0.857806 -0.513974 0
    outer loop
      vertex -13.9858 0.542106 0
      vertex -14.0438 0.638906 1.2
      vertex -14.0438 0.638906 0
    endloop
  endfacet
  facet normal -0.857806 -0.513974 0
    outer loop
      vertex -14.0438 0.638906 1.2
      vertex -13.9858 0.542106 0
      vertex -13.9858 0.542106 1.2
    endloop
  endfacet
  facet normal -0.941599 -0.336735 0
    outer loop
      vertex -13.8995 0.333827 0
      vertex -13.9375 0.440085 1.2
      vertex -13.9375 0.440085 0
    endloop
  endfacet
  facet normal -0.941599 -0.336735 0
    outer loop
      vertex -13.9375 0.440085 1.2
      vertex -13.8995 0.333827 0
      vertex -13.8995 0.333827 1.2
    endloop
  endfacet
  facet normal -0.671653 -0.740866 0
    outer loop
      vertex -14.2704 0.888962 0
      vertex -14.1868 0.813172 1.2
      vertex -14.2704 0.888962 1.2
    endloop
  endfacet
  facet normal -0.671653 -0.740866 -0
    outer loop
      vertex -14.1868 0.813172 1.2
      vertex -14.2704 0.888962 0
      vertex -14.1868 0.813172 0
    endloop
  endfacet
  facet normal -0.970076 0.2428 0
    outer loop
      vertex -13.8995 -0.333827 0
      vertex -13.8721 -0.224354 1.2
      vertex -13.8721 -0.224354 0
    endloop
  endfacet
  facet normal -0.970076 0.2428 0
    outer loop
      vertex -13.8721 -0.224354 1.2
      vertex -13.8995 -0.333827 0
      vertex -13.8995 -0.333827 1.2
    endloop
  endfacet
  facet normal -0.0490978 -0.998794 0
    outer loop
      vertex -15 1.15 0
      vertex -14.8873 1.14446 1.2
      vertex -15 1.15 1.2
    endloop
  endfacet
  facet normal -0.0490978 -0.998794 -0
    outer loop
      vertex -14.8873 1.14446 1.2
      vertex -15 1.15 0
      vertex -14.8873 1.14446 0
    endloop
  endfacet
  facet normal 0.514111 -0.857723 0
    outer loop
      vertex -15.6389 0.956189 0
      vertex -15.5421 1.01421 1.2
      vertex -15.6389 0.956189 1.2
    endloop
  endfacet
  facet normal 0.514111 -0.857723 0
    outer loop
      vertex -15.5421 1.01421 1.2
      vertex -15.6389 0.956189 0
      vertex -15.5421 1.01421 0
    endloop
  endfacet
  facet normal -0.336774 -0.941585 0
    outer loop
      vertex -14.6662 1.10048 0
      vertex -14.5599 1.06246 1.2
      vertex -14.6662 1.10048 1.2
    endloop
  endfacet
  facet normal -0.336774 -0.941585 -0
    outer loop
      vertex -14.5599 1.06246 1.2
      vertex -14.6662 1.10048 0
      vertex -14.5599 1.06246 0
    endloop
  endfacet
  facet normal 0.24312 -0.969996 0
    outer loop
      vertex -15.3338 1.10048 0
      vertex -15.2244 1.1279 1.2
      vertex -15.3338 1.10048 1.2
    endloop
  endfacet
  facet normal 0.24312 -0.969996 0
    outer loop
      vertex -15.2244 1.1279 1.2
      vertex -15.3338 1.10048 0
      vertex -15.2244 1.1279 0
    endloop
  endfacet
  facet normal -0.989124 0.147083 0
    outer loop
      vertex -13.8721 -0.224354 0
      vertex -13.8555 -0.11272 1.2
      vertex -13.8555 -0.11272 0
    endloop
  endfacet
  facet normal -0.989124 0.147083 0
    outer loop
      vertex -13.8555 -0.11272 1.2
      vertex -13.8721 -0.224354 0
      vertex -13.8721 -0.224354 1.2
    endloop
  endfacet
  facet normal -0.514111 0.857723 0
    outer loop
      vertex -14.3611 -0.956189 0
      vertex -14.4579 -1.01421 1.2
      vertex -14.3611 -0.956189 1.2
    endloop
  endfacet
  facet normal -0.514111 0.857723 0
    outer loop
      vertex -14.4579 -1.01421 1.2
      vertex -14.3611 -0.956189 0
      vertex -14.4579 -1.01421 0
    endloop
  endfacet
  facet normal -0.857806 0.513974 0
    outer loop
      vertex -14.0438 -0.638906 0
      vertex -13.9858 -0.542106 1.2
      vertex -13.9858 -0.542106 0
    endloop
  endfacet
  facet normal -0.857806 0.513974 0
    outer loop
      vertex -13.9858 -0.542106 1.2
      vertex -14.0438 -0.638906 0
      vertex -14.0438 -0.638906 1.2
    endloop
  endfacet
  facet normal -0.42761 -0.903963 0
    outer loop
      vertex -14.5599 1.06246 0
      vertex -14.4579 1.01421 1.2
      vertex -14.5599 1.06246 1.2
    endloop
  endfacet
  facet normal -0.42761 -0.903963 -0
    outer loop
      vertex -14.4579 1.01421 1.2
      vertex -14.5599 1.06246 0
      vertex -14.4579 1.01421 0
    endloop
  endfacet
  facet normal 0.941599 -0.336735 0
    outer loop
      vertex -16.1005 0.333827 1.2
      vertex -16.0625 0.440085 0
      vertex -16.0625 0.440085 1.2
    endloop
  endfacet
  facet normal 0.941599 -0.336735 0
    outer loop
      vertex -16.0625 0.440085 0
      vertex -16.1005 0.333827 1.2
      vertex -16.1005 0.333827 0
    endloop
  endfacet
  facet normal -0.903826 0.4279 0
    outer loop
      vertex -13.9858 -0.542106 0
      vertex -13.9375 -0.440085 1.2
      vertex -13.9375 -0.440085 0
    endloop
  endfacet
  facet normal -0.903826 0.4279 0
    outer loop
      vertex -13.9375 -0.440085 1.2
      vertex -13.9858 -0.542106 0
      vertex -13.9858 -0.542106 1.2
    endloop
  endfacet
  facet normal -0.24312 -0.969996 0
    outer loop
      vertex -14.7756 1.1279 0
      vertex -14.6662 1.10048 1.2
      vertex -14.7756 1.1279 1.2
    endloop
  endfacet
  facet normal -0.24312 -0.969996 -0
    outer loop
      vertex -14.6662 1.10048 1.2
      vertex -14.7756 1.1279 0
      vertex -14.6662 1.10048 0
    endloop
  endfacet
  facet normal 0.970076 -0.2428 0
    outer loop
      vertex -16.1279 0.224354 1.2
      vertex -16.1005 0.333827 0
      vertex -16.1005 0.333827 1.2
    endloop
  endfacet
  facet normal 0.970076 -0.2428 0
    outer loop
      vertex -16.1005 0.333827 0
      vertex -16.1279 0.224354 1.2
      vertex -16.1279 0.224354 0
    endloop
  endfacet
  facet normal 0.671653 -0.740866 0
    outer loop
      vertex -15.8132 0.813172 0
      vertex -15.7296 0.888962 1.2
      vertex -15.8132 0.813172 1.2
    endloop
  endfacet
  facet normal 0.671653 -0.740866 0
    outer loop
      vertex -15.7296 0.888962 1.2
      vertex -15.8132 0.813172 0
      vertex -15.7296 0.888962 0
    endloop
  endfacet
  facet normal 0.857806 0.513974 0
    outer loop
      vertex -15.9562 -0.638906 1.2
      vertex -16.0142 -0.542106 0
      vertex -16.0142 -0.542106 1.2
    endloop
  endfacet
  facet normal 0.857806 0.513974 0
    outer loop
      vertex -16.0142 -0.542106 0
      vertex -15.9562 -0.638906 1.2
      vertex -15.9562 -0.638906 0
    endloop
  endfacet
  facet normal 0.0490978 -0.998794 0
    outer loop
      vertex -15.1127 1.14446 0
      vertex -15 1.15 1.2
      vertex -15.1127 1.14446 1.2
    endloop
  endfacet
  facet normal 0.0490978 -0.998794 0
    outer loop
      vertex -15 1.15 1.2
      vertex -15.1127 1.14446 0
      vertex -15 1.15 0
    endloop
  endfacet
  facet normal -0.146651 -0.989188 0
    outer loop
      vertex -14.8873 1.14446 0
      vertex -14.7756 1.1279 1.2
      vertex -14.8873 1.14446 1.2
    endloop
  endfacet
  facet normal -0.146651 -0.989188 -0
    outer loop
      vertex -14.7756 1.1279 1.2
      vertex -14.8873 1.14446 0
      vertex -14.7756 1.1279 0
    endloop
  endfacet
  facet normal 0.740902 0.671614 0
    outer loop
      vertex -15.8132 -0.813172 1.2
      vertex -15.889 -0.729552 0
      vertex -15.889 -0.729552 1.2
    endloop
  endfacet
  facet normal 0.740902 0.671614 0
    outer loop
      vertex -15.889 -0.729552 0
      vertex -15.8132 -0.813172 1.2
      vertex -15.8132 -0.813172 0
    endloop
  endfacet
  facet normal 0.595467 0.80338 -0
    outer loop
      vertex -15.6389 -0.956189 0
      vertex -15.7296 -0.888962 1.2
      vertex -15.6389 -0.956189 1.2
    endloop
  endfacet
  facet normal 0.595467 0.80338 0
    outer loop
      vertex -15.7296 -0.888962 1.2
      vertex -15.6389 -0.956189 0
      vertex -15.7296 -0.888962 0
    endloop
  endfacet
  facet normal 0.989124 0.147083 0
    outer loop
      vertex -16.1279 -0.224354 1.2
      vertex -16.1445 -0.11272 0
      vertex -16.1445 -0.11272 1.2
    endloop
  endfacet
  facet normal 0.989124 0.147083 0
    outer loop
      vertex -16.1445 -0.11272 0
      vertex -16.1279 -0.224354 1.2
      vertex -16.1279 -0.224354 0
    endloop
  endfacet
  facet normal 0.42761 -0.903963 0
    outer loop
      vertex -15.5421 1.01421 0
      vertex -15.4401 1.06246 1.2
      vertex -15.5421 1.01421 1.2
    endloop
  endfacet
  facet normal 0.42761 -0.903963 0
    outer loop
      vertex -15.4401 1.06246 1.2
      vertex -15.5421 1.01421 0
      vertex -15.4401 1.06246 0
    endloop
  endfacet
  facet normal 0.803325 0.595541 0
    outer loop
      vertex -15.889 -0.729552 1.2
      vertex -15.9562 -0.638906 0
      vertex -15.9562 -0.638906 1.2
    endloop
  endfacet
  facet normal 0.803325 0.595541 0
    outer loop
      vertex -15.9562 -0.638906 0
      vertex -15.889 -0.729552 1.2
      vertex -15.889 -0.729552 0
    endloop
  endfacet
  facet normal -0.336774 0.941585 0
    outer loop
      vertex -14.5599 -1.06246 0
      vertex -14.6662 -1.10048 1.2
      vertex -14.5599 -1.06246 1.2
    endloop
  endfacet
  facet normal -0.336774 0.941585 0
    outer loop
      vertex -14.6662 -1.10048 1.2
      vertex -14.5599 -1.06246 0
      vertex -14.6662 -1.10048 0
    endloop
  endfacet
  facet normal 0.998812 0.0487355 0
    outer loop
      vertex -16.1445 -0.11272 1.2
      vertex -16.15 0 0
      vertex -16.15 0 1.2
    endloop
  endfacet
  facet normal 0.998812 0.0487355 0
    outer loop
      vertex -16.15 0 0
      vertex -16.1445 -0.11272 1.2
      vertex -16.1445 -0.11272 0
    endloop
  endfacet
  facet normal 0.42761 0.903963 -0
    outer loop
      vertex -15.4401 -1.06246 0
      vertex -15.5421 -1.01421 1.2
      vertex -15.4401 -1.06246 1.2
    endloop
  endfacet
  facet normal 0.42761 0.903963 0
    outer loop
      vertex -15.5421 -1.01421 1.2
      vertex -15.4401 -1.06246 0
      vertex -15.5421 -1.01421 0
    endloop
  endfacet
  facet normal -0.595467 0.80338 0
    outer loop
      vertex -14.2704 -0.888962 0
      vertex -14.3611 -0.956189 1.2
      vertex -14.2704 -0.888962 1.2
    endloop
  endfacet
  facet normal -0.595467 0.80338 0
    outer loop
      vertex -14.3611 -0.956189 1.2
      vertex -14.2704 -0.888962 0
      vertex -14.3611 -0.956189 0
    endloop
  endfacet
  facet normal 0.803325 -0.595541 0
    outer loop
      vertex -15.9562 0.638906 1.2
      vertex -15.889 0.729552 0
      vertex -15.889 0.729552 1.2
    endloop
  endfacet
  facet normal 0.803325 -0.595541 0
    outer loop
      vertex -15.889 0.729552 0
      vertex -15.9562 0.638906 1.2
      vertex -15.9562 0.638906 0
    endloop
  endfacet
  facet normal -0.740902 -0.671614 0
    outer loop
      vertex -14.111 0.729552 0
      vertex -14.1868 0.813172 1.2
      vertex -14.1868 0.813172 0
    endloop
  endfacet
  facet normal -0.740902 -0.671614 0
    outer loop
      vertex -14.1868 0.813172 1.2
      vertex -14.111 0.729552 0
      vertex -14.111 0.729552 1.2
    endloop
  endfacet
  facet normal 0.903826 -0.4279 0
    outer loop
      vertex -16.0625 0.440085 1.2
      vertex -16.0142 0.542106 0
      vertex -16.0142 0.542106 1.2
    endloop
  endfacet
  facet normal 0.903826 -0.4279 0
    outer loop
      vertex -16.0142 0.542106 0
      vertex -16.0625 0.440085 1.2
      vertex -16.0625 0.440085 0
    endloop
  endfacet
  facet normal 0.336774 0.941585 -0
    outer loop
      vertex -15.3338 -1.10048 0
      vertex -15.4401 -1.06246 1.2
      vertex -15.3338 -1.10048 1.2
    endloop
  endfacet
  facet normal 0.336774 0.941585 0
    outer loop
      vertex -15.4401 -1.06246 1.2
      vertex -15.3338 -1.10048 0
      vertex -15.4401 -1.06246 0
    endloop
  endfacet
  facet normal 0.0490978 0.998794 -0
    outer loop
      vertex -15 -1.15 0
      vertex -15.1127 -1.14446 1.2
      vertex -15 -1.15 1.2
    endloop
  endfacet
  facet normal 0.0490978 0.998794 0
    outer loop
      vertex -15.1127 -1.14446 1.2
      vertex -15 -1.15 0
      vertex -15.1127 -1.14446 0
    endloop
  endfacet
  facet normal 0.998812 -0.0487355 0
    outer loop
      vertex -16.15 0 1.2
      vertex -16.1445 0.11272 0
      vertex -16.1445 0.11272 1.2
    endloop
  endfacet
  facet normal 0.998812 -0.0487355 0
    outer loop
      vertex -16.1445 0.11272 0
      vertex -16.15 0 1.2
      vertex -16.15 0 0
    endloop
  endfacet
  facet normal 0.671653 0.740866 -0
    outer loop
      vertex -15.7296 -0.888962 0
      vertex -15.8132 -0.813172 1.2
      vertex -15.7296 -0.888962 1.2
    endloop
  endfacet
  facet normal 0.671653 0.740866 0
    outer loop
      vertex -15.8132 -0.813172 1.2
      vertex -15.7296 -0.888962 0
      vertex -15.8132 -0.813172 0
    endloop
  endfacet
  facet normal -0.740902 0.671614 0
    outer loop
      vertex -14.1868 -0.813172 0
      vertex -14.111 -0.729552 1.2
      vertex -14.111 -0.729552 0
    endloop
  endfacet
  facet normal -0.740902 0.671614 0
    outer loop
      vertex -14.111 -0.729552 1.2
      vertex -14.1868 -0.813172 0
      vertex -14.1868 -0.813172 1.2
    endloop
  endfacet
  facet normal -0.671653 0.740866 0
    outer loop
      vertex -14.1868 -0.813172 0
      vertex -14.2704 -0.888962 1.2
      vertex -14.1868 -0.813172 1.2
    endloop
  endfacet
  facet normal -0.671653 0.740866 0
    outer loop
      vertex -14.2704 -0.888962 1.2
      vertex -14.1868 -0.813172 0
      vertex -14.2704 -0.888962 0
    endloop
  endfacet
  facet normal -0.989124 -0.147083 0
    outer loop
      vertex 16.1445 0.11272 0
      vertex 16.1279 0.224354 1.2
      vertex 16.1279 0.224354 0
    endloop
  endfacet
  facet normal -0.989124 -0.147083 0
    outer loop
      vertex 16.1279 0.224354 1.2
      vertex 16.1445 0.11272 0
      vertex 16.1445 0.11272 1.2
    endloop
  endfacet
  facet normal -0.998812 -0.0487355 0
    outer loop
      vertex 16.15 0 0
      vertex 16.1445 0.11272 1.2
      vertex 16.1445 0.11272 0
    endloop
  endfacet
  facet normal -0.998812 -0.0487355 0
    outer loop
      vertex 16.1445 0.11272 1.2
      vertex 16.15 0 0
      vertex 16.15 0 1.2
    endloop
  endfacet
  facet normal -0.970076 -0.2428 0
    outer loop
      vertex 16.1279 0.224354 0
      vertex 16.1005 0.333827 1.2
      vertex 16.1005 0.333827 0
    endloop
  endfacet
  facet normal -0.970076 -0.2428 0
    outer loop
      vertex 16.1005 0.333827 1.2
      vertex 16.1279 0.224354 0
      vertex 16.1279 0.224354 1.2
    endloop
  endfacet
  facet normal 0.146651 -0.989188 0
    outer loop
      vertex 14.7756 1.1279 0
      vertex 14.8873 1.14446 1.2
      vertex 14.7756 1.1279 1.2
    endloop
  endfacet
  facet normal 0.146651 -0.989188 0
    outer loop
      vertex 14.8873 1.14446 1.2
      vertex 14.7756 1.1279 0
      vertex 14.8873 1.14446 0
    endloop
  endfacet
  facet normal 0.941599 0.336735 0
    outer loop
      vertex 13.9375 -0.440085 1.2
      vertex 13.8995 -0.333827 0
      vertex 13.8995 -0.333827 1.2
    endloop
  endfacet
  facet normal 0.941599 0.336735 0
    outer loop
      vertex 13.8995 -0.333827 0
      vertex 13.9375 -0.440085 1.2
      vertex 13.9375 -0.440085 0
    endloop
  endfacet
  facet normal -0.336774 0.941585 0
    outer loop
      vertex 15.4401 -1.06246 0
      vertex 15.3338 -1.10048 1.2
      vertex 15.4401 -1.06246 1.2
    endloop
  endfacet
  facet normal -0.336774 0.941585 0
    outer loop
      vertex 15.3338 -1.10048 1.2
      vertex 15.4401 -1.06246 0
      vertex 15.3338 -1.10048 0
    endloop
  endfacet
  facet normal -0.514111 -0.857723 0
    outer loop
      vertex 15.5421 1.01421 0
      vertex 15.6389 0.956189 1.2
      vertex 15.5421 1.01421 1.2
    endloop
  endfacet
  facet normal -0.514111 -0.857723 -0
    outer loop
      vertex 15.6389 0.956189 1.2
      vertex 15.5421 1.01421 0
      vertex 15.6389 0.956189 0
    endloop
  endfacet
  facet normal 0.857806 -0.513974 0
    outer loop
      vertex 13.9858 0.542106 1.2
      vertex 14.0438 0.638906 0
      vertex 14.0438 0.638906 1.2
    endloop
  endfacet
  facet normal 0.857806 -0.513974 0
    outer loop
      vertex 14.0438 0.638906 0
      vertex 13.9858 0.542106 1.2
      vertex 13.9858 0.542106 0
    endloop
  endfacet
  facet normal -0.42761 0.903963 0
    outer loop
      vertex 15.5421 -1.01421 0
      vertex 15.4401 -1.06246 1.2
      vertex 15.5421 -1.01421 1.2
    endloop
  endfacet
  facet normal -0.42761 0.903963 0
    outer loop
      vertex 15.4401 -1.06246 1.2
      vertex 15.5421 -1.01421 0
      vertex 15.4401 -1.06246 0
    endloop
  endfacet
  facet normal -0.998812 0.0487355 0
    outer loop
      vertex 16.1445 -0.11272 0
      vertex 16.15 0 1.2
      vertex 16.15 0 0
    endloop
  endfacet
  facet normal -0.998812 0.0487355 0
    outer loop
      vertex 16.15 0 1.2
      vertex 16.1445 -0.11272 0
      vertex 16.1445 -0.11272 1.2
    endloop
  endfacet
  facet normal -0.24312 0.969996 0
    outer loop
      vertex 15.3338 -1.10048 0
      vertex 15.2244 -1.1279 1.2
      vertex 15.3338 -1.10048 1.2
    endloop
  endfacet
  facet normal -0.24312 0.969996 0
    outer loop
      vertex 15.2244 -1.1279 1.2
      vertex 15.3338 -1.10048 0
      vertex 15.2244 -1.1279 0
    endloop
  endfacet
  facet normal 0.595467 -0.80338 0
    outer loop
      vertex 14.2704 0.888962 0
      vertex 14.3611 0.956189 1.2
      vertex 14.2704 0.888962 1.2
    endloop
  endfacet
  facet normal 0.595467 -0.80338 0
    outer loop
      vertex 14.3611 0.956189 1.2
      vertex 14.2704 0.888962 0
      vertex 14.3611 0.956189 0
    endloop
  endfacet
  facet normal -0.0490978 0.998794 0
    outer loop
      vertex 15.1127 -1.14446 0
      vertex 15 -1.15 1.2
      vertex 15.1127 -1.14446 1.2
    endloop
  endfacet
  facet normal -0.0490978 0.998794 0
    outer loop
      vertex 15 -1.15 1.2
      vertex 15.1127 -1.14446 0
      vertex 15 -1.15 0
    endloop
  endfacet
  facet normal 0.514111 0.857723 -0
    outer loop
      vertex 14.4579 -1.01421 0
      vertex 14.3611 -0.956189 1.2
      vertex 14.4579 -1.01421 1.2
    endloop
  endfacet
  facet normal 0.514111 0.857723 0
    outer loop
      vertex 14.3611 -0.956189 1.2
      vertex 14.4579 -1.01421 0
      vertex 14.3611 -0.956189 0
    endloop
  endfacet
  facet normal -0.903826 -0.4279 0
    outer loop
      vertex 16.0625 0.440085 0
      vertex 16.0142 0.542106 1.2
      vertex 16.0142 0.542106 0
    endloop
  endfacet
  facet normal -0.903826 -0.4279 0
    outer loop
      vertex 16.0142 0.542106 1.2
      vertex 16.0625 0.440085 0
      vertex 16.0625 0.440085 1.2
    endloop
  endfacet
  facet normal 0.146651 0.989188 -0
    outer loop
      vertex 14.8873 -1.14446 0
      vertex 14.7756 -1.1279 1.2
      vertex 14.8873 -1.14446 1.2
    endloop
  endfacet
  facet normal 0.146651 0.989188 0
    outer loop
      vertex 14.7756 -1.1279 1.2
      vertex 14.8873 -1.14446 0
      vertex 14.7756 -1.1279 0
    endloop
  endfacet
  facet normal -0.0490978 -0.998794 0
    outer loop
      vertex 15 1.15 0
      vertex 15.1127 1.14446 1.2
      vertex 15 1.15 1.2
    endloop
  endfacet
  facet normal -0.0490978 -0.998794 -0
    outer loop
      vertex 15.1127 1.14446 1.2
      vertex 15 1.15 0
      vertex 15.1127 1.14446 0
    endloop
  endfacet
  facet normal 0.24312 0.969996 -0
    outer loop
      vertex 14.7756 -1.1279 0
      vertex 14.6662 -1.10048 1.2
      vertex 14.7756 -1.1279 1.2
    endloop
  endfacet
  facet normal 0.24312 0.969996 0
    outer loop
      vertex 14.6662 -1.10048 1.2
      vertex 14.7756 -1.1279 0
      vertex 14.6662 -1.10048 0
    endloop
  endfacet
  facet normal -0.595467 -0.80338 0
    outer loop
      vertex 15.6389 0.956189 0
      vertex 15.7296 0.888962 1.2
      vertex 15.6389 0.956189 1.2
    endloop
  endfacet
  facet normal -0.595467 -0.80338 -0
    outer loop
      vertex 15.7296 0.888962 1.2
      vertex 15.6389 0.956189 0
      vertex 15.7296 0.888962 0
    endloop
  endfacet
  facet normal 0.903826 0.4279 0
    outer loop
      vertex 13.9858 -0.542106 1.2
      vertex 13.9375 -0.440085 0
      vertex 13.9375 -0.440085 1.2
    endloop
  endfacet
  facet normal 0.903826 0.4279 0
    outer loop
      vertex 13.9375 -0.440085 0
      vertex 13.9858 -0.542106 1.2
      vertex 13.9858 -0.542106 0
    endloop
  endfacet
  facet normal -0.803325 0.595541 0
    outer loop
      vertex 15.889 -0.729552 0
      vertex 15.9562 -0.638906 1.2
      vertex 15.9562 -0.638906 0
    endloop
  endfacet
  facet normal -0.803325 0.595541 0
    outer loop
      vertex 15.9562 -0.638906 1.2
      vertex 15.889 -0.729552 0
      vertex 15.889 -0.729552 1.2
    endloop
  endfacet
  facet normal -0.803325 -0.595541 0
    outer loop
      vertex 15.9562 0.638906 0
      vertex 15.889 0.729552 1.2
      vertex 15.889 0.729552 0
    endloop
  endfacet
  facet normal -0.803325 -0.595541 0
    outer loop
      vertex 15.889 0.729552 1.2
      vertex 15.9562 0.638906 0
      vertex 15.9562 0.638906 1.2
    endloop
  endfacet
  facet normal 0 0 -1
    outer loop
      vertex 16.1445 -0.11272 1.2
      vertex 16.1445 0.11272 1.2
      vertex 16.15 0 1.2
    endloop
  endfacet
  facet normal 0 0 -1
    outer loop
      vertex 16.1279 -0.224354 1.2
      vertex 16.1445 0.11272 1.2
      vertex 16.1445 -0.11272 1.2
    endloop
  endfacet
  facet normal 0 0 -1
    outer loop
      vertex 16.1279 -0.224354 1.2
      vertex 16.1279 0.224354 1.2
      vertex 16.1445 0.11272 1.2
    endloop
  endfacet
  facet normal 0 0 -1
    outer loop
      vertex 16.1005 -0.333827 1.2
      vertex 16.1279 0.224354 1.2
      vertex 16.1279 -0.224354 1.2
    endloop
  endfacet
  facet normal 0 0 -1
    outer loop
      vertex 16.1005 -0.333827 1.2
      vertex 16.1005 0.333827 1.2
      vertex 16.1279 0.224354 1.2
    endloop
  endfacet
  facet normal 0 0 -1
    outer loop
      vertex 16.0625 -0.440085 1.2
      vertex 16.1005 0.333827 1.2
      vertex 16.1005 -0.333827 1.2
    endloop
  endfacet
  facet normal 0 0 -1
    outer loop
      vertex 16.0625 -0.440085 1.2
      vertex 16.0625 0.440085 1.2
      vertex 16.1005 0.333827 1.2
    endloop
  endfacet
  facet normal 0 0 -1
    outer loop
      vertex 16.0142 -0.542106 1.2
      vertex 16.0625 0.440085 1.2
      vertex 16.0625 -0.440085 1.2
    endloop
  endfacet
  facet normal 0 0 -1
    outer loop
      vertex 16.0142 -0.542106 1.2
      vertex 16.0142 0.542106 1.2
      vertex 16.0625 0.440085 1.2
    endloop
  endfacet
  facet normal 0 0 -1
    outer loop
      vertex 15.9562 -0.638906 1.2
      vertex 16.0142 0.542106 1.2
      vertex 16.0142 -0.542106 1.2
    endloop
  endfacet
  facet normal 0 0 -1
    outer loop
      vertex 15.9562 -0.638906 1.2
      vertex 15.9562 0.638906 1.2
      vertex 16.0142 0.542106 1.2
    endloop
  endfacet
  facet normal 0 0 -1
    outer loop
      vertex 15.889 -0.729552 1.2
      vertex 15.9562 0.638906 1.2
      vertex 15.9562 -0.638906 1.2
    endloop
  endfacet
  facet normal 0 0 -1
    outer loop
      vertex 15.889 -0.729552 1.2
      vertex 15.889 0.729552 1.2
      vertex 15.9562 0.638906 1.2
    endloop
  endfacet
  facet normal 0 0 -1
    outer loop
      vertex 15.8132 -0.813172 1.2
      vertex 15.889 0.729552 1.2
      vertex 15.889 -0.729552 1.2
    endloop
  endfacet
  facet normal 0 0 -1
    outer loop
      vertex 15.8132 -0.813172 1.2
      vertex 15.8132 0.813172 1.2
      vertex 15.889 0.729552 1.2
    endloop
  endfacet
  facet normal 0 0 -1
    outer loop
      vertex 15.7296 -0.888962 1.2
      vertex 15.8132 0.813172 1.2
      vertex 15.8132 -0.813172 1.2
    endloop
  endfacet
  facet normal 0 0 -1
    outer loop
      vertex 15.7296 -0.888962 1.2
      vertex 15.7296 0.888962 1.2
      vertex 15.8132 0.813172 1.2
    endloop
  endfacet
  facet normal 0 0 -1
    outer loop
      vertex 15.6389 -0.956189 1.2
      vertex 15.7296 0.888962 1.2
      vertex 15.7296 -0.888962 1.2
    endloop
  endfacet
  facet normal 0 0 -1
    outer loop
      vertex 15.6389 -0.956189 1.2
      vertex 15.6389 0.956189 1.2
      vertex 15.7296 0.888962 1.2
    endloop
  endfacet
  facet normal 0 0 -1
    outer loop
      vertex 15.5421 -1.01421 1.2
      vertex 15.6389 0.956189 1.2
      vertex 15.6389 -0.956189 1.2
    endloop
  endfacet
  facet normal 0 0 -1
    outer loop
      vertex 15.5421 -1.01421 1.2
      vertex 15.5421 1.01421 1.2
      vertex 15.6389 0.956189 1.2
    endloop
  endfacet
  facet normal 0 0 -1
    outer loop
      vertex 15.4401 -1.06246 1.2
      vertex 15.5421 1.01421 1.2
      vertex 15.5421 -1.01421 1.2
    endloop
  endfacet
  facet normal 0 0 -1
    outer loop
      vertex 15.4401 -1.06246 1.2
      vertex 15.4401 1.06246 1.2
      vertex 15.5421 1.01421 1.2
    endloop
  endfacet
  facet normal 0 0 -1
    outer loop
      vertex 15.3338 -1.10048 1.2
      vertex 15.4401 1.06246 1.2
      vertex 15.4401 -1.06246 1.2
    endloop
  endfacet
  facet normal 0 0 -1
    outer loop
      vertex 15.3338 -1.10048 1.2
      vertex 15.3338 1.10048 1.2
      vertex 15.4401 1.06246 1.2
    endloop
  endfacet
  facet normal 0 0 -1
    outer loop
      vertex 15.2244 -1.1279 1.2
      vertex 15.3338 1.10048 1.2
      vertex 15.3338 -1.10048 1.2
    endloop
  endfacet
  facet normal 0 0 -1
    outer loop
      vertex 15.2244 -1.1279 1.2
      vertex 15.2244 1.1279 1.2
      vertex 15.3338 1.10048 1.2
    endloop
  endfacet
  facet normal 0 0 -1
    outer loop
      vertex 15.1127 -1.14446 1.2
      vertex 15.2244 1.1279 1.2
      vertex 15.2244 -1.1279 1.2
    endloop
  endfacet
  facet normal 0 0 -1
    outer loop
      vertex 15.1127 -1.14446 1.2
      vertex 15.1127 1.14446 1.2
      vertex 15.2244 1.1279 1.2
    endloop
  endfacet
  facet normal 0 0 -1
    outer loop
      vertex 15 -1.15 1.2
      vertex 15.1127 1.14446 1.2
      vertex 15.1127 -1.14446 1.2
    endloop
  endfacet
  facet normal 0 0 -1
    outer loop
      vertex 15 -1.15 1.2
      vertex 15 1.15 1.2
      vertex 15.1127 1.14446 1.2
    endloop
  endfacet
  facet normal 0 0 -1
    outer loop
      vertex 14.8873 -1.14446 1.2
      vertex 15 1.15 1.2
      vertex 15 -1.15 1.2
    endloop
  endfacet
  facet normal 0 0 -1
    outer loop
      vertex 14.8873 -1.14446 1.2
      vertex 14.8873 1.14446 1.2
      vertex 15 1.15 1.2
    endloop
  endfacet
  facet normal 0 0 -1
    outer loop
      vertex 14.7756 -1.1279 1.2
      vertex 14.8873 1.14446 1.2
      vertex 14.8873 -1.14446 1.2
    endloop
  endfacet
  facet normal 0 0 -1
    outer loop
      vertex 14.7756 -1.1279 1.2
      vertex 14.7756 1.1279 1.2
      vertex 14.8873 1.14446 1.2
    endloop
  endfacet
  facet normal 0 0 -1
    outer loop
      vertex 14.6662 -1.10048 1.2
      vertex 14.7756 1.1279 1.2
      vertex 14.7756 -1.1279 1.2
    endloop
  endfacet
  facet normal 0 0 -1
    outer loop
      vertex 14.6662 -1.10048 1.2
      vertex 14.6662 1.10048 1.2
      vertex 14.7756 1.1279 1.2
    endloop
  endfacet
  facet normal 0 0 -1
    outer loop
      vertex 14.5599 -1.06246 1.2
      vertex 14.6662 1.10048 1.2
      vertex 14.6662 -1.10048 1.2
    endloop
  endfacet
  facet normal 0 0 -1
    outer loop
      vertex 14.5599 -1.06246 1.2
      vertex 14.5599 1.06246 1.2
      vertex 14.6662 1.10048 1.2
    endloop
  endfacet
  facet normal 0 0 -1
    outer loop
      vertex 14.4579 -1.01421 1.2
      vertex 14.5599 1.06246 1.2
      vertex 14.5599 -1.06246 1.2
    endloop
  endfacet
  facet normal 0 0 -1
    outer loop
      vertex 14.4579 -1.01421 1.2
      vertex 14.4579 1.01421 1.2
      vertex 14.5599 1.06246 1.2
    endloop
  endfacet
  facet normal 0 0 -1
    outer loop
      vertex 14.3611 -0.956189 1.2
      vertex 14.4579 1.01421 1.2
      vertex 14.4579 -1.01421 1.2
    endloop
  endfacet
  facet normal 0 0 -1
    outer loop
      vertex 14.3611 -0.956189 1.2
      vertex 14.3611 0.956189 1.2
      vertex 14.4579 1.01421 1.2
    endloop
  endfacet
  facet normal 0 0 -1
    outer loop
      vertex 14.2704 -0.888962 1.2
      vertex 14.3611 0.956189 1.2
      vertex 14.3611 -0.956189 1.2
    endloop
  endfacet
  facet normal 0 0 -1
    outer loop
      vertex 14.2704 -0.888962 1.2
      vertex 14.2704 0.888962 1.2
      vertex 14.3611 0.956189 1.2
    endloop
  endfacet
  facet normal 0 0 -1
    outer loop
      vertex 14.1868 -0.813172 1.2
      vertex 14.2704 0.888962 1.2
      vertex 14.2704 -0.888962 1.2
    endloop
  endfacet
  facet normal 0 0 -1
    outer loop
      vertex 14.1868 -0.813172 1.2
      vertex 14.1868 0.813172 1.2
      vertex 14.2704 0.888962 1.2
    endloop
  endfacet
  facet normal 0 0 -1
    outer loop
      vertex 14.111 -0.729552 1.2
      vertex 14.1868 0.813172 1.2
      vertex 14.1868 -0.813172 1.2
    endloop
  endfacet
  facet normal 0 0 -1
    outer loop
      vertex 14.111 -0.729552 1.2
      vertex 14.111 0.729552 1.2
      vertex 14.1868 0.813172 1.2
    endloop
  endfacet
  facet normal 0 0 -1
    outer loop
      vertex 14.0438 -0.638906 1.2
      vertex 14.111 0.729552 1.2
      vertex 14.111 -0.729552 1.2
    endloop
  endfacet
  facet normal 0 0 -1
    outer loop
      vertex 14.0438 -0.638906 1.2
      vertex 14.0438 0.638906 1.2
      vertex 14.111 0.729552 1.2
    endloop
  endfacet
  facet normal 0 0 -1
    outer loop
      vertex 13.9858 -0.542106 1.2
      vertex 14.0438 0.638906 1.2
      vertex 14.0438 -0.638906 1.2
    endloop
  endfacet
  facet normal 0 0 -1
    outer loop
      vertex 13.9858 -0.542106 1.2
      vertex 13.9858 0.542106 1.2
      vertex 14.0438 0.638906 1.2
    endloop
  endfacet
  facet normal 0 0 -1
    outer loop
      vertex 13.9375 -0.440085 1.2
      vertex 13.9858 0.542106 1.2
      vertex 13.9858 -0.542106 1.2
    endloop
  endfacet
  facet normal 0 0 -1
    outer loop
      vertex 13.9375 -0.440085 1.2
      vertex 13.9375 0.440085 1.2
      vertex 13.9858 0.542106 1.2
    endloop
  endfacet
  facet normal 0 0 -1
    outer loop
      vertex 13.8995 -0.333827 1.2
      vertex 13.9375 0.440085 1.2
      vertex 13.9375 -0.440085 1.2
    endloop
  endfacet
  facet normal 0 0 -1
    outer loop
      vertex 13.8995 -0.333827 1.2
      vertex 13.8995 0.333827 1.2
      vertex 13.9375 0.440085 1.2
    endloop
  endfacet
  facet normal 0 0 -1
    outer loop
      vertex 13.8721 -0.224354 1.2
      vertex 13.8995 0.333827 1.2
      vertex 13.8995 -0.333827 1.2
    endloop
  endfacet
  facet normal 0 0 -1
    outer loop
      vertex 13.8721 -0.224354 1.2
      vertex 13.8721 0.224354 1.2
      vertex 13.8995 0.333827 1.2
    endloop
  endfacet
  facet normal 0 0 -1
    outer loop
      vertex 13.8555 -0.11272 1.2
      vertex 13.8721 0.224354 1.2
      vertex 13.8721 -0.224354 1.2
    endloop
  endfacet
  facet normal 0 0 -1
    outer loop
      vertex 13.8555 -0.11272 1.2
      vertex 13.8555 0.11272 1.2
      vertex 13.8721 0.224354 1.2
    endloop
  endfacet
  facet normal 0 -0 -1
    outer loop
      vertex 13.8555 0.11272 1.2
      vertex 13.8555 -0.11272 1.2
      vertex 13.85 0 1.2
    endloop
  endfacet
  facet normal 0.989124 -0.147083 0
    outer loop
      vertex 13.8555 0.11272 1.2
      vertex 13.8721 0.224354 0
      vertex 13.8721 0.224354 1.2
    endloop
  endfacet
  facet normal 0.989124 -0.147083 0
    outer loop
      vertex 13.8721 0.224354 0
      vertex 13.8555 0.11272 1.2
      vertex 13.8555 0.11272 0
    endloop
  endfacet
  facet normal 0.0490978 -0.998794 0
    outer loop
      vertex 14.8873 1.14446 0
      vertex 15 1.15 1.2
      vertex 14.8873 1.14446 1.2
    endloop
  endfacet
  facet normal 0.0490978 -0.998794 0
    outer loop
      vertex 15 1.15 1.2
      vertex 14.8873 1.14446 0
      vertex 15 1.15 0
    endloop
  endfacet
  facet normal 0.970076 0.2428 0
    outer loop
      vertex 13.8995 -0.333827 1.2
      vertex 13.8721 -0.224354 0
      vertex 13.8721 -0.224354 1.2
    endloop
  endfacet
  facet normal 0.970076 0.2428 0
    outer loop
      vertex 13.8721 -0.224354 0
      vertex 13.8995 -0.333827 1.2
      vertex 13.8995 -0.333827 0
    endloop
  endfacet
  facet normal 0.336774 -0.941585 0
    outer loop
      vertex 14.5599 1.06246 0
      vertex 14.6662 1.10048 1.2
      vertex 14.5599 1.06246 1.2
    endloop
  endfacet
  facet normal 0.336774 -0.941585 0
    outer loop
      vertex 14.6662 1.10048 1.2
      vertex 14.5599 1.06246 0
      vertex 14.6662 1.10048 0
    endloop
  endfacet
  facet normal 0.740902 -0.671614 0
    outer loop
      vertex 14.111 0.729552 1.2
      vertex 14.1868 0.813172 0
      vertex 14.1868 0.813172 1.2
    endloop
  endfacet
  facet normal 0.740902 -0.671614 0
    outer loop
      vertex 14.1868 0.813172 0
      vertex 14.111 0.729552 1.2
      vertex 14.111 0.729552 0
    endloop
  endfacet
  facet normal -0.941599 0.336735 0
    outer loop
      vertex 16.0625 -0.440085 0
      vertex 16.1005 -0.333827 1.2
      vertex 16.1005 -0.333827 0
    endloop
  endfacet
  facet normal -0.941599 0.336735 0
    outer loop
      vertex 16.1005 -0.333827 1.2
      vertex 16.0625 -0.440085 0
      vertex 16.0625 -0.440085 1.2
    endloop
  endfacet
  facet normal -0.146651 0.989188 0
    outer loop
      vertex 15.2244 -1.1279 0
      vertex 15.1127 -1.14446 1.2
      vertex 15.2244 -1.1279 1.2
    endloop
  endfacet
  facet normal -0.146651 0.989188 0
    outer loop
      vertex 15.1127 -1.14446 1.2
      vertex 15.2244 -1.1279 0
      vertex 15.1127 -1.14446 0
    endloop
  endfacet
  facet normal -0.857806 -0.513974 0
    outer loop
      vertex 16.0142 0.542106 0
      vertex 15.9562 0.638906 1.2
      vertex 15.9562 0.638906 0
    endloop
  endfacet
  facet normal -0.857806 -0.513974 0
    outer loop
      vertex 15.9562 0.638906 1.2
      vertex 16.0142 0.542106 0
      vertex 16.0142 0.542106 1.2
    endloop
  endfacet
  facet normal -0.941599 -0.336735 0
    outer loop
      vertex 16.1005 0.333827 0
      vertex 16.0625 0.440085 1.2
      vertex 16.0625 0.440085 0
    endloop
  endfacet
  facet normal -0.941599 -0.336735 0
    outer loop
      vertex 16.0625 0.440085 1.2
      vertex 16.1005 0.333827 0
      vertex 16.1005 0.333827 1.2
    endloop
  endfacet
  facet normal -0.671653 -0.740866 0
    outer loop
      vertex 15.7296 0.888962 0
      vertex 15.8132 0.813172 1.2
      vertex 15.7296 0.888962 1.2
    endloop
  endfacet
  facet normal -0.671653 -0.740866 -0
    outer loop
      vertex 15.8132 0.813172 1.2
      vertex 15.7296 0.888962 0
      vertex 15.8132 0.813172 0
    endloop
  endfacet
  facet normal -0.970076 0.2428 0
    outer loop
      vertex 16.1005 -0.333827 0
      vertex 16.1279 -0.224354 1.2
      vertex 16.1279 -0.224354 0
    endloop
  endfacet
  facet normal -0.970076 0.2428 0
    outer loop
      vertex 16.1279 -0.224354 1.2
      vertex 16.1005 -0.333827 0
      vertex 16.1005 -0.333827 1.2
    endloop
  endfacet
  facet normal 0.514111 -0.857723 0
    outer loop
      vertex 14.3611 0.956189 0
      vertex 14.4579 1.01421 1.2
      vertex 14.3611 0.956189 1.2
    endloop
  endfacet
  facet normal 0.514111 -0.857723 0
    outer loop
      vertex 14.4579 1.01421 1.2
      vertex 14.3611 0.956189 0
      vertex 14.4579 1.01421 0
    endloop
  endfacet
  facet normal -0.336774 -0.941585 0
    outer loop
      vertex 15.3338 1.10048 0
      vertex 15.4401 1.06246 1.2
      vertex 15.3338 1.10048 1.2
    endloop
  endfacet
  facet normal -0.336774 -0.941585 -0
    outer loop
      vertex 15.4401 1.06246 1.2
      vertex 15.3338 1.10048 0
      vertex 15.4401 1.06246 0
    endloop
  endfacet
  facet normal 0.24312 -0.969996 0
    outer loop
      vertex 14.6662 1.10048 0
      vertex 14.7756 1.1279 1.2
      vertex 14.6662 1.10048 1.2
    endloop
  endfacet
  facet normal 0.24312 -0.969996 0
    outer loop
      vertex 14.7756 1.1279 1.2
      vertex 14.6662 1.10048 0
      vertex 14.7756 1.1279 0
    endloop
  endfacet
  facet normal -0.989124 0.147083 0
    outer loop
      vertex 16.1279 -0.224354 0
      vertex 16.1445 -0.11272 1.2
      vertex 16.1445 -0.11272 0
    endloop
  endfacet
  facet normal -0.989124 0.147083 0
    outer loop
      vertex 16.1445 -0.11272 1.2
      vertex 16.1279 -0.224354 0
      vertex 16.1279 -0.224354 1.2
    endloop
  endfacet
  facet normal -0.514111 0.857723 0
    outer loop
      vertex 15.6389 -0.956189 0
      vertex 15.5421 -1.01421 1.2
      vertex 15.6389 -0.956189 1.2
    endloop
  endfacet
  facet normal -0.514111 0.857723 0
    outer loop
      vertex 15.5421 -1.01421 1.2
      vertex 15.6389 -0.956189 0
      vertex 15.5421 -1.01421 0
    endloop
  endfacet
  facet normal -0.857806 0.513974 0
    outer loop
      vertex 15.9562 -0.638906 0
      vertex 16.0142 -0.542106 1.2
      vertex 16.0142 -0.542106 0
    endloop
  endfacet
  facet normal -0.857806 0.513974 0
    outer loop
      vertex 16.0142 -0.542106 1.2
      vertex 15.9562 -0.638906 0
      vertex 15.9562 -0.638906 1.2
    endloop
  endfacet
  facet normal -0.42761 -0.903963 0
    outer loop
      vertex 15.4401 1.06246 0
      vertex 15.5421 1.01421 1.2
      vertex 15.4401 1.06246 1.2
    endloop
  endfacet
  facet normal -0.42761 -0.903963 -0
    outer loop
      vertex 15.5421 1.01421 1.2
      vertex 15.4401 1.06246 0
      vertex 15.5421 1.01421 0
    endloop
  endfacet
  facet normal 0.941599 -0.336735 0
    outer loop
      vertex 13.8995 0.333827 1.2
      vertex 13.9375 0.440085 0
      vertex 13.9375 0.440085 1.2
    endloop
  endfacet
  facet normal 0.941599 -0.336735 0
    outer loop
      vertex 13.9375 0.440085 0
      vertex 13.8995 0.333827 1.2
      vertex 13.8995 0.333827 0
    endloop
  endfacet
  facet normal -0.903826 0.4279 0
    outer loop
      vertex 16.0142 -0.542106 0
      vertex 16.0625 -0.440085 1.2
      vertex 16.0625 -0.440085 0
    endloop
  endfacet
  facet normal -0.903826 0.4279 0
    outer loop
      vertex 16.0625 -0.440085 1.2
      vertex 16.0142 -0.542106 0
      vertex 16.0142 -0.542106 1.2
    endloop
  endfacet
  facet normal -0.24312 -0.969996 0
    outer loop
      vertex 15.2244 1.1279 0
      vertex 15.3338 1.10048 1.2
      vertex 15.2244 1.1279 1.2
    endloop
  endfacet
  facet normal -0.24312 -0.969996 -0
    outer loop
      vertex 15.3338 1.10048 1.2
      vertex 15.2244 1.1279 0
      vertex 15.3338 1.10048 0
    endloop
  endfacet
  facet normal 0.970076 -0.2428 0
    outer loop
      vertex 13.8721 0.224354 1.2
      vertex 13.8995 0.333827 0
      vertex 13.8995 0.333827 1.2
    endloop
  endfacet
  facet normal 0.970076 -0.2428 0
    outer loop
      vertex 13.8995 0.333827 0
      vertex 13.8721 0.224354 1.2
      vertex 13.8721 0.224354 0
    endloop
  endfacet
  facet normal 0.671653 -0.740866 0
    outer loop
      vertex 14.1868 0.813172 0
      vertex 14.2704 0.888962 1.2
      vertex 14.1868 0.813172 1.2
    endloop
  endfacet
  facet normal 0.671653 -0.740866 0
    outer loop
      vertex 14.2704 0.888962 1.2
      vertex 14.1868 0.813172 0
      vertex 14.2704 0.888962 0
    endloop
  endfacet
  facet normal 0.857806 0.513974 0
    outer loop
      vertex 14.0438 -0.638906 1.2
      vertex 13.9858 -0.542106 0
      vertex 13.9858 -0.542106 1.2
    endloop
  endfacet
  facet normal 0.857806 0.513974 0
    outer loop
      vertex 13.9858 -0.542106 0
      vertex 14.0438 -0.638906 1.2
      vertex 14.0438 -0.638906 0
    endloop
  endfacet
  facet normal -0.146651 -0.989188 0
    outer loop
      vertex 15.1127 1.14446 0
      vertex 15.2244 1.1279 1.2
      vertex 15.1127 1.14446 1.2
    endloop
  endfacet
  facet normal -0.146651 -0.989188 -0
    outer loop
      vertex 15.2244 1.1279 1.2
      vertex 15.1127 1.14446 0
      vertex 15.2244 1.1279 0
    endloop
  endfacet
  facet normal 0.740902 0.671614 0
    outer loop
      vertex 14.1868 -0.813172 1.2
      vertex 14.111 -0.729552 0
      vertex 14.111 -0.729552 1.2
    endloop
  endfacet
  facet normal 0.740902 0.671614 0
    outer loop
      vertex 14.111 -0.729552 0
      vertex 14.1868 -0.813172 1.2
      vertex 14.1868 -0.813172 0
    endloop
  endfacet
  facet normal 0.595467 0.80338 -0
    outer loop
      vertex 14.3611 -0.956189 0
      vertex 14.2704 -0.888962 1.2
      vertex 14.3611 -0.956189 1.2
    endloop
  endfacet
  facet normal 0.595467 0.80338 0
    outer loop
      vertex 14.2704 -0.888962 1.2
      vertex 14.3611 -0.956189 0
      vertex 14.2704 -0.888962 0
    endloop
  endfacet
  facet normal 0.989124 0.147083 0
    outer loop
      vertex 13.8721 -0.224354 1.2
      vertex 13.8555 -0.11272 0
      vertex 13.8555 -0.11272 1.2
    endloop
  endfacet
  facet normal 0.989124 0.147083 0
    outer loop
      vertex 13.8555 -0.11272 0
      vertex 13.8721 -0.224354 1.2
      vertex 13.8721 -0.224354 0
    endloop
  endfacet
  facet normal 0.42761 -0.903963 0
    outer loop
      vertex 14.4579 1.01421 0
      vertex 14.5599 1.06246 1.2
      vertex 14.4579 1.01421 1.2
    endloop
  endfacet
  facet normal 0.42761 -0.903963 0
    outer loop
      vertex 14.5599 1.06246 1.2
      vertex 14.4579 1.01421 0
      vertex 14.5599 1.06246 0
    endloop
  endfacet
  facet normal 0.803325 0.595541 0
    outer loop
      vertex 14.111 -0.729552 1.2
      vertex 14.0438 -0.638906 0
      vertex 14.0438 -0.638906 1.2
    endloop
  endfacet
  facet normal 0.803325 0.595541 0
    outer loop
      vertex 14.0438 -0.638906 0
      vertex 14.111 -0.729552 1.2
      vertex 14.111 -0.729552 0
    endloop
  endfacet
  facet normal 0.998812 0.0487355 0
    outer loop
      vertex 13.8555 -0.11272 1.2
      vertex 13.85 0 0
      vertex 13.85 0 1.2
    endloop
  endfacet
  facet normal 0.998812 0.0487355 0
    outer loop
      vertex 13.85 0 0
      vertex 13.8555 -0.11272 1.2
      vertex 13.8555 -0.11272 0
    endloop
  endfacet
  facet normal 0.42761 0.903963 -0
    outer loop
      vertex 14.5599 -1.06246 0
      vertex 14.4579 -1.01421 1.2
      vertex 14.5599 -1.06246 1.2
    endloop
  endfacet
  facet normal 0.42761 0.903963 0
    outer loop
      vertex 14.4579 -1.01421 1.2
      vertex 14.5599 -1.06246 0
      vertex 14.4579 -1.01421 0
    endloop
  endfacet
  facet normal -0.595467 0.80338 0
    outer loop
      vertex 15.7296 -0.888962 0
      vertex 15.6389 -0.956189 1.2
      vertex 15.7296 -0.888962 1.2
    endloop
  endfacet
  facet normal -0.595467 0.80338 0
    outer loop
      vertex 15.6389 -0.956189 1.2
      vertex 15.7296 -0.888962 0
      vertex 15.6389 -0.956189 0
    endloop
  endfacet
  facet normal 0.803325 -0.595541 0
    outer loop
      vertex 14.0438 0.638906 1.2
      vertex 14.111 0.729552 0
      vertex 14.111 0.729552 1.2
    endloop
  endfacet
  facet normal 0.803325 -0.595541 0
    outer loop
      vertex 14.111 0.729552 0
      vertex 14.0438 0.638906 1.2
      vertex 14.0438 0.638906 0
    endloop
  endfacet
  facet normal -0.740902 -0.671614 0
    outer loop
      vertex 15.889 0.729552 0
      vertex 15.8132 0.813172 1.2
      vertex 15.8132 0.813172 0
    endloop
  endfacet
  facet normal -0.740902 -0.671614 0
    outer loop
      vertex 15.8132 0.813172 1.2
      vertex 15.889 0.729552 0
      vertex 15.889 0.729552 1.2
    endloop
  endfacet
  facet normal 0.903826 -0.4279 0
    outer loop
      vertex 13.9375 0.440085 1.2
      vertex 13.9858 0.542106 0
      vertex 13.9858 0.542106 1.2
    endloop
  endfacet
  facet normal 0.903826 -0.4279 0
    outer loop
      vertex 13.9858 0.542106 0
      vertex 13.9375 0.440085 1.2
      vertex 13.9375 0.440085 0
    endloop
  endfacet
  facet normal 0.336774 0.941585 -0
    outer loop
      vertex 14.6662 -1.10048 0
      vertex 14.5599 -1.06246 1.2
      vertex 14.6662 -1.10048 1.2
    endloop
  endfacet
  facet normal 0.336774 0.941585 0
    outer loop
      vertex 14.5599 -1.06246 1.2
      vertex 14.6662 -1.10048 0
      vertex 14.5599 -1.06246 0
    endloop
  endfacet
  facet normal 0.0490978 0.998794 -0
    outer loop
      vertex 15 -1.15 0
      vertex 14.8873 -1.14446 1.2
      vertex 15 -1.15 1.2
    endloop
  endfacet
  facet normal 0.0490978 0.998794 0
    outer loop
      vertex 14.8873 -1.14446 1.2
      vertex 15 -1.15 0
      vertex 14.8873 -1.14446 0
    endloop
  endfacet
  facet normal 0.998812 -0.0487355 0
    outer loop
      vertex 13.85 0 1.2
      vertex 13.8555 0.11272 0
      vertex 13.8555 0.11272 1.2
    endloop
  endfacet
  facet normal 0.998812 -0.0487355 0
    outer loop
      vertex 13.8555 0.11272 0
      vertex 13.85 0 1.2
      vertex 13.85 0 0
    endloop
  endfacet
  facet normal 0.671653 0.740866 -0
    outer loop
      vertex 14.2704 -0.888962 0
      vertex 14.1868 -0.813172 1.2
      vertex 14.2704 -0.888962 1.2
    endloop
  endfacet
  facet normal 0.671653 0.740866 0
    outer loop
      vertex 14.1868 -0.813172 1.2
      vertex 14.2704 -0.888962 0
      vertex 14.1868 -0.813172 0
    endloop
  endfacet
  facet normal -0.740902 0.671614 0
    outer loop
      vertex 15.8132 -0.813172 0
      vertex 15.889 -0.729552 1.2
      vertex 15.889 -0.729552 0
    endloop
  endfacet
  facet normal -0.740902 0.671614 0
    outer loop
      vertex 15.889 -0.729552 1.2
      vertex 15.8132 -0.813172 0
      vertex 15.8132 -0.813172 1.2
    endloop
  endfacet
  facet normal -0.671653 0.740866 0
    outer loop
      vertex 15.8132 -0.813172 0
      vertex 15.7296 -0.888962 1.2
      vertex 15.8132 -0.813172 1.2
    endloop
  endfacet
  facet normal -0.671653 0.740866 0
    outer loop
      vertex 15.7296 -0.888962 1.2
      vertex 15.8132 -0.813172 0
      vertex 15.7296 -0.888962 0
    endloop
  endfacet
  facet normal 0.98976 0.142742 0
    outer loop
      vertex -12.4962 -0.0390177 20
      vertex -12.499 -0.0196028 19.6
      vertex -12.499 -0.0196028 20
    endloop
  endfacet
  facet normal 0.98976 0.142742 0
    outer loop
      vertex -12.499 -0.0196028 19.6
      vertex -12.4962 -0.0390177 20
      vertex -12.4962 -0.0390177 19.6
    endloop
  endfacet
  facet normal -0.998701 0.0509469 0
    outer loop
      vertex 12.499 -0.0196028 19.6
      vertex 12.5 0 20
      vertex 12.5 0 19.6
    endloop
  endfacet
  facet normal -0.998701 0.0509469 0
    outer loop
      vertex 12.5 0 20
      vertex 12.499 -0.0196028 19.6
      vertex 12.499 -0.0196028 20
    endloop
  endfacet
  facet normal 0.998701 0.0509469 0
    outer loop
      vertex -12.499 -0.0196028 20
      vertex -12.5 0 19.6
      vertex -12.5 0 20
    endloop
  endfacet
  facet normal 0.998701 0.0509469 0
    outer loop
      vertex -12.5 0 19.6
      vertex -12.499 -0.0196028 20
      vertex -12.499 -0.0196028 19.6
    endloop
  endfacet
  facet normal 0 -1 0
    outer loop
      vertex -12.3 0.2 19.6
      vertex 12.3 0.2 20
      vertex -12.3 0.2 20
    endloop
  endfacet
  facet normal 0 -1 -0
    outer loop
      vertex 12.3 0.2 20
      vertex -12.3 0.2 19.6
      vertex 12.3 0.2 19.6
    endloop
  endfacet
  facet normal -0.98976 0.142742 0
    outer loop
      vertex 12.4962 -0.0390177 19.6
      vertex 12.499 -0.0196028 20
      vertex 12.499 -0.0196028 19.6
    endloop
  endfacet
  facet normal -0.98976 0.142742 0
    outer loop
      vertex 12.499 -0.0196028 20
      vertex 12.4962 -0.0390177 19.6
      vertex 12.4962 -0.0390177 20
    endloop
  endfacet
  facet normal 0.67265 -0.739961 0
    outer loop
      vertex -12.4414 0.141421 19.6
      vertex -12.4269 0.154602 20
      vertex -12.4414 0.141421 20
    endloop
  endfacet
  facet normal 0.67265 -0.739961 0
    outer loop
      vertex -12.4269 0.154602 20
      vertex -12.4414 0.141421 19.6
      vertex -12.4269 0.154602 19.6
    endloop
  endfacet
  facet normal -0.338176 -0.941083 0
    outer loop
      vertex 12.3581 0.191387 19.6
      vertex 12.3765 0.184775 20
      vertex 12.3581 0.191387 20
    endloop
  endfacet
  facet normal -0.338176 -0.941083 -0
    outer loop
      vertex 12.3765 0.184775 20
      vertex 12.3581 0.191387 19.6
      vertex 12.3765 0.184775 19.6
    endloop
  endfacet
  facet normal -0.0490735 0.998795 0
    outer loop
      vertex 12.3196 -0.199037 19.6
      vertex 12.3 -0.2 20
      vertex 12.3196 -0.199037 20
    endloop
  endfacet
  facet normal -0.0490735 0.998795 0
    outer loop
      vertex 12.3 -0.2 20
      vertex 12.3196 -0.199037 19.6
      vertex 12.3 -0.2 19.6
    endloop
  endfacet
  facet normal 0.514908 0.857245 -0
    outer loop
      vertex -12.3943 -0.176384 19.6
      vertex -12.4111 -0.166293 20
      vertex -12.3943 -0.176384 20
    endloop
  endfacet
  facet normal 0.514908 0.857245 0
    outer loop
      vertex -12.4111 -0.166293 20
      vertex -12.3943 -0.176384 19.6
      vertex -12.4111 -0.166293 19.6
    endloop
  endfacet
  facet normal -0.903829 -0.427894 0
    outer loop
      vertex 12.4848 0.0765362 19.6
      vertex 12.4764 0.0942793 20
      vertex 12.4764 0.0942793 19.6
    endloop
  endfacet
  facet normal -0.903829 -0.427894 0
    outer loop
      vertex 12.4764 0.0942793 20
      vertex 12.4848 0.0765362 19.6
      vertex 12.4848 0.0765362 20
    endloop
  endfacet
  facet normal 0.514908 -0.857245 0
    outer loop
      vertex -12.4111 0.166293 19.6
      vertex -12.3943 0.176384 20
      vertex -12.4111 0.166293 20
    endloop
  endfacet
  facet normal 0.514908 -0.857245 0
    outer loop
      vertex -12.3943 0.176384 20
      vertex -12.4111 0.166293 19.6
      vertex -12.3943 0.176384 19.6
    endloop
  endfacet
  facet normal -0.969659 -0.244463 0
    outer loop
      vertex 12.4962 0.0390177 19.6
      vertex 12.4914 0.0580568 20
      vertex 12.4914 0.0580568 19.6
    endloop
  endfacet
  facet normal -0.969659 -0.244463 0
    outer loop
      vertex 12.4914 0.0580568 20
      vertex 12.4962 0.0390177 19.6
      vertex 12.4962 0.0390177 20
    endloop
  endfacet
  facet normal 0 1 -0
    outer loop
      vertex 12.3 -0.2 19.6
      vertex -12.3 -0.2 20
      vertex 12.3 -0.2 20
    endloop
  endfacet
  facet normal 0 1 0
    outer loop
      vertex -12.3 -0.2 20
      vertex 12.3 -0.2 19.6
      vertex -12.3 -0.2 19.6
    endloop
  endfacet
  facet normal 0.802997 -0.595983 0
    outer loop
      vertex -12.4663 0.111114 20
      vertex -12.4546 0.126878 19.6
      vertex -12.4546 0.126878 20
    endloop
  endfacet
  facet normal 0.802997 -0.595983 0
    outer loop
      vertex -12.4546 0.126878 19.6
      vertex -12.4663 0.111114 20
      vertex -12.4663 0.111114 19.6
    endloop
  endfacet
  facet normal -0.857511 0.514465 0
    outer loop
      vertex 12.4663 -0.111114 19.6
      vertex 12.4764 -0.0942793 20
      vertex 12.4764 -0.0942793 19.6
    endloop
  endfacet
  facet normal -0.857511 0.514465 0
    outer loop
      vertex 12.4764 -0.0942793 20
      vertex 12.4663 -0.111114 19.6
      vertex 12.4663 -0.111114 20
    endloop
  endfacet
  facet normal -0.802997 0.595983 0
    outer loop
      vertex 12.4546 -0.126878 19.6
      vertex 12.4663 -0.111114 20
      vertex 12.4663 -0.111114 19.6
    endloop
  endfacet
  facet normal -0.802997 0.595983 0
    outer loop
      vertex 12.4663 -0.111114 20
      vertex 12.4546 -0.126878 19.6
      vertex 12.4546 -0.126878 20
    endloop
  endfacet
  facet normal 0.969659 0.244463 0
    outer loop
      vertex -12.4914 -0.0580568 20
      vertex -12.4962 -0.0390177 19.6
      vertex -12.4962 -0.0390177 20
    endloop
  endfacet
  facet normal 0.969659 0.244463 0
    outer loop
      vertex -12.4962 -0.0390177 19.6
      vertex -12.4914 -0.0580568 20
      vertex -12.4914 -0.0580568 19.6
    endloop
  endfacet
  facet normal 0.426401 -0.904534 0
    outer loop
      vertex -12.3943 0.176384 19.6
      vertex -12.3765 0.184775 20
      vertex -12.3943 0.176384 20
    endloop
  endfacet
  facet normal 0.426401 -0.904534 0
    outer loop
      vertex -12.3765 0.184775 20
      vertex -12.3943 0.176384 19.6
      vertex -12.3765 0.184775 19.6
    endloop
  endfacet
  facet normal -0.338176 0.941083 0
    outer loop
      vertex 12.3765 -0.184775 19.6
      vertex 12.3581 -0.191387 20
      vertex 12.3765 -0.184775 20
    endloop
  endfacet
  facet normal -0.338176 0.941083 0
    outer loop
      vertex 12.3581 -0.191387 20
      vertex 12.3765 -0.184775 19.6
      vertex 12.3581 -0.191387 19.6
    endloop
  endfacet
  facet normal 0.426401 0.904534 -0
    outer loop
      vertex -12.3765 -0.184775 19.6
      vertex -12.3943 -0.176384 20
      vertex -12.3765 -0.184775 20
    endloop
  endfacet
  facet normal 0.426401 0.904534 0
    outer loop
      vertex -12.3943 -0.176384 20
      vertex -12.3765 -0.184775 19.6
      vertex -12.3943 -0.176384 19.6
    endloop
  endfacet
  facet normal 0.74047 -0.67209 0
    outer loop
      vertex -12.4546 0.126878 20
      vertex -12.4414 0.141421 19.6
      vertex -12.4414 0.141421 20
    endloop
  endfacet
  facet normal 0.74047 -0.67209 0
    outer loop
      vertex -12.4414 0.141421 19.6
      vertex -12.4546 0.126878 20
      vertex -12.4546 0.126878 19.6
    endloop
  endfacet
  facet normal -0.0490735 -0.998795 0
    outer loop
      vertex 12.3 0.2 19.6
      vertex 12.3196 0.199037 20
      vertex 12.3 0.2 20
    endloop
  endfacet
  facet normal -0.0490735 -0.998795 -0
    outer loop
      vertex 12.3196 0.199037 20
      vertex 12.3 0.2 19.6
      vertex 12.3196 0.199037 19.6
    endloop
  endfacet
  facet normal 0.969659 -0.244463 0
    outer loop
      vertex -12.4962 0.0390177 20
      vertex -12.4914 0.0580568 19.6
      vertex -12.4914 0.0580568 20
    endloop
  endfacet
  facet normal 0.969659 -0.244463 0
    outer loop
      vertex -12.4914 0.0580568 19.6
      vertex -12.4962 0.0390177 20
      vertex -12.4962 0.0390177 19.6
    endloop
  endfacet
  facet normal 0.941738 -0.336346 0
    outer loop
      vertex -12.4914 0.0580568 20
      vertex -12.4848 0.0765362 19.6
      vertex -12.4848 0.0765362 20
    endloop
  endfacet
  facet normal 0.941738 -0.336346 0
    outer loop
      vertex -12.4848 0.0765362 19.6
      vertex -12.4914 0.0580568 20
      vertex -12.4914 0.0580568 19.6
    endloop
  endfacet
  facet normal 0.857511 -0.514465 0
    outer loop
      vertex -12.4764 0.0942793 20
      vertex -12.4663 0.111114 19.6
      vertex -12.4663 0.111114 20
    endloop
  endfacet
  facet normal 0.857511 -0.514465 0
    outer loop
      vertex -12.4663 0.111114 19.6
      vertex -12.4764 0.0942793 20
      vertex -12.4764 0.0942793 19.6
    endloop
  endfacet
  facet normal -0.242297 -0.970202 0
    outer loop
      vertex 12.339 0.196157 19.6
      vertex 12.3581 0.191387 20
      vertex 12.339 0.196157 20
    endloop
  endfacet
  facet normal -0.242297 -0.970202 -0
    outer loop
      vertex 12.3581 0.191387 20
      vertex 12.339 0.196157 19.6
      vertex 12.3581 0.191387 19.6
    endloop
  endfacet
  facet normal 0.0490735 -0.998795 0
    outer loop
      vertex -12.3196 0.199037 19.6
      vertex -12.3 0.2 20
      vertex -12.3196 0.199037 20
    endloop
  endfacet
  facet normal 0.0490735 -0.998795 0
    outer loop
      vertex -12.3 0.2 20
      vertex -12.3196 0.199037 19.6
      vertex -12.3 0.2 19.6
    endloop
  endfacet
  facet normal -0.426401 -0.904534 0
    outer loop
      vertex 12.3765 0.184775 19.6
      vertex 12.3943 0.176384 20
      vertex 12.3765 0.184775 20
    endloop
  endfacet
  facet normal -0.426401 -0.904534 -0
    outer loop
      vertex 12.3943 0.176384 20
      vertex 12.3765 0.184775 19.6
      vertex 12.3943 0.176384 19.6
    endloop
  endfacet
  facet normal -0.998701 -0.0509469 0
    outer loop
      vertex 12.5 0 19.6
      vertex 12.499 0.0196028 20
      vertex 12.499 0.0196028 19.6
    endloop
  endfacet
  facet normal -0.998701 -0.0509469 0
    outer loop
      vertex 12.499 0.0196028 20
      vertex 12.5 0 19.6
      vertex 12.5 0 20
    endloop
  endfacet
  facet normal 0.146844 -0.98916 0
    outer loop
      vertex -12.339 0.196157 19.6
      vertex -12.3196 0.199037 20
      vertex -12.339 0.196157 20
    endloop
  endfacet
  facet normal 0.146844 -0.98916 0
    outer loop
      vertex -12.3196 0.199037 20
      vertex -12.339 0.196157 19.6
      vertex -12.3196 0.199037 19.6
    endloop
  endfacet
  facet normal -0.857511 -0.514465 0
    outer loop
      vertex 12.4764 0.0942793 19.6
      vertex 12.4663 0.111114 20
      vertex 12.4663 0.111114 19.6
    endloop
  endfacet
  facet normal -0.857511 -0.514465 0
    outer loop
      vertex 12.4663 0.111114 20
      vertex 12.4764 0.0942793 19.6
      vertex 12.4764 0.0942793 20
    endloop
  endfacet
  facet normal -0.59481 -0.803866 0
    outer loop
      vertex 12.4111 0.166293 19.6
      vertex 12.4269 0.154602 20
      vertex 12.4111 0.166293 20
    endloop
  endfacet
  facet normal -0.59481 -0.803866 -0
    outer loop
      vertex 12.4269 0.154602 20
      vertex 12.4111 0.166293 19.6
      vertex 12.4269 0.154602 19.6
    endloop
  endfacet
  facet normal 0.59481 -0.803866 0
    outer loop
      vertex -12.4269 0.154602 19.6
      vertex -12.4111 0.166293 20
      vertex -12.4269 0.154602 20
    endloop
  endfacet
  facet normal 0.59481 -0.803866 0
    outer loop
      vertex -12.4111 0.166293 20
      vertex -12.4269 0.154602 19.6
      vertex -12.4111 0.166293 19.6
    endloop
  endfacet
  facet normal 0.242297 0.970202 -0
    outer loop
      vertex -12.339 -0.196157 19.6
      vertex -12.3581 -0.191387 20
      vertex -12.339 -0.196157 20
    endloop
  endfacet
  facet normal 0.242297 0.970202 0
    outer loop
      vertex -12.3581 -0.191387 20
      vertex -12.339 -0.196157 19.6
      vertex -12.3581 -0.191387 19.6
    endloop
  endfacet
  facet normal 0.802997 0.595983 0
    outer loop
      vertex -12.4546 -0.126878 20
      vertex -12.4663 -0.111114 19.6
      vertex -12.4663 -0.111114 20
    endloop
  endfacet
  facet normal 0.802997 0.595983 0
    outer loop
      vertex -12.4663 -0.111114 19.6
      vertex -12.4546 -0.126878 20
      vertex -12.4546 -0.126878 19.6
    endloop
  endfacet
  facet normal -0.98976 -0.142742 0
    outer loop
      vertex 12.499 0.0196028 19.6
      vertex 12.4962 0.0390177 20
      vertex 12.4962 0.0390177 19.6
    endloop
  endfacet
  facet normal -0.98976 -0.142742 0
    outer loop
      vertex 12.4962 0.0390177 20
      vertex 12.499 0.0196028 19.6
      vertex 12.499 0.0196028 20
    endloop
  endfacet
  facet normal 0.98976 -0.142742 0
    outer loop
      vertex -12.499 0.0196028 20
      vertex -12.4962 0.0390177 19.6
      vertex -12.4962 0.0390177 20
    endloop
  endfacet
  facet normal 0.98976 -0.142742 0
    outer loop
      vertex -12.4962 0.0390177 19.6
      vertex -12.499 0.0196028 20
      vertex -12.499 0.0196028 19.6
    endloop
  endfacet
  facet normal 0.998701 -0.0509469 0
    outer loop
      vertex -12.5 0 20
      vertex -12.499 0.0196028 19.6
      vertex -12.499 0.0196028 20
    endloop
  endfacet
  facet normal 0.998701 -0.0509469 0
    outer loop
      vertex -12.499 0.0196028 19.6
      vertex -12.5 0 20
      vertex -12.5 0 19.6
    endloop
  endfacet
  facet normal 0 0 1
    outer loop
      vertex 12.499 0.0196028 19.6
      vertex 12.499 -0.0196028 19.6
      vertex 12.5 0 19.6
    endloop
  endfacet
  facet normal 0 0 1
    outer loop
      vertex 12.4962 0.0390177 19.6
      vertex 12.499 -0.0196028 19.6
      vertex 12.499 0.0196028 19.6
    endloop
  endfacet
  facet normal 0 0 1
    outer loop
      vertex 12.4962 0.0390177 19.6
      vertex 12.4962 -0.0390177 19.6
      vertex 12.499 -0.0196028 19.6
    endloop
  endfacet
  facet normal 0 0 1
    outer loop
      vertex 12.4914 0.0580568 19.6
      vertex 12.4962 -0.0390177 19.6
      vertex 12.4962 0.0390177 19.6
    endloop
  endfacet
  facet normal 0 0 1
    outer loop
      vertex 12.4914 0.0580568 19.6
      vertex 12.4914 -0.0580568 19.6
      vertex 12.4962 -0.0390177 19.6
    endloop
  endfacet
  facet normal 0 0 1
    outer loop
      vertex 12.4848 0.0765362 19.6
      vertex 12.4914 -0.0580568 19.6
      vertex 12.4914 0.0580568 19.6
    endloop
  endfacet
  facet normal 0 0 1
    outer loop
      vertex 12.4848 0.0765362 19.6
      vertex 12.4848 -0.0765362 19.6
      vertex 12.4914 -0.0580568 19.6
    endloop
  endfacet
  facet normal 0 0 1
    outer loop
      vertex 12.4764 0.0942793 19.6
      vertex 12.4848 -0.0765362 19.6
      vertex 12.4848 0.0765362 19.6
    endloop
  endfacet
  facet normal 0 0 1
    outer loop
      vertex 12.4764 0.0942793 19.6
      vertex 12.4764 -0.0942793 19.6
      vertex 12.4848 -0.0765362 19.6
    endloop
  endfacet
  facet normal 0 0 1
    outer loop
      vertex 12.4663 0.111114 19.6
      vertex 12.4764 -0.0942793 19.6
      vertex 12.4764 0.0942793 19.6
    endloop
  endfacet
  facet normal 0 0 1
    outer loop
      vertex 12.4663 0.111114 19.6
      vertex 12.4663 -0.111114 19.6
      vertex 12.4764 -0.0942793 19.6
    endloop
  endfacet
  facet normal 0 0 1
    outer loop
      vertex 12.4546 0.126878 19.6
      vertex 12.4663 -0.111114 19.6
      vertex 12.4663 0.111114 19.6
    endloop
  endfacet
  facet normal 0 0 1
    outer loop
      vertex 12.4546 0.126878 19.6
      vertex 12.4546 -0.126878 19.6
      vertex 12.4663 -0.111114 19.6
    endloop
  endfacet
  facet normal 0 0 1
    outer loop
      vertex 12.4414 0.141421 19.6
      vertex 12.4546 -0.126878 19.6
      vertex 12.4546 0.126878 19.6
    endloop
  endfacet
  facet normal 0 0 1
    outer loop
      vertex 12.4414 0.141421 19.6
      vertex 12.4414 -0.141421 19.6
      vertex 12.4546 -0.126878 19.6
    endloop
  endfacet
  facet normal 0 0 1
    outer loop
      vertex 12.4269 0.154602 19.6
      vertex 12.4414 -0.141421 19.6
      vertex 12.4414 0.141421 19.6
    endloop
  endfacet
  facet normal 0 0 1
    outer loop
      vertex 12.4269 0.154602 19.6
      vertex 12.4269 -0.154602 19.6
      vertex 12.4414 -0.141421 19.6
    endloop
  endfacet
  facet normal 0 0 1
    outer loop
      vertex 12.4111 0.166293 19.6
      vertex 12.4269 -0.154602 19.6
      vertex 12.4269 0.154602 19.6
    endloop
  endfacet
  facet normal 0 0 1
    outer loop
      vertex 12.4111 0.166293 19.6
      vertex 12.4111 -0.166293 19.6
      vertex 12.4269 -0.154602 19.6
    endloop
  endfacet
  facet normal 0 0 1
    outer loop
      vertex 12.3943 0.176384 19.6
      vertex 12.4111 -0.166293 19.6
      vertex 12.4111 0.166293 19.6
    endloop
  endfacet
  facet normal 0 0 1
    outer loop
      vertex 12.3943 0.176384 19.6
      vertex 12.3943 -0.176384 19.6
      vertex 12.4111 -0.166293 19.6
    endloop
  endfacet
  facet normal 0 0 1
    outer loop
      vertex 12.3765 0.184775 19.6
      vertex 12.3943 -0.176384 19.6
      vertex 12.3943 0.176384 19.6
    endloop
  endfacet
  facet normal 0 0 1
    outer loop
      vertex 12.3765 0.184775 19.6
      vertex 12.3765 -0.184775 19.6
      vertex 12.3943 -0.176384 19.6
    endloop
  endfacet
  facet normal 0 0 1
    outer loop
      vertex 12.3581 0.191387 19.6
      vertex 12.3765 -0.184775 19.6
      vertex 12.3765 0.184775 19.6
    endloop
  endfacet
  facet normal 0 0 1
    outer loop
      vertex 12.3581 0.191387 19.6
      vertex 12.3581 -0.191387 19.6
      vertex 12.3765 -0.184775 19.6
    endloop
  endfacet
  facet normal 0 0 1
    outer loop
      vertex 12.339 0.196157 19.6
      vertex 12.3581 -0.191387 19.6
      vertex 12.3581 0.191387 19.6
    endloop
  endfacet
  facet normal 0 0 1
    outer loop
      vertex 12.339 0.196157 19.6
      vertex 12.339 -0.196157 19.6
      vertex 12.3581 -0.191387 19.6
    endloop
  endfacet
  facet normal 0 0 1
    outer loop
      vertex 12.3196 0.199037 19.6
      vertex 12.339 -0.196157 19.6
      vertex 12.339 0.196157 19.6
    endloop
  endfacet
  facet normal 0 0 1
    outer loop
      vertex 12.3196 0.199037 19.6
      vertex 12.3196 -0.199037 19.6
      vertex 12.339 -0.196157 19.6
    endloop
  endfacet
  facet normal 0 0 1
    outer loop
      vertex 12.3 0.2 19.6
      vertex 12.3196 -0.199037 19.6
      vertex 12.3196 0.199037 19.6
    endloop
  endfacet
  facet normal 0 0 1
    outer loop
      vertex 12.3 0.2 19.6
      vertex 12.3 -0.2 19.6
      vertex 12.3196 -0.199037 19.6
    endloop
  endfacet
  facet normal -0 0 1
    outer loop
      vertex -12.3 0.2 19.6
      vertex 12.3 -0.2 19.6
      vertex 12.3 0.2 19.6
    endloop
  endfacet
  facet normal 0 0 1
    outer loop
      vertex -12.3 0.2 19.6
      vertex -12.3 -0.2 19.6
      vertex 12.3 -0.2 19.6
    endloop
  endfacet
  facet normal -0 0 1
    outer loop
      vertex -12.3196 0.199037 19.6
      vertex -12.3 -0.2 19.6
      vertex -12.3 0.2 19.6
    endloop
  endfacet
  facet normal 0 0 1
    outer loop
      vertex -12.3196 0.199037 19.6
      vertex -12.3196 -0.199037 19.6
      vertex -12.3 -0.2 19.6
    endloop
  endfacet
  facet normal -0 0 1
    outer loop
      vertex -12.339 0.196157 19.6
      vertex -12.3196 -0.199037 19.6
      vertex -12.3196 0.199037 19.6
    endloop
  endfacet
  facet normal 0 0 1
    outer loop
      vertex -12.339 0.196157 19.6
      vertex -12.339 -0.196157 19.6
      vertex -12.3196 -0.199037 19.6
    endloop
  endfacet
  facet normal -0 0 1
    outer loop
      vertex -12.3581 0.191387 19.6
      vertex -12.339 -0.196157 19.6
      vertex -12.339 0.196157 19.6
    endloop
  endfacet
  facet normal 0 0 1
    outer loop
      vertex -12.3581 0.191387 19.6
      vertex -12.3581 -0.191387 19.6
      vertex -12.339 -0.196157 19.6
    endloop
  endfacet
  facet normal -0 0 1
    outer loop
      vertex -12.3765 0.184775 19.6
      vertex -12.3581 -0.191387 19.6
      vertex -12.3581 0.191387 19.6
    endloop
  endfacet
  facet normal 0 0 1
    outer loop
      vertex -12.3765 0.184775 19.6
      vertex -12.3765 -0.184775 19.6
      vertex -12.3581 -0.191387 19.6
    endloop
  endfacet
  facet normal -0 0 1
    outer loop
      vertex -12.3943 0.176384 19.6
      vertex -12.3765 -0.184775 19.6
      vertex -12.3765 0.184775 19.6
    endloop
  endfacet
  facet normal 0 0 1
    outer loop
      vertex -12.3943 0.176384 19.6
      vertex -12.3943 -0.176384 19.6
      vertex -12.3765 -0.184775 19.6
    endloop
  endfacet
  facet normal -0 0 1
    outer loop
      vertex -12.4111 0.166293 19.6
      vertex -12.3943 -0.176384 19.6
      vertex -12.3943 0.176384 19.6
    endloop
  endfacet
  facet normal 0 0 1
    outer loop
      vertex -12.4111 0.166293 19.6
      vertex -12.4111 -0.166293 19.6
      vertex -12.3943 -0.176384 19.6
    endloop
  endfacet
  facet normal -0 0 1
    outer loop
      vertex -12.4269 0.154602 19.6
      vertex -12.4111 -0.166293 19.6
      vertex -12.4111 0.166293 19.6
    endloop
  endfacet
  facet normal 0 0 1
    outer loop
      vertex -12.4269 0.154602 19.6
      vertex -12.4269 -0.154602 19.6
      vertex -12.4111 -0.166293 19.6
    endloop
  endfacet
  facet normal -0 0 1
    outer loop
      vertex -12.4414 0.141421 19.6
      vertex -12.4269 -0.154602 19.6
      vertex -12.4269 0.154602 19.6
    endloop
  endfacet
  facet normal 0 0 1
    outer loop
      vertex -12.4414 0.141421 19.6
      vertex -12.4414 -0.141421 19.6
      vertex -12.4269 -0.154602 19.6
    endloop
  endfacet
  facet normal -0 0 1
    outer loop
      vertex -12.4546 0.126878 19.6
      vertex -12.4414 -0.141421 19.6
      vertex -12.4414 0.141421 19.6
    endloop
  endfacet
  facet normal 0 0 1
    outer loop
      vertex -12.4546 0.126878 19.6
      vertex -12.4546 -0.126878 19.6
      vertex -12.4414 -0.141421 19.6
    endloop
  endfacet
  facet normal -0 0 1
    outer loop
      vertex -12.4663 0.111114 19.6
      vertex -12.4546 -0.126878 19.6
      vertex -12.4546 0.126878 19.6
    endloop
  endfacet
  facet normal 0 0 1
    outer loop
      vertex -12.4663 0.111114 19.6
      vertex -12.4663 -0.111114 19.6
      vertex -12.4546 -0.126878 19.6
    endloop
  endfacet
  facet normal -0 0 1
    outer loop
      vertex -12.4764 0.0942793 19.6
      vertex -12.4663 -0.111114 19.6
      vertex -12.4663 0.111114 19.6
    endloop
  endfacet
  facet normal 0 0 1
    outer loop
      vertex -12.4764 0.0942793 19.6
      vertex -12.4764 -0.0942793 19.6
      vertex -12.4663 -0.111114 19.6
    endloop
  endfacet
  facet normal -0 0 1
    outer loop
      vertex -12.4848 0.0765362 19.6
      vertex -12.4764 -0.0942793 19.6
      vertex -12.4764 0.0942793 19.6
    endloop
  endfacet
  facet normal 0 0 1
    outer loop
      vertex -12.4848 0.0765362 19.6
      vertex -12.4848 -0.0765362 19.6
      vertex -12.4764 -0.0942793 19.6
    endloop
  endfacet
  facet normal -0 0 1
    outer loop
      vertex -12.4914 0.0580568 19.6
      vertex -12.4848 -0.0765362 19.6
      vertex -12.4848 0.0765362 19.6
    endloop
  endfacet
  facet normal 0 0 1
    outer loop
      vertex -12.4914 0.0580568 19.6
      vertex -12.4914 -0.0580568 19.6
      vertex -12.4848 -0.0765362 19.6
    endloop
  endfacet
  facet normal -0 0 1
    outer loop
      vertex -12.4962 0.0390177 19.6
      vertex -12.4914 -0.0580568 19.6
      vertex -12.4914 0.0580568 19.6
    endloop
  endfacet
  facet normal 0 0 1
    outer loop
      vertex -12.4962 0.0390177 19.6
      vertex -12.4962 -0.0390177 19.6
      vertex -12.4914 -0.0580568 19.6
    endloop
  endfacet
  facet normal -0 0 1
    outer loop
      vertex -12.499 0.0196028 19.6
      vertex -12.4962 -0.0390177 19.6
      vertex -12.4962 0.0390177 19.6
    endloop
  endfacet
  facet normal 0 0 1
    outer loop
      vertex -12.499 0.0196028 19.6
      vertex -12.499 -0.0196028 19.6
      vertex -12.4962 -0.0390177 19.6
    endloop
  endfacet
  facet normal 0 -0 1
    outer loop
      vertex -12.499 -0.0196028 19.6
      vertex -12.499 0.0196028 19.6
      vertex -12.5 0 19.6
    endloop
  endfacet
  facet normal -0.74047 0.67209 0
    outer loop
      vertex 12.4414 -0.141421 19.6
      vertex 12.4546 -0.126878 20
      vertex 12.4546 -0.126878 19.6
    endloop
  endfacet
  facet normal -0.74047 0.67209 0
    outer loop
      vertex 12.4546 -0.126878 20
      vertex 12.4414 -0.141421 19.6
      vertex 12.4414 -0.141421 20
    endloop
  endfacet
  facet normal -0.146844 0.98916 0
    outer loop
      vertex 12.339 -0.196157 19.6
      vertex 12.3196 -0.199037 20
      vertex 12.339 -0.196157 20
    endloop
  endfacet
  facet normal -0.146844 0.98916 0
    outer loop
      vertex 12.3196 -0.199037 20
      vertex 12.339 -0.196157 19.6
      vertex 12.3196 -0.199037 19.6
    endloop
  endfacet
  facet normal 0.338176 -0.941083 0
    outer loop
      vertex -12.3765 0.184775 19.6
      vertex -12.3581 0.191387 20
      vertex -12.3765 0.184775 20
    endloop
  endfacet
  facet normal 0.338176 -0.941083 0
    outer loop
      vertex -12.3581 0.191387 20
      vertex -12.3765 0.184775 19.6
      vertex -12.3581 0.191387 19.6
    endloop
  endfacet
  facet normal -0.67265 -0.739961 0
    outer loop
      vertex 12.4269 0.154602 19.6
      vertex 12.4414 0.141421 20
      vertex 12.4269 0.154602 20
    endloop
  endfacet
  facet normal -0.67265 -0.739961 -0
    outer loop
      vertex 12.4414 0.141421 20
      vertex 12.4269 0.154602 19.6
      vertex 12.4414 0.141421 19.6
    endloop
  endfacet
  facet normal -0.969659 0.244463 0
    outer loop
      vertex 12.4914 -0.0580568 19.6
      vertex 12.4962 -0.0390177 20
      vertex 12.4962 -0.0390177 19.6
    endloop
  endfacet
  facet normal -0.969659 0.244463 0
    outer loop
      vertex 12.4962 -0.0390177 20
      vertex 12.4914 -0.0580568 19.6
      vertex 12.4914 -0.0580568 20
    endloop
  endfacet
  facet normal 0.242297 -0.970202 0
    outer loop
      vertex -12.3581 0.191387 19.6
      vertex -12.339 0.196157 20
      vertex -12.3581 0.191387 20
    endloop
  endfacet
  facet normal 0.242297 -0.970202 0
    outer loop
      vertex -12.339 0.196157 20
      vertex -12.3581 0.191387 19.6
      vertex -12.339 0.196157 19.6
    endloop
  endfacet
  facet normal -0.514908 -0.857245 0
    outer loop
      vertex 12.3943 0.176384 19.6
      vertex 12.4111 0.166293 20
      vertex 12.3943 0.176384 20
    endloop
  endfacet
  facet normal -0.514908 -0.857245 -0
    outer loop
      vertex 12.4111 0.166293 20
      vertex 12.3943 0.176384 19.6
      vertex 12.4111 0.166293 19.6
    endloop
  endfacet
  facet normal 0.903829 -0.427894 0
    outer loop
      vertex -12.4848 0.0765362 20
      vertex -12.4764 0.0942793 19.6
      vertex -12.4764 0.0942793 20
    endloop
  endfacet
  facet normal 0.903829 -0.427894 0
    outer loop
      vertex -12.4764 0.0942793 19.6
      vertex -12.4848 0.0765362 20
      vertex -12.4848 0.0765362 19.6
    endloop
  endfacet
  facet normal -0.941738 -0.336346 0
    outer loop
      vertex 12.4914 0.0580568 19.6
      vertex 12.4848 0.0765362 20
      vertex 12.4848 0.0765362 19.6
    endloop
  endfacet
  facet normal -0.941738 -0.336346 0
    outer loop
      vertex 12.4848 0.0765362 20
      vertex 12.4914 0.0580568 19.6
      vertex 12.4914 0.0580568 20
    endloop
  endfacet
  facet normal -0.59481 0.803866 0
    outer loop
      vertex 12.4269 -0.154602 19.6
      vertex 12.4111 -0.166293 20
      vertex 12.4269 -0.154602 20
    endloop
  endfacet
  facet normal -0.59481 0.803866 0
    outer loop
      vertex 12.4111 -0.166293 20
      vertex 12.4269 -0.154602 19.6
      vertex 12.4111 -0.166293 19.6
    endloop
  endfacet
  facet normal 0.74047 0.67209 0
    outer loop
      vertex -12.4414 -0.141421 20
      vertex -12.4546 -0.126878 19.6
      vertex -12.4546 -0.126878 20
    endloop
  endfacet
  facet normal 0.74047 0.67209 0
    outer loop
      vertex -12.4546 -0.126878 19.6
      vertex -12.4414 -0.141421 20
      vertex -12.4414 -0.141421 19.6
    endloop
  endfacet
  facet normal -0.426401 0.904534 0
    outer loop
      vertex 12.3943 -0.176384 19.6
      vertex 12.3765 -0.184775 20
      vertex 12.3943 -0.176384 20
    endloop
  endfacet
  facet normal -0.426401 0.904534 0
    outer loop
      vertex 12.3765 -0.184775 20
      vertex 12.3943 -0.176384 19.6
      vertex 12.3765 -0.184775 19.6
    endloop
  endfacet
  facet normal -0.74047 -0.67209 0
    outer loop
      vertex 12.4546 0.126878 19.6
      vertex 12.4414 0.141421 20
      vertex 12.4414 0.141421 19.6
    endloop
  endfacet
  facet normal -0.74047 -0.67209 0
    outer loop
      vertex 12.4414 0.141421 20
      vertex 12.4546 0.126878 19.6
      vertex 12.4546 0.126878 20
    endloop
  endfacet
  facet normal -0.242297 0.970202 0
    outer loop
      vertex 12.3581 -0.191387 19.6
      vertex 12.339 -0.196157 20
      vertex 12.3581 -0.191387 20
    endloop
  endfacet
  facet normal -0.242297 0.970202 0
    outer loop
      vertex 12.339 -0.196157 20
      vertex 12.3581 -0.191387 19.6
      vertex 12.339 -0.196157 19.6
    endloop
  endfacet
  facet normal -0.802997 -0.595983 0
    outer loop
      vertex 12.4663 0.111114 19.6
      vertex 12.4546 0.126878 20
      vertex 12.4546 0.126878 19.6
    endloop
  endfacet
  facet normal -0.802997 -0.595983 0
    outer loop
      vertex 12.4546 0.126878 20
      vertex 12.4663 0.111114 19.6
      vertex 12.4663 0.111114 20
    endloop
  endfacet
  facet normal -0.146844 -0.98916 0
    outer loop
      vertex 12.3196 0.199037 19.6
      vertex 12.339 0.196157 20
      vertex 12.3196 0.199037 20
    endloop
  endfacet
  facet normal -0.146844 -0.98916 -0
    outer loop
      vertex 12.339 0.196157 20
      vertex 12.3196 0.199037 19.6
      vertex 12.339 0.196157 19.6
    endloop
  endfacet
  facet normal -0.941738 0.336346 0
    outer loop
      vertex 12.4848 -0.0765362 19.6
      vertex 12.4914 -0.0580568 20
      vertex 12.4914 -0.0580568 19.6
    endloop
  endfacet
  facet normal -0.941738 0.336346 0
    outer loop
      vertex 12.4914 -0.0580568 20
      vertex 12.4848 -0.0765362 19.6
      vertex 12.4848 -0.0765362 20
    endloop
  endfacet
  facet normal -0.903829 0.427894 0
    outer loop
      vertex 12.4764 -0.0942793 19.6
      vertex 12.4848 -0.0765362 20
      vertex 12.4848 -0.0765362 19.6
    endloop
  endfacet
  facet normal -0.903829 0.427894 0
    outer loop
      vertex 12.4848 -0.0765362 20
      vertex 12.4764 -0.0942793 19.6
      vertex 12.4764 -0.0942793 20
    endloop
  endfacet
  facet normal 0.903829 0.427894 0
    outer loop
      vertex -12.4764 -0.0942793 20
      vertex -12.4848 -0.0765362 19.6
      vertex -12.4848 -0.0765362 20
    endloop
  endfacet
  facet normal 0.903829 0.427894 0
    outer loop
      vertex -12.4848 -0.0765362 19.6
      vertex -12.4764 -0.0942793 20
      vertex -12.4764 -0.0942793 19.6
    endloop
  endfacet
  facet normal 0.0490735 0.998795 -0
    outer loop
      vertex -12.3 -0.2 19.6
      vertex -12.3196 -0.199037 20
      vertex -12.3 -0.2 20
    endloop
  endfacet
  facet normal 0.0490735 0.998795 0
    outer loop
      vertex -12.3196 -0.199037 20
      vertex -12.3 -0.2 19.6
      vertex -12.3196 -0.199037 19.6
    endloop
  endfacet
  facet normal 0.146844 0.98916 -0
    outer loop
      vertex -12.3196 -0.199037 19.6
      vertex -12.339 -0.196157 20
      vertex -12.3196 -0.199037 20
    endloop
  endfacet
  facet normal 0.146844 0.98916 0
    outer loop
      vertex -12.339 -0.196157 20
      vertex -12.3196 -0.199037 19.6
      vertex -12.339 -0.196157 19.6
    endloop
  endfacet
  facet normal 0.338176 0.941083 -0
    outer loop
      vertex -12.3581 -0.191387 19.6
      vertex -12.3765 -0.184775 20
      vertex -12.3581 -0.191387 20
    endloop
  endfacet
  facet normal 0.338176 0.941083 0
    outer loop
      vertex -12.3765 -0.184775 20
      vertex -12.3581 -0.191387 19.6
      vertex -12.3765 -0.184775 19.6
    endloop
  endfacet
  facet normal -0.67265 0.739961 0
    outer loop
      vertex 12.4414 -0.141421 19.6
      vertex 12.4269 -0.154602 20
      vertex 12.4414 -0.141421 20
    endloop
  endfacet
  facet normal -0.67265 0.739961 0
    outer loop
      vertex 12.4269 -0.154602 20
      vertex 12.4414 -0.141421 19.6
      vertex 12.4269 -0.154602 19.6
    endloop
  endfacet
  facet normal 0.857511 0.514465 0
    outer loop
      vertex -12.4663 -0.111114 20
      vertex -12.4764 -0.0942793 19.6
      vertex -12.4764 -0.0942793 20
    endloop
  endfacet
  facet normal 0.857511 0.514465 0
    outer loop
      vertex -12.4764 -0.0942793 19.6
      vertex -12.4663 -0.111114 20
      vertex -12.4663 -0.111114 19.6
    endloop
  endfacet
  facet normal -0.514908 0.857245 0
    outer loop
      vertex 12.4111 -0.166293 19.6
      vertex 12.3943 -0.176384 20
      vertex 12.4111 -0.166293 20
    endloop
  endfacet
  facet normal -0.514908 0.857245 0
    outer loop
      vertex 12.3943 -0.176384 20
      vertex 12.4111 -0.166293 19.6
      vertex 12.3943 -0.176384 19.6
    endloop
  endfacet
  facet normal 0.59481 0.803866 -0
    outer loop
      vertex -12.4111 -0.166293 19.6
      vertex -12.4269 -0.154602 20
      vertex -12.4111 -0.166293 20
    endloop
  endfacet
  facet normal 0.59481 0.803866 0
    outer loop
      vertex -12.4269 -0.154602 20
      vertex -12.4111 -0.166293 19.6
      vertex -12.4269 -0.154602 19.6
    endloop
  endfacet
  facet normal 0.67265 0.739961 -0
    outer loop
      vertex -12.4269 -0.154602 19.6
      vertex -12.4414 -0.141421 20
      vertex -12.4269 -0.154602 20
    endloop
  endfacet
  facet normal 0.67265 0.739961 0
    outer loop
      vertex -12.4414 -0.141421 20
      vertex -12.4269 -0.154602 19.6
      vertex -12.4414 -0.141421 19.6
    endloop
  endfacet
  facet normal 0.941738 0.336346 0
    outer loop
      vertex -12.4848 -0.0765362 20
      vertex -12.4914 -0.0580568 19.6
      vertex -12.4914 -0.0580568 20
    endloop
  endfacet
  facet normal 0.941738 0.336346 0
    outer loop
      vertex -12.4914 -0.0580568 19.6
      vertex -12.4848 -0.0765362 20
      vertex -12.4848 -0.0765362 19.6
    endloop
  endfacet
  facet normal 0 -1 0
    outer loop
      vertex -0.0386047 -2.6 11.2816
      vertex 0.0299683 -2.6 11.6119
      vertex -0.0805206 -2.6 11.6069
    endloop
  endfacet
  facet normal 0 -1 0
    outer loop
      vertex -0.103287 -2.6 11.2701
      vertex -0.0805206 -2.6 11.6069
      vertex -0.185059 -2.6 11.5919
    endloop
  endfacet
  facet normal 0 -1 0
    outer loop
      vertex 0.0989685 -2.6 11.2816
      vertex 0.0299683 -2.6 11.6119
      vertex 0.0299683 -2.6 11.2855
    endloop
  endfacet
  facet normal 0 -1 0
    outer loop
      vertex -0.164078 -2.6 11.2508
      vertex -0.185059 -2.6 11.5919
      vertex -0.283661 -2.6 11.567
    endloop
  endfacet
  facet normal 0 -1 0
    outer loop
      vertex 0.0299683 -2.6 11.6119
      vertex 0.0989685 -2.6 11.2816
      vertex 0.140457 -2.6 11.6069
    endloop
  endfacet
  facet normal 0 -1 0
    outer loop
      vertex -0.220978 -2.6 11.2238
      vertex -0.283661 -2.6 11.567
      vertex -0.376297 -2.6 11.5321
    endloop
  endfacet
  facet normal 0 -1 0
    outer loop
      vertex 0.164032 -2.6 11.2701
      vertex 0.140457 -2.6 11.6069
      vertex 0.0989685 -2.6 11.2816
    endloop
  endfacet
  facet normal 0 -1 0
    outer loop
      vertex -0.220978 -2.6 11.2238
      vertex -0.376297 -2.6 11.5321
      vertex -0.462982 -2.6 11.4872
    endloop
  endfacet
  facet normal 0 -1 0
    outer loop
      vertex 0.140457 -2.6 11.6069
      vertex 0.164032 -2.6 11.2701
      vertex 0.24501 -2.6 11.5919
    endloop
  endfacet
  facet normal 0 -1 0
    outer loop
      vertex -0.273987 -2.6 11.1891
      vertex -0.462982 -2.6 11.4872
      vertex -0.543716 -2.6 11.4323
    endloop
  endfacet
  facet normal 0 -1 0
    outer loop
      vertex 0.225159 -2.6 11.2508
      vertex 0.24501 -2.6 11.5919
      vertex 0.164032 -2.6 11.2701
    endloop
  endfacet
  facet normal 0 -1 0
    outer loop
      vertex -0.323105 -2.6 11.1467
      vertex -0.543716 -2.6 11.4323
      vertex -0.6185 -2.6 11.3675
    endloop
  endfacet
  facet normal 0 -1 -0
    outer loop
      vertex 0.24501 -2.6 11.5919
      vertex 0.225159 -2.6 11.2508
      vertex 0.343597 -2.6 11.567
    endloop
  endfacet
  facet normal 0 -1 0
    outer loop
      vertex -0.368317 -2.6 11.0966
      vertex -0.6185 -2.6 11.3675
      vertex -0.687332 -2.6 11.2926
    endloop
  endfacet
  facet normal 0 -1 0
    outer loop
      vertex 0.282333 -2.6 11.2238
      vertex 0.343597 -2.6 11.567
      vertex 0.225159 -2.6 11.2508
    endloop
  endfacet
  facet normal 0 -1 -0
    outer loop
      vertex 0.343597 -2.6 11.567
      vertex 0.282333 -2.6 11.2238
      vertex 0.436234 -2.6 11.5321
    endloop
  endfacet
  facet normal 0 -1 -0
    outer loop
      vertex 0.0299683 -2.6 11.6119
      vertex -0.0386047 -2.6 11.2816
      vertex 0.0299683 -2.6 11.2855
    endloop
  endfacet
  facet normal 0 -1 -0
    outer loop
      vertex -0.0805206 -2.6 11.6069
      vertex -0.103287 -2.6 11.2701
      vertex -0.0386047 -2.6 11.2816
    endloop
  endfacet
  facet normal 0 -1 0
    outer loop
      vertex -0.185059 -2.6 11.5919
      vertex -0.164078 -2.6 11.2508
      vertex -0.103287 -2.6 11.2701
    endloop
  endfacet
  facet normal 0 -1 0
    outer loop
      vertex -0.283661 -2.6 11.567
      vertex -0.220978 -2.6 11.2238
      vertex -0.164078 -2.6 11.2508
    endloop
  endfacet
  facet normal 0 -1 0
    outer loop
      vertex -0.409653 -2.6 11.0388
      vertex -0.687332 -2.6 11.2926
      vertex -0.750198 -2.6 11.2079
    endloop
  endfacet
  facet normal 0 -1 0
    outer loop
      vertex -0.462982 -2.6 11.4872
      vertex -0.273987 -2.6 11.1891
      vertex -0.220978 -2.6 11.2238
    endloop
  endfacet
  facet normal 0 -1 0
    outer loop
      vertex -0.543716 -2.6 11.4323
      vertex -0.323105 -2.6 11.1467
      vertex -0.273987 -2.6 11.1891
    endloop
  endfacet
  facet normal 0 -1 0
    outer loop
      vertex -0.447083 -2.6 10.9732
      vertex -0.750198 -2.6 11.2079
      vertex -0.806778 -2.6 11.1136
    endloop
  endfacet
  facet normal 0 -1 0
    outer loop
      vertex -0.6185 -2.6 11.3675
      vertex -0.368317 -2.6 11.0966
      vertex -0.323105 -2.6 11.1467
    endloop
  endfacet
  facet normal 0 -1 0
    outer loop
      vertex -0.687332 -2.6 11.2926
      vertex -0.409653 -2.6 11.0388
      vertex -0.368317 -2.6 11.0966
    endloop
  endfacet
  facet normal 0 -1 0
    outer loop
      vertex -0.480591 -2.6 10.9
      vertex -0.806778 -2.6 11.1136
      vertex -0.856689 -2.6 11.0103
    endloop
  endfacet
  facet normal 0 -1 0
    outer loop
      vertex -0.750198 -2.6 11.2079
      vertex -0.447083 -2.6 10.9732
      vertex -0.409653 -2.6 11.0388
    endloop
  endfacet
  facet normal 0 -1 0
    outer loop
      vertex -0.806778 -2.6 11.1136
      vertex -0.480591 -2.6 10.9
      vertex -0.447083 -2.6 10.9732
    endloop
  endfacet
  facet normal 0 -1 0
    outer loop
      vertex -0.510162 -2.6 10.8189
      vertex -0.856689 -2.6 11.0103
      vertex -0.899948 -2.6 10.8979
    endloop
  endfacet
  facet normal 0 -1 0
    outer loop
      vertex -0.856689 -2.6 11.0103
      vertex -0.510162 -2.6 10.8189
      vertex -0.480591 -2.6 10.9
    endloop
  endfacet
  facet normal 0 -1 0
    outer loop
      vertex -0.535797 -2.6 10.7302
      vertex -0.899948 -2.6 10.8979
      vertex -0.936554 -2.6 10.7766
    endloop
  endfacet
  facet normal 0 -1 0
    outer loop
      vertex -0.899948 -2.6 10.8979
      vertex -0.535797 -2.6 10.7302
      vertex -0.510162 -2.6 10.8189
    endloop
  endfacet
  facet normal 0 -1 0
    outer loop
      vertex -0.55748 -2.6 10.6336
      vertex -0.936554 -2.6 10.7766
      vertex -0.966507 -2.6 10.6462
    endloop
  endfacet
  facet normal 0 -1 0
    outer loop
      vertex -0.936554 -2.6 10.7766
      vertex -0.55748 -2.6 10.6336
      vertex -0.535797 -2.6 10.7302
    endloop
  endfacet
  facet normal 0 -1 0
    outer loop
      vertex -0.966507 -2.6 10.6462
      vertex -0.575226 -2.6 10.5293
      vertex -0.55748 -2.6 10.6336
    endloop
  endfacet
  facet normal 0 -1 0
    outer loop
      vertex -0.989807 -2.6 10.5068
      vertex -0.575226 -2.6 10.5293
      vertex -0.966507 -2.6 10.6462
    endloop
  endfacet
  facet normal 0 -1 0
    outer loop
      vertex -0.989807 -2.6 10.5068
      vertex -0.589035 -2.6 10.4173
      vertex -0.575226 -2.6 10.5293
    endloop
  endfacet
  facet normal 0 -1 0
    outer loop
      vertex -1.00644 -2.6 10.3584
      vertex -0.589035 -2.6 10.4173
      vertex -0.989807 -2.6 10.5068
    endloop
  endfacet
  facet normal 0 -1 0
    outer loop
      vertex -1.00644 -2.6 10.3584
      vertex -0.598892 -2.6 10.2974
      vertex -0.589035 -2.6 10.4173
    endloop
  endfacet
  facet normal 0 -1 0
    outer loop
      vertex -1.01642 -2.6 10.201
      vertex -0.598892 -2.6 10.2974
      vertex -1.00644 -2.6 10.3584
    endloop
  endfacet
  facet normal 0 -1 0
    outer loop
      vertex -1.01642 -2.6 10.201
      vertex -0.604797 -2.6 10.1699
      vertex -0.598892 -2.6 10.2974
    endloop
  endfacet
  facet normal 0 -1 0
    outer loop
      vertex -1.01974 -2.6 10.0345
      vertex -0.604797 -2.6 10.1699
      vertex -1.01642 -2.6 10.201
    endloop
  endfacet
  facet normal 0 -1 0
    outer loop
      vertex -1.01974 -2.6 10.0345
      vertex -0.606766 -2.6 10.0345
      vertex -0.604797 -2.6 10.1699
    endloop
  endfacet
  facet normal 0 -1 0
    outer loop
      vertex -1.01974 -2.6 10.0345
      vertex -0.604797 -2.6 9.89963
      vertex -0.606766 -2.6 10.0345
    endloop
  endfacet
  facet normal 0 -1 0
    outer loop
      vertex -1.01642 -2.6 9.86852
      vertex -0.604797 -2.6 9.89963
      vertex -1.01974 -2.6 10.0345
    endloop
  endfacet
  facet normal 0 -1 0
    outer loop
      vertex -1.01642 -2.6 9.86852
      vertex -0.598892 -2.6 9.77242
      vertex -0.604797 -2.6 9.89963
    endloop
  endfacet
  facet normal 0 -1 0
    outer loop
      vertex -1.00644 -2.6 9.71146
      vertex -0.598892 -2.6 9.77242
      vertex -1.01642 -2.6 9.86852
    endloop
  endfacet
  facet normal 0 -1 0
    outer loop
      vertex -1.00644 -2.6 9.71146
      vertex -0.589035 -2.6 9.65292
      vertex -0.598892 -2.6 9.77242
    endloop
  endfacet
  facet normal 0 -1 0
    outer loop
      vertex -0.989807 -2.6 9.56337
      vertex -0.589035 -2.6 9.65292
      vertex -1.00644 -2.6 9.71146
    endloop
  endfacet
  facet normal 0 -1 0
    outer loop
      vertex -0.989807 -2.6 9.56337
      vertex -0.575226 -2.6 9.54114
      vertex -0.589035 -2.6 9.65292
    endloop
  endfacet
  facet normal 0 -1 0
    outer loop
      vertex -0.966507 -2.6 9.42424
      vertex -0.575226 -2.6 9.54114
      vertex -0.989807 -2.6 9.56337
    endloop
  endfacet
  facet normal 0 -1 -0
    outer loop
      vertex -0.575226 -2.6 9.54114
      vertex -0.966507 -2.6 9.42424
      vertex -0.55748 -2.6 9.43707
    endloop
  endfacet
  facet normal 0 -1 0
    outer loop
      vertex -0.936554 -2.6 9.2941
      vertex -0.55748 -2.6 9.43707
      vertex -0.966507 -2.6 9.42424
    endloop
  endfacet
  facet normal 0 -1 -0
    outer loop
      vertex -0.55748 -2.6 9.43707
      vertex -0.936554 -2.6 9.2941
      vertex -0.535797 -2.6 9.3407
    endloop
  endfacet
  facet normal 0 -1 0
    outer loop
      vertex -0.899948 -2.6 9.17293
      vertex -0.535797 -2.6 9.3407
      vertex -0.936554 -2.6 9.2941
    endloop
  endfacet
  facet normal 0 -1 -0
    outer loop
      vertex -0.535797 -2.6 9.3407
      vertex -0.899948 -2.6 9.17293
      vertex -0.510162 -2.6 9.25204
    endloop
  endfacet
  facet normal 0 -1 0
    outer loop
      vertex -0.856689 -2.6 9.06071
      vertex -0.510162 -2.6 9.25204
      vertex -0.899948 -2.6 9.17293
    endloop
  endfacet
  facet normal 0 -1 -0
    outer loop
      vertex -0.510162 -2.6 9.25204
      vertex -0.856689 -2.6 9.06071
      vertex -0.480591 -2.6 9.17108
    endloop
  endfacet
  facet normal 0 -1 0
    outer loop
      vertex -0.806778 -2.6 8.95749
      vertex -0.480591 -2.6 9.17108
      vertex -0.856689 -2.6 9.06071
    endloop
  endfacet
  facet normal 0 -1 -0
    outer loop
      vertex -0.480591 -2.6 9.17108
      vertex -0.806778 -2.6 8.95749
      vertex -0.447083 -2.6 9.09785
    endloop
  endfacet
  facet normal 0 -1 0
    outer loop
      vertex -0.750198 -2.6 8.86322
      vertex -0.447083 -2.6 9.09785
      vertex -0.806778 -2.6 8.95749
    endloop
  endfacet
  facet normal 0 -1 -0
    outer loop
      vertex -0.447083 -2.6 9.09785
      vertex -0.750198 -2.6 8.86322
      vertex -0.409653 -2.6 9.03232
    endloop
  endfacet
  facet normal 0 -1 0
    outer loop
      vertex -0.687332 -2.6 8.77843
      vertex -0.409653 -2.6 9.03232
      vertex -0.750198 -2.6 8.86322
    endloop
  endfacet
  facet normal 0 -1 -0
    outer loop
      vertex -0.409653 -2.6 9.03232
      vertex -0.687332 -2.6 8.77843
      vertex -0.368317 -2.6 8.9745
    endloop
  endfacet
  facet normal 0 -1 0
    outer loop
      vertex -0.6185 -2.6 8.70361
      vertex -0.368317 -2.6 8.9745
      vertex -0.687332 -2.6 8.77843
    endloop
  endfacet
  facet normal 0 -1 -0
    outer loop
      vertex -0.368317 -2.6 8.9745
      vertex -0.6185 -2.6 8.70361
      vertex -0.323105 -2.6 8.92439
    endloop
  endfacet
  facet normal 0 -1 0
    outer loop
      vertex -0.543716 -2.6 8.63878
      vertex -0.323105 -2.6 8.92439
      vertex -0.6185 -2.6 8.70361
    endloop
  endfacet
  facet normal 0 -1 -0
    outer loop
      vertex -0.323105 -2.6 8.92439
      vertex -0.543716 -2.6 8.63878
      vertex -0.273987 -2.6 8.882
    endloop
  endfacet
  facet normal 0 -1 0
    outer loop
      vertex -0.462982 -2.6 8.58392
      vertex -0.273987 -2.6 8.882
      vertex -0.543716 -2.6 8.63878
    endloop
  endfacet
  facet normal 0 -1 0
    outer loop
      vertex -0.376297 -2.6 8.53903
      vertex -0.220978 -2.6 8.84731
      vertex -0.462982 -2.6 8.58392
    endloop
  endfacet
  facet normal 0 -1 -0
    outer loop
      vertex -0.273987 -2.6 8.882
      vertex -0.462982 -2.6 8.58392
      vertex -0.220978 -2.6 8.84731
    endloop
  endfacet
  facet normal 0 -1 -0
    outer loop
      vertex 0.436234 -2.6 11.5321
      vertex 0.282333 -2.6 11.2238
      vertex 0.522919 -2.6 11.4872
    endloop
  endfacet
  facet normal 0 -1 0
    outer loop
      vertex 0.335571 -2.6 11.1891
      vertex 0.522919 -2.6 11.4872
      vertex 0.282333 -2.6 11.2238
    endloop
  endfacet
  facet normal 0 -1 -0
    outer loop
      vertex 0.522919 -2.6 11.4872
      vertex 0.335571 -2.6 11.1891
      vertex 0.603653 -2.6 11.4323
    endloop
  endfacet
  facet normal 0 -1 0
    outer loop
      vertex 0.384857 -2.6 11.1467
      vertex 0.603653 -2.6 11.4323
      vertex 0.335571 -2.6 11.1891
    endloop
  endfacet
  facet normal 0 -1 -0
    outer loop
      vertex 0.603653 -2.6 11.4323
      vertex 0.384857 -2.6 11.1467
      vertex 0.678436 -2.6 11.3675
    endloop
  endfacet
  facet normal 0 -1 0
    outer loop
      vertex 0.430206 -2.6 11.0966
      vertex 0.678436 -2.6 11.3675
      vertex 0.384857 -2.6 11.1467
    endloop
  endfacet
  facet normal 0 -1 -0
    outer loop
      vertex 0.678436 -2.6 11.3675
      vertex 0.430206 -2.6 11.0966
      vertex 0.747269 -2.6 11.2926
    endloop
  endfacet
  facet normal 0 -1 0
    outer loop
      vertex 0.471603 -2.6 11.0388
      vertex 0.747269 -2.6 11.2926
      vertex 0.430206 -2.6 11.0966
    endloop
  endfacet
  facet normal 0 -1 -0
    outer loop
      vertex 0.747269 -2.6 11.2926
      vertex 0.471603 -2.6 11.0388
      vertex 0.81015 -2.6 11.2079
    endloop
  endfacet
  facet normal 0 -1 0
    outer loop
      vertex 0.509064 -2.6 10.9732
      vertex 0.81015 -2.6 11.2079
      vertex 0.471603 -2.6 11.0388
    endloop
  endfacet
  facet normal 0 -1 -0
    outer loop
      vertex 0.81015 -2.6 11.2079
      vertex 0.509064 -2.6 10.9732
      vertex 0.866714 -2.6 11.1136
    endloop
  endfacet
  facet normal 0 -1 0
    outer loop
      vertex 0.542572 -2.6 10.9
      vertex 0.866714 -2.6 11.1136
      vertex 0.509064 -2.6 10.9732
    endloop
  endfacet
  facet normal 0 -1 -0
    outer loop
      vertex 0.866714 -2.6 11.1136
      vertex 0.542572 -2.6 10.9
      vertex 0.916626 -2.6 11.0103
    endloop
  endfacet
  facet normal 0 -1 0
    outer loop
      vertex 0.572144 -2.6 10.8189
      vertex 0.916626 -2.6 11.0103
      vertex 0.542572 -2.6 10.9
    endloop
  endfacet
  facet normal 0 -1 -0
    outer loop
      vertex 0.916626 -2.6 11.0103
      vertex 0.572144 -2.6 10.8189
      vertex 0.9599 -2.6 10.8979
    endloop
  endfacet
  facet normal 0 -1 0
    outer loop
      vertex 0.597778 -2.6 10.7302
      vertex 0.9599 -2.6 10.8979
      vertex 0.572144 -2.6 10.8189
    endloop
  endfacet
  facet normal 0 -1 -0
    outer loop
      vertex 0.9599 -2.6 10.8979
      vertex 0.597778 -2.6 10.7302
      vertex 0.996506 -2.6 10.7766
    endloop
  endfacet
  facet normal 0 -1 0
    outer loop
      vertex 0.619461 -2.6 10.6336
      vertex 0.996506 -2.6 10.7766
      vertex 0.597778 -2.6 10.7302
    endloop
  endfacet
  facet normal 0 -1 -0
    outer loop
      vertex 0.996506 -2.6 10.7766
      vertex 0.619461 -2.6 10.6336
      vertex 1.02644 -2.6 10.6462
    endloop
  endfacet
  facet normal 0 -1 0
    outer loop
      vertex 0.637207 -2.6 10.5293
      vertex 1.02644 -2.6 10.6462
      vertex 0.619461 -2.6 10.6336
    endloop
  endfacet
  facet normal 0 -1 0
    outer loop
      vertex 0.637207 -2.6 10.5293
      vertex 1.04974 -2.6 10.5068
      vertex 1.02644 -2.6 10.6462
    endloop
  endfacet
  facet normal 0 -1 0
    outer loop
      vertex 0.651016 -2.6 10.4173
      vertex 1.04974 -2.6 10.5068
      vertex 0.637207 -2.6 10.5293
    endloop
  endfacet
  facet normal 0 -1 0
    outer loop
      vertex 0.651016 -2.6 10.4173
      vertex 1.06638 -2.6 10.3584
      vertex 1.04974 -2.6 10.5068
    endloop
  endfacet
  facet normal 0 -1 0
    outer loop
      vertex 0.660873 -2.6 10.2974
      vertex 1.06638 -2.6 10.3584
      vertex 0.651016 -2.6 10.4173
    endloop
  endfacet
  facet normal 0 -1 0
    outer loop
      vertex 0.660873 -2.6 10.2974
      vertex 1.07637 -2.6 10.201
      vertex 1.06638 -2.6 10.3584
    endloop
  endfacet
  facet normal 0 -1 0
    outer loop
      vertex 0.666779 -2.6 10.1699
      vertex 1.07637 -2.6 10.201
      vertex 0.660873 -2.6 10.2974
    endloop
  endfacet
  facet normal 0 -1 0
    outer loop
      vertex 1.0797 -2.6 10.0345
      vertex 0.666779 -2.6 10.1699
      vertex 0.668747 -2.6 10.0345
    endloop
  endfacet
  facet normal 0 -1 0
    outer loop
      vertex 0.666779 -2.6 10.1699
      vertex 1.0797 -2.6 10.0345
      vertex 1.07637 -2.6 10.201
    endloop
  endfacet
  facet normal 0 -1 0
    outer loop
      vertex 0.666779 -2.6 9.89963
      vertex 1.0797 -2.6 10.0345
      vertex 0.668747 -2.6 10.0345
    endloop
  endfacet
  facet normal 0 -1 0
    outer loop
      vertex 0.666779 -2.6 9.89963
      vertex 1.07637 -2.6 9.86852
      vertex 1.0797 -2.6 10.0345
    endloop
  endfacet
  facet normal 0 -1 0
    outer loop
      vertex 0.660873 -2.6 9.77242
      vertex 1.07637 -2.6 9.86852
      vertex 0.666779 -2.6 9.89963
    endloop
  endfacet
  facet normal 0 -1 0
    outer loop
      vertex 0.660873 -2.6 9.77242
      vertex 1.06638 -2.6 9.71146
      vertex 1.07637 -2.6 9.86852
    endloop
  endfacet
  facet normal 0 -1 0
    outer loop
      vertex 0.651016 -2.6 9.65292
      vertex 1.06638 -2.6 9.71146
      vertex 0.660873 -2.6 9.77242
    endloop
  endfacet
  facet normal 0 -1 0
    outer loop
      vertex 0.651016 -2.6 9.65292
      vertex 1.04974 -2.6 9.56337
      vertex 1.06638 -2.6 9.71146
    endloop
  endfacet
  facet normal 0 -1 0
    outer loop
      vertex 0.637207 -2.6 9.54114
      vertex 1.04974 -2.6 9.56337
      vertex 0.651016 -2.6 9.65292
    endloop
  endfacet
  facet normal 0 -1 0
    outer loop
      vertex 1.02644 -2.6 9.42424
      vertex 0.637207 -2.6 9.54114
      vertex 0.619461 -2.6 9.43707
    endloop
  endfacet
  facet normal 0 -1 0
    outer loop
      vertex 0.637207 -2.6 9.54114
      vertex 1.02644 -2.6 9.42424
      vertex 1.04974 -2.6 9.56337
    endloop
  endfacet
  facet normal 0 -1 0
    outer loop
      vertex 0.996506 -2.6 9.2941
      vertex 0.619461 -2.6 9.43707
      vertex 0.597778 -2.6 9.3407
    endloop
  endfacet
  facet normal 0 -1 0
    outer loop
      vertex 0.619461 -2.6 9.43707
      vertex 0.996506 -2.6 9.2941
      vertex 1.02644 -2.6 9.42424
    endloop
  endfacet
  facet normal 0 -1 0
    outer loop
      vertex 0.9599 -2.6 9.17293
      vertex 0.597778 -2.6 9.3407
      vertex 0.572144 -2.6 9.25204
    endloop
  endfacet
  facet normal 0 -1 0
    outer loop
      vertex 0.597778 -2.6 9.3407
      vertex 0.9599 -2.6 9.17293
      vertex 0.996506 -2.6 9.2941
    endloop
  endfacet
  facet normal 0 -1 0
    outer loop
      vertex 0.916626 -2.6 9.06071
      vertex 0.572144 -2.6 9.25204
      vertex 0.542572 -2.6 9.17108
    endloop
  endfacet
  facet normal 0 -1 0
    outer loop
      vertex 0.866714 -2.6 8.95749
      vertex 0.542572 -2.6 9.17108
      vertex 0.509064 -2.6 9.09785
    endloop
  endfacet
  facet normal 0 -1 0
    outer loop
      vertex 0.572144 -2.6 9.25204
      vertex 0.916626 -2.6 9.06071
      vertex 0.9599 -2.6 9.17293
    endloop
  endfacet
  facet normal 0 -1 0
    outer loop
      vertex 0.81015 -2.6 8.86322
      vertex 0.509064 -2.6 9.09785
      vertex 0.471603 -2.6 9.03232
    endloop
  endfacet
  facet normal 0 -1 0
    outer loop
      vertex 0.747269 -2.6 8.77843
      vertex 0.471603 -2.6 9.03232
      vertex 0.430206 -2.6 8.9745
    endloop
  endfacet
  facet normal 0 -1 0
    outer loop
      vertex 0.542572 -2.6 9.17108
      vertex 0.866714 -2.6 8.95749
      vertex 0.916626 -2.6 9.06071
    endloop
  endfacet
  facet normal 0 -1 0
    outer loop
      vertex 0.678436 -2.6 8.70361
      vertex 0.430206 -2.6 8.9745
      vertex 0.384857 -2.6 8.92439
    endloop
  endfacet
  facet normal 0 -1 0
    outer loop
      vertex 0.603653 -2.6 8.63878
      vertex 0.384857 -2.6 8.92439
      vertex 0.335571 -2.6 8.882
    endloop
  endfacet
  facet normal 0 -1 0
    outer loop
      vertex 0.509064 -2.6 9.09785
      vertex 0.81015 -2.6 8.86322
      vertex 0.866714 -2.6 8.95749
    endloop
  endfacet
  facet normal 0 -1 0
    outer loop
      vertex 0.522919 -2.6 8.58392
      vertex 0.335571 -2.6 8.882
      vertex 0.282333 -2.6 8.84731
    endloop
  endfacet
  facet normal 0 -1 0
    outer loop
      vertex 0.343597 -2.6 8.50412
      vertex 0.282333 -2.6 8.84731
      vertex 0.225159 -2.6 8.82033
    endloop
  endfacet
  facet normal 0 -1 0
    outer loop
      vertex 0.24501 -2.6 8.47919
      vertex 0.225159 -2.6 8.82033
      vertex 0.164032 -2.6 8.80106
    endloop
  endfacet
  facet normal 0 -1 0
    outer loop
      vertex 0.140457 -2.6 8.46422
      vertex 0.164032 -2.6 8.80106
      vertex 0.0989685 -2.6 8.78949
    endloop
  endfacet
  facet normal 0 -1 0
    outer loop
      vertex 0.471603 -2.6 9.03232
      vertex 0.747269 -2.6 8.77843
      vertex 0.81015 -2.6 8.86322
    endloop
  endfacet
  facet normal 0 -1 0
    outer loop
      vertex 0.0299683 -2.6 8.45924
      vertex 0.0989685 -2.6 8.78949
      vertex 0.0299683 -2.6 8.78564
    endloop
  endfacet
  facet normal 0 -1 0
    outer loop
      vertex -0.283661 -2.6 8.50412
      vertex -0.220978 -2.6 8.84731
      vertex -0.376297 -2.6 8.53903
    endloop
  endfacet
  facet normal 0 -1 -0
    outer loop
      vertex -0.220978 -2.6 8.84731
      vertex -0.283661 -2.6 8.50412
      vertex -0.164078 -2.6 8.82033
    endloop
  endfacet
  facet normal 0 -1 -0
    outer loop
      vertex 0.0989685 -2.6 8.78949
      vertex 0.0299683 -2.6 8.45924
      vertex 0.140457 -2.6 8.46422
    endloop
  endfacet
  facet normal 0 -1 0
    outer loop
      vertex -0.185059 -2.6 8.47919
      vertex -0.164078 -2.6 8.82033
      vertex -0.283661 -2.6 8.50412
    endloop
  endfacet
  facet normal 0 -1 -0
    outer loop
      vertex 0.164032 -2.6 8.80106
      vertex 0.140457 -2.6 8.46422
      vertex 0.24501 -2.6 8.47919
    endloop
  endfacet
  facet normal 0 -1 -0
    outer loop
      vertex -0.164078 -2.6 8.82033
      vertex -0.185059 -2.6 8.47919
      vertex -0.103287 -2.6 8.80106
    endloop
  endfacet
  facet normal 0 -1 0
    outer loop
      vertex 0.430206 -2.6 8.9745
      vertex 0.678436 -2.6 8.70361
      vertex 0.747269 -2.6 8.77843
    endloop
  endfacet
  facet normal 0 -1 0
    outer loop
      vertex -0.0805206 -2.6 8.46422
      vertex -0.103287 -2.6 8.80106
      vertex -0.185059 -2.6 8.47919
    endloop
  endfacet
  facet normal 0 -1 0
    outer loop
      vertex -0.0386047 -2.6 8.78949
      vertex 0.0299683 -2.6 8.45924
      vertex 0.0299683 -2.6 8.78564
    endloop
  endfacet
  facet normal 0 -1 0
    outer loop
      vertex -0.103287 -2.6 8.80106
      vertex -0.0805206 -2.6 8.46422
      vertex -0.0386047 -2.6 8.78949
    endloop
  endfacet
  facet normal 0 -1 0
    outer loop
      vertex 0.384857 -2.6 8.92439
      vertex 0.603653 -2.6 8.63878
      vertex 0.678436 -2.6 8.70361
    endloop
  endfacet
  facet normal 0 -1 0
    outer loop
      vertex 0.0299683 -2.6 8.45924
      vertex -0.0386047 -2.6 8.78949
      vertex -0.0805206 -2.6 8.46422
    endloop
  endfacet
  facet normal 0 -1 0
    outer loop
      vertex 0.335571 -2.6 8.882
      vertex 0.522919 -2.6 8.58392
      vertex 0.603653 -2.6 8.63878
    endloop
  endfacet
  facet normal 0 -1 0
    outer loop
      vertex 0.282333 -2.6 8.84731
      vertex 0.436234 -2.6 8.53903
      vertex 0.522919 -2.6 8.58392
    endloop
  endfacet
  facet normal 0 -1 0
    outer loop
      vertex 0.225159 -2.6 8.82033
      vertex 0.24501 -2.6 8.47919
      vertex 0.343597 -2.6 8.50412
    endloop
  endfacet
  facet normal 0 -1 0
    outer loop
      vertex 0.282333 -2.6 8.84731
      vertex 0.343597 -2.6 8.50412
      vertex 0.436234 -2.6 8.53903
    endloop
  endfacet
  facet normal 0 -1 0
    outer loop
      vertex 2.5502 -2.6 11.2816
      vertex 2.61877 -2.6 11.6119
      vertex 2.50829 -2.6 11.6069
    endloop
  endfacet
  facet normal 0 -1 0
    outer loop
      vertex 2.48552 -2.6 11.2701
      vertex 2.50829 -2.6 11.6069
      vertex 2.40375 -2.6 11.5919
    endloop
  endfacet
  facet normal 0 -1 0
    outer loop
      vertex 2.68779 -2.6 11.2816
      vertex 2.61877 -2.6 11.6119
      vertex 2.61877 -2.6 11.2855
    endloop
  endfacet
  facet normal 0 -1 0
    outer loop
      vertex 2.42473 -2.6 11.2508
      vertex 2.40375 -2.6 11.5919
      vertex 2.30515 -2.6 11.567
    endloop
  endfacet
  facet normal 0 -1 0
    outer loop
      vertex 2.61877 -2.6 11.6119
      vertex 2.68779 -2.6 11.2816
      vertex 2.72928 -2.6 11.6069
    endloop
  endfacet
  facet normal 0 -1 0
    outer loop
      vertex 2.36783 -2.6 11.2238
      vertex 2.30515 -2.6 11.567
      vertex 2.21251 -2.6 11.5321
    endloop
  endfacet
  facet normal 0 -1 0
    outer loop
      vertex 2.75285 -2.6 11.2701
      vertex 2.72928 -2.6 11.6069
      vertex 2.68779 -2.6 11.2816
    endloop
  endfacet
  facet normal 0 -1 0
    outer loop
      vertex 2.36783 -2.6 11.2238
      vertex 2.21251 -2.6 11.5321
      vertex 2.12582 -2.6 11.4872
    endloop
  endfacet
  facet normal 0 -1 0
    outer loop
      vertex 2.72928 -2.6 11.6069
      vertex 2.75285 -2.6 11.2701
      vertex 2.83382 -2.6 11.5919
    endloop
  endfacet
  facet normal 0 -1 0
    outer loop
      vertex 2.31482 -2.6 11.1891
      vertex 2.12582 -2.6 11.4872
      vertex 2.04509 -2.6 11.4323
    endloop
  endfacet
  facet normal 0 -1 0
    outer loop
      vertex 2.81398 -2.6 11.2508
      vertex 2.83382 -2.6 11.5919
      vertex 2.75285 -2.6 11.2701
    endloop
  endfacet
  facet normal 0 -1 0
    outer loop
      vertex 2.2657 -2.6 11.1467
      vertex 2.04509 -2.6 11.4323
      vertex 1.97031 -2.6 11.3675
    endloop
  endfacet
  facet normal 0 -1 -0
    outer loop
      vertex 2.83382 -2.6 11.5919
      vertex 2.81398 -2.6 11.2508
      vertex 2.93242 -2.6 11.567
    endloop
  endfacet
  facet normal 0 -1 0
    outer loop
      vertex 2.22047 -2.6 11.0966
      vertex 1.97031 -2.6 11.3675
      vertex 1.90147 -2.6 11.2926
    endloop
  endfacet
  facet normal 0 -1 0
    outer loop
      vertex 2.87115 -2.6 11.2238
      vertex 2.93242 -2.6 11.567
      vertex 2.81398 -2.6 11.2508
    endloop
  endfacet
  facet normal 0 -1 -0
    outer loop
      vertex 2.93242 -2.6 11.567
      vertex 2.87115 -2.6 11.2238
      vertex 3.02505 -2.6 11.5321
    endloop
  endfacet
  facet normal 0 -1 -0
    outer loop
      vertex 2.61877 -2.6 11.6119
      vertex 2.5502 -2.6 11.2816
      vertex 2.61877 -2.6 11.2855
    endloop
  endfacet
  facet normal 0 -1 -0
    outer loop
      vertex 2.50829 -2.6 11.6069
      vertex 2.48552 -2.6 11.2701
      vertex 2.5502 -2.6 11.2816
    endloop
  endfacet
  facet normal 0 -1 0
    outer loop
      vertex 2.40375 -2.6 11.5919
      vertex 2.42473 -2.6 11.2508
      vertex 2.48552 -2.6 11.2701
    endloop
  endfacet
  facet normal 0 -1 0
    outer loop
      vertex 2.30515 -2.6 11.567
      vertex 2.36783 -2.6 11.2238
      vertex 2.42473 -2.6 11.2508
    endloop
  endfacet
  facet normal 0 -1 0
    outer loop
      vertex 2.17915 -2.6 11.0388
      vertex 1.90147 -2.6 11.2926
      vertex 1.83861 -2.6 11.2079
    endloop
  endfacet
  facet normal 0 -1 0
    outer loop
      vertex 2.12582 -2.6 11.4872
      vertex 2.31482 -2.6 11.1891
      vertex 2.36783 -2.6 11.2238
    endloop
  endfacet
  facet normal 0 -1 0
    outer loop
      vertex 2.04509 -2.6 11.4323
      vertex 2.2657 -2.6 11.1467
      vertex 2.31482 -2.6 11.1891
    endloop
  endfacet
  facet normal 0 -1 0
    outer loop
      vertex 2.14172 -2.6 10.9732
      vertex 1.83861 -2.6 11.2079
      vertex 1.78203 -2.6 11.1136
    endloop
  endfacet
  facet normal 0 -1 0
    outer loop
      vertex 1.97031 -2.6 11.3675
      vertex 2.22047 -2.6 11.0966
      vertex 2.2657 -2.6 11.1467
    endloop
  endfacet
  facet normal 0 -1 0
    outer loop
      vertex 1.90147 -2.6 11.2926
      vertex 2.17915 -2.6 11.0388
      vertex 2.22047 -2.6 11.0966
    endloop
  endfacet
  facet normal 0 -1 0
    outer loop
      vertex 2.1082 -2.6 10.9
      vertex 1.78203 -2.6 11.1136
      vertex 1.73212 -2.6 11.0103
    endloop
  endfacet
  facet normal 0 -1 0
    outer loop
      vertex 1.83861 -2.6 11.2079
      vertex 2.14172 -2.6 10.9732
      vertex 2.17915 -2.6 11.0388
    endloop
  endfacet
  facet normal 0 -1 0
    outer loop
      vertex 1.78203 -2.6 11.1136
      vertex 2.1082 -2.6 10.9
      vertex 2.14172 -2.6 10.9732
    endloop
  endfacet
  facet normal 0 -1 0
    outer loop
      vertex 2.07863 -2.6 10.8189
      vertex 1.73212 -2.6 11.0103
      vertex 1.68886 -2.6 10.8979
    endloop
  endfacet
  facet normal 0 -1 0
    outer loop
      vertex 1.73212 -2.6 11.0103
      vertex 2.07863 -2.6 10.8189
      vertex 2.1082 -2.6 10.9
    endloop
  endfacet
  facet normal 0 -1 0
    outer loop
      vertex 2.05301 -2.6 10.7302
      vertex 1.68886 -2.6 10.8979
      vertex 1.65225 -2.6 10.7766
    endloop
  endfacet
  facet normal 0 -1 0
    outer loop
      vertex 1.68886 -2.6 10.8979
      vertex 2.05301 -2.6 10.7302
      vertex 2.07863 -2.6 10.8189
    endloop
  endfacet
  facet normal 0 -1 0
    outer loop
      vertex 2.03131 -2.6 10.6336
      vertex 1.65225 -2.6 10.7766
      vertex 1.6223 -2.6 10.6462
    endloop
  endfacet
  facet normal 0 -1 0
    outer loop
      vertex 1.65225 -2.6 10.7766
      vertex 2.03131 -2.6 10.6336
      vertex 2.05301 -2.6 10.7302
    endloop
  endfacet
  facet normal 0 -1 0
    outer loop
      vertex 1.6223 -2.6 10.6462
      vertex 2.01358 -2.6 10.5293
      vertex 2.03131 -2.6 10.6336
    endloop
  endfacet
  facet normal 0 -1 0
    outer loop
      vertex 1.599 -2.6 10.5068
      vertex 2.01358 -2.6 10.5293
      vertex 1.6223 -2.6 10.6462
    endloop
  endfacet
  facet normal 0 -1 0
    outer loop
      vertex 1.599 -2.6 10.5068
      vertex 1.99977 -2.6 10.4173
      vertex 2.01358 -2.6 10.5293
    endloop
  endfacet
  facet normal 0 -1 0
    outer loop
      vertex 1.58237 -2.6 10.3584
      vertex 1.99977 -2.6 10.4173
      vertex 1.599 -2.6 10.5068
    endloop
  endfacet
  facet normal 0 -1 0
    outer loop
      vertex 1.58237 -2.6 10.3584
      vertex 1.98991 -2.6 10.2974
      vertex 1.99977 -2.6 10.4173
    endloop
  endfacet
  facet normal 0 -1 0
    outer loop
      vertex 1.57237 -2.6 10.201
      vertex 1.98991 -2.6 10.2974
      vertex 1.58237 -2.6 10.3584
    endloop
  endfacet
  facet normal 0 -1 0
    outer loop
      vertex 1.57237 -2.6 10.201
      vertex 1.98401 -2.6 10.1699
      vertex 1.98991 -2.6 10.2974
    endloop
  endfacet
  facet normal 0 -1 0
    outer loop
      vertex 1.56905 -2.6 10.0345
      vertex 1.98401 -2.6 10.1699
      vertex 1.57237 -2.6 10.201
    endloop
  endfacet
  facet normal 0 -1 0
    outer loop
      vertex 1.56905 -2.6 10.0345
      vertex 1.98203 -2.6 10.0345
      vertex 1.98401 -2.6 10.1699
    endloop
  endfacet
  facet normal 0 -1 0
    outer loop
      vertex 1.56905 -2.6 10.0345
      vertex 1.98401 -2.6 9.89963
      vertex 1.98203 -2.6 10.0345
    endloop
  endfacet
  facet normal 0 -1 0
    outer loop
      vertex 1.57237 -2.6 9.86852
      vertex 1.98401 -2.6 9.89963
      vertex 1.56905 -2.6 10.0345
    endloop
  endfacet
  facet normal 0 -1 0
    outer loop
      vertex 1.57237 -2.6 9.86852
      vertex 1.98991 -2.6 9.77242
      vertex 1.98401 -2.6 9.89963
    endloop
  endfacet
  facet normal 0 -1 0
    outer loop
      vertex 1.58237 -2.6 9.71146
      vertex 1.98991 -2.6 9.77242
      vertex 1.57237 -2.6 9.86852
    endloop
  endfacet
  facet normal 0 -1 0
    outer loop
      vertex 1.58237 -2.6 9.71146
      vertex 1.99977 -2.6 9.65292
      vertex 1.98991 -2.6 9.77242
    endloop
  endfacet
  facet normal 0 -1 0
    outer loop
      vertex 1.599 -2.6 9.56337
      vertex 1.99977 -2.6 9.65292
      vertex 1.58237 -2.6 9.71146
    endloop
  endfacet
  facet normal 0 -1 0
    outer loop
      vertex 1.599 -2.6 9.56337
      vertex 2.01358 -2.6 9.54114
      vertex 1.99977 -2.6 9.65292
    endloop
  endfacet
  facet normal 0 -1 0
    outer loop
      vertex 1.6223 -2.6 9.42424
      vertex 2.01358 -2.6 9.54114
      vertex 1.599 -2.6 9.56337
    endloop
  endfacet
  facet normal 0 -1 -0
    outer loop
      vertex 2.01358 -2.6 9.54114
      vertex 1.6223 -2.6 9.42424
      vertex 2.03131 -2.6 9.43707
    endloop
  endfacet
  facet normal 0 -1 0
    outer loop
      vertex 1.65225 -2.6 9.2941
      vertex 2.03131 -2.6 9.43707
      vertex 1.6223 -2.6 9.42424
    endloop
  endfacet
  facet normal 0 -1 -0
    outer loop
      vertex 2.03131 -2.6 9.43707
      vertex 1.65225 -2.6 9.2941
      vertex 2.05301 -2.6 9.3407
    endloop
  endfacet
  facet normal 0 -1 0
    outer loop
      vertex 1.68886 -2.6 9.17293
      vertex 2.05301 -2.6 9.3407
      vertex 1.65225 -2.6 9.2941
    endloop
  endfacet
  facet normal 0 -1 -0
    outer loop
      vertex 2.05301 -2.6 9.3407
      vertex 1.68886 -2.6 9.17293
      vertex 2.07863 -2.6 9.25204
    endloop
  endfacet
  facet normal 0 -1 0
    outer loop
      vertex 1.73212 -2.6 9.06071
      vertex 2.07863 -2.6 9.25204
      vertex 1.68886 -2.6 9.17293
    endloop
  endfacet
  facet normal 0 -1 -0
    outer loop
      vertex 2.07863 -2.6 9.25204
      vertex 1.73212 -2.6 9.06071
      vertex 2.1082 -2.6 9.17108
    endloop
  endfacet
  facet normal 0 -1 0
    outer loop
      vertex 1.78203 -2.6 8.95749
      vertex 2.1082 -2.6 9.17108
      vertex 1.73212 -2.6 9.06071
    endloop
  endfacet
  facet normal 0 -1 -0
    outer loop
      vertex 2.1082 -2.6 9.17108
      vertex 1.78203 -2.6 8.95749
      vertex 2.14172 -2.6 9.09785
    endloop
  endfacet
  facet normal 0 -1 0
    outer loop
      vertex 1.83861 -2.6 8.86322
      vertex 2.14172 -2.6 9.09785
      vertex 1.78203 -2.6 8.95749
    endloop
  endfacet
  facet normal 0 -1 -0
    outer loop
      vertex 2.14172 -2.6 9.09785
      vertex 1.83861 -2.6 8.86322
      vertex 2.17915 -2.6 9.03232
    endloop
  endfacet
  facet normal 0 -1 0
    outer loop
      vertex 1.90147 -2.6 8.77843
      vertex 2.17915 -2.6 9.03232
      vertex 1.83861 -2.6 8.86322
    endloop
  endfacet
  facet normal 0 -1 -0
    outer loop
      vertex 2.17915 -2.6 9.03232
      vertex 1.90147 -2.6 8.77843
      vertex 2.22047 -2.6 8.9745
    endloop
  endfacet
  facet normal 0 -1 0
    outer loop
      vertex 1.97031 -2.6 8.70361
      vertex 2.22047 -2.6 8.9745
      vertex 1.90147 -2.6 8.77843
    endloop
  endfacet
  facet normal 0 -1 -0
    outer loop
      vertex 2.22047 -2.6 8.9745
      vertex 1.97031 -2.6 8.70361
      vertex 2.2657 -2.6 8.92439
    endloop
  endfacet
  facet normal 0 -1 0
    outer loop
      vertex 2.04509 -2.6 8.63878
      vertex 2.2657 -2.6 8.92439
      vertex 1.97031 -2.6 8.70361
    endloop
  endfacet
  facet normal 0 -1 -0
    outer loop
      vertex 2.2657 -2.6 8.92439
      vertex 2.04509 -2.6 8.63878
      vertex 2.31482 -2.6 8.882
    endloop
  endfacet
  facet normal 0 -1 0
    outer loop
      vertex 2.12582 -2.6 8.58392
      vertex 2.31482 -2.6 8.882
      vertex 2.04509 -2.6 8.63878
    endloop
  endfacet
  facet normal 0 -1 0
    outer loop
      vertex 2.21251 -2.6 8.53903
      vertex 2.36783 -2.6 8.84731
      vertex 2.12582 -2.6 8.58392
    endloop
  endfacet
  facet normal 0 -1 -0
    outer loop
      vertex 2.31482 -2.6 8.882
      vertex 2.12582 -2.6 8.58392
      vertex 2.36783 -2.6 8.84731
    endloop
  endfacet
  facet normal 0 -1 -0
    outer loop
      vertex 3.02505 -2.6 11.5321
      vertex 2.87115 -2.6 11.2238
      vertex 3.11174 -2.6 11.4872
    endloop
  endfacet
  facet normal 0 -1 0
    outer loop
      vertex 2.92439 -2.6 11.1891
      vertex 3.11174 -2.6 11.4872
      vertex 2.87115 -2.6 11.2238
    endloop
  endfacet
  facet normal 0 -1 -0
    outer loop
      vertex 3.11174 -2.6 11.4872
      vertex 2.92439 -2.6 11.1891
      vertex 3.19247 -2.6 11.4323
    endloop
  endfacet
  facet normal 0 -1 0
    outer loop
      vertex 2.97368 -2.6 11.1467
      vertex 3.19247 -2.6 11.4323
      vertex 2.92439 -2.6 11.1891
    endloop
  endfacet
  facet normal 0 -1 -0
    outer loop
      vertex 3.19247 -2.6 11.4323
      vertex 2.97368 -2.6 11.1467
      vertex 3.26726 -2.6 11.3675
    endloop
  endfacet
  facet normal 0 -1 0
    outer loop
      vertex 3.01903 -2.6 11.0966
      vertex 3.26726 -2.6 11.3675
      vertex 2.97368 -2.6 11.1467
    endloop
  endfacet
  facet normal 0 -1 -0
    outer loop
      vertex 3.26726 -2.6 11.3675
      vertex 3.01903 -2.6 11.0966
      vertex 3.33609 -2.6 11.2926
    endloop
  endfacet
  facet normal 0 -1 0
    outer loop
      vertex 3.06042 -2.6 11.0388
      vertex 3.33609 -2.6 11.2926
      vertex 3.01903 -2.6 11.0966
    endloop
  endfacet
  facet normal 0 -1 -0
    outer loop
      vertex 3.33609 -2.6 11.2926
      vertex 3.06042 -2.6 11.0388
      vertex 3.39896 -2.6 11.2079
    endloop
  endfacet
  facet normal 0 -1 0
    outer loop
      vertex 3.09789 -2.6 10.9732
      vertex 3.39896 -2.6 11.2079
      vertex 3.06042 -2.6 11.0388
    endloop
  endfacet
  facet normal 0 -1 -0
    outer loop
      vertex 3.39896 -2.6 11.2079
      vertex 3.09789 -2.6 10.9732
      vertex 3.45554 -2.6 11.1136
    endloop
  endfacet
  facet normal 0 -1 0
    outer loop
      vertex 3.13139 -2.6 10.9
      vertex 3.45554 -2.6 11.1136
      vertex 3.09789 -2.6 10.9732
    endloop
  endfacet
  facet normal 0 -1 -0
    outer loop
      vertex 3.45554 -2.6 11.1136
      vertex 3.13139 -2.6 10.9
      vertex 3.50545 -2.6 11.0103
    endloop
  endfacet
  facet normal 0 -1 0
    outer loop
      vertex 3.16096 -2.6 10.8189
      vertex 3.50545 -2.6 11.0103
      vertex 3.13139 -2.6 10.9
    endloop
  endfacet
  facet normal 0 -1 -0
    outer loop
      vertex 3.50545 -2.6 11.0103
      vertex 3.16096 -2.6 10.8189
      vertex 3.54871 -2.6 10.8979
    endloop
  endfacet
  facet normal 0 -1 0
    outer loop
      vertex 3.1866 -2.6 10.7302
      vertex 3.54871 -2.6 10.8979
      vertex 3.16096 -2.6 10.8189
    endloop
  endfacet
  facet normal 0 -1 -0
    outer loop
      vertex 3.54871 -2.6 10.8979
      vertex 3.1866 -2.6 10.7302
      vertex 3.58531 -2.6 10.7766
    endloop
  endfacet
  facet normal 0 -1 0
    outer loop
      vertex 3.20828 -2.6 10.6336
      vertex 3.58531 -2.6 10.7766
      vertex 3.1866 -2.6 10.7302
    endloop
  endfacet
  facet normal 0 -1 -0
    outer loop
      vertex 3.58531 -2.6 10.7766
      vertex 3.20828 -2.6 10.6336
      vertex 3.61526 -2.6 10.6462
    endloop
  endfacet
  facet normal 0 -1 0
    outer loop
      vertex 3.22603 -2.6 10.5293
      vertex 3.61526 -2.6 10.6462
      vertex 3.20828 -2.6 10.6336
    endloop
  endfacet
  facet normal 0 -1 0
    outer loop
      vertex 3.22603 -2.6 10.5293
      vertex 3.63857 -2.6 10.5068
      vertex 3.61526 -2.6 10.6462
    endloop
  endfacet
  facet normal 0 -1 0
    outer loop
      vertex 3.23982 -2.6 10.4173
      vertex 3.63857 -2.6 10.5068
      vertex 3.22603 -2.6 10.5293
    endloop
  endfacet
  facet normal 0 -1 0
    outer loop
      vertex 3.23982 -2.6 10.4173
      vertex 3.6552 -2.6 10.3584
      vertex 3.63857 -2.6 10.5068
    endloop
  endfacet
  facet normal 0 -1 0
    outer loop
      vertex 3.24968 -2.6 10.2974
      vertex 3.6552 -2.6 10.3584
      vertex 3.23982 -2.6 10.4173
    endloop
  endfacet
  facet normal 0 -1 0
    outer loop
      vertex 3.24968 -2.6 10.2974
      vertex 3.66518 -2.6 10.201
      vertex 3.6552 -2.6 10.3584
    endloop
  endfacet
  facet normal 0 -1 0
    outer loop
      vertex 3.2556 -2.6 10.1699
      vertex 3.66518 -2.6 10.201
      vertex 3.24968 -2.6 10.2974
    endloop
  endfacet
  facet normal 0 -1 0
    outer loop
      vertex 3.66852 -2.6 10.0345
      vertex 3.2556 -2.6 10.1699
      vertex 3.25757 -2.6 10.0345
    endloop
  endfacet
  facet normal 0 -1 0
    outer loop
      vertex 3.2556 -2.6 10.1699
      vertex 3.66852 -2.6 10.0345
      vertex 3.66518 -2.6 10.201
    endloop
  endfacet
  facet normal 0 -1 0
    outer loop
      vertex 3.2556 -2.6 9.89963
      vertex 3.66852 -2.6 10.0345
      vertex 3.25757 -2.6 10.0345
    endloop
  endfacet
  facet normal 0 -1 0
    outer loop
      vertex 3.2556 -2.6 9.89963
      vertex 3.66518 -2.6 9.86852
      vertex 3.66852 -2.6 10.0345
    endloop
  endfacet
  facet normal 0 -1 0
    outer loop
      vertex 3.24968 -2.6 9.77242
      vertex 3.66518 -2.6 9.86852
      vertex 3.2556 -2.6 9.89963
    endloop
  endfacet
  facet normal 0 -1 0
    outer loop
      vertex 3.24968 -2.6 9.77242
      vertex 3.6552 -2.6 9.71146
      vertex 3.66518 -2.6 9.86852
    endloop
  endfacet
  facet normal 0 -1 0
    outer loop
      vertex 3.23982 -2.6 9.65292
      vertex 3.6552 -2.6 9.71146
      vertex 3.24968 -2.6 9.77242
    endloop
  endfacet
  facet normal 0 -1 0
    outer loop
      vertex 3.23982 -2.6 9.65292
      vertex 3.63857 -2.6 9.56337
      vertex 3.6552 -2.6 9.71146
    endloop
  endfacet
  facet normal 0 -1 0
    outer loop
      vertex 3.22603 -2.6 9.54114
      vertex 3.63857 -2.6 9.56337
      vertex 3.23982 -2.6 9.65292
    endloop
  endfacet
  facet normal 0 -1 0
    outer loop
      vertex 3.61526 -2.6 9.42424
      vertex 3.22603 -2.6 9.54114
      vertex 3.20828 -2.6 9.43707
    endloop
  endfacet
  facet normal 0 -1 0
    outer loop
      vertex 3.22603 -2.6 9.54114
      vertex 3.61526 -2.6 9.42424
      vertex 3.63857 -2.6 9.56337
    endloop
  endfacet
  facet normal 0 -1 0
    outer loop
      vertex 3.58531 -2.6 9.2941
      vertex 3.20828 -2.6 9.43707
      vertex 3.1866 -2.6 9.3407
    endloop
  endfacet
  facet normal 0 -1 0
    outer loop
      vertex 3.20828 -2.6 9.43707
      vertex 3.58531 -2.6 9.2941
      vertex 3.61526 -2.6 9.42424
    endloop
  endfacet
  facet normal 0 -1 0
    outer loop
      vertex 3.54871 -2.6 9.17293
      vertex 3.1866 -2.6 9.3407
      vertex 3.16096 -2.6 9.25204
    endloop
  endfacet
  facet normal 0 -1 0
    outer loop
      vertex 3.1866 -2.6 9.3407
      vertex 3.54871 -2.6 9.17293
      vertex 3.58531 -2.6 9.2941
    endloop
  endfacet
  facet normal 0 -1 0
    outer loop
      vertex 3.50545 -2.6 9.06071
      vertex 3.16096 -2.6 9.25204
      vertex 3.13139 -2.6 9.17108
    endloop
  endfacet
  facet normal 0 -1 0
    outer loop
      vertex 3.45554 -2.6 8.95749
      vertex 3.13139 -2.6 9.17108
      vertex 3.09789 -2.6 9.09785
    endloop
  endfacet
  facet normal 0 -1 0
    outer loop
      vertex 3.16096 -2.6 9.25204
      vertex 3.50545 -2.6 9.06071
      vertex 3.54871 -2.6 9.17293
    endloop
  endfacet
  facet normal 0 -1 0
    outer loop
      vertex 3.39896 -2.6 8.86322
      vertex 3.09789 -2.6 9.09785
      vertex 3.06042 -2.6 9.03232
    endloop
  endfacet
  facet normal 0 -1 0
    outer loop
      vertex 3.33609 -2.6 8.77843
      vertex 3.06042 -2.6 9.03232
      vertex 3.01903 -2.6 8.9745
    endloop
  endfacet
  facet normal 0 -1 0
    outer loop
      vertex 3.13139 -2.6 9.17108
      vertex 3.45554 -2.6 8.95749
      vertex 3.50545 -2.6 9.06071
    endloop
  endfacet
  facet normal 0 -1 0
    outer loop
      vertex 3.26726 -2.6 8.70361
      vertex 3.01903 -2.6 8.9745
      vertex 2.97368 -2.6 8.92439
    endloop
  endfacet
  facet normal 0 -1 0
    outer loop
      vertex 3.19247 -2.6 8.63878
      vertex 2.97368 -2.6 8.92439
      vertex 2.92439 -2.6 8.882
    endloop
  endfacet
  facet normal 0 -1 0
    outer loop
      vertex 3.09789 -2.6 9.09785
      vertex 3.39896 -2.6 8.86322
      vertex 3.45554 -2.6 8.95749
    endloop
  endfacet
  facet normal 0 -1 0
    outer loop
      vertex 3.11174 -2.6 8.58392
      vertex 2.92439 -2.6 8.882
      vertex 2.87115 -2.6 8.84731
    endloop
  endfacet
  facet normal 0 -1 0
    outer loop
      vertex 2.93242 -2.6 8.50412
      vertex 2.87115 -2.6 8.84731
      vertex 2.81398 -2.6 8.82033
    endloop
  endfacet
  facet normal 0 -1 0
    outer loop
      vertex 2.83382 -2.6 8.47919
      vertex 2.81398 -2.6 8.82033
      vertex 2.75285 -2.6 8.80106
    endloop
  endfacet
  facet normal 0 -1 0
    outer loop
      vertex 2.72928 -2.6 8.46422
      vertex 2.75285 -2.6 8.80106
      vertex 2.68779 -2.6 8.78949
    endloop
  endfacet
  facet normal 0 -1 0
    outer loop
      vertex 3.06042 -2.6 9.03232
      vertex 3.33609 -2.6 8.77843
      vertex 3.39896 -2.6 8.86322
    endloop
  endfacet
  facet normal 0 -1 0
    outer loop
      vertex 2.61877 -2.6 8.45924
      vertex 2.68779 -2.6 8.78949
      vertex 2.61877 -2.6 8.78564
    endloop
  endfacet
  facet normal 0 -1 0
    outer loop
      vertex 2.30515 -2.6 8.50412
      vertex 2.36783 -2.6 8.84731
      vertex 2.21251 -2.6 8.53903
    endloop
  endfacet
  facet normal 0 -1 -0
    outer loop
      vertex 2.36783 -2.6 8.84731
      vertex 2.30515 -2.6 8.50412
      vertex 2.42473 -2.6 8.82033
    endloop
  endfacet
  facet normal 0 -1 -0
    outer loop
      vertex 2.68779 -2.6 8.78949
      vertex 2.61877 -2.6 8.45924
      vertex 2.72928 -2.6 8.46422
    endloop
  endfacet
  facet normal 0 -1 0
    outer loop
      vertex 2.40375 -2.6 8.47919
      vertex 2.42473 -2.6 8.82033
      vertex 2.30515 -2.6 8.50412
    endloop
  endfacet
  facet normal 0 -1 -0
    outer loop
      vertex 2.75285 -2.6 8.80106
      vertex 2.72928 -2.6 8.46422
      vertex 2.83382 -2.6 8.47919
    endloop
  endfacet
  facet normal 0 -1 -0
    outer loop
      vertex 2.42473 -2.6 8.82033
      vertex 2.40375 -2.6 8.47919
      vertex 2.48552 -2.6 8.80106
    endloop
  endfacet
  facet normal 0 -1 0
    outer loop
      vertex 3.01903 -2.6 8.9745
      vertex 3.26726 -2.6 8.70361
      vertex 3.33609 -2.6 8.77843
    endloop
  endfacet
  facet normal 0 -1 0
    outer loop
      vertex 2.50829 -2.6 8.46422
      vertex 2.48552 -2.6 8.80106
      vertex 2.40375 -2.6 8.47919
    endloop
  endfacet
  facet normal 0 -1 0
    outer loop
      vertex 2.5502 -2.6 8.78949
      vertex 2.61877 -2.6 8.45924
      vertex 2.61877 -2.6 8.78564
    endloop
  endfacet
  facet normal 0 -1 0
    outer loop
      vertex 2.48552 -2.6 8.80106
      vertex 2.50829 -2.6 8.46422
      vertex 2.5502 -2.6 8.78949
    endloop
  endfacet
  facet normal 0 -1 0
    outer loop
      vertex 2.97368 -2.6 8.92439
      vertex 3.19247 -2.6 8.63878
      vertex 3.26726 -2.6 8.70361
    endloop
  endfacet
  facet normal 0 -1 0
    outer loop
      vertex 2.61877 -2.6 8.45924
      vertex 2.5502 -2.6 8.78949
      vertex 2.50829 -2.6 8.46422
    endloop
  endfacet
  facet normal 0 -1 0
    outer loop
      vertex 2.92439 -2.6 8.882
      vertex 3.11174 -2.6 8.58392
      vertex 3.19247 -2.6 8.63878
    endloop
  endfacet
  facet normal 0 -1 0
    outer loop
      vertex 2.87115 -2.6 8.84731
      vertex 3.02505 -2.6 8.53903
      vertex 3.11174 -2.6 8.58392
    endloop
  endfacet
  facet normal 0 -1 0
    outer loop
      vertex 2.81398 -2.6 8.82033
      vertex 2.83382 -2.6 8.47919
      vertex 2.93242 -2.6 8.50412
    endloop
  endfacet
  facet normal 0 -1 0
    outer loop
      vertex 2.87115 -2.6 8.84731
      vertex 2.93242 -2.6 8.50412
      vertex 3.02505 -2.6 8.53903
    endloop
  endfacet
  facet normal 0 -1 0
    outer loop
      vertex -3.42548 -2.6 11.4103
      vertex -3.42548 -2.6 11.0359
      vertex -2.69513 -2.6 11.1818
    endloop
  endfacet
  facet normal 0 -1 0
    outer loop
      vertex -2.69513 -2.6 11.1818
      vertex -2.6992 -2.6 11.5562
      vertex -3.42548 -2.6 11.4103
    endloop
  endfacet
  facet normal 0 -1 0
    outer loop
      vertex -2.6992 -2.6 11.5562
      vertex -2.69513 -2.6 11.1818
      vertex -2.28827 -2.6 11.5562
    endloop
  endfacet
  facet normal 0 -1 0
    outer loop
      vertex -2.28827 -2.6 8.86436
      vertex -2.69513 -2.6 11.1818
      vertex -2.69513 -2.6 8.86436
    endloop
  endfacet
  facet normal 0 -1 0
    outer loop
      vertex -2.69513 -2.6 11.1818
      vertex -2.28827 -2.6 8.86436
      vertex -2.28827 -2.6 11.5562
    endloop
  endfacet
  facet normal 0 -1 0
    outer loop
      vertex -3.3665 -2.6 8.51875
      vertex -2.69513 -2.6 8.86436
      vertex -3.3665 -2.6 8.86436
    endloop
  endfacet
  facet normal 0 -1 -0
    outer loop
      vertex -2.69513 -2.6 8.86436
      vertex -3.3665 -2.6 8.51875
      vertex -2.28827 -2.6 8.86436
    endloop
  endfacet
  facet normal 0 -1 0
    outer loop
      vertex -1.61693 -2.6 8.51875
      vertex -2.28827 -2.6 8.86436
      vertex -3.3665 -2.6 8.51875
    endloop
  endfacet
  facet normal 0 -1 0
    outer loop
      vertex -2.28827 -2.6 8.86436
      vertex -1.61693 -2.6 8.51875
      vertex -1.61693 -2.6 8.86436
    endloop
  endfacet
  facet normal -0.141735 0 0.989905
    outer loop
      vertex 0.140457 -2.6 8.46422
      vertex 0.24501 -3 8.47919
      vertex 0.24501 -2.6 8.47919
    endloop
  endfacet
  facet normal -0.141735 0 0.989905
    outer loop
      vertex 0.24501 -3 8.47919
      vertex 0.140457 -2.6 8.46422
      vertex 0.140457 -3 8.46422
    endloop
  endfacet
  facet normal -0.245156 0 0.969484
    outer loop
      vertex 0.24501 -2.6 8.47919
      vertex 0.343597 -3 8.50412
      vertex 0.343597 -2.6 8.50412
    endloop
  endfacet
  facet normal -0.245156 0 0.969484
    outer loop
      vertex 0.343597 -3 8.50412
      vertex 0.24501 -2.6 8.47919
      vertex 0.24501 -3 8.47919
    endloop
  endfacet
  facet normal -0.352638 0 0.93576
    outer loop
      vertex 0.343597 -2.6 8.50412
      vertex 0.436234 -3 8.53903
      vertex 0.436234 -2.6 8.53903
    endloop
  endfacet
  facet normal -0.352638 0 0.93576
    outer loop
      vertex 0.436234 -3 8.53903
      vertex 0.343597 -2.6 8.50412
      vertex 0.343597 -3 8.50412
    endloop
  endfacet
  facet normal -0.459851 0 0.887996
    outer loop
      vertex 0.436234 -2.6 8.53903
      vertex 0.522919 -3 8.58392
      vertex 0.522919 -2.6 8.58392
    endloop
  endfacet
  facet normal -0.459851 0 0.887996
    outer loop
      vertex 0.522919 -3 8.58392
      vertex 0.436234 -2.6 8.53903
      vertex 0.436234 -3 8.53903
    endloop
  endfacet
  facet normal -0.562036 0 0.827113
    outer loop
      vertex 0.522919 -2.6 8.58392
      vertex 0.603653 -3 8.63878
      vertex 0.603653 -2.6 8.63878
    endloop
  endfacet
  facet normal -0.562036 0 0.827113
    outer loop
      vertex 0.603653 -3 8.63878
      vertex 0.522919 -2.6 8.58392
      vertex 0.522919 -3 8.58392
    endloop
  endfacet
  facet normal -0.655035 0 0.755599
    outer loop
      vertex 0.603653 -2.6 8.63878
      vertex 0.678436 -3 8.70361
      vertex 0.678436 -2.6 8.70361
    endloop
  endfacet
  facet normal -0.655035 0 0.755599
    outer loop
      vertex 0.678436 -3 8.70361
      vertex 0.603653 -2.6 8.63878
      vertex 0.603653 -3 8.63878
    endloop
  endfacet
  facet normal -0.735938 0 0.677049
    outer loop
      vertex 0.678436 -3 8.70361
      vertex 0.747269 -2.6 8.77843
      vertex 0.678436 -2.6 8.70361
    endloop
  endfacet
  facet normal -0.735938 0 0.677049
    outer loop
      vertex 0.747269 -2.6 8.77843
      vertex 0.678436 -3 8.70361
      vertex 0.747269 -3 8.77843
    endloop
  endfacet
  facet normal -0.803224 0 0.595678
    outer loop
      vertex 0.747269 -3 8.77843
      vertex 0.81015 -2.6 8.86322
      vertex 0.747269 -2.6 8.77843
    endloop
  endfacet
  facet normal -0.803224 0 0.595678
    outer loop
      vertex 0.81015 -2.6 8.86322
      vertex 0.747269 -3 8.77843
      vertex 0.81015 -3 8.86322
    endloop
  endfacet
  facet normal -0.857485 0 0.514509
    outer loop
      vertex 0.81015 -3 8.86322
      vertex 0.866714 -2.6 8.95749
      vertex 0.81015 -2.6 8.86322
    endloop
  endfacet
  facet normal -0.857485 0 0.514509
    outer loop
      vertex 0.866714 -2.6 8.95749
      vertex 0.81015 -3 8.86322
      vertex 0.866714 -3 8.95749
    endloop
  endfacet
  facet normal -0.900273 0 0.435327
    outer loop
      vertex 0.866714 -3 8.95749
      vertex 0.916626 -2.6 9.06071
      vertex 0.866714 -2.6 8.95749
    endloop
  endfacet
  facet normal -0.900273 0 0.435327
    outer loop
      vertex 0.916626 -2.6 9.06071
      vertex 0.866714 -3 8.95749
      vertex 0.916626 -3 9.06071
    endloop
  endfacet
  facet normal -0.933032 0 0.359793
    outer loop
      vertex 0.916626 -3 9.06071
      vertex 0.9599 -2.6 9.17293
      vertex 0.916626 -2.6 9.06071
    endloop
  endfacet
  facet normal -0.933032 0 0.359793
    outer loop
      vertex 0.9599 -2.6 9.17293
      vertex 0.916626 -3 9.06071
      vertex 0.9599 -3 9.17293
    endloop
  endfacet
  facet normal -0.95727 0 0.289196
    outer loop
      vertex 0.9599 -3 9.17293
      vertex 0.996506 -2.6 9.2941
      vertex 0.9599 -2.6 9.17293
    endloop
  endfacet
  facet normal -0.95727 0 0.289196
    outer loop
      vertex 0.996506 -2.6 9.2941
      vertex 0.9599 -3 9.17293
      vertex 0.996506 -3 9.2941
    endloop
  endfacet
  facet normal -0.974552 0 0.22416
    outer loop
      vertex 0.996506 -3 9.2941
      vertex 1.02644 -2.6 9.42424
      vertex 0.996506 -2.6 9.2941
    endloop
  endfacet
  facet normal -0.974552 0 0.22416
    outer loop
      vertex 1.02644 -2.6 9.42424
      vertex 0.996506 -3 9.2941
      vertex 1.02644 -3 9.42424
    endloop
  endfacet
  facet normal -0.986265 0 0.165169
    outer loop
      vertex 1.02644 -3 9.42424
      vertex 1.04974 -2.6 9.56337
      vertex 1.02644 -2.6 9.42424
    endloop
  endfacet
  facet normal -0.986265 0 0.165169
    outer loop
      vertex 1.04974 -2.6 9.56337
      vertex 1.02644 -3 9.42424
      vertex 1.04974 -3 9.56337
    endloop
  endfacet
  facet normal -0.993746 0 0.111661
    outer loop
      vertex 1.04974 -3 9.56337
      vertex 1.06638 -2.6 9.71146
      vertex 1.04974 -2.6 9.56337
    endloop
  endfacet
  facet normal -0.993746 0 0.111661
    outer loop
      vertex 1.06638 -2.6 9.71146
      vertex 1.04974 -3 9.56337
      vertex 1.06638 -3 9.71146
    endloop
  endfacet
  facet normal -0.997983 0 0.063478
    outer loop
      vertex 1.06638 -3 9.71146
      vertex 1.07637 -2.6 9.86852
      vertex 1.06638 -2.6 9.71146
    endloop
  endfacet
  facet normal -0.997983 0 0.063478
    outer loop
      vertex 1.07637 -2.6 9.86852
      vertex 1.06638 -3 9.71146
      vertex 1.07637 -3 9.86852
    endloop
  endfacet
  facet normal -0.999799 0 0.0200586
    outer loop
      vertex 1.07637 -3 9.86852
      vertex 1.0797 -2.6 10.0345
      vertex 1.07637 -2.6 9.86852
    endloop
  endfacet
  facet normal -0.999799 0 0.0200586
    outer loop
      vertex 1.0797 -2.6 10.0345
      vertex 1.07637 -3 9.86852
      vertex 1.0797 -3 10.0345
    endloop
  endfacet
  facet normal -0.9998 0 -0.019996
    outer loop
      vertex 1.0797 -3 10.0345
      vertex 1.07637 -2.6 10.201
      vertex 1.0797 -2.6 10.0345
    endloop
  endfacet
  facet normal -0.9998 -0 -0.019996
    outer loop
      vertex 1.07637 -2.6 10.201
      vertex 1.0797 -3 10.0345
      vertex 1.07637 -3 10.201
    endloop
  endfacet
  facet normal -0.997992 0 -0.0633414
    outer loop
      vertex 1.07637 -3 10.201
      vertex 1.06638 -2.6 10.3584
      vertex 1.07637 -2.6 10.201
    endloop
  endfacet
  facet normal -0.997992 -0 -0.0633414
    outer loop
      vertex 1.06638 -2.6 10.3584
      vertex 1.07637 -3 10.201
      vertex 1.06638 -3 10.3584
    endloop
  endfacet
  facet normal -0.993772 0 -0.111431
    outer loop
      vertex 1.06638 -3 10.3584
      vertex 1.04974 -2.6 10.5068
      vertex 1.06638 -2.6 10.3584
    endloop
  endfacet
  facet normal -0.993772 -0 -0.111431
    outer loop
      vertex 1.04974 -2.6 10.5068
      vertex 1.06638 -3 10.3584
      vertex 1.04974 -3 10.5068
    endloop
  endfacet
  facet normal -0.986317 0 -0.164858
    outer loop
      vertex 1.04974 -3 10.5068
      vertex 1.02644 -2.6 10.6462
      vertex 1.04974 -2.6 10.5068
    endloop
  endfacet
  facet normal -0.986317 -0 -0.164858
    outer loop
      vertex 1.02644 -2.6 10.6462
      vertex 1.04974 -3 10.5068
      vertex 1.02644 -3 10.6462
    endloop
  endfacet
  facet normal -0.97465 0 -0.223736
    outer loop
      vertex 1.02644 -3 10.6462
      vertex 0.996506 -2.6 10.7766
      vertex 1.02644 -2.6 10.6462
    endloop
  endfacet
  facet normal -0.97465 -0 -0.223736
    outer loop
      vertex 0.996506 -2.6 10.7766
      vertex 1.02644 -3 10.6462
      vertex 0.996506 -3 10.7766
    endloop
  endfacet
  facet normal -0.957356 0 -0.288912
    outer loop
      vertex 0.996506 -3 10.7766
      vertex 0.9599 -2.6 10.8979
      vertex 0.996506 -2.6 10.7766
    endloop
  endfacet
  facet normal -0.957356 -0 -0.288912
    outer loop
      vertex 0.9599 -2.6 10.8979
      vertex 0.996506 -3 10.7766
      vertex 0.9599 -3 10.8979
    endloop
  endfacet
  facet normal -0.933225 0 -0.359292
    outer loop
      vertex 0.9599 -3 10.8979
      vertex 0.916626 -2.6 11.0103
      vertex 0.9599 -2.6 10.8979
    endloop
  endfacet
  facet normal -0.933225 -0 -0.359292
    outer loop
      vertex 0.916626 -2.6 11.0103
      vertex 0.9599 -3 10.8979
      vertex 0.916626 -3 11.0103
    endloop
  endfacet
  facet normal -0.900405 0 -0.435053
    outer loop
      vertex 0.916626 -3 11.0103
      vertex 0.866714 -2.6 11.1136
      vertex 0.916626 -2.6 11.0103
    endloop
  endfacet
  facet normal -0.900405 -0 -0.435053
    outer loop
      vertex 0.866714 -2.6 11.1136
      vertex 0.916626 -3 11.0103
      vertex 0.866714 -3 11.1136
    endloop
  endfacet
  facet normal -0.857557 0 -0.514389
    outer loop
      vertex 0.866714 -3 11.1136
      vertex 0.81015 -2.6 11.2079
      vertex 0.866714 -2.6 11.1136
    endloop
  endfacet
  facet normal -0.857557 -0 -0.514389
    outer loop
      vertex 0.81015 -2.6 11.2079
      vertex 0.866714 -3 11.1136
      vertex 0.81015 -3 11.2079
    endloop
  endfacet
  facet normal -0.802921 0 -0.596086
    outer loop
      vertex 0.81015 -3 11.2079
      vertex 0.747269 -2.6 11.2926
      vertex 0.81015 -2.6 11.2079
    endloop
  endfacet
  facet normal -0.802921 -0 -0.596086
    outer loop
      vertex 0.747269 -2.6 11.2926
      vertex 0.81015 -3 11.2079
      vertex 0.747269 -3 11.2926
    endloop
  endfacet
  facet normal -0.736298 0 -0.676657
    outer loop
      vertex 0.747269 -3 11.2926
      vertex 0.678436 -2.6 11.3675
      vertex 0.747269 -2.6 11.2926
    endloop
  endfacet
  facet normal -0.736298 -0 -0.676657
    outer loop
      vertex 0.678436 -2.6 11.3675
      vertex 0.747269 -3 11.2926
      vertex 0.678436 -3 11.3675
    endloop
  endfacet
  facet normal -0.654862 0 -0.755749
    outer loop
      vertex 0.603653 -3 11.4323
      vertex 0.678436 -2.6 11.3675
      vertex 0.678436 -3 11.3675
    endloop
  endfacet
  facet normal -0.654862 0 -0.755749
    outer loop
      vertex 0.678436 -2.6 11.3675
      vertex 0.603653 -3 11.4323
      vertex 0.603653 -2.6 11.4323
    endloop
  endfacet
  facet normal -0.562316 0 -0.826922
    outer loop
      vertex 0.522919 -3 11.4872
      vertex 0.603653 -2.6 11.4323
      vertex 0.603653 -3 11.4323
    endloop
  endfacet
  facet normal -0.562316 0 -0.826922
    outer loop
      vertex 0.603653 -2.6 11.4323
      vertex 0.522919 -3 11.4872
      vertex 0.522919 -2.6 11.4872
    endloop
  endfacet
  facet normal -0.459931 0 -0.887954
    outer loop
      vertex 0.436234 -3 11.5321
      vertex 0.522919 -2.6 11.4872
      vertex 0.522919 -3 11.4872
    endloop
  endfacet
  facet normal -0.459931 0 -0.887954
    outer loop
      vertex 0.522919 -2.6 11.4872
      vertex 0.436234 -3 11.5321
      vertex 0.436234 -2.6 11.5321
    endloop
  endfacet
  facet normal -0.35255 0 -0.935793
    outer loop
      vertex 0.343597 -3 11.567
      vertex 0.436234 -2.6 11.5321
      vertex 0.436234 -3 11.5321
    endloop
  endfacet
  facet normal -0.35255 0 -0.935793
    outer loop
      vertex 0.436234 -2.6 11.5321
      vertex 0.343597 -3 11.567
      vertex 0.343597 -2.6 11.567
    endloop
  endfacet
  facet normal -0.244879 0 -0.969554
    outer loop
      vertex 0.24501 -3 11.5919
      vertex 0.343597 -2.6 11.567
      vertex 0.343597 -3 11.567
    endloop
  endfacet
  facet normal -0.244879 0 -0.969554
    outer loop
      vertex 0.343597 -2.6 11.567
      vertex 0.24501 -3 11.5919
      vertex 0.24501 -2.6 11.5919
    endloop
  endfacet
  facet normal -0.142014 0 -0.989865
    outer loop
      vertex 0.140457 -3 11.6069
      vertex 0.24501 -2.6 11.5919
      vertex 0.24501 -3 11.5919
    endloop
  endfacet
  facet normal -0.142014 0 -0.989865
    outer loop
      vertex 0.24501 -2.6 11.5919
      vertex 0.140457 -3 11.6069
      vertex 0.140457 -2.6 11.6069
    endloop
  endfacet
  facet normal -0.0452072 0 -0.998978
    outer loop
      vertex 0.0299683 -3 11.6119
      vertex 0.140457 -2.6 11.6069
      vertex 0.140457 -3 11.6069
    endloop
  endfacet
  facet normal -0.0452072 0 -0.998978
    outer loop
      vertex 0.140457 -2.6 11.6069
      vertex 0.0299683 -3 11.6119
      vertex 0.0299683 -2.6 11.6119
    endloop
  endfacet
  facet normal 0.0452071 0 -0.998978
    outer loop
      vertex -0.0805206 -3 11.6069
      vertex 0.0299683 -2.6 11.6119
      vertex 0.0299683 -3 11.6119
    endloop
  endfacet
  facet normal 0.0452071 0 -0.998978
    outer loop
      vertex 0.0299683 -2.6 11.6119
      vertex -0.0805206 -3 11.6069
      vertex -0.0805206 -2.6 11.6069
    endloop
  endfacet
  facet normal 0.142033 0 -0.989862
    outer loop
      vertex -0.185059 -3 11.5919
      vertex -0.0805206 -2.6 11.6069
      vertex -0.0805206 -3 11.6069
    endloop
  endfacet
  facet normal 0.142033 0 -0.989862
    outer loop
      vertex -0.0805206 -2.6 11.6069
      vertex -0.185059 -3 11.5919
      vertex -0.185059 -2.6 11.5919
    endloop
  endfacet
  facet normal 0.244844 0 -0.969562
    outer loop
      vertex -0.283661 -3 11.567
      vertex -0.185059 -2.6 11.5919
      vertex -0.185059 -3 11.5919
    endloop
  endfacet
  facet normal 0.244844 0 -0.969562
    outer loop
      vertex -0.185059 -2.6 11.5919
      vertex -0.283661 -3 11.567
      vertex -0.283661 -2.6 11.567
    endloop
  endfacet
  facet normal 0.352553 0 -0.935792
    outer loop
      vertex -0.376297 -3 11.5321
      vertex -0.283661 -2.6 11.567
      vertex -0.283661 -3 11.567
    endloop
  endfacet
  facet normal 0.352553 0 -0.935792
    outer loop
      vertex -0.283661 -2.6 11.567
      vertex -0.376297 -3 11.5321
      vertex -0.376297 -2.6 11.5321
    endloop
  endfacet
  facet normal 0.459931 0 -0.887954
    outer loop
      vertex -0.462982 -3 11.4872
      vertex -0.376297 -2.6 11.5321
      vertex -0.376297 -3 11.5321
    endloop
  endfacet
  facet normal 0.459931 0 -0.887954
    outer loop
      vertex -0.376297 -2.6 11.5321
      vertex -0.462982 -3 11.4872
      vertex -0.462982 -2.6 11.4872
    endloop
  endfacet
  facet normal 0.562316 0 -0.826922
    outer loop
      vertex -0.543716 -3 11.4323
      vertex -0.462982 -2.6 11.4872
      vertex -0.462982 -3 11.4872
    endloop
  endfacet
  facet normal 0.562316 0 -0.826922
    outer loop
      vertex -0.462982 -2.6 11.4872
      vertex -0.543716 -3 11.4323
      vertex -0.543716 -2.6 11.4323
    endloop
  endfacet
  facet normal 0.654857 0 -0.755753
    outer loop
      vertex -0.6185 -3 11.3675
      vertex -0.543716 -2.6 11.4323
      vertex -0.543716 -3 11.4323
    endloop
  endfacet
  facet normal 0.654857 0 -0.755753
    outer loop
      vertex -0.543716 -2.6 11.4323
      vertex -0.6185 -3 11.3675
      vertex -0.6185 -2.6 11.3675
    endloop
  endfacet
  facet normal 0.736303 0 -0.676652
    outer loop
      vertex -0.6185 -3 11.3675
      vertex -0.687332 -2.6 11.2926
      vertex -0.6185 -2.6 11.3675
    endloop
  endfacet
  facet normal 0.736303 0 -0.676652
    outer loop
      vertex -0.687332 -2.6 11.2926
      vertex -0.6185 -3 11.3675
      vertex -0.687332 -3 11.2926
    endloop
  endfacet
  facet normal 0.802989 0 -0.595994
    outer loop
      vertex -0.687332 -3 11.2926
      vertex -0.750198 -2.6 11.2079
      vertex -0.687332 -2.6 11.2926
    endloop
  endfacet
  facet normal 0.802989 0 -0.595994
    outer loop
      vertex -0.750198 -2.6 11.2079
      vertex -0.687332 -3 11.2926
      vertex -0.750198 -3 11.2079
    endloop
  endfacet
  facet normal 0.857493 0 -0.514496
    outer loop
      vertex -0.750198 -3 11.2079
      vertex -0.806778 -2.6 11.1136
      vertex -0.750198 -2.6 11.2079
    endloop
  endfacet
  facet normal 0.857493 0 -0.514496
    outer loop
      vertex -0.806778 -2.6 11.1136
      vertex -0.750198 -3 11.2079
      vertex -0.806778 -3 11.1136
    endloop
  endfacet
  facet normal 0.900408 0 -0.435046
    outer loop
      vertex -0.806778 -3 11.1136
      vertex -0.856689 -2.6 11.0103
      vertex -0.806778 -2.6 11.1136
    endloop
  endfacet
  facet normal 0.900408 0 -0.435046
    outer loop
      vertex -0.856689 -2.6 11.0103
      vertex -0.806778 -3 11.1136
      vertex -0.856689 -3 11.0103
    endloop
  endfacet
  facet normal 0.933267 0 -0.359183
    outer loop
      vertex -0.856689 -3 11.0103
      vertex -0.899948 -2.6 10.8979
      vertex -0.856689 -2.6 11.0103
    endloop
  endfacet
  facet normal 0.933267 0 -0.359183
    outer loop
      vertex -0.899948 -2.6 10.8979
      vertex -0.856689 -3 11.0103
      vertex -0.899948 -3 10.8979
    endloop
  endfacet
  facet normal 0.957356 0 -0.288912
    outer loop
      vertex -0.899948 -3 10.8979
      vertex -0.936554 -2.6 10.7766
      vertex -0.899948 -2.6 10.8979
    endloop
  endfacet
  facet normal 0.957356 0 -0.288912
    outer loop
      vertex -0.936554 -2.6 10.7766
      vertex -0.899948 -3 10.8979
      vertex -0.936554 -3 10.7766
    endloop
  endfacet
  facet normal 0.974619 0 -0.223871
    outer loop
      vertex -0.936554 -3 10.7766
      vertex -0.966507 -2.6 10.6462
      vertex -0.936554 -2.6 10.7766
    endloop
  endfacet
  facet normal 0.974619 0 -0.223871
    outer loop
      vertex -0.966507 -2.6 10.6462
      vertex -0.936554 -3 10.7766
      vertex -0.966507 -3 10.6462
    endloop
  endfacet
  facet normal 0.986317 0 -0.164858
    outer loop
      vertex -0.966507 -3 10.6462
      vertex -0.989807 -2.6 10.5068
      vertex -0.966507 -2.6 10.6462
    endloop
  endfacet
  facet normal 0.986317 0 -0.164858
    outer loop
      vertex -0.989807 -2.6 10.5068
      vertex -0.966507 -3 10.6462
      vertex -0.989807 -3 10.5068
    endloop
  endfacet
  facet normal 0.993777 0 -0.111385
    outer loop
      vertex -0.989807 -3 10.5068
      vertex -1.00644 -2.6 10.3584
      vertex -0.989807 -2.6 10.5068
    endloop
  endfacet
  facet normal 0.993777 0 -0.111385
    outer loop
      vertex -1.00644 -2.6 10.3584
      vertex -0.989807 -3 10.5068
      vertex -1.00644 -3 10.3584
    endloop
  endfacet
  facet normal 0.997996 0 -0.0632783
    outer loop
      vertex -1.00644 -3 10.3584
      vertex -1.01642 -2.6 10.201
      vertex -1.00644 -2.6 10.3584
    endloop
  endfacet
  facet normal 0.997996 0 -0.0632783
    outer loop
      vertex -1.01642 -2.6 10.201
      vertex -1.00644 -3 10.3584
      vertex -1.01642 -3 10.201
    endloop
  endfacet
  facet normal 0.999801 0 -0.019936
    outer loop
      vertex -1.01642 -3 10.201
      vertex -1.01974 -2.6 10.0345
      vertex -1.01642 -2.6 10.201
    endloop
  endfacet
  facet normal 0.999801 0 -0.019936
    outer loop
      vertex -1.01974 -2.6 10.0345
      vertex -1.01642 -3 10.201
      vertex -1.01974 -3 10.0345
    endloop
  endfacet
  facet normal 0.9998 -0 0.0199984
    outer loop
      vertex -1.01974 -3 10.0345
      vertex -1.01642 -2.6 9.86852
      vertex -1.01974 -2.6 10.0345
    endloop
  endfacet
  facet normal 0.9998 0 0.0199984
    outer loop
      vertex -1.01642 -2.6 9.86852
      vertex -1.01974 -3 10.0345
      vertex -1.01642 -3 9.86852
    endloop
  endfacet
  facet normal 0.997987 -0 0.0634147
    outer loop
      vertex -1.01642 -3 9.86852
      vertex -1.00644 -2.6 9.71146
      vertex -1.01642 -2.6 9.86852
    endloop
  endfacet
  facet normal 0.997987 0 0.0634147
    outer loop
      vertex -1.00644 -2.6 9.71146
      vertex -1.01642 -3 9.86852
      vertex -1.00644 -3 9.71146
    endloop
  endfacet
  facet normal 0.993752 -0 0.111615
    outer loop
      vertex -1.00644 -3 9.71146
      vertex -0.989807 -2.6 9.56337
      vertex -1.00644 -2.6 9.71146
    endloop
  endfacet
  facet normal 0.993752 0 0.111615
    outer loop
      vertex -0.989807 -2.6 9.56337
      vertex -1.00644 -3 9.71146
      vertex -0.989807 -3 9.56337
    endloop
  endfacet
  facet normal 0.986265 -0 0.165169
    outer loop
      vertex -0.989807 -3 9.56337
      vertex -0.966507 -2.6 9.42424
      vertex -0.989807 -2.6 9.56337
    endloop
  endfacet
  facet normal 0.986265 0 0.165169
    outer loop
      vertex -0.966507 -2.6 9.42424
      vertex -0.989807 -3 9.56337
      vertex -0.966507 -3 9.42424
    endloop
  endfacet
  facet normal 0.974521 -0 0.224296
    outer loop
      vertex -0.966507 -3 9.42424
      vertex -0.936554 -2.6 9.2941
      vertex -0.966507 -2.6 9.42424
    endloop
  endfacet
  facet normal 0.974521 0 0.224296
    outer loop
      vertex -0.936554 -2.6 9.2941
      vertex -0.966507 -3 9.42424
      vertex -0.936554 -3 9.2941
    endloop
  endfacet
  facet normal 0.95727 -0 0.289196
    outer loop
      vertex -0.936554 -3 9.2941
      vertex -0.899948 -2.6 9.17293
      vertex -0.936554 -2.6 9.2941
    endloop
  endfacet
  facet normal 0.95727 0 0.289196
    outer loop
      vertex -0.899948 -2.6 9.17293
      vertex -0.936554 -3 9.2941
      vertex -0.899948 -3 9.17293
    endloop
  endfacet
  facet normal 0.933074 -0 0.359685
    outer loop
      vertex -0.899948 -3 9.17293
      vertex -0.856689 -2.6 9.06071
      vertex -0.899948 -2.6 9.17293
    endloop
  endfacet
  facet normal 0.933074 0 0.359685
    outer loop
      vertex -0.856689 -2.6 9.06071
      vertex -0.899948 -3 9.17293
      vertex -0.856689 -3 9.06071
    endloop
  endfacet
  facet normal 0.900276 -0 0.435319
    outer loop
      vertex -0.856689 -3 9.06071
      vertex -0.806778 -2.6 8.95749
      vertex -0.856689 -2.6 9.06071
    endloop
  endfacet
  facet normal 0.900276 0 0.435319
    outer loop
      vertex -0.806778 -2.6 8.95749
      vertex -0.856689 -3 9.06071
      vertex -0.806778 -3 8.95749
    endloop
  endfacet
  facet normal 0.857421 -0 0.514616
    outer loop
      vertex -0.806778 -3 8.95749
      vertex -0.750198 -2.6 8.86322
      vertex -0.806778 -2.6 8.95749
    endloop
  endfacet
  facet normal 0.857421 0 0.514616
    outer loop
      vertex -0.750198 -2.6 8.86322
      vertex -0.806778 -3 8.95749
      vertex -0.750198 -3 8.86322
    endloop
  endfacet
  facet normal 0.803292 -0 0.595586
    outer loop
      vertex -0.750198 -3 8.86322
      vertex -0.687332 -2.6 8.77843
      vertex -0.750198 -2.6 8.86322
    endloop
  endfacet
  facet normal 0.803292 0 0.595586
    outer loop
      vertex -0.687332 -2.6 8.77843
      vertex -0.750198 -3 8.86322
      vertex -0.687332 -3 8.77843
    endloop
  endfacet
  facet normal 0.735943 -0 0.677044
    outer loop
      vertex -0.687332 -3 8.77843
      vertex -0.6185 -2.6 8.70361
      vertex -0.687332 -2.6 8.77843
    endloop
  endfacet
  facet normal 0.735943 0 0.677044
    outer loop
      vertex -0.6185 -2.6 8.70361
      vertex -0.687332 -3 8.77843
      vertex -0.6185 -3 8.70361
    endloop
  endfacet
  facet normal 0.65503 0 0.755603
    outer loop
      vertex -0.6185 -2.6 8.70361
      vertex -0.543716 -3 8.63878
      vertex -0.543716 -2.6 8.63878
    endloop
  endfacet
  facet normal 0.65503 0 0.755603
    outer loop
      vertex -0.543716 -3 8.63878
      vertex -0.6185 -2.6 8.70361
      vertex -0.6185 -3 8.70361
    endloop
  endfacet
  facet normal 0.562036 0 0.827113
    outer loop
      vertex -0.543716 -2.6 8.63878
      vertex -0.462982 -3 8.58392
      vertex -0.462982 -2.6 8.58392
    endloop
  endfacet
  facet normal 0.562036 0 0.827113
    outer loop
      vertex -0.462982 -3 8.58392
      vertex -0.543716 -2.6 8.63878
      vertex -0.543716 -3 8.63878
    endloop
  endfacet
  facet normal 0.459851 0 0.887996
    outer loop
      vertex -0.462982 -2.6 8.58392
      vertex -0.376297 -3 8.53903
      vertex -0.376297 -2.6 8.53903
    endloop
  endfacet
  facet normal 0.459851 0 0.887996
    outer loop
      vertex -0.376297 -3 8.53903
      vertex -0.462982 -2.6 8.58392
      vertex -0.462982 -3 8.58392
    endloop
  endfacet
  facet normal 0.352642 0 0.935758
    outer loop
      vertex -0.376297 -2.6 8.53903
      vertex -0.283661 -3 8.50412
      vertex -0.283661 -2.6 8.50412
    endloop
  endfacet
  facet normal 0.352642 0 0.935758
    outer loop
      vertex -0.283661 -3 8.50412
      vertex -0.376297 -2.6 8.53903
      vertex -0.376297 -3 8.53903
    endloop
  endfacet
  facet normal 0.245121 0 0.969492
    outer loop
      vertex -0.283661 -2.6 8.50412
      vertex -0.185059 -3 8.47919
      vertex -0.185059 -2.6 8.47919
    endloop
  endfacet
  facet normal 0.245121 0 0.969492
    outer loop
      vertex -0.185059 -3 8.47919
      vertex -0.283661 -2.6 8.50412
      vertex -0.283661 -3 8.50412
    endloop
  endfacet
  facet normal 0.141755 0 0.989902
    outer loop
      vertex -0.185059 -2.6 8.47919
      vertex -0.0805206 -3 8.46422
      vertex -0.0805206 -2.6 8.46422
    endloop
  endfacet
  facet normal 0.141755 0 0.989902
    outer loop
      vertex -0.0805206 -3 8.46422
      vertex -0.185059 -2.6 8.47919
      vertex -0.185059 -3 8.47919
    endloop
  endfacet
  facet normal 0.0450267 0 0.998986
    outer loop
      vertex -0.0805206 -2.6 8.46422
      vertex 0.0299683 -3 8.45924
      vertex 0.0299683 -2.6 8.45924
    endloop
  endfacet
  facet normal 0.0450267 0 0.998986
    outer loop
      vertex 0.0299683 -3 8.45924
      vertex -0.0805206 -2.6 8.46422
      vertex -0.0805206 -3 8.46422
    endloop
  endfacet
  facet normal -0.0450268 0 0.998986
    outer loop
      vertex 0.0299683 -2.6 8.45924
      vertex 0.140457 -3 8.46422
      vertex 0.140457 -2.6 8.46422
    endloop
  endfacet
  facet normal -0.0450268 0 0.998986
    outer loop
      vertex 0.140457 -3 8.46422
      vertex 0.0299683 -2.6 8.45924
      vertex 0.0299683 -3 8.45924
    endloop
  endfacet
  facet normal -0.17608 0 -0.984376
    outer loop
      vertex -0.103287 -3 8.80106
      vertex -0.0386047 -2.6 8.78949
      vertex -0.0386047 -3 8.78949
    endloop
  endfacet
  facet normal -0.17608 0 -0.984376
    outer loop
      vertex -0.0386047 -2.6 8.78949
      vertex -0.103287 -3 8.80106
      vertex -0.103287 -2.6 8.80106
    endloop
  endfacet
  facet normal -0.30217 0 -0.953254
    outer loop
      vertex -0.164078 -3 8.82033
      vertex -0.103287 -2.6 8.80106
      vertex -0.103287 -3 8.80106
    endloop
  endfacet
  facet normal -0.30217 0 -0.953254
    outer loop
      vertex -0.103287 -2.6 8.80106
      vertex -0.164078 -3 8.82033
      vertex -0.164078 -2.6 8.82033
    endloop
  endfacet
  facet normal -0.428441 0 -0.90357
    outer loop
      vertex -0.220978 -3 8.84731
      vertex -0.164078 -2.6 8.82033
      vertex -0.164078 -3 8.82033
    endloop
  endfacet
  facet normal -0.428441 0 -0.90357
    outer loop
      vertex -0.164078 -2.6 8.82033
      vertex -0.220978 -3 8.84731
      vertex -0.220978 -2.6 8.84731
    endloop
  endfacet
  facet normal -0.547584 0 -0.836751
    outer loop
      vertex -0.273987 -3 8.882
      vertex -0.220978 -2.6 8.84731
      vertex -0.220978 -3 8.84731
    endloop
  endfacet
  facet normal -0.547584 0 -0.836751
    outer loop
      vertex -0.220978 -2.6 8.84731
      vertex -0.273987 -3 8.882
      vertex -0.273987 -2.6 8.882
    endloop
  endfacet
  facet normal -0.653354 0 -0.757052
    outer loop
      vertex -0.323105 -3 8.92439
      vertex -0.273987 -2.6 8.882
      vertex -0.273987 -3 8.882
    endloop
  endfacet
  facet normal -0.653354 0 -0.757052
    outer loop
      vertex -0.273987 -2.6 8.882
      vertex -0.323105 -3 8.92439
      vertex -0.323105 -2.6 8.92439
    endloop
  endfacet
  facet normal -0.742461 0 -0.669889
    outer loop
      vertex -0.323105 -3 8.92439
      vertex -0.368317 -2.6 8.9745
      vertex -0.323105 -2.6 8.92439
    endloop
  endfacet
  facet normal -0.742461 -0 -0.669889
    outer loop
      vertex -0.368317 -2.6 8.9745
      vertex -0.323105 -3 8.92439
      vertex -0.368317 -3 8.9745
    endloop
  endfacet
  facet normal -0.813494 0 -0.581574
    outer loop
      vertex -0.368317 -3 8.9745
      vertex -0.409653 -2.6 9.03232
      vertex -0.368317 -2.6 8.9745
    endloop
  endfacet
  facet normal -0.813494 -0 -0.581574
    outer loop
      vertex -0.409653 -2.6 9.03232
      vertex -0.368317 -3 8.9745
      vertex -0.409653 -3 9.03232
    endloop
  endfacet
  facet normal -0.868333 0 -0.495982
    outer loop
      vertex -0.409653 -3 9.03232
      vertex -0.447083 -2.6 9.09785
      vertex -0.409653 -2.6 9.03232
    endloop
  endfacet
  facet normal -0.868333 -0 -0.495982
    outer loop
      vertex -0.447083 -2.6 9.09785
      vertex -0.409653 -3 9.03232
      vertex -0.447083 -3 9.09785
    endloop
  endfacet
  facet normal -0.909327 0 -0.416083
    outer loop
      vertex -0.447083 -3 9.09785
      vertex -0.480591 -2.6 9.17108
      vertex -0.447083 -2.6 9.09785
    endloop
  endfacet
  facet normal -0.909327 -0 -0.416083
    outer loop
      vertex -0.480591 -2.6 9.17108
      vertex -0.447083 -3 9.09785
      vertex -0.480591 -3 9.17108
    endloop
  endfacet
  facet normal -0.939304 0 -0.343085
    outer loop
      vertex -0.480591 -3 9.17108
      vertex -0.510162 -2.6 9.25204
      vertex -0.480591 -2.6 9.17108
    endloop
  endfacet
  facet normal -0.939304 -0 -0.343085
    outer loop
      vertex -0.510162 -2.6 9.25204
      vertex -0.480591 -3 9.17108
      vertex -0.510162 -3 9.25204
    endloop
  endfacet
  facet normal -0.96065 0 -0.277761
    outer loop
      vertex -0.510162 -3 9.25204
      vertex -0.535797 -2.6 9.3407
      vertex -0.510162 -2.6 9.25204
    endloop
  endfacet
  facet normal -0.96065 -0 -0.277761
    outer loop
      vertex -0.535797 -2.6 9.3407
      vertex -0.510162 -3 9.25204
      vertex -0.535797 -3 9.3407
    endloop
  endfacet
  facet normal -0.97561 0 -0.21951
    outer loop
      vertex -0.535797 -3 9.3407
      vertex -0.55748 -2.6 9.43707
      vertex -0.535797 -2.6 9.3407
    endloop
  endfacet
  facet normal -0.97561 -0 -0.21951
    outer loop
      vertex -0.55748 -2.6 9.43707
      vertex -0.535797 -3 9.3407
      vertex -0.55748 -3 9.43707
    endloop
  endfacet
  facet normal -0.985771 0 -0.168094
    outer loop
      vertex -0.55748 -3 9.43707
      vertex -0.575226 -2.6 9.54114
      vertex -0.55748 -2.6 9.43707
    endloop
  endfacet
  facet normal -0.985771 -0 -0.168094
    outer loop
      vertex -0.575226 -2.6 9.54114
      vertex -0.55748 -3 9.43707
      vertex -0.575226 -3 9.54114
    endloop
  endfacet
  facet normal -0.992456 0 -0.122605
    outer loop
      vertex -0.575226 -3 9.54114
      vertex -0.589035 -2.6 9.65292
      vertex -0.575226 -2.6 9.54114
    endloop
  endfacet
  facet normal -0.992456 -0 -0.122605
    outer loop
      vertex -0.589035 -2.6 9.65292
      vertex -0.575226 -3 9.54114
      vertex -0.589035 -3 9.65292
    endloop
  endfacet
  facet normal -0.996615 0 -0.0822062
    outer loop
      vertex -0.589035 -3 9.65292
      vertex -0.598892 -2.6 9.77242
      vertex -0.589035 -2.6 9.65292
    endloop
  endfacet
  facet normal -0.996615 -0 -0.0822062
    outer loop
      vertex -0.598892 -2.6 9.77242
      vertex -0.589035 -3 9.65292
      vertex -0.598892 -3 9.77242
    endloop
  endfacet
  facet normal -0.998924 0 -0.0463694
    outer loop
      vertex -0.598892 -3 9.77242
      vertex -0.604797 -2.6 9.89963
      vertex -0.598892 -2.6 9.77242
    endloop
  endfacet
  facet normal -0.998924 -0 -0.0463694
    outer loop
      vertex -0.604797 -2.6 9.89963
      vertex -0.598892 -3 9.77242
      vertex -0.604797 -3 9.89963
    endloop
  endfacet
  facet normal -0.999893 0 -0.0145977
    outer loop
      vertex -0.604797 -3 9.89963
      vertex -0.606766 -2.6 10.0345
      vertex -0.604797 -2.6 9.89963
    endloop
  endfacet
  facet normal -0.999893 -0 -0.0145977
    outer loop
      vertex -0.606766 -2.6 10.0345
      vertex -0.604797 -3 9.89963
      vertex -0.606766 -3 10.0345
    endloop
  endfacet
  facet normal -0.999894 0 0.0145406
    outer loop
      vertex -0.606766 -3 10.0345
      vertex -0.604797 -2.6 10.1699
      vertex -0.606766 -2.6 10.0345
    endloop
  endfacet
  facet normal -0.999894 0 0.0145406
    outer loop
      vertex -0.604797 -2.6 10.1699
      vertex -0.606766 -3 10.0345
      vertex -0.604797 -3 10.1699
    endloop
  endfacet
  facet normal -0.998929 0 0.0462641
    outer loop
      vertex -0.604797 -3 10.1699
      vertex -0.598892 -2.6 10.2974
      vertex -0.604797 -2.6 10.1699
    endloop
  endfacet
  facet normal -0.998929 0 0.0462641
    outer loop
      vertex -0.598892 -2.6 10.2974
      vertex -0.604797 -3 10.1699
      vertex -0.598892 -3 10.2974
    endloop
  endfacet
  facet normal -0.996638 0 0.0819338
    outer loop
      vertex -0.598892 -3 10.2974
      vertex -0.589035 -2.6 10.4173
      vertex -0.598892 -2.6 10.2974
    endloop
  endfacet
  facet normal -0.996638 0 0.0819338
    outer loop
      vertex -0.589035 -2.6 10.4173
      vertex -0.598892 -3 10.2974
      vertex -0.589035 -3 10.4173
    endloop
  endfacet
  facet normal -0.992485 0 0.122368
    outer loop
      vertex -0.589035 -3 10.4173
      vertex -0.575226 -2.6 10.5293
      vertex -0.589035 -2.6 10.4173
    endloop
  endfacet
  facet normal -0.992485 0 0.122368
    outer loop
      vertex -0.575226 -2.6 10.5293
      vertex -0.589035 -3 10.4173
      vertex -0.575226 -3 10.5293
    endloop
  endfacet
  facet normal -0.985832 0 0.167733
    outer loop
      vertex -0.575226 -3 10.5293
      vertex -0.55748 -2.6 10.6336
      vertex -0.575226 -2.6 10.5293
    endloop
  endfacet
  facet normal -0.985832 0 0.167733
    outer loop
      vertex -0.55748 -2.6 10.6336
      vertex -0.575226 -3 10.5293
      vertex -0.55748 -3 10.6336
    endloop
  endfacet
  facet normal -0.975722 0 0.219012
    outer loop
      vertex -0.55748 -3 10.6336
      vertex -0.535797 -2.6 10.7302
      vertex -0.55748 -2.6 10.6336
    endloop
  endfacet
  facet normal -0.975722 0 0.219012
    outer loop
      vertex -0.535797 -2.6 10.7302
      vertex -0.55748 -3 10.6336
      vertex -0.535797 -3 10.7302
    endloop
  endfacet
  facet normal -0.960684 0 0.277645
    outer loop
      vertex -0.535797 -3 10.7302
      vertex -0.510162 -2.6 10.8189
      vertex -0.535797 -2.6 10.7302
    endloop
  endfacet
  facet normal -0.960684 0 0.277645
    outer loop
      vertex -0.510162 -2.6 10.8189
      vertex -0.535797 -3 10.7302
      vertex -0.510162 -3 10.8189
    endloop
  endfacet
  facet normal -0.939495 0 0.342562
    outer loop
      vertex -0.510162 -3 10.8189
      vertex -0.480591 -2.6 10.9
      vertex -0.510162 -2.6 10.8189
    endloop
  endfacet
  facet normal -0.939495 0 0.342562
    outer loop
      vertex -0.480591 -2.6 10.9
      vertex -0.510162 -3 10.8189
      vertex -0.480591 -3 10.9
    endloop
  endfacet
  facet normal -0.909262 0 0.416224
    outer loop
      vertex -0.480591 -3 10.9
      vertex -0.447083 -2.6 10.9732
      vertex -0.480591 -2.6 10.9
    endloop
  endfacet
  facet normal -0.909262 0 0.416224
    outer loop
      vertex -0.447083 -2.6 10.9732
      vertex -0.480591 -3 10.9
      vertex -0.447083 -3 10.9732
    endloop
  endfacet
  facet normal -0.868561 0 0.495583
    outer loop
      vertex -0.447083 -3 10.9732
      vertex -0.409653 -2.6 11.0388
      vertex -0.447083 -2.6 10.9732
    endloop
  endfacet
  facet normal -0.868561 0 0.495583
    outer loop
      vertex -0.409653 -2.6 11.0388
      vertex -0.447083 -3 10.9732
      vertex -0.409653 -3 11.0388
    endloop
  endfacet
  facet normal -0.813399 0 0.581707
    outer loop
      vertex -0.409653 -3 11.0388
      vertex -0.368317 -2.6 11.0966
      vertex -0.409653 -2.6 11.0388
    endloop
  endfacet
  facet normal -0.813399 0 0.581707
    outer loop
      vertex -0.368317 -2.6 11.0966
      vertex -0.409653 -3 11.0388
      vertex -0.368317 -3 11.0966
    endloop
  endfacet
  facet normal -0.742395 0 0.669963
    outer loop
      vertex -0.368317 -3 11.0966
      vertex -0.323105 -2.6 11.1467
      vertex -0.368317 -2.6 11.0966
    endloop
  endfacet
  facet normal -0.742395 0 0.669963
    outer loop
      vertex -0.323105 -2.6 11.1467
      vertex -0.368317 -3 11.0966
      vertex -0.323105 -3 11.1467
    endloop
  endfacet
  facet normal -0.653443 0 0.756976
    outer loop
      vertex -0.323105 -2.6 11.1467
      vertex -0.273987 -3 11.1891
      vertex -0.273987 -2.6 11.1891
    endloop
  endfacet
  facet normal -0.653443 0 0.756976
    outer loop
      vertex -0.273987 -3 11.1891
      vertex -0.323105 -2.6 11.1467
      vertex -0.323105 -3 11.1467
    endloop
  endfacet
  facet normal -0.547695 0 0.836678
    outer loop
      vertex -0.273987 -2.6 11.1891
      vertex -0.220978 -3 11.2238
      vertex -0.220978 -2.6 11.2238
    endloop
  endfacet
  facet normal -0.547695 0 0.836678
    outer loop
      vertex -0.220978 -3 11.2238
      vertex -0.273987 -2.6 11.1891
      vertex -0.273987 -3 11.1891
    endloop
  endfacet
  facet normal -0.428701 0 0.903447
    outer loop
      vertex -0.220978 -2.6 11.2238
      vertex -0.164078 -3 11.2508
      vertex -0.164078 -2.6 11.2508
    endloop
  endfacet
  facet normal -0.428701 0 0.903447
    outer loop
      vertex -0.164078 -3 11.2508
      vertex -0.220978 -2.6 11.2238
      vertex -0.220978 -3 11.2238
    endloop
  endfacet
  facet normal -0.302597 0 0.953119
    outer loop
      vertex -0.164078 -2.6 11.2508
      vertex -0.103287 -3 11.2701
      vertex -0.103287 -2.6 11.2701
    endloop
  endfacet
  facet normal -0.302597 0 0.953119
    outer loop
      vertex -0.103287 -3 11.2701
      vertex -0.164078 -2.6 11.2508
      vertex -0.164078 -3 11.2508
    endloop
  endfacet
  facet normal -0.175047 0 0.98456
    outer loop
      vertex -0.103287 -2.6 11.2701
      vertex -0.0386047 -3 11.2816
      vertex -0.0386047 -2.6 11.2816
    endloop
  endfacet
  facet normal -0.175047 0 0.98456
    outer loop
      vertex -0.0386047 -3 11.2816
      vertex -0.103287 -2.6 11.2701
      vertex -0.103287 -3 11.2701
    endloop
  endfacet
  facet normal -0.0567819 0 0.998387
    outer loop
      vertex -0.0386047 -2.6 11.2816
      vertex 0.0299683 -3 11.2855
      vertex 0.0299683 -2.6 11.2855
    endloop
  endfacet
  facet normal -0.0567819 0 0.998387
    outer loop
      vertex 0.0299683 -3 11.2855
      vertex -0.0386047 -2.6 11.2816
      vertex -0.0386047 -3 11.2816
    endloop
  endfacet
  facet normal 0.0564315 0 0.998406
    outer loop
      vertex 0.0299683 -2.6 11.2855
      vertex 0.0989685 -3 11.2816
      vertex 0.0989685 -2.6 11.2816
    endloop
  endfacet
  facet normal 0.0564315 0 0.998406
    outer loop
      vertex 0.0989685 -3 11.2816
      vertex 0.0299683 -2.6 11.2855
      vertex 0.0299683 -3 11.2855
    endloop
  endfacet
  facet normal 0.174053 0 0.984736
    outer loop
      vertex 0.0989685 -2.6 11.2816
      vertex 0.164032 -3 11.2701
      vertex 0.164032 -2.6 11.2701
    endloop
  endfacet
  facet normal 0.174053 0 0.984736
    outer loop
      vertex 0.164032 -3 11.2701
      vertex 0.0989685 -2.6 11.2816
      vertex 0.0989685 -3 11.2816
    endloop
  endfacet
  facet normal 0.301085 0 0.953597
    outer loop
      vertex 0.164032 -2.6 11.2701
      vertex 0.225159 -3 11.2508
      vertex 0.225159 -2.6 11.2508
    endloop
  endfacet
  facet normal 0.301085 0 0.953597
    outer loop
      vertex 0.225159 -3 11.2508
      vertex 0.164032 -2.6 11.2701
      vertex 0.164032 -3 11.2701
    endloop
  endfacet
  facet normal 0.427021 0 0.904242
    outer loop
      vertex 0.225159 -2.6 11.2508
      vertex 0.282333 -3 11.2238
      vertex 0.282333 -2.6 11.2238
    endloop
  endfacet
  facet normal 0.427021 0 0.904242
    outer loop
      vertex 0.282333 -3 11.2238
      vertex 0.225159 -2.6 11.2508
      vertex 0.225159 -3 11.2508
    endloop
  endfacet
  facet normal 0.546042 0 0.837758
    outer loop
      vertex 0.282333 -2.6 11.2238
      vertex 0.335571 -3 11.1891
      vertex 0.335571 -2.6 11.1891
    endloop
  endfacet
  facet normal 0.546042 0 0.837758
    outer loop
      vertex 0.335571 -3 11.1891
      vertex 0.282333 -2.6 11.2238
      vertex 0.282333 -3 11.2238
    endloop
  endfacet
  facet normal 0.652163 0 0.758078
    outer loop
      vertex 0.335571 -2.6 11.1891
      vertex 0.384857 -3 11.1467
      vertex 0.384857 -2.6 11.1467
    endloop
  endfacet
  facet normal 0.652163 0 0.758078
    outer loop
      vertex 0.384857 -3 11.1467
      vertex 0.335571 -2.6 11.1891
      vertex 0.335571 -3 11.1891
    endloop
  endfacet
  facet normal 0.741385 -0 0.67108
    outer loop
      vertex 0.384857 -3 11.1467
      vertex 0.430206 -2.6 11.0966
      vertex 0.384857 -2.6 11.1467
    endloop
  endfacet
  facet normal 0.741385 0 0.67108
    outer loop
      vertex 0.430206 -2.6 11.0966
      vertex 0.384857 -3 11.1467
      vertex 0.430206 -3 11.0966
    endloop
  endfacet
  facet normal 0.812992 -0 0.582274
    outer loop
      vertex 0.430206 -3 11.0966
      vertex 0.471603 -2.6 11.0388
      vertex 0.430206 -2.6 11.0966
    endloop
  endfacet
  facet normal 0.812992 0 0.582274
    outer loop
      vertex 0.471603 -2.6 11.0388
      vertex 0.430206 -3 11.0966
      vertex 0.471603 -3 11.0388
    endloop
  endfacet
  facet normal 0.868384 -0 0.495892
    outer loop
      vertex 0.471603 -3 11.0388
      vertex 0.509064 -2.6 10.9732
      vertex 0.471603 -2.6 11.0388
    endloop
  endfacet
  facet normal 0.868384 0 0.495892
    outer loop
      vertex 0.509064 -2.6 10.9732
      vertex 0.471603 -3 11.0388
      vertex 0.509064 -3 10.9732
    endloop
  endfacet
  facet normal 0.909262 -0 0.416224
    outer loop
      vertex 0.509064 -3 10.9732
      vertex 0.542572 -2.6 10.9
      vertex 0.509064 -2.6 10.9732
    endloop
  endfacet
  facet normal 0.909262 0 0.416224
    outer loop
      vertex 0.542572 -2.6 10.9
      vertex 0.509064 -3 10.9732
      vertex 0.542572 -3 10.9
    endloop
  endfacet
  facet normal 0.939491 -0 0.342573
    outer loop
      vertex 0.542572 -3 10.9
      vertex 0.572144 -2.6 10.8189
      vertex 0.542572 -2.6 10.9
    endloop
  endfacet
  facet normal 0.939491 0 0.342573
    outer loop
      vertex 0.572144 -2.6 10.8189
      vertex 0.542572 -3 10.9
      vertex 0.572144 -3 10.8189
    endloop
  endfacet
  facet normal 0.960687 -0 0.277635
    outer loop
      vertex 0.572144 -3 10.8189
      vertex 0.597778 -2.6 10.7302
      vertex 0.572144 -2.6 10.8189
    endloop
  endfacet
  facet normal 0.960687 0 0.277635
    outer loop
      vertex 0.597778 -2.6 10.7302
      vertex 0.572144 -3 10.8189
      vertex 0.597778 -3 10.7302
    endloop
  endfacet
  facet normal 0.975722 -0 0.219012
    outer loop
      vertex 0.597778 -3 10.7302
      vertex 0.619461 -2.6 10.6336
      vertex 0.597778 -2.6 10.7302
    endloop
  endfacet
  facet normal 0.975722 0 0.219012
    outer loop
      vertex 0.619461 -2.6 10.6336
      vertex 0.597778 -3 10.7302
      vertex 0.619461 -3 10.6336
    endloop
  endfacet
  facet normal 0.985832 -0 0.167733
    outer loop
      vertex 0.619461 -3 10.6336
      vertex 0.637207 -2.6 10.5293
      vertex 0.619461 -2.6 10.6336
    endloop
  endfacet
  facet normal 0.985832 0 0.167733
    outer loop
      vertex 0.637207 -2.6 10.5293
      vertex 0.619461 -3 10.6336
      vertex 0.637207 -3 10.5293
    endloop
  endfacet
  facet normal 0.992485 -0 0.122368
    outer loop
      vertex 0.637207 -3 10.5293
      vertex 0.651016 -2.6 10.4173
      vertex 0.637207 -2.6 10.5293
    endloop
  endfacet
  facet normal 0.992485 0 0.122368
    outer loop
      vertex 0.651016 -2.6 10.4173
      vertex 0.637207 -3 10.5293
      vertex 0.651016 -3 10.4173
    endloop
  endfacet
  facet normal 0.996638 -0 0.0819338
    outer loop
      vertex 0.651016 -3 10.4173
      vertex 0.660873 -2.6 10.2974
      vertex 0.651016 -2.6 10.4173
    endloop
  endfacet
  facet normal 0.996638 0 0.0819338
    outer loop
      vertex 0.660873 -2.6 10.2974
      vertex 0.651016 -3 10.4173
      vertex 0.660873 -3 10.2974
    endloop
  endfacet
  facet normal 0.998929 -0 0.046272
    outer loop
      vertex 0.660873 -3 10.2974
      vertex 0.666779 -2.6 10.1699
      vertex 0.660873 -2.6 10.2974
    endloop
  endfacet
  facet normal 0.998929 0 0.046272
    outer loop
      vertex 0.666779 -2.6 10.1699
      vertex 0.660873 -3 10.2974
      vertex 0.666779 -3 10.1699
    endloop
  endfacet
  facet normal 0.999894 -0 0.0145332
    outer loop
      vertex 0.666779 -3 10.1699
      vertex 0.668747 -2.6 10.0345
      vertex 0.666779 -2.6 10.1699
    endloop
  endfacet
  facet normal 0.999894 0 0.0145332
    outer loop
      vertex 0.668747 -2.6 10.0345
      vertex 0.666779 -3 10.1699
      vertex 0.668747 -3 10.0345
    endloop
  endfacet
  facet normal 0.999894 0 -0.0145903
    outer loop
      vertex 0.668747 -3 10.0345
      vertex 0.666779 -2.6 9.89963
      vertex 0.668747 -2.6 10.0345
    endloop
  endfacet
  facet normal 0.999894 0 -0.0145903
    outer loop
      vertex 0.666779 -2.6 9.89963
      vertex 0.668747 -3 10.0345
      vertex 0.666779 -3 9.89963
    endloop
  endfacet
  facet normal 0.998924 0 -0.0463772
    outer loop
      vertex 0.666779 -3 9.89963
      vertex 0.660873 -2.6 9.77242
      vertex 0.666779 -2.6 9.89963
    endloop
  endfacet
  facet normal 0.998924 0 -0.0463772
    outer loop
      vertex 0.660873 -2.6 9.77242
      vertex 0.666779 -3 9.89963
      vertex 0.660873 -3 9.77242
    endloop
  endfacet
  facet normal 0.996615 0 -0.0822062
    outer loop
      vertex 0.660873 -3 9.77242
      vertex 0.651016 -2.6 9.65292
      vertex 0.660873 -2.6 9.77242
    endloop
  endfacet
  facet normal 0.996615 0 -0.0822062
    outer loop
      vertex 0.651016 -2.6 9.65292
      vertex 0.660873 -3 9.77242
      vertex 0.651016 -3 9.65292
    endloop
  endfacet
  facet normal 0.992456 0 -0.122605
    outer loop
      vertex 0.651016 -3 9.65292
      vertex 0.637207 -2.6 9.54114
      vertex 0.651016 -2.6 9.65292
    endloop
  endfacet
  facet normal 0.992456 0 -0.122605
    outer loop
      vertex 0.637207 -2.6 9.54114
      vertex 0.651016 -3 9.65292
      vertex 0.637207 -3 9.54114
    endloop
  endfacet
  facet normal 0.985771 0 -0.168094
    outer loop
      vertex 0.637207 -3 9.54114
      vertex 0.619461 -2.6 9.43707
      vertex 0.637207 -2.6 9.54114
    endloop
  endfacet
  facet normal 0.985771 0 -0.168094
    outer loop
      vertex 0.619461 -2.6 9.43707
      vertex 0.637207 -3 9.54114
      vertex 0.619461 -3 9.43707
    endloop
  endfacet
  facet normal 0.97561 0 -0.21951
    outer loop
      vertex 0.619461 -3 9.43707
      vertex 0.597778 -2.6 9.3407
      vertex 0.619461 -2.6 9.43707
    endloop
  endfacet
  facet normal 0.97561 0 -0.21951
    outer loop
      vertex 0.597778 -2.6 9.3407
      vertex 0.619461 -3 9.43707
      vertex 0.597778 -3 9.3407
    endloop
  endfacet
  facet normal 0.960653 0 -0.277751
    outer loop
      vertex 0.597778 -3 9.3407
      vertex 0.572144 -2.6 9.25204
      vertex 0.597778 -2.6 9.3407
    endloop
  endfacet
  facet normal 0.960653 0 -0.277751
    outer loop
      vertex 0.572144 -2.6 9.25204
      vertex 0.597778 -3 9.3407
      vertex 0.572144 -3 9.25204
    endloop
  endfacet
  facet normal 0.939301 0 -0.343095
    outer loop
      vertex 0.572144 -3 9.25204
      vertex 0.542572 -2.6 9.17108
      vertex 0.572144 -2.6 9.25204
    endloop
  endfacet
  facet normal 0.939301 0 -0.343095
    outer loop
      vertex 0.542572 -2.6 9.17108
      vertex 0.572144 -3 9.25204
      vertex 0.542572 -3 9.17108
    endloop
  endfacet
  facet normal 0.909327 0 -0.416083
    outer loop
      vertex 0.542572 -3 9.17108
      vertex 0.509064 -2.6 9.09785
      vertex 0.542572 -2.6 9.17108
    endloop
  endfacet
  facet normal 0.909327 0 -0.416083
    outer loop
      vertex 0.509064 -2.6 9.09785
      vertex 0.542572 -3 9.17108
      vertex 0.509064 -3 9.09785
    endloop
  endfacet
  facet normal 0.868156 0 -0.496292
    outer loop
      vertex 0.509064 -3 9.09785
      vertex 0.471603 -2.6 9.03232
      vertex 0.509064 -2.6 9.09785
    endloop
  endfacet
  facet normal 0.868156 0 -0.496292
    outer loop
      vertex 0.471603 -2.6 9.03232
      vertex 0.509064 -3 9.09785
      vertex 0.471603 -3 9.03232
    endloop
  endfacet
  facet normal 0.813088 0 -0.582141
    outer loop
      vertex 0.471603 -3 9.03232
      vertex 0.430206 -2.6 8.9745
      vertex 0.471603 -2.6 9.03232
    endloop
  endfacet
  facet normal 0.813088 0 -0.582141
    outer loop
      vertex 0.430206 -2.6 8.9745
      vertex 0.471603 -3 9.03232
      vertex 0.430206 -3 8.9745
    endloop
  endfacet
  facet normal 0.741452 0 -0.671006
    outer loop
      vertex 0.430206 -3 8.9745
      vertex 0.384857 -2.6 8.92439
      vertex 0.430206 -2.6 8.9745
    endloop
  endfacet
  facet normal 0.741452 0 -0.671006
    outer loop
      vertex 0.384857 -2.6 8.92439
      vertex 0.430206 -3 8.9745
      vertex 0.384857 -3 8.92439
    endloop
  endfacet
  facet normal 0.652075 0 -0.758154
    outer loop
      vertex 0.335571 -3 8.882
      vertex 0.384857 -2.6 8.92439
      vertex 0.384857 -3 8.92439
    endloop
  endfacet
  facet normal 0.652075 0 -0.758154
    outer loop
      vertex 0.384857 -2.6 8.92439
      vertex 0.335571 -3 8.882
      vertex 0.335571 -2.6 8.882
    endloop
  endfacet
  facet normal 0.545932 0 -0.83783
    outer loop
      vertex 0.282333 -3 8.84731
      vertex 0.335571 -2.6 8.882
      vertex 0.335571 -3 8.882
    endloop
  endfacet
  facet normal 0.545932 0 -0.83783
    outer loop
      vertex 0.335571 -2.6 8.882
      vertex 0.282333 -3 8.84731
      vertex 0.282333 -2.6 8.84731
    endloop
  endfacet
  facet normal 0.426763 0 -0.904364
    outer loop
      vertex 0.225159 -3 8.82033
      vertex 0.282333 -2.6 8.84731
      vertex 0.282333 -3 8.84731
    endloop
  endfacet
  facet normal 0.426763 0 -0.904364
    outer loop
      vertex 0.282333 -2.6 8.84731
      vertex 0.225159 -3 8.82033
      vertex 0.225159 -2.6 8.82033
    endloop
  endfacet
  facet normal 0.300659 0 -0.953732
    outer loop
      vertex 0.164032 -3 8.80106
      vertex 0.225159 -2.6 8.82033
      vertex 0.225159 -3 8.82033
    endloop
  endfacet
  facet normal 0.300659 0 -0.953732
    outer loop
      vertex 0.225159 -2.6 8.82033
      vertex 0.164032 -3 8.80106
      vertex 0.164032 -2.6 8.80106
    endloop
  endfacet
  facet normal 0.17508 0 -0.984554
    outer loop
      vertex 0.0989685 -3 8.78949
      vertex 0.164032 -2.6 8.80106
      vertex 0.164032 -3 8.80106
    endloop
  endfacet
  facet normal 0.17508 0 -0.984554
    outer loop
      vertex 0.164032 -2.6 8.80106
      vertex 0.0989685 -3 8.78949
      vertex 0.0989685 -2.6 8.78949
    endloop
  endfacet
  facet normal 0.0557103 0 -0.998447
    outer loop
      vertex 0.0299683 -3 8.78564
      vertex 0.0989685 -2.6 8.78949
      vertex 0.0989685 -3 8.78949
    endloop
  endfacet
  facet normal 0.0557103 0 -0.998447
    outer loop
      vertex 0.0989685 -2.6 8.78949
      vertex 0.0299683 -3 8.78564
      vertex 0.0299683 -2.6 8.78564
    endloop
  endfacet
  facet normal -0.0560563 0 -0.998428
    outer loop
      vertex -0.0386047 -3 8.78949
      vertex 0.0299683 -2.6 8.78564
      vertex 0.0299683 -3 8.78564
    endloop
  endfacet
  facet normal -0.0560563 0 -0.998428
    outer loop
      vertex 0.0299683 -2.6 8.78564
      vertex -0.0386047 -3 8.78949
      vertex -0.0386047 -2.6 8.78949
    endloop
  endfacet
  facet normal -0.141753 0 0.989902
    outer loop
      vertex 2.72928 -2.6 8.46422
      vertex 2.83382 -3 8.47919
      vertex 2.83382 -2.6 8.47919
    endloop
  endfacet
  facet normal -0.141753 0 0.989902
    outer loop
      vertex 2.83382 -3 8.47919
      vertex 2.72928 -2.6 8.46422
      vertex 2.72928 -3 8.46422
    endloop
  endfacet
  facet normal -0.245126 0 0.969491
    outer loop
      vertex 2.83382 -2.6 8.47919
      vertex 2.93242 -3 8.50412
      vertex 2.93242 -2.6 8.50412
    endloop
  endfacet
  facet normal -0.245126 0 0.969491
    outer loop
      vertex 2.93242 -3 8.50412
      vertex 2.83382 -2.6 8.47919
      vertex 2.83382 -3 8.47919
    endloop
  endfacet
  facet normal -0.352662 0 0.935751
    outer loop
      vertex 2.93242 -2.6 8.50412
      vertex 3.02505 -3 8.53903
      vertex 3.02505 -2.6 8.53903
    endloop
  endfacet
  facet normal -0.352662 0 0.935751
    outer loop
      vertex 3.02505 -3 8.53903
      vertex 2.93242 -2.6 8.50412
      vertex 2.93242 -3 8.50412
    endloop
  endfacet
  facet normal -0.45983 0 0.888007
    outer loop
      vertex 3.02505 -2.6 8.53903
      vertex 3.11174 -3 8.58392
      vertex 3.11174 -2.6 8.58392
    endloop
  endfacet
  facet normal -0.45983 0 0.888007
    outer loop
      vertex 3.11174 -3 8.58392
      vertex 3.02505 -2.6 8.53903
      vertex 3.02505 -3 8.53903
    endloop
  endfacet
  facet normal -0.562055 0 0.8271
    outer loop
      vertex 3.11174 -2.6 8.58392
      vertex 3.19247 -3 8.63878
      vertex 3.19247 -2.6 8.63878
    endloop
  endfacet
  facet normal -0.562055 0 0.8271
    outer loop
      vertex 3.19247 -3 8.63878
      vertex 3.11174 -2.6 8.58392
      vertex 3.11174 -3 8.58392
    endloop
  endfacet
  facet normal -0.655 0 0.755629
    outer loop
      vertex 3.19247 -2.6 8.63878
      vertex 3.26726 -3 8.70361
      vertex 3.26726 -2.6 8.70361
    endloop
  endfacet
  facet normal -0.655 0 0.755629
    outer loop
      vertex 3.26726 -3 8.70361
      vertex 3.19247 -2.6 8.63878
      vertex 3.19247 -3 8.63878
    endloop
  endfacet
  facet normal -0.735953 0 0.677033
    outer loop
      vertex 3.26726 -3 8.70361
      vertex 3.33609 -2.6 8.77843
      vertex 3.26726 -2.6 8.70361
    endloop
  endfacet
  facet normal -0.735953 0 0.677033
    outer loop
      vertex 3.33609 -2.6 8.77843
      vertex 3.26726 -3 8.70361
      vertex 3.33609 -3 8.77843
    endloop
  endfacet
  facet normal -0.803273 0 0.59561
    outer loop
      vertex 3.33609 -3 8.77843
      vertex 3.39896 -2.6 8.86322
      vertex 3.33609 -2.6 8.77843
    endloop
  endfacet
  facet normal -0.803273 0 0.59561
    outer loop
      vertex 3.39896 -2.6 8.86322
      vertex 3.33609 -3 8.77843
      vertex 3.39896 -3 8.86322
    endloop
  endfacet
  facet normal -0.857421 0 0.514616
    outer loop
      vertex 3.39896 -3 8.86322
      vertex 3.45554 -2.6 8.95749
      vertex 3.39896 -2.6 8.86322
    endloop
  endfacet
  facet normal -0.857421 0 0.514616
    outer loop
      vertex 3.45554 -2.6 8.95749
      vertex 3.39896 -3 8.86322
      vertex 3.45554 -3 8.95749
    endloop
  endfacet
  facet normal -0.900279 0 0.435312
    outer loop
      vertex 3.45554 -3 8.95749
      vertex 3.50545 -2.6 9.06071
      vertex 3.45554 -2.6 8.95749
    endloop
  endfacet
  facet normal -0.900279 0 0.435312
    outer loop
      vertex 3.50545 -2.6 9.06071
      vertex 3.45554 -3 8.95749
      vertex 3.50545 -3 9.06071
    endloop
  endfacet
  facet normal -0.933071 0 0.359692
    outer loop
      vertex 3.50545 -3 9.06071
      vertex 3.54871 -2.6 9.17293
      vertex 3.50545 -2.6 9.06071
    endloop
  endfacet
  facet normal -0.933071 0 0.359692
    outer loop
      vertex 3.54871 -2.6 9.17293
      vertex 3.50545 -3 9.06071
      vertex 3.54871 -3 9.17293
    endloop
  endfacet
  facet normal -0.957283 0 0.289152
    outer loop
      vertex 3.54871 -3 9.17293
      vertex 3.58531 -2.6 9.2941
      vertex 3.54871 -2.6 9.17293
    endloop
  endfacet
  facet normal -0.957283 0 0.289152
    outer loop
      vertex 3.58531 -2.6 9.2941
      vertex 3.54871 -3 9.17293
      vertex 3.58531 -3 9.2941
    endloop
  endfacet
  facet normal -0.974526 0 0.224274
    outer loop
      vertex 3.58531 -3 9.2941
      vertex 3.61526 -2.6 9.42424
      vertex 3.58531 -2.6 9.2941
    endloop
  endfacet
  facet normal -0.974526 0 0.224274
    outer loop
      vertex 3.61526 -2.6 9.42424
      vertex 3.58531 -3 9.2941
      vertex 3.61526 -3 9.42424
    endloop
  endfacet
  facet normal -0.986254 0 0.165238
    outer loop
      vertex 3.61526 -3 9.42424
      vertex 3.63857 -2.6 9.56337
      vertex 3.61526 -2.6 9.42424
    endloop
  endfacet
  facet normal -0.986254 0 0.165238
    outer loop
      vertex 3.63857 -2.6 9.56337
      vertex 3.61526 -3 9.42424
      vertex 3.63857 -3 9.56337
    endloop
  endfacet
  facet normal -0.993754 0 0.111595
    outer loop
      vertex 3.63857 -3 9.56337
      vertex 3.6552 -2.6 9.71146
      vertex 3.63857 -2.6 9.56337
    endloop
  endfacet
  facet normal -0.993754 0 0.111595
    outer loop
      vertex 3.6552 -2.6 9.71146
      vertex 3.63857 -3 9.56337
      vertex 3.6552 -3 9.71146
    endloop
  endfacet
  facet normal -0.997987 0 0.0634147
    outer loop
      vertex 3.6552 -3 9.71146
      vertex 3.66518 -2.6 9.86852
      vertex 3.6552 -2.6 9.71146
    endloop
  endfacet
  facet normal -0.997987 0 0.0634147
    outer loop
      vertex 3.66518 -2.6 9.86852
      vertex 3.6552 -3 9.71146
      vertex 3.66518 -3 9.86852
    endloop
  endfacet
  facet normal -0.999798 0 0.0201188
    outer loop
      vertex 3.66518 -3 9.86852
      vertex 3.66852 -2.6 10.0345
      vertex 3.66518 -2.6 9.86852
    endloop
  endfacet
  facet normal -0.999798 0 0.0201188
    outer loop
      vertex 3.66852 -2.6 10.0345
      vertex 3.66518 -3 9.86852
      vertex 3.66852 -3 10.0345
    endloop
  endfacet
  facet normal -0.999799 0 -0.020056
    outer loop
      vertex 3.66852 -3 10.0345
      vertex 3.66518 -2.6 10.201
      vertex 3.66852 -2.6 10.0345
    endloop
  endfacet
  facet normal -0.999799 -0 -0.020056
    outer loop
      vertex 3.66518 -2.6 10.201
      vertex 3.66852 -3 10.0345
      vertex 3.66518 -3 10.201
    endloop
  endfacet
  facet normal -0.997996 0 -0.0632783
    outer loop
      vertex 3.66518 -3 10.201
      vertex 3.6552 -2.6 10.3584
      vertex 3.66518 -2.6 10.201
    endloop
  endfacet
  facet normal -0.997996 -0 -0.0632783
    outer loop
      vertex 3.6552 -2.6 10.3584
      vertex 3.66518 -3 10.201
      vertex 3.6552 -3 10.3584
    endloop
  endfacet
  facet normal -0.99378 0 -0.111365
    outer loop
      vertex 3.6552 -3 10.3584
      vertex 3.63857 -2.6 10.5068
      vertex 3.6552 -2.6 10.3584
    endloop
  endfacet
  facet normal -0.99378 -0 -0.111365
    outer loop
      vertex 3.63857 -2.6 10.5068
      vertex 3.6552 -3 10.3584
      vertex 3.63857 -3 10.5068
    endloop
  endfacet
  facet normal -0.986306 0 -0.164927
    outer loop
      vertex 3.63857 -3 10.5068
      vertex 3.61526 -2.6 10.6462
      vertex 3.63857 -2.6 10.5068
    endloop
  endfacet
  facet normal -0.986306 -0 -0.164927
    outer loop
      vertex 3.61526 -2.6 10.6462
      vertex 3.63857 -3 10.5068
      vertex 3.61526 -3 10.6462
    endloop
  endfacet
  facet normal -0.974624 0 -0.22385
    outer loop
      vertex 3.61526 -3 10.6462
      vertex 3.58531 -2.6 10.7766
      vertex 3.61526 -2.6 10.6462
    endloop
  endfacet
  facet normal -0.974624 -0 -0.22385
    outer loop
      vertex 3.58531 -2.6 10.7766
      vertex 3.61526 -3 10.6462
      vertex 3.58531 -3 10.7766
    endloop
  endfacet
  facet normal -0.957369 0 -0.288868
    outer loop
      vertex 3.58531 -3 10.7766
      vertex 3.54871 -2.6 10.8979
      vertex 3.58531 -2.6 10.7766
    endloop
  endfacet
  facet normal -0.957369 -0 -0.288868
    outer loop
      vertex 3.54871 -2.6 10.8979
      vertex 3.58531 -3 10.7766
      vertex 3.54871 -3 10.8979
    endloop
  endfacet
  facet normal -0.933264 0 -0.35919
    outer loop
      vertex 3.54871 -3 10.8979
      vertex 3.50545 -2.6 11.0103
      vertex 3.54871 -2.6 10.8979
    endloop
  endfacet
  facet normal -0.933264 -0 -0.35919
    outer loop
      vertex 3.50545 -2.6 11.0103
      vertex 3.54871 -3 10.8979
      vertex 3.50545 -3 11.0103
    endloop
  endfacet
  facet normal -0.900412 0 -0.435039
    outer loop
      vertex 3.50545 -3 11.0103
      vertex 3.45554 -2.6 11.1136
      vertex 3.50545 -2.6 11.0103
    endloop
  endfacet
  facet normal -0.900412 -0 -0.435039
    outer loop
      vertex 3.45554 -2.6 11.1136
      vertex 3.50545 -3 11.0103
      vertex 3.45554 -3 11.1136
    endloop
  endfacet
  facet normal -0.857493 0 -0.514496
    outer loop
      vertex 3.45554 -3 11.1136
      vertex 3.39896 -2.6 11.2079
      vertex 3.45554 -2.6 11.1136
    endloop
  endfacet
  facet normal -0.857493 -0 -0.514496
    outer loop
      vertex 3.39896 -2.6 11.2079
      vertex 3.45554 -3 11.1136
      vertex 3.39896 -3 11.2079
    endloop
  endfacet
  facet normal -0.802971 0 -0.596019
    outer loop
      vertex 3.39896 -3 11.2079
      vertex 3.33609 -2.6 11.2926
      vertex 3.39896 -2.6 11.2079
    endloop
  endfacet
  facet normal -0.802971 -0 -0.596019
    outer loop
      vertex 3.33609 -2.6 11.2926
      vertex 3.39896 -3 11.2079
      vertex 3.33609 -3 11.2926
    endloop
  endfacet
  facet normal -0.736313 0 -0.676641
    outer loop
      vertex 3.33609 -3 11.2926
      vertex 3.26726 -2.6 11.3675
      vertex 3.33609 -2.6 11.2926
    endloop
  endfacet
  facet normal -0.736313 -0 -0.676641
    outer loop
      vertex 3.26726 -2.6 11.3675
      vertex 3.33609 -3 11.2926
      vertex 3.26726 -3 11.3675
    endloop
  endfacet
  facet normal -0.654827 0 -0.755779
    outer loop
      vertex 3.19247 -3 11.4323
      vertex 3.26726 -2.6 11.3675
      vertex 3.26726 -3 11.3675
    endloop
  endfacet
  facet normal -0.654827 0 -0.755779
    outer loop
      vertex 3.26726 -2.6 11.3675
      vertex 3.19247 -3 11.4323
      vertex 3.19247 -2.6 11.4323
    endloop
  endfacet
  facet normal -0.562335 0 -0.826909
    outer loop
      vertex 3.11174 -3 11.4872
      vertex 3.19247 -2.6 11.4323
      vertex 3.19247 -3 11.4323
    endloop
  endfacet
  facet normal -0.562335 0 -0.826909
    outer loop
      vertex 3.19247 -2.6 11.4323
      vertex 3.11174 -3 11.4872
      vertex 3.11174 -2.6 11.4872
    endloop
  endfacet
  facet normal -0.45991 0 -0.887965
    outer loop
      vertex 3.02505 -3 11.5321
      vertex 3.11174 -2.6 11.4872
      vertex 3.11174 -3 11.4872
    endloop
  endfacet
  facet normal -0.45991 0 -0.887965
    outer loop
      vertex 3.11174 -2.6 11.4872
      vertex 3.02505 -3 11.5321
      vertex 3.02505 -2.6 11.5321
    endloop
  endfacet
  facet normal -0.352573 0 -0.935784
    outer loop
      vertex 2.93242 -3 11.567
      vertex 3.02505 -2.6 11.5321
      vertex 3.02505 -3 11.5321
    endloop
  endfacet
  facet normal -0.352573 0 -0.935784
    outer loop
      vertex 3.02505 -2.6 11.5321
      vertex 2.93242 -3 11.567
      vertex 2.93242 -2.6 11.567
    endloop
  endfacet
  facet normal -0.244849 0 -0.969561
    outer loop
      vertex 2.83382 -3 11.5919
      vertex 2.93242 -2.6 11.567
      vertex 2.93242 -3 11.567
    endloop
  endfacet
  facet normal -0.244849 0 -0.969561
    outer loop
      vertex 2.93242 -2.6 11.567
      vertex 2.83382 -3 11.5919
      vertex 2.83382 -2.6 11.5919
    endloop
  endfacet
  facet normal -0.142031 0 -0.989862
    outer loop
      vertex 2.72928 -3 11.6069
      vertex 2.83382 -2.6 11.5919
      vertex 2.83382 -3 11.5919
    endloop
  endfacet
  facet normal -0.142031 0 -0.989862
    outer loop
      vertex 2.83382 -2.6 11.5919
      vertex 2.72928 -3 11.6069
      vertex 2.72928 -2.6 11.6069
    endloop
  endfacet
  facet normal -0.0451985 0 -0.998978
    outer loop
      vertex 2.61877 -3 11.6119
      vertex 2.72928 -2.6 11.6069
      vertex 2.72928 -3 11.6069
    endloop
  endfacet
  facet normal -0.0451985 0 -0.998978
    outer loop
      vertex 2.72928 -2.6 11.6069
      vertex 2.61877 -3 11.6119
      vertex 2.61877 -2.6 11.6119
    endloop
  endfacet
  facet normal 0.0452108 0 -0.998977
    outer loop
      vertex 2.50829 -3 11.6069
      vertex 2.61877 -2.6 11.6119
      vertex 2.61877 -3 11.6119
    endloop
  endfacet
  facet normal 0.0452108 0 -0.998977
    outer loop
      vertex 2.61877 -2.6 11.6119
      vertex 2.50829 -3 11.6069
      vertex 2.50829 -2.6 11.6069
    endloop
  endfacet
  facet normal 0.142031 0 -0.989862
    outer loop
      vertex 2.40375 -3 11.5919
      vertex 2.50829 -2.6 11.6069
      vertex 2.50829 -3 11.6069
    endloop
  endfacet
  facet normal 0.142031 0 -0.989862
    outer loop
      vertex 2.50829 -2.6 11.6069
      vertex 2.40375 -3 11.5919
      vertex 2.40375 -2.6 11.5919
    endloop
  endfacet
  facet normal 0.244849 0 -0.969561
    outer loop
      vertex 2.30515 -3 11.567
      vertex 2.40375 -2.6 11.5919
      vertex 2.40375 -3 11.5919
    endloop
  endfacet
  facet normal 0.244849 0 -0.969561
    outer loop
      vertex 2.40375 -2.6 11.5919
      vertex 2.30515 -3 11.567
      vertex 2.30515 -2.6 11.567
    endloop
  endfacet
  facet normal 0.35254 0 -0.935797
    outer loop
      vertex 2.21251 -3 11.5321
      vertex 2.30515 -2.6 11.567
      vertex 2.30515 -3 11.567
    endloop
  endfacet
  facet normal 0.35254 0 -0.935797
    outer loop
      vertex 2.30515 -2.6 11.567
      vertex 2.21251 -3 11.5321
      vertex 2.21251 -2.6 11.5321
    endloop
  endfacet
  facet normal 0.45991 0 -0.887965
    outer loop
      vertex 2.12582 -3 11.4872
      vertex 2.21251 -2.6 11.5321
      vertex 2.21251 -3 11.5321
    endloop
  endfacet
  facet normal 0.45991 0 -0.887965
    outer loop
      vertex 2.21251 -2.6 11.5321
      vertex 2.12582 -3 11.4872
      vertex 2.12582 -2.6 11.4872
    endloop
  endfacet
  facet normal 0.562335 0 -0.826909
    outer loop
      vertex 2.04509 -3 11.4323
      vertex 2.12582 -2.6 11.4872
      vertex 2.12582 -3 11.4872
    endloop
  endfacet
  facet normal 0.562335 0 -0.826909
    outer loop
      vertex 2.12582 -2.6 11.4872
      vertex 2.04509 -3 11.4323
      vertex 2.04509 -2.6 11.4323
    endloop
  endfacet
  facet normal 0.654877 0 -0.755736
    outer loop
      vertex 1.97031 -3 11.3675
      vertex 2.04509 -2.6 11.4323
      vertex 2.04509 -3 11.4323
    endloop
  endfacet
  facet normal 0.654877 0 -0.755736
    outer loop
      vertex 2.04509 -2.6 11.4323
      vertex 1.97031 -3 11.3675
      vertex 1.97031 -2.6 11.3675
    endloop
  endfacet
  facet normal 0.736264 0 -0.676694
    outer loop
      vertex 1.97031 -3 11.3675
      vertex 1.90147 -2.6 11.2926
      vertex 1.97031 -2.6 11.3675
    endloop
  endfacet
  facet normal 0.736264 0 -0.676694
    outer loop
      vertex 1.90147 -2.6 11.2926
      vertex 1.97031 -3 11.3675
      vertex 1.90147 -3 11.2926
    endloop
  endfacet
  facet normal 0.803016 0 -0.595957
    outer loop
      vertex 1.90147 -3 11.2926
      vertex 1.83861 -2.6 11.2079
      vertex 1.90147 -2.6 11.2926
    endloop
  endfacet
  facet normal 0.803016 0 -0.595957
    outer loop
      vertex 1.83861 -2.6 11.2079
      vertex 1.90147 -3 11.2926
      vertex 1.83861 -3 11.2079
    endloop
  endfacet
  facet normal 0.857493 0 -0.514496
    outer loop
      vertex 1.83861 -3 11.2079
      vertex 1.78203 -2.6 11.1136
      vertex 1.83861 -2.6 11.2079
    endloop
  endfacet
  facet normal 0.857493 0 -0.514496
    outer loop
      vertex 1.78203 -2.6 11.1136
      vertex 1.83861 -3 11.2079
      vertex 1.78203 -3 11.1136
    endloop
  endfacet
  facet normal 0.900412 0 -0.435039
    outer loop
      vertex 1.78203 -3 11.1136
      vertex 1.73212 -2.6 11.0103
      vertex 1.78203 -2.6 11.1136
    endloop
  endfacet
  facet normal 0.900412 0 -0.435039
    outer loop
      vertex 1.73212 -2.6 11.0103
      vertex 1.78203 -3 11.1136
      vertex 1.73212 -3 11.0103
    endloop
  endfacet
  facet normal 0.933264 0 -0.35919
    outer loop
      vertex 1.73212 -3 11.0103
      vertex 1.68886 -2.6 10.8979
      vertex 1.73212 -2.6 11.0103
    endloop
  endfacet
  facet normal 0.933264 0 -0.35919
    outer loop
      vertex 1.68886 -2.6 10.8979
      vertex 1.73212 -3 11.0103
      vertex 1.68886 -3 10.8979
    endloop
  endfacet
  facet normal 0.957347 0 -0.28894
    outer loop
      vertex 1.68886 -3 10.8979
      vertex 1.65225 -2.6 10.7766
      vertex 1.68886 -2.6 10.8979
    endloop
  endfacet
  facet normal 0.957347 0 -0.28894
    outer loop
      vertex 1.65225 -2.6 10.7766
      vertex 1.68886 -3 10.8979
      vertex 1.65225 -3 10.7766
    endloop
  endfacet
  facet normal 0.974624 0 -0.22385
    outer loop
      vertex 1.65225 -3 10.7766
      vertex 1.6223 -2.6 10.6462
      vertex 1.65225 -2.6 10.7766
    endloop
  endfacet
  facet normal 0.974624 0 -0.22385
    outer loop
      vertex 1.6223 -2.6 10.6462
      vertex 1.65225 -3 10.7766
      vertex 1.6223 -3 10.6462
    endloop
  endfacet
  facet normal 0.986317 0 -0.164858
    outer loop
      vertex 1.6223 -3 10.6462
      vertex 1.599 -2.6 10.5068
      vertex 1.6223 -2.6 10.6462
    endloop
  endfacet
  facet normal 0.986317 0 -0.164858
    outer loop
      vertex 1.599 -2.6 10.5068
      vertex 1.6223 -3 10.6462
      vertex 1.599 -3 10.5068
    endloop
  endfacet
  facet normal 0.99378 0 -0.111365
    outer loop
      vertex 1.599 -3 10.5068
      vertex 1.58237 -2.6 10.3584
      vertex 1.599 -2.6 10.5068
    endloop
  endfacet
  facet normal 0.99378 0 -0.111365
    outer loop
      vertex 1.58237 -2.6 10.3584
      vertex 1.599 -3 10.5068
      vertex 1.58237 -3 10.3584
    endloop
  endfacet
  facet normal 0.997988 0 -0.0634046
    outer loop
      vertex 1.58237 -3 10.3584
      vertex 1.57237 -2.6 10.201
      vertex 1.58237 -2.6 10.3584
    endloop
  endfacet
  facet normal 0.997988 0 -0.0634046
    outer loop
      vertex 1.57237 -2.6 10.201
      vertex 1.58237 -3 10.3584
      vertex 1.57237 -3 10.201
    endloop
  endfacet
  facet normal 0.999801 0 -0.019936
    outer loop
      vertex 1.57237 -3 10.201
      vertex 1.56905 -2.6 10.0345
      vertex 1.57237 -2.6 10.201
    endloop
  endfacet
  facet normal 0.999801 0 -0.019936
    outer loop
      vertex 1.56905 -2.6 10.0345
      vertex 1.57237 -3 10.201
      vertex 1.56905 -3 10.0345
    endloop
  endfacet
  facet normal 0.9998 -0 0.0199984
    outer loop
      vertex 1.56905 -3 10.0345
      vertex 1.57237 -2.6 9.86852
      vertex 1.56905 -2.6 10.0345
    endloop
  endfacet
  facet normal 0.9998 0 0.0199984
    outer loop
      vertex 1.57237 -2.6 9.86852
      vertex 1.56905 -3 10.0345
      vertex 1.57237 -3 9.86852
    endloop
  endfacet
  facet normal 0.997979 -0 0.0635413
    outer loop
      vertex 1.57237 -3 9.86852
      vertex 1.58237 -2.6 9.71146
      vertex 1.57237 -2.6 9.86852
    endloop
  endfacet
  facet normal 0.997979 0 0.0635413
    outer loop
      vertex 1.58237 -2.6 9.71146
      vertex 1.57237 -3 9.86852
      vertex 1.58237 -3 9.71146
    endloop
  endfacet
  facet normal 0.993754 -0 0.111595
    outer loop
      vertex 1.58237 -3 9.71146
      vertex 1.599 -2.6 9.56337
      vertex 1.58237 -2.6 9.71146
    endloop
  endfacet
  facet normal 0.993754 0 0.111595
    outer loop
      vertex 1.599 -2.6 9.56337
      vertex 1.58237 -3 9.71146
      vertex 1.599 -3 9.56337
    endloop
  endfacet
  facet normal 0.986265 -0 0.165169
    outer loop
      vertex 1.599 -3 9.56337
      vertex 1.6223 -2.6 9.42424
      vertex 1.599 -2.6 9.56337
    endloop
  endfacet
  facet normal 0.986265 0 0.165169
    outer loop
      vertex 1.6223 -2.6 9.42424
      vertex 1.599 -3 9.56337
      vertex 1.6223 -3 9.42424
    endloop
  endfacet
  facet normal 0.974526 -0 0.224274
    outer loop
      vertex 1.6223 -3 9.42424
      vertex 1.65225 -2.6 9.2941
      vertex 1.6223 -2.6 9.42424
    endloop
  endfacet
  facet normal 0.974526 0 0.224274
    outer loop
      vertex 1.65225 -2.6 9.2941
      vertex 1.6223 -3 9.42424
      vertex 1.65225 -3 9.2941
    endloop
  endfacet
  facet normal 0.957261 -0 0.289225
    outer loop
      vertex 1.65225 -3 9.2941
      vertex 1.68886 -2.6 9.17293
      vertex 1.65225 -2.6 9.2941
    endloop
  endfacet
  facet normal 0.957261 0 0.289225
    outer loop
      vertex 1.68886 -2.6 9.17293
      vertex 1.65225 -3 9.2941
      vertex 1.68886 -3 9.17293
    endloop
  endfacet
  facet normal 0.933071 -0 0.359692
    outer loop
      vertex 1.68886 -3 9.17293
      vertex 1.73212 -2.6 9.06071
      vertex 1.68886 -2.6 9.17293
    endloop
  endfacet
  facet normal 0.933071 0 0.359692
    outer loop
      vertex 1.73212 -2.6 9.06071
      vertex 1.68886 -3 9.17293
      vertex 1.73212 -3 9.06071
    endloop
  endfacet
  facet normal 0.900279 -0 0.435312
    outer loop
      vertex 1.73212 -3 9.06071
      vertex 1.78203 -2.6 8.95749
      vertex 1.73212 -2.6 9.06071
    endloop
  endfacet
  facet normal 0.900279 0 0.435312
    outer loop
      vertex 1.78203 -2.6 8.95749
      vertex 1.73212 -3 9.06071
      vertex 1.78203 -3 8.95749
    endloop
  endfacet
  facet normal 0.857421 -0 0.514616
    outer loop
      vertex 1.78203 -3 8.95749
      vertex 1.83861 -2.6 8.86322
      vertex 1.78203 -2.6 8.95749
    endloop
  endfacet
  facet normal 0.857421 0 0.514616
    outer loop
      vertex 1.83861 -2.6 8.86322
      vertex 1.78203 -3 8.95749
      vertex 1.83861 -3 8.86322
    endloop
  endfacet
  facet normal 0.803319 -0 0.595549
    outer loop
      vertex 1.83861 -3 8.86322
      vertex 1.90147 -2.6 8.77843
      vertex 1.83861 -2.6 8.86322
    endloop
  endfacet
  facet normal 0.803319 0 0.595549
    outer loop
      vertex 1.90147 -2.6 8.77843
      vertex 1.83861 -3 8.86322
      vertex 1.90147 -3 8.77843
    endloop
  endfacet
  facet normal 0.735904 -0 0.677086
    outer loop
      vertex 1.90147 -3 8.77843
      vertex 1.97031 -2.6 8.70361
      vertex 1.90147 -2.6 8.77843
    endloop
  endfacet
  facet normal 0.735904 0 0.677086
    outer loop
      vertex 1.97031 -2.6 8.70361
      vertex 1.90147 -3 8.77843
      vertex 1.97031 -3 8.70361
    endloop
  endfacet
  facet normal 0.65505 0 0.755586
    outer loop
      vertex 1.97031 -2.6 8.70361
      vertex 2.04509 -3 8.63878
      vertex 2.04509 -2.6 8.63878
    endloop
  endfacet
  facet normal 0.65505 0 0.755586
    outer loop
      vertex 2.04509 -3 8.63878
      vertex 1.97031 -2.6 8.70361
      vertex 1.97031 -3 8.70361
    endloop
  endfacet
  facet normal 0.562055 0 0.8271
    outer loop
      vertex 2.04509 -2.6 8.63878
      vertex 2.12582 -3 8.58392
      vertex 2.12582 -2.6 8.58392
    endloop
  endfacet
  facet normal 0.562055 0 0.8271
    outer loop
      vertex 2.12582 -3 8.58392
      vertex 2.04509 -2.6 8.63878
      vertex 2.04509 -3 8.63878
    endloop
  endfacet
  facet normal 0.45983 0 0.888007
    outer loop
      vertex 2.12582 -2.6 8.58392
      vertex 2.21251 -3 8.53903
      vertex 2.21251 -2.6 8.53903
    endloop
  endfacet
  facet normal 0.45983 0 0.888007
    outer loop
      vertex 2.21251 -3 8.53903
      vertex 2.12582 -2.6 8.58392
      vertex 2.12582 -3 8.58392
    endloop
  endfacet
  facet normal 0.352628 0 0.935763
    outer loop
      vertex 2.21251 -2.6 8.53903
      vertex 2.30515 -3 8.50412
      vertex 2.30515 -2.6 8.50412
    endloop
  endfacet
  facet normal 0.352628 0 0.935763
    outer loop
      vertex 2.30515 -3 8.50412
      vertex 2.21251 -2.6 8.53903
      vertex 2.21251 -3 8.53903
    endloop
  endfacet
  facet normal 0.245126 0 0.969491
    outer loop
      vertex 2.30515 -2.6 8.50412
      vertex 2.40375 -3 8.47919
      vertex 2.40375 -2.6 8.47919
    endloop
  endfacet
  facet normal 0.245126 0 0.969491
    outer loop
      vertex 2.40375 -3 8.47919
      vertex 2.30515 -2.6 8.50412
      vertex 2.30515 -3 8.50412
    endloop
  endfacet
  facet normal 0.141753 0 0.989902
    outer loop
      vertex 2.40375 -2.6 8.47919
      vertex 2.50829 -3 8.46422
      vertex 2.50829 -2.6 8.46422
    endloop
  endfacet
  facet normal 0.141753 0 0.989902
    outer loop
      vertex 2.50829 -3 8.46422
      vertex 2.40375 -2.6 8.47919
      vertex 2.40375 -3 8.47919
    endloop
  endfacet
  facet normal 0.0450303 0 0.998986
    outer loop
      vertex 2.50829 -2.6 8.46422
      vertex 2.61877 -3 8.45924
      vertex 2.61877 -2.6 8.45924
    endloop
  endfacet
  facet normal 0.0450303 0 0.998986
    outer loop
      vertex 2.61877 -3 8.45924
      vertex 2.50829 -2.6 8.46422
      vertex 2.50829 -3 8.46422
    endloop
  endfacet
  facet normal -0.0450181 0 0.998986
    outer loop
      vertex 2.61877 -2.6 8.45924
      vertex 2.72928 -3 8.46422
      vertex 2.72928 -2.6 8.46422
    endloop
  endfacet
  facet normal -0.0450181 0 0.998986
    outer loop
      vertex 2.72928 -3 8.46422
      vertex 2.61877 -2.6 8.45924
      vertex 2.61877 -3 8.45924
    endloop
  endfacet
  facet normal -0.176086 0 -0.984375
    outer loop
      vertex 2.48552 -3 8.80106
      vertex 2.5502 -2.6 8.78949
      vertex 2.5502 -3 8.78949
    endloop
  endfacet
  facet normal -0.176086 0 -0.984375
    outer loop
      vertex 2.5502 -2.6 8.78949
      vertex 2.48552 -3 8.80106
      vertex 2.48552 -2.6 8.80106
    endloop
  endfacet
  facet normal -0.302174 0 -0.953253
    outer loop
      vertex 2.42473 -3 8.82033
      vertex 2.48552 -2.6 8.80106
      vertex 2.48552 -3 8.80106
    endloop
  endfacet
  facet normal -0.302174 0 -0.953253
    outer loop
      vertex 2.48552 -2.6 8.80106
      vertex 2.42473 -3 8.82033
      vertex 2.42473 -2.6 8.82033
    endloop
  endfacet
  facet normal -0.428441 0 -0.90357
    outer loop
      vertex 2.36783 -3 8.84731
      vertex 2.42473 -2.6 8.82033
      vertex 2.42473 -3 8.82033
    endloop
  endfacet
  facet normal -0.428441 0 -0.90357
    outer loop
      vertex 2.42473 -2.6 8.82033
      vertex 2.36783 -3 8.84731
      vertex 2.36783 -2.6 8.84731
    endloop
  endfacet
  facet normal -0.547577 0 -0.836755
    outer loop
      vertex 2.31482 -3 8.882
      vertex 2.36783 -2.6 8.84731
      vertex 2.36783 -3 8.84731
    endloop
  endfacet
  facet normal -0.547577 0 -0.836755
    outer loop
      vertex 2.36783 -2.6 8.84731
      vertex 2.31482 -3 8.882
      vertex 2.31482 -2.6 8.882
    endloop
  endfacet
  facet normal -0.653339 0 -0.757066
    outer loop
      vertex 2.2657 -3 8.92439
      vertex 2.31482 -2.6 8.882
      vertex 2.31482 -3 8.882
    endloop
  endfacet
  facet normal -0.653339 0 -0.757066
    outer loop
      vertex 2.31482 -2.6 8.882
      vertex 2.2657 -3 8.92439
      vertex 2.2657 -2.6 8.92439
    endloop
  endfacet
  facet normal -0.742328 0 -0.670036
    outer loop
      vertex 2.2657 -3 8.92439
      vertex 2.22047 -2.6 8.9745
      vertex 2.2657 -2.6 8.92439
    endloop
  endfacet
  facet normal -0.742328 -0 -0.670036
    outer loop
      vertex 2.22047 -2.6 8.9745
      vertex 2.2657 -3 8.92439
      vertex 2.22047 -3 8.9745
    endloop
  endfacet
  facet normal -0.8136 0 -0.581425
    outer loop
      vertex 2.22047 -3 8.9745
      vertex 2.17915 -2.6 9.03232
      vertex 2.22047 -2.6 8.9745
    endloop
  endfacet
  facet normal -0.8136 -0 -0.581425
    outer loop
      vertex 2.17915 -2.6 9.03232
      vertex 2.22047 -3 8.9745
      vertex 2.17915 -3 9.03232
    endloop
  endfacet
  facet normal -0.868333 0 -0.495982
    outer loop
      vertex 2.17915 -3 9.03232
      vertex 2.14172 -2.6 9.09785
      vertex 2.17915 -2.6 9.03232
    endloop
  endfacet
  facet normal -0.868333 -0 -0.495982
    outer loop
      vertex 2.14172 -2.6 9.09785
      vertex 2.17915 -3 9.03232
      vertex 2.14172 -3 9.09785
    endloop
  endfacet
  facet normal -0.90927 0 -0.416206
    outer loop
      vertex 2.14172 -3 9.09785
      vertex 2.1082 -2.6 9.17108
      vertex 2.14172 -2.6 9.09785
    endloop
  endfacet
  facet normal -0.90927 -0 -0.416206
    outer loop
      vertex 2.1082 -2.6 9.17108
      vertex 2.14172 -3 9.09785
      vertex 2.1082 -3 9.17108
    endloop
  endfacet
  facet normal -0.939308 0 -0.343075
    outer loop
      vertex 2.1082 -3 9.17108
      vertex 2.07863 -2.6 9.25204
      vertex 2.1082 -2.6 9.17108
    endloop
  endfacet
  facet normal -0.939308 -0 -0.343075
    outer loop
      vertex 2.07863 -2.6 9.25204
      vertex 2.1082 -3 9.17108
      vertex 2.07863 -3 9.25204
    endloop
  endfacet
  facet normal -0.960694 0 -0.277611
    outer loop
      vertex 2.07863 -3 9.25204
      vertex 2.05301 -2.6 9.3407
      vertex 2.07863 -2.6 9.25204
    endloop
  endfacet
  facet normal -0.960694 -0 -0.277611
    outer loop
      vertex 2.05301 -2.6 9.3407
      vertex 2.07863 -3 9.25204
      vertex 2.05301 -3 9.3407
    endloop
  endfacet
  facet normal -0.975573 0 -0.219674
    outer loop
      vertex 2.05301 -3 9.3407
      vertex 2.03131 -2.6 9.43707
      vertex 2.05301 -2.6 9.3407
    endloop
  endfacet
  facet normal -0.975573 -0 -0.219674
    outer loop
      vertex 2.03131 -2.6 9.43707
      vertex 2.05301 -3 9.3407
      vertex 2.03131 -3 9.43707
    endloop
  endfacet
  facet normal -0.985796 0 -0.167946
    outer loop
      vertex 2.03131 -3 9.43707
      vertex 2.01358 -2.6 9.54114
      vertex 2.03131 -2.6 9.43707
    endloop
  endfacet
  facet normal -0.985796 -0 -0.167946
    outer loop
      vertex 2.01358 -2.6 9.54114
      vertex 2.03131 -3 9.43707
      vertex 2.01358 -3 9.54114
    endloop
  endfacet
  facet normal -0.992454 0 -0.122614
    outer loop
      vertex 2.01358 -3 9.54114
      vertex 1.99977 -2.6 9.65292
      vertex 2.01358 -2.6 9.54114
    endloop
  endfacet
  facet normal -0.992454 -0 -0.122614
    outer loop
      vertex 1.99977 -2.6 9.65292
      vertex 2.01358 -3 9.54114
      vertex 1.99977 -3 9.65292
    endloop
  endfacet
  facet normal -0.996613 0 -0.082231
    outer loop
      vertex 1.99977 -3 9.65292
      vertex 1.98991 -2.6 9.77242
      vertex 1.99977 -2.6 9.65292
    endloop
  endfacet
  facet normal -0.996613 -0 -0.082231
    outer loop
      vertex 1.98991 -2.6 9.77242
      vertex 1.99977 -3 9.65292
      vertex 1.98991 -3 9.77242
    endloop
  endfacet
  facet normal -0.998926 0 -0.0463302
    outer loop
      vertex 1.98991 -3 9.77242
      vertex 1.98401 -2.6 9.89963
      vertex 1.98991 -2.6 9.77242
    endloop
  endfacet
  facet normal -0.998926 -0 -0.0463302
    outer loop
      vertex 1.98401 -2.6 9.89963
      vertex 1.98991 -3 9.77242
      vertex 1.98401 -3 9.89963
    endloop
  endfacet
  facet normal -0.999892 0 -0.0146792
    outer loop
      vertex 1.98401 -3 9.89963
      vertex 1.98203 -2.6 10.0345
      vertex 1.98401 -2.6 9.89963
    endloop
  endfacet
  facet normal -0.999892 -0 -0.0146792
    outer loop
      vertex 1.98203 -2.6 10.0345
      vertex 1.98401 -3 9.89963
      vertex 1.98203 -3 10.0345
    endloop
  endfacet
  facet normal -0.999893 0 0.0146218
    outer loop
      vertex 1.98203 -3 10.0345
      vertex 1.98401 -2.6 10.1699
      vertex 1.98203 -2.6 10.0345
    endloop
  endfacet
  facet normal -0.999893 0 0.0146218
    outer loop
      vertex 1.98401 -2.6 10.1699
      vertex 1.98203 -3 10.0345
      vertex 1.98401 -3 10.1699
    endloop
  endfacet
  facet normal -0.998931 0 0.046225
    outer loop
      vertex 1.98401 -3 10.1699
      vertex 1.98991 -2.6 10.2974
      vertex 1.98401 -2.6 10.1699
    endloop
  endfacet
  facet normal -0.998931 0 0.046225
    outer loop
      vertex 1.98991 -2.6 10.2974
      vertex 1.98401 -3 10.1699
      vertex 1.98991 -3 10.2974
    endloop
  endfacet
  facet normal -0.996636 0 0.0819585
    outer loop
      vertex 1.98991 -3 10.2974
      vertex 1.99977 -2.6 10.4173
      vertex 1.98991 -2.6 10.2974
    endloop
  endfacet
  facet normal -0.996636 0 0.0819585
    outer loop
      vertex 1.99977 -2.6 10.4173
      vertex 1.98991 -3 10.2974
      vertex 1.99977 -3 10.4173
    endloop
  endfacet
  facet normal -0.992484 0 0.122377
    outer loop
      vertex 1.99977 -3 10.4173
      vertex 2.01358 -2.6 10.5293
      vertex 1.99977 -2.6 10.4173
    endloop
  endfacet
  facet normal -0.992484 0 0.122377
    outer loop
      vertex 2.01358 -2.6 10.5293
      vertex 1.99977 -3 10.4173
      vertex 2.01358 -3 10.5293
    endloop
  endfacet
  facet normal -0.985857 0 0.167586
    outer loop
      vertex 2.01358 -3 10.5293
      vertex 2.03131 -2.6 10.6336
      vertex 2.01358 -2.6 10.5293
    endloop
  endfacet
  facet normal -0.985857 0 0.167586
    outer loop
      vertex 2.03131 -2.6 10.6336
      vertex 2.01358 -3 10.5293
      vertex 2.03131 -3 10.6336
    endloop
  endfacet
  facet normal -0.975685 0 0.219176
    outer loop
      vertex 2.03131 -3 10.6336
      vertex 2.05301 -2.6 10.7302
      vertex 2.03131 -2.6 10.6336
    endloop
  endfacet
  facet normal -0.975685 0 0.219176
    outer loop
      vertex 2.05301 -2.6 10.7302
      vertex 2.03131 -3 10.6336
      vertex 2.05301 -3 10.7302
    endloop
  endfacet
  facet normal -0.960727 0 0.277495
    outer loop
      vertex 2.05301 -3 10.7302
      vertex 2.07863 -2.6 10.8189
      vertex 2.05301 -2.6 10.7302
    endloop
  endfacet
  facet normal -0.960727 0 0.277495
    outer loop
      vertex 2.07863 -2.6 10.8189
      vertex 2.05301 -3 10.7302
      vertex 2.07863 -3 10.8189
    endloop
  endfacet
  facet normal -0.939499 0 0.342552
    outer loop
      vertex 2.07863 -3 10.8189
      vertex 2.1082 -2.6 10.9
      vertex 2.07863 -2.6 10.8189
    endloop
  endfacet
  facet normal -0.939499 0 0.342552
    outer loop
      vertex 2.1082 -2.6 10.9
      vertex 2.07863 -3 10.8189
      vertex 2.1082 -3 10.9
    endloop
  endfacet
  facet normal -0.909206 0 0.416347
    outer loop
      vertex 2.1082 -3 10.9
      vertex 2.14172 -2.6 10.9732
      vertex 2.1082 -2.6 10.9
    endloop
  endfacet
  facet normal -0.909206 0 0.416347
    outer loop
      vertex 2.14172 -2.6 10.9732
      vertex 2.1082 -3 10.9
      vertex 2.14172 -3 10.9732
    endloop
  endfacet
  facet normal -0.868561 0 0.495583
    outer loop
      vertex 2.14172 -3 10.9732
      vertex 2.17915 -2.6 11.0388
      vertex 2.14172 -2.6 10.9732
    endloop
  endfacet
  facet normal -0.868561 0 0.495583
    outer loop
      vertex 2.17915 -2.6 11.0388
      vertex 2.14172 -3 10.9732
      vertex 2.17915 -3 11.0388
    endloop
  endfacet
  facet normal -0.813505 0 0.581558
    outer loop
      vertex 2.17915 -3 11.0388
      vertex 2.22047 -2.6 11.0966
      vertex 2.17915 -2.6 11.0388
    endloop
  endfacet
  facet normal -0.813505 0 0.581558
    outer loop
      vertex 2.22047 -2.6 11.0966
      vertex 2.17915 -3 11.0388
      vertex 2.22047 -3 11.0966
    endloop
  endfacet
  facet normal -0.742262 0 0.67011
    outer loop
      vertex 2.22047 -3 11.0966
      vertex 2.2657 -2.6 11.1467
      vertex 2.22047 -2.6 11.0966
    endloop
  endfacet
  facet normal -0.742262 0 0.67011
    outer loop
      vertex 2.2657 -2.6 11.1467
      vertex 2.22047 -3 11.0966
      vertex 2.2657 -3 11.1467
    endloop
  endfacet
  facet normal -0.653427 0 0.756989
    outer loop
      vertex 2.2657 -2.6 11.1467
      vertex 2.31482 -3 11.1891
      vertex 2.31482 -2.6 11.1891
    endloop
  endfacet
  facet normal -0.653427 0 0.756989
    outer loop
      vertex 2.31482 -3 11.1891
      vertex 2.2657 -2.6 11.1467
      vertex 2.2657 -3 11.1467
    endloop
  endfacet
  facet normal -0.547687 0 0.836683
    outer loop
      vertex 2.31482 -2.6 11.1891
      vertex 2.36783 -3 11.2238
      vertex 2.36783 -2.6 11.2238
    endloop
  endfacet
  facet normal -0.547687 0 0.836683
    outer loop
      vertex 2.36783 -3 11.2238
      vertex 2.31482 -2.6 11.1891
      vertex 2.31482 -3 11.1891
    endloop
  endfacet
  facet normal -0.428701 0 0.903447
    outer loop
      vertex 2.36783 -2.6 11.2238
      vertex 2.42473 -3 11.2508
      vertex 2.42473 -2.6 11.2508
    endloop
  endfacet
  facet normal -0.428701 0 0.903447
    outer loop
      vertex 2.42473 -3 11.2508
      vertex 2.36783 -2.6 11.2238
      vertex 2.36783 -3 11.2238
    endloop
  endfacet
  facet normal -0.302602 0 0.953117
    outer loop
      vertex 2.42473 -2.6 11.2508
      vertex 2.48552 -3 11.2701
      vertex 2.48552 -2.6 11.2701
    endloop
  endfacet
  facet normal -0.302602 0 0.953117
    outer loop
      vertex 2.48552 -3 11.2701
      vertex 2.42473 -2.6 11.2508
      vertex 2.42473 -3 11.2508
    endloop
  endfacet
  facet normal -0.175053 0 0.984559
    outer loop
      vertex 2.48552 -2.6 11.2701
      vertex 2.5502 -3 11.2816
      vertex 2.5502 -2.6 11.2816
    endloop
  endfacet
  facet normal -0.175053 0 0.984559
    outer loop
      vertex 2.5502 -3 11.2816
      vertex 2.48552 -2.6 11.2701
      vertex 2.48552 -3 11.2701
    endloop
  endfacet
  facet normal -0.0567844 0 0.998386
    outer loop
      vertex 2.5502 -2.6 11.2816
      vertex 2.61877 -3 11.2855
      vertex 2.61877 -2.6 11.2855
    endloop
  endfacet
  facet normal -0.0567844 0 0.998386
    outer loop
      vertex 2.61877 -3 11.2855
      vertex 2.5502 -2.6 11.2816
      vertex 2.5502 -3 11.2816
    endloop
  endfacet
  facet normal 0.0564154 0 0.998407
    outer loop
      vertex 2.61877 -2.6 11.2855
      vertex 2.68779 -3 11.2816
      vertex 2.68779 -2.6 11.2816
    endloop
  endfacet
  facet normal 0.0564154 0 0.998407
    outer loop
      vertex 2.68779 -3 11.2816
      vertex 2.61877 -2.6 11.2855
      vertex 2.61877 -3 11.2855
    endloop
  endfacet
  facet normal 0.174062 0 0.984735
    outer loop
      vertex 2.68779 -2.6 11.2816
      vertex 2.75285 -3 11.2701
      vertex 2.75285 -2.6 11.2701
    endloop
  endfacet
  facet normal 0.174062 0 0.984735
    outer loop
      vertex 2.75285 -3 11.2701
      vertex 2.68779 -2.6 11.2816
      vertex 2.68779 -3 11.2816
    endloop
  endfacet
  facet normal 0.301072 0 0.953602
    outer loop
      vertex 2.75285 -2.6 11.2701
      vertex 2.81398 -3 11.2508
      vertex 2.81398 -2.6 11.2508
    endloop
  endfacet
  facet normal 0.301072 0 0.953602
    outer loop
      vertex 2.81398 -3 11.2508
      vertex 2.75285 -2.6 11.2701
      vertex 2.75285 -3 11.2701
    endloop
  endfacet
  facet normal 0.427046 0 0.90423
    outer loop
      vertex 2.81398 -2.6 11.2508
      vertex 2.87115 -3 11.2238
      vertex 2.87115 -2.6 11.2238
    endloop
  endfacet
  facet normal 0.427046 0 0.90423
    outer loop
      vertex 2.87115 -3 11.2238
      vertex 2.81398 -2.6 11.2508
      vertex 2.81398 -3 11.2508
    endloop
  endfacet
  facet normal 0.546028 0 0.837767
    outer loop
      vertex 2.87115 -2.6 11.2238
      vertex 2.92439 -3 11.1891
      vertex 2.92439 -2.6 11.1891
    endloop
  endfacet
  facet normal 0.546028 0 0.837767
    outer loop
      vertex 2.92439 -3 11.1891
      vertex 2.87115 -2.6 11.2238
      vertex 2.87115 -3 11.2238
    endloop
  endfacet
  facet normal 0.652133 0 0.758105
    outer loop
      vertex 2.92439 -2.6 11.1891
      vertex 2.97368 -3 11.1467
      vertex 2.97368 -2.6 11.1467
    endloop
  endfacet
  facet normal 0.652133 0 0.758105
    outer loop
      vertex 2.97368 -3 11.1467
      vertex 2.92439 -2.6 11.1891
      vertex 2.92439 -3 11.1891
    endloop
  endfacet
  facet normal 0.741378 -0 0.671088
    outer loop
      vertex 2.97368 -3 11.1467
      vertex 3.01903 -2.6 11.0966
      vertex 2.97368 -2.6 11.1467
    endloop
  endfacet
  facet normal 0.741378 0 0.671088
    outer loop
      vertex 3.01903 -2.6 11.0966
      vertex 2.97368 -3 11.1467
      vertex 3.01903 -3 11.0966
    endloop
  endfacet
  facet normal 0.813039 -0 0.582209
    outer loop
      vertex 3.01903 -3 11.0966
      vertex 3.06042 -2.6 11.0388
      vertex 3.01903 -2.6 11.0966
    endloop
  endfacet
  facet normal 0.813039 0 0.582209
    outer loop
      vertex 3.06042 -2.6 11.0388
      vertex 3.01903 -3 11.0966
      vertex 3.06042 -3 11.0388
    endloop
  endfacet
  facet normal 0.868333 -0 0.495982
    outer loop
      vertex 3.06042 -3 11.0388
      vertex 3.09789 -2.6 10.9732
      vertex 3.06042 -2.6 11.0388
    endloop
  endfacet
  facet normal 0.868333 0 0.495982
    outer loop
      vertex 3.09789 -2.6 10.9732
      vertex 3.06042 -3 11.0388
      vertex 3.09789 -3 10.9732
    endloop
  endfacet
  facet normal 0.9093 -0 0.416141
    outer loop
      vertex 3.09789 -3 10.9732
      vertex 3.13139 -2.6 10.9
      vertex 3.09789 -2.6 10.9732
    endloop
  endfacet
  facet normal 0.9093 0 0.416141
    outer loop
      vertex 3.13139 -2.6 10.9
      vertex 3.09789 -3 10.9732
      vertex 3.13139 -3 10.9
    endloop
  endfacet
  facet normal 0.939499 -0 0.342552
    outer loop
      vertex 3.13139 -3 10.9
      vertex 3.16096 -2.6 10.8189
      vertex 3.13139 -2.6 10.9
    endloop
  endfacet
  facet normal 0.939499 0 0.342552
    outer loop
      vertex 3.16096 -2.6 10.8189
      vertex 3.13139 -3 10.9
      vertex 3.16096 -3 10.8189
    endloop
  endfacet
  facet normal 0.960669 -0 0.277695
    outer loop
      vertex 3.16096 -3 10.8189
      vertex 3.1866 -2.6 10.7302
      vertex 3.16096 -2.6 10.8189
    endloop
  endfacet
  facet normal 0.960669 0 0.277695
    outer loop
      vertex 3.1866 -2.6 10.7302
      vertex 3.16096 -3 10.8189
      vertex 3.1866 -3 10.7302
    endloop
  endfacet
  facet normal 0.975729 -0 0.218983
    outer loop
      vertex 3.1866 -3 10.7302
      vertex 3.20828 -2.6 10.6336
      vertex 3.1866 -2.6 10.7302
    endloop
  endfacet
  facet normal 0.975729 0 0.218983
    outer loop
      vertex 3.20828 -2.6 10.6336
      vertex 3.1866 -3 10.7302
      vertex 3.20828 -3 10.6336
    endloop
  endfacet
  facet normal 0.985826 -0 0.16777
    outer loop
      vertex 3.20828 -3 10.6336
      vertex 3.22603 -2.6 10.5293
      vertex 3.20828 -2.6 10.6336
    endloop
  endfacet
  facet normal 0.985826 0 0.16777
    outer loop
      vertex 3.22603 -2.6 10.5293
      vertex 3.20828 -3 10.6336
      vertex 3.22603 -3 10.5293
    endloop
  endfacet
  facet normal 0.992505 -0 0.122202
    outer loop
      vertex 3.22603 -3 10.5293
      vertex 3.23982 -2.6 10.4173
      vertex 3.22603 -2.6 10.5293
    endloop
  endfacet
  facet normal 0.992505 0 0.122202
    outer loop
      vertex 3.23982 -2.6 10.4173
      vertex 3.22603 -3 10.5293
      vertex 3.23982 -3 10.4173
    endloop
  endfacet
  facet normal 0.996636 -0 0.0819585
    outer loop
      vertex 3.23982 -3 10.4173
      vertex 3.24968 -2.6 10.2974
      vertex 3.23982 -2.6 10.4173
    endloop
  endfacet
  facet normal 0.996636 0 0.0819585
    outer loop
      vertex 3.24968 -2.6 10.2974
      vertex 3.23982 -3 10.4173
      vertex 3.24968 -3 10.2974
    endloop
  endfacet
  facet normal 0.998924 -0 0.0463814
    outer loop
      vertex 3.24968 -3 10.2974
      vertex 3.2556 -2.6 10.1699
      vertex 3.24968 -2.6 10.2974
    endloop
  endfacet
  facet normal 0.998924 0 0.0463814
    outer loop
      vertex 3.2556 -2.6 10.1699
      vertex 3.24968 -3 10.2974
      vertex 3.2556 -3 10.1699
    endloop
  endfacet
  facet normal 0.999894 -0 0.0145479
    outer loop
      vertex 3.2556 -3 10.1699
      vertex 3.25757 -2.6 10.0345
      vertex 3.2556 -2.6 10.1699
    endloop
  endfacet
  facet normal 0.999894 0 0.0145479
    outer loop
      vertex 3.25757 -2.6 10.0345
      vertex 3.2556 -3 10.1699
      vertex 3.25757 -3 10.0345
    endloop
  endfacet
  facet normal 0.999893 0 -0.0146051
    outer loop
      vertex 3.25757 -3 10.0345
      vertex 3.2556 -2.6 9.89963
      vertex 3.25757 -2.6 10.0345
    endloop
  endfacet
  facet normal 0.999893 0 -0.0146051
    outer loop
      vertex 3.2556 -2.6 9.89963
      vertex 3.25757 -3 10.0345
      vertex 3.2556 -3 9.89963
    endloop
  endfacet
  facet normal 0.998919 0 -0.0464869
    outer loop
      vertex 3.2556 -3 9.89963
      vertex 3.24968 -2.6 9.77242
      vertex 3.2556 -2.6 9.89963
    endloop
  endfacet
  facet normal 0.998919 0 -0.0464869
    outer loop
      vertex 3.24968 -2.6 9.77242
      vertex 3.2556 -3 9.89963
      vertex 3.24968 -3 9.77242
    endloop
  endfacet
  facet normal 0.996613 0 -0.082231
    outer loop
      vertex 3.24968 -3 9.77242
      vertex 3.23982 -2.6 9.65292
      vertex 3.24968 -2.6 9.77242
    endloop
  endfacet
  facet normal 0.996613 0 -0.082231
    outer loop
      vertex 3.23982 -2.6 9.65292
      vertex 3.24968 -3 9.77242
      vertex 3.23982 -3 9.65292
    endloop
  endfacet
  facet normal 0.992476 0 -0.122439
    outer loop
      vertex 3.23982 -3 9.65292
      vertex 3.22603 -2.6 9.54114
      vertex 3.23982 -2.6 9.65292
    endloop
  endfacet
  facet normal 0.992476 0 -0.122439
    outer loop
      vertex 3.22603 -2.6 9.54114
      vertex 3.23982 -3 9.65292
      vertex 3.22603 -3 9.54114
    endloop
  endfacet
  facet normal 0.985765 0 -0.16813
    outer loop
      vertex 3.22603 -3 9.54114
      vertex 3.20828 -2.6 9.43707
      vertex 3.22603 -2.6 9.54114
    endloop
  endfacet
  facet normal 0.985765 0 -0.16813
    outer loop
      vertex 3.20828 -2.6 9.43707
      vertex 3.22603 -3 9.54114
      vertex 3.20828 -3 9.43707
    endloop
  endfacet
  facet normal 0.975617 0 -0.219481
    outer loop
      vertex 3.20828 -3 9.43707
      vertex 3.1866 -2.6 9.3407
      vertex 3.20828 -2.6 9.43707
    endloop
  endfacet
  facet normal 0.975617 0 -0.219481
    outer loop
      vertex 3.1866 -2.6 9.3407
      vertex 3.20828 -3 9.43707
      vertex 3.1866 -3 9.3407
    endloop
  endfacet
  facet normal 0.960636 0 -0.277811
    outer loop
      vertex 3.1866 -3 9.3407
      vertex 3.16096 -2.6 9.25204
      vertex 3.1866 -2.6 9.3407
    endloop
  endfacet
  facet normal 0.960636 0 -0.277811
    outer loop
      vertex 3.16096 -2.6 9.25204
      vertex 3.1866 -3 9.3407
      vertex 3.16096 -3 9.25204
    endloop
  endfacet
  facet normal 0.939308 0 -0.343075
    outer loop
      vertex 3.16096 -3 9.25204
      vertex 3.13139 -2.6 9.17108
      vertex 3.16096 -2.6 9.25204
    endloop
  endfacet
  facet normal 0.939308 0 -0.343075
    outer loop
      vertex 3.13139 -2.6 9.17108
      vertex 3.16096 -3 9.25204
      vertex 3.13139 -3 9.17108
    endloop
  endfacet
  facet normal 0.909364 0 -0.416
    outer loop
      vertex 3.13139 -3 9.17108
      vertex 3.09789 -2.6 9.09785
      vertex 3.13139 -2.6 9.17108
    endloop
  endfacet
  facet normal 0.909364 0 -0.416
    outer loop
      vertex 3.09789 -2.6 9.09785
      vertex 3.13139 -3 9.17108
      vertex 3.09789 -3 9.09785
    endloop
  endfacet
  facet normal 0.868105 0 -0.496381
    outer loop
      vertex 3.09789 -3 9.09785
      vertex 3.06042 -2.6 9.03232
      vertex 3.09789 -2.6 9.09785
    endloop
  endfacet
  facet normal 0.868105 0 -0.496381
    outer loop
      vertex 3.06042 -2.6 9.03232
      vertex 3.09789 -3 9.09785
      vertex 3.06042 -3 9.03232
    endloop
  endfacet
  facet normal 0.813134 0 -0.582076
    outer loop
      vertex 3.06042 -3 9.03232
      vertex 3.01903 -2.6 8.9745
      vertex 3.06042 -2.6 9.03232
    endloop
  endfacet
  facet normal 0.813134 0 -0.582076
    outer loop
      vertex 3.01903 -2.6 8.9745
      vertex 3.06042 -3 9.03232
      vertex 3.01903 -3 8.9745
    endloop
  endfacet
  facet normal 0.741445 0 -0.671014
    outer loop
      vertex 3.01903 -3 8.9745
      vertex 2.97368 -2.6 8.92439
      vertex 3.01903 -2.6 8.9745
    endloop
  endfacet
  facet normal 0.741445 0 -0.671014
    outer loop
      vertex 2.97368 -2.6 8.92439
      vertex 3.01903 -3 8.9745
      vertex 2.97368 -3 8.92439
    endloop
  endfacet
  facet normal 0.652045 0 -0.758181
    outer loop
      vertex 2.92439 -3 8.882
      vertex 2.97368 -2.6 8.92439
      vertex 2.97368 -3 8.92439
    endloop
  endfacet
  facet normal 0.652045 0 -0.758181
    outer loop
      vertex 2.97368 -2.6 8.92439
      vertex 2.92439 -3 8.882
      vertex 2.92439 -2.6 8.882
    endloop
  endfacet
  facet normal 0.545917 0 -0.837839
    outer loop
      vertex 2.87115 -3 8.84731
      vertex 2.92439 -2.6 8.882
      vertex 2.92439 -3 8.882
    endloop
  endfacet
  facet normal 0.545917 0 -0.837839
    outer loop
      vertex 2.92439 -2.6 8.882
      vertex 2.87115 -3 8.84731
      vertex 2.87115 -2.6 8.84731
    endloop
  endfacet
  facet normal 0.426787 0 -0.904352
    outer loop
      vertex 2.81398 -3 8.82033
      vertex 2.87115 -2.6 8.84731
      vertex 2.87115 -3 8.84731
    endloop
  endfacet
  facet normal 0.426787 0 -0.904352
    outer loop
      vertex 2.87115 -2.6 8.84731
      vertex 2.81398 -3 8.82033
      vertex 2.81398 -2.6 8.82033
    endloop
  endfacet
  facet normal 0.300646 0 -0.953736
    outer loop
      vertex 2.75285 -3 8.80106
      vertex 2.81398 -2.6 8.82033
      vertex 2.81398 -3 8.82033
    endloop
  endfacet
  facet normal 0.300646 0 -0.953736
    outer loop
      vertex 2.81398 -2.6 8.82033
      vertex 2.75285 -3 8.80106
      vertex 2.75285 -2.6 8.80106
    endloop
  endfacet
  facet normal 0.175089 0 -0.984553
    outer loop
      vertex 2.68779 -3 8.78949
      vertex 2.75285 -2.6 8.80106
      vertex 2.75285 -3 8.80106
    endloop
  endfacet
  facet normal 0.175089 0 -0.984553
    outer loop
      vertex 2.75285 -2.6 8.80106
      vertex 2.68779 -3 8.78949
      vertex 2.68779 -2.6 8.78949
    endloop
  endfacet
  facet normal 0.0556944 0 -0.998448
    outer loop
      vertex 2.61877 -3 8.78564
      vertex 2.68779 -2.6 8.78949
      vertex 2.68779 -3 8.78949
    endloop
  endfacet
  facet normal 0.0556944 0 -0.998448
    outer loop
      vertex 2.68779 -2.6 8.78949
      vertex 2.61877 -3 8.78564
      vertex 2.61877 -2.6 8.78564
    endloop
  endfacet
  facet normal -0.0560587 0 -0.998427
    outer loop
      vertex 2.5502 -3 8.78949
      vertex 2.61877 -2.6 8.78564
      vertex 2.61877 -3 8.78564
    endloop
  endfacet
  facet normal -0.0560587 0 -0.998427
    outer loop
      vertex 2.61877 -2.6 8.78564
      vertex 2.5502 -3 8.78949
      vertex 2.5502 -2.6 8.78949
    endloop
  endfacet
  facet normal 0 0 -1
    outer loop
      vertex -2.28827 -3 8.86436
      vertex -1.61693 -2.6 8.86436
      vertex -1.61693 -3 8.86436
    endloop
  endfacet
  facet normal -0 0 -1
    outer loop
      vertex -1.61693 -2.6 8.86436
      vertex -2.28827 -3 8.86436
      vertex -2.28827 -2.6 8.86436
    endloop
  endfacet
  facet normal -1 0 0
    outer loop
      vertex -2.28827 -3 8.86436
      vertex -2.28827 -2.6 11.5562
      vertex -2.28827 -2.6 8.86436
    endloop
  endfacet
  facet normal -1 -0 0
    outer loop
      vertex -2.28827 -2.6 11.5562
      vertex -2.28827 -3 8.86436
      vertex -2.28827 -3 11.5562
    endloop
  endfacet
  facet normal 0 0 -1
    outer loop
      vertex -2.6992 -3 11.5562
      vertex -2.28827 -2.6 11.5562
      vertex -2.28827 -3 11.5562
    endloop
  endfacet
  facet normal -0 0 -1
    outer loop
      vertex -2.28827 -2.6 11.5562
      vertex -2.6992 -3 11.5562
      vertex -2.6992 -2.6 11.5562
    endloop
  endfacet
  facet normal 0.196952 0 -0.980413
    outer loop
      vertex -3.42548 -3 11.4103
      vertex -2.6992 -2.6 11.5562
      vertex -2.6992 -3 11.5562
    endloop
  endfacet
  facet normal 0.196952 0 -0.980413
    outer loop
      vertex -2.6992 -2.6 11.5562
      vertex -3.42548 -3 11.4103
      vertex -3.42548 -2.6 11.4103
    endloop
  endfacet
  facet normal 1 -0 0
    outer loop
      vertex -3.42548 -3 11.4103
      vertex -3.42548 -2.6 11.0359
      vertex -3.42548 -2.6 11.4103
    endloop
  endfacet
  facet normal 1 0 0
    outer loop
      vertex -3.42548 -2.6 11.0359
      vertex -3.42548 -3 11.4103
      vertex -3.42548 -3 11.0359
    endloop
  endfacet
  facet normal -0.195897 0 0.980625
    outer loop
      vertex -3.42548 -2.6 11.0359
      vertex -2.69513 -3 11.1818
      vertex -2.69513 -2.6 11.1818
    endloop
  endfacet
  facet normal -0.195897 0 0.980625
    outer loop
      vertex -2.69513 -3 11.1818
      vertex -3.42548 -2.6 11.0359
      vertex -3.42548 -3 11.0359
    endloop
  endfacet
  facet normal 1 -0 0
    outer loop
      vertex -2.69513 -3 11.1818
      vertex -2.69513 -2.6 8.86436
      vertex -2.69513 -2.6 11.1818
    endloop
  endfacet
  facet normal 1 0 0
    outer loop
      vertex -2.69513 -2.6 8.86436
      vertex -2.69513 -3 11.1818
      vertex -2.69513 -3 8.86436
    endloop
  endfacet
  facet normal 0 0 -1
    outer loop
      vertex -3.3665 -3 8.86436
      vertex -2.69513 -2.6 8.86436
      vertex -2.69513 -3 8.86436
    endloop
  endfacet
  facet normal -0 0 -1
    outer loop
      vertex -2.69513 -2.6 8.86436
      vertex -3.3665 -3 8.86436
      vertex -3.3665 -2.6 8.86436
    endloop
  endfacet
  facet normal 1 -0 0
    outer loop
      vertex -3.3665 -3 8.86436
      vertex -3.3665 -2.6 8.51875
      vertex -3.3665 -2.6 8.86436
    endloop
  endfacet
  facet normal 1 0 0
    outer loop
      vertex -3.3665 -2.6 8.51875
      vertex -3.3665 -3 8.86436
      vertex -3.3665 -3 8.51875
    endloop
  endfacet
  facet normal -0 0 1
    outer loop
      vertex -3.3665 -2.6 8.51875
      vertex -1.61693 -3 8.51875
      vertex -1.61693 -2.6 8.51875
    endloop
  endfacet
  facet normal 0 0 1
    outer loop
      vertex -1.61693 -3 8.51875
      vertex -3.3665 -2.6 8.51875
      vertex -3.3665 -3 8.51875
    endloop
  endfacet
  facet normal -1 0 0
    outer loop
      vertex -1.61693 -3 8.51875
      vertex -1.61693 -2.6 8.86436
      vertex -1.61693 -2.6 8.51875
    endloop
  endfacet
  facet normal -1 -0 0
    outer loop
      vertex -1.61693 -2.6 8.86436
      vertex -1.61693 -3 8.51875
      vertex -1.61693 -3 8.86436
    endloop
  endfacet
endsolid OpenSCAD_Model
