solid OpenSCAD_Model
  facet normal -0 0 -1
    outer loop
      vertex -4.81246 0.997414 0
      vertex -5.73634 0.614731 0
      vertex -4.85048 1.10367 0
    endloop
  endfacet
  facet normal 0 0 -1
    outer loop
      vertex -5.80742 0.813389 0
      vertex -4.85048 1.10367 0
      vertex -5.73634 0.614731 0
    endloop
  endfacet
  facet normal 0 -0 -1
    outer loop
      vertex -5.27028 2.95778 0
      vertex -4.9 1.4375 0
      vertex -5.41197 2.80145 0
    endloop
  endfacet
  facet normal 0 0 -1
    outer loop
      vertex -4.9 1.4375 0
      vertex -5.27028 2.95778 0
      vertex -5.1875 3.03281 0
    endloop
  endfacet
  facet normal -0 0 -1
    outer loop
      vertex -4.85048 1.10367 0
      vertex -5.80742 0.813389 0
      vertex -4.8779 1.21315 0
    endloop
  endfacet
  facet normal 0 0 -1
    outer loop
      vertex -4.9 1.4375 0
      vertex -5.53766 2.63198 0
      vertex -5.41197 2.80145 0
    endloop
  endfacet
  facet normal 0 0 -1
    outer loop
      vertex -5.85869 1.01806 0
      vertex -4.8779 1.21315 0
      vertex -5.80742 0.813389 0
    endloop
  endfacet
  facet normal 0 0 -1
    outer loop
      vertex -4.9 1.4375 0
      vertex -5.64613 2.451 0
      vertex -5.53766 2.63198 0
    endloop
  endfacet
  facet normal -0 0 -1
    outer loop
      vertex -4.8779 1.21315 0
      vertex -5.85869 1.01806 0
      vertex -4.89446 1.32478 0
    endloop
  endfacet
  facet normal 0 0 -1
    outer loop
      vertex -4.9 1.4375 0
      vertex -5.73634 2.26027 0
      vertex -5.64613 2.451 0
    endloop
  endfacet
  facet normal 0 0 -1
    outer loop
      vertex -5.88965 1.22676 0
      vertex -4.89446 1.32478 0
      vertex -5.85869 1.01806 0
    endloop
  endfacet
  facet normal 0 0 -1
    outer loop
      vertex -4.9 1.4375 0
      vertex -5.80742 2.06161 0
      vertex -5.73634 2.26027 0
    endloop
  endfacet
  facet normal -0 0 -1
    outer loop
      vertex -4.89446 1.32478 0
      vertex -5.88965 1.22676 0
      vertex -4.9 1.4375 0
    endloop
  endfacet
  facet normal 0 0 -1
    outer loop
      vertex -4.9 1.4375 0
      vertex -5.85869 1.85694 0
      vertex -5.80742 2.06161 0
    endloop
  endfacet
  facet normal 0 0 -1
    outer loop
      vertex -5.9 1.4375 0
      vertex -4.9 1.4375 0
      vertex -5.88965 1.22676 0
    endloop
  endfacet
  facet normal 0 0 -1
    outer loop
      vertex -4.9 1.4375 0
      vertex -5.88965 1.64824 0
      vertex -5.85869 1.85694 0
    endloop
  endfacet
  facet normal 0 0 -1
    outer loop
      vertex -4.9 1.4375 0
      vertex -5.9 1.4375 0
      vertex -5.88965 1.64824 0
    endloop
  endfacet
  facet normal 0 0 -1
    outer loop
      vertex -2.6 1.4375 0
      vertex -1.6 1.4375 0
      vertex -1.61035 1.22676 0
    endloop
  endfacet
  facet normal 0 0 -1
    outer loop
      vertex -2.60554 1.32478 0
      vertex -1.61035 1.22676 0
      vertex -1.64131 1.01806 0
    endloop
  endfacet
  facet normal 0 0 -1
    outer loop
      vertex -1.6 1.4375 0
      vertex -2.6 1.4375 0
      vertex -1.61035 1.64824 0
    endloop
  endfacet
  facet normal 0 0 -1
    outer loop
      vertex -2.6221 1.21315 0
      vertex -1.64131 1.01806 0
      vertex -1.69258 0.813389 0
    endloop
  endfacet
  facet normal 0 0 -1
    outer loop
      vertex -2.60554 1.55022 0
      vertex -1.61035 1.64824 0
      vertex -2.6 1.4375 0
    endloop
  endfacet
  facet normal 0 0 -1
    outer loop
      vertex -2.64952 1.10367 0
      vertex -1.69258 0.813389 0
      vertex -1.76366 0.614731 0
    endloop
  endfacet
  facet normal -0 0 -1
    outer loop
      vertex -1.61035 1.64824 0
      vertex -2.60554 1.55022 0
      vertex -1.64131 1.85694 0
    endloop
  endfacet
  facet normal 0 0 -1
    outer loop
      vertex -2.68754 0.997414 0
      vertex -1.76366 0.614731 0
      vertex -1.85387 0.423998 0
    endloop
  endfacet
  facet normal 0 0 -1
    outer loop
      vertex -2.6221 1.66185 0
      vertex -1.64131 1.85694 0
      vertex -2.60554 1.55022 0
    endloop
  endfacet
  facet normal 0 0 -1
    outer loop
      vertex -2.73579 0.895393 0
      vertex -1.85387 0.423998 0
      vertex -1.96234 0.243025 0
    endloop
  endfacet
  facet normal -0 0 -1
    outer loop
      vertex -1.64131 1.85694 0
      vertex -2.6221 1.66185 0
      vertex -1.69258 2.06161 0
    endloop
  endfacet
  facet normal 0 0 -1
    outer loop
      vertex -2.79381 0.798594 0
      vertex -1.96234 0.243025 0
      vertex -2.08803 0.073555 0
    endloop
  endfacet
  facet normal 0 0 -1
    outer loop
      vertex -2.64952 1.77133 0
      vertex -1.69258 2.06161 0
      vertex -2.6221 1.66185 0
    endloop
  endfacet
  facet normal 0 0 -1
    outer loop
      vertex -2.86104 0.707947 0
      vertex -2.08803 0.073555 0
      vertex -2.22972 -0.0827789 0
    endloop
  endfacet
  facet normal -0 0 -1
    outer loop
      vertex -1.69258 2.06161 0
      vertex -2.64952 1.77133 0
      vertex -1.76366 2.26027 0
    endloop
  endfacet
  facet normal 0 0 -1
    outer loop
      vertex -2.93683 0.624327 0
      vertex -2.22972 -0.0827789 0
      vertex -2.3125 -0.157806 0
    endloop
  endfacet
  facet normal 0 0 -1
    outer loop
      vertex -2.68754 1.87759 0
      vertex -1.76366 2.26027 0
      vertex -2.64952 1.77133 0
    endloop
  endfacet
  facet normal -0 0 -1
    outer loop
      vertex -1.85387 2.451 0
      vertex -2.73579 1.97961 0
      vertex -1.96234 2.63198 0
    endloop
  endfacet
  facet normal 0 0 -1
    outer loop
      vertex -2.79381 2.07641 0
      vertex -1.96234 2.63198 0
      vertex -2.73579 1.97961 0
    endloop
  endfacet
  facet normal -0 0 -1
    outer loop
      vertex -1.96234 2.63198 0
      vertex -2.79381 2.07641 0
      vertex -2.08803 2.80145 0
    endloop
  endfacet
  facet normal 0 0 -1
    outer loop
      vertex -2.86104 2.16705 0
      vertex -2.08803 2.80145 0
      vertex -2.79381 2.07641 0
    endloop
  endfacet
  facet normal -0 0 -1
    outer loop
      vertex -2.08803 2.80145 0
      vertex -2.86104 2.16705 0
      vertex -2.22972 2.95778 0
    endloop
  endfacet
  facet normal 0 0 -1
    outer loop
      vertex -2.93683 2.25067 0
      vertex -2.22972 2.95778 0
      vertex -2.86104 2.16705 0
    endloop
  endfacet
  facet normal -0 0 -1
    outer loop
      vertex -2.22972 2.95778 0
      vertex -2.93683 2.25067 0
      vertex -2.3125 3.03281 0
    endloop
  endfacet
  facet normal 0 0 -1
    outer loop
      vertex -3.02045 2.32646 0
      vertex -2.3125 3.03281 0
      vertex -2.93683 2.25067 0
    endloop
  endfacet
  facet normal 0 0 -1
    outer loop
      vertex -3.11109 2.39369 0
      vertex -2.3125 3.03281 0
      vertex -3.02045 2.32646 0
    endloop
  endfacet
  facet normal 0 0 -1
    outer loop
      vertex -3.20789 2.45171 0
      vertex -2.3125 3.03281 0
      vertex -3.11109 2.39369 0
    endloop
  endfacet
  facet normal 0 0 -1
    outer loop
      vertex -3.30991 2.49996 0
      vertex -2.3125 3.03281 0
      vertex -3.20789 2.45171 0
    endloop
  endfacet
  facet normal 0 0 -1
    outer loop
      vertex -3.41617 2.53798 0
      vertex -2.3125 3.03281 0
      vertex -3.30991 2.49996 0
    endloop
  endfacet
  facet normal 0 0 -1
    outer loop
      vertex -3.52565 2.5654 0
      vertex -2.3125 3.03281 0
      vertex -3.41617 2.53798 0
    endloop
  endfacet
  facet normal 0 0 -1
    outer loop
      vertex -3.63728 2.58196 0
      vertex -2.3125 3.03281 0
      vertex -3.52565 2.5654 0
    endloop
  endfacet
  facet normal -0 0 -1
    outer loop
      vertex -2.3125 3.03281 0
      vertex -3.63728 2.58196 0
      vertex -2.3125 5.1875 0
    endloop
  endfacet
  facet normal 0 0 -1
    outer loop
      vertex -3.75 2.5875 0
      vertex -2.3125 5.1875 0
      vertex -3.63728 2.58196 0
    endloop
  endfacet
  facet normal 0 0 -1
    outer loop
      vertex -5.1875 5.1875 0
      vertex -3.75 2.5875 0
      vertex -3.86272 2.58196 0
    endloop
  endfacet
  facet normal 0 0 -1
    outer loop
      vertex -5.1875 3.03281 0
      vertex -3.86272 2.58196 0
      vertex -3.97435 2.5654 0
    endloop
  endfacet
  facet normal 0 0 -1
    outer loop
      vertex -5.1875 3.03281 0
      vertex -3.97435 2.5654 0
      vertex -4.08383 2.53798 0
    endloop
  endfacet
  facet normal 0 0 -1
    outer loop
      vertex -5.1875 3.03281 0
      vertex -4.08383 2.53798 0
      vertex -4.19009 2.49996 0
    endloop
  endfacet
  facet normal 0 0 -1
    outer loop
      vertex -5.1875 3.03281 0
      vertex -4.19009 2.49996 0
      vertex -4.29211 2.45171 0
    endloop
  endfacet
  facet normal 0 0 -1
    outer loop
      vertex -5.1875 3.03281 0
      vertex -4.29211 2.45171 0
      vertex -4.38891 2.39369 0
    endloop
  endfacet
  facet normal 0 0 -1
    outer loop
      vertex -5.1875 3.03281 0
      vertex -4.38891 2.39369 0
      vertex -4.47955 2.32646 0
    endloop
  endfacet
  facet normal 0 0 -1
    outer loop
      vertex -5.1875 3.03281 0
      vertex -4.47955 2.32646 0
      vertex -4.56317 2.25067 0
    endloop
  endfacet
  facet normal 0 0 -1
    outer loop
      vertex -5.1875 3.03281 0
      vertex -4.56317 2.25067 0
      vertex -4.63896 2.16705 0
    endloop
  endfacet
  facet normal -0 0 -1
    outer loop
      vertex -4.76421 0.895393 0
      vertex -5.64613 0.423998 0
      vertex -4.81246 0.997414 0
    endloop
  endfacet
  facet normal 0 0 -1
    outer loop
      vertex -5.73634 0.614731 0
      vertex -4.81246 0.997414 0
      vertex -5.64613 0.423998 0
    endloop
  endfacet
  facet normal 0 0 -1
    outer loop
      vertex -4.9 1.4375 0
      vertex -5.1875 3.03281 0
      vertex -4.89446 1.55022 0
    endloop
  endfacet
  facet normal 0 0 -1
    outer loop
      vertex -4.89446 1.55022 0
      vertex -5.1875 3.03281 0
      vertex -4.8779 1.66185 0
    endloop
  endfacet
  facet normal 0 0 -1
    outer loop
      vertex -5.1875 3.03281 0
      vertex -4.85048 1.77133 0
      vertex -4.8779 1.66185 0
    endloop
  endfacet
  facet normal 0 0 -1
    outer loop
      vertex -5.1875 3.03281 0
      vertex -4.81246 1.87759 0
      vertex -4.85048 1.77133 0
    endloop
  endfacet
  facet normal 0 0 -1
    outer loop
      vertex -5.1875 3.03281 0
      vertex -4.76421 1.97961 0
      vertex -4.81246 1.87759 0
    endloop
  endfacet
  facet normal 0 0 -1
    outer loop
      vertex -5.1875 3.03281 0
      vertex -4.70619 2.07641 0
      vertex -4.76421 1.97961 0
    endloop
  endfacet
  facet normal 0 0 -1
    outer loop
      vertex -5.1875 3.03281 0
      vertex -4.63896 2.16705 0
      vertex -4.70619 2.07641 0
    endloop
  endfacet
  facet normal 0 0 -1
    outer loop
      vertex -3.86272 2.58196 0
      vertex -5.1875 3.03281 0
      vertex -5.1875 5.1875 0
    endloop
  endfacet
  facet normal 0 0 -1
    outer loop
      vertex -3.75 2.5875 0
      vertex -5.1875 5.1875 0
      vertex -2.3125 5.1875 0
    endloop
  endfacet
  facet normal 0 0 -1
    outer loop
      vertex 2.58196 -3.86272 0
      vertex 5.1875 -5.1875 0
      vertex 3.03281 -5.1875 0
    endloop
  endfacet
  facet normal 0 -0 -1
    outer loop
      vertex 2.5875 -3.75 0
      vertex 5.1875 -5.1875 0
      vertex 2.58196 -3.86272 0
    endloop
  endfacet
  facet normal 0 0 -1
    outer loop
      vertex 2.25067 -4.56317 0
      vertex 3.03281 -5.1875 0
      vertex 2.95778 -5.27028 0
    endloop
  endfacet
  facet normal 0 0 -1
    outer loop
      vertex 2.58196 -3.63728 0
      vertex 5.1875 -2.3125 0
      vertex 2.5875 -3.75 0
    endloop
  endfacet
  facet normal 0 0 -1
    outer loop
      vertex 2.25067 -4.56317 0
      vertex 2.95778 -5.27028 0
      vertex 2.80145 -5.41197 0
    endloop
  endfacet
  facet normal -0 0 -1
    outer loop
      vertex 5.1875 -2.3125 0
      vertex 2.58196 -3.63728 0
      vertex 3.03281 -2.3125 0
    endloop
  endfacet
  facet normal 0 0 -1
    outer loop
      vertex 2.16705 -4.63896 0
      vertex 2.80145 -5.41197 0
      vertex 2.63198 -5.53766 0
    endloop
  endfacet
  facet normal 0 0 -1
    outer loop
      vertex 2.5654 -3.52565 0
      vertex 3.03281 -2.3125 0
      vertex 2.58196 -3.63728 0
    endloop
  endfacet
  facet normal 0 0 -1
    outer loop
      vertex 2.53798 -3.41617 0
      vertex 3.03281 -2.3125 0
      vertex 2.5654 -3.52565 0
    endloop
  endfacet
  facet normal 0 0 -1
    outer loop
      vertex 5.1875 -5.1875 0
      vertex 2.5875 -3.75 0
      vertex 5.1875 -2.3125 0
    endloop
  endfacet
  facet normal 0 0 -1
    outer loop
      vertex 3.03281 -5.1875 0
      vertex 2.5654 -3.97435 0
      vertex 2.58196 -3.86272 0
    endloop
  endfacet
  facet normal 0 0 -1
    outer loop
      vertex 3.03281 -5.1875 0
      vertex 2.53798 -4.08383 0
      vertex 2.5654 -3.97435 0
    endloop
  endfacet
  facet normal 0 0 -1
    outer loop
      vertex 3.03281 -5.1875 0
      vertex 2.49996 -4.19009 0
      vertex 2.53798 -4.08383 0
    endloop
  endfacet
  facet normal 0 0 -1
    outer loop
      vertex 3.03281 -5.1875 0
      vertex 2.45171 -4.29211 0
      vertex 2.49996 -4.19009 0
    endloop
  endfacet
  facet normal 0 0 -1
    outer loop
      vertex 2.07641 -4.70619 0
      vertex 2.63198 -5.53766 0
      vertex 2.451 -5.64613 0
    endloop
  endfacet
  facet normal 0 0 -1
    outer loop
      vertex 3.03281 -5.1875 0
      vertex 2.39369 -4.38891 0
      vertex 2.45171 -4.29211 0
    endloop
  endfacet
  facet normal 0 0 -1
    outer loop
      vertex 3.03281 -5.1875 0
      vertex 2.32646 -4.47955 0
      vertex 2.39369 -4.38891 0
    endloop
  endfacet
  facet normal 0 0 -1
    outer loop
      vertex 1.97961 -4.76421 0
      vertex 2.451 -5.64613 0
      vertex 2.26027 -5.73634 0
    endloop
  endfacet
  facet normal 0 0 -1
    outer loop
      vertex 3.03281 -5.1875 0
      vertex 2.25067 -4.56317 0
      vertex 2.32646 -4.47955 0
    endloop
  endfacet
  facet normal 0 0 -1
    outer loop
      vertex 2.80145 -5.41197 0
      vertex 2.16705 -4.63896 0
      vertex 2.25067 -4.56317 0
    endloop
  endfacet
  facet normal 0 0 -1
    outer loop
      vertex 2.63198 -5.53766 0
      vertex 2.07641 -4.70619 0
      vertex 2.16705 -4.63896 0
    endloop
  endfacet
  facet normal 0 0 -1
    outer loop
      vertex 1.87759 -4.81246 0
      vertex 2.26027 -5.73634 0
      vertex 2.06161 -5.80742 0
    endloop
  endfacet
  facet normal 0 0 -1
    outer loop
      vertex 2.451 -5.64613 0
      vertex 1.97961 -4.76421 0
      vertex 2.07641 -4.70619 0
    endloop
  endfacet
  facet normal 0 0 -1
    outer loop
      vertex 2.26027 -5.73634 0
      vertex 1.87759 -4.81246 0
      vertex 1.97961 -4.76421 0
    endloop
  endfacet
  facet normal 0 0 -1
    outer loop
      vertex 1.77133 -4.85048 0
      vertex 2.06161 -5.80742 0
      vertex 1.85694 -5.85869 0
    endloop
  endfacet
  facet normal 0 0 -1
    outer loop
      vertex 2.06161 -5.80742 0
      vertex 1.77133 -4.85048 0
      vertex 1.87759 -4.81246 0
    endloop
  endfacet
  facet normal 0 0 -1
    outer loop
      vertex 1.85694 -5.85869 0
      vertex 1.66185 -4.8779 0
      vertex 1.77133 -4.85048 0
    endloop
  endfacet
  facet normal 0 0 -1
    outer loop
      vertex 1.64824 -5.88965 0
      vertex 1.66185 -4.8779 0
      vertex 1.85694 -5.85869 0
    endloop
  endfacet
  facet normal 0 0 -1
    outer loop
      vertex 1.64824 -5.88965 0
      vertex 1.55022 -4.89446 0
      vertex 1.66185 -4.8779 0
    endloop
  endfacet
  facet normal 0 0 -1
    outer loop
      vertex 1.4375 -5.9 0
      vertex 1.55022 -4.89446 0
      vertex 1.64824 -5.88965 0
    endloop
  endfacet
  facet normal 0 0 -1
    outer loop
      vertex 1.4375 -5.9 0
      vertex 1.4375 -4.9 0
      vertex 1.55022 -4.89446 0
    endloop
  endfacet
  facet normal 0 0 -1
    outer loop
      vertex 1.4375 -5.9 0
      vertex 1.32478 -4.89446 0
      vertex 1.4375 -4.9 0
    endloop
  endfacet
  facet normal 0 0 -1
    outer loop
      vertex 1.22676 -5.88965 0
      vertex 1.32478 -4.89446 0
      vertex 1.4375 -5.9 0
    endloop
  endfacet
  facet normal 0 0 -1
    outer loop
      vertex 1.22676 -5.88965 0
      vertex 1.21315 -4.8779 0
      vertex 1.32478 -4.89446 0
    endloop
  endfacet
  facet normal 0 0 -1
    outer loop
      vertex 1.01806 -5.85869 0
      vertex 1.21315 -4.8779 0
      vertex 1.22676 -5.88965 0
    endloop
  endfacet
  facet normal -0 0 -1
    outer loop
      vertex 1.21315 -4.8779 0
      vertex 1.01806 -5.85869 0
      vertex 1.10367 -4.85048 0
    endloop
  endfacet
  facet normal 0 0 -1
    outer loop
      vertex 0.813389 -5.80742 0
      vertex 1.10367 -4.85048 0
      vertex 1.01806 -5.85869 0
    endloop
  endfacet
  facet normal -0 0 -1
    outer loop
      vertex 1.10367 -4.85048 0
      vertex 0.813389 -5.80742 0
      vertex 0.997414 -4.81246 0
    endloop
  endfacet
  facet normal 0 0 -1
    outer loop
      vertex 0.614731 -5.73634 0
      vertex 0.997414 -4.81246 0
      vertex 0.813389 -5.80742 0
    endloop
  endfacet
  facet normal -0 0 -1
    outer loop
      vertex 0.997414 -4.81246 0
      vertex 0.614731 -5.73634 0
      vertex 0.895393 -4.76421 0
    endloop
  endfacet
  facet normal 0 0 -1
    outer loop
      vertex 0.423998 -5.64613 0
      vertex 0.895393 -4.76421 0
      vertex 0.614731 -5.73634 0
    endloop
  endfacet
  facet normal -0 0 -1
    outer loop
      vertex 0.895393 -4.76421 0
      vertex 0.423998 -5.64613 0
      vertex 0.798594 -4.70619 0
    endloop
  endfacet
  facet normal 0 0 -1
    outer loop
      vertex 0.243025 -5.53766 0
      vertex 0.798594 -4.70619 0
      vertex 0.423998 -5.64613 0
    endloop
  endfacet
  facet normal -0 0 -1
    outer loop
      vertex 0.798594 -4.70619 0
      vertex 0.243025 -5.53766 0
      vertex 0.707947 -4.63896 0
    endloop
  endfacet
  facet normal 0 0 -1
    outer loop
      vertex 0.073555 -5.41197 0
      vertex 0.707947 -4.63896 0
      vertex 0.243025 -5.53766 0
    endloop
  endfacet
  facet normal -0 0 -1
    outer loop
      vertex 0.707947 -4.63896 0
      vertex 0.073555 -5.41197 0
      vertex 0.624327 -4.56317 0
    endloop
  endfacet
  facet normal 0 0 -1
    outer loop
      vertex -0.0827789 -5.27028 0
      vertex 0.624327 -4.56317 0
      vertex 0.073555 -5.41197 0
    endloop
  endfacet
  facet normal 0 0 -1
    outer loop
      vertex -0.157806 -5.1875 0
      vertex 0.624327 -4.56317 0
      vertex -0.0827789 -5.27028 0
    endloop
  endfacet
  facet normal -0 0 -1
    outer loop
      vertex 0.624327 -4.56317 0
      vertex -0.157806 -5.1875 0
      vertex 0.548537 -4.47955 0
    endloop
  endfacet
  facet normal -0 0 -1
    outer loop
      vertex 0.548537 -4.47955 0
      vertex -0.157806 -5.1875 0
      vertex 0.48131 -4.38891 0
    endloop
  endfacet
  facet normal -0 0 -1
    outer loop
      vertex 0.48131 -4.38891 0
      vertex -0.157806 -5.1875 0
      vertex 0.42329 -4.29211 0
    endloop
  endfacet
  facet normal -0 0 -1
    outer loop
      vertex 0.375038 -4.19009 0
      vertex -0.157806 -5.1875 0
      vertex 0.337018 -4.08383 0
    endloop
  endfacet
  facet normal -0 0 -1
    outer loop
      vertex 0.42329 -4.29211 0
      vertex -0.157806 -5.1875 0
      vertex 0.375038 -4.19009 0
    endloop
  endfacet
  facet normal 0 0 -1
    outer loop
      vertex 2.49996 -3.30991 0
      vertex 3.03281 -2.3125 0
      vertex 2.53798 -3.41617 0
    endloop
  endfacet
  facet normal 0 0 -1
    outer loop
      vertex 2.45171 -3.20789 0
      vertex 3.03281 -2.3125 0
      vertex 2.49996 -3.30991 0
    endloop
  endfacet
  facet normal 0 0 -1
    outer loop
      vertex 2.39369 -3.11109 0
      vertex 3.03281 -2.3125 0
      vertex 2.45171 -3.20789 0
    endloop
  endfacet
  facet normal 0 0 -1
    outer loop
      vertex 2.32646 -3.02045 0
      vertex 3.03281 -2.3125 0
      vertex 2.39369 -3.11109 0
    endloop
  endfacet
  facet normal 0 0 -1
    outer loop
      vertex 2.25067 -2.93683 0
      vertex 3.03281 -2.3125 0
      vertex 2.32646 -3.02045 0
    endloop
  endfacet
  facet normal -0 0 -1
    outer loop
      vertex 3.03281 -2.3125 0
      vertex 2.25067 -2.93683 0
      vertex 2.95778 -2.22972 0
    endloop
  endfacet
  facet normal -0 0 -1
    outer loop
      vertex 2.95778 -2.22972 0
      vertex 2.25067 -2.93683 0
      vertex 2.80145 -2.08803 0
    endloop
  endfacet
  facet normal 0 0 -1
    outer loop
      vertex 2.16705 -2.86104 0
      vertex 2.80145 -2.08803 0
      vertex 2.25067 -2.93683 0
    endloop
  endfacet
  facet normal -0 0 -1
    outer loop
      vertex 2.80145 -2.08803 0
      vertex 2.16705 -2.86104 0
      vertex 2.63198 -1.96234 0
    endloop
  endfacet
  facet normal 0 0 -1
    outer loop
      vertex 2.07641 -2.79381 0
      vertex 2.63198 -1.96234 0
      vertex 2.16705 -2.86104 0
    endloop
  endfacet
  facet normal -0 0 -1
    outer loop
      vertex 2.63198 -1.96234 0
      vertex 2.07641 -2.79381 0
      vertex 2.451 -1.85387 0
    endloop
  endfacet
  facet normal 0 0 -1
    outer loop
      vertex 1.97961 -2.73579 0
      vertex 2.451 -1.85387 0
      vertex 2.07641 -2.79381 0
    endloop
  endfacet
  facet normal -0 0 -1
    outer loop
      vertex 2.451 -1.85387 0
      vertex 1.97961 -2.73579 0
      vertex 2.26027 -1.76366 0
    endloop
  endfacet
  facet normal 0 0 -1
    outer loop
      vertex 1.87759 -2.68754 0
      vertex 2.26027 -1.76366 0
      vertex 1.97961 -2.73579 0
    endloop
  endfacet
  facet normal -0 0 -1
    outer loop
      vertex 2.26027 -1.76366 0
      vertex 1.87759 -2.68754 0
      vertex 2.06161 -1.69258 0
    endloop
  endfacet
  facet normal 0 0 -1
    outer loop
      vertex 1.77133 -2.64952 0
      vertex 2.06161 -1.69258 0
      vertex 1.87759 -2.68754 0
    endloop
  endfacet
  facet normal -0 0 -1
    outer loop
      vertex 2.06161 -1.69258 0
      vertex 1.77133 -2.64952 0
      vertex 1.85694 -1.64131 0
    endloop
  endfacet
  facet normal 0 0 -1
    outer loop
      vertex 1.66185 -2.6221 0
      vertex 1.85694 -1.64131 0
      vertex 1.77133 -2.64952 0
    endloop
  endfacet
  facet normal 0 0 -1
    outer loop
      vertex 1.66185 -2.6221 0
      vertex 1.64824 -1.61035 0
      vertex 1.85694 -1.64131 0
    endloop
  endfacet
  facet normal 0 0 -1
    outer loop
      vertex 1.55022 -2.60554 0
      vertex 1.64824 -1.61035 0
      vertex 1.66185 -2.6221 0
    endloop
  endfacet
  facet normal 0 0 -1
    outer loop
      vertex 1.4375 -2.6 0
      vertex 1.64824 -1.61035 0
      vertex 1.55022 -2.60554 0
    endloop
  endfacet
  facet normal 0 0 -1
    outer loop
      vertex 1.4375 -2.6 0
      vertex 1.4375 -1.6 0
      vertex 1.64824 -1.61035 0
    endloop
  endfacet
  facet normal 0 0 -1
    outer loop
      vertex 1.32478 -2.60554 0
      vertex 1.4375 -1.6 0
      vertex 1.4375 -2.6 0
    endloop
  endfacet
  facet normal 0 0 -1
    outer loop
      vertex 1.32478 -2.60554 0
      vertex 1.22676 -1.61035 0
      vertex 1.4375 -1.6 0
    endloop
  endfacet
  facet normal 0 0 -1
    outer loop
      vertex 1.21315 -2.6221 0
      vertex 1.22676 -1.61035 0
      vertex 1.32478 -2.60554 0
    endloop
  endfacet
  facet normal 0 0 -1
    outer loop
      vertex 1.01806 -1.64131 0
      vertex 1.21315 -2.6221 0
      vertex 1.10367 -2.64952 0
    endloop
  endfacet
  facet normal 0 0 -1
    outer loop
      vertex 1.21315 -2.6221 0
      vertex 1.01806 -1.64131 0
      vertex 1.22676 -1.61035 0
    endloop
  endfacet
  facet normal 0 0 -1
    outer loop
      vertex 0.813389 -1.69258 0
      vertex 1.10367 -2.64952 0
      vertex 0.997414 -2.68754 0
    endloop
  endfacet
  facet normal 0 0 -1
    outer loop
      vertex 0.614731 -1.76366 0
      vertex 0.997414 -2.68754 0
      vertex 0.895393 -2.73579 0
    endloop
  endfacet
  facet normal 0 0 -1
    outer loop
      vertex 1.10367 -2.64952 0
      vertex 0.813389 -1.69258 0
      vertex 1.01806 -1.64131 0
    endloop
  endfacet
  facet normal 0 0 -1
    outer loop
      vertex 0.423998 -1.85387 0
      vertex 0.895393 -2.73579 0
      vertex 0.798594 -2.79381 0
    endloop
  endfacet
  facet normal 0 0 -1
    outer loop
      vertex 0.243025 -1.96234 0
      vertex 0.798594 -2.79381 0
      vertex 0.707947 -2.86104 0
    endloop
  endfacet
  facet normal 0 0 -1
    outer loop
      vertex 0.073555 -2.08803 0
      vertex 0.707947 -2.86104 0
      vertex 0.624327 -2.93683 0
    endloop
  endfacet
  facet normal 0 0 -1
    outer loop
      vertex 0.997414 -2.68754 0
      vertex 0.614731 -1.76366 0
      vertex 0.813389 -1.69258 0
    endloop
  endfacet
  facet normal 0 0 -1
    outer loop
      vertex -0.157806 -2.3125 0
      vertex 0.624327 -2.93683 0
      vertex 0.548537 -3.02045 0
    endloop
  endfacet
  facet normal 0 0 -1
    outer loop
      vertex -0.157806 -2.3125 0
      vertex 0.548537 -3.02045 0
      vertex 0.48131 -3.11109 0
    endloop
  endfacet
  facet normal 0 0 -1
    outer loop
      vertex 0.895393 -2.73579 0
      vertex 0.423998 -1.85387 0
      vertex 0.614731 -1.76366 0
    endloop
  endfacet
  facet normal 0 0 -1
    outer loop
      vertex -0.157806 -2.3125 0
      vertex 0.48131 -3.11109 0
      vertex 0.42329 -3.20789 0
    endloop
  endfacet
  facet normal 0 0 -1
    outer loop
      vertex -0.157806 -2.3125 0
      vertex 0.42329 -3.20789 0
      vertex 0.375038 -3.30991 0
    endloop
  endfacet
  facet normal 0 0 -1
    outer loop
      vertex -0.157806 -2.3125 0
      vertex 0.375038 -3.30991 0
      vertex 0.337018 -3.41617 0
    endloop
  endfacet
  facet normal 0 0 -1
    outer loop
      vertex -0.157806 -2.3125 0
      vertex 0.337018 -3.41617 0
      vertex 0.309596 -3.52565 0
    endloop
  endfacet
  facet normal 0 0 -1
    outer loop
      vertex -0.157806 -2.3125 0
      vertex 0.309596 -3.52565 0
      vertex 0.293037 -3.63728 0
    endloop
  endfacet
  facet normal 0 0 -1
    outer loop
      vertex 0.798594 -2.79381 0
      vertex 0.243025 -1.96234 0
      vertex 0.423998 -1.85387 0
    endloop
  endfacet
  facet normal 0 0 -1
    outer loop
      vertex -2.3125 -2.3125 0
      vertex 0.293037 -3.63728 0
      vertex 0.287499 -3.75 0
    endloop
  endfacet
  facet normal -0 0 -1
    outer loop
      vertex 0.337018 -4.08383 0
      vertex -0.157806 -5.1875 0
      vertex 0.309596 -3.97435 0
    endloop
  endfacet
  facet normal -0 0 -1
    outer loop
      vertex 0.309596 -3.97435 0
      vertex -0.157806 -5.1875 0
      vertex 0.293037 -3.86272 0
    endloop
  endfacet
  facet normal 0 0 -1
    outer loop
      vertex 0.707947 -2.86104 0
      vertex 0.073555 -2.08803 0
      vertex 0.243025 -1.96234 0
    endloop
  endfacet
  facet normal 0 0 -1
    outer loop
      vertex -2.3125 -2.3125 0
      vertex 0.293037 -3.86272 0
      vertex -0.157806 -5.1875 0
    endloop
  endfacet
  facet normal 0 0 -1
    outer loop
      vertex 0.293037 -3.86272 0
      vertex -2.3125 -2.3125 0
      vertex 0.287499 -3.75 0
    endloop
  endfacet
  facet normal 0 0 -1
    outer loop
      vertex 0.624327 -2.93683 0
      vertex -0.157806 -2.3125 0
      vertex -0.0827789 -2.22972 0
    endloop
  endfacet
  facet normal 0 0 -1
    outer loop
      vertex 0.624327 -2.93683 0
      vertex -0.0827789 -2.22972 0
      vertex 0.073555 -2.08803 0
    endloop
  endfacet
  facet normal 0 0 -1
    outer loop
      vertex 0.293037 -3.63728 0
      vertex -2.3125 -2.3125 0
      vertex -0.157806 -2.3125 0
    endloop
  endfacet
  facet normal 0 0 -1
    outer loop
      vertex -3.63728 0.293037 0
      vertex -2.3125 -0.157806 0
      vertex -2.3125 -2.3125 0
    endloop
  endfacet
  facet normal 0 0 -1
    outer loop
      vertex -1.61035 1.22676 0
      vertex -2.60554 1.32478 0
      vertex -2.6 1.4375 0
    endloop
  endfacet
  facet normal 0 0 -1
    outer loop
      vertex -2.73579 1.97961 0
      vertex -1.85387 2.451 0
      vertex -2.68754 1.87759 0
    endloop
  endfacet
  facet normal -0 0 -1
    outer loop
      vertex -1.76366 2.26027 0
      vertex -2.68754 1.87759 0
      vertex -1.85387 2.451 0
    endloop
  endfacet
  facet normal 0 0 -1
    outer loop
      vertex -1.64131 1.01806 0
      vertex -2.6221 1.21315 0
      vertex -2.60554 1.32478 0
    endloop
  endfacet
  facet normal 0 0 -1
    outer loop
      vertex -1.69258 0.813389 0
      vertex -2.64952 1.10367 0
      vertex -2.6221 1.21315 0
    endloop
  endfacet
  facet normal 0 0 -1
    outer loop
      vertex -1.76366 0.614731 0
      vertex -2.68754 0.997414 0
      vertex -2.64952 1.10367 0
    endloop
  endfacet
  facet normal 0 0 -1
    outer loop
      vertex -1.85387 0.423998 0
      vertex -2.73579 0.895393 0
      vertex -2.68754 0.997414 0
    endloop
  endfacet
  facet normal 0 0 -1
    outer loop
      vertex -1.96234 0.243025 0
      vertex -2.79381 0.798594 0
      vertex -2.73579 0.895393 0
    endloop
  endfacet
  facet normal 0 0 -1
    outer loop
      vertex -2.08803 0.073555 0
      vertex -2.86104 0.707947 0
      vertex -2.79381 0.798594 0
    endloop
  endfacet
  facet normal 0 0 -1
    outer loop
      vertex -2.22972 -0.0827789 0
      vertex -2.93683 0.624327 0
      vertex -2.86104 0.707947 0
    endloop
  endfacet
  facet normal 0 0 -1
    outer loop
      vertex -2.3125 -0.157806 0
      vertex -3.02045 0.548537 0
      vertex -2.93683 0.624327 0
    endloop
  endfacet
  facet normal 0 0 -1
    outer loop
      vertex -2.3125 -0.157806 0
      vertex -3.11109 0.48131 0
      vertex -3.02045 0.548537 0
    endloop
  endfacet
  facet normal 0 0 -1
    outer loop
      vertex -2.3125 -0.157806 0
      vertex -3.20789 0.42329 0
      vertex -3.11109 0.48131 0
    endloop
  endfacet
  facet normal 0 0 -1
    outer loop
      vertex -2.3125 -0.157806 0
      vertex -3.30991 0.375038 0
      vertex -3.20789 0.42329 0
    endloop
  endfacet
  facet normal 0 0 -1
    outer loop
      vertex -2.3125 -0.157806 0
      vertex -3.41617 0.337018 0
      vertex -3.30991 0.375038 0
    endloop
  endfacet
  facet normal 0 0 -1
    outer loop
      vertex -2.3125 -0.157806 0
      vertex -3.52565 0.309596 0
      vertex -3.41617 0.337018 0
    endloop
  endfacet
  facet normal 0 0 -1
    outer loop
      vertex -2.3125 -0.157806 0
      vertex -3.63728 0.293037 0
      vertex -3.52565 0.309596 0
    endloop
  endfacet
  facet normal 0 0 -1
    outer loop
      vertex -2.3125 -2.3125 0
      vertex -3.75 0.287499 0
      vertex -3.63728 0.293037 0
    endloop
  endfacet
  facet normal 0 0 -1
    outer loop
      vertex -2.3125 -2.3125 0
      vertex -3.86272 0.293037 0
      vertex -3.75 0.287499 0
    endloop
  endfacet
  facet normal 0 0 -1
    outer loop
      vertex -5.1875 -0.157806 0
      vertex -3.86272 0.293037 0
      vertex -2.3125 -2.3125 0
    endloop
  endfacet
  facet normal -0 0 -1
    outer loop
      vertex -3.86272 0.293037 0
      vertex -5.1875 -0.157806 0
      vertex -3.97435 0.309596 0
    endloop
  endfacet
  facet normal -0 0 -1
    outer loop
      vertex -3.97435 0.309596 0
      vertex -5.1875 -0.157806 0
      vertex -4.08383 0.337018 0
    endloop
  endfacet
  facet normal 0 0 -1
    outer loop
      vertex -5.1875 -0.157806 0
      vertex -2.3125 -2.3125 0
      vertex -5.1875 -5.1875 0
    endloop
  endfacet
  facet normal -0 0 -1
    outer loop
      vertex -4.08383 0.337018 0
      vertex -5.1875 -0.157806 0
      vertex -4.19009 0.375038 0
    endloop
  endfacet
  facet normal -0 0 -1
    outer loop
      vertex -4.19009 0.375038 0
      vertex -5.1875 -0.157806 0
      vertex -4.29211 0.42329 0
    endloop
  endfacet
  facet normal 0 0 -1
    outer loop
      vertex -5.1875 -5.1875 0
      vertex -2.3125 -2.3125 0
      vertex -0.157806 -5.1875 0
    endloop
  endfacet
  facet normal -0 0 -1
    outer loop
      vertex -4.29211 0.42329 0
      vertex -5.1875 -0.157806 0
      vertex -4.38891 0.48131 0
    endloop
  endfacet
  facet normal -0 0 -1
    outer loop
      vertex -4.38891 0.48131 0
      vertex -5.1875 -0.157806 0
      vertex -4.47955 0.548537 0
    endloop
  endfacet
  facet normal 0 0 -1
    outer loop
      vertex -5.64613 0.423998 0
      vertex -4.76421 0.895393 0
      vertex -5.53766 0.243025 0
    endloop
  endfacet
  facet normal -0 0 -1
    outer loop
      vertex -4.70619 0.798594 0
      vertex -5.53766 0.243025 0
      vertex -4.76421 0.895393 0
    endloop
  endfacet
  facet normal 0 0 -1
    outer loop
      vertex -5.53766 0.243025 0
      vertex -4.70619 0.798594 0
      vertex -5.41197 0.073555 0
    endloop
  endfacet
  facet normal -0 0 -1
    outer loop
      vertex -4.63896 0.707947 0
      vertex -5.41197 0.073555 0
      vertex -4.70619 0.798594 0
    endloop
  endfacet
  facet normal 0 0 -1
    outer loop
      vertex -5.41197 0.073555 0
      vertex -4.63896 0.707947 0
      vertex -5.27028 -0.0827789 0
    endloop
  endfacet
  facet normal -0 0 -1
    outer loop
      vertex -4.56317 0.624327 0
      vertex -5.27028 -0.0827789 0
      vertex -4.63896 0.707947 0
    endloop
  endfacet
  facet normal 0 0 -1
    outer loop
      vertex -5.27028 -0.0827789 0
      vertex -4.56317 0.624327 0
      vertex -5.1875 -0.157806 0
    endloop
  endfacet
  facet normal -0 0 -1
    outer loop
      vertex -4.47955 0.548537 0
      vertex -5.1875 -0.157806 0
      vertex -4.56317 0.624327 0
    endloop
  endfacet
  facet normal 1 -0 0
    outer loop
      vertex 5.1875 -5.1875 25
      vertex 5.1875 -2.3125 0
      vertex 5.1875 -2.3125 25
    endloop
  endfacet
  facet normal 1 0 0
    outer loop
      vertex 5.1875 -2.3125 0
      vertex 5.1875 -5.1875 25
      vertex 5.1875 -5.1875 0
    endloop
  endfacet
  facet normal 0 -1 0
    outer loop
      vertex -5.1875 -5.1875 25
      vertex 0.859677 -5.1875 2.6
      vertex 5.1875 -5.1875 25
    endloop
  endfacet
  facet normal 0 -1 0
    outer loop
      vertex -5.1875 -5.1875 25
      vertex 0.842068 -5.1875 2.59406
      vertex 0.859677 -5.1875 2.6
    endloop
  endfacet
  facet normal 0 -1 0
    outer loop
      vertex -5.1875 -5.1875 25
      vertex 0.696348 -5.1875 2.53168
      vertex 0.842068 -5.1875 2.59406
    endloop
  endfacet
  facet normal 0 -1 0
    outer loop
      vertex -5.1875 -5.1875 25
      vertex 0.669141 -5.1875 2.52004
      vertex 0.696348 -5.1875 2.53168
    endloop
  endfacet
  facet normal 0 -1 0
    outer loop
      vertex -5.1875 -5.1875 25
      vertex 0.629083 -5.1875 2.49942
      vertex 0.669141 -5.1875 2.52004
    endloop
  endfacet
  facet normal 0 -1 0
    outer loop
      vertex -5.1875 -5.1875 25
      vertex 0.476993 -5.1875 2.42113
      vertex 0.629083 -5.1875 2.49942
    endloop
  endfacet
  facet normal 0 -1 0
    outer loop
      vertex -5.1875 -5.1875 25
      vertex 0.368458 -5.1875 2.3564
      vertex 0.476993 -5.1875 2.42113
    endloop
  endfacet
  facet normal 0 -1 0
    outer loop
      vertex -5.1875 -5.1875 25
      vertex 0.257775 -5.1875 2.29039
      vertex 0.368458 -5.1875 2.3564
    endloop
  endfacet
  facet normal 0 -1 0
    outer loop
      vertex -5.1875 -5.1875 25
      vertex 0.179822 -5.1875 2.23797
      vertex 0.257775 -5.1875 2.29039
    endloop
  endfacet
  facet normal 0 -1 0
    outer loop
      vertex -5.1875 -5.1875 25
      vertex 0 -5.1875 2.11707
      vertex 0.179822 -5.1875 2.23797
    endloop
  endfacet
  facet normal 0 -1 0
    outer loop
      vertex -5.1875 -5.1875 0
      vertex 0 -5.1875 2.11707
      vertex -5.1875 -5.1875 25
    endloop
  endfacet
  facet normal 0 -1 0
    outer loop
      vertex 0 -5.1875 2.11707
      vertex -5.1875 -5.1875 0
      vertex -0.157806 -5.1875 2
    endloop
  endfacet
  facet normal 0 -1 -0
    outer loop
      vertex -0.157806 -5.1875 2
      vertex -5.1875 -5.1875 0
      vertex -0.157806 -5.1875 0
    endloop
  endfacet
  facet normal 0 -1 0
    outer loop
      vertex 2.01532 -5.1875 2.6
      vertex 5.1875 -5.1875 25
      vertex 0.859677 -5.1875 2.6
    endloop
  endfacet
  facet normal 0 -1 0
    outer loop
      vertex 2.03293 -5.1875 2.59406
      vertex 5.1875 -5.1875 25
      vertex 2.01532 -5.1875 2.6
    endloop
  endfacet
  facet normal 0 -1 0
    outer loop
      vertex 2.17865 -5.1875 2.53168
      vertex 5.1875 -5.1875 25
      vertex 2.03293 -5.1875 2.59406
    endloop
  endfacet
  facet normal 0 -1 0
    outer loop
      vertex 2.20586 -5.1875 2.52004
      vertex 5.1875 -5.1875 25
      vertex 2.17865 -5.1875 2.53168
    endloop
  endfacet
  facet normal 0 -1 0
    outer loop
      vertex 2.24592 -5.1875 2.49942
      vertex 5.1875 -5.1875 25
      vertex 2.20586 -5.1875 2.52004
    endloop
  endfacet
  facet normal 0 -1 0
    outer loop
      vertex 2.39801 -5.1875 2.42113
      vertex 5.1875 -5.1875 25
      vertex 2.24592 -5.1875 2.49942
    endloop
  endfacet
  facet normal 0 -1 0
    outer loop
      vertex 2.50654 -5.1875 2.3564
      vertex 5.1875 -5.1875 25
      vertex 2.39801 -5.1875 2.42113
    endloop
  endfacet
  facet normal 0 -1 0
    outer loop
      vertex 2.61723 -5.1875 2.29039
      vertex 5.1875 -5.1875 25
      vertex 2.50654 -5.1875 2.3564
    endloop
  endfacet
  facet normal 0 -1 0
    outer loop
      vertex 2.69518 -5.1875 2.23797
      vertex 5.1875 -5.1875 25
      vertex 2.61723 -5.1875 2.29039
    endloop
  endfacet
  facet normal 0 -1 0
    outer loop
      vertex 2.875 -5.1875 2.11707
      vertex 5.1875 -5.1875 25
      vertex 2.69518 -5.1875 2.23797
    endloop
  endfacet
  facet normal 0 -1 0
    outer loop
      vertex 3.03281 -5.1875 2
      vertex 5.1875 -5.1875 25
      vertex 2.875 -5.1875 2.11707
    endloop
  endfacet
  facet normal 0 -1 0
    outer loop
      vertex 5.1875 -5.1875 0
      vertex 3.03281 -5.1875 2
      vertex 3.03281 -5.1875 0
    endloop
  endfacet
  facet normal 0 -1 0
    outer loop
      vertex 3.03281 -5.1875 2
      vertex 5.1875 -5.1875 0
      vertex 5.1875 -5.1875 25
    endloop
  endfacet
  facet normal 0 0 1
    outer loop
      vertex -2.3125 5.1875 25
      vertex -5.1875 5.1875 25
      vertex -2.3125 -2.3125 25
    endloop
  endfacet
  facet normal -0 0 1
    outer loop
      vertex -2.3125 -2.3125 25
      vertex 5.1875 -5.1875 25
      vertex 5.1875 -2.3125 25
    endloop
  endfacet
  facet normal 0 0 1
    outer loop
      vertex -2.3125 -2.3125 25
      vertex -5.1875 -5.1875 25
      vertex 5.1875 -5.1875 25
    endloop
  endfacet
  facet normal 0 0 1
    outer loop
      vertex -5.1875 -5.1875 25
      vertex -2.3125 -2.3125 25
      vertex -5.1875 5.1875 25
    endloop
  endfacet
  facet normal -1 0 0
    outer loop
      vertex -5.1875 -0.157806 0
      vertex -5.1875 -5.1875 0
      vertex -5.1875 -0.157806 2
    endloop
  endfacet
  facet normal -1 0 0
    outer loop
      vertex -5.1875 3.03281 2
      vertex -5.1875 5.1875 0
      vertex -5.1875 3.03281 0
    endloop
  endfacet
  facet normal -1 0 0
    outer loop
      vertex -5.1875 5.1875 0
      vertex -5.1875 3.03281 2
      vertex -5.1875 5.1875 25
    endloop
  endfacet
  facet normal -1 0 0
    outer loop
      vertex -5.1875 2.875 2.11707
      vertex -5.1875 5.1875 25
      vertex -5.1875 3.03281 2
    endloop
  endfacet
  facet normal -1 0 0
    outer loop
      vertex -5.1875 2.69518 2.23797
      vertex -5.1875 5.1875 25
      vertex -5.1875 2.875 2.11707
    endloop
  endfacet
  facet normal -1 0 0
    outer loop
      vertex -5.1875 2.61723 2.29039
      vertex -5.1875 5.1875 25
      vertex -5.1875 2.69518 2.23797
    endloop
  endfacet
  facet normal -1 0 0
    outer loop
      vertex -5.1875 2.50654 2.3564
      vertex -5.1875 5.1875 25
      vertex -5.1875 2.61723 2.29039
    endloop
  endfacet
  facet normal -1 0 0
    outer loop
      vertex -5.1875 2.39801 2.42113
      vertex -5.1875 5.1875 25
      vertex -5.1875 2.50654 2.3564
    endloop
  endfacet
  facet normal -1 0 0
    outer loop
      vertex -5.1875 2.24592 2.49942
      vertex -5.1875 5.1875 25
      vertex -5.1875 2.39801 2.42113
    endloop
  endfacet
  facet normal -1 0 0
    outer loop
      vertex -5.1875 2.20586 2.52004
      vertex -5.1875 5.1875 25
      vertex -5.1875 2.24592 2.49942
    endloop
  endfacet
  facet normal -1 0 0
    outer loop
      vertex -5.1875 2.17865 2.53168
      vertex -5.1875 5.1875 25
      vertex -5.1875 2.20586 2.52004
    endloop
  endfacet
  facet normal -1 0 0
    outer loop
      vertex -5.1875 2.03293 2.59406
      vertex -5.1875 5.1875 25
      vertex -5.1875 2.17865 2.53168
    endloop
  endfacet
  facet normal -1 0 0
    outer loop
      vertex -5.1875 2.01532 2.6
      vertex -5.1875 5.1875 25
      vertex -5.1875 2.03293 2.59406
    endloop
  endfacet
  facet normal -1 0 0
    outer loop
      vertex -5.1875 0.859677 2.6
      vertex -5.1875 5.1875 25
      vertex -5.1875 2.01532 2.6
    endloop
  endfacet
  facet normal -1 0 0
    outer loop
      vertex -5.1875 -5.1875 25
      vertex -5.1875 0.859677 2.6
      vertex -5.1875 0.842068 2.59406
    endloop
  endfacet
  facet normal -1 0 0
    outer loop
      vertex -5.1875 -5.1875 25
      vertex -5.1875 0.842068 2.59406
      vertex -5.1875 0.696348 2.53168
    endloop
  endfacet
  facet normal -1 0 0
    outer loop
      vertex -5.1875 -5.1875 25
      vertex -5.1875 0.696348 2.53168
      vertex -5.1875 0.669141 2.52004
    endloop
  endfacet
  facet normal -1 0 0
    outer loop
      vertex -5.1875 -5.1875 25
      vertex -5.1875 0.669141 2.52004
      vertex -5.1875 0.629083 2.49942
    endloop
  endfacet
  facet normal -1 0 0
    outer loop
      vertex -5.1875 -5.1875 25
      vertex -5.1875 0.629083 2.49942
      vertex -5.1875 0.476993 2.42113
    endloop
  endfacet
  facet normal -1 0 0
    outer loop
      vertex -5.1875 -5.1875 25
      vertex -5.1875 0.476993 2.42113
      vertex -5.1875 0.368458 2.3564
    endloop
  endfacet
  facet normal -1 0 0
    outer loop
      vertex -5.1875 -5.1875 25
      vertex -5.1875 0.368458 2.3564
      vertex -5.1875 0.257775 2.29039
    endloop
  endfacet
  facet normal -1 0 0
    outer loop
      vertex -5.1875 -5.1875 25
      vertex -5.1875 0.257775 2.29039
      vertex -5.1875 0.179822 2.23797
    endloop
  endfacet
  facet normal -1 0 0
    outer loop
      vertex -5.1875 -5.1875 25
      vertex -5.1875 0.179822 2.23797
      vertex -5.1875 0 2.11707
    endloop
  endfacet
  facet normal -1 0 0
    outer loop
      vertex -5.1875 -5.1875 0
      vertex -5.1875 0 2.11707
      vertex -5.1875 -0.157806 2
    endloop
  endfacet
  facet normal -1 -0 0
    outer loop
      vertex -5.1875 0 2.11707
      vertex -5.1875 -5.1875 0
      vertex -5.1875 -5.1875 25
    endloop
  endfacet
  facet normal -1 0 0
    outer loop
      vertex -5.1875 0.859677 2.6
      vertex -5.1875 -5.1875 25
      vertex -5.1875 5.1875 25
    endloop
  endfacet
  facet normal 0 1 0
    outer loop
      vertex 5.1875 -2.3125 25
      vertex 2.01532 -2.3125 2.6
      vertex -2.3125 -2.3125 25
    endloop
  endfacet
  facet normal 0 1 0
    outer loop
      vertex 5.1875 -2.3125 25
      vertex 2.03293 -2.3125 2.59406
      vertex 2.01532 -2.3125 2.6
    endloop
  endfacet
  facet normal 0 1 0
    outer loop
      vertex 5.1875 -2.3125 25
      vertex 2.17865 -2.3125 2.53168
      vertex 2.03293 -2.3125 2.59406
    endloop
  endfacet
  facet normal 0 1 0
    outer loop
      vertex 5.1875 -2.3125 25
      vertex 2.20586 -2.3125 2.52004
      vertex 2.17865 -2.3125 2.53168
    endloop
  endfacet
  facet normal 0 1 0
    outer loop
      vertex 5.1875 -2.3125 25
      vertex 2.24592 -2.3125 2.49942
      vertex 2.20586 -2.3125 2.52004
    endloop
  endfacet
  facet normal 0 1 0
    outer loop
      vertex 5.1875 -2.3125 25
      vertex 2.39801 -2.3125 2.42113
      vertex 2.24592 -2.3125 2.49942
    endloop
  endfacet
  facet normal 0 1 0
    outer loop
      vertex 5.1875 -2.3125 25
      vertex 2.50654 -2.3125 2.3564
      vertex 2.39801 -2.3125 2.42113
    endloop
  endfacet
  facet normal 0 1 0
    outer loop
      vertex 5.1875 -2.3125 25
      vertex 2.61723 -2.3125 2.29039
      vertex 2.50654 -2.3125 2.3564
    endloop
  endfacet
  facet normal 0 1 0
    outer loop
      vertex 5.1875 -2.3125 25
      vertex 2.69518 -2.3125 2.23797
      vertex 2.61723 -2.3125 2.29039
    endloop
  endfacet
  facet normal 0 1 0
    outer loop
      vertex 5.1875 -2.3125 25
      vertex 2.875 -2.3125 2.11707
      vertex 2.69518 -2.3125 2.23797
    endloop
  endfacet
  facet normal 0 1 0
    outer loop
      vertex 5.1875 -2.3125 25
      vertex 3.03281 -2.3125 2
      vertex 2.875 -2.3125 2.11707
    endloop
  endfacet
  facet normal 0 1 -0
    outer loop
      vertex 5.1875 -2.3125 0
      vertex 3.03281 -2.3125 2
      vertex 5.1875 -2.3125 25
    endloop
  endfacet
  facet normal 0 1 0
    outer loop
      vertex 3.03281 -2.3125 2
      vertex 5.1875 -2.3125 0
      vertex 3.03281 -2.3125 0
    endloop
  endfacet
  facet normal 0 1 -0
    outer loop
      vertex 0.859677 -2.3125 2.6
      vertex -2.3125 -2.3125 25
      vertex 2.01532 -2.3125 2.6
    endloop
  endfacet
  facet normal 0 1 -0
    outer loop
      vertex 0.842068 -2.3125 2.59406
      vertex -2.3125 -2.3125 25
      vertex 0.859677 -2.3125 2.6
    endloop
  endfacet
  facet normal 0 1 -0
    outer loop
      vertex 0.696348 -2.3125 2.53168
      vertex -2.3125 -2.3125 25
      vertex 0.842068 -2.3125 2.59406
    endloop
  endfacet
  facet normal 0 1 -0
    outer loop
      vertex 0.669141 -2.3125 2.52004
      vertex -2.3125 -2.3125 25
      vertex 0.696348 -2.3125 2.53168
    endloop
  endfacet
  facet normal 0 1 -0
    outer loop
      vertex 0.629083 -2.3125 2.49942
      vertex -2.3125 -2.3125 25
      vertex 0.669141 -2.3125 2.52004
    endloop
  endfacet
  facet normal 0 1 -0
    outer loop
      vertex 0.476993 -2.3125 2.42113
      vertex -2.3125 -2.3125 25
      vertex 0.629083 -2.3125 2.49942
    endloop
  endfacet
  facet normal 0 1 -0
    outer loop
      vertex 0.368458 -2.3125 2.3564
      vertex -2.3125 -2.3125 25
      vertex 0.476993 -2.3125 2.42113
    endloop
  endfacet
  facet normal 0 1 -0
    outer loop
      vertex 0.257775 -2.3125 2.29039
      vertex -2.3125 -2.3125 25
      vertex 0.368458 -2.3125 2.3564
    endloop
  endfacet
  facet normal 0 1 -0
    outer loop
      vertex 0.179822 -2.3125 2.23797
      vertex -2.3125 -2.3125 25
      vertex 0.257775 -2.3125 2.29039
    endloop
  endfacet
  facet normal 0 1 -0
    outer loop
      vertex 0 -2.3125 2.11707
      vertex -2.3125 -2.3125 25
      vertex 0.179822 -2.3125 2.23797
    endloop
  endfacet
  facet normal 0 1 -0
    outer loop
      vertex -0.157806 -2.3125 2
      vertex -2.3125 -2.3125 25
      vertex 0 -2.3125 2.11707
    endloop
  endfacet
  facet normal 0 1 0
    outer loop
      vertex -2.3125 -2.3125 0
      vertex -0.157806 -2.3125 2
      vertex -0.157806 -2.3125 0
    endloop
  endfacet
  facet normal 0 1 0
    outer loop
      vertex -0.157806 -2.3125 2
      vertex -2.3125 -2.3125 0
      vertex -2.3125 -2.3125 25
    endloop
  endfacet
  facet normal 1 0 0
    outer loop
      vertex -2.3125 5.1875 25
      vertex -2.3125 3.03281 2
      vertex -2.3125 5.1875 0
    endloop
  endfacet
  facet normal 1 0 0
    outer loop
      vertex -2.3125 5.1875 25
      vertex -2.3125 2.875 2.11707
      vertex -2.3125 3.03281 2
    endloop
  endfacet
  facet normal 1 0 0
    outer loop
      vertex -2.3125 5.1875 25
      vertex -2.3125 2.69518 2.23797
      vertex -2.3125 2.875 2.11707
    endloop
  endfacet
  facet normal 1 0 0
    outer loop
      vertex -2.3125 5.1875 25
      vertex -2.3125 2.61723 2.29039
      vertex -2.3125 2.69518 2.23797
    endloop
  endfacet
  facet normal 1 0 0
    outer loop
      vertex -2.3125 5.1875 25
      vertex -2.3125 2.50654 2.3564
      vertex -2.3125 2.61723 2.29039
    endloop
  endfacet
  facet normal 1 0 0
    outer loop
      vertex -2.3125 5.1875 25
      vertex -2.3125 2.39801 2.42113
      vertex -2.3125 2.50654 2.3564
    endloop
  endfacet
  facet normal 1 0 0
    outer loop
      vertex -2.3125 5.1875 25
      vertex -2.3125 2.24592 2.49942
      vertex -2.3125 2.39801 2.42113
    endloop
  endfacet
  facet normal 1 0 0
    outer loop
      vertex -2.3125 5.1875 25
      vertex -2.3125 2.20586 2.52004
      vertex -2.3125 2.24592 2.49942
    endloop
  endfacet
  facet normal 1 0 0
    outer loop
      vertex -2.3125 5.1875 25
      vertex -2.3125 2.17865 2.53168
      vertex -2.3125 2.20586 2.52004
    endloop
  endfacet
  facet normal 1 0 0
    outer loop
      vertex -2.3125 5.1875 25
      vertex -2.3125 2.03293 2.59406
      vertex -2.3125 2.17865 2.53168
    endloop
  endfacet
  facet normal 1 0 0
    outer loop
      vertex -2.3125 5.1875 25
      vertex -2.3125 2.01532 2.6
      vertex -2.3125 2.03293 2.59406
    endloop
  endfacet
  facet normal 1 0 0
    outer loop
      vertex -2.3125 5.1875 25
      vertex -2.3125 0.859677 2.6
      vertex -2.3125 2.01532 2.6
    endloop
  endfacet
  facet normal 1 -0 0
    outer loop
      vertex -2.3125 -2.3125 25
      vertex -2.3125 0.859677 2.6
      vertex -2.3125 5.1875 25
    endloop
  endfacet
  facet normal 1 0 0
    outer loop
      vertex -2.3125 0.859677 2.6
      vertex -2.3125 -2.3125 25
      vertex -2.3125 0.842068 2.59406
    endloop
  endfacet
  facet normal 1 0 0
    outer loop
      vertex -2.3125 0.842068 2.59406
      vertex -2.3125 -2.3125 25
      vertex -2.3125 0.696348 2.53168
    endloop
  endfacet
  facet normal 1 0 0
    outer loop
      vertex -2.3125 0.696348 2.53168
      vertex -2.3125 -2.3125 25
      vertex -2.3125 0.669141 2.52004
    endloop
  endfacet
  facet normal 1 0 0
    outer loop
      vertex -2.3125 0.669141 2.52004
      vertex -2.3125 -2.3125 25
      vertex -2.3125 0.629083 2.49942
    endloop
  endfacet
  facet normal 1 0 0
    outer loop
      vertex -2.3125 0.629083 2.49942
      vertex -2.3125 -2.3125 25
      vertex -2.3125 0.476993 2.42113
    endloop
  endfacet
  facet normal 1 0 0
    outer loop
      vertex -2.3125 0.476993 2.42113
      vertex -2.3125 -2.3125 25
      vertex -2.3125 0.368458 2.3564
    endloop
  endfacet
  facet normal 1 0 0
    outer loop
      vertex -2.3125 0.368458 2.3564
      vertex -2.3125 -2.3125 25
      vertex -2.3125 0.257775 2.29039
    endloop
  endfacet
  facet normal 1 0 0
    outer loop
      vertex -2.3125 0.257775 2.29039
      vertex -2.3125 -2.3125 25
      vertex -2.3125 0.179822 2.23797
    endloop
  endfacet
  facet normal 1 0 0
    outer loop
      vertex -2.3125 0.179822 2.23797
      vertex -2.3125 -2.3125 25
      vertex -2.3125 0 2.11707
    endloop
  endfacet
  facet normal 1 0 0
    outer loop
      vertex -2.3125 0 2.11707
      vertex -2.3125 -2.3125 25
      vertex -2.3125 -0.157806 2
    endloop
  endfacet
  facet normal 1 0 0
    outer loop
      vertex -2.3125 -2.3125 0
      vertex -2.3125 -0.157806 2
      vertex -2.3125 -2.3125 25
    endloop
  endfacet
  facet normal 1 0 0
    outer loop
      vertex -2.3125 -0.157806 2
      vertex -2.3125 -2.3125 0
      vertex -2.3125 -0.157806 0
    endloop
  endfacet
  facet normal 1 0 0
    outer loop
      vertex -2.3125 5.1875 0
      vertex -2.3125 3.03281 2
      vertex -2.3125 3.03281 0
    endloop
  endfacet
  facet normal 0 1 -0
    outer loop
      vertex -2.3125 5.1875 0
      vertex -5.1875 5.1875 25
      vertex -2.3125 5.1875 25
    endloop
  endfacet
  facet normal 0 1 0
    outer loop
      vertex -5.1875 5.1875 25
      vertex -2.3125 5.1875 0
      vertex -5.1875 5.1875 0
    endloop
  endfacet
  facet normal 0.427561 -0.903987 0
    outer loop
      vertex 2.26027 -5.73634 0
      vertex 2.451 -5.64613 2
      vertex 2.26027 -5.73634 2
    endloop
  endfacet
  facet normal 0.427561 -0.903987 0
    outer loop
      vertex 2.451 -5.64613 2
      vertex 2.26027 -5.73634 0
      vertex 2.451 -5.64613 0
    endloop
  endfacet
  facet normal -0.595707 0.803202 0
    outer loop
      vertex 0.243025 -1.96234 0
      vertex 0.073555 -2.08803 2
      vertex 0.243025 -1.96234 2
    endloop
  endfacet
  facet normal -0.595707 0.803202 0
    outer loop
      vertex 0.073555 -2.08803 2
      vertex 0.243025 -1.96234 0
      vertex 0.073555 -2.08803 0
    endloop
  endfacet
  facet normal 0.242993 0.970028 -0
    outer loop
      vertex 2.06161 -1.69258 0
      vertex 1.85694 -1.64131 2
      vertex 2.06161 -1.69258 2
    endloop
  endfacet
  facet normal 0.242993 0.970028 0
    outer loop
      vertex 1.85694 -1.64131 2
      vertex 2.06161 -1.69258 0
      vertex 1.85694 -1.64131 0
    endloop
  endfacet
  facet normal 0.514084 -0.85774 0
    outer loop
      vertex 2.451 -5.64613 0
      vertex 2.63198 -5.53766 2
      vertex 2.451 -5.64613 2
    endloop
  endfacet
  facet normal 0.514084 -0.85774 0
    outer loop
      vertex 2.63198 -5.53766 2
      vertex 2.451 -5.64613 0
      vertex 2.63198 -5.53766 0
    endloop
  endfacet
  facet normal 0.242993 -0.970028 0
    outer loop
      vertex 1.85694 -5.85869 0
      vertex 2.06161 -5.80742 2
      vertex 1.85694 -5.85869 2
    endloop
  endfacet
  facet normal 0.242993 -0.970028 0
    outer loop
      vertex 2.06161 -5.80742 2
      vertex 1.85694 -5.85869 0
      vertex 2.06161 -5.80742 0
    endloop
  endfacet
  facet normal 0.0490535 0.998796 -0
    outer loop
      vertex 1.64824 -1.61035 0
      vertex 1.4375 -1.6 2
      vertex 1.64824 -1.61035 2
    endloop
  endfacet
  facet normal 0.0490535 0.998796 0
    outer loop
      vertex 1.4375 -1.6 2
      vertex 1.64824 -1.61035 0
      vertex 1.4375 -1.6 0
    endloop
  endfacet
  facet normal 0.146741 0.989175 -0
    outer loop
      vertex 1.85694 -1.64131 0
      vertex 1.64824 -1.61035 2
      vertex 1.85694 -1.64131 2
    endloop
  endfacet
  facet normal 0.146741 0.989175 0
    outer loop
      vertex 1.64824 -1.61035 2
      vertex 1.85694 -1.64131 0
      vertex 1.64824 -1.61035 0
    endloop
  endfacet
  facet normal 0.427561 0.903987 -0
    outer loop
      vertex 2.451 -1.85387 0
      vertex 2.26027 -1.76366 2
      vertex 2.451 -1.85387 2
    endloop
  endfacet
  facet normal 0.427561 0.903987 0
    outer loop
      vertex 2.26027 -1.76366 2
      vertex 2.451 -1.85387 0
      vertex 2.26027 -1.76366 0
    endloop
  endfacet
  facet normal 0.146741 -0.989175 0
    outer loop
      vertex 1.64824 -5.88965 0
      vertex 1.85694 -5.85869 2
      vertex 1.64824 -5.88965 2
    endloop
  endfacet
  facet normal 0.146741 -0.989175 0
    outer loop
      vertex 1.85694 -5.85869 2
      vertex 1.64824 -5.88965 0
      vertex 1.85694 -5.85869 0
    endloop
  endfacet
  facet normal -0.740953 -0.671557 0
    outer loop
      vertex -0.0827789 -5.27028 0
      vertex -0.157806 -5.1875 2
      vertex -0.157806 -5.1875 0
    endloop
  endfacet
  facet normal -0.740953 -0.671557 0
    outer loop
      vertex -0.157806 -5.1875 2
      vertex -0.0827789 -5.27028 0
      vertex -0.0827789 -5.27028 2
    endloop
  endfacet
  facet normal -0.514099 0.857731 0
    outer loop
      vertex 0.423998 -1.85387 0
      vertex 0.243025 -1.96234 2
      vertex 0.423998 -1.85387 2
    endloop
  endfacet
  facet normal -0.514099 0.857731 0
    outer loop
      vertex 0.243025 -1.96234 2
      vertex 0.423998 -1.85387 0
      vertex 0.243025 -1.96234 0
    endloop
  endfacet
  facet normal -0.146741 -0.989175 0
    outer loop
      vertex 1.01806 -5.85869 0
      vertex 1.22676 -5.88965 2
      vertex 1.01806 -5.85869 2
    endloop
  endfacet
  facet normal -0.146741 -0.989175 -0
    outer loop
      vertex 1.22676 -5.88965 2
      vertex 1.01806 -5.85869 0
      vertex 1.22676 -5.88965 0
    endloop
  endfacet
  facet normal 0.595707 -0.803202 0
    outer loop
      vertex 2.63198 -5.53766 0
      vertex 2.80145 -5.41197 2
      vertex 2.63198 -5.53766 2
    endloop
  endfacet
  facet normal 0.595707 -0.803202 0
    outer loop
      vertex 2.80145 -5.41197 2
      vertex 2.63198 -5.53766 0
      vertex 2.80145 -5.41197 0
    endloop
  endfacet
  facet normal -0.0490535 -0.998796 0
    outer loop
      vertex 1.22676 -5.88965 0
      vertex 1.4375 -5.9 2
      vertex 1.22676 -5.88965 2
    endloop
  endfacet
  facet normal -0.0490535 -0.998796 -0
    outer loop
      vertex 1.4375 -5.9 2
      vertex 1.22676 -5.88965 0
      vertex 1.4375 -5.9 0
    endloop
  endfacet
  facet normal 0.595707 0.803202 -0
    outer loop
      vertex 2.80145 -2.08803 0
      vertex 2.63198 -1.96234 2
      vertex 2.80145 -2.08803 2
    endloop
  endfacet
  facet normal 0.595707 0.803202 0
    outer loop
      vertex 2.63198 -1.96234 2
      vertex 2.80145 -2.08803 0
      vertex 2.63198 -1.96234 0
    endloop
  endfacet
  facet normal -0.146741 0.989175 0
    outer loop
      vertex 1.22676 -1.61035 0
      vertex 1.01806 -1.64131 2
      vertex 1.22676 -1.61035 2
    endloop
  endfacet
  facet normal -0.146741 0.989175 0
    outer loop
      vertex 1.01806 -1.64131 2
      vertex 1.22676 -1.61035 0
      vertex 1.01806 -1.64131 0
    endloop
  endfacet
  facet normal 0.514084 0.85774 -0
    outer loop
      vertex 2.63198 -1.96234 0
      vertex 2.451 -1.85387 2
      vertex 2.63198 -1.96234 2
    endloop
  endfacet
  facet normal 0.514084 0.85774 0
    outer loop
      vertex 2.451 -1.85387 2
      vertex 2.63198 -1.96234 0
      vertex 2.451 -1.85387 0
    endloop
  endfacet
  facet normal 0.74094 0.671572 0
    outer loop
      vertex 3.03281 -2.3125 2
      vertex 2.95778 -2.22972 0
      vertex 2.95778 -2.22972 2
    endloop
  endfacet
  facet normal 0.74094 0.671572 0
    outer loop
      vertex 2.95778 -2.22972 0
      vertex 3.03281 -2.3125 2
      vertex 3.03281 -2.3125 0
    endloop
  endfacet
  facet normal -0.0490535 0.998796 0
    outer loop
      vertex 1.4375 -1.6 0
      vertex 1.22676 -1.61035 2
      vertex 1.4375 -1.6 2
    endloop
  endfacet
  facet normal -0.0490535 0.998796 0
    outer loop
      vertex 1.22676 -1.61035 2
      vertex 1.4375 -1.6 0
      vertex 1.22676 -1.61035 0
    endloop
  endfacet
  facet normal -0.740953 0.671557 0
    outer loop
      vertex -0.157806 -2.3125 0
      vertex -0.0827789 -2.22972 2
      vertex -0.0827789 -2.22972 0
    endloop
  endfacet
  facet normal -0.740953 0.671557 0
    outer loop
      vertex -0.0827789 -2.22972 2
      vertex -0.157806 -2.3125 0
      vertex -0.157806 -2.3125 2
    endloop
  endfacet
  facet normal -0.671552 -0.740958 0
    outer loop
      vertex -0.0827789 -5.27028 0
      vertex 0.073555 -5.41197 2
      vertex -0.0827789 -5.27028 2
    endloop
  endfacet
  facet normal -0.671552 -0.740958 -0
    outer loop
      vertex 0.073555 -5.41197 2
      vertex -0.0827789 -5.27028 0
      vertex 0.073555 -5.41197 0
    endloop
  endfacet
  facet normal 0.0490535 -0.998796 0
    outer loop
      vertex 1.4375 -5.9 0
      vertex 1.64824 -5.88965 2
      vertex 1.4375 -5.9 2
    endloop
  endfacet
  facet normal 0.0490535 -0.998796 0
    outer loop
      vertex 1.64824 -5.88965 2
      vertex 1.4375 -5.9 0
      vertex 1.64824 -5.88965 0
    endloop
  endfacet
  facet normal 0.671561 0.740949 -0
    outer loop
      vertex 2.95778 -2.22972 0
      vertex 2.80145 -2.08803 2
      vertex 2.95778 -2.22972 2
    endloop
  endfacet
  facet normal 0.671561 0.740949 0
    outer loop
      vertex 2.80145 -2.08803 2
      vertex 2.95778 -2.22972 0
      vertex 2.80145 -2.08803 0
    endloop
  endfacet
  facet normal -0.242992 0.970028 0
    outer loop
      vertex 1.01806 -1.64131 0
      vertex 0.813389 -1.69258 2
      vertex 1.01806 -1.64131 2
    endloop
  endfacet
  facet normal -0.242992 0.970028 0
    outer loop
      vertex 0.813389 -1.69258 2
      vertex 1.01806 -1.64131 0
      vertex 0.813389 -1.69258 0
    endloop
  endfacet
  facet normal 0.336883 -0.941547 0
    outer loop
      vertex 2.06161 -5.80742 0
      vertex 2.26027 -5.73634 2
      vertex 2.06161 -5.80742 2
    endloop
  endfacet
  facet normal 0.336883 -0.941547 0
    outer loop
      vertex 2.26027 -5.73634 2
      vertex 2.06161 -5.80742 0
      vertex 2.26027 -5.73634 0
    endloop
  endfacet
  facet normal -0.427555 0.903989 0
    outer loop
      vertex 0.614731 -1.76366 0
      vertex 0.423998 -1.85387 2
      vertex 0.614731 -1.76366 2
    endloop
  endfacet
  facet normal -0.427555 0.903989 0
    outer loop
      vertex 0.423998 -1.85387 2
      vertex 0.614731 -1.76366 0
      vertex 0.423998 -1.85387 0
    endloop
  endfacet
  facet normal -0.671552 0.740958 0
    outer loop
      vertex 0.073555 -2.08803 0
      vertex -0.0827789 -2.22972 2
      vertex 0.073555 -2.08803 2
    endloop
  endfacet
  facet normal -0.671552 0.740958 0
    outer loop
      vertex -0.0827789 -2.22972 2
      vertex 0.073555 -2.08803 0
      vertex -0.0827789 -2.22972 0
    endloop
  endfacet
  facet normal 0.336883 0.941547 -0
    outer loop
      vertex 2.26027 -1.76366 0
      vertex 2.06161 -1.69258 2
      vertex 2.26027 -1.76366 2
    endloop
  endfacet
  facet normal 0.336883 0.941547 0
    outer loop
      vertex 2.06161 -1.69258 2
      vertex 2.26027 -1.76366 0
      vertex 2.06161 -1.69258 0
    endloop
  endfacet
  facet normal -0.336886 0.941546 0
    outer loop
      vertex 0.813389 -1.69258 0
      vertex 0.614731 -1.76366 2
      vertex 0.813389 -1.69258 2
    endloop
  endfacet
  facet normal -0.336886 0.941546 0
    outer loop
      vertex 0.614731 -1.76366 2
      vertex 0.813389 -1.69258 0
      vertex 0.614731 -1.76366 0
    endloop
  endfacet
  facet normal -0.514099 -0.857731 0
    outer loop
      vertex 0.243025 -5.53766 0
      vertex 0.423998 -5.64613 2
      vertex 0.243025 -5.53766 2
    endloop
  endfacet
  facet normal -0.514099 -0.857731 -0
    outer loop
      vertex 0.423998 -5.64613 2
      vertex 0.243025 -5.53766 0
      vertex 0.423998 -5.64613 0
    endloop
  endfacet
  facet normal -0.427555 -0.903989 0
    outer loop
      vertex 0.423998 -5.64613 0
      vertex 0.614731 -5.73634 2
      vertex 0.423998 -5.64613 2
    endloop
  endfacet
  facet normal -0.427555 -0.903989 -0
    outer loop
      vertex 0.614731 -5.73634 2
      vertex 0.423998 -5.64613 0
      vertex 0.614731 -5.73634 0
    endloop
  endfacet
  facet normal -0.242992 -0.970028 0
    outer loop
      vertex 0.813389 -5.80742 0
      vertex 1.01806 -5.85869 2
      vertex 0.813389 -5.80742 2
    endloop
  endfacet
  facet normal -0.242992 -0.970028 -0
    outer loop
      vertex 1.01806 -5.85869 2
      vertex 0.813389 -5.80742 0
      vertex 1.01806 -5.85869 0
    endloop
  endfacet
  facet normal -0.336886 -0.941546 0
    outer loop
      vertex 0.614731 -5.73634 0
      vertex 0.813389 -5.80742 2
      vertex 0.614731 -5.73634 2
    endloop
  endfacet
  facet normal -0.336886 -0.941546 -0
    outer loop
      vertex 0.813389 -5.80742 2
      vertex 0.614731 -5.73634 0
      vertex 0.813389 -5.80742 0
    endloop
  endfacet
  facet normal -0.595707 -0.803202 0
    outer loop
      vertex 0.073555 -5.41197 0
      vertex 0.243025 -5.53766 2
      vertex 0.073555 -5.41197 2
    endloop
  endfacet
  facet normal -0.595707 -0.803202 -0
    outer loop
      vertex 0.243025 -5.53766 2
      vertex 0.073555 -5.41197 0
      vertex 0.243025 -5.53766 0
    endloop
  endfacet
  facet normal 0.74094 -0.671572 0
    outer loop
      vertex 2.95778 -5.27028 2
      vertex 3.03281 -5.1875 0
      vertex 3.03281 -5.1875 2
    endloop
  endfacet
  facet normal 0.74094 -0.671572 0
    outer loop
      vertex 3.03281 -5.1875 0
      vertex 2.95778 -5.27028 2
      vertex 2.95778 -5.27028 0
    endloop
  endfacet
  facet normal 0.671561 -0.740949 0
    outer loop
      vertex 2.80145 -5.41197 0
      vertex 2.95778 -5.27028 2
      vertex 2.80145 -5.41197 2
    endloop
  endfacet
  facet normal 0.671561 -0.740949 0
    outer loop
      vertex 2.95778 -5.27028 2
      vertex 2.80145 -5.41197 0
      vertex 2.95778 -5.27028 0
    endloop
  endfacet
  facet normal -0.302517 0.639599 0.70668
    outer loop
      vertex 0.842068 -2.3125 2.59406
      vertex 0.614731 -1.76366 2
      vertex 0.696348 -2.3125 2.53168
    endloop
  endfacet
  facet normal -0.103824 0.699875 0.70668
    outer loop
      vertex 1.22676 -1.61035 2
      vertex 1.01806 -1.64131 2
      vertex 1.13511 -2.22978 2.6
    endloop
  endfacet
  facet normal 0.363774 0.606848 0.706685
    outer loop
      vertex 2.63198 -1.96234 2
      vertex 2.24592 -2.3125 2.49942
      vertex 2.39801 -2.3125 2.42113
    endloop
  endfacet
  facet normal 0.103823 0.699875 0.70668
    outer loop
      vertex 1.64824 -1.61035 2
      vertex 1.58943 -2.20746 2.6
      vertex 1.73989 -2.22978 2.6
    endloop
  endfacet
  facet normal 0.363733 -0.606882 0.706677
    outer loop
      vertex 2.24592 -5.1875 2.49942
      vertex 2.451 -5.64613 2
      vertex 2.63198 -5.53766 2
    endloop
  endfacet
  facet normal 0.363746 -0.606875 0.706676
    outer loop
      vertex 2.451 -5.64613 2
      vertex 2.24592 -5.1875 2.49942
      vertex 2.20586 -5.1875 2.52004
    endloop
  endfacet
  facet normal -0.363773 0.60685 0.706684
    outer loop
      vertex 0.629083 -2.3125 2.49942
      vertex 0.243025 -1.96234 2
      vertex 0.476993 -2.3125 2.42113
    endloop
  endfacet
  facet normal -0.238359 -0.666177 0.706678
    outer loop
      vertex 0.987559 -5.23326 2.6
      vertex 0.614731 -5.73634 2
      vertex 0.813389 -5.80742 2
    endloop
  endfacet
  facet normal -0.0346991 -0.706681 0.706681
    outer loop
      vertex 1.4375 -5.3 2.6
      vertex 1.28557 -5.29254 2.6
      vertex 1.4375 -5.9 2
    endloop
  endfacet
  facet normal 0.302515 -0.639604 0.706676
    outer loop
      vertex 2.20586 -5.1875 2.52004
      vertex 2.26027 -5.73634 2
      vertex 2.451 -5.64613 2
    endloop
  endfacet
  facet normal 0.30232 -0.639657 0.706712
    outer loop
      vertex 2.26027 -5.73634 2
      vertex 2.20586 -5.1875 2.52004
      vertex 2.17865 -5.1875 2.53168
    endloop
  endfacet
  facet normal -0.524253 0.475153 0.706674
    outer loop
      vertex -0.0827789 -2.22972 2
      vertex -0.157806 -2.3125 2
      vertex 0 -2.3125 2.11707
    endloop
  endfacet
  facet normal -0.421464 -0.568301 0.706683
    outer loop
      vertex 0.368458 -5.1875 2.3564
      vertex 0.243025 -5.53766 2
      vertex 0.476993 -5.1875 2.42113
    endloop
  endfacet
  facet normal -0.363764 -0.606864 0.706677
    outer loop
      vertex 0.629083 -5.1875 2.49942
      vertex 0.423998 -5.64613 2
      vertex 0.669141 -5.1875 2.52004
    endloop
  endfacet
  facet normal -0.363743 -0.606875 0.706678
    outer loop
      vertex 0.423998 -5.64613 2
      vertex 0.629083 -5.1875 2.49942
      vertex 0.243025 -5.53766 2
    endloop
  endfacet
  facet normal 0.524242 -0.475162 0.706677
    outer loop
      vertex 3.03281 -5.1875 2
      vertex 2.875 -5.1875 2.11707
      vertex 2.95778 -5.27028 2
    endloop
  endfacet
  facet normal 0.171926 -0.686328 0.706679
    outer loop
      vertex 2.06161 -5.80742 2
      vertex 1.73989 -5.27022 2.6
      vertex 1.85694 -5.85869 2
    endloop
  endfacet
  facet normal 0.238377 0.666166 0.706682
    outer loop
      vertex 1.88744 -2.26674 2.6
      vertex 2.03293 -2.3125 2.59406
      vertex 2.26027 -1.76366 2
    endloop
  endfacet
  facet normal 0.238374 0.666155 0.706694
    outer loop
      vertex 2.03293 -2.3125 2.59406
      vertex 1.88744 -2.26674 2.6
      vertex 2.01532 -2.3125 2.6
    endloop
  endfacet
  facet normal -0.238379 0.666179 0.706669
    outer loop
      vertex 0.987559 -2.26674 2.6
      vertex 0.842068 -2.3125 2.59406
      vertex 0.859677 -2.3125 2.6
    endloop
  endfacet
  facet normal -0.238376 0.666167 0.706681
    outer loop
      vertex 0.842068 -2.3125 2.59406
      vertex 0.987559 -2.26674 2.6
      vertex 0.614731 -1.76366 2
    endloop
  endfacet
  facet normal 0.421485 0.568296 0.706675
    outer loop
      vertex 2.63198 -1.96234 2
      vertex 2.61723 -2.3125 2.29039
      vertex 2.80145 -2.08803 2
    endloop
  endfacet
  facet normal 0.421436 0.568312 0.706692
    outer loop
      vertex 2.61723 -2.3125 2.29039
      vertex 2.63198 -1.96234 2
      vertex 2.50654 -2.3125 2.3564
    endloop
  endfacet
  facet normal -0.475128 0.524257 0.706688
    outer loop
      vertex 0.073555 -2.08803 2
      vertex 0 -2.3125 2.11707
      vertex 0.179822 -2.3125 2.23797
    endloop
  endfacet
  facet normal -0.475149 0.524257 0.706674
    outer loop
      vertex 0 -2.3125 2.11707
      vertex 0.073555 -2.08803 2
      vertex -0.0827789 -2.22972 2
    endloop
  endfacet
  facet normal -0.475128 -0.524257 0.706688
    outer loop
      vertex 0 -5.1875 2.11707
      vertex 0.073555 -5.41197 2
      vertex 0.179822 -5.1875 2.23797
    endloop
  endfacet
  facet normal -0.475149 -0.524257 0.706674
    outer loop
      vertex 0.073555 -5.41197 2
      vertex 0 -5.1875 2.11707
      vertex -0.0827789 -5.27028 2
    endloop
  endfacet
  facet normal 0.0346991 0.706681 0.706681
    outer loop
      vertex 1.4375 -1.6 2
      vertex 1.4375 -2.2 2.6
      vertex 1.58943 -2.20746 2.6
    endloop
  endfacet
  facet normal 0.302517 0.639598 0.706681
    outer loop
      vertex 2.26027 -1.76366 2
      vertex 2.03293 -2.3125 2.59406
      vertex 2.17865 -2.3125 2.53168
    endloop
  endfacet
  facet normal -0.103823 0.699875 0.70668
    outer loop
      vertex 1.22676 -1.61035 2
      vertex 1.13511 -2.22978 2.6
      vertex 1.28557 -2.20746 2.6
    endloop
  endfacet
  facet normal 0.034707 -0.706682 0.70668
    outer loop
      vertex 1.58943 -5.29254 2.6
      vertex 1.4375 -5.9 2
      vertex 1.64824 -5.88965 2
    endloop
  endfacet
  facet normal -0.421458 0.568305 0.706684
    outer loop
      vertex 0.243025 -1.96234 2
      vertex 0.257775 -2.3125 2.29039
      vertex 0.368458 -2.3125 2.3564
    endloop
  endfacet
  facet normal -0.421485 0.568296 0.706675
    outer loop
      vertex 0.257775 -2.3125 2.29039
      vertex 0.243025 -1.96234 2
      vertex 0.073555 -2.08803 2
    endloop
  endfacet
  facet normal -0.0346991 0.706681 0.706681
    outer loop
      vertex 1.4375 -1.6 2
      vertex 1.28557 -2.20746 2.6
      vertex 1.4375 -2.2 2.6
    endloop
  endfacet
  facet normal -0.034707 0.706682 0.70668
    outer loop
      vertex 1.4375 -1.6 2
      vertex 1.22676 -1.61035 2
      vertex 1.28557 -2.20746 2.6
    endloop
  endfacet
  facet normal 0.103824 -0.699875 0.70668
    outer loop
      vertex 1.73989 -5.27022 2.6
      vertex 1.64824 -5.88965 2
      vertex 1.85694 -5.85869 2
    endloop
  endfacet
  facet normal -0.103823 -0.699875 0.70668
    outer loop
      vertex 1.28557 -5.29254 2.6
      vertex 1.13511 -5.27022 2.6
      vertex 1.22676 -5.88965 2
    endloop
  endfacet
  facet normal -0.421464 0.568301 0.706683
    outer loop
      vertex 0.476993 -2.3125 2.42113
      vertex 0.243025 -1.96234 2
      vertex 0.368458 -2.3125 2.3564
    endloop
  endfacet
  facet normal 0.302517 -0.639598 0.706681
    outer loop
      vertex 2.17865 -5.1875 2.53168
      vertex 2.03293 -5.1875 2.59406
      vertex 2.26027 -5.73634 2
    endloop
  endfacet
  facet normal 0.034707 0.706682 0.70668
    outer loop
      vertex 1.64824 -1.61035 2
      vertex 1.4375 -1.6 2
      vertex 1.58943 -2.20746 2.6
    endloop
  endfacet
  facet normal -0.302351 0.639648 0.706706
    outer loop
      vertex 0.614731 -1.76366 2
      vertex 0.669141 -2.3125 2.52004
      vertex 0.696348 -2.3125 2.53168
    endloop
  endfacet
  facet normal -0.302511 0.639605 0.706677
    outer loop
      vertex 0.669141 -2.3125 2.52004
      vertex 0.614731 -1.76366 2
      vertex 0.423998 -1.85387 2
    endloop
  endfacet
  facet normal -0.238379 -0.666179 0.706669
    outer loop
      vertex 0.842068 -5.1875 2.59406
      vertex 0.987559 -5.23326 2.6
      vertex 0.859677 -5.1875 2.6
    endloop
  endfacet
  facet normal -0.238376 -0.666167 0.706681
    outer loop
      vertex 0.987559 -5.23326 2.6
      vertex 0.842068 -5.1875 2.59406
      vertex 0.614731 -5.73634 2
    endloop
  endfacet
  facet normal -0.524253 -0.475153 0.706674
    outer loop
      vertex 0 -5.1875 2.11707
      vertex -0.157806 -5.1875 2
      vertex -0.0827789 -5.27028 2
    endloop
  endfacet
  facet normal 0.475154 -0.524249 0.706676
    outer loop
      vertex 2.875 -5.1875 2.11707
      vertex 2.80145 -5.41197 2
      vertex 2.95778 -5.27028 2
    endloop
  endfacet
  facet normal 0.475135 -0.524249 0.706689
    outer loop
      vertex 2.80145 -5.41197 2
      vertex 2.875 -5.1875 2.11707
      vertex 2.69518 -5.1875 2.23797
    endloop
  endfacet
  facet normal 0.238374 -0.666155 0.706694
    outer loop
      vertex 1.88744 -5.23326 2.6
      vertex 2.03293 -5.1875 2.59406
      vertex 2.01532 -5.1875 2.6
    endloop
  endfacet
  facet normal 0.238377 -0.666166 0.706682
    outer loop
      vertex 2.03293 -5.1875 2.59406
      vertex 1.88744 -5.23326 2.6
      vertex 2.26027 -5.73634 2
    endloop
  endfacet
  facet normal 0.17192 -0.686331 0.706678
    outer loop
      vertex 1.88744 -5.23326 2.6
      vertex 1.73989 -5.27022 2.6
      vertex 2.06161 -5.80742 2
    endloop
  endfacet
  facet normal -0.363764 0.606864 0.706677
    outer loop
      vertex 0.423998 -1.85387 2
      vertex 0.629083 -2.3125 2.49942
      vertex 0.669141 -2.3125 2.52004
    endloop
  endfacet
  facet normal -0.363743 0.606875 0.706678
    outer loop
      vertex 0.629083 -2.3125 2.49942
      vertex 0.423998 -1.85387 2
      vertex 0.243025 -1.96234 2
    endloop
  endfacet
  facet normal 0.475225 -0.524189 0.706673
    outer loop
      vertex 2.69518 -5.1875 2.23797
      vertex 2.61723 -5.1875 2.29039
      vertex 2.80145 -5.41197 2
    endloop
  endfacet
  facet normal -0.171925 -0.686328 0.706679
    outer loop
      vertex 1.13511 -5.27022 2.6
      vertex 0.813389 -5.80742 2
      vertex 1.01806 -5.85869 2
    endloop
  endfacet
  facet normal -0.302351 -0.639648 0.706706
    outer loop
      vertex 0.669141 -5.1875 2.52004
      vertex 0.614731 -5.73634 2
      vertex 0.696348 -5.1875 2.53168
    endloop
  endfacet
  facet normal -0.302511 -0.639605 0.706677
    outer loop
      vertex 0.614731 -5.73634 2
      vertex 0.669141 -5.1875 2.52004
      vertex 0.423998 -5.64613 2
    endloop
  endfacet
  facet normal -0.363773 -0.60685 0.706684
    outer loop
      vertex 0.476993 -5.1875 2.42113
      vertex 0.243025 -5.53766 2
      vertex 0.629083 -5.1875 2.49942
    endloop
  endfacet
  facet normal 0.363733 0.606882 0.706677
    outer loop
      vertex 2.451 -1.85387 2
      vertex 2.24592 -2.3125 2.49942
      vertex 2.63198 -1.96234 2
    endloop
  endfacet
  facet normal 0.363746 0.606875 0.706676
    outer loop
      vertex 2.24592 -2.3125 2.49942
      vertex 2.451 -1.85387 2
      vertex 2.20586 -2.3125 2.52004
    endloop
  endfacet
  facet normal -0.171925 0.686328 0.706679
    outer loop
      vertex 1.01806 -1.64131 2
      vertex 0.813389 -1.69258 2
      vertex 1.13511 -2.22978 2.6
    endloop
  endfacet
  facet normal 0.238356 -0.666177 0.706678
    outer loop
      vertex 2.26027 -5.73634 2
      vertex 1.88744 -5.23326 2.6
      vertex 2.06161 -5.80742 2
    endloop
  endfacet
  facet normal 0.363774 -0.606848 0.706685
    outer loop
      vertex 2.39801 -5.1875 2.42113
      vertex 2.24592 -5.1875 2.49942
      vertex 2.63198 -5.53766 2
    endloop
  endfacet
  facet normal 0.302515 0.639604 0.706676
    outer loop
      vertex 2.26027 -1.76366 2
      vertex 2.20586 -2.3125 2.52004
      vertex 2.451 -1.85387 2
    endloop
  endfacet
  facet normal 0.30232 0.639657 0.706712
    outer loop
      vertex 2.20586 -2.3125 2.52004
      vertex 2.26027 -1.76366 2
      vertex 2.17865 -2.3125 2.53168
    endloop
  endfacet
  facet normal 0.103824 0.699875 0.70668
    outer loop
      vertex 1.85694 -1.64131 2
      vertex 1.64824 -1.61035 2
      vertex 1.73989 -2.22978 2.6
    endloop
  endfacet
  facet normal 0.171926 0.686328 0.706679
    outer loop
      vertex 1.85694 -1.64131 2
      vertex 1.73989 -2.22978 2.6
      vertex 2.06161 -1.69258 2
    endloop
  endfacet
  facet normal -0.475207 -0.524205 0.706674
    outer loop
      vertex 0.179822 -5.1875 2.23797
      vertex 0.073555 -5.41197 2
      vertex 0.257775 -5.1875 2.29039
    endloop
  endfacet
  facet normal -0.171919 0.686331 0.706678
    outer loop
      vertex 1.13511 -2.22978 2.6
      vertex 0.813389 -1.69258 2
      vertex 0.987559 -2.26674 2.6
    endloop
  endfacet
  facet normal -0.238359 0.666177 0.706678
    outer loop
      vertex 0.813389 -1.69258 2
      vertex 0.614731 -1.76366 2
      vertex 0.987559 -2.26674 2.6
    endloop
  endfacet
  facet normal 0.475154 0.524249 0.706676
    outer loop
      vertex 2.80145 -2.08803 2
      vertex 2.875 -2.3125 2.11707
      vertex 2.95778 -2.22972 2
    endloop
  endfacet
  facet normal 0.475135 0.524249 0.706689
    outer loop
      vertex 2.875 -2.3125 2.11707
      vertex 2.80145 -2.08803 2
      vertex 2.69518 -2.3125 2.23797
    endloop
  endfacet
  facet normal 0.475225 0.524189 0.706673
    outer loop
      vertex 2.80145 -2.08803 2
      vertex 2.61723 -2.3125 2.29039
      vertex 2.69518 -2.3125 2.23797
    endloop
  endfacet
  facet normal 0.524242 0.475162 0.706677
    outer loop
      vertex 2.95778 -2.22972 2
      vertex 2.875 -2.3125 2.11707
      vertex 3.03281 -2.3125 2
    endloop
  endfacet
  facet normal 0.238356 0.666177 0.706678
    outer loop
      vertex 2.06161 -1.69258 2
      vertex 1.88744 -2.26674 2.6
      vertex 2.26027 -1.76366 2
    endloop
  endfacet
  facet normal 0.17192 0.686331 0.706678
    outer loop
      vertex 2.06161 -1.69258 2
      vertex 1.73989 -2.22978 2.6
      vertex 1.88744 -2.26674 2.6
    endloop
  endfacet
  facet normal -0.171919 -0.686331 0.706678
    outer loop
      vertex 0.987559 -5.23326 2.6
      vertex 0.813389 -5.80742 2
      vertex 1.13511 -5.27022 2.6
    endloop
  endfacet
  facet normal -0.475207 0.524205 0.706674
    outer loop
      vertex 0.257775 -2.3125 2.29039
      vertex 0.073555 -2.08803 2
      vertex 0.179822 -2.3125 2.23797
    endloop
  endfacet
  facet normal 0.103823 -0.699875 0.70668
    outer loop
      vertex 1.73989 -5.27022 2.6
      vertex 1.58943 -5.29254 2.6
      vertex 1.64824 -5.88965 2
    endloop
  endfacet
  facet normal 0.0346991 -0.706681 0.706681
    outer loop
      vertex 1.4375 -5.3 2.6
      vertex 1.4375 -5.9 2
      vertex 1.58943 -5.29254 2.6
    endloop
  endfacet
  facet normal -0.103824 -0.699875 0.70668
    outer loop
      vertex 1.13511 -5.27022 2.6
      vertex 1.01806 -5.85869 2
      vertex 1.22676 -5.88965 2
    endloop
  endfacet
  facet normal 0.421484 0.568286 0.706684
    outer loop
      vertex 2.63198 -1.96234 2
      vertex 2.39801 -2.3125 2.42113
      vertex 2.50654 -2.3125 2.3564
    endloop
  endfacet
  facet normal -0.034707 -0.706682 0.70668
    outer loop
      vertex 1.28557 -5.29254 2.6
      vertex 1.22676 -5.88965 2
      vertex 1.4375 -5.9 2
    endloop
  endfacet
  facet normal -0.302517 -0.639599 0.70668
    outer loop
      vertex 0.696348 -5.1875 2.53168
      vertex 0.614731 -5.73634 2
      vertex 0.842068 -5.1875 2.59406
    endloop
  endfacet
  facet normal 0.421484 -0.568286 0.706684
    outer loop
      vertex 2.50654 -5.1875 2.3564
      vertex 2.39801 -5.1875 2.42113
      vertex 2.63198 -5.53766 2
    endloop
  endfacet
  facet normal 0.421485 -0.568296 0.706675
    outer loop
      vertex 2.61723 -5.1875 2.29039
      vertex 2.63198 -5.53766 2
      vertex 2.80145 -5.41197 2
    endloop
  endfacet
  facet normal 0.421436 -0.568312 0.706692
    outer loop
      vertex 2.63198 -5.53766 2
      vertex 2.61723 -5.1875 2.29039
      vertex 2.50654 -5.1875 2.3564
    endloop
  endfacet
  facet normal 0 0 1
    outer loop
      vertex 2.01532 -5.1875 2.6
      vertex 1.73989 -5.27022 2.6
      vertex 1.88744 -5.23326 2.6
    endloop
  endfacet
  facet normal 0 0 1
    outer loop
      vertex 2.01532 -5.1875 2.6
      vertex 1.58943 -5.29254 2.6
      vertex 1.73989 -5.27022 2.6
    endloop
  endfacet
  facet normal 0 0 1
    outer loop
      vertex 2.01532 -5.1875 2.6
      vertex 1.4375 -5.3 2.6
      vertex 1.58943 -5.29254 2.6
    endloop
  endfacet
  facet normal 0 0 1
    outer loop
      vertex 2.01532 -5.1875 2.6
      vertex 1.28557 -5.29254 2.6
      vertex 1.4375 -5.3 2.6
    endloop
  endfacet
  facet normal 0 0 1
    outer loop
      vertex 2.01532 -5.1875 2.6
      vertex 1.13511 -5.27022 2.6
      vertex 1.28557 -5.29254 2.6
    endloop
  endfacet
  facet normal 0 0 1
    outer loop
      vertex 2.01532 -5.1875 2.6
      vertex 0.987559 -5.23326 2.6
      vertex 1.13511 -5.27022 2.6
    endloop
  endfacet
  facet normal 0 -0 1
    outer loop
      vertex 0.987559 -5.23326 2.6
      vertex 2.01532 -5.1875 2.6
      vertex 0.859677 -5.1875 2.6
    endloop
  endfacet
  facet normal 0 0 1
    outer loop
      vertex 1.73989 -2.22978 2.6
      vertex 2.01532 -2.3125 2.6
      vertex 1.88744 -2.26674 2.6
    endloop
  endfacet
  facet normal 0 0 1
    outer loop
      vertex 1.58943 -2.20746 2.6
      vertex 2.01532 -2.3125 2.6
      vertex 1.73989 -2.22978 2.6
    endloop
  endfacet
  facet normal 0 0 1
    outer loop
      vertex 1.4375 -2.2 2.6
      vertex 2.01532 -2.3125 2.6
      vertex 1.58943 -2.20746 2.6
    endloop
  endfacet
  facet normal -0 0 1
    outer loop
      vertex 1.28557 -2.20746 2.6
      vertex 2.01532 -2.3125 2.6
      vertex 1.4375 -2.2 2.6
    endloop
  endfacet
  facet normal -0 0 1
    outer loop
      vertex 1.13511 -2.22978 2.6
      vertex 2.01532 -2.3125 2.6
      vertex 1.28557 -2.20746 2.6
    endloop
  endfacet
  facet normal -0 0 1
    outer loop
      vertex 0.987559 -2.26674 2.6
      vertex 2.01532 -2.3125 2.6
      vertex 1.13511 -2.22978 2.6
    endloop
  endfacet
  facet normal 0 0 1
    outer loop
      vertex 2.01532 -2.3125 2.6
      vertex 0.987559 -2.26674 2.6
      vertex 0.859677 -2.3125 2.6
    endloop
  endfacet
  facet normal -0.421458 -0.568305 0.706684
    outer loop
      vertex 0.257775 -5.1875 2.29039
      vertex 0.243025 -5.53766 2
      vertex 0.368458 -5.1875 2.3564
    endloop
  endfacet
  facet normal -0.421485 -0.568296 0.706675
    outer loop
      vertex 0.243025 -5.53766 2
      vertex 0.257775 -5.1875 2.29039
      vertex 0.073555 -5.41197 2
    endloop
  endfacet
  facet normal 0.989175 0.146741 0
    outer loop
      vertex -1.61035 1.64824 2
      vertex -1.64131 1.85694 0
      vertex -1.64131 1.85694 2
    endloop
  endfacet
  facet normal 0.989175 0.146741 0
    outer loop
      vertex -1.64131 1.85694 0
      vertex -1.61035 1.64824 2
      vertex -1.61035 1.64824 0
    endloop
  endfacet
  facet normal 0.998796 0.0490535 0
    outer loop
      vertex -1.6 1.4375 2
      vertex -1.61035 1.64824 0
      vertex -1.61035 1.64824 2
    endloop
  endfacet
  facet normal 0.998796 0.0490535 0
    outer loop
      vertex -1.61035 1.64824 0
      vertex -1.6 1.4375 2
      vertex -1.6 1.4375 0
    endloop
  endfacet
  facet normal 0.970028 0.242993 0
    outer loop
      vertex -1.64131 1.85694 2
      vertex -1.69258 2.06161 0
      vertex -1.69258 2.06161 2
    endloop
  endfacet
  facet normal 0.970028 0.242993 0
    outer loop
      vertex -1.69258 2.06161 0
      vertex -1.64131 1.85694 2
      vertex -1.64131 1.85694 0
    endloop
  endfacet
  facet normal -0.903987 0.427561 0
    outer loop
      vertex -5.73634 2.26027 0
      vertex -5.64613 2.451 2
      vertex -5.64613 2.451 0
    endloop
  endfacet
  facet normal -0.903987 0.427561 0
    outer loop
      vertex -5.64613 2.451 2
      vertex -5.73634 2.26027 0
      vertex -5.73634 2.26027 2
    endloop
  endfacet
  facet normal -0.970028 0.242993 0
    outer loop
      vertex -5.85869 1.85694 0
      vertex -5.80742 2.06161 2
      vertex -5.80742 2.06161 0
    endloop
  endfacet
  facet normal -0.970028 0.242993 0
    outer loop
      vertex -5.80742 2.06161 2
      vertex -5.85869 1.85694 0
      vertex -5.85869 1.85694 2
    endloop
  endfacet
  facet normal 0.803202 -0.595707 0
    outer loop
      vertex -2.08803 0.073555 2
      vertex -1.96234 0.243025 0
      vertex -1.96234 0.243025 2
    endloop
  endfacet
  facet normal 0.803202 -0.595707 0
    outer loop
      vertex -1.96234 0.243025 0
      vertex -2.08803 0.073555 2
      vertex -2.08803 0.073555 0
    endloop
  endfacet
  facet normal -0.740958 -0.671552 0
    outer loop
      vertex -5.27028 -0.0827789 0
      vertex -5.41197 0.073555 2
      vertex -5.41197 0.073555 0
    endloop
  endfacet
  facet normal -0.740958 -0.671552 0
    outer loop
      vertex -5.41197 0.073555 2
      vertex -5.27028 -0.0827789 0
      vertex -5.27028 -0.0827789 2
    endloop
  endfacet
  facet normal 0.989175 -0.146741 0
    outer loop
      vertex -1.64131 1.01806 2
      vertex -1.61035 1.22676 0
      vertex -1.61035 1.22676 2
    endloop
  endfacet
  facet normal 0.989175 -0.146741 0
    outer loop
      vertex -1.61035 1.22676 0
      vertex -1.64131 1.01806 2
      vertex -1.64131 1.01806 0
    endloop
  endfacet
  facet normal 0.970028 -0.242992 0
    outer loop
      vertex -1.69258 0.813389 2
      vertex -1.64131 1.01806 0
      vertex -1.64131 1.01806 2
    endloop
  endfacet
  facet normal 0.970028 -0.242992 0
    outer loop
      vertex -1.64131 1.01806 0
      vertex -1.69258 0.813389 2
      vertex -1.69258 0.813389 0
    endloop
  endfacet
  facet normal -0.989175 0.146741 0
    outer loop
      vertex -5.88965 1.64824 0
      vertex -5.85869 1.85694 2
      vertex -5.85869 1.85694 0
    endloop
  endfacet
  facet normal -0.989175 0.146741 0
    outer loop
      vertex -5.85869 1.85694 2
      vertex -5.88965 1.64824 0
      vertex -5.88965 1.64824 2
    endloop
  endfacet
  facet normal -0.85774 0.514084 0
    outer loop
      vertex -5.64613 2.451 0
      vertex -5.53766 2.63198 2
      vertex -5.53766 2.63198 0
    endloop
  endfacet
  facet normal -0.85774 0.514084 0
    outer loop
      vertex -5.53766 2.63198 2
      vertex -5.64613 2.451 0
      vertex -5.64613 2.451 2
    endloop
  endfacet
  facet normal -0.941546 -0.336886 0
    outer loop
      vertex -5.73634 0.614731 0
      vertex -5.80742 0.813389 2
      vertex -5.80742 0.813389 0
    endloop
  endfacet
  facet normal -0.941546 -0.336886 0
    outer loop
      vertex -5.80742 0.813389 2
      vertex -5.73634 0.614731 0
      vertex -5.73634 0.614731 2
    endloop
  endfacet
  facet normal 0.803202 0.595707 0
    outer loop
      vertex -1.96234 2.63198 2
      vertex -2.08803 2.80145 0
      vertex -2.08803 2.80145 2
    endloop
  endfacet
  facet normal 0.803202 0.595707 0
    outer loop
      vertex -2.08803 2.80145 0
      vertex -1.96234 2.63198 2
      vertex -1.96234 2.63198 0
    endloop
  endfacet
  facet normal -0.970028 -0.242992 0
    outer loop
      vertex -5.80742 0.813389 0
      vertex -5.85869 1.01806 2
      vertex -5.85869 1.01806 0
    endloop
  endfacet
  facet normal -0.970028 -0.242992 0
    outer loop
      vertex -5.85869 1.01806 2
      vertex -5.80742 0.813389 0
      vertex -5.80742 0.813389 2
    endloop
  endfacet
  facet normal -0.998796 -0.0490535 0
    outer loop
      vertex -5.88965 1.22676 0
      vertex -5.9 1.4375 2
      vertex -5.9 1.4375 0
    endloop
  endfacet
  facet normal -0.998796 -0.0490535 0
    outer loop
      vertex -5.9 1.4375 2
      vertex -5.88965 1.22676 0
      vertex -5.88965 1.22676 2
    endloop
  endfacet
  facet normal 0.998796 -0.0490535 0
    outer loop
      vertex -1.61035 1.22676 2
      vertex -1.6 1.4375 0
      vertex -1.6 1.4375 2
    endloop
  endfacet
  facet normal 0.998796 -0.0490535 0
    outer loop
      vertex -1.6 1.4375 0
      vertex -1.61035 1.22676 2
      vertex -1.61035 1.22676 0
    endloop
  endfacet
  facet normal 0.903989 -0.427555 0
    outer loop
      vertex -1.85387 0.423998 2
      vertex -1.76366 0.614731 0
      vertex -1.76366 0.614731 2
    endloop
  endfacet
  facet normal 0.903989 -0.427555 0
    outer loop
      vertex -1.76366 0.614731 0
      vertex -1.85387 0.423998 2
      vertex -1.85387 0.423998 0
    endloop
  endfacet
  facet normal 0.85774 0.514084 0
    outer loop
      vertex -1.85387 2.451 2
      vertex -1.96234 2.63198 0
      vertex -1.96234 2.63198 2
    endloop
  endfacet
  facet normal 0.85774 0.514084 0
    outer loop
      vertex -1.96234 2.63198 0
      vertex -1.85387 2.451 2
      vertex -1.85387 2.451 0
    endloop
  endfacet
  facet normal 0.740949 0.671561 0
    outer loop
      vertex -2.08803 2.80145 2
      vertex -2.22972 2.95778 0
      vertex -2.22972 2.95778 2
    endloop
  endfacet
  facet normal 0.740949 0.671561 0
    outer loop
      vertex -2.22972 2.95778 0
      vertex -2.08803 2.80145 2
      vertex -2.08803 2.80145 0
    endloop
  endfacet
  facet normal -0.740949 0.671561 0
    outer loop
      vertex -5.41197 2.80145 0
      vertex -5.27028 2.95778 2
      vertex -5.27028 2.95778 0
    endloop
  endfacet
  facet normal -0.740949 0.671561 0
    outer loop
      vertex -5.27028 2.95778 2
      vertex -5.41197 2.80145 0
      vertex -5.41197 2.80145 2
    endloop
  endfacet
  facet normal -0.671557 -0.740953 0
    outer loop
      vertex -5.27028 -0.0827789 0
      vertex -5.1875 -0.157806 2
      vertex -5.27028 -0.0827789 2
    endloop
  endfacet
  facet normal -0.671557 -0.740953 -0
    outer loop
      vertex -5.1875 -0.157806 2
      vertex -5.27028 -0.0827789 0
      vertex -5.1875 -0.157806 0
    endloop
  endfacet
  facet normal 0.941547 0.336883 0
    outer loop
      vertex -1.69258 2.06161 2
      vertex -1.76366 2.26027 0
      vertex -1.76366 2.26027 2
    endloop
  endfacet
  facet normal 0.941547 0.336883 0
    outer loop
      vertex -1.76366 2.26027 0
      vertex -1.69258 2.06161 2
      vertex -1.69258 2.06161 0
    endloop
  endfacet
  facet normal 0.857731 -0.514099 0
    outer loop
      vertex -1.96234 0.243025 2
      vertex -1.85387 0.423998 0
      vertex -1.85387 0.423998 2
    endloop
  endfacet
  facet normal 0.857731 -0.514099 0
    outer loop
      vertex -1.85387 0.423998 0
      vertex -1.96234 0.243025 2
      vertex -1.96234 0.243025 0
    endloop
  endfacet
  facet normal 0.671572 0.74094 -0
    outer loop
      vertex -2.22972 2.95778 0
      vertex -2.3125 3.03281 2
      vertex -2.22972 2.95778 2
    endloop
  endfacet
  facet normal 0.671572 0.74094 0
    outer loop
      vertex -2.3125 3.03281 2
      vertex -2.22972 2.95778 0
      vertex -2.3125 3.03281 0
    endloop
  endfacet
  facet normal 0.903987 0.427561 0
    outer loop
      vertex -1.76366 2.26027 2
      vertex -1.85387 2.451 0
      vertex -1.85387 2.451 2
    endloop
  endfacet
  facet normal 0.903987 0.427561 0
    outer loop
      vertex -1.85387 2.451 0
      vertex -1.76366 2.26027 2
      vertex -1.76366 2.26027 0
    endloop
  endfacet
  facet normal -0.671572 0.74094 0
    outer loop
      vertex -5.1875 3.03281 0
      vertex -5.27028 2.95778 2
      vertex -5.1875 3.03281 2
    endloop
  endfacet
  facet normal -0.671572 0.74094 0
    outer loop
      vertex -5.27028 2.95778 2
      vertex -5.1875 3.03281 0
      vertex -5.27028 2.95778 0
    endloop
  endfacet
  facet normal -0.857731 -0.514099 0
    outer loop
      vertex -5.53766 0.243025 0
      vertex -5.64613 0.423998 2
      vertex -5.64613 0.423998 0
    endloop
  endfacet
  facet normal -0.857731 -0.514099 0
    outer loop
      vertex -5.64613 0.423998 2
      vertex -5.53766 0.243025 0
      vertex -5.53766 0.243025 2
    endloop
  endfacet
  facet normal -0.803202 -0.595707 0
    outer loop
      vertex -5.41197 0.073555 0
      vertex -5.53766 0.243025 2
      vertex -5.53766 0.243025 0
    endloop
  endfacet
  facet normal -0.803202 -0.595707 0
    outer loop
      vertex -5.53766 0.243025 2
      vertex -5.41197 0.073555 0
      vertex -5.41197 0.073555 2
    endloop
  endfacet
  facet normal -0.989175 -0.146741 0
    outer loop
      vertex -5.85869 1.01806 0
      vertex -5.88965 1.22676 2
      vertex -5.88965 1.22676 0
    endloop
  endfacet
  facet normal -0.989175 -0.146741 0
    outer loop
      vertex -5.88965 1.22676 2
      vertex -5.85869 1.01806 0
      vertex -5.85869 1.01806 2
    endloop
  endfacet
  facet normal -0.903989 -0.427555 0
    outer loop
      vertex -5.64613 0.423998 0
      vertex -5.73634 0.614731 2
      vertex -5.73634 0.614731 0
    endloop
  endfacet
  facet normal -0.903989 -0.427555 0
    outer loop
      vertex -5.73634 0.614731 2
      vertex -5.64613 0.423998 0
      vertex -5.64613 0.423998 2
    endloop
  endfacet
  facet normal -0.941547 0.336883 0
    outer loop
      vertex -5.80742 2.06161 0
      vertex -5.73634 2.26027 2
      vertex -5.73634 2.26027 0
    endloop
  endfacet
  facet normal -0.941547 0.336883 0
    outer loop
      vertex -5.73634 2.26027 2
      vertex -5.80742 2.06161 0
      vertex -5.80742 2.06161 2
    endloop
  endfacet
  facet normal 0.941546 -0.336886 0
    outer loop
      vertex -1.76366 0.614731 2
      vertex -1.69258 0.813389 0
      vertex -1.69258 0.813389 2
    endloop
  endfacet
  facet normal 0.941546 -0.336886 0
    outer loop
      vertex -1.69258 0.813389 0
      vertex -1.76366 0.614731 2
      vertex -1.76366 0.614731 0
    endloop
  endfacet
  facet normal -0.803202 0.595707 0
    outer loop
      vertex -5.53766 2.63198 0
      vertex -5.41197 2.80145 2
      vertex -5.41197 2.80145 0
    endloop
  endfacet
  facet normal -0.803202 0.595707 0
    outer loop
      vertex -5.41197 2.80145 2
      vertex -5.53766 2.63198 0
      vertex -5.53766 2.63198 2
    endloop
  endfacet
  facet normal -0.998796 0.0490535 0
    outer loop
      vertex -5.9 1.4375 0
      vertex -5.88965 1.64824 2
      vertex -5.88965 1.64824 0
    endloop
  endfacet
  facet normal -0.998796 0.0490535 0
    outer loop
      vertex -5.88965 1.64824 2
      vertex -5.9 1.4375 0
      vertex -5.9 1.4375 2
    endloop
  endfacet
  facet normal 0.740958 -0.671552 0
    outer loop
      vertex -2.22972 -0.0827789 2
      vertex -2.08803 0.073555 0
      vertex -2.08803 0.073555 2
    endloop
  endfacet
  facet normal 0.740958 -0.671552 0
    outer loop
      vertex -2.08803 0.073555 0
      vertex -2.22972 -0.0827789 2
      vertex -2.22972 -0.0827789 0
    endloop
  endfacet
  facet normal 0.671557 -0.740953 0
    outer loop
      vertex -2.3125 -0.157806 0
      vertex -2.22972 -0.0827789 2
      vertex -2.3125 -0.157806 2
    endloop
  endfacet
  facet normal 0.671557 -0.740953 0
    outer loop
      vertex -2.22972 -0.0827789 2
      vertex -2.3125 -0.157806 0
      vertex -2.22972 -0.0827789 0
    endloop
  endfacet
  facet normal 0.706681 0.0346991 0.706681
    outer loop
      vertex -1.6 1.4375 2
      vertex -2.20746 1.58943 2.6
      vertex -2.2 1.4375 2.6
    endloop
  endfacet
  facet normal 0.706682 0.034707 0.70668
    outer loop
      vertex -1.61035 1.64824 2
      vertex -2.20746 1.58943 2.6
      vertex -1.6 1.4375 2
    endloop
  endfacet
  facet normal 0.666177 -0.238359 0.706678
    outer loop
      vertex -1.69258 0.813389 2
      vertex -2.26674 0.987559 2.6
      vertex -1.76366 0.614731 2
    endloop
  endfacet
  facet normal -0.706681 -0.0346991 0.706681
    outer loop
      vertex -5.3 1.4375 2.6
      vertex -5.9 1.4375 2
      vertex -5.29254 1.28557 2.6
    endloop
  endfacet
  facet normal 0.686328 0.171926 0.706679
    outer loop
      vertex -1.69258 2.06161 2
      vertex -2.22978 1.73989 2.6
      vertex -1.64131 1.85694 2
    endloop
  endfacet
  facet normal 0.568301 -0.421464 0.706683
    outer loop
      vertex -2.3125 0.476993 2.42113
      vertex -2.3125 0.368458 2.3564
      vertex -1.96234 0.243025 2
    endloop
  endfacet
  facet normal -0.666177 -0.238359 0.706678
    outer loop
      vertex -5.23326 0.987559 2.6
      vertex -5.80742 0.813389 2
      vertex -5.73634 0.614731 2
    endloop
  endfacet
  facet normal 0.699875 0.103824 0.70668
    outer loop
      vertex -1.64131 1.85694 2
      vertex -2.22978 1.73989 2.6
      vertex -1.61035 1.64824 2
    endloop
  endfacet
  facet normal 0.639604 0.302515 0.706676
    outer loop
      vertex -2.3125 2.20586 2.52004
      vertex -1.76366 2.26027 2
      vertex -1.85387 2.451 2
    endloop
  endfacet
  facet normal 0.639657 0.30232 0.706712
    outer loop
      vertex -1.76366 2.26027 2
      vertex -2.3125 2.20586 2.52004
      vertex -2.3125 2.17865 2.53168
    endloop
  endfacet
  facet normal -0.524249 0.475154 0.706676
    outer loop
      vertex -5.41197 2.80145 2
      vertex -5.1875 2.875 2.11707
      vertex -5.27028 2.95778 2
    endloop
  endfacet
  facet normal -0.524249 0.475135 0.706689
    outer loop
      vertex -5.1875 2.875 2.11707
      vertex -5.41197 2.80145 2
      vertex -5.1875 2.69518 2.23797
    endloop
  endfacet
  facet normal 0.568296 0.421485 0.706675
    outer loop
      vertex -2.3125 2.61723 2.29039
      vertex -1.96234 2.63198 2
      vertex -2.08803 2.80145 2
    endloop
  endfacet
  facet normal 0.568312 0.421436 0.706692
    outer loop
      vertex -1.96234 2.63198 2
      vertex -2.3125 2.61723 2.29039
      vertex -2.3125 2.50654 2.3564
    endloop
  endfacet
  facet normal -0.666155 0.238374 0.706694
    outer loop
      vertex -5.1875 2.03293 2.59406
      vertex -5.23326 1.88744 2.6
      vertex -5.1875 2.01532 2.6
    endloop
  endfacet
  facet normal -0.666166 0.238377 0.706682
    outer loop
      vertex -5.23326 1.88744 2.6
      vertex -5.1875 2.03293 2.59406
      vertex -5.73634 2.26027 2
    endloop
  endfacet
  facet normal -0.706682 -0.034707 0.70668
    outer loop
      vertex -5.29254 1.28557 2.6
      vertex -5.9 1.4375 2
      vertex -5.88965 1.22676 2
    endloop
  endfacet
  facet normal 0.524257 -0.475128 0.706688
    outer loop
      vertex -2.3125 0 2.11707
      vertex -2.08803 0.073555 2
      vertex -2.3125 0.179822 2.23797
    endloop
  endfacet
  facet normal 0.524257 -0.475149 0.706674
    outer loop
      vertex -2.08803 0.073555 2
      vertex -2.3125 0 2.11707
      vertex -2.22972 -0.0827789 2
    endloop
  endfacet
  facet normal -0.60685 -0.363773 0.706684
    outer loop
      vertex -5.1875 0.629083 2.49942
      vertex -5.53766 0.243025 2
      vertex -5.1875 0.476993 2.42113
    endloop
  endfacet
  facet normal 0.686331 -0.171919 0.706678
    outer loop
      vertex -2.22978 1.13511 2.6
      vertex -2.26674 0.987559 2.6
      vertex -1.69258 0.813389 2
    endloop
  endfacet
  facet normal -0.686328 -0.171925 0.706679
    outer loop
      vertex -5.27022 1.13511 2.6
      vertex -5.85869 1.01806 2
      vertex -5.80742 0.813389 2
    endloop
  endfacet
  facet normal 0.666179 -0.238379 0.706669
    outer loop
      vertex -2.3125 0.842068 2.59406
      vertex -2.26674 0.987559 2.6
      vertex -2.3125 0.859677 2.6
    endloop
  endfacet
  facet normal 0.666167 -0.238376 0.706681
    outer loop
      vertex -2.26674 0.987559 2.6
      vertex -2.3125 0.842068 2.59406
      vertex -1.76366 0.614731 2
    endloop
  endfacet
  facet normal 0.686331 0.17192 0.706678
    outer loop
      vertex -1.69258 2.06161 2
      vertex -2.26674 1.88744 2.6
      vertex -2.22978 1.73989 2.6
    endloop
  endfacet
  facet normal -0.568305 -0.421458 0.706684
    outer loop
      vertex -5.53766 0.243025 2
      vertex -5.1875 0.257775 2.29039
      vertex -5.1875 0.368458 2.3564
    endloop
  endfacet
  facet normal -0.568296 -0.421485 0.706675
    outer loop
      vertex -5.1875 0.257775 2.29039
      vertex -5.53766 0.243025 2
      vertex -5.41197 0.073555 2
    endloop
  endfacet
  facet normal -0.475162 0.524242 0.706677
    outer loop
      vertex -5.1875 3.03281 2
      vertex -5.27028 2.95778 2
      vertex -5.1875 2.875 2.11707
    endloop
  endfacet
  facet normal 0.568305 -0.421458 0.706684
    outer loop
      vertex -2.3125 0.257775 2.29039
      vertex -1.96234 0.243025 2
      vertex -2.3125 0.368458 2.3564
    endloop
  endfacet
  facet normal 0.568296 -0.421485 0.706675
    outer loop
      vertex -1.96234 0.243025 2
      vertex -2.3125 0.257775 2.29039
      vertex -2.08803 0.073555 2
    endloop
  endfacet
  facet normal -0.475153 -0.524253 0.706674
    outer loop
      vertex -5.1875 0 2.11707
      vertex -5.27028 -0.0827789 2
      vertex -5.1875 -0.157806 2
    endloop
  endfacet
  facet normal 0.568286 0.421484 0.706684
    outer loop
      vertex -2.3125 2.50654 2.3564
      vertex -2.3125 2.39801 2.42113
      vertex -1.96234 2.63198 2
    endloop
  endfacet
  facet normal -0.706682 0.034707 0.70668
    outer loop
      vertex -5.88965 1.64824 2
      vertex -5.9 1.4375 2
      vertex -5.29254 1.58943 2.6
    endloop
  endfacet
  facet normal -0.699875 -0.103824 0.70668
    outer loop
      vertex -5.27022 1.13511 2.6
      vertex -5.88965 1.22676 2
      vertex -5.85869 1.01806 2
    endloop
  endfacet
  facet normal -0.699875 0.103824 0.70668
    outer loop
      vertex -5.85869 1.85694 2
      vertex -5.88965 1.64824 2
      vertex -5.27022 1.73989 2.6
    endloop
  endfacet
  facet normal -0.639648 -0.302351 0.706706
    outer loop
      vertex -5.73634 0.614731 2
      vertex -5.1875 0.669141 2.52004
      vertex -5.1875 0.696348 2.53168
    endloop
  endfacet
  facet normal -0.639605 -0.302511 0.706677
    outer loop
      vertex -5.1875 0.669141 2.52004
      vertex -5.73634 0.614731 2
      vertex -5.64613 0.423998 2
    endloop
  endfacet
  facet normal -0.686328 0.171926 0.706679
    outer loop
      vertex -5.80742 2.06161 2
      vertex -5.85869 1.85694 2
      vertex -5.27022 1.73989 2.6
    endloop
  endfacet
  facet normal 0.639599 -0.302517 0.70668
    outer loop
      vertex -2.3125 0.842068 2.59406
      vertex -2.3125 0.696348 2.53168
      vertex -1.76366 0.614731 2
    endloop
  endfacet
  facet normal -0.686331 -0.171919 0.706678
    outer loop
      vertex -5.27022 1.13511 2.6
      vertex -5.80742 0.813389 2
      vertex -5.23326 0.987559 2.6
    endloop
  endfacet
  facet normal 0.666177 0.238356 0.706678
    outer loop
      vertex -1.76366 2.26027 2
      vertex -2.26674 1.88744 2.6
      vertex -1.69258 2.06161 2
    endloop
  endfacet
  facet normal -0.639599 -0.302517 0.70668
    outer loop
      vertex -5.1875 0.842068 2.59406
      vertex -5.73634 0.614731 2
      vertex -5.1875 0.696348 2.53168
    endloop
  endfacet
  facet normal 0.60685 -0.363773 0.706684
    outer loop
      vertex -2.3125 0.629083 2.49942
      vertex -2.3125 0.476993 2.42113
      vertex -1.96234 0.243025 2
    endloop
  endfacet
  facet normal 0.706682 -0.034707 0.70668
    outer loop
      vertex -1.6 1.4375 2
      vertex -2.20746 1.28557 2.6
      vertex -1.61035 1.22676 2
    endloop
  endfacet
  facet normal 0.706681 -0.0346991 0.706681
    outer loop
      vertex -2.2 1.4375 2.6
      vertex -2.20746 1.28557 2.6
      vertex -1.6 1.4375 2
    endloop
  endfacet
  facet normal -0.606864 -0.363764 0.706677
    outer loop
      vertex -5.64613 0.423998 2
      vertex -5.1875 0.629083 2.49942
      vertex -5.1875 0.669141 2.52004
    endloop
  endfacet
  facet normal -0.606875 -0.363743 0.706678
    outer loop
      vertex -5.1875 0.629083 2.49942
      vertex -5.64613 0.423998 2
      vertex -5.53766 0.243025 2
    endloop
  endfacet
  facet normal 0.606882 0.363733 0.706677
    outer loop
      vertex -2.3125 2.24592 2.49942
      vertex -1.85387 2.451 2
      vertex -1.96234 2.63198 2
    endloop
  endfacet
  facet normal 0.606875 0.363746 0.706676
    outer loop
      vertex -1.85387 2.451 2
      vertex -2.3125 2.24592 2.49942
      vertex -2.3125 2.20586 2.52004
    endloop
  endfacet
  facet normal 0.606848 0.363774 0.706685
    outer loop
      vertex -2.3125 2.39801 2.42113
      vertex -2.3125 2.24592 2.49942
      vertex -1.96234 2.63198 2
    endloop
  endfacet
  facet normal 0.699875 0.103823 0.70668
    outer loop
      vertex -1.61035 1.64824 2
      vertex -2.22978 1.73989 2.6
      vertex -2.20746 1.58943 2.6
    endloop
  endfacet
  facet normal -0.524257 -0.475128 0.706688
    outer loop
      vertex -5.41197 0.073555 2
      vertex -5.1875 0 2.11707
      vertex -5.1875 0.179822 2.23797
    endloop
  endfacet
  facet normal -0.524257 -0.475149 0.706674
    outer loop
      vertex -5.1875 0 2.11707
      vertex -5.41197 0.073555 2
      vertex -5.27028 -0.0827789 2
    endloop
  endfacet
  facet normal 0.699875 -0.103824 0.70668
    outer loop
      vertex -1.61035 1.22676 2
      vertex -2.22978 1.13511 2.6
      vertex -1.64131 1.01806 2
    endloop
  endfacet
  facet normal 0.686328 -0.171925 0.706679
    outer loop
      vertex -1.64131 1.01806 2
      vertex -2.22978 1.13511 2.6
      vertex -1.69258 0.813389 2
    endloop
  endfacet
  facet normal 0.606864 -0.363764 0.706677
    outer loop
      vertex -2.3125 0.629083 2.49942
      vertex -1.85387 0.423998 2
      vertex -2.3125 0.669141 2.52004
    endloop
  endfacet
  facet normal 0.606875 -0.363743 0.706678
    outer loop
      vertex -1.85387 0.423998 2
      vertex -2.3125 0.629083 2.49942
      vertex -1.96234 0.243025 2
    endloop
  endfacet
  facet normal 0.475153 -0.524253 0.706674
    outer loop
      vertex -2.3125 0 2.11707
      vertex -2.3125 -0.157806 2
      vertex -2.22972 -0.0827789 2
    endloop
  endfacet
  facet normal -0.666177 0.238356 0.706678
    outer loop
      vertex -5.73634 2.26027 2
      vertex -5.80742 2.06161 2
      vertex -5.23326 1.88744 2.6
    endloop
  endfacet
  facet normal -0.699875 -0.103823 0.70668
    outer loop
      vertex -5.29254 1.28557 2.6
      vertex -5.88965 1.22676 2
      vertex -5.27022 1.13511 2.6
    endloop
  endfacet
  facet normal -0.686331 0.17192 0.706678
    outer loop
      vertex -5.23326 1.88744 2.6
      vertex -5.80742 2.06161 2
      vertex -5.27022 1.73989 2.6
    endloop
  endfacet
  facet normal -0.568296 0.421485 0.706675
    outer loop
      vertex -5.53766 2.63198 2
      vertex -5.1875 2.61723 2.29039
      vertex -5.41197 2.80145 2
    endloop
  endfacet
  facet normal -0.568312 0.421436 0.706692
    outer loop
      vertex -5.1875 2.61723 2.29039
      vertex -5.53766 2.63198 2
      vertex -5.1875 2.50654 2.3564
    endloop
  endfacet
  facet normal -0.706681 0.0346991 0.706681
    outer loop
      vertex -5.29254 1.58943 2.6
      vertex -5.9 1.4375 2
      vertex -5.3 1.4375 2.6
    endloop
  endfacet
  facet normal 0.639648 -0.302351 0.706706
    outer loop
      vertex -2.3125 0.669141 2.52004
      vertex -1.76366 0.614731 2
      vertex -2.3125 0.696348 2.53168
    endloop
  endfacet
  facet normal 0.639605 -0.302511 0.706677
    outer loop
      vertex -1.76366 0.614731 2
      vertex -2.3125 0.669141 2.52004
      vertex -1.85387 0.423998 2
    endloop
  endfacet
  facet normal 0.666166 0.238377 0.706682
    outer loop
      vertex -2.3125 2.03293 2.59406
      vertex -2.26674 1.88744 2.6
      vertex -1.76366 2.26027 2
    endloop
  endfacet
  facet normal 0.666155 0.238374 0.706694
    outer loop
      vertex -2.26674 1.88744 2.6
      vertex -2.3125 2.03293 2.59406
      vertex -2.3125 2.01532 2.6
    endloop
  endfacet
  facet normal -0.524189 0.475225 0.706673
    outer loop
      vertex -5.1875 2.69518 2.23797
      vertex -5.41197 2.80145 2
      vertex -5.1875 2.61723 2.29039
    endloop
  endfacet
  facet normal -0.639604 0.302515 0.706676
    outer loop
      vertex -5.73634 2.26027 2
      vertex -5.1875 2.20586 2.52004
      vertex -5.64613 2.451 2
    endloop
  endfacet
  facet normal -0.639657 0.30232 0.706712
    outer loop
      vertex -5.1875 2.20586 2.52004
      vertex -5.73634 2.26027 2
      vertex -5.1875 2.17865 2.53168
    endloop
  endfacet
  facet normal 0.639598 0.302517 0.706681
    outer loop
      vertex -2.3125 2.17865 2.53168
      vertex -2.3125 2.03293 2.59406
      vertex -1.76366 2.26027 2
    endloop
  endfacet
  facet normal 0.524205 -0.475207 0.706674
    outer loop
      vertex -2.3125 0.257775 2.29039
      vertex -2.3125 0.179822 2.23797
      vertex -2.08803 0.073555 2
    endloop
  endfacet
  facet normal 0.699875 -0.103823 0.70668
    outer loop
      vertex -2.20746 1.28557 2.6
      vertex -2.22978 1.13511 2.6
      vertex -1.61035 1.22676 2
    endloop
  endfacet
  facet normal -0.666179 -0.238379 0.706669
    outer loop
      vertex -5.23326 0.987559 2.6
      vertex -5.1875 0.842068 2.59406
      vertex -5.1875 0.859677 2.6
    endloop
  endfacet
  facet normal -0.666167 -0.238376 0.706681
    outer loop
      vertex -5.1875 0.842068 2.59406
      vertex -5.23326 0.987559 2.6
      vertex -5.73634 0.614731 2
    endloop
  endfacet
  facet normal 0.524189 0.475225 0.706673
    outer loop
      vertex -2.3125 2.69518 2.23797
      vertex -2.3125 2.61723 2.29039
      vertex -2.08803 2.80145 2
    endloop
  endfacet
  facet normal 0.475162 0.524242 0.706677
    outer loop
      vertex -2.3125 3.03281 2
      vertex -2.3125 2.875 2.11707
      vertex -2.22972 2.95778 2
    endloop
  endfacet
  facet normal -0.568286 0.421484 0.706684
    outer loop
      vertex -5.1875 2.50654 2.3564
      vertex -5.53766 2.63198 2
      vertex -5.1875 2.39801 2.42113
    endloop
  endfacet
  facet normal 0.524249 0.475154 0.706676
    outer loop
      vertex -2.3125 2.875 2.11707
      vertex -2.08803 2.80145 2
      vertex -2.22972 2.95778 2
    endloop
  endfacet
  facet normal 0.524249 0.475135 0.706689
    outer loop
      vertex -2.08803 2.80145 2
      vertex -2.3125 2.875 2.11707
      vertex -2.3125 2.69518 2.23797
    endloop
  endfacet
  facet normal -0.699875 0.103823 0.70668
    outer loop
      vertex -5.27022 1.73989 2.6
      vertex -5.88965 1.64824 2
      vertex -5.29254 1.58943 2.6
    endloop
  endfacet
  facet normal -0.568301 -0.421464 0.706683
    outer loop
      vertex -5.1875 0.476993 2.42113
      vertex -5.53766 0.243025 2
      vertex -5.1875 0.368458 2.3564
    endloop
  endfacet
  facet normal -0.524205 -0.475207 0.706674
    outer loop
      vertex -5.1875 0.257775 2.29039
      vertex -5.41197 0.073555 2
      vertex -5.1875 0.179822 2.23797
    endloop
  endfacet
  facet normal -0.606882 0.363733 0.706677
    outer loop
      vertex -5.64613 2.451 2
      vertex -5.1875 2.24592 2.49942
      vertex -5.53766 2.63198 2
    endloop
  endfacet
  facet normal -0.606875 0.363746 0.706676
    outer loop
      vertex -5.1875 2.24592 2.49942
      vertex -5.64613 2.451 2
      vertex -5.1875 2.20586 2.52004
    endloop
  endfacet
  facet normal -0.639598 0.302517 0.706681
    outer loop
      vertex -5.1875 2.17865 2.53168
      vertex -5.73634 2.26027 2
      vertex -5.1875 2.03293 2.59406
    endloop
  endfacet
  facet normal -0 0 1
    outer loop
      vertex -5.23326 1.88744 2.6
      vertex -5.1875 0.859677 2.6
      vertex -5.1875 2.01532 2.6
    endloop
  endfacet
  facet normal 0 0 1
    outer loop
      vertex -5.23326 1.88744 2.6
      vertex -5.23326 0.987559 2.6
      vertex -5.1875 0.859677 2.6
    endloop
  endfacet
  facet normal -0 0 1
    outer loop
      vertex -5.27022 1.73989 2.6
      vertex -5.23326 0.987559 2.6
      vertex -5.23326 1.88744 2.6
    endloop
  endfacet
  facet normal 0 0 1
    outer loop
      vertex -5.27022 1.73989 2.6
      vertex -5.27022 1.13511 2.6
      vertex -5.23326 0.987559 2.6
    endloop
  endfacet
  facet normal -0 0 1
    outer loop
      vertex -5.29254 1.58943 2.6
      vertex -5.27022 1.13511 2.6
      vertex -5.27022 1.73989 2.6
    endloop
  endfacet
  facet normal 0 0 1
    outer loop
      vertex -5.29254 1.58943 2.6
      vertex -5.29254 1.28557 2.6
      vertex -5.27022 1.13511 2.6
    endloop
  endfacet
  facet normal 0 -0 1
    outer loop
      vertex -5.29254 1.28557 2.6
      vertex -5.29254 1.58943 2.6
      vertex -5.3 1.4375 2.6
    endloop
  endfacet
  facet normal 0 0 1
    outer loop
      vertex -2.20746 1.58943 2.6
      vertex -2.20746 1.28557 2.6
      vertex -2.2 1.4375 2.6
    endloop
  endfacet
  facet normal 0 0 1
    outer loop
      vertex -2.22978 1.73989 2.6
      vertex -2.20746 1.28557 2.6
      vertex -2.20746 1.58943 2.6
    endloop
  endfacet
  facet normal 0 0 1
    outer loop
      vertex -2.22978 1.73989 2.6
      vertex -2.22978 1.13511 2.6
      vertex -2.20746 1.28557 2.6
    endloop
  endfacet
  facet normal 0 0 1
    outer loop
      vertex -2.26674 1.88744 2.6
      vertex -2.22978 1.13511 2.6
      vertex -2.22978 1.73989 2.6
    endloop
  endfacet
  facet normal 0 0 1
    outer loop
      vertex -2.26674 1.88744 2.6
      vertex -2.26674 0.987559 2.6
      vertex -2.22978 1.13511 2.6
    endloop
  endfacet
  facet normal 0 0 1
    outer loop
      vertex -2.3125 2.01532 2.6
      vertex -2.26674 0.987559 2.6
      vertex -2.26674 1.88744 2.6
    endloop
  endfacet
  facet normal 0 0 1
    outer loop
      vertex -2.26674 0.987559 2.6
      vertex -2.3125 2.01532 2.6
      vertex -2.3125 0.859677 2.6
    endloop
  endfacet
  facet normal -0.606848 0.363774 0.706685
    outer loop
      vertex -5.1875 2.39801 2.42113
      vertex -5.53766 2.63198 2
      vertex -5.1875 2.24592 2.49942
    endloop
  endfacet
  facet normal -0.989175 -0.146741 0
    outer loop
      vertex 2.58196 -3.63728 0
      vertex 2.5654 -3.52565 1.2
      vertex 2.5654 -3.52565 0
    endloop
  endfacet
  facet normal -0.989175 -0.146741 0
    outer loop
      vertex 2.5654 -3.52565 1.2
      vertex 2.58196 -3.63728 0
      vertex 2.58196 -3.63728 1.2
    endloop
  endfacet
  facet normal -0.998794 -0.0490891 0
    outer loop
      vertex 2.5875 -3.75 0
      vertex 2.58196 -3.63728 1.2
      vertex 2.58196 -3.63728 0
    endloop
  endfacet
  facet normal -0.998794 -0.0490891 0
    outer loop
      vertex 2.58196 -3.63728 1.2
      vertex 2.5875 -3.75 0
      vertex 2.5875 -3.75 1.2
    endloop
  endfacet
  facet normal -0.970038 -0.242953 0
    outer loop
      vertex 2.5654 -3.52565 0
      vertex 2.53798 -3.41617 1.2
      vertex 2.53798 -3.41617 0
    endloop
  endfacet
  facet normal -0.970038 -0.242953 0
    outer loop
      vertex 2.53798 -3.41617 1.2
      vertex 2.5654 -3.52565 0
      vertex 2.5654 -3.52565 1.2
    endloop
  endfacet
  facet normal 0.146741 -0.989175 0
    outer loop
      vertex 1.21315 -2.6221 0
      vertex 1.32478 -2.60554 1.2
      vertex 1.21315 -2.6221 1.2
    endloop
  endfacet
  facet normal 0.146741 -0.989175 0
    outer loop
      vertex 1.32478 -2.60554 1.2
      vertex 1.21315 -2.6221 0
      vertex 1.32478 -2.60554 0
    endloop
  endfacet
  facet normal 0.941545 0.336886 0
    outer loop
      vertex 0.375038 -4.19009 1.2
      vertex 0.337018 -4.08383 0
      vertex 0.337018 -4.08383 1.2
    endloop
  endfacet
  facet normal 0.941545 0.336886 0
    outer loop
      vertex 0.337018 -4.08383 0
      vertex 0.375038 -4.19009 1.2
      vertex 0.375038 -4.19009 0
    endloop
  endfacet
  facet normal -0.514105 -0.857727 0
    outer loop
      vertex 1.97961 -2.73579 0
      vertex 2.07641 -2.79381 1.2
      vertex 1.97961 -2.73579 1.2
    endloop
  endfacet
  facet normal -0.514105 -0.857727 -0
    outer loop
      vertex 2.07641 -2.79381 1.2
      vertex 1.97961 -2.73579 0
      vertex 2.07641 -2.79381 0
    endloop
  endfacet
  facet normal 0.857727 -0.514105 0
    outer loop
      vertex 0.42329 -3.20789 1.2
      vertex 0.48131 -3.11109 0
      vertex 0.48131 -3.11109 1.2
    endloop
  endfacet
  facet normal 0.857727 -0.514105 0
    outer loop
      vertex 0.48131 -3.11109 0
      vertex 0.42329 -3.20789 1.2
      vertex 0.42329 -3.20789 0
    endloop
  endfacet
  facet normal -0.427542 0.903996 0
    outer loop
      vertex 1.97961 -4.76421 0
      vertex 1.87759 -4.81246 1.2
      vertex 1.97961 -4.76421 1.2
    endloop
  endfacet
  facet normal -0.427542 0.903996 0
    outer loop
      vertex 1.87759 -4.81246 1.2
      vertex 1.97961 -4.76421 0
      vertex 1.87759 -4.81246 0
    endloop
  endfacet
  facet normal -0.998794 0.0490891 0
    outer loop
      vertex 2.58196 -3.86272 0
      vertex 2.5875 -3.75 1.2
      vertex 2.5875 -3.75 0
    endloop
  endfacet
  facet normal -0.998794 0.0490891 0
    outer loop
      vertex 2.5875 -3.75 1.2
      vertex 2.58196 -3.86272 0
      vertex 2.58196 -3.86272 1.2
    endloop
  endfacet
  facet normal -0.242953 0.970038 0
    outer loop
      vertex 1.77133 -4.85048 0
      vertex 1.66185 -4.8779 1.2
      vertex 1.77133 -4.85048 1.2
    endloop
  endfacet
  facet normal -0.242953 0.970038 0
    outer loop
      vertex 1.66185 -4.8779 1.2
      vertex 1.77133 -4.85048 0
      vertex 1.66185 -4.8779 0
    endloop
  endfacet
  facet normal 0.595708 -0.803201 0
    outer loop
      vertex 0.707947 -2.86104 0
      vertex 0.798594 -2.79381 1.2
      vertex 0.707947 -2.86104 1.2
    endloop
  endfacet
  facet normal 0.595708 -0.803201 0
    outer loop
      vertex 0.798594 -2.79381 1.2
      vertex 0.707947 -2.86104 0
      vertex 0.798594 -2.79381 0
    endloop
  endfacet
  facet normal -0.0490891 0.998794 0
    outer loop
      vertex 1.55022 -4.89446 0
      vertex 1.4375 -4.9 1.2
      vertex 1.55022 -4.89446 1.2
    endloop
  endfacet
  facet normal -0.0490891 0.998794 0
    outer loop
      vertex 1.4375 -4.9 1.2
      vertex 1.55022 -4.89446 0
      vertex 1.4375 -4.9 0
    endloop
  endfacet
  facet normal 0.514109 0.857725 -0
    outer loop
      vertex 0.895393 -4.76421 0
      vertex 0.798594 -4.70619 1.2
      vertex 0.895393 -4.76421 1.2
    endloop
  endfacet
  facet normal 0.514109 0.857725 0
    outer loop
      vertex 0.798594 -4.70619 1.2
      vertex 0.895393 -4.76421 0
      vertex 0.798594 -4.70619 0
    endloop
  endfacet
  facet normal -0.903996 -0.427542 0
    outer loop
      vertex 2.49996 -3.30991 0
      vertex 2.45171 -3.20789 1.2
      vertex 2.45171 -3.20789 0
    endloop
  endfacet
  facet normal -0.903996 -0.427542 0
    outer loop
      vertex 2.45171 -3.20789 1.2
      vertex 2.49996 -3.30991 0
      vertex 2.49996 -3.30991 1.2
    endloop
  endfacet
  facet normal 0.146741 0.989175 -0
    outer loop
      vertex 1.32478 -4.89446 0
      vertex 1.21315 -4.8779 1.2
      vertex 1.32478 -4.89446 1.2
    endloop
  endfacet
  facet normal 0.146741 0.989175 0
    outer loop
      vertex 1.21315 -4.8779 1.2
      vertex 1.32478 -4.89446 0
      vertex 1.21315 -4.8779 0
    endloop
  endfacet
  facet normal 0.242953 0.970038 -0
    outer loop
      vertex 1.21315 -4.8779 0
      vertex 1.10367 -4.85048 1.2
      vertex 1.21315 -4.8779 1.2
    endloop
  endfacet
  facet normal 0.242953 0.970038 0
    outer loop
      vertex 1.10367 -4.85048 1.2
      vertex 1.21315 -4.8779 0
      vertex 1.10367 -4.85048 0
    endloop
  endfacet
  facet normal -0.595738 -0.803179 0
    outer loop
      vertex 2.07641 -2.79381 0
      vertex 2.16705 -2.86104 1.2
      vertex 2.07641 -2.79381 1.2
    endloop
  endfacet
  facet normal -0.595738 -0.803179 -0
    outer loop
      vertex 2.16705 -2.86104 1.2
      vertex 2.07641 -2.79381 0
      vertex 2.16705 -2.86104 0
    endloop
  endfacet
  facet normal 0.903989 0.427556 0
    outer loop
      vertex 0.42329 -4.29211 1.2
      vertex 0.375038 -4.19009 0
      vertex 0.375038 -4.19009 1.2
    endloop
  endfacet
  facet normal 0.903989 0.427556 0
    outer loop
      vertex 0.375038 -4.19009 0
      vertex 0.42329 -4.29211 1.2
      vertex 0.42329 -4.29211 0
    endloop
  endfacet
  facet normal -0.803179 0.595738 0
    outer loop
      vertex 2.32646 -4.47955 0
      vertex 2.39369 -4.38891 1.2
      vertex 2.39369 -4.38891 0
    endloop
  endfacet
  facet normal -0.803179 0.595738 0
    outer loop
      vertex 2.39369 -4.38891 1.2
      vertex 2.32646 -4.47955 0
      vertex 2.32646 -4.47955 1.2
    endloop
  endfacet
  facet normal -0.803179 -0.595738 0
    outer loop
      vertex 2.39369 -3.11109 0
      vertex 2.32646 -3.02045 1.2
      vertex 2.32646 -3.02045 0
    endloop
  endfacet
  facet normal -0.803179 -0.595738 0
    outer loop
      vertex 2.32646 -3.02045 1.2
      vertex 2.39369 -3.11109 0
      vertex 2.39369 -3.11109 1.2
    endloop
  endfacet
  facet normal 0 0 -1
    outer loop
      vertex 2.58196 -3.86272 1.2
      vertex 2.58196 -3.63728 1.2
      vertex 2.5875 -3.75 1.2
    endloop
  endfacet
  facet normal 0 0 -1
    outer loop
      vertex 2.5654 -3.97435 1.2
      vertex 2.58196 -3.63728 1.2
      vertex 2.58196 -3.86272 1.2
    endloop
  endfacet
  facet normal 0 0 -1
    outer loop
      vertex 2.5654 -3.97435 1.2
      vertex 2.5654 -3.52565 1.2
      vertex 2.58196 -3.63728 1.2
    endloop
  endfacet
  facet normal 0 0 -1
    outer loop
      vertex 2.53798 -4.08383 1.2
      vertex 2.5654 -3.52565 1.2
      vertex 2.5654 -3.97435 1.2
    endloop
  endfacet
  facet normal 0 0 -1
    outer loop
      vertex 2.53798 -4.08383 1.2
      vertex 2.53798 -3.41617 1.2
      vertex 2.5654 -3.52565 1.2
    endloop
  endfacet
  facet normal 0 0 -1
    outer loop
      vertex 2.49996 -4.19009 1.2
      vertex 2.53798 -3.41617 1.2
      vertex 2.53798 -4.08383 1.2
    endloop
  endfacet
  facet normal 0 0 -1
    outer loop
      vertex 2.49996 -4.19009 1.2
      vertex 2.49996 -3.30991 1.2
      vertex 2.53798 -3.41617 1.2
    endloop
  endfacet
  facet normal 0 0 -1
    outer loop
      vertex 2.45171 -4.29211 1.2
      vertex 2.49996 -3.30991 1.2
      vertex 2.49996 -4.19009 1.2
    endloop
  endfacet
  facet normal 0 0 -1
    outer loop
      vertex 2.45171 -4.29211 1.2
      vertex 2.45171 -3.20789 1.2
      vertex 2.49996 -3.30991 1.2
    endloop
  endfacet
  facet normal 0 0 -1
    outer loop
      vertex 2.39369 -4.38891 1.2
      vertex 2.45171 -3.20789 1.2
      vertex 2.45171 -4.29211 1.2
    endloop
  endfacet
  facet normal 0 0 -1
    outer loop
      vertex 2.39369 -4.38891 1.2
      vertex 2.39369 -3.11109 1.2
      vertex 2.45171 -3.20789 1.2
    endloop
  endfacet
  facet normal 0 0 -1
    outer loop
      vertex 2.32646 -4.47955 1.2
      vertex 2.39369 -3.11109 1.2
      vertex 2.39369 -4.38891 1.2
    endloop
  endfacet
  facet normal 0 0 -1
    outer loop
      vertex 2.32646 -4.47955 1.2
      vertex 2.32646 -3.02045 1.2
      vertex 2.39369 -3.11109 1.2
    endloop
  endfacet
  facet normal 0 0 -1
    outer loop
      vertex 2.25067 -4.56317 1.2
      vertex 2.32646 -3.02045 1.2
      vertex 2.32646 -4.47955 1.2
    endloop
  endfacet
  facet normal 0 0 -1
    outer loop
      vertex 2.25067 -4.56317 1.2
      vertex 2.25067 -2.93683 1.2
      vertex 2.32646 -3.02045 1.2
    endloop
  endfacet
  facet normal 0 0 -1
    outer loop
      vertex 2.16705 -4.63896 1.2
      vertex 2.25067 -2.93683 1.2
      vertex 2.25067 -4.56317 1.2
    endloop
  endfacet
  facet normal 0 0 -1
    outer loop
      vertex 2.16705 -4.63896 1.2
      vertex 2.16705 -2.86104 1.2
      vertex 2.25067 -2.93683 1.2
    endloop
  endfacet
  facet normal 0 0 -1
    outer loop
      vertex 2.07641 -4.70619 1.2
      vertex 2.16705 -2.86104 1.2
      vertex 2.16705 -4.63896 1.2
    endloop
  endfacet
  facet normal 0 0 -1
    outer loop
      vertex 2.07641 -4.70619 1.2
      vertex 2.07641 -2.79381 1.2
      vertex 2.16705 -2.86104 1.2
    endloop
  endfacet
  facet normal 0 0 -1
    outer loop
      vertex 1.97961 -4.76421 1.2
      vertex 2.07641 -2.79381 1.2
      vertex 2.07641 -4.70619 1.2
    endloop
  endfacet
  facet normal 0 0 -1
    outer loop
      vertex 1.97961 -4.76421 1.2
      vertex 1.97961 -2.73579 1.2
      vertex 2.07641 -2.79381 1.2
    endloop
  endfacet
  facet normal 0 0 -1
    outer loop
      vertex 1.87759 -4.81246 1.2
      vertex 1.97961 -2.73579 1.2
      vertex 1.97961 -4.76421 1.2
    endloop
  endfacet
  facet normal 0 0 -1
    outer loop
      vertex 1.87759 -4.81246 1.2
      vertex 1.87759 -2.68754 1.2
      vertex 1.97961 -2.73579 1.2
    endloop
  endfacet
  facet normal 0 0 -1
    outer loop
      vertex 1.77133 -4.85048 1.2
      vertex 1.87759 -2.68754 1.2
      vertex 1.87759 -4.81246 1.2
    endloop
  endfacet
  facet normal 0 0 -1
    outer loop
      vertex 1.77133 -4.85048 1.2
      vertex 1.77133 -2.64952 1.2
      vertex 1.87759 -2.68754 1.2
    endloop
  endfacet
  facet normal 0 0 -1
    outer loop
      vertex 1.66185 -4.8779 1.2
      vertex 1.77133 -2.64952 1.2
      vertex 1.77133 -4.85048 1.2
    endloop
  endfacet
  facet normal 0 0 -1
    outer loop
      vertex 1.66185 -4.8779 1.2
      vertex 1.66185 -2.6221 1.2
      vertex 1.77133 -2.64952 1.2
    endloop
  endfacet
  facet normal 0 0 -1
    outer loop
      vertex 1.55022 -4.89446 1.2
      vertex 1.66185 -2.6221 1.2
      vertex 1.66185 -4.8779 1.2
    endloop
  endfacet
  facet normal 0 0 -1
    outer loop
      vertex 1.55022 -4.89446 1.2
      vertex 1.55022 -2.60554 1.2
      vertex 1.66185 -2.6221 1.2
    endloop
  endfacet
  facet normal 0 0 -1
    outer loop
      vertex 1.4375 -4.9 1.2
      vertex 1.55022 -2.60554 1.2
      vertex 1.55022 -4.89446 1.2
    endloop
  endfacet
  facet normal 0 0 -1
    outer loop
      vertex 1.4375 -4.9 1.2
      vertex 1.4375 -2.6 1.2
      vertex 1.55022 -2.60554 1.2
    endloop
  endfacet
  facet normal 0 0 -1
    outer loop
      vertex 1.32478 -4.89446 1.2
      vertex 1.4375 -2.6 1.2
      vertex 1.4375 -4.9 1.2
    endloop
  endfacet
  facet normal 0 0 -1
    outer loop
      vertex 1.32478 -4.89446 1.2
      vertex 1.32478 -2.60554 1.2
      vertex 1.4375 -2.6 1.2
    endloop
  endfacet
  facet normal 0 0 -1
    outer loop
      vertex 1.21315 -4.8779 1.2
      vertex 1.32478 -2.60554 1.2
      vertex 1.32478 -4.89446 1.2
    endloop
  endfacet
  facet normal 0 0 -1
    outer loop
      vertex 1.21315 -4.8779 1.2
      vertex 1.21315 -2.6221 1.2
      vertex 1.32478 -2.60554 1.2
    endloop
  endfacet
  facet normal 0 0 -1
    outer loop
      vertex 1.10367 -4.85048 1.2
      vertex 1.21315 -2.6221 1.2
      vertex 1.21315 -4.8779 1.2
    endloop
  endfacet
  facet normal 0 0 -1
    outer loop
      vertex 1.10367 -4.85048 1.2
      vertex 1.10367 -2.64952 1.2
      vertex 1.21315 -2.6221 1.2
    endloop
  endfacet
  facet normal 0 0 -1
    outer loop
      vertex 0.997414 -4.81246 1.2
      vertex 1.10367 -2.64952 1.2
      vertex 1.10367 -4.85048 1.2
    endloop
  endfacet
  facet normal 0 0 -1
    outer loop
      vertex 0.997414 -4.81246 1.2
      vertex 0.997414 -2.68754 1.2
      vertex 1.10367 -2.64952 1.2
    endloop
  endfacet
  facet normal 0 0 -1
    outer loop
      vertex 0.895393 -4.76421 1.2
      vertex 0.997414 -2.68754 1.2
      vertex 0.997414 -4.81246 1.2
    endloop
  endfacet
  facet normal 0 0 -1
    outer loop
      vertex 0.895393 -4.76421 1.2
      vertex 0.895393 -2.73579 1.2
      vertex 0.997414 -2.68754 1.2
    endloop
  endfacet
  facet normal 0 0 -1
    outer loop
      vertex 0.798594 -4.70619 1.2
      vertex 0.895393 -2.73579 1.2
      vertex 0.895393 -4.76421 1.2
    endloop
  endfacet
  facet normal 0 0 -1
    outer loop
      vertex 0.798594 -4.70619 1.2
      vertex 0.798594 -2.79381 1.2
      vertex 0.895393 -2.73579 1.2
    endloop
  endfacet
  facet normal 0 0 -1
    outer loop
      vertex 0.707947 -4.63896 1.2
      vertex 0.798594 -2.79381 1.2
      vertex 0.798594 -4.70619 1.2
    endloop
  endfacet
  facet normal 0 0 -1
    outer loop
      vertex 0.707947 -4.63896 1.2
      vertex 0.707947 -2.86104 1.2
      vertex 0.798594 -2.79381 1.2
    endloop
  endfacet
  facet normal 0 0 -1
    outer loop
      vertex 0.624327 -4.56317 1.2
      vertex 0.707947 -2.86104 1.2
      vertex 0.707947 -4.63896 1.2
    endloop
  endfacet
  facet normal 0 0 -1
    outer loop
      vertex 0.624327 -4.56317 1.2
      vertex 0.624327 -2.93683 1.2
      vertex 0.707947 -2.86104 1.2
    endloop
  endfacet
  facet normal 0 0 -1
    outer loop
      vertex 0.548537 -4.47955 1.2
      vertex 0.624327 -2.93683 1.2
      vertex 0.624327 -4.56317 1.2
    endloop
  endfacet
  facet normal 0 0 -1
    outer loop
      vertex 0.548537 -4.47955 1.2
      vertex 0.548537 -3.02045 1.2
      vertex 0.624327 -2.93683 1.2
    endloop
  endfacet
  facet normal 0 0 -1
    outer loop
      vertex 0.48131 -4.38891 1.2
      vertex 0.548537 -3.02045 1.2
      vertex 0.548537 -4.47955 1.2
    endloop
  endfacet
  facet normal 0 0 -1
    outer loop
      vertex 0.48131 -4.38891 1.2
      vertex 0.48131 -3.11109 1.2
      vertex 0.548537 -3.02045 1.2
    endloop
  endfacet
  facet normal 0 0 -1
    outer loop
      vertex 0.42329 -4.29211 1.2
      vertex 0.48131 -3.11109 1.2
      vertex 0.48131 -4.38891 1.2
    endloop
  endfacet
  facet normal 0 0 -1
    outer loop
      vertex 0.42329 -4.29211 1.2
      vertex 0.42329 -3.20789 1.2
      vertex 0.48131 -3.11109 1.2
    endloop
  endfacet
  facet normal 0 0 -1
    outer loop
      vertex 0.375038 -4.19009 1.2
      vertex 0.42329 -3.20789 1.2
      vertex 0.42329 -4.29211 1.2
    endloop
  endfacet
  facet normal 0 0 -1
    outer loop
      vertex 0.375038 -4.19009 1.2
      vertex 0.375038 -3.30991 1.2
      vertex 0.42329 -3.20789 1.2
    endloop
  endfacet
  facet normal 0 0 -1
    outer loop
      vertex 0.337018 -4.08383 1.2
      vertex 0.375038 -3.30991 1.2
      vertex 0.375038 -4.19009 1.2
    endloop
  endfacet
  facet normal 0 0 -1
    outer loop
      vertex 0.337018 -4.08383 1.2
      vertex 0.337018 -3.41617 1.2
      vertex 0.375038 -3.30991 1.2
    endloop
  endfacet
  facet normal 0 0 -1
    outer loop
      vertex 0.309596 -3.97435 1.2
      vertex 0.337018 -3.41617 1.2
      vertex 0.337018 -4.08383 1.2
    endloop
  endfacet
  facet normal 0 0 -1
    outer loop
      vertex 0.309596 -3.97435 1.2
      vertex 0.309596 -3.52565 1.2
      vertex 0.337018 -3.41617 1.2
    endloop
  endfacet
  facet normal 0 0 -1
    outer loop
      vertex 0.293037 -3.86272 1.2
      vertex 0.309596 -3.52565 1.2
      vertex 0.309596 -3.97435 1.2
    endloop
  endfacet
  facet normal 0 0 -1
    outer loop
      vertex 0.293037 -3.86272 1.2
      vertex 0.293037 -3.63728 1.2
      vertex 0.309596 -3.52565 1.2
    endloop
  endfacet
  facet normal 0 -0 -1
    outer loop
      vertex 0.293037 -3.63728 1.2
      vertex 0.293037 -3.86272 1.2
      vertex 0.287499 -3.75 1.2
    endloop
  endfacet
  facet normal 0.989176 -0.146733 0
    outer loop
      vertex 0.293037 -3.63728 1.2
      vertex 0.309596 -3.52565 0
      vertex 0.309596 -3.52565 1.2
    endloop
  endfacet
  facet normal 0.989176 -0.146733 0
    outer loop
      vertex 0.309596 -3.52565 0
      vertex 0.293037 -3.63728 1.2
      vertex 0.293037 -3.63728 0
    endloop
  endfacet
  facet normal 0.0490891 -0.998794 0
    outer loop
      vertex 1.32478 -2.60554 0
      vertex 1.4375 -2.6 1.2
      vertex 1.32478 -2.60554 1.2
    endloop
  endfacet
  facet normal 0.0490891 -0.998794 0
    outer loop
      vertex 1.4375 -2.6 1.2
      vertex 1.32478 -2.60554 0
      vertex 1.4375 -2.6 0
    endloop
  endfacet
  facet normal 0.970034 0.242969 0
    outer loop
      vertex 0.337018 -4.08383 1.2
      vertex 0.309596 -3.97435 0
      vertex 0.309596 -3.97435 1.2
    endloop
  endfacet
  facet normal 0.970034 0.242969 0
    outer loop
      vertex 0.309596 -3.97435 0
      vertex 0.337018 -4.08383 1.2
      vertex 0.337018 -4.08383 0
    endloop
  endfacet
  facet normal 0.336898 -0.941541 0
    outer loop
      vertex 0.997414 -2.68754 0
      vertex 1.10367 -2.64952 1.2
      vertex 0.997414 -2.68754 1.2
    endloop
  endfacet
  facet normal 0.336898 -0.941541 0
    outer loop
      vertex 1.10367 -2.64952 1.2
      vertex 0.997414 -2.68754 0
      vertex 1.10367 -2.64952 0
    endloop
  endfacet
  facet normal 0.740946 -0.671565 0
    outer loop
      vertex 0.548537 -3.02045 1.2
      vertex 0.624327 -2.93683 0
      vertex 0.624327 -2.93683 1.2
    endloop
  endfacet
  facet normal 0.740946 -0.671565 0
    outer loop
      vertex 0.624327 -2.93683 0
      vertex 0.548537 -3.02045 1.2
      vertex 0.548537 -3.02045 0
    endloop
  endfacet
  facet normal -0.941545 0.336886 0
    outer loop
      vertex 2.49996 -4.19009 0
      vertex 2.53798 -4.08383 1.2
      vertex 2.53798 -4.08383 0
    endloop
  endfacet
  facet normal -0.941545 0.336886 0
    outer loop
      vertex 2.53798 -4.08383 1.2
      vertex 2.49996 -4.19009 0
      vertex 2.49996 -4.19009 1.2
    endloop
  endfacet
  facet normal -0.146741 0.989175 0
    outer loop
      vertex 1.66185 -4.8779 0
      vertex 1.55022 -4.89446 1.2
      vertex 1.66185 -4.8779 1.2
    endloop
  endfacet
  facet normal -0.146741 0.989175 0
    outer loop
      vertex 1.55022 -4.89446 1.2
      vertex 1.66185 -4.8779 0
      vertex 1.55022 -4.89446 0
    endloop
  endfacet
  facet normal -0.857727 -0.514105 0
    outer loop
      vertex 2.45171 -3.20789 0
      vertex 2.39369 -3.11109 1.2
      vertex 2.39369 -3.11109 0
    endloop
  endfacet
  facet normal -0.857727 -0.514105 0
    outer loop
      vertex 2.39369 -3.11109 1.2
      vertex 2.45171 -3.20789 0
      vertex 2.45171 -3.20789 1.2
    endloop
  endfacet
  facet normal -0.941545 -0.336886 0
    outer loop
      vertex 2.53798 -3.41617 0
      vertex 2.49996 -3.30991 1.2
      vertex 2.49996 -3.30991 0
    endloop
  endfacet
  facet normal -0.941545 -0.336886 0
    outer loop
      vertex 2.49996 -3.30991 1.2
      vertex 2.53798 -3.41617 0
      vertex 2.53798 -3.41617 1.2
    endloop
  endfacet
  facet normal -0.671565 -0.740946 0
    outer loop
      vertex 2.16705 -2.86104 0
      vertex 2.25067 -2.93683 1.2
      vertex 2.16705 -2.86104 1.2
    endloop
  endfacet
  facet normal -0.671565 -0.740946 -0
    outer loop
      vertex 2.25067 -2.93683 1.2
      vertex 2.16705 -2.86104 0
      vertex 2.25067 -2.93683 0
    endloop
  endfacet
  facet normal -0.970038 0.242953 0
    outer loop
      vertex 2.53798 -4.08383 0
      vertex 2.5654 -3.97435 1.2
      vertex 2.5654 -3.97435 0
    endloop
  endfacet
  facet normal -0.970038 0.242953 0
    outer loop
      vertex 2.5654 -3.97435 1.2
      vertex 2.53798 -4.08383 0
      vertex 2.53798 -4.08383 1.2
    endloop
  endfacet
  facet normal -0.0490891 -0.998794 0
    outer loop
      vertex 1.4375 -2.6 0
      vertex 1.55022 -2.60554 1.2
      vertex 1.4375 -2.6 1.2
    endloop
  endfacet
  facet normal -0.0490891 -0.998794 -0
    outer loop
      vertex 1.55022 -2.60554 1.2
      vertex 1.4375 -2.6 0
      vertex 1.55022 -2.60554 0
    endloop
  endfacet
  facet normal 0.514109 -0.857725 0
    outer loop
      vertex 0.798594 -2.79381 0
      vertex 0.895393 -2.73579 1.2
      vertex 0.798594 -2.79381 1.2
    endloop
  endfacet
  facet normal 0.514109 -0.857725 0
    outer loop
      vertex 0.895393 -2.73579 1.2
      vertex 0.798594 -2.79381 0
      vertex 0.895393 -2.73579 0
    endloop
  endfacet
  facet normal -0.336886 -0.941545 0
    outer loop
      vertex 1.77133 -2.64952 0
      vertex 1.87759 -2.68754 1.2
      vertex 1.77133 -2.64952 1.2
    endloop
  endfacet
  facet normal -0.336886 -0.941545 -0
    outer loop
      vertex 1.87759 -2.68754 1.2
      vertex 1.77133 -2.64952 0
      vertex 1.87759 -2.68754 0
    endloop
  endfacet
  facet normal 0.242953 -0.970038 0
    outer loop
      vertex 1.10367 -2.64952 0
      vertex 1.21315 -2.6221 1.2
      vertex 1.10367 -2.64952 1.2
    endloop
  endfacet
  facet normal 0.242953 -0.970038 0
    outer loop
      vertex 1.21315 -2.6221 1.2
      vertex 1.10367 -2.64952 0
      vertex 1.21315 -2.6221 0
    endloop
  endfacet
  facet normal -0.989175 0.146741 0
    outer loop
      vertex 2.5654 -3.97435 0
      vertex 2.58196 -3.86272 1.2
      vertex 2.58196 -3.86272 0
    endloop
  endfacet
  facet normal -0.989175 0.146741 0
    outer loop
      vertex 2.58196 -3.86272 1.2
      vertex 2.5654 -3.97435 0
      vertex 2.5654 -3.97435 1.2
    endloop
  endfacet
  facet normal -0.514105 0.857727 0
    outer loop
      vertex 2.07641 -4.70619 0
      vertex 1.97961 -4.76421 1.2
      vertex 2.07641 -4.70619 1.2
    endloop
  endfacet
  facet normal -0.514105 0.857727 0
    outer loop
      vertex 1.97961 -4.76421 1.2
      vertex 2.07641 -4.70619 0
      vertex 1.97961 -4.76421 0
    endloop
  endfacet
  facet normal -0.857727 0.514105 0
    outer loop
      vertex 2.39369 -4.38891 0
      vertex 2.45171 -4.29211 1.2
      vertex 2.45171 -4.29211 0
    endloop
  endfacet
  facet normal -0.857727 0.514105 0
    outer loop
      vertex 2.45171 -4.29211 1.2
      vertex 2.39369 -4.38891 0
      vertex 2.39369 -4.38891 1.2
    endloop
  endfacet
  facet normal -0.427542 -0.903996 0
    outer loop
      vertex 1.87759 -2.68754 0
      vertex 1.97961 -2.73579 1.2
      vertex 1.87759 -2.68754 1.2
    endloop
  endfacet
  facet normal -0.427542 -0.903996 -0
    outer loop
      vertex 1.97961 -2.73579 1.2
      vertex 1.87759 -2.68754 0
      vertex 1.97961 -2.73579 0
    endloop
  endfacet
  facet normal 0.941545 -0.336886 0
    outer loop
      vertex 0.337018 -3.41617 1.2
      vertex 0.375038 -3.30991 0
      vertex 0.375038 -3.30991 1.2
    endloop
  endfacet
  facet normal 0.941545 -0.336886 0
    outer loop
      vertex 0.375038 -3.30991 0
      vertex 0.337018 -3.41617 1.2
      vertex 0.337018 -3.41617 0
    endloop
  endfacet
  facet normal -0.903996 0.427542 0
    outer loop
      vertex 2.45171 -4.29211 0
      vertex 2.49996 -4.19009 1.2
      vertex 2.49996 -4.19009 0
    endloop
  endfacet
  facet normal -0.903996 0.427542 0
    outer loop
      vertex 2.49996 -4.19009 1.2
      vertex 2.45171 -4.29211 0
      vertex 2.45171 -4.29211 1.2
    endloop
  endfacet
  facet normal -0.242953 -0.970038 0
    outer loop
      vertex 1.66185 -2.6221 0
      vertex 1.77133 -2.64952 1.2
      vertex 1.66185 -2.6221 1.2
    endloop
  endfacet
  facet normal -0.242953 -0.970038 -0
    outer loop
      vertex 1.77133 -2.64952 1.2
      vertex 1.66185 -2.6221 0
      vertex 1.77133 -2.64952 0
    endloop
  endfacet
  facet normal 0.970034 -0.242969 0
    outer loop
      vertex 0.309596 -3.52565 1.2
      vertex 0.337018 -3.41617 0
      vertex 0.337018 -3.41617 1.2
    endloop
  endfacet
  facet normal 0.970034 -0.242969 0
    outer loop
      vertex 0.337018 -3.41617 0
      vertex 0.309596 -3.52565 1.2
      vertex 0.309596 -3.52565 0
    endloop
  endfacet
  facet normal 0.671565 -0.740946 0
    outer loop
      vertex 0.624327 -2.93683 0
      vertex 0.707947 -2.86104 1.2
      vertex 0.624327 -2.93683 1.2
    endloop
  endfacet
  facet normal 0.671565 -0.740946 0
    outer loop
      vertex 0.707947 -2.86104 1.2
      vertex 0.624327 -2.93683 0
      vertex 0.707947 -2.86104 0
    endloop
  endfacet
  facet normal 0.857727 0.514105 0
    outer loop
      vertex 0.48131 -4.38891 1.2
      vertex 0.42329 -4.29211 0
      vertex 0.42329 -4.29211 1.2
    endloop
  endfacet
  facet normal 0.857727 0.514105 0
    outer loop
      vertex 0.42329 -4.29211 0
      vertex 0.48131 -4.38891 1.2
      vertex 0.48131 -4.38891 0
    endloop
  endfacet
  facet normal -0.146741 -0.989175 0
    outer loop
      vertex 1.55022 -2.60554 0
      vertex 1.66185 -2.6221 1.2
      vertex 1.55022 -2.60554 1.2
    endloop
  endfacet
  facet normal -0.146741 -0.989175 -0
    outer loop
      vertex 1.66185 -2.6221 1.2
      vertex 1.55022 -2.60554 0
      vertex 1.66185 -2.6221 0
    endloop
  endfacet
  facet normal 0.740946 0.671565 0
    outer loop
      vertex 0.624327 -4.56317 1.2
      vertex 0.548537 -4.47955 0
      vertex 0.548537 -4.47955 1.2
    endloop
  endfacet
  facet normal 0.740946 0.671565 0
    outer loop
      vertex 0.548537 -4.47955 0
      vertex 0.624327 -4.56317 1.2
      vertex 0.624327 -4.56317 0
    endloop
  endfacet
  facet normal 0.595708 0.803201 -0
    outer loop
      vertex 0.798594 -4.70619 0
      vertex 0.707947 -4.63896 1.2
      vertex 0.798594 -4.70619 1.2
    endloop
  endfacet
  facet normal 0.595708 0.803201 0
    outer loop
      vertex 0.707947 -4.63896 1.2
      vertex 0.798594 -4.70619 0
      vertex 0.707947 -4.63896 0
    endloop
  endfacet
  facet normal 0.989176 0.146733 0
    outer loop
      vertex 0.309596 -3.97435 1.2
      vertex 0.293037 -3.86272 0
      vertex 0.293037 -3.86272 1.2
    endloop
  endfacet
  facet normal 0.989176 0.146733 0
    outer loop
      vertex 0.293037 -3.86272 0
      vertex 0.309596 -3.97435 1.2
      vertex 0.309596 -3.97435 0
    endloop
  endfacet
  facet normal 0.427538 -0.903997 0
    outer loop
      vertex 0.895393 -2.73579 0
      vertex 0.997414 -2.68754 1.2
      vertex 0.895393 -2.73579 1.2
    endloop
  endfacet
  facet normal 0.427538 -0.903997 0
    outer loop
      vertex 0.997414 -2.68754 1.2
      vertex 0.895393 -2.73579 0
      vertex 0.997414 -2.68754 0
    endloop
  endfacet
  facet normal 0.803191 0.595721 0
    outer loop
      vertex 0.548537 -4.47955 1.2
      vertex 0.48131 -4.38891 0
      vertex 0.48131 -4.38891 1.2
    endloop
  endfacet
  facet normal 0.803191 0.595721 0
    outer loop
      vertex 0.48131 -4.38891 0
      vertex 0.548537 -4.47955 1.2
      vertex 0.548537 -4.47955 0
    endloop
  endfacet
  facet normal -0.336886 0.941545 0
    outer loop
      vertex 1.87759 -4.81246 0
      vertex 1.77133 -4.85048 1.2
      vertex 1.87759 -4.81246 1.2
    endloop
  endfacet
  facet normal -0.336886 0.941545 0
    outer loop
      vertex 1.77133 -4.85048 1.2
      vertex 1.87759 -4.81246 0
      vertex 1.77133 -4.85048 0
    endloop
  endfacet
  facet normal 0.998795 0.0490714 0
    outer loop
      vertex 0.293037 -3.86272 1.2
      vertex 0.287499 -3.75 0
      vertex 0.287499 -3.75 1.2
    endloop
  endfacet
  facet normal 0.998795 0.0490714 0
    outer loop
      vertex 0.287499 -3.75 0
      vertex 0.293037 -3.86272 1.2
      vertex 0.293037 -3.86272 0
    endloop
  endfacet
  facet normal 0.427538 0.903997 -0
    outer loop
      vertex 0.997414 -4.81246 0
      vertex 0.895393 -4.76421 1.2
      vertex 0.997414 -4.81246 1.2
    endloop
  endfacet
  facet normal 0.427538 0.903997 0
    outer loop
      vertex 0.895393 -4.76421 1.2
      vertex 0.997414 -4.81246 0
      vertex 0.895393 -4.76421 0
    endloop
  endfacet
  facet normal -0.595738 0.803179 0
    outer loop
      vertex 2.16705 -4.63896 0
      vertex 2.07641 -4.70619 1.2
      vertex 2.16705 -4.63896 1.2
    endloop
  endfacet
  facet normal -0.595738 0.803179 0
    outer loop
      vertex 2.07641 -4.70619 1.2
      vertex 2.16705 -4.63896 0
      vertex 2.07641 -4.70619 0
    endloop
  endfacet
  facet normal 0.803191 -0.595721 0
    outer loop
      vertex 0.48131 -3.11109 1.2
      vertex 0.548537 -3.02045 0
      vertex 0.548537 -3.02045 1.2
    endloop
  endfacet
  facet normal 0.803191 -0.595721 0
    outer loop
      vertex 0.548537 -3.02045 0
      vertex 0.48131 -3.11109 1.2
      vertex 0.48131 -3.11109 0
    endloop
  endfacet
  facet normal -0.740946 -0.671565 0
    outer loop
      vertex 2.32646 -3.02045 0
      vertex 2.25067 -2.93683 1.2
      vertex 2.25067 -2.93683 0
    endloop
  endfacet
  facet normal -0.740946 -0.671565 0
    outer loop
      vertex 2.25067 -2.93683 1.2
      vertex 2.32646 -3.02045 0
      vertex 2.32646 -3.02045 1.2
    endloop
  endfacet
  facet normal 0.903989 -0.427556 0
    outer loop
      vertex 0.375038 -3.30991 1.2
      vertex 0.42329 -3.20789 0
      vertex 0.42329 -3.20789 1.2
    endloop
  endfacet
  facet normal 0.903989 -0.427556 0
    outer loop
      vertex 0.42329 -3.20789 0
      vertex 0.375038 -3.30991 1.2
      vertex 0.375038 -3.30991 0
    endloop
  endfacet
  facet normal 0.336898 0.941541 -0
    outer loop
      vertex 1.10367 -4.85048 0
      vertex 0.997414 -4.81246 1.2
      vertex 1.10367 -4.85048 1.2
    endloop
  endfacet
  facet normal 0.336898 0.941541 0
    outer loop
      vertex 0.997414 -4.81246 1.2
      vertex 1.10367 -4.85048 0
      vertex 0.997414 -4.81246 0
    endloop
  endfacet
  facet normal 0.0490891 0.998794 -0
    outer loop
      vertex 1.4375 -4.9 0
      vertex 1.32478 -4.89446 1.2
      vertex 1.4375 -4.9 1.2
    endloop
  endfacet
  facet normal 0.0490891 0.998794 0
    outer loop
      vertex 1.32478 -4.89446 1.2
      vertex 1.4375 -4.9 0
      vertex 1.32478 -4.89446 0
    endloop
  endfacet
  facet normal 0.998795 -0.0490714 0
    outer loop
      vertex 0.287499 -3.75 1.2
      vertex 0.293037 -3.63728 0
      vertex 0.293037 -3.63728 1.2
    endloop
  endfacet
  facet normal 0.998795 -0.0490714 0
    outer loop
      vertex 0.293037 -3.63728 0
      vertex 0.287499 -3.75 1.2
      vertex 0.287499 -3.75 0
    endloop
  endfacet
  facet normal 0.671565 0.740946 -0
    outer loop
      vertex 0.707947 -4.63896 0
      vertex 0.624327 -4.56317 1.2
      vertex 0.707947 -4.63896 1.2
    endloop
  endfacet
  facet normal 0.671565 0.740946 0
    outer loop
      vertex 0.624327 -4.56317 1.2
      vertex 0.707947 -4.63896 0
      vertex 0.624327 -4.56317 0
    endloop
  endfacet
  facet normal -0.740946 0.671565 0
    outer loop
      vertex 2.25067 -4.56317 0
      vertex 2.32646 -4.47955 1.2
      vertex 2.32646 -4.47955 0
    endloop
  endfacet
  facet normal -0.740946 0.671565 0
    outer loop
      vertex 2.32646 -4.47955 1.2
      vertex 2.25067 -4.56317 0
      vertex 2.25067 -4.56317 1.2
    endloop
  endfacet
  facet normal -0.671565 0.740946 0
    outer loop
      vertex 2.25067 -4.56317 0
      vertex 2.16705 -4.63896 1.2
      vertex 2.25067 -4.56317 1.2
    endloop
  endfacet
  facet normal -0.671565 0.740946 0
    outer loop
      vertex 2.16705 -4.63896 1.2
      vertex 2.25067 -4.56317 0
      vertex 2.16705 -4.63896 0
    endloop
  endfacet
  facet normal 0.336886 0.941545 -0
    outer loop
      vertex -4.08383 0.337018 0
      vertex -4.19009 0.375038 1.2
      vertex -4.08383 0.337018 1.2
    endloop
  endfacet
  facet normal 0.336886 0.941545 0
    outer loop
      vertex -4.19009 0.375038 1.2
      vertex -4.08383 0.337018 0
      vertex -4.19009 0.375038 0
    endloop
  endfacet
  facet normal -0.989175 -0.146741 0
    outer loop
      vertex -2.60554 1.55022 0
      vertex -2.6221 1.66185 1.2
      vertex -2.6221 1.66185 0
    endloop
  endfacet
  facet normal -0.989175 -0.146741 0
    outer loop
      vertex -2.6221 1.66185 1.2
      vertex -2.60554 1.55022 0
      vertex -2.60554 1.55022 1.2
    endloop
  endfacet
  facet normal -0.998794 -0.0490891 0
    outer loop
      vertex -2.6 1.4375 0
      vertex -2.60554 1.55022 1.2
      vertex -2.60554 1.55022 0
    endloop
  endfacet
  facet normal -0.998794 -0.0490891 0
    outer loop
      vertex -2.60554 1.55022 1.2
      vertex -2.6 1.4375 0
      vertex -2.6 1.4375 1.2
    endloop
  endfacet
  facet normal -0.970038 -0.242953 0
    outer loop
      vertex -2.6221 1.66185 0
      vertex -2.64952 1.77133 1.2
      vertex -2.64952 1.77133 0
    endloop
  endfacet
  facet normal -0.970038 -0.242953 0
    outer loop
      vertex -2.64952 1.77133 1.2
      vertex -2.6221 1.66185 0
      vertex -2.6221 1.66185 1.2
    endloop
  endfacet
  facet normal -0.595738 -0.803179 0
    outer loop
      vertex -3.11109 2.39369 0
      vertex -3.02045 2.32646 1.2
      vertex -3.11109 2.39369 1.2
    endloop
  endfacet
  facet normal -0.595738 -0.803179 -0
    outer loop
      vertex -3.02045 2.32646 1.2
      vertex -3.11109 2.39369 0
      vertex -3.02045 2.32646 0
    endloop
  endfacet
  facet normal 0.671565 -0.740946 0
    outer loop
      vertex -4.56317 2.25067 0
      vertex -4.47955 2.32646 1.2
      vertex -4.56317 2.25067 1.2
    endloop
  endfacet
  facet normal 0.671565 -0.740946 0
    outer loop
      vertex -4.47955 2.32646 1.2
      vertex -4.56317 2.25067 0
      vertex -4.47955 2.32646 0
    endloop
  endfacet
  facet normal 0.903996 -0.427542 0
    outer loop
      vertex -4.81246 1.87759 1.2
      vertex -4.76421 1.97961 0
      vertex -4.76421 1.97961 1.2
    endloop
  endfacet
  facet normal 0.903996 -0.427542 0
    outer loop
      vertex -4.76421 1.97961 0
      vertex -4.81246 1.87759 1.2
      vertex -4.81246 1.87759 0
    endloop
  endfacet
  facet normal 0.989175 -0.146741 0
    outer loop
      vertex -4.89446 1.55022 1.2
      vertex -4.8779 1.66185 0
      vertex -4.8779 1.66185 1.2
    endloop
  endfacet
  facet normal 0.989175 -0.146741 0
    outer loop
      vertex -4.8779 1.66185 0
      vertex -4.89446 1.55022 1.2
      vertex -4.89446 1.55022 0
    endloop
  endfacet
  facet normal -0.242953 -0.970038 0
    outer loop
      vertex -3.52565 2.5654 0
      vertex -3.41617 2.53798 1.2
      vertex -3.52565 2.5654 1.2
    endloop
  endfacet
  facet normal -0.242953 -0.970038 -0
    outer loop
      vertex -3.41617 2.53798 1.2
      vertex -3.52565 2.5654 0
      vertex -3.41617 2.53798 0
    endloop
  endfacet
  facet normal 0.0490714 0.998795 -0
    outer loop
      vertex -3.75 0.287499 0
      vertex -3.86272 0.293037 1.2
      vertex -3.75 0.287499 1.2
    endloop
  endfacet
  facet normal 0.0490714 0.998795 0
    outer loop
      vertex -3.86272 0.293037 1.2
      vertex -3.75 0.287499 0
      vertex -3.86272 0.293037 0
    endloop
  endfacet
  facet normal 0.941541 0.336898 0
    outer loop
      vertex -4.81246 0.997414 1.2
      vertex -4.85048 1.10367 0
      vertex -4.85048 1.10367 1.2
    endloop
  endfacet
  facet normal 0.941541 0.336898 0
    outer loop
      vertex -4.85048 1.10367 0
      vertex -4.81246 0.997414 1.2
      vertex -4.81246 0.997414 0
    endloop
  endfacet
  facet normal -0.903996 -0.427542 0
    outer loop
      vertex -2.68754 1.87759 0
      vertex -2.73579 1.97961 1.2
      vertex -2.73579 1.97961 0
    endloop
  endfacet
  facet normal -0.903996 -0.427542 0
    outer loop
      vertex -2.73579 1.97961 1.2
      vertex -2.68754 1.87759 0
      vertex -2.68754 1.87759 1.2
    endloop
  endfacet
  facet normal 0.671565 0.740946 -0
    outer loop
      vertex -4.47955 0.548537 0
      vertex -4.56317 0.624327 1.2
      vertex -4.47955 0.548537 1.2
    endloop
  endfacet
  facet normal 0.671565 0.740946 0
    outer loop
      vertex -4.56317 0.624327 1.2
      vertex -4.47955 0.548537 0
      vertex -4.56317 0.624327 0
    endloop
  endfacet
  facet normal 0.857725 0.514109 0
    outer loop
      vertex -4.70619 0.798594 1.2
      vertex -4.76421 0.895393 0
      vertex -4.76421 0.895393 1.2
    endloop
  endfacet
  facet normal 0.857725 0.514109 0
    outer loop
      vertex -4.76421 0.895393 0
      vertex -4.70619 0.798594 1.2
      vertex -4.70619 0.798594 0
    endloop
  endfacet
  facet normal 0.941545 -0.336886 0
    outer loop
      vertex -4.85048 1.77133 1.2
      vertex -4.81246 1.87759 0
      vertex -4.81246 1.87759 1.2
    endloop
  endfacet
  facet normal 0.941545 -0.336886 0
    outer loop
      vertex -4.81246 1.87759 0
      vertex -4.85048 1.77133 1.2
      vertex -4.85048 1.77133 0
    endloop
  endfacet
  facet normal 0.970038 -0.242953 0
    outer loop
      vertex -4.8779 1.66185 1.2
      vertex -4.85048 1.77133 0
      vertex -4.85048 1.77133 1.2
    endloop
  endfacet
  facet normal 0.970038 -0.242953 0
    outer loop
      vertex -4.85048 1.77133 0
      vertex -4.8779 1.66185 1.2
      vertex -4.8779 1.66185 0
    endloop
  endfacet
  facet normal 0.595738 -0.803179 0
    outer loop
      vertex -4.47955 2.32646 0
      vertex -4.38891 2.39369 1.2
      vertex -4.47955 2.32646 1.2
    endloop
  endfacet
  facet normal 0.595738 -0.803179 0
    outer loop
      vertex -4.38891 2.39369 1.2
      vertex -4.47955 2.32646 0
      vertex -4.38891 2.39369 0
    endloop
  endfacet
  facet normal -0.427542 -0.903996 0
    outer loop
      vertex -3.30991 2.49996 0
      vertex -3.20789 2.45171 1.2
      vertex -3.30991 2.49996 1.2
    endloop
  endfacet
  facet normal -0.427542 -0.903996 -0
    outer loop
      vertex -3.20789 2.45171 1.2
      vertex -3.30991 2.49996 0
      vertex -3.20789 2.45171 0
    endloop
  endfacet
  facet normal -0.970038 0.242953 0
    outer loop
      vertex -2.64952 1.10367 0
      vertex -2.6221 1.21315 1.2
      vertex -2.6221 1.21315 0
    endloop
  endfacet
  facet normal -0.970038 0.242953 0
    outer loop
      vertex -2.6221 1.21315 1.2
      vertex -2.64952 1.10367 0
      vertex -2.64952 1.10367 1.2
    endloop
  endfacet
  facet normal -0.336886 0.941545 0
    outer loop
      vertex -3.30991 0.375038 0
      vertex -3.41617 0.337018 1.2
      vertex -3.30991 0.375038 1.2
    endloop
  endfacet
  facet normal -0.336886 0.941545 0
    outer loop
      vertex -3.41617 0.337018 1.2
      vertex -3.30991 0.375038 0
      vertex -3.41617 0.337018 0
    endloop
  endfacet
  facet normal -0.803179 -0.595738 0
    outer loop
      vertex -2.79381 2.07641 0
      vertex -2.86104 2.16705 1.2
      vertex -2.86104 2.16705 0
    endloop
  endfacet
  facet normal -0.803179 -0.595738 0
    outer loop
      vertex -2.86104 2.16705 1.2
      vertex -2.79381 2.07641 0
      vertex -2.79381 2.07641 1.2
    endloop
  endfacet
  facet normal -0.427556 0.903989 0
    outer loop
      vertex -3.20789 0.42329 0
      vertex -3.30991 0.375038 1.2
      vertex -3.20789 0.42329 1.2
    endloop
  endfacet
  facet normal -0.427556 0.903989 0
    outer loop
      vertex -3.30991 0.375038 1.2
      vertex -3.20789 0.42329 0
      vertex -3.30991 0.375038 0
    endloop
  endfacet
  facet normal -0.0490714 0.998795 0
    outer loop
      vertex -3.63728 0.293037 0
      vertex -3.75 0.287499 1.2
      vertex -3.63728 0.293037 1.2
    endloop
  endfacet
  facet normal -0.0490714 0.998795 0
    outer loop
      vertex -3.75 0.287499 1.2
      vertex -3.63728 0.293037 0
      vertex -3.75 0.287499 0
    endloop
  endfacet
  facet normal -0.595721 0.803191 0
    outer loop
      vertex -3.02045 0.548537 0
      vertex -3.11109 0.48131 1.2
      vertex -3.02045 0.548537 1.2
    endloop
  endfacet
  facet normal -0.595721 0.803191 0
    outer loop
      vertex -3.11109 0.48131 1.2
      vertex -3.02045 0.548537 0
      vertex -3.11109 0.48131 0
    endloop
  endfacet
  facet normal 0.427542 -0.903996 0
    outer loop
      vertex -4.29211 2.45171 0
      vertex -4.19009 2.49996 1.2
      vertex -4.29211 2.45171 1.2
    endloop
  endfacet
  facet normal 0.427542 -0.903996 0
    outer loop
      vertex -4.19009 2.49996 1.2
      vertex -4.29211 2.45171 0
      vertex -4.19009 2.49996 0
    endloop
  endfacet
  facet normal -0.740946 0.671565 0
    outer loop
      vertex -2.93683 0.624327 0
      vertex -2.86104 0.707947 1.2
      vertex -2.86104 0.707947 0
    endloop
  endfacet
  facet normal -0.740946 0.671565 0
    outer loop
      vertex -2.86104 0.707947 1.2
      vertex -2.93683 0.624327 0
      vertex -2.93683 0.624327 1.2
    endloop
  endfacet
  facet normal 0.0490891 -0.998794 0
    outer loop
      vertex -3.86272 2.58196 0
      vertex -3.75 2.5875 1.2
      vertex -3.86272 2.58196 1.2
    endloop
  endfacet
  facet normal 0.0490891 -0.998794 0
    outer loop
      vertex -3.75 2.5875 1.2
      vertex -3.86272 2.58196 0
      vertex -3.75 2.5875 0
    endloop
  endfacet
  facet normal -0.146733 0.989176 0
    outer loop
      vertex -3.52565 0.309596 0
      vertex -3.63728 0.293037 1.2
      vertex -3.52565 0.309596 1.2
    endloop
  endfacet
  facet normal -0.146733 0.989176 0
    outer loop
      vertex -3.63728 0.293037 1.2
      vertex -3.52565 0.309596 0
      vertex -3.63728 0.293037 0
    endloop
  endfacet
  facet normal 0.740946 -0.671565 0
    outer loop
      vertex -4.63896 2.16705 1.2
      vertex -4.56317 2.25067 0
      vertex -4.56317 2.25067 1.2
    endloop
  endfacet
  facet normal 0.740946 -0.671565 0
    outer loop
      vertex -4.56317 2.25067 0
      vertex -4.63896 2.16705 1.2
      vertex -4.63896 2.16705 0
    endloop
  endfacet
  facet normal -0.989175 0.146741 0
    outer loop
      vertex -2.6221 1.21315 0
      vertex -2.60554 1.32478 1.2
      vertex -2.60554 1.32478 0
    endloop
  endfacet
  facet normal -0.989175 0.146741 0
    outer loop
      vertex -2.60554 1.32478 1.2
      vertex -2.6221 1.21315 0
      vertex -2.6221 1.21315 1.2
    endloop
  endfacet
  facet normal -0.998794 0.0490891 0
    outer loop
      vertex -2.60554 1.32478 0
      vertex -2.6 1.4375 1.2
      vertex -2.6 1.4375 0
    endloop
  endfacet
  facet normal -0.998794 0.0490891 0
    outer loop
      vertex -2.6 1.4375 1.2
      vertex -2.60554 1.32478 0
      vertex -2.60554 1.32478 1.2
    endloop
  endfacet
  facet normal -0.941545 -0.336886 0
    outer loop
      vertex -2.64952 1.77133 0
      vertex -2.68754 1.87759 1.2
      vertex -2.68754 1.87759 0
    endloop
  endfacet
  facet normal -0.941545 -0.336886 0
    outer loop
      vertex -2.68754 1.87759 1.2
      vertex -2.64952 1.77133 0
      vertex -2.64952 1.77133 1.2
    endloop
  endfacet
  facet normal -0.146741 -0.989175 0
    outer loop
      vertex -3.63728 2.58196 0
      vertex -3.52565 2.5654 1.2
      vertex -3.63728 2.58196 1.2
    endloop
  endfacet
  facet normal -0.146741 -0.989175 -0
    outer loop
      vertex -3.52565 2.5654 1.2
      vertex -3.63728 2.58196 0
      vertex -3.52565 2.5654 0
    endloop
  endfacet
  facet normal 0 0 -1
    outer loop
      vertex -2.60554 1.32478 1.2
      vertex -2.60554 1.55022 1.2
      vertex -2.6 1.4375 1.2
    endloop
  endfacet
  facet normal 0 0 -1
    outer loop
      vertex -2.6221 1.21315 1.2
      vertex -2.60554 1.55022 1.2
      vertex -2.60554 1.32478 1.2
    endloop
  endfacet
  facet normal 0 0 -1
    outer loop
      vertex -2.6221 1.21315 1.2
      vertex -2.6221 1.66185 1.2
      vertex -2.60554 1.55022 1.2
    endloop
  endfacet
  facet normal 0 0 -1
    outer loop
      vertex -2.64952 1.10367 1.2
      vertex -2.6221 1.66185 1.2
      vertex -2.6221 1.21315 1.2
    endloop
  endfacet
  facet normal 0 0 -1
    outer loop
      vertex -2.64952 1.10367 1.2
      vertex -2.64952 1.77133 1.2
      vertex -2.6221 1.66185 1.2
    endloop
  endfacet
  facet normal 0 0 -1
    outer loop
      vertex -2.68754 0.997414 1.2
      vertex -2.64952 1.77133 1.2
      vertex -2.64952 1.10367 1.2
    endloop
  endfacet
  facet normal 0 0 -1
    outer loop
      vertex -2.68754 0.997414 1.2
      vertex -2.68754 1.87759 1.2
      vertex -2.64952 1.77133 1.2
    endloop
  endfacet
  facet normal 0 0 -1
    outer loop
      vertex -2.73579 0.895393 1.2
      vertex -2.68754 1.87759 1.2
      vertex -2.68754 0.997414 1.2
    endloop
  endfacet
  facet normal 0 0 -1
    outer loop
      vertex -2.73579 0.895393 1.2
      vertex -2.73579 1.97961 1.2
      vertex -2.68754 1.87759 1.2
    endloop
  endfacet
  facet normal 0 0 -1
    outer loop
      vertex -2.79381 0.798594 1.2
      vertex -2.73579 1.97961 1.2
      vertex -2.73579 0.895393 1.2
    endloop
  endfacet
  facet normal 0 0 -1
    outer loop
      vertex -2.79381 0.798594 1.2
      vertex -2.79381 2.07641 1.2
      vertex -2.73579 1.97961 1.2
    endloop
  endfacet
  facet normal 0 0 -1
    outer loop
      vertex -2.86104 0.707947 1.2
      vertex -2.79381 2.07641 1.2
      vertex -2.79381 0.798594 1.2
    endloop
  endfacet
  facet normal 0 0 -1
    outer loop
      vertex -2.86104 0.707947 1.2
      vertex -2.86104 2.16705 1.2
      vertex -2.79381 2.07641 1.2
    endloop
  endfacet
  facet normal 0 0 -1
    outer loop
      vertex -2.93683 0.624327 1.2
      vertex -2.86104 2.16705 1.2
      vertex -2.86104 0.707947 1.2
    endloop
  endfacet
  facet normal 0 0 -1
    outer loop
      vertex -2.93683 0.624327 1.2
      vertex -2.93683 2.25067 1.2
      vertex -2.86104 2.16705 1.2
    endloop
  endfacet
  facet normal 0 0 -1
    outer loop
      vertex -3.02045 0.548537 1.2
      vertex -2.93683 2.25067 1.2
      vertex -2.93683 0.624327 1.2
    endloop
  endfacet
  facet normal 0 0 -1
    outer loop
      vertex -3.02045 0.548537 1.2
      vertex -3.02045 2.32646 1.2
      vertex -2.93683 2.25067 1.2
    endloop
  endfacet
  facet normal 0 0 -1
    outer loop
      vertex -3.11109 0.48131 1.2
      vertex -3.02045 2.32646 1.2
      vertex -3.02045 0.548537 1.2
    endloop
  endfacet
  facet normal 0 0 -1
    outer loop
      vertex -3.11109 0.48131 1.2
      vertex -3.11109 2.39369 1.2
      vertex -3.02045 2.32646 1.2
    endloop
  endfacet
  facet normal 0 0 -1
    outer loop
      vertex -3.20789 0.42329 1.2
      vertex -3.11109 2.39369 1.2
      vertex -3.11109 0.48131 1.2
    endloop
  endfacet
  facet normal 0 0 -1
    outer loop
      vertex -3.20789 0.42329 1.2
      vertex -3.20789 2.45171 1.2
      vertex -3.11109 2.39369 1.2
    endloop
  endfacet
  facet normal 0 0 -1
    outer loop
      vertex -3.30991 0.375038 1.2
      vertex -3.20789 2.45171 1.2
      vertex -3.20789 0.42329 1.2
    endloop
  endfacet
  facet normal 0 0 -1
    outer loop
      vertex -3.30991 0.375038 1.2
      vertex -3.30991 2.49996 1.2
      vertex -3.20789 2.45171 1.2
    endloop
  endfacet
  facet normal 0 0 -1
    outer loop
      vertex -3.41617 0.337018 1.2
      vertex -3.30991 2.49996 1.2
      vertex -3.30991 0.375038 1.2
    endloop
  endfacet
  facet normal 0 0 -1
    outer loop
      vertex -3.41617 0.337018 1.2
      vertex -3.41617 2.53798 1.2
      vertex -3.30991 2.49996 1.2
    endloop
  endfacet
  facet normal 0 0 -1
    outer loop
      vertex -3.52565 0.309596 1.2
      vertex -3.41617 2.53798 1.2
      vertex -3.41617 0.337018 1.2
    endloop
  endfacet
  facet normal 0 0 -1
    outer loop
      vertex -3.52565 0.309596 1.2
      vertex -3.52565 2.5654 1.2
      vertex -3.41617 2.53798 1.2
    endloop
  endfacet
  facet normal 0 0 -1
    outer loop
      vertex -3.63728 0.293037 1.2
      vertex -3.52565 2.5654 1.2
      vertex -3.52565 0.309596 1.2
    endloop
  endfacet
  facet normal 0 0 -1
    outer loop
      vertex -3.63728 0.293037 1.2
      vertex -3.63728 2.58196 1.2
      vertex -3.52565 2.5654 1.2
    endloop
  endfacet
  facet normal 0 0 -1
    outer loop
      vertex -3.75 0.287499 1.2
      vertex -3.63728 2.58196 1.2
      vertex -3.63728 0.293037 1.2
    endloop
  endfacet
  facet normal 0 0 -1
    outer loop
      vertex -3.75 0.287499 1.2
      vertex -3.75 2.5875 1.2
      vertex -3.63728 2.58196 1.2
    endloop
  endfacet
  facet normal 0 0 -1
    outer loop
      vertex -3.86272 0.293037 1.2
      vertex -3.75 2.5875 1.2
      vertex -3.75 0.287499 1.2
    endloop
  endfacet
  facet normal 0 0 -1
    outer loop
      vertex -3.86272 0.293037 1.2
      vertex -3.86272 2.58196 1.2
      vertex -3.75 2.5875 1.2
    endloop
  endfacet
  facet normal 0 0 -1
    outer loop
      vertex -3.97435 0.309596 1.2
      vertex -3.86272 2.58196 1.2
      vertex -3.86272 0.293037 1.2
    endloop
  endfacet
  facet normal 0 0 -1
    outer loop
      vertex -3.97435 0.309596 1.2
      vertex -3.97435 2.5654 1.2
      vertex -3.86272 2.58196 1.2
    endloop
  endfacet
  facet normal 0 0 -1
    outer loop
      vertex -4.08383 0.337018 1.2
      vertex -3.97435 2.5654 1.2
      vertex -3.97435 0.309596 1.2
    endloop
  endfacet
  facet normal 0 0 -1
    outer loop
      vertex -4.08383 0.337018 1.2
      vertex -4.08383 2.53798 1.2
      vertex -3.97435 2.5654 1.2
    endloop
  endfacet
  facet normal 0 0 -1
    outer loop
      vertex -4.19009 0.375038 1.2
      vertex -4.08383 2.53798 1.2
      vertex -4.08383 0.337018 1.2
    endloop
  endfacet
  facet normal 0 0 -1
    outer loop
      vertex -4.19009 0.375038 1.2
      vertex -4.19009 2.49996 1.2
      vertex -4.08383 2.53798 1.2
    endloop
  endfacet
  facet normal 0 0 -1
    outer loop
      vertex -4.29211 0.42329 1.2
      vertex -4.19009 2.49996 1.2
      vertex -4.19009 0.375038 1.2
    endloop
  endfacet
  facet normal 0 0 -1
    outer loop
      vertex -4.29211 0.42329 1.2
      vertex -4.29211 2.45171 1.2
      vertex -4.19009 2.49996 1.2
    endloop
  endfacet
  facet normal 0 0 -1
    outer loop
      vertex -4.38891 0.48131 1.2
      vertex -4.29211 2.45171 1.2
      vertex -4.29211 0.42329 1.2
    endloop
  endfacet
  facet normal 0 0 -1
    outer loop
      vertex -4.38891 0.48131 1.2
      vertex -4.38891 2.39369 1.2
      vertex -4.29211 2.45171 1.2
    endloop
  endfacet
  facet normal 0 0 -1
    outer loop
      vertex -4.47955 0.548537 1.2
      vertex -4.38891 2.39369 1.2
      vertex -4.38891 0.48131 1.2
    endloop
  endfacet
  facet normal 0 0 -1
    outer loop
      vertex -4.47955 0.548537 1.2
      vertex -4.47955 2.32646 1.2
      vertex -4.38891 2.39369 1.2
    endloop
  endfacet
  facet normal 0 0 -1
    outer loop
      vertex -4.56317 0.624327 1.2
      vertex -4.47955 2.32646 1.2
      vertex -4.47955 0.548537 1.2
    endloop
  endfacet
  facet normal 0 0 -1
    outer loop
      vertex -4.56317 0.624327 1.2
      vertex -4.56317 2.25067 1.2
      vertex -4.47955 2.32646 1.2
    endloop
  endfacet
  facet normal 0 0 -1
    outer loop
      vertex -4.63896 0.707947 1.2
      vertex -4.56317 2.25067 1.2
      vertex -4.56317 0.624327 1.2
    endloop
  endfacet
  facet normal 0 0 -1
    outer loop
      vertex -4.63896 0.707947 1.2
      vertex -4.63896 2.16705 1.2
      vertex -4.56317 2.25067 1.2
    endloop
  endfacet
  facet normal 0 0 -1
    outer loop
      vertex -4.70619 0.798594 1.2
      vertex -4.63896 2.16705 1.2
      vertex -4.63896 0.707947 1.2
    endloop
  endfacet
  facet normal 0 0 -1
    outer loop
      vertex -4.70619 0.798594 1.2
      vertex -4.70619 2.07641 1.2
      vertex -4.63896 2.16705 1.2
    endloop
  endfacet
  facet normal 0 0 -1
    outer loop
      vertex -4.76421 0.895393 1.2
      vertex -4.70619 2.07641 1.2
      vertex -4.70619 0.798594 1.2
    endloop
  endfacet
  facet normal 0 0 -1
    outer loop
      vertex -4.76421 0.895393 1.2
      vertex -4.76421 1.97961 1.2
      vertex -4.70619 2.07641 1.2
    endloop
  endfacet
  facet normal 0 0 -1
    outer loop
      vertex -4.81246 0.997414 1.2
      vertex -4.76421 1.97961 1.2
      vertex -4.76421 0.895393 1.2
    endloop
  endfacet
  facet normal 0 0 -1
    outer loop
      vertex -4.81246 0.997414 1.2
      vertex -4.81246 1.87759 1.2
      vertex -4.76421 1.97961 1.2
    endloop
  endfacet
  facet normal 0 0 -1
    outer loop
      vertex -4.85048 1.10367 1.2
      vertex -4.81246 1.87759 1.2
      vertex -4.81246 0.997414 1.2
    endloop
  endfacet
  facet normal 0 0 -1
    outer loop
      vertex -4.85048 1.10367 1.2
      vertex -4.85048 1.77133 1.2
      vertex -4.81246 1.87759 1.2
    endloop
  endfacet
  facet normal 0 0 -1
    outer loop
      vertex -4.8779 1.21315 1.2
      vertex -4.85048 1.77133 1.2
      vertex -4.85048 1.10367 1.2
    endloop
  endfacet
  facet normal 0 0 -1
    outer loop
      vertex -4.8779 1.21315 1.2
      vertex -4.8779 1.66185 1.2
      vertex -4.85048 1.77133 1.2
    endloop
  endfacet
  facet normal 0 0 -1
    outer loop
      vertex -4.89446 1.32478 1.2
      vertex -4.8779 1.66185 1.2
      vertex -4.8779 1.21315 1.2
    endloop
  endfacet
  facet normal 0 0 -1
    outer loop
      vertex -4.89446 1.32478 1.2
      vertex -4.89446 1.55022 1.2
      vertex -4.8779 1.66185 1.2
    endloop
  endfacet
  facet normal 0 -0 -1
    outer loop
      vertex -4.89446 1.55022 1.2
      vertex -4.89446 1.32478 1.2
      vertex -4.9 1.4375 1.2
    endloop
  endfacet
  facet normal -0.514105 -0.857727 0
    outer loop
      vertex -3.20789 2.45171 0
      vertex -3.11109 2.39369 1.2
      vertex -3.20789 2.45171 1.2
    endloop
  endfacet
  facet normal -0.514105 -0.857727 -0
    outer loop
      vertex -3.11109 2.39369 1.2
      vertex -3.20789 2.45171 0
      vertex -3.11109 2.39369 0
    endloop
  endfacet
  facet normal -0.803201 0.595708 0
    outer loop
      vertex -2.86104 0.707947 0
      vertex -2.79381 0.798594 1.2
      vertex -2.79381 0.798594 0
    endloop
  endfacet
  facet normal -0.803201 0.595708 0
    outer loop
      vertex -2.79381 0.798594 1.2
      vertex -2.86104 0.707947 0
      vertex -2.86104 0.707947 1.2
    endloop
  endfacet
  facet normal -0.671565 -0.740946 0
    outer loop
      vertex -3.02045 2.32646 0
      vertex -2.93683 2.25067 1.2
      vertex -3.02045 2.32646 1.2
    endloop
  endfacet
  facet normal -0.671565 -0.740946 -0
    outer loop
      vertex -2.93683 2.25067 1.2
      vertex -3.02045 2.32646 0
      vertex -2.93683 2.25067 0
    endloop
  endfacet
  facet normal -0.336886 -0.941545 0
    outer loop
      vertex -3.41617 2.53798 0
      vertex -3.30991 2.49996 1.2
      vertex -3.41617 2.53798 1.2
    endloop
  endfacet
  facet normal -0.336886 -0.941545 -0
    outer loop
      vertex -3.30991 2.49996 1.2
      vertex -3.41617 2.53798 0
      vertex -3.30991 2.49996 0
    endloop
  endfacet
  facet normal -0.242969 0.970034 0
    outer loop
      vertex -3.41617 0.337018 0
      vertex -3.52565 0.309596 1.2
      vertex -3.41617 0.337018 1.2
    endloop
  endfacet
  facet normal -0.242969 0.970034 0
    outer loop
      vertex -3.52565 0.309596 1.2
      vertex -3.41617 0.337018 0
      vertex -3.52565 0.309596 0
    endloop
  endfacet
  facet normal 0.803179 -0.595738 0
    outer loop
      vertex -4.70619 2.07641 1.2
      vertex -4.63896 2.16705 0
      vertex -4.63896 2.16705 1.2
    endloop
  endfacet
  facet normal 0.803179 -0.595738 0
    outer loop
      vertex -4.63896 2.16705 0
      vertex -4.70619 2.07641 1.2
      vertex -4.70619 2.07641 0
    endloop
  endfacet
  facet normal -0.857727 -0.514105 0
    outer loop
      vertex -2.73579 1.97961 0
      vertex -2.79381 2.07641 1.2
      vertex -2.79381 2.07641 0
    endloop
  endfacet
  facet normal -0.857727 -0.514105 0
    outer loop
      vertex -2.79381 2.07641 1.2
      vertex -2.73579 1.97961 0
      vertex -2.73579 1.97961 1.2
    endloop
  endfacet
  facet normal 0.146733 0.989176 -0
    outer loop
      vertex -3.86272 0.293037 0
      vertex -3.97435 0.309596 1.2
      vertex -3.86272 0.293037 1.2
    endloop
  endfacet
  facet normal 0.146733 0.989176 0
    outer loop
      vertex -3.97435 0.309596 1.2
      vertex -3.86272 0.293037 0
      vertex -3.97435 0.309596 0
    endloop
  endfacet
  facet normal 0.514105 -0.857727 0
    outer loop
      vertex -4.38891 2.39369 0
      vertex -4.29211 2.45171 1.2
      vertex -4.38891 2.39369 1.2
    endloop
  endfacet
  facet normal 0.514105 -0.857727 0
    outer loop
      vertex -4.29211 2.45171 1.2
      vertex -4.38891 2.39369 0
      vertex -4.29211 2.45171 0
    endloop
  endfacet
  facet normal 0.242953 -0.970038 0
    outer loop
      vertex -4.08383 2.53798 0
      vertex -3.97435 2.5654 1.2
      vertex -4.08383 2.53798 1.2
    endloop
  endfacet
  facet normal 0.242953 -0.970038 0
    outer loop
      vertex -3.97435 2.5654 1.2
      vertex -4.08383 2.53798 0
      vertex -3.97435 2.5654 0
    endloop
  endfacet
  facet normal -0.0490891 -0.998794 0
    outer loop
      vertex -3.75 2.5875 0
      vertex -3.63728 2.58196 1.2
      vertex -3.75 2.5875 1.2
    endloop
  endfacet
  facet normal -0.0490891 -0.998794 -0
    outer loop
      vertex -3.63728 2.58196 1.2
      vertex -3.75 2.5875 0
      vertex -3.63728 2.58196 0
    endloop
  endfacet
  facet normal 0.903997 0.427538 0
    outer loop
      vertex -4.76421 0.895393 1.2
      vertex -4.81246 0.997414 0
      vertex -4.81246 0.997414 1.2
    endloop
  endfacet
  facet normal 0.903997 0.427538 0
    outer loop
      vertex -4.81246 0.997414 0
      vertex -4.76421 0.895393 1.2
      vertex -4.76421 0.895393 0
    endloop
  endfacet
  facet normal 0.146741 -0.989175 0
    outer loop
      vertex -3.97435 2.5654 0
      vertex -3.86272 2.58196 1.2
      vertex -3.97435 2.5654 1.2
    endloop
  endfacet
  facet normal 0.146741 -0.989175 0
    outer loop
      vertex -3.86272 2.58196 1.2
      vertex -3.97435 2.5654 0
      vertex -3.86272 2.58196 0
    endloop
  endfacet
  facet normal -0.514105 0.857727 0
    outer loop
      vertex -3.11109 0.48131 0
      vertex -3.20789 0.42329 1.2
      vertex -3.11109 0.48131 1.2
    endloop
  endfacet
  facet normal -0.514105 0.857727 0
    outer loop
      vertex -3.20789 0.42329 1.2
      vertex -3.11109 0.48131 0
      vertex -3.20789 0.42329 0
    endloop
  endfacet
  facet normal 0.336886 -0.941545 0
    outer loop
      vertex -4.19009 2.49996 0
      vertex -4.08383 2.53798 1.2
      vertex -4.19009 2.49996 1.2
    endloop
  endfacet
  facet normal 0.336886 -0.941545 0
    outer loop
      vertex -4.08383 2.53798 1.2
      vertex -4.19009 2.49996 0
      vertex -4.08383 2.53798 0
    endloop
  endfacet
  facet normal 0.857727 -0.514105 0
    outer loop
      vertex -4.76421 1.97961 1.2
      vertex -4.70619 2.07641 0
      vertex -4.70619 2.07641 1.2
    endloop
  endfacet
  facet normal 0.857727 -0.514105 0
    outer loop
      vertex -4.70619 2.07641 0
      vertex -4.76421 1.97961 1.2
      vertex -4.76421 1.97961 0
    endloop
  endfacet
  facet normal 0.970038 0.242953 0
    outer loop
      vertex -4.85048 1.10367 1.2
      vertex -4.8779 1.21315 0
      vertex -4.8779 1.21315 1.2
    endloop
  endfacet
  facet normal 0.970038 0.242953 0
    outer loop
      vertex -4.8779 1.21315 0
      vertex -4.85048 1.10367 1.2
      vertex -4.85048 1.10367 0
    endloop
  endfacet
  facet normal -0.857725 0.514109 0
    outer loop
      vertex -2.79381 0.798594 0
      vertex -2.73579 0.895393 1.2
      vertex -2.73579 0.895393 0
    endloop
  endfacet
  facet normal -0.857725 0.514109 0
    outer loop
      vertex -2.73579 0.895393 1.2
      vertex -2.79381 0.798594 0
      vertex -2.79381 0.798594 1.2
    endloop
  endfacet
  facet normal 0.427556 0.903989 -0
    outer loop
      vertex -4.19009 0.375038 0
      vertex -4.29211 0.42329 1.2
      vertex -4.19009 0.375038 1.2
    endloop
  endfacet
  facet normal 0.427556 0.903989 0
    outer loop
      vertex -4.29211 0.42329 1.2
      vertex -4.19009 0.375038 0
      vertex -4.29211 0.42329 0
    endloop
  endfacet
  facet normal -0.740946 -0.671565 0
    outer loop
      vertex -2.86104 2.16705 0
      vertex -2.93683 2.25067 1.2
      vertex -2.93683 2.25067 0
    endloop
  endfacet
  facet normal -0.740946 -0.671565 0
    outer loop
      vertex -2.93683 2.25067 1.2
      vertex -2.86104 2.16705 0
      vertex -2.86104 2.16705 1.2
    endloop
  endfacet
  facet normal 0.740946 0.671565 0
    outer loop
      vertex -4.56317 0.624327 1.2
      vertex -4.63896 0.707947 0
      vertex -4.63896 0.707947 1.2
    endloop
  endfacet
  facet normal 0.740946 0.671565 0
    outer loop
      vertex -4.63896 0.707947 0
      vertex -4.56317 0.624327 1.2
      vertex -4.56317 0.624327 0
    endloop
  endfacet
  facet normal 0.514105 0.857727 -0
    outer loop
      vertex -4.29211 0.42329 0
      vertex -4.38891 0.48131 1.2
      vertex -4.29211 0.42329 1.2
    endloop
  endfacet
  facet normal 0.514105 0.857727 0
    outer loop
      vertex -4.38891 0.48131 1.2
      vertex -4.29211 0.42329 0
      vertex -4.38891 0.48131 0
    endloop
  endfacet
  facet normal 0.989175 0.146741 0
    outer loop
      vertex -4.8779 1.21315 1.2
      vertex -4.89446 1.32478 0
      vertex -4.89446 1.32478 1.2
    endloop
  endfacet
  facet normal 0.989175 0.146741 0
    outer loop
      vertex -4.89446 1.32478 0
      vertex -4.8779 1.21315 1.2
      vertex -4.8779 1.21315 0
    endloop
  endfacet
  facet normal 0.595721 0.803191 -0
    outer loop
      vertex -4.38891 0.48131 0
      vertex -4.47955 0.548537 1.2
      vertex -4.38891 0.48131 1.2
    endloop
  endfacet
  facet normal 0.595721 0.803191 0
    outer loop
      vertex -4.47955 0.548537 1.2
      vertex -4.38891 0.48131 0
      vertex -4.47955 0.548537 0
    endloop
  endfacet
  facet normal -0.941541 0.336898 0
    outer loop
      vertex -2.68754 0.997414 0
      vertex -2.64952 1.10367 1.2
      vertex -2.64952 1.10367 0
    endloop
  endfacet
  facet normal -0.941541 0.336898 0
    outer loop
      vertex -2.64952 1.10367 1.2
      vertex -2.68754 0.997414 0
      vertex -2.68754 0.997414 1.2
    endloop
  endfacet
  facet normal 0.803201 0.595708 0
    outer loop
      vertex -4.63896 0.707947 1.2
      vertex -4.70619 0.798594 0
      vertex -4.70619 0.798594 1.2
    endloop
  endfacet
  facet normal 0.803201 0.595708 0
    outer loop
      vertex -4.70619 0.798594 0
      vertex -4.63896 0.707947 1.2
      vertex -4.63896 0.707947 0
    endloop
  endfacet
  facet normal -0.903997 0.427538 0
    outer loop
      vertex -2.73579 0.895393 0
      vertex -2.68754 0.997414 1.2
      vertex -2.68754 0.997414 0
    endloop
  endfacet
  facet normal -0.903997 0.427538 0
    outer loop
      vertex -2.68754 0.997414 1.2
      vertex -2.73579 0.895393 0
      vertex -2.73579 0.895393 1.2
    endloop
  endfacet
  facet normal -0.671565 0.740946 0
    outer loop
      vertex -2.93683 0.624327 0
      vertex -3.02045 0.548537 1.2
      vertex -2.93683 0.624327 1.2
    endloop
  endfacet
  facet normal -0.671565 0.740946 0
    outer loop
      vertex -3.02045 0.548537 1.2
      vertex -2.93683 0.624327 0
      vertex -3.02045 0.548537 0
    endloop
  endfacet
  facet normal 0.998794 -0.0490891 0
    outer loop
      vertex -4.9 1.4375 1.2
      vertex -4.89446 1.55022 0
      vertex -4.89446 1.55022 1.2
    endloop
  endfacet
  facet normal 0.998794 -0.0490891 0
    outer loop
      vertex -4.89446 1.55022 0
      vertex -4.9 1.4375 1.2
      vertex -4.9 1.4375 0
    endloop
  endfacet
  facet normal 0.998794 0.0490891 0
    outer loop
      vertex -4.89446 1.32478 1.2
      vertex -4.9 1.4375 0
      vertex -4.9 1.4375 1.2
    endloop
  endfacet
  facet normal 0.998794 0.0490891 0
    outer loop
      vertex -4.9 1.4375 0
      vertex -4.89446 1.32478 1.2
      vertex -4.89446 1.32478 0
    endloop
  endfacet
  facet normal 0.242969 0.970034 -0
    outer loop
      vertex -3.97435 0.309596 0
      vertex -4.08383 0.337018 1.2
      vertex -3.97435 0.309596 1.2
    endloop
  endfacet
  facet normal 0.242969 0.970034 0
    outer loop
      vertex -4.08383 0.337018 1.2
      vertex -3.97435 0.309596 0
      vertex -4.08383 0.337018 0
    endloop
  endfacet
endsolid OpenSCAD_Model
