solid OpenSCAD_Model
  facet normal 0.427561 -0.903987 0
    outer loop
      vertex -7.45723 -1.98634 0
      vertex -7.2665 -1.89613 2
      vertex -7.45723 -1.98634 2
    endloop
  endfacet
  facet normal 0.427561 -0.903987 0
    outer loop
      vertex -7.2665 -1.89613 2
      vertex -7.45723 -1.98634 0
      vertex -7.2665 -1.89613 0
    endloop
  endfacet
  facet normal -0.595707 0.803202 0
    outer loop
      vertex -9.47447 1.78766 0
      vertex -9.64394 1.66197 2
      vertex -9.47447 1.78766 2
    endloop
  endfacet
  facet normal -0.595707 0.803202 0
    outer loop
      vertex -9.64394 1.66197 2
      vertex -9.47447 1.78766 0
      vertex -9.64394 1.66197 0
    endloop
  endfacet
  facet normal 0.242993 0.970028 -0
    outer loop
      vertex -7.65589 2.05742 0
      vertex -7.86056 2.10869 2
      vertex -7.65589 2.05742 2
    endloop
  endfacet
  facet normal 0.242993 0.970028 0
    outer loop
      vertex -7.86056 2.10869 2
      vertex -7.65589 2.05742 0
      vertex -7.86056 2.10869 0
    endloop
  endfacet
  facet normal 0.514105 -0.857727 0
    outer loop
      vertex -7.2665 -1.89613 0
      vertex -7.08553 -1.78766 2
      vertex -7.2665 -1.89613 2
    endloop
  endfacet
  facet normal 0.514105 -0.857727 0
    outer loop
      vertex -7.08553 -1.78766 2
      vertex -7.2665 -1.89613 0
      vertex -7.08553 -1.78766 0
    endloop
  endfacet
  facet normal 0.242993 -0.970028 0
    outer loop
      vertex -7.86056 -2.10869 0
      vertex -7.65589 -2.05742 2
      vertex -7.86056 -2.10869 2
    endloop
  endfacet
  facet normal 0.242993 -0.970028 0
    outer loop
      vertex -7.65589 -2.05742 2
      vertex -7.86056 -2.10869 0
      vertex -7.65589 -2.05742 0
    endloop
  endfacet
  facet normal 0.0490535 0.998796 -0
    outer loop
      vertex -8.06926 2.13965 0
      vertex -8.28 2.15 2
      vertex -8.06926 2.13965 2
    endloop
  endfacet
  facet normal 0.0490535 0.998796 0
    outer loop
      vertex -8.28 2.15 2
      vertex -8.06926 2.13965 0
      vertex -8.28 2.15 0
    endloop
  endfacet
  facet normal 0.146741 0.989175 -0
    outer loop
      vertex -7.86056 2.10869 0
      vertex -8.06926 2.13965 2
      vertex -7.86056 2.10869 2
    endloop
  endfacet
  facet normal 0.146741 0.989175 0
    outer loop
      vertex -8.06926 2.13965 2
      vertex -7.86056 2.10869 0
      vertex -8.06926 2.13965 0
    endloop
  endfacet
  facet normal 0.427561 0.903987 -0
    outer loop
      vertex -7.2665 1.89613 0
      vertex -7.45723 1.98634 2
      vertex -7.2665 1.89613 2
    endloop
  endfacet
  facet normal 0.427561 0.903987 0
    outer loop
      vertex -7.45723 1.98634 2
      vertex -7.2665 1.89613 0
      vertex -7.45723 1.98634 0
    endloop
  endfacet
  facet normal 0.146741 -0.989175 0
    outer loop
      vertex -8.06926 -2.13965 0
      vertex -7.86056 -2.10869 2
      vertex -8.06926 -2.13965 2
    endloop
  endfacet
  facet normal 0.146741 -0.989175 0
    outer loop
      vertex -7.86056 -2.10869 2
      vertex -8.06926 -2.13965 0
      vertex -7.86056 -2.10869 0
    endloop
  endfacet
  facet normal -0.74094 -0.671572 0
    outer loop
      vertex -9.80028 -1.52028 0
      vertex -9.87531 -1.4375 2
      vertex -9.87531 -1.4375 0
    endloop
  endfacet
  facet normal -0.74094 -0.671572 0
    outer loop
      vertex -9.87531 -1.4375 2
      vertex -9.80028 -1.52028 0
      vertex -9.80028 -1.52028 2
    endloop
  endfacet
  facet normal -0.514105 0.857727 0
    outer loop
      vertex -9.2935 1.89613 0
      vertex -9.47447 1.78766 2
      vertex -9.2935 1.89613 2
    endloop
  endfacet
  facet normal -0.514105 0.857727 0
    outer loop
      vertex -9.47447 1.78766 2
      vertex -9.2935 1.89613 0
      vertex -9.47447 1.78766 0
    endloop
  endfacet
  facet normal -0.146741 -0.989175 0
    outer loop
      vertex -8.69944 -2.10869 0
      vertex -8.49074 -2.13965 2
      vertex -8.69944 -2.10869 2
    endloop
  endfacet
  facet normal -0.146741 -0.989175 -0
    outer loop
      vertex -8.49074 -2.13965 2
      vertex -8.69944 -2.10869 0
      vertex -8.49074 -2.13965 0
    endloop
  endfacet
  facet normal 0.595707 -0.803202 0
    outer loop
      vertex -7.08553 -1.78766 0
      vertex -6.91606 -1.66197 2
      vertex -7.08553 -1.78766 2
    endloop
  endfacet
  facet normal 0.595707 -0.803202 0
    outer loop
      vertex -6.91606 -1.66197 2
      vertex -7.08553 -1.78766 0
      vertex -6.91606 -1.66197 0
    endloop
  endfacet
  facet normal -0.0490535 -0.998796 0
    outer loop
      vertex -8.49074 -2.13965 0
      vertex -8.28 -2.15 2
      vertex -8.49074 -2.13965 2
    endloop
  endfacet
  facet normal -0.0490535 -0.998796 -0
    outer loop
      vertex -8.28 -2.15 2
      vertex -8.49074 -2.13965 0
      vertex -8.28 -2.15 0
    endloop
  endfacet
  facet normal 0.595707 0.803202 -0
    outer loop
      vertex -6.91606 1.66197 0
      vertex -7.08553 1.78766 2
      vertex -6.91606 1.66197 2
    endloop
  endfacet
  facet normal 0.595707 0.803202 0
    outer loop
      vertex -7.08553 1.78766 2
      vertex -6.91606 1.66197 0
      vertex -7.08553 1.78766 0
    endloop
  endfacet
  facet normal -0.146741 0.989175 0
    outer loop
      vertex -8.49074 2.13965 0
      vertex -8.69944 2.10869 2
      vertex -8.49074 2.13965 2
    endloop
  endfacet
  facet normal -0.146741 0.989175 0
    outer loop
      vertex -8.69944 2.10869 2
      vertex -8.49074 2.13965 0
      vertex -8.69944 2.10869 0
    endloop
  endfacet
  facet normal 0.514105 0.857727 -0
    outer loop
      vertex -7.08553 1.78766 0
      vertex -7.2665 1.89613 2
      vertex -7.08553 1.78766 2
    endloop
  endfacet
  facet normal 0.514105 0.857727 0
    outer loop
      vertex -7.2665 1.89613 2
      vertex -7.08553 1.78766 0
      vertex -7.2665 1.89613 0
    endloop
  endfacet
  facet normal 0.74094 0.671572 0
    outer loop
      vertex -6.68469 1.4375 2
      vertex -6.75972 1.52028 0
      vertex -6.75972 1.52028 2
    endloop
  endfacet
  facet normal 0.74094 0.671572 0
    outer loop
      vertex -6.75972 1.52028 0
      vertex -6.68469 1.4375 2
      vertex -6.68469 1.4375 0
    endloop
  endfacet
  facet normal -0.0490535 0.998796 0
    outer loop
      vertex -8.28 2.15 0
      vertex -8.49074 2.13965 2
      vertex -8.28 2.15 2
    endloop
  endfacet
  facet normal -0.0490535 0.998796 0
    outer loop
      vertex -8.49074 2.13965 2
      vertex -8.28 2.15 0
      vertex -8.49074 2.13965 0
    endloop
  endfacet
  facet normal -0.74094 0.671572 0
    outer loop
      vertex -9.87531 1.4375 0
      vertex -9.80028 1.52028 2
      vertex -9.80028 1.52028 0
    endloop
  endfacet
  facet normal -0.74094 0.671572 0
    outer loop
      vertex -9.80028 1.52028 2
      vertex -9.87531 1.4375 0
      vertex -9.87531 1.4375 2
    endloop
  endfacet
  facet normal -0.671537 -0.740971 0
    outer loop
      vertex -9.80028 -1.52028 0
      vertex -9.64394 -1.66197 2
      vertex -9.80028 -1.52028 2
    endloop
  endfacet
  facet normal -0.671537 -0.740971 -0
    outer loop
      vertex -9.64394 -1.66197 2
      vertex -9.80028 -1.52028 0
      vertex -9.64394 -1.66197 0
    endloop
  endfacet
  facet normal 0.0490535 -0.998796 0
    outer loop
      vertex -8.28 -2.15 0
      vertex -8.06926 -2.13965 2
      vertex -8.28 -2.15 2
    endloop
  endfacet
  facet normal 0.0490535 -0.998796 0
    outer loop
      vertex -8.06926 -2.13965 2
      vertex -8.28 -2.15 0
      vertex -8.06926 -2.13965 0
    endloop
  endfacet
  facet normal 0.671537 0.740971 -0
    outer loop
      vertex -6.75972 1.52028 0
      vertex -6.91606 1.66197 2
      vertex -6.75972 1.52028 2
    endloop
  endfacet
  facet normal 0.671537 0.740971 0
    outer loop
      vertex -6.91606 1.66197 2
      vertex -6.75972 1.52028 0
      vertex -6.91606 1.66197 0
    endloop
  endfacet
  facet normal -0.242993 0.970028 0
    outer loop
      vertex -8.69944 2.10869 0
      vertex -8.90411 2.05742 2
      vertex -8.69944 2.10869 2
    endloop
  endfacet
  facet normal -0.242993 0.970028 0
    outer loop
      vertex -8.90411 2.05742 2
      vertex -8.69944 2.10869 0
      vertex -8.90411 2.05742 0
    endloop
  endfacet
  facet normal 0.336883 -0.941547 0
    outer loop
      vertex -7.65589 -2.05742 0
      vertex -7.45723 -1.98634 2
      vertex -7.65589 -2.05742 2
    endloop
  endfacet
  facet normal 0.336883 -0.941547 0
    outer loop
      vertex -7.45723 -1.98634 2
      vertex -7.65589 -2.05742 0
      vertex -7.45723 -1.98634 0
    endloop
  endfacet
  facet normal -0.427561 0.903987 0
    outer loop
      vertex -9.10277 1.98634 0
      vertex -9.2935 1.89613 2
      vertex -9.10277 1.98634 2
    endloop
  endfacet
  facet normal -0.427561 0.903987 0
    outer loop
      vertex -9.2935 1.89613 2
      vertex -9.10277 1.98634 0
      vertex -9.2935 1.89613 0
    endloop
  endfacet
  facet normal -0.671537 0.740971 0
    outer loop
      vertex -9.64394 1.66197 0
      vertex -9.80028 1.52028 2
      vertex -9.64394 1.66197 2
    endloop
  endfacet
  facet normal -0.671537 0.740971 0
    outer loop
      vertex -9.80028 1.52028 2
      vertex -9.64394 1.66197 0
      vertex -9.80028 1.52028 0
    endloop
  endfacet
  facet normal 0.336883 0.941547 -0
    outer loop
      vertex -7.45723 1.98634 0
      vertex -7.65589 2.05742 2
      vertex -7.45723 1.98634 2
    endloop
  endfacet
  facet normal 0.336883 0.941547 0
    outer loop
      vertex -7.65589 2.05742 2
      vertex -7.45723 1.98634 0
      vertex -7.65589 2.05742 0
    endloop
  endfacet
  facet normal -0.336883 0.941547 0
    outer loop
      vertex -8.90411 2.05742 0
      vertex -9.10277 1.98634 2
      vertex -8.90411 2.05742 2
    endloop
  endfacet
  facet normal -0.336883 0.941547 0
    outer loop
      vertex -9.10277 1.98634 2
      vertex -8.90411 2.05742 0
      vertex -9.10277 1.98634 0
    endloop
  endfacet
  facet normal -0.514105 -0.857727 0
    outer loop
      vertex -9.47447 -1.78766 0
      vertex -9.2935 -1.89613 2
      vertex -9.47447 -1.78766 2
    endloop
  endfacet
  facet normal -0.514105 -0.857727 -0
    outer loop
      vertex -9.2935 -1.89613 2
      vertex -9.47447 -1.78766 0
      vertex -9.2935 -1.89613 0
    endloop
  endfacet
  facet normal -0.427561 -0.903987 0
    outer loop
      vertex -9.2935 -1.89613 0
      vertex -9.10277 -1.98634 2
      vertex -9.2935 -1.89613 2
    endloop
  endfacet
  facet normal -0.427561 -0.903987 -0
    outer loop
      vertex -9.10277 -1.98634 2
      vertex -9.2935 -1.89613 0
      vertex -9.10277 -1.98634 0
    endloop
  endfacet
  facet normal -0.242993 -0.970028 0
    outer loop
      vertex -8.90411 -2.05742 0
      vertex -8.69944 -2.10869 2
      vertex -8.90411 -2.05742 2
    endloop
  endfacet
  facet normal -0.242993 -0.970028 -0
    outer loop
      vertex -8.69944 -2.10869 2
      vertex -8.90411 -2.05742 0
      vertex -8.69944 -2.10869 0
    endloop
  endfacet
  facet normal -0.336883 -0.941547 0
    outer loop
      vertex -9.10277 -1.98634 0
      vertex -8.90411 -2.05742 2
      vertex -9.10277 -1.98634 2
    endloop
  endfacet
  facet normal -0.336883 -0.941547 -0
    outer loop
      vertex -8.90411 -2.05742 2
      vertex -9.10277 -1.98634 0
      vertex -8.90411 -2.05742 0
    endloop
  endfacet
  facet normal -0.595707 -0.803202 0
    outer loop
      vertex -9.64394 -1.66197 0
      vertex -9.47447 -1.78766 2
      vertex -9.64394 -1.66197 2
    endloop
  endfacet
  facet normal -0.595707 -0.803202 -0
    outer loop
      vertex -9.47447 -1.78766 2
      vertex -9.64394 -1.66197 0
      vertex -9.47447 -1.78766 0
    endloop
  endfacet
  facet normal 0.74094 -0.671572 0
    outer loop
      vertex -6.75972 -1.52028 2
      vertex -6.68469 -1.4375 0
      vertex -6.68469 -1.4375 2
    endloop
  endfacet
  facet normal 0.74094 -0.671572 0
    outer loop
      vertex -6.68469 -1.4375 0
      vertex -6.75972 -1.52028 2
      vertex -6.75972 -1.52028 0
    endloop
  endfacet
  facet normal 0.671537 -0.740971 0
    outer loop
      vertex -6.91606 -1.66197 0
      vertex -6.75972 -1.52028 2
      vertex -6.91606 -1.66197 2
    endloop
  endfacet
  facet normal 0.671537 -0.740971 0
    outer loop
      vertex -6.75972 -1.52028 2
      vertex -6.91606 -1.66197 0
      vertex -6.75972 -1.52028 0
    endloop
  endfacet
  facet normal 0 0 -1
    outer loop
      vertex -7.21754 0.440085 0
      vertex -6.68469 1.4375 0
      vertex -7.17952 0.333827 0
    endloop
  endfacet
  facet normal 0 0 -1
    outer loop
      vertex -7.26579 0.542106 0
      vertex -6.68469 1.4375 0
      vertex -7.21754 0.440085 0
    endloop
  endfacet
  facet normal 0 0 -1
    outer loop
      vertex -7.32381 0.638906 0
      vertex -6.68469 1.4375 0
      vertex -7.26579 0.542106 0
    endloop
  endfacet
  facet normal 0 0 -1
    outer loop
      vertex -7.39104 0.729552 0
      vertex -6.68469 1.4375 0
      vertex -7.32381 0.638906 0
    endloop
  endfacet
  facet normal 0 0 -1
    outer loop
      vertex -7.46683 0.813172 0
      vertex -6.68469 1.4375 0
      vertex -7.39104 0.729552 0
    endloop
  endfacet
  facet normal -0 0 -1
    outer loop
      vertex -6.68469 1.4375 0
      vertex -7.46683 0.813172 0
      vertex -6.75972 1.52028 0
    endloop
  endfacet
  facet normal -0 0 -1
    outer loop
      vertex -6.75972 1.52028 0
      vertex -7.46683 0.813172 0
      vertex -6.91606 1.66197 0
    endloop
  endfacet
  facet normal 0 0 -1
    outer loop
      vertex -7.55045 0.888962 0
      vertex -6.91606 1.66197 0
      vertex -7.46683 0.813172 0
    endloop
  endfacet
  facet normal -0 0 -1
    outer loop
      vertex -6.91606 1.66197 0
      vertex -7.55045 0.888962 0
      vertex -7.08553 1.78766 0
    endloop
  endfacet
  facet normal 0 0 -1
    outer loop
      vertex -7.64109 0.956189 0
      vertex -7.08553 1.78766 0
      vertex -7.55045 0.888962 0
    endloop
  endfacet
  facet normal -0 0 -1
    outer loop
      vertex -7.08553 1.78766 0
      vertex -7.64109 0.956189 0
      vertex -7.2665 1.89613 0
    endloop
  endfacet
  facet normal 0 0 -1
    outer loop
      vertex -7.73789 1.01421 0
      vertex -7.2665 1.89613 0
      vertex -7.64109 0.956189 0
    endloop
  endfacet
  facet normal -0 0 -1
    outer loop
      vertex -7.2665 1.89613 0
      vertex -7.73789 1.01421 0
      vertex -7.45723 1.98634 0
    endloop
  endfacet
  facet normal 0 0 -1
    outer loop
      vertex -7.83991 1.06246 0
      vertex -7.45723 1.98634 0
      vertex -7.73789 1.01421 0
    endloop
  endfacet
  facet normal -0 0 -1
    outer loop
      vertex -7.45723 1.98634 0
      vertex -7.83991 1.06246 0
      vertex -7.65589 2.05742 0
    endloop
  endfacet
  facet normal 0 0 -1
    outer loop
      vertex -7.94617 1.10048 0
      vertex -7.65589 2.05742 0
      vertex -7.83991 1.06246 0
    endloop
  endfacet
  facet normal -0 0 -1
    outer loop
      vertex -7.65589 2.05742 0
      vertex -7.94617 1.10048 0
      vertex -7.86056 2.10869 0
    endloop
  endfacet
  facet normal 0 0 -1
    outer loop
      vertex -8.05565 1.1279 0
      vertex -7.86056 2.10869 0
      vertex -7.94617 1.10048 0
    endloop
  endfacet
  facet normal 0 0 -1
    outer loop
      vertex -8.05565 1.1279 0
      vertex -8.06926 2.13965 0
      vertex -7.86056 2.10869 0
    endloop
  endfacet
  facet normal 0 0 -1
    outer loop
      vertex -8.16728 1.14446 0
      vertex -8.06926 2.13965 0
      vertex -8.05565 1.1279 0
    endloop
  endfacet
  facet normal 0 0 -1
    outer loop
      vertex -8.28 1.15 0
      vertex -8.06926 2.13965 0
      vertex -8.16728 1.14446 0
    endloop
  endfacet
  facet normal 0 0 -1
    outer loop
      vertex -8.28 1.15 0
      vertex -8.28 2.15 0
      vertex -8.06926 2.13965 0
    endloop
  endfacet
  facet normal 0 0 -1
    outer loop
      vertex -8.39272 1.14446 0
      vertex -8.28 2.15 0
      vertex -8.28 1.15 0
    endloop
  endfacet
  facet normal 0 0 -1
    outer loop
      vertex -8.39272 1.14446 0
      vertex -8.49074 2.13965 0
      vertex -8.28 2.15 0
    endloop
  endfacet
  facet normal 0 0 -1
    outer loop
      vertex -8.50435 1.1279 0
      vertex -8.49074 2.13965 0
      vertex -8.39272 1.14446 0
    endloop
  endfacet
  facet normal 0 0 -1
    outer loop
      vertex -8.69944 2.10869 0
      vertex -8.50435 1.1279 0
      vertex -8.61383 1.10048 0
    endloop
  endfacet
  facet normal 0 0 -1
    outer loop
      vertex -8.50435 1.1279 0
      vertex -8.69944 2.10869 0
      vertex -8.49074 2.13965 0
    endloop
  endfacet
  facet normal 0 0 -1
    outer loop
      vertex -8.90411 2.05742 0
      vertex -8.61383 1.10048 0
      vertex -8.72009 1.06246 0
    endloop
  endfacet
  facet normal 0 0 -1
    outer loop
      vertex -9.10277 1.98634 0
      vertex -8.72009 1.06246 0
      vertex -8.82211 1.01421 0
    endloop
  endfacet
  facet normal 0 0 -1
    outer loop
      vertex -8.61383 1.10048 0
      vertex -8.90411 2.05742 0
      vertex -8.69944 2.10869 0
    endloop
  endfacet
  facet normal 0 0 -1
    outer loop
      vertex -9.2935 1.89613 0
      vertex -8.82211 1.01421 0
      vertex -8.91891 0.956189 0
    endloop
  endfacet
  facet normal 0 0 -1
    outer loop
      vertex -9.47447 1.78766 0
      vertex -8.91891 0.956189 0
      vertex -9.00955 0.888962 0
    endloop
  endfacet
  facet normal 0 0 -1
    outer loop
      vertex -9.64394 1.66197 0
      vertex -9.00955 0.888962 0
      vertex -9.09317 0.813172 0
    endloop
  endfacet
  facet normal 0 0 -1
    outer loop
      vertex -8.72009 1.06246 0
      vertex -9.10277 1.98634 0
      vertex -8.90411 2.05742 0
    endloop
  endfacet
  facet normal 0 0 -1
    outer loop
      vertex -9.87531 1.4375 0
      vertex -9.09317 0.813172 0
      vertex -9.16896 0.729552 0
    endloop
  endfacet
  facet normal 0 0 -1
    outer loop
      vertex -9.87531 1.4375 0
      vertex -9.16896 0.729552 0
      vertex -9.23619 0.638906 0
    endloop
  endfacet
  facet normal 0 0 -1
    outer loop
      vertex -8.82211 1.01421 0
      vertex -9.2935 1.89613 0
      vertex -9.10277 1.98634 0
    endloop
  endfacet
  facet normal 0 0 -1
    outer loop
      vertex -9.87531 1.4375 0
      vertex -9.23619 0.638906 0
      vertex -9.29421 0.542106 0
    endloop
  endfacet
  facet normal 0 0 -1
    outer loop
      vertex -9.87531 1.4375 0
      vertex -9.29421 0.542106 0
      vertex -9.34246 0.440085 0
    endloop
  endfacet
  facet normal 0 0 -1
    outer loop
      vertex -9.87531 1.4375 0
      vertex -9.34246 0.440085 0
      vertex -9.38048 0.333827 0
    endloop
  endfacet
  facet normal 0 0 -1
    outer loop
      vertex -9.87531 1.4375 0
      vertex -9.38048 0.333827 0
      vertex -9.4079 0.224354 0
    endloop
  endfacet
  facet normal 0 0 -1
    outer loop
      vertex -9.87531 1.4375 0
      vertex -9.4079 0.224354 0
      vertex -9.42446 0.11272 0
    endloop
  endfacet
  facet normal 0 0 -1
    outer loop
      vertex -8.91891 0.956189 0
      vertex -9.47447 1.78766 0
      vertex -9.2935 1.89613 0
    endloop
  endfacet
  facet normal 0 0 -1
    outer loop
      vertex -12.5 1.4375 0
      vertex -9.42446 0.11272 0
      vertex -9.43 0 0
    endloop
  endfacet
  facet normal -0 0 -1
    outer loop
      vertex -9.38048 -0.333827 0
      vertex -9.87531 -1.4375 0
      vertex -9.4079 -0.224354 0
    endloop
  endfacet
  facet normal -0 0 -1
    outer loop
      vertex -9.4079 -0.224354 0
      vertex -9.87531 -1.4375 0
      vertex -9.42446 -0.11272 0
    endloop
  endfacet
  facet normal 0 0 -1
    outer loop
      vertex -9.00955 0.888962 0
      vertex -9.64394 1.66197 0
      vertex -9.47447 1.78766 0
    endloop
  endfacet
  facet normal 0 0 -1
    outer loop
      vertex -12.5 -1.4375 0
      vertex -9.42446 -0.11272 0
      vertex -9.87531 -1.4375 0
    endloop
  endfacet
  facet normal -0 0 -1
    outer loop
      vertex -9.42446 -0.11272 0
      vertex -12.5 -1.4375 0
      vertex -9.43 0 0
    endloop
  endfacet
  facet normal 0 0 -1
    outer loop
      vertex -9.09317 0.813172 0
      vertex -9.87531 1.4375 0
      vertex -9.80028 1.52028 0
    endloop
  endfacet
  facet normal 0 0 -1
    outer loop
      vertex -9.09317 0.813172 0
      vertex -9.80028 1.52028 0
      vertex -9.64394 1.66197 0
    endloop
  endfacet
  facet normal 0 0 -1
    outer loop
      vertex -12.5 1.4375 0
      vertex -9.43 0 0
      vertex -12.5 -1.4375 0
    endloop
  endfacet
  facet normal 0 0 -1
    outer loop
      vertex -9.42446 0.11272 0
      vertex -12.5 1.4375 0
      vertex -9.87531 1.4375 0
    endloop
  endfacet
  facet normal 0 0 -1
    outer loop
      vertex 9.42446 -0.11272 0
      vertex 12.5 -1.4375 0
      vertex 9.87531 -1.4375 0
    endloop
  endfacet
  facet normal 0 -0 -1
    outer loop
      vertex 9.43 0 0
      vertex 12.5 -1.4375 0
      vertex 9.42446 -0.11272 0
    endloop
  endfacet
  facet normal 0 0 -1
    outer loop
      vertex 9.09317 -0.813172 0
      vertex 9.87531 -1.4375 0
      vertex 9.80028 -1.52028 0
    endloop
  endfacet
  facet normal 0 0 -1
    outer loop
      vertex 9.42446 0.11272 0
      vertex 12.5 1.4375 0
      vertex 9.43 0 0
    endloop
  endfacet
  facet normal 0 0 -1
    outer loop
      vertex 9.09317 -0.813172 0
      vertex 9.80028 -1.52028 0
      vertex 9.64394 -1.66197 0
    endloop
  endfacet
  facet normal -0 0 -1
    outer loop
      vertex 12.5 1.4375 0
      vertex 9.42446 0.11272 0
      vertex 9.87531 1.4375 0
    endloop
  endfacet
  facet normal 0 0 -1
    outer loop
      vertex 9.00955 -0.888962 0
      vertex 9.64394 -1.66197 0
      vertex 9.47447 -1.78766 0
    endloop
  endfacet
  facet normal 0 0 -1
    outer loop
      vertex 9.4079 0.224354 0
      vertex 9.87531 1.4375 0
      vertex 9.42446 0.11272 0
    endloop
  endfacet
  facet normal 0 0 -1
    outer loop
      vertex 9.38048 0.333827 0
      vertex 9.87531 1.4375 0
      vertex 9.4079 0.224354 0
    endloop
  endfacet
  facet normal 0 0 -1
    outer loop
      vertex 12.5 -1.4375 0
      vertex 9.43 0 0
      vertex 12.5 1.4375 0
    endloop
  endfacet
  facet normal 0 0 -1
    outer loop
      vertex 9.87531 -1.4375 0
      vertex 9.4079 -0.224354 0
      vertex 9.42446 -0.11272 0
    endloop
  endfacet
  facet normal 0 0 -1
    outer loop
      vertex 9.87531 -1.4375 0
      vertex 9.38048 -0.333827 0
      vertex 9.4079 -0.224354 0
    endloop
  endfacet
  facet normal 0 0 -1
    outer loop
      vertex 9.87531 -1.4375 0
      vertex 9.34246 -0.440085 0
      vertex 9.38048 -0.333827 0
    endloop
  endfacet
  facet normal 0 0 -1
    outer loop
      vertex 9.87531 -1.4375 0
      vertex 9.29421 -0.542106 0
      vertex 9.34246 -0.440085 0
    endloop
  endfacet
  facet normal 0 0 -1
    outer loop
      vertex 8.91891 -0.956189 0
      vertex 9.47447 -1.78766 0
      vertex 9.2935 -1.89613 0
    endloop
  endfacet
  facet normal 0 0 -1
    outer loop
      vertex 9.87531 -1.4375 0
      vertex 9.23619 -0.638906 0
      vertex 9.29421 -0.542106 0
    endloop
  endfacet
  facet normal 0 0 -1
    outer loop
      vertex 9.87531 -1.4375 0
      vertex 9.16896 -0.729552 0
      vertex 9.23619 -0.638906 0
    endloop
  endfacet
  facet normal 0 0 -1
    outer loop
      vertex 8.82211 -1.01421 0
      vertex 9.2935 -1.89613 0
      vertex 9.10277 -1.98634 0
    endloop
  endfacet
  facet normal 0 0 -1
    outer loop
      vertex 9.87531 -1.4375 0
      vertex 9.09317 -0.813172 0
      vertex 9.16896 -0.729552 0
    endloop
  endfacet
  facet normal 0 0 -1
    outer loop
      vertex 9.64394 -1.66197 0
      vertex 9.00955 -0.888962 0
      vertex 9.09317 -0.813172 0
    endloop
  endfacet
  facet normal 0 0 -1
    outer loop
      vertex 9.47447 -1.78766 0
      vertex 8.91891 -0.956189 0
      vertex 9.00955 -0.888962 0
    endloop
  endfacet
  facet normal 0 0 -1
    outer loop
      vertex 8.72009 -1.06246 0
      vertex 9.10277 -1.98634 0
      vertex 8.90411 -2.05742 0
    endloop
  endfacet
  facet normal 0 0 -1
    outer loop
      vertex 9.2935 -1.89613 0
      vertex 8.82211 -1.01421 0
      vertex 8.91891 -0.956189 0
    endloop
  endfacet
  facet normal 0 0 -1
    outer loop
      vertex 9.10277 -1.98634 0
      vertex 8.72009 -1.06246 0
      vertex 8.82211 -1.01421 0
    endloop
  endfacet
  facet normal 0 0 -1
    outer loop
      vertex 8.61383 -1.10048 0
      vertex 8.90411 -2.05742 0
      vertex 8.69944 -2.10869 0
    endloop
  endfacet
  facet normal 0 0 -1
    outer loop
      vertex 8.90411 -2.05742 0
      vertex 8.61383 -1.10048 0
      vertex 8.72009 -1.06246 0
    endloop
  endfacet
  facet normal 0 0 -1
    outer loop
      vertex 8.69944 -2.10869 0
      vertex 8.50435 -1.1279 0
      vertex 8.61383 -1.10048 0
    endloop
  endfacet
  facet normal 0 0 -1
    outer loop
      vertex 8.49074 -2.13965 0
      vertex 8.50435 -1.1279 0
      vertex 8.69944 -2.10869 0
    endloop
  endfacet
  facet normal 0 0 -1
    outer loop
      vertex 8.49074 -2.13965 0
      vertex 8.39272 -1.14446 0
      vertex 8.50435 -1.1279 0
    endloop
  endfacet
  facet normal 0 0 -1
    outer loop
      vertex 8.28 -2.15 0
      vertex 8.39272 -1.14446 0
      vertex 8.49074 -2.13965 0
    endloop
  endfacet
  facet normal 0 0 -1
    outer loop
      vertex 8.28 -2.15 0
      vertex 8.28 -1.15 0
      vertex 8.39272 -1.14446 0
    endloop
  endfacet
  facet normal 0 0 -1
    outer loop
      vertex 8.28 -2.15 0
      vertex 8.16728 -1.14446 0
      vertex 8.28 -1.15 0
    endloop
  endfacet
  facet normal 0 0 -1
    outer loop
      vertex 8.06926 -2.13965 0
      vertex 8.16728 -1.14446 0
      vertex 8.28 -2.15 0
    endloop
  endfacet
  facet normal 0 0 -1
    outer loop
      vertex 8.06926 -2.13965 0
      vertex 8.05565 -1.1279 0
      vertex 8.16728 -1.14446 0
    endloop
  endfacet
  facet normal 0 0 -1
    outer loop
      vertex 7.86056 -2.10869 0
      vertex 8.05565 -1.1279 0
      vertex 8.06926 -2.13965 0
    endloop
  endfacet
  facet normal -0 0 -1
    outer loop
      vertex 8.05565 -1.1279 0
      vertex 7.86056 -2.10869 0
      vertex 7.94617 -1.10048 0
    endloop
  endfacet
  facet normal 0 0 -1
    outer loop
      vertex 7.65589 -2.05742 0
      vertex 7.94617 -1.10048 0
      vertex 7.86056 -2.10869 0
    endloop
  endfacet
  facet normal -0 0 -1
    outer loop
      vertex 7.94617 -1.10048 0
      vertex 7.65589 -2.05742 0
      vertex 7.83991 -1.06246 0
    endloop
  endfacet
  facet normal 0 0 -1
    outer loop
      vertex 7.45723 -1.98634 0
      vertex 7.83991 -1.06246 0
      vertex 7.65589 -2.05742 0
    endloop
  endfacet
  facet normal -0 0 -1
    outer loop
      vertex 7.83991 -1.06246 0
      vertex 7.45723 -1.98634 0
      vertex 7.73789 -1.01421 0
    endloop
  endfacet
  facet normal 0 0 -1
    outer loop
      vertex 7.2665 -1.89613 0
      vertex 7.73789 -1.01421 0
      vertex 7.45723 -1.98634 0
    endloop
  endfacet
  facet normal -0 0 -1
    outer loop
      vertex 7.73789 -1.01421 0
      vertex 7.2665 -1.89613 0
      vertex 7.64109 -0.956189 0
    endloop
  endfacet
  facet normal 0 0 -1
    outer loop
      vertex 7.08553 -1.78766 0
      vertex 7.64109 -0.956189 0
      vertex 7.2665 -1.89613 0
    endloop
  endfacet
  facet normal -0 0 -1
    outer loop
      vertex 7.64109 -0.956189 0
      vertex 7.08553 -1.78766 0
      vertex 7.55045 -0.888962 0
    endloop
  endfacet
  facet normal 0 0 -1
    outer loop
      vertex 6.91606 -1.66197 0
      vertex 7.55045 -0.888962 0
      vertex 7.08553 -1.78766 0
    endloop
  endfacet
  facet normal -0 0 -1
    outer loop
      vertex 7.55045 -0.888962 0
      vertex 6.91606 -1.66197 0
      vertex 7.46683 -0.813172 0
    endloop
  endfacet
  facet normal 0 0 -1
    outer loop
      vertex 6.75972 -1.52028 0
      vertex 7.46683 -0.813172 0
      vertex 6.91606 -1.66197 0
    endloop
  endfacet
  facet normal 0 0 -1
    outer loop
      vertex 6.68469 -1.4375 0
      vertex 7.46683 -0.813172 0
      vertex 6.75972 -1.52028 0
    endloop
  endfacet
  facet normal -0 0 -1
    outer loop
      vertex 7.46683 -0.813172 0
      vertex 6.68469 -1.4375 0
      vertex 7.39104 -0.729552 0
    endloop
  endfacet
  facet normal -0 0 -1
    outer loop
      vertex 7.39104 -0.729552 0
      vertex 6.68469 -1.4375 0
      vertex 7.32381 -0.638906 0
    endloop
  endfacet
  facet normal -0 0 -1
    outer loop
      vertex 7.32381 -0.638906 0
      vertex 6.68469 -1.4375 0
      vertex 7.26579 -0.542106 0
    endloop
  endfacet
  facet normal -0 0 -1
    outer loop
      vertex 7.21754 -0.440085 0
      vertex 6.68469 -1.4375 0
      vertex 7.17952 -0.333827 0
    endloop
  endfacet
  facet normal -0 0 -1
    outer loop
      vertex 7.26579 -0.542106 0
      vertex 6.68469 -1.4375 0
      vertex 7.21754 -0.440085 0
    endloop
  endfacet
  facet normal 0 0 -1
    outer loop
      vertex 9.34246 0.440085 0
      vertex 9.87531 1.4375 0
      vertex 9.38048 0.333827 0
    endloop
  endfacet
  facet normal 0 0 -1
    outer loop
      vertex 9.29421 0.542106 0
      vertex 9.87531 1.4375 0
      vertex 9.34246 0.440085 0
    endloop
  endfacet
  facet normal 0 0 -1
    outer loop
      vertex 9.23619 0.638906 0
      vertex 9.87531 1.4375 0
      vertex 9.29421 0.542106 0
    endloop
  endfacet
  facet normal 0 0 -1
    outer loop
      vertex 9.16896 0.729552 0
      vertex 9.87531 1.4375 0
      vertex 9.23619 0.638906 0
    endloop
  endfacet
  facet normal 0 0 -1
    outer loop
      vertex 9.09317 0.813172 0
      vertex 9.87531 1.4375 0
      vertex 9.16896 0.729552 0
    endloop
  endfacet
  facet normal -0 0 -1
    outer loop
      vertex 9.87531 1.4375 0
      vertex 9.09317 0.813172 0
      vertex 9.80028 1.52028 0
    endloop
  endfacet
  facet normal -0 0 -1
    outer loop
      vertex 9.80028 1.52028 0
      vertex 9.09317 0.813172 0
      vertex 9.64394 1.66197 0
    endloop
  endfacet
  facet normal 0 0 -1
    outer loop
      vertex 9.00955 0.888962 0
      vertex 9.64394 1.66197 0
      vertex 9.09317 0.813172 0
    endloop
  endfacet
  facet normal -0 0 -1
    outer loop
      vertex 9.64394 1.66197 0
      vertex 9.00955 0.888962 0
      vertex 9.47447 1.78766 0
    endloop
  endfacet
  facet normal 0 0 -1
    outer loop
      vertex 8.91891 0.956189 0
      vertex 9.47447 1.78766 0
      vertex 9.00955 0.888962 0
    endloop
  endfacet
  facet normal -0 0 -1
    outer loop
      vertex 9.47447 1.78766 0
      vertex 8.91891 0.956189 0
      vertex 9.2935 1.89613 0
    endloop
  endfacet
  facet normal 0 0 -1
    outer loop
      vertex 8.82211 1.01421 0
      vertex 9.2935 1.89613 0
      vertex 8.91891 0.956189 0
    endloop
  endfacet
  facet normal -0 0 -1
    outer loop
      vertex 9.2935 1.89613 0
      vertex 8.82211 1.01421 0
      vertex 9.10277 1.98634 0
    endloop
  endfacet
  facet normal 0 0 -1
    outer loop
      vertex 8.72009 1.06246 0
      vertex 9.10277 1.98634 0
      vertex 8.82211 1.01421 0
    endloop
  endfacet
  facet normal -0 0 -1
    outer loop
      vertex 9.10277 1.98634 0
      vertex 8.72009 1.06246 0
      vertex 8.90411 2.05742 0
    endloop
  endfacet
  facet normal 0 0 -1
    outer loop
      vertex 8.61383 1.10048 0
      vertex 8.90411 2.05742 0
      vertex 8.72009 1.06246 0
    endloop
  endfacet
  facet normal -0 0 -1
    outer loop
      vertex 8.90411 2.05742 0
      vertex 8.61383 1.10048 0
      vertex 8.69944 2.10869 0
    endloop
  endfacet
  facet normal 0 0 -1
    outer loop
      vertex 8.50435 1.1279 0
      vertex 8.69944 2.10869 0
      vertex 8.61383 1.10048 0
    endloop
  endfacet
  facet normal 0 0 -1
    outer loop
      vertex 8.50435 1.1279 0
      vertex 8.49074 2.13965 0
      vertex 8.69944 2.10869 0
    endloop
  endfacet
  facet normal 0 0 -1
    outer loop
      vertex 8.39272 1.14446 0
      vertex 8.49074 2.13965 0
      vertex 8.50435 1.1279 0
    endloop
  endfacet
  facet normal 0 0 -1
    outer loop
      vertex 8.28 1.15 0
      vertex 8.49074 2.13965 0
      vertex 8.39272 1.14446 0
    endloop
  endfacet
  facet normal 0 0 -1
    outer loop
      vertex 8.28 1.15 0
      vertex 8.28 2.15 0
      vertex 8.49074 2.13965 0
    endloop
  endfacet
  facet normal 0 0 -1
    outer loop
      vertex 8.16728 1.14446 0
      vertex 8.28 2.15 0
      vertex 8.28 1.15 0
    endloop
  endfacet
  facet normal 0 0 -1
    outer loop
      vertex 8.16728 1.14446 0
      vertex 8.06926 2.13965 0
      vertex 8.28 2.15 0
    endloop
  endfacet
  facet normal 0 0 -1
    outer loop
      vertex 8.05565 1.1279 0
      vertex 8.06926 2.13965 0
      vertex 8.16728 1.14446 0
    endloop
  endfacet
  facet normal 0 0 -1
    outer loop
      vertex 7.86056 2.10869 0
      vertex 8.05565 1.1279 0
      vertex 7.94617 1.10048 0
    endloop
  endfacet
  facet normal 0 0 -1
    outer loop
      vertex 8.05565 1.1279 0
      vertex 7.86056 2.10869 0
      vertex 8.06926 2.13965 0
    endloop
  endfacet
  facet normal 0 0 -1
    outer loop
      vertex 7.65589 2.05742 0
      vertex 7.94617 1.10048 0
      vertex 7.83991 1.06246 0
    endloop
  endfacet
  facet normal 0 0 -1
    outer loop
      vertex 7.45723 1.98634 0
      vertex 7.83991 1.06246 0
      vertex 7.73789 1.01421 0
    endloop
  endfacet
  facet normal 0 0 -1
    outer loop
      vertex 7.94617 1.10048 0
      vertex 7.65589 2.05742 0
      vertex 7.86056 2.10869 0
    endloop
  endfacet
  facet normal 0 0 -1
    outer loop
      vertex 7.2665 1.89613 0
      vertex 7.73789 1.01421 0
      vertex 7.64109 0.956189 0
    endloop
  endfacet
  facet normal 0 0 -1
    outer loop
      vertex 7.08553 1.78766 0
      vertex 7.64109 0.956189 0
      vertex 7.55045 0.888962 0
    endloop
  endfacet
  facet normal 0 0 -1
    outer loop
      vertex 6.91606 1.66197 0
      vertex 7.55045 0.888962 0
      vertex 7.46683 0.813172 0
    endloop
  endfacet
  facet normal 0 0 -1
    outer loop
      vertex 7.83991 1.06246 0
      vertex 7.45723 1.98634 0
      vertex 7.65589 2.05742 0
    endloop
  endfacet
  facet normal 0 0 -1
    outer loop
      vertex 6.68469 1.4375 0
      vertex 7.46683 0.813172 0
      vertex 7.39104 0.729552 0
    endloop
  endfacet
  facet normal 0 0 -1
    outer loop
      vertex 6.68469 1.4375 0
      vertex 7.39104 0.729552 0
      vertex 7.32381 0.638906 0
    endloop
  endfacet
  facet normal 0 0 -1
    outer loop
      vertex 7.73789 1.01421 0
      vertex 7.2665 1.89613 0
      vertex 7.45723 1.98634 0
    endloop
  endfacet
  facet normal 0 0 -1
    outer loop
      vertex 6.68469 1.4375 0
      vertex 7.32381 0.638906 0
      vertex 7.26579 0.542106 0
    endloop
  endfacet
  facet normal 0 0 -1
    outer loop
      vertex 6.68469 1.4375 0
      vertex 7.26579 0.542106 0
      vertex 7.21754 0.440085 0
    endloop
  endfacet
  facet normal 0 0 -1
    outer loop
      vertex 6.68469 1.4375 0
      vertex 7.21754 0.440085 0
      vertex 7.17952 0.333827 0
    endloop
  endfacet
  facet normal 0 0 -1
    outer loop
      vertex 6.68469 1.4375 0
      vertex 7.17952 0.333827 0
      vertex 7.1521 0.224354 0
    endloop
  endfacet
  facet normal 0 0 -1
    outer loop
      vertex 6.68469 1.4375 0
      vertex 7.1521 0.224354 0
      vertex 7.13554 0.11272 0
    endloop
  endfacet
  facet normal 0 0 -1
    outer loop
      vertex 7.64109 0.956189 0
      vertex 7.08553 1.78766 0
      vertex 7.2665 1.89613 0
    endloop
  endfacet
  facet normal 0 0 -1
    outer loop
      vertex 6.68469 1.4375 0
      vertex 7.13554 0.11272 0
      vertex 7.13 0 0
    endloop
  endfacet
  facet normal -0 0 -1
    outer loop
      vertex 7.17952 -0.333827 0
      vertex 6.68469 -1.4375 0
      vertex 7.1521 -0.224354 0
    endloop
  endfacet
  facet normal -0 0 -1
    outer loop
      vertex 7.1521 -0.224354 0
      vertex 6.68469 -1.4375 0
      vertex 7.13554 -0.11272 0
    endloop
  endfacet
  facet normal 0 0 -1
    outer loop
      vertex 7.55045 0.888962 0
      vertex 6.91606 1.66197 0
      vertex 7.08553 1.78766 0
    endloop
  endfacet
  facet normal -0 0 -1
    outer loop
      vertex 7.13554 -0.11272 0
      vertex 6.68469 -1.4375 0
      vertex 7.13 0 0
    endloop
  endfacet
  facet normal 0 0 -1
    outer loop
      vertex 6.68469 1.4375 0
      vertex 7.13 0 0
      vertex 6.68469 -1.4375 0
    endloop
  endfacet
  facet normal 0 0 -1
    outer loop
      vertex 7.46683 0.813172 0
      vertex 6.68469 1.4375 0
      vertex 6.75972 1.52028 0
    endloop
  endfacet
  facet normal 0 0 -1
    outer loop
      vertex 7.46683 0.813172 0
      vertex 6.75972 1.52028 0
      vertex 6.91606 1.66197 0
    endloop
  endfacet
  facet normal 0 0 -1
    outer loop
      vertex -6.68469 -1.4375 0
      vertex 6.68469 1.4375 0
      vertex 6.68469 -1.4375 0
    endloop
  endfacet
  facet normal 0 0 -1
    outer loop
      vertex -6.68469 -1.4375 0
      vertex -6.68469 1.4375 0
      vertex 6.68469 1.4375 0
    endloop
  endfacet
  facet normal 0 0 -1
    outer loop
      vertex -7.46683 -0.813172 0
      vertex -6.68469 -1.4375 0
      vertex -6.75972 -1.52028 0
    endloop
  endfacet
  facet normal 0 0 -1
    outer loop
      vertex -6.68469 -1.4375 0
      vertex -7.13 0 0
      vertex -6.68469 1.4375 0
    endloop
  endfacet
  facet normal 0 0 -1
    outer loop
      vertex -7.46683 -0.813172 0
      vertex -6.75972 -1.52028 0
      vertex -6.91606 -1.66197 0
    endloop
  endfacet
  facet normal 0 0 -1
    outer loop
      vertex -7.13554 0.11272 0
      vertex -6.68469 1.4375 0
      vertex -7.13 0 0
    endloop
  endfacet
  facet normal 0 0 -1
    outer loop
      vertex -7.55045 -0.888962 0
      vertex -6.91606 -1.66197 0
      vertex -7.08553 -1.78766 0
    endloop
  endfacet
  facet normal 0 0 -1
    outer loop
      vertex -7.1521 0.224354 0
      vertex -6.68469 1.4375 0
      vertex -7.13554 0.11272 0
    endloop
  endfacet
  facet normal 0 0 -1
    outer loop
      vertex -7.17952 0.333827 0
      vertex -6.68469 1.4375 0
      vertex -7.1521 0.224354 0
    endloop
  endfacet
  facet normal 0 0 -1
    outer loop
      vertex -6.68469 -1.4375 0
      vertex -7.13554 -0.11272 0
      vertex -7.13 0 0
    endloop
  endfacet
  facet normal 0 0 -1
    outer loop
      vertex -6.68469 -1.4375 0
      vertex -7.1521 -0.224354 0
      vertex -7.13554 -0.11272 0
    endloop
  endfacet
  facet normal 0 0 -1
    outer loop
      vertex -6.68469 -1.4375 0
      vertex -7.17952 -0.333827 0
      vertex -7.1521 -0.224354 0
    endloop
  endfacet
  facet normal 0 0 -1
    outer loop
      vertex -6.68469 -1.4375 0
      vertex -7.21754 -0.440085 0
      vertex -7.17952 -0.333827 0
    endloop
  endfacet
  facet normal 0 0 -1
    outer loop
      vertex -6.68469 -1.4375 0
      vertex -7.26579 -0.542106 0
      vertex -7.21754 -0.440085 0
    endloop
  endfacet
  facet normal 0 0 -1
    outer loop
      vertex -7.64109 -0.956189 0
      vertex -7.08553 -1.78766 0
      vertex -7.2665 -1.89613 0
    endloop
  endfacet
  facet normal 0 0 -1
    outer loop
      vertex -6.68469 -1.4375 0
      vertex -7.32381 -0.638906 0
      vertex -7.26579 -0.542106 0
    endloop
  endfacet
  facet normal 0 0 -1
    outer loop
      vertex -6.68469 -1.4375 0
      vertex -7.39104 -0.729552 0
      vertex -7.32381 -0.638906 0
    endloop
  endfacet
  facet normal 0 0 -1
    outer loop
      vertex -7.73789 -1.01421 0
      vertex -7.2665 -1.89613 0
      vertex -7.45723 -1.98634 0
    endloop
  endfacet
  facet normal 0 0 -1
    outer loop
      vertex -6.68469 -1.4375 0
      vertex -7.46683 -0.813172 0
      vertex -7.39104 -0.729552 0
    endloop
  endfacet
  facet normal 0 0 -1
    outer loop
      vertex -6.91606 -1.66197 0
      vertex -7.55045 -0.888962 0
      vertex -7.46683 -0.813172 0
    endloop
  endfacet
  facet normal 0 0 -1
    outer loop
      vertex -7.08553 -1.78766 0
      vertex -7.64109 -0.956189 0
      vertex -7.55045 -0.888962 0
    endloop
  endfacet
  facet normal 0 0 -1
    outer loop
      vertex -7.83991 -1.06246 0
      vertex -7.45723 -1.98634 0
      vertex -7.65589 -2.05742 0
    endloop
  endfacet
  facet normal 0 0 -1
    outer loop
      vertex -7.2665 -1.89613 0
      vertex -7.73789 -1.01421 0
      vertex -7.64109 -0.956189 0
    endloop
  endfacet
  facet normal 0 0 -1
    outer loop
      vertex -7.45723 -1.98634 0
      vertex -7.83991 -1.06246 0
      vertex -7.73789 -1.01421 0
    endloop
  endfacet
  facet normal 0 0 -1
    outer loop
      vertex -7.94617 -1.10048 0
      vertex -7.65589 -2.05742 0
      vertex -7.86056 -2.10869 0
    endloop
  endfacet
  facet normal 0 0 -1
    outer loop
      vertex -7.65589 -2.05742 0
      vertex -7.94617 -1.10048 0
      vertex -7.83991 -1.06246 0
    endloop
  endfacet
  facet normal 0 0 -1
    outer loop
      vertex -7.86056 -2.10869 0
      vertex -8.05565 -1.1279 0
      vertex -7.94617 -1.10048 0
    endloop
  endfacet
  facet normal 0 0 -1
    outer loop
      vertex -8.06926 -2.13965 0
      vertex -8.05565 -1.1279 0
      vertex -7.86056 -2.10869 0
    endloop
  endfacet
  facet normal 0 0 -1
    outer loop
      vertex -8.06926 -2.13965 0
      vertex -8.16728 -1.14446 0
      vertex -8.05565 -1.1279 0
    endloop
  endfacet
  facet normal 0 0 -1
    outer loop
      vertex -8.28 -2.15 0
      vertex -8.16728 -1.14446 0
      vertex -8.06926 -2.13965 0
    endloop
  endfacet
  facet normal 0 0 -1
    outer loop
      vertex -8.28 -2.15 0
      vertex -8.28 -1.15 0
      vertex -8.16728 -1.14446 0
    endloop
  endfacet
  facet normal 0 0 -1
    outer loop
      vertex -8.28 -2.15 0
      vertex -8.39272 -1.14446 0
      vertex -8.28 -1.15 0
    endloop
  endfacet
  facet normal 0 0 -1
    outer loop
      vertex -8.49074 -2.13965 0
      vertex -8.39272 -1.14446 0
      vertex -8.28 -2.15 0
    endloop
  endfacet
  facet normal 0 0 -1
    outer loop
      vertex -8.49074 -2.13965 0
      vertex -8.50435 -1.1279 0
      vertex -8.39272 -1.14446 0
    endloop
  endfacet
  facet normal 0 0 -1
    outer loop
      vertex -8.69944 -2.10869 0
      vertex -8.50435 -1.1279 0
      vertex -8.49074 -2.13965 0
    endloop
  endfacet
  facet normal -0 0 -1
    outer loop
      vertex -8.50435 -1.1279 0
      vertex -8.69944 -2.10869 0
      vertex -8.61383 -1.10048 0
    endloop
  endfacet
  facet normal 0 0 -1
    outer loop
      vertex -8.90411 -2.05742 0
      vertex -8.61383 -1.10048 0
      vertex -8.69944 -2.10869 0
    endloop
  endfacet
  facet normal -0 0 -1
    outer loop
      vertex -8.61383 -1.10048 0
      vertex -8.90411 -2.05742 0
      vertex -8.72009 -1.06246 0
    endloop
  endfacet
  facet normal 0 0 -1
    outer loop
      vertex -9.10277 -1.98634 0
      vertex -8.72009 -1.06246 0
      vertex -8.90411 -2.05742 0
    endloop
  endfacet
  facet normal -0 0 -1
    outer loop
      vertex -8.72009 -1.06246 0
      vertex -9.10277 -1.98634 0
      vertex -8.82211 -1.01421 0
    endloop
  endfacet
  facet normal 0 0 -1
    outer loop
      vertex -9.2935 -1.89613 0
      vertex -8.82211 -1.01421 0
      vertex -9.10277 -1.98634 0
    endloop
  endfacet
  facet normal -0 0 -1
    outer loop
      vertex -8.82211 -1.01421 0
      vertex -9.2935 -1.89613 0
      vertex -8.91891 -0.956189 0
    endloop
  endfacet
  facet normal 0 0 -1
    outer loop
      vertex -9.47447 -1.78766 0
      vertex -8.91891 -0.956189 0
      vertex -9.2935 -1.89613 0
    endloop
  endfacet
  facet normal -0 0 -1
    outer loop
      vertex -8.91891 -0.956189 0
      vertex -9.47447 -1.78766 0
      vertex -9.00955 -0.888962 0
    endloop
  endfacet
  facet normal 0 0 -1
    outer loop
      vertex -9.64394 -1.66197 0
      vertex -9.00955 -0.888962 0
      vertex -9.47447 -1.78766 0
    endloop
  endfacet
  facet normal -0 0 -1
    outer loop
      vertex -9.00955 -0.888962 0
      vertex -9.64394 -1.66197 0
      vertex -9.09317 -0.813172 0
    endloop
  endfacet
  facet normal 0 0 -1
    outer loop
      vertex -9.80028 -1.52028 0
      vertex -9.09317 -0.813172 0
      vertex -9.64394 -1.66197 0
    endloop
  endfacet
  facet normal 0 0 -1
    outer loop
      vertex -9.87531 -1.4375 0
      vertex -9.09317 -0.813172 0
      vertex -9.80028 -1.52028 0
    endloop
  endfacet
  facet normal -0 0 -1
    outer loop
      vertex -9.09317 -0.813172 0
      vertex -9.87531 -1.4375 0
      vertex -9.16896 -0.729552 0
    endloop
  endfacet
  facet normal -0 0 -1
    outer loop
      vertex -9.16896 -0.729552 0
      vertex -9.87531 -1.4375 0
      vertex -9.23619 -0.638906 0
    endloop
  endfacet
  facet normal -0 0 -1
    outer loop
      vertex -9.23619 -0.638906 0
      vertex -9.87531 -1.4375 0
      vertex -9.29421 -0.542106 0
    endloop
  endfacet
  facet normal -0 0 -1
    outer loop
      vertex -9.34246 -0.440085 0
      vertex -9.87531 -1.4375 0
      vertex -9.38048 -0.333827 0
    endloop
  endfacet
  facet normal -0 0 -1
    outer loop
      vertex -9.29421 -0.542106 0
      vertex -9.87531 -1.4375 0
      vertex -9.34246 -0.440085 0
    endloop
  endfacet
  facet normal -0.302517 0.639598 0.706681
    outer loop
      vertex -8.87543 1.4375 2.59406
      vertex -9.10277 1.98634 2
      vertex -9.02115 1.4375 2.53168
    endloop
  endfacet
  facet normal -0.103824 0.699875 0.70668
    outer loop
      vertex -8.49074 2.13965 2
      vertex -8.69944 2.10869 2
      vertex -8.58239 1.52022 2.6
    endloop
  endfacet
  facet normal 0.363772 0.606855 0.70668
    outer loop
      vertex -7.08553 1.78766 2
      vertex -7.47158 1.4375 2.49942
      vertex -7.31949 1.4375 2.42113
    endloop
  endfacet
  facet normal 0.103823 0.699875 0.70668
    outer loop
      vertex -8.06926 2.13965 2
      vertex -8.12807 1.54254 2.6
      vertex -7.97761 1.52022 2.6
    endloop
  endfacet
  facet normal 0.363749 -0.606874 0.706676
    outer loop
      vertex -7.47158 -1.4375 2.49942
      vertex -7.2665 -1.89613 2
      vertex -7.08553 -1.78766 2
    endloop
  endfacet
  facet normal 0.363746 -0.606875 0.706676
    outer loop
      vertex -7.2665 -1.89613 2
      vertex -7.47158 -1.4375 2.49942
      vertex -7.51164 -1.4375 2.52004
    endloop
  endfacet
  facet normal -0.363772 0.606855 0.70668
    outer loop
      vertex -9.08842 1.4375 2.49942
      vertex -9.47447 1.78766 2
      vertex -9.24051 1.4375 2.42113
    endloop
  endfacet
  facet normal -0.238356 -0.666177 0.706678
    outer loop
      vertex -8.72994 -1.48326 2.6
      vertex -9.10277 -1.98634 2
      vertex -8.90411 -2.05742 2
    endloop
  endfacet
  facet normal -0.0346991 -0.706681 0.706681
    outer loop
      vertex -8.28 -1.55 2.6
      vertex -8.43193 -1.54254 2.6
      vertex -8.28 -2.15 2
    endloop
  endfacet
  facet normal 0.302515 -0.639604 0.706676
    outer loop
      vertex -7.51164 -1.4375 2.52004
      vertex -7.45723 -1.98634 2
      vertex -7.2665 -1.89613 2
    endloop
  endfacet
  facet normal 0.30232 -0.639657 0.706712
    outer loop
      vertex -7.45723 -1.98634 2
      vertex -7.51164 -1.4375 2.52004
      vertex -7.53885 -1.4375 2.53168
    endloop
  endfacet
  facet normal -0.524242 0.475162 0.706677
    outer loop
      vertex -9.80028 1.52028 2
      vertex -9.87531 1.4375 2
      vertex -9.7175 1.4375 2.11707
    endloop
  endfacet
  facet normal -0.421481 -0.568295 0.706679
    outer loop
      vertex -9.34904 -1.4375 2.3564
      vertex -9.47447 -1.78766 2
      vertex -9.24051 -1.4375 2.42113
    endloop
  endfacet
  facet normal -0.363746 -0.606875 0.706676
    outer loop
      vertex -9.08842 -1.4375 2.49942
      vertex -9.2935 -1.89613 2
      vertex -9.04836 -1.4375 2.52004
    endloop
  endfacet
  facet normal -0.363749 -0.606874 0.706676
    outer loop
      vertex -9.2935 -1.89613 2
      vertex -9.08842 -1.4375 2.49942
      vertex -9.47447 -1.78766 2
    endloop
  endfacet
  facet normal 0.524242 -0.475162 0.706677
    outer loop
      vertex -6.68469 -1.4375 2
      vertex -6.8425 -1.4375 2.11707
      vertex -6.75972 -1.52028 2
    endloop
  endfacet
  facet normal 0.171926 -0.686328 0.706679
    outer loop
      vertex -7.65589 -2.05742 2
      vertex -7.97761 -1.52022 2.6
      vertex -7.86056 -2.10869 2
    endloop
  endfacet
  facet normal 0.238377 0.666166 0.706682
    outer loop
      vertex -7.83006 1.48326 2.6
      vertex -7.68457 1.4375 2.59406
      vertex -7.45723 1.98634 2
    endloop
  endfacet
  facet normal 0.238374 0.666155 0.706694
    outer loop
      vertex -7.68457 1.4375 2.59406
      vertex -7.83006 1.48326 2.6
      vertex -7.70218 1.4375 2.6
    endloop
  endfacet
  facet normal -0.238374 0.666155 0.706694
    outer loop
      vertex -8.72994 1.48326 2.6
      vertex -8.87543 1.4375 2.59406
      vertex -8.85782 1.4375 2.6
    endloop
  endfacet
  facet normal -0.238377 0.666166 0.706682
    outer loop
      vertex -8.87543 1.4375 2.59406
      vertex -8.72994 1.48326 2.6
      vertex -9.10277 1.98634 2
    endloop
  endfacet
  facet normal 0.42149 0.568302 0.706668
    outer loop
      vertex -7.08553 1.78766 2
      vertex -7.10027 1.4375 2.29039
      vertex -6.91606 1.66197 2
    endloop
  endfacet
  facet normal 0.421433 0.56832 0.706687
    outer loop
      vertex -7.10027 1.4375 2.29039
      vertex -7.08553 1.78766 2
      vertex -7.21096 1.4375 2.3564
    endloop
  endfacet
  facet normal -0.475129 0.524265 0.706681
    outer loop
      vertex -9.64394 1.66197 2
      vertex -9.7175 1.4375 2.11707
      vertex -9.53768 1.4375 2.23797
    endloop
  endfacet
  facet normal -0.475138 0.524265 0.706676
    outer loop
      vertex -9.7175 1.4375 2.11707
      vertex -9.64394 1.66197 2
      vertex -9.80028 1.52028 2
    endloop
  endfacet
  facet normal -0.475129 -0.524265 0.706681
    outer loop
      vertex -9.7175 -1.4375 2.11707
      vertex -9.64394 -1.66197 2
      vertex -9.53768 -1.4375 2.23797
    endloop
  endfacet
  facet normal -0.475138 -0.524265 0.706676
    outer loop
      vertex -9.64394 -1.66197 2
      vertex -9.7175 -1.4375 2.11707
      vertex -9.80028 -1.52028 2
    endloop
  endfacet
  facet normal 0.0346991 0.706681 0.706681
    outer loop
      vertex -8.28 2.15 2
      vertex -8.28 1.55 2.6
      vertex -8.12807 1.54254 2.6
    endloop
  endfacet
  facet normal 0.302517 0.639598 0.706681
    outer loop
      vertex -7.45723 1.98634 2
      vertex -7.68457 1.4375 2.59406
      vertex -7.53885 1.4375 2.53168
    endloop
  endfacet
  facet normal -0.103823 0.699875 0.70668
    outer loop
      vertex -8.49074 2.13965 2
      vertex -8.58239 1.52022 2.6
      vertex -8.43193 1.54254 2.6
    endloop
  endfacet
  facet normal 0.034707 -0.706682 0.70668
    outer loop
      vertex -8.12807 -1.54254 2.6
      vertex -8.28 -2.15 2
      vertex -8.06926 -2.13965 2
    endloop
  endfacet
  facet normal -0.421433 0.56832 0.706687
    outer loop
      vertex -9.47447 1.78766 2
      vertex -9.45973 1.4375 2.29039
      vertex -9.34904 1.4375 2.3564
    endloop
  endfacet
  facet normal -0.42149 0.568302 0.706668
    outer loop
      vertex -9.45973 1.4375 2.29039
      vertex -9.47447 1.78766 2
      vertex -9.64394 1.66197 2
    endloop
  endfacet
  facet normal -0.0346991 0.706681 0.706681
    outer loop
      vertex -8.28 2.15 2
      vertex -8.43193 1.54254 2.6
      vertex -8.28 1.55 2.6
    endloop
  endfacet
  facet normal -0.034707 0.706682 0.70668
    outer loop
      vertex -8.28 2.15 2
      vertex -8.49074 2.13965 2
      vertex -8.43193 1.54254 2.6
    endloop
  endfacet
  facet normal 0.103824 -0.699875 0.70668
    outer loop
      vertex -7.97761 -1.52022 2.6
      vertex -8.06926 -2.13965 2
      vertex -7.86056 -2.10869 2
    endloop
  endfacet
  facet normal -0.103823 -0.699875 0.70668
    outer loop
      vertex -8.43193 -1.54254 2.6
      vertex -8.58239 -1.52022 2.6
      vertex -8.49074 -2.13965 2
    endloop
  endfacet
  facet normal -0.421481 0.568295 0.706679
    outer loop
      vertex -9.24051 1.4375 2.42113
      vertex -9.47447 1.78766 2
      vertex -9.34904 1.4375 2.3564
    endloop
  endfacet
  facet normal 0.302517 -0.639598 0.706681
    outer loop
      vertex -7.53885 -1.4375 2.53168
      vertex -7.68457 -1.4375 2.59406
      vertex -7.45723 -1.98634 2
    endloop
  endfacet
  facet normal 0.034707 0.706682 0.70668
    outer loop
      vertex -8.06926 2.13965 2
      vertex -8.28 2.15 2
      vertex -8.12807 1.54254 2.6
    endloop
  endfacet
  facet normal -0.30232 0.639657 0.706712
    outer loop
      vertex -9.10277 1.98634 2
      vertex -9.04836 1.4375 2.52004
      vertex -9.02115 1.4375 2.53168
    endloop
  endfacet
  facet normal -0.302515 0.639604 0.706676
    outer loop
      vertex -9.04836 1.4375 2.52004
      vertex -9.10277 1.98634 2
      vertex -9.2935 1.89613 2
    endloop
  endfacet
  facet normal -0.238374 -0.666155 0.706694
    outer loop
      vertex -8.87543 -1.4375 2.59406
      vertex -8.72994 -1.48326 2.6
      vertex -8.85782 -1.4375 2.6
    endloop
  endfacet
  facet normal -0.238377 -0.666166 0.706682
    outer loop
      vertex -8.72994 -1.48326 2.6
      vertex -8.87543 -1.4375 2.59406
      vertex -9.10277 -1.98634 2
    endloop
  endfacet
  facet normal -0.524242 -0.475162 0.706677
    outer loop
      vertex -9.7175 -1.4375 2.11707
      vertex -9.87531 -1.4375 2
      vertex -9.80028 -1.52028 2
    endloop
  endfacet
  facet normal 0.475138 -0.524265 0.706676
    outer loop
      vertex -6.8425 -1.4375 2.11707
      vertex -6.91606 -1.66197 2
      vertex -6.75972 -1.52028 2
    endloop
  endfacet
  facet normal 0.475129 -0.524265 0.706681
    outer loop
      vertex -6.91606 -1.66197 2
      vertex -6.8425 -1.4375 2.11707
      vertex -7.02232 -1.4375 2.23797
    endloop
  endfacet
  facet normal 0.238374 -0.666155 0.706694
    outer loop
      vertex -7.83006 -1.48326 2.6
      vertex -7.68457 -1.4375 2.59406
      vertex -7.70218 -1.4375 2.6
    endloop
  endfacet
  facet normal 0.238377 -0.666166 0.706682
    outer loop
      vertex -7.68457 -1.4375 2.59406
      vertex -7.83006 -1.48326 2.6
      vertex -7.45723 -1.98634 2
    endloop
  endfacet
  facet normal 0.17192 -0.686331 0.706678
    outer loop
      vertex -7.83006 -1.48326 2.6
      vertex -7.97761 -1.52022 2.6
      vertex -7.65589 -2.05742 2
    endloop
  endfacet
  facet normal -0.363746 0.606875 0.706676
    outer loop
      vertex -9.2935 1.89613 2
      vertex -9.08842 1.4375 2.49942
      vertex -9.04836 1.4375 2.52004
    endloop
  endfacet
  facet normal -0.363749 0.606874 0.706676
    outer loop
      vertex -9.08842 1.4375 2.49942
      vertex -9.2935 1.89613 2
      vertex -9.47447 1.78766 2
    endloop
  endfacet
  facet normal 0.47522 -0.524205 0.706665
    outer loop
      vertex -7.02232 -1.4375 2.23797
      vertex -7.10027 -1.4375 2.29039
      vertex -6.91606 -1.66197 2
    endloop
  endfacet
  facet normal -0.171926 -0.686328 0.706679
    outer loop
      vertex -8.58239 -1.52022 2.6
      vertex -8.90411 -2.05742 2
      vertex -8.69944 -2.10869 2
    endloop
  endfacet
  facet normal -0.30232 -0.639657 0.706712
    outer loop
      vertex -9.04836 -1.4375 2.52004
      vertex -9.10277 -1.98634 2
      vertex -9.02115 -1.4375 2.53168
    endloop
  endfacet
  facet normal -0.302515 -0.639604 0.706676
    outer loop
      vertex -9.10277 -1.98634 2
      vertex -9.04836 -1.4375 2.52004
      vertex -9.2935 -1.89613 2
    endloop
  endfacet
  facet normal -0.363772 -0.606855 0.70668
    outer loop
      vertex -9.24051 -1.4375 2.42113
      vertex -9.47447 -1.78766 2
      vertex -9.08842 -1.4375 2.49942
    endloop
  endfacet
  facet normal 0.363749 0.606874 0.706676
    outer loop
      vertex -7.2665 1.89613 2
      vertex -7.47158 1.4375 2.49942
      vertex -7.08553 1.78766 2
    endloop
  endfacet
  facet normal 0.363746 0.606875 0.706676
    outer loop
      vertex -7.47158 1.4375 2.49942
      vertex -7.2665 1.89613 2
      vertex -7.51164 1.4375 2.52004
    endloop
  endfacet
  facet normal -0.171926 0.686328 0.706679
    outer loop
      vertex -8.69944 2.10869 2
      vertex -8.90411 2.05742 2
      vertex -8.58239 1.52022 2.6
    endloop
  endfacet
  facet normal 0.238356 -0.666177 0.706678
    outer loop
      vertex -7.45723 -1.98634 2
      vertex -7.83006 -1.48326 2.6
      vertex -7.65589 -2.05742 2
    endloop
  endfacet
  facet normal 0.363772 -0.606855 0.70668
    outer loop
      vertex -7.31949 -1.4375 2.42113
      vertex -7.47158 -1.4375 2.49942
      vertex -7.08553 -1.78766 2
    endloop
  endfacet
  facet normal 0.302515 0.639604 0.706676
    outer loop
      vertex -7.45723 1.98634 2
      vertex -7.51164 1.4375 2.52004
      vertex -7.2665 1.89613 2
    endloop
  endfacet
  facet normal 0.30232 0.639657 0.706712
    outer loop
      vertex -7.51164 1.4375 2.52004
      vertex -7.45723 1.98634 2
      vertex -7.53885 1.4375 2.53168
    endloop
  endfacet
  facet normal 0.103824 0.699875 0.70668
    outer loop
      vertex -7.86056 2.10869 2
      vertex -8.06926 2.13965 2
      vertex -7.97761 1.52022 2.6
    endloop
  endfacet
  facet normal 0.171926 0.686328 0.706679
    outer loop
      vertex -7.86056 2.10869 2
      vertex -7.97761 1.52022 2.6
      vertex -7.65589 2.05742 2
    endloop
  endfacet
  facet normal -0.47522 -0.524205 0.706665
    outer loop
      vertex -9.53768 -1.4375 2.23797
      vertex -9.64394 -1.66197 2
      vertex -9.45973 -1.4375 2.29039
    endloop
  endfacet
  facet normal -0.17192 0.686331 0.706678
    outer loop
      vertex -8.58239 1.52022 2.6
      vertex -8.90411 2.05742 2
      vertex -8.72994 1.48326 2.6
    endloop
  endfacet
  facet normal -0.238356 0.666177 0.706678
    outer loop
      vertex -8.90411 2.05742 2
      vertex -9.10277 1.98634 2
      vertex -8.72994 1.48326 2.6
    endloop
  endfacet
  facet normal 0.475138 0.524265 0.706676
    outer loop
      vertex -6.91606 1.66197 2
      vertex -6.8425 1.4375 2.11707
      vertex -6.75972 1.52028 2
    endloop
  endfacet
  facet normal 0.475129 0.524265 0.706681
    outer loop
      vertex -6.8425 1.4375 2.11707
      vertex -6.91606 1.66197 2
      vertex -7.02232 1.4375 2.23797
    endloop
  endfacet
  facet normal 0.47522 0.524205 0.706665
    outer loop
      vertex -6.91606 1.66197 2
      vertex -7.10027 1.4375 2.29039
      vertex -7.02232 1.4375 2.23797
    endloop
  endfacet
  facet normal 0.524242 0.475162 0.706677
    outer loop
      vertex -6.75972 1.52028 2
      vertex -6.8425 1.4375 2.11707
      vertex -6.68469 1.4375 2
    endloop
  endfacet
  facet normal 0.238356 0.666177 0.706678
    outer loop
      vertex -7.65589 2.05742 2
      vertex -7.83006 1.48326 2.6
      vertex -7.45723 1.98634 2
    endloop
  endfacet
  facet normal 0.17192 0.686331 0.706678
    outer loop
      vertex -7.65589 2.05742 2
      vertex -7.97761 1.52022 2.6
      vertex -7.83006 1.48326 2.6
    endloop
  endfacet
  facet normal -0.17192 -0.686331 0.706678
    outer loop
      vertex -8.72994 -1.48326 2.6
      vertex -8.90411 -2.05742 2
      vertex -8.58239 -1.52022 2.6
    endloop
  endfacet
  facet normal -0.47522 0.524205 0.706665
    outer loop
      vertex -9.45973 1.4375 2.29039
      vertex -9.64394 1.66197 2
      vertex -9.53768 1.4375 2.23797
    endloop
  endfacet
  facet normal 0 0 1
    outer loop
      vertex -7.70218 -1.4375 2.6
      vertex -7.97761 -1.52022 2.6
      vertex -7.83006 -1.48326 2.6
    endloop
  endfacet
  facet normal 0 0 1
    outer loop
      vertex -7.70218 -1.4375 2.6
      vertex -8.12807 -1.54254 2.6
      vertex -7.97761 -1.52022 2.6
    endloop
  endfacet
  facet normal 0 0 1
    outer loop
      vertex -7.70218 -1.4375 2.6
      vertex -8.28 -1.55 2.6
      vertex -8.12807 -1.54254 2.6
    endloop
  endfacet
  facet normal 0 0 1
    outer loop
      vertex -7.70218 -1.4375 2.6
      vertex -8.43193 -1.54254 2.6
      vertex -8.28 -1.55 2.6
    endloop
  endfacet
  facet normal 0 0 1
    outer loop
      vertex -7.70218 -1.4375 2.6
      vertex -8.58239 -1.52022 2.6
      vertex -8.43193 -1.54254 2.6
    endloop
  endfacet
  facet normal 0 0 1
    outer loop
      vertex -7.70218 -1.4375 2.6
      vertex -8.72994 -1.48326 2.6
      vertex -8.58239 -1.52022 2.6
    endloop
  endfacet
  facet normal 0 -0 1
    outer loop
      vertex -8.72994 -1.48326 2.6
      vertex -7.70218 -1.4375 2.6
      vertex -8.85782 -1.4375 2.6
    endloop
  endfacet
  facet normal 0 0 1
    outer loop
      vertex -7.97761 1.52022 2.6
      vertex -7.70218 1.4375 2.6
      vertex -7.83006 1.48326 2.6
    endloop
  endfacet
  facet normal 0 0 1
    outer loop
      vertex -8.12807 1.54254 2.6
      vertex -7.70218 1.4375 2.6
      vertex -7.97761 1.52022 2.6
    endloop
  endfacet
  facet normal 0 0 1
    outer loop
      vertex -8.28 1.55 2.6
      vertex -7.70218 1.4375 2.6
      vertex -8.12807 1.54254 2.6
    endloop
  endfacet
  facet normal -0 0 1
    outer loop
      vertex -8.43193 1.54254 2.6
      vertex -7.70218 1.4375 2.6
      vertex -8.28 1.55 2.6
    endloop
  endfacet
  facet normal -0 0 1
    outer loop
      vertex -8.58239 1.52022 2.6
      vertex -7.70218 1.4375 2.6
      vertex -8.43193 1.54254 2.6
    endloop
  endfacet
  facet normal -0 0 1
    outer loop
      vertex -8.72994 1.48326 2.6
      vertex -7.70218 1.4375 2.6
      vertex -8.58239 1.52022 2.6
    endloop
  endfacet
  facet normal 0 0 1
    outer loop
      vertex -7.70218 1.4375 2.6
      vertex -8.72994 1.48326 2.6
      vertex -8.85782 1.4375 2.6
    endloop
  endfacet
  facet normal 0.103823 -0.699875 0.70668
    outer loop
      vertex -7.97761 -1.52022 2.6
      vertex -8.12807 -1.54254 2.6
      vertex -8.06926 -2.13965 2
    endloop
  endfacet
  facet normal 0.0346991 -0.706681 0.706681
    outer loop
      vertex -8.28 -1.55 2.6
      vertex -8.28 -2.15 2
      vertex -8.12807 -1.54254 2.6
    endloop
  endfacet
  facet normal -0.103824 -0.699875 0.70668
    outer loop
      vertex -8.58239 -1.52022 2.6
      vertex -8.69944 -2.10869 2
      vertex -8.49074 -2.13965 2
    endloop
  endfacet
  facet normal 0.421481 0.568295 0.706679
    outer loop
      vertex -7.08553 1.78766 2
      vertex -7.31949 1.4375 2.42113
      vertex -7.21096 1.4375 2.3564
    endloop
  endfacet
  facet normal -0.034707 -0.706682 0.70668
    outer loop
      vertex -8.43193 -1.54254 2.6
      vertex -8.49074 -2.13965 2
      vertex -8.28 -2.15 2
    endloop
  endfacet
  facet normal -0.302517 -0.639598 0.706681
    outer loop
      vertex -9.02115 -1.4375 2.53168
      vertex -9.10277 -1.98634 2
      vertex -8.87543 -1.4375 2.59406
    endloop
  endfacet
  facet normal 0.421481 -0.568295 0.706679
    outer loop
      vertex -7.21096 -1.4375 2.3564
      vertex -7.31949 -1.4375 2.42113
      vertex -7.08553 -1.78766 2
    endloop
  endfacet
  facet normal 0.42149 -0.568302 0.706668
    outer loop
      vertex -7.10027 -1.4375 2.29039
      vertex -7.08553 -1.78766 2
      vertex -6.91606 -1.66197 2
    endloop
  endfacet
  facet normal 0.421433 -0.56832 0.706687
    outer loop
      vertex -7.08553 -1.78766 2
      vertex -7.10027 -1.4375 2.29039
      vertex -7.21096 -1.4375 2.3564
    endloop
  endfacet
  facet normal -0.421433 -0.56832 0.706687
    outer loop
      vertex -9.45973 -1.4375 2.29039
      vertex -9.47447 -1.78766 2
      vertex -9.34904 -1.4375 2.3564
    endloop
  endfacet
  facet normal -0.42149 -0.568302 0.706668
    outer loop
      vertex -9.47447 -1.78766 2
      vertex -9.45973 -1.4375 2.29039
      vertex -9.64394 -1.66197 2
    endloop
  endfacet
  facet normal 0.427561 -0.903987 0
    outer loop
      vertex 9.10277 -1.98634 0
      vertex 9.2935 -1.89613 2
      vertex 9.10277 -1.98634 2
    endloop
  endfacet
  facet normal 0.427561 -0.903987 0
    outer loop
      vertex 9.2935 -1.89613 2
      vertex 9.10277 -1.98634 0
      vertex 9.2935 -1.89613 0
    endloop
  endfacet
  facet normal -0.595707 0.803202 0
    outer loop
      vertex 7.08553 1.78766 0
      vertex 6.91606 1.66197 2
      vertex 7.08553 1.78766 2
    endloop
  endfacet
  facet normal -0.595707 0.803202 0
    outer loop
      vertex 6.91606 1.66197 2
      vertex 7.08553 1.78766 0
      vertex 6.91606 1.66197 0
    endloop
  endfacet
  facet normal 0.514105 -0.857727 0
    outer loop
      vertex 9.2935 -1.89613 0
      vertex 9.47447 -1.78766 2
      vertex 9.2935 -1.89613 2
    endloop
  endfacet
  facet normal 0.514105 -0.857727 0
    outer loop
      vertex 9.47447 -1.78766 2
      vertex 9.2935 -1.89613 0
      vertex 9.47447 -1.78766 0
    endloop
  endfacet
  facet normal 0.242993 -0.970028 0
    outer loop
      vertex 8.69944 -2.10869 0
      vertex 8.90411 -2.05742 2
      vertex 8.69944 -2.10869 2
    endloop
  endfacet
  facet normal 0.242993 -0.970028 0
    outer loop
      vertex 8.90411 -2.05742 2
      vertex 8.69944 -2.10869 0
      vertex 8.90411 -2.05742 0
    endloop
  endfacet
  facet normal 0.0490535 0.998796 -0
    outer loop
      vertex 8.49074 2.13965 0
      vertex 8.28 2.15 2
      vertex 8.49074 2.13965 2
    endloop
  endfacet
  facet normal 0.0490535 0.998796 0
    outer loop
      vertex 8.28 2.15 2
      vertex 8.49074 2.13965 0
      vertex 8.28 2.15 0
    endloop
  endfacet
  facet normal 0.146741 0.989175 -0
    outer loop
      vertex 8.69944 2.10869 0
      vertex 8.49074 2.13965 2
      vertex 8.69944 2.10869 2
    endloop
  endfacet
  facet normal 0.146741 0.989175 0
    outer loop
      vertex 8.49074 2.13965 2
      vertex 8.69944 2.10869 0
      vertex 8.49074 2.13965 0
    endloop
  endfacet
  facet normal 0.427561 0.903987 -0
    outer loop
      vertex 9.2935 1.89613 0
      vertex 9.10277 1.98634 2
      vertex 9.2935 1.89613 2
    endloop
  endfacet
  facet normal 0.427561 0.903987 0
    outer loop
      vertex 9.10277 1.98634 2
      vertex 9.2935 1.89613 0
      vertex 9.10277 1.98634 0
    endloop
  endfacet
  facet normal 0.146741 -0.989175 0
    outer loop
      vertex 8.49074 -2.13965 0
      vertex 8.69944 -2.10869 2
      vertex 8.49074 -2.13965 2
    endloop
  endfacet
  facet normal 0.146741 -0.989175 0
    outer loop
      vertex 8.69944 -2.10869 2
      vertex 8.49074 -2.13965 0
      vertex 8.69944 -2.10869 0
    endloop
  endfacet
  facet normal -0.74094 -0.671572 0
    outer loop
      vertex 6.75972 -1.52028 0
      vertex 6.68469 -1.4375 2
      vertex 6.68469 -1.4375 0
    endloop
  endfacet
  facet normal -0.74094 -0.671572 0
    outer loop
      vertex 6.68469 -1.4375 2
      vertex 6.75972 -1.52028 0
      vertex 6.75972 -1.52028 2
    endloop
  endfacet
  facet normal -0.514105 0.857727 0
    outer loop
      vertex 7.2665 1.89613 0
      vertex 7.08553 1.78766 2
      vertex 7.2665 1.89613 2
    endloop
  endfacet
  facet normal -0.514105 0.857727 0
    outer loop
      vertex 7.08553 1.78766 2
      vertex 7.2665 1.89613 0
      vertex 7.08553 1.78766 0
    endloop
  endfacet
  facet normal -0.146741 -0.989175 0
    outer loop
      vertex 7.86056 -2.10869 0
      vertex 8.06926 -2.13965 2
      vertex 7.86056 -2.10869 2
    endloop
  endfacet
  facet normal -0.146741 -0.989175 -0
    outer loop
      vertex 8.06926 -2.13965 2
      vertex 7.86056 -2.10869 0
      vertex 8.06926 -2.13965 0
    endloop
  endfacet
  facet normal 0.595707 -0.803202 0
    outer loop
      vertex 9.47447 -1.78766 0
      vertex 9.64394 -1.66197 2
      vertex 9.47447 -1.78766 2
    endloop
  endfacet
  facet normal 0.595707 -0.803202 0
    outer loop
      vertex 9.64394 -1.66197 2
      vertex 9.47447 -1.78766 0
      vertex 9.64394 -1.66197 0
    endloop
  endfacet
  facet normal -0.0490535 -0.998796 0
    outer loop
      vertex 8.06926 -2.13965 0
      vertex 8.28 -2.15 2
      vertex 8.06926 -2.13965 2
    endloop
  endfacet
  facet normal -0.0490535 -0.998796 -0
    outer loop
      vertex 8.28 -2.15 2
      vertex 8.06926 -2.13965 0
      vertex 8.28 -2.15 0
    endloop
  endfacet
  facet normal 0.595707 0.803202 -0
    outer loop
      vertex 9.64394 1.66197 0
      vertex 9.47447 1.78766 2
      vertex 9.64394 1.66197 2
    endloop
  endfacet
  facet normal 0.595707 0.803202 0
    outer loop
      vertex 9.47447 1.78766 2
      vertex 9.64394 1.66197 0
      vertex 9.47447 1.78766 0
    endloop
  endfacet
  facet normal -0.146741 0.989175 0
    outer loop
      vertex 8.06926 2.13965 0
      vertex 7.86056 2.10869 2
      vertex 8.06926 2.13965 2
    endloop
  endfacet
  facet normal -0.146741 0.989175 0
    outer loop
      vertex 7.86056 2.10869 2
      vertex 8.06926 2.13965 0
      vertex 7.86056 2.10869 0
    endloop
  endfacet
  facet normal 0.514105 0.857727 -0
    outer loop
      vertex 9.47447 1.78766 0
      vertex 9.2935 1.89613 2
      vertex 9.47447 1.78766 2
    endloop
  endfacet
  facet normal 0.514105 0.857727 0
    outer loop
      vertex 9.2935 1.89613 2
      vertex 9.47447 1.78766 0
      vertex 9.2935 1.89613 0
    endloop
  endfacet
  facet normal 0.74094 0.671572 0
    outer loop
      vertex 9.87531 1.4375 2
      vertex 9.80028 1.52028 0
      vertex 9.80028 1.52028 2
    endloop
  endfacet
  facet normal 0.74094 0.671572 0
    outer loop
      vertex 9.80028 1.52028 0
      vertex 9.87531 1.4375 2
      vertex 9.87531 1.4375 0
    endloop
  endfacet
  facet normal -0.0490535 0.998796 0
    outer loop
      vertex 8.28 2.15 0
      vertex 8.06926 2.13965 2
      vertex 8.28 2.15 2
    endloop
  endfacet
  facet normal -0.0490535 0.998796 0
    outer loop
      vertex 8.06926 2.13965 2
      vertex 8.28 2.15 0
      vertex 8.06926 2.13965 0
    endloop
  endfacet
  facet normal -0.74094 0.671572 0
    outer loop
      vertex 6.68469 1.4375 0
      vertex 6.75972 1.52028 2
      vertex 6.75972 1.52028 0
    endloop
  endfacet
  facet normal -0.74094 0.671572 0
    outer loop
      vertex 6.75972 1.52028 2
      vertex 6.68469 1.4375 0
      vertex 6.68469 1.4375 2
    endloop
  endfacet
  facet normal -0.671537 -0.740971 0
    outer loop
      vertex 6.75972 -1.52028 0
      vertex 6.91606 -1.66197 2
      vertex 6.75972 -1.52028 2
    endloop
  endfacet
  facet normal -0.671537 -0.740971 -0
    outer loop
      vertex 6.91606 -1.66197 2
      vertex 6.75972 -1.52028 0
      vertex 6.91606 -1.66197 0
    endloop
  endfacet
  facet normal 0.0490535 -0.998796 0
    outer loop
      vertex 8.28 -2.15 0
      vertex 8.49074 -2.13965 2
      vertex 8.28 -2.15 2
    endloop
  endfacet
  facet normal 0.0490535 -0.998796 0
    outer loop
      vertex 8.49074 -2.13965 2
      vertex 8.28 -2.15 0
      vertex 8.49074 -2.13965 0
    endloop
  endfacet
  facet normal -0.242993 0.970028 0
    outer loop
      vertex 7.86056 2.10869 0
      vertex 7.65589 2.05742 2
      vertex 7.86056 2.10869 2
    endloop
  endfacet
  facet normal -0.242993 0.970028 0
    outer loop
      vertex 7.65589 2.05742 2
      vertex 7.86056 2.10869 0
      vertex 7.65589 2.05742 0
    endloop
  endfacet
  facet normal 0.336883 -0.941547 0
    outer loop
      vertex 8.90411 -2.05742 0
      vertex 9.10277 -1.98634 2
      vertex 8.90411 -2.05742 2
    endloop
  endfacet
  facet normal 0.336883 -0.941547 0
    outer loop
      vertex 9.10277 -1.98634 2
      vertex 8.90411 -2.05742 0
      vertex 9.10277 -1.98634 0
    endloop
  endfacet
  facet normal -0.427561 0.903987 0
    outer loop
      vertex 7.45723 1.98634 0
      vertex 7.2665 1.89613 2
      vertex 7.45723 1.98634 2
    endloop
  endfacet
  facet normal -0.427561 0.903987 0
    outer loop
      vertex 7.2665 1.89613 2
      vertex 7.45723 1.98634 0
      vertex 7.2665 1.89613 0
    endloop
  endfacet
  facet normal -0.671537 0.740971 0
    outer loop
      vertex 6.91606 1.66197 0
      vertex 6.75972 1.52028 2
      vertex 6.91606 1.66197 2
    endloop
  endfacet
  facet normal -0.671537 0.740971 0
    outer loop
      vertex 6.75972 1.52028 2
      vertex 6.91606 1.66197 0
      vertex 6.75972 1.52028 0
    endloop
  endfacet
  facet normal 0.336883 0.941547 -0
    outer loop
      vertex 9.10277 1.98634 0
      vertex 8.90411 2.05742 2
      vertex 9.10277 1.98634 2
    endloop
  endfacet
  facet normal 0.336883 0.941547 0
    outer loop
      vertex 8.90411 2.05742 2
      vertex 9.10277 1.98634 0
      vertex 8.90411 2.05742 0
    endloop
  endfacet
  facet normal -0.336883 0.941547 0
    outer loop
      vertex 7.65589 2.05742 0
      vertex 7.45723 1.98634 2
      vertex 7.65589 2.05742 2
    endloop
  endfacet
  facet normal -0.336883 0.941547 0
    outer loop
      vertex 7.45723 1.98634 2
      vertex 7.65589 2.05742 0
      vertex 7.45723 1.98634 0
    endloop
  endfacet
  facet normal -0.514105 -0.857727 0
    outer loop
      vertex 7.08553 -1.78766 0
      vertex 7.2665 -1.89613 2
      vertex 7.08553 -1.78766 2
    endloop
  endfacet
  facet normal -0.514105 -0.857727 -0
    outer loop
      vertex 7.2665 -1.89613 2
      vertex 7.08553 -1.78766 0
      vertex 7.2665 -1.89613 0
    endloop
  endfacet
  facet normal 0.671537 0.740971 -0
    outer loop
      vertex 9.80028 1.52028 0
      vertex 9.64394 1.66197 2
      vertex 9.80028 1.52028 2
    endloop
  endfacet
  facet normal 0.671537 0.740971 0
    outer loop
      vertex 9.64394 1.66197 2
      vertex 9.80028 1.52028 0
      vertex 9.64394 1.66197 0
    endloop
  endfacet
  facet normal 0.242993 0.970028 -0
    outer loop
      vertex 8.90411 2.05742 0
      vertex 8.69944 2.10869 2
      vertex 8.90411 2.05742 2
    endloop
  endfacet
  facet normal 0.242993 0.970028 0
    outer loop
      vertex 8.69944 2.10869 2
      vertex 8.90411 2.05742 0
      vertex 8.69944 2.10869 0
    endloop
  endfacet
  facet normal -0.427561 -0.903987 0
    outer loop
      vertex 7.2665 -1.89613 0
      vertex 7.45723 -1.98634 2
      vertex 7.2665 -1.89613 2
    endloop
  endfacet
  facet normal -0.427561 -0.903987 -0
    outer loop
      vertex 7.45723 -1.98634 2
      vertex 7.2665 -1.89613 0
      vertex 7.45723 -1.98634 0
    endloop
  endfacet
  facet normal -0.242993 -0.970028 0
    outer loop
      vertex 7.65589 -2.05742 0
      vertex 7.86056 -2.10869 2
      vertex 7.65589 -2.05742 2
    endloop
  endfacet
  facet normal -0.242993 -0.970028 -0
    outer loop
      vertex 7.86056 -2.10869 2
      vertex 7.65589 -2.05742 0
      vertex 7.86056 -2.10869 0
    endloop
  endfacet
  facet normal -0.595707 -0.803202 0
    outer loop
      vertex 6.91606 -1.66197 0
      vertex 7.08553 -1.78766 2
      vertex 6.91606 -1.66197 2
    endloop
  endfacet
  facet normal -0.595707 -0.803202 -0
    outer loop
      vertex 7.08553 -1.78766 2
      vertex 6.91606 -1.66197 0
      vertex 7.08553 -1.78766 0
    endloop
  endfacet
  facet normal -0.336883 -0.941547 0
    outer loop
      vertex 7.45723 -1.98634 0
      vertex 7.65589 -2.05742 2
      vertex 7.45723 -1.98634 2
    endloop
  endfacet
  facet normal -0.336883 -0.941547 -0
    outer loop
      vertex 7.65589 -2.05742 2
      vertex 7.45723 -1.98634 0
      vertex 7.65589 -2.05742 0
    endloop
  endfacet
  facet normal 0.74094 -0.671572 0
    outer loop
      vertex 9.80028 -1.52028 2
      vertex 9.87531 -1.4375 0
      vertex 9.87531 -1.4375 2
    endloop
  endfacet
  facet normal 0.74094 -0.671572 0
    outer loop
      vertex 9.87531 -1.4375 0
      vertex 9.80028 -1.52028 2
      vertex 9.80028 -1.52028 0
    endloop
  endfacet
  facet normal 0.671537 -0.740971 0
    outer loop
      vertex 9.64394 -1.66197 0
      vertex 9.80028 -1.52028 2
      vertex 9.64394 -1.66197 2
    endloop
  endfacet
  facet normal 0.671537 -0.740971 0
    outer loop
      vertex 9.80028 -1.52028 2
      vertex 9.64394 -1.66197 0
      vertex 9.80028 -1.52028 0
    endloop
  endfacet
  facet normal -0.302517 0.639598 0.706681
    outer loop
      vertex 7.68457 1.4375 2.59406
      vertex 7.45723 1.98634 2
      vertex 7.53885 1.4375 2.53168
    endloop
  endfacet
  facet normal -0.103824 0.699875 0.70668
    outer loop
      vertex 8.06926 2.13965 2
      vertex 7.86056 2.10869 2
      vertex 7.97761 1.52022 2.6
    endloop
  endfacet
  facet normal 0.363772 0.606855 0.70668
    outer loop
      vertex 9.47447 1.78766 2
      vertex 9.08842 1.4375 2.49942
      vertex 9.24051 1.4375 2.42113
    endloop
  endfacet
  facet normal 0.103823 0.699875 0.70668
    outer loop
      vertex 8.49074 2.13965 2
      vertex 8.43193 1.54254 2.6
      vertex 8.58239 1.52022 2.6
    endloop
  endfacet
  facet normal 0.363749 -0.606874 0.706676
    outer loop
      vertex 9.08842 -1.4375 2.49942
      vertex 9.2935 -1.89613 2
      vertex 9.47447 -1.78766 2
    endloop
  endfacet
  facet normal 0.363746 -0.606875 0.706676
    outer loop
      vertex 9.2935 -1.89613 2
      vertex 9.08842 -1.4375 2.49942
      vertex 9.04836 -1.4375 2.52004
    endloop
  endfacet
  facet normal -0.363772 0.606855 0.70668
    outer loop
      vertex 7.47158 1.4375 2.49942
      vertex 7.08553 1.78766 2
      vertex 7.31949 1.4375 2.42113
    endloop
  endfacet
  facet normal -0.238356 -0.666177 0.706678
    outer loop
      vertex 7.83006 -1.48326 2.6
      vertex 7.45723 -1.98634 2
      vertex 7.65589 -2.05742 2
    endloop
  endfacet
  facet normal -0.0346991 -0.706681 0.706681
    outer loop
      vertex 8.28 -1.55 2.6
      vertex 8.12807 -1.54254 2.6
      vertex 8.28 -2.15 2
    endloop
  endfacet
  facet normal 0.302515 -0.639604 0.706676
    outer loop
      vertex 9.04836 -1.4375 2.52004
      vertex 9.10277 -1.98634 2
      vertex 9.2935 -1.89613 2
    endloop
  endfacet
  facet normal 0.30232 -0.639657 0.706712
    outer loop
      vertex 9.10277 -1.98634 2
      vertex 9.04836 -1.4375 2.52004
      vertex 9.02115 -1.4375 2.53168
    endloop
  endfacet
  facet normal -0.524242 0.475162 0.706677
    outer loop
      vertex 6.75972 1.52028 2
      vertex 6.68469 1.4375 2
      vertex 6.8425 1.4375 2.11707
    endloop
  endfacet
  facet normal -0.421481 -0.568295 0.706679
    outer loop
      vertex 7.21096 -1.4375 2.3564
      vertex 7.08553 -1.78766 2
      vertex 7.31949 -1.4375 2.42113
    endloop
  endfacet
  facet normal -0.363746 -0.606875 0.706676
    outer loop
      vertex 7.47158 -1.4375 2.49942
      vertex 7.2665 -1.89613 2
      vertex 7.51164 -1.4375 2.52004
    endloop
  endfacet
  facet normal -0.363749 -0.606874 0.706676
    outer loop
      vertex 7.2665 -1.89613 2
      vertex 7.47158 -1.4375 2.49942
      vertex 7.08553 -1.78766 2
    endloop
  endfacet
  facet normal 0.524242 -0.475162 0.706677
    outer loop
      vertex 9.87531 -1.4375 2
      vertex 9.7175 -1.4375 2.11707
      vertex 9.80028 -1.52028 2
    endloop
  endfacet
  facet normal 0.171926 -0.686328 0.706679
    outer loop
      vertex 8.90411 -2.05742 2
      vertex 8.58239 -1.52022 2.6
      vertex 8.69944 -2.10869 2
    endloop
  endfacet
  facet normal 0.238377 0.666166 0.706682
    outer loop
      vertex 8.72994 1.48326 2.6
      vertex 8.87543 1.4375 2.59406
      vertex 9.10277 1.98634 2
    endloop
  endfacet
  facet normal 0.238374 0.666155 0.706694
    outer loop
      vertex 8.87543 1.4375 2.59406
      vertex 8.72994 1.48326 2.6
      vertex 8.85782 1.4375 2.6
    endloop
  endfacet
  facet normal -0.238374 0.666155 0.706694
    outer loop
      vertex 7.83006 1.48326 2.6
      vertex 7.68457 1.4375 2.59406
      vertex 7.70218 1.4375 2.6
    endloop
  endfacet
  facet normal -0.238377 0.666166 0.706682
    outer loop
      vertex 7.68457 1.4375 2.59406
      vertex 7.83006 1.48326 2.6
      vertex 7.45723 1.98634 2
    endloop
  endfacet
  facet normal 0.42149 0.568302 0.706668
    outer loop
      vertex 9.47447 1.78766 2
      vertex 9.45973 1.4375 2.29039
      vertex 9.64394 1.66197 2
    endloop
  endfacet
  facet normal 0.421433 0.56832 0.706687
    outer loop
      vertex 9.45973 1.4375 2.29039
      vertex 9.47447 1.78766 2
      vertex 9.34904 1.4375 2.3564
    endloop
  endfacet
  facet normal -0.475129 0.524265 0.706681
    outer loop
      vertex 6.91606 1.66197 2
      vertex 6.8425 1.4375 2.11707
      vertex 7.02232 1.4375 2.23797
    endloop
  endfacet
  facet normal -0.475138 0.524265 0.706676
    outer loop
      vertex 6.8425 1.4375 2.11707
      vertex 6.91606 1.66197 2
      vertex 6.75972 1.52028 2
    endloop
  endfacet
  facet normal -0.475129 -0.524265 0.706681
    outer loop
      vertex 6.8425 -1.4375 2.11707
      vertex 6.91606 -1.66197 2
      vertex 7.02232 -1.4375 2.23797
    endloop
  endfacet
  facet normal -0.475138 -0.524265 0.706676
    outer loop
      vertex 6.91606 -1.66197 2
      vertex 6.8425 -1.4375 2.11707
      vertex 6.75972 -1.52028 2
    endloop
  endfacet
  facet normal 0.0346991 0.706681 0.706681
    outer loop
      vertex 8.28 2.15 2
      vertex 8.28 1.55 2.6
      vertex 8.43193 1.54254 2.6
    endloop
  endfacet
  facet normal 0.302517 0.639598 0.706681
    outer loop
      vertex 9.10277 1.98634 2
      vertex 8.87543 1.4375 2.59406
      vertex 9.02115 1.4375 2.53168
    endloop
  endfacet
  facet normal -0.103823 0.699875 0.70668
    outer loop
      vertex 8.06926 2.13965 2
      vertex 7.97761 1.52022 2.6
      vertex 8.12807 1.54254 2.6
    endloop
  endfacet
  facet normal 0.034707 -0.706682 0.70668
    outer loop
      vertex 8.43193 -1.54254 2.6
      vertex 8.28 -2.15 2
      vertex 8.49074 -2.13965 2
    endloop
  endfacet
  facet normal -0.421433 0.56832 0.706687
    outer loop
      vertex 7.08553 1.78766 2
      vertex 7.10027 1.4375 2.29039
      vertex 7.21096 1.4375 2.3564
    endloop
  endfacet
  facet normal -0.42149 0.568302 0.706668
    outer loop
      vertex 7.10027 1.4375 2.29039
      vertex 7.08553 1.78766 2
      vertex 6.91606 1.66197 2
    endloop
  endfacet
  facet normal -0.0346991 0.706681 0.706681
    outer loop
      vertex 8.28 2.15 2
      vertex 8.12807 1.54254 2.6
      vertex 8.28 1.55 2.6
    endloop
  endfacet
  facet normal -0.034707 0.706682 0.70668
    outer loop
      vertex 8.28 2.15 2
      vertex 8.06926 2.13965 2
      vertex 8.12807 1.54254 2.6
    endloop
  endfacet
  facet normal 0.103824 -0.699875 0.70668
    outer loop
      vertex 8.58239 -1.52022 2.6
      vertex 8.49074 -2.13965 2
      vertex 8.69944 -2.10869 2
    endloop
  endfacet
  facet normal -0.103823 -0.699875 0.70668
    outer loop
      vertex 8.12807 -1.54254 2.6
      vertex 7.97761 -1.52022 2.6
      vertex 8.06926 -2.13965 2
    endloop
  endfacet
  facet normal -0.421481 0.568295 0.706679
    outer loop
      vertex 7.31949 1.4375 2.42113
      vertex 7.08553 1.78766 2
      vertex 7.21096 1.4375 2.3564
    endloop
  endfacet
  facet normal 0.302517 -0.639598 0.706681
    outer loop
      vertex 9.02115 -1.4375 2.53168
      vertex 8.87543 -1.4375 2.59406
      vertex 9.10277 -1.98634 2
    endloop
  endfacet
  facet normal 0.034707 0.706682 0.70668
    outer loop
      vertex 8.49074 2.13965 2
      vertex 8.28 2.15 2
      vertex 8.43193 1.54254 2.6
    endloop
  endfacet
  facet normal -0.30232 0.639657 0.706712
    outer loop
      vertex 7.45723 1.98634 2
      vertex 7.51164 1.4375 2.52004
      vertex 7.53885 1.4375 2.53168
    endloop
  endfacet
  facet normal -0.302515 0.639604 0.706676
    outer loop
      vertex 7.51164 1.4375 2.52004
      vertex 7.45723 1.98634 2
      vertex 7.2665 1.89613 2
    endloop
  endfacet
  facet normal -0.238374 -0.666155 0.706694
    outer loop
      vertex 7.68457 -1.4375 2.59406
      vertex 7.83006 -1.48326 2.6
      vertex 7.70218 -1.4375 2.6
    endloop
  endfacet
  facet normal -0.238377 -0.666166 0.706682
    outer loop
      vertex 7.83006 -1.48326 2.6
      vertex 7.68457 -1.4375 2.59406
      vertex 7.45723 -1.98634 2
    endloop
  endfacet
  facet normal -0.524242 -0.475162 0.706677
    outer loop
      vertex 6.8425 -1.4375 2.11707
      vertex 6.68469 -1.4375 2
      vertex 6.75972 -1.52028 2
    endloop
  endfacet
  facet normal 0.475138 -0.524265 0.706676
    outer loop
      vertex 9.7175 -1.4375 2.11707
      vertex 9.64394 -1.66197 2
      vertex 9.80028 -1.52028 2
    endloop
  endfacet
  facet normal 0.475129 -0.524265 0.706681
    outer loop
      vertex 9.64394 -1.66197 2
      vertex 9.7175 -1.4375 2.11707
      vertex 9.53768 -1.4375 2.23797
    endloop
  endfacet
  facet normal 0.238374 -0.666155 0.706694
    outer loop
      vertex 8.72994 -1.48326 2.6
      vertex 8.87543 -1.4375 2.59406
      vertex 8.85782 -1.4375 2.6
    endloop
  endfacet
  facet normal 0.238377 -0.666166 0.706682
    outer loop
      vertex 8.87543 -1.4375 2.59406
      vertex 8.72994 -1.48326 2.6
      vertex 9.10277 -1.98634 2
    endloop
  endfacet
  facet normal 0.17192 -0.686331 0.706678
    outer loop
      vertex 8.72994 -1.48326 2.6
      vertex 8.58239 -1.52022 2.6
      vertex 8.90411 -2.05742 2
    endloop
  endfacet
  facet normal -0.363746 0.606875 0.706676
    outer loop
      vertex 7.2665 1.89613 2
      vertex 7.47158 1.4375 2.49942
      vertex 7.51164 1.4375 2.52004
    endloop
  endfacet
  facet normal -0.363749 0.606874 0.706676
    outer loop
      vertex 7.47158 1.4375 2.49942
      vertex 7.2665 1.89613 2
      vertex 7.08553 1.78766 2
    endloop
  endfacet
  facet normal 0.47522 -0.524205 0.706665
    outer loop
      vertex 9.53768 -1.4375 2.23797
      vertex 9.45973 -1.4375 2.29039
      vertex 9.64394 -1.66197 2
    endloop
  endfacet
  facet normal -0.171926 -0.686328 0.706679
    outer loop
      vertex 7.97761 -1.52022 2.6
      vertex 7.65589 -2.05742 2
      vertex 7.86056 -2.10869 2
    endloop
  endfacet
  facet normal -0.30232 -0.639657 0.706712
    outer loop
      vertex 7.51164 -1.4375 2.52004
      vertex 7.45723 -1.98634 2
      vertex 7.53885 -1.4375 2.53168
    endloop
  endfacet
  facet normal -0.302515 -0.639604 0.706676
    outer loop
      vertex 7.45723 -1.98634 2
      vertex 7.51164 -1.4375 2.52004
      vertex 7.2665 -1.89613 2
    endloop
  endfacet
  facet normal -0.363772 -0.606855 0.70668
    outer loop
      vertex 7.31949 -1.4375 2.42113
      vertex 7.08553 -1.78766 2
      vertex 7.47158 -1.4375 2.49942
    endloop
  endfacet
  facet normal 0.363749 0.606874 0.706676
    outer loop
      vertex 9.2935 1.89613 2
      vertex 9.08842 1.4375 2.49942
      vertex 9.47447 1.78766 2
    endloop
  endfacet
  facet normal 0.363746 0.606875 0.706676
    outer loop
      vertex 9.08842 1.4375 2.49942
      vertex 9.2935 1.89613 2
      vertex 9.04836 1.4375 2.52004
    endloop
  endfacet
  facet normal -0.171926 0.686328 0.706679
    outer loop
      vertex 7.86056 2.10869 2
      vertex 7.65589 2.05742 2
      vertex 7.97761 1.52022 2.6
    endloop
  endfacet
  facet normal 0.238356 -0.666177 0.706678
    outer loop
      vertex 9.10277 -1.98634 2
      vertex 8.72994 -1.48326 2.6
      vertex 8.90411 -2.05742 2
    endloop
  endfacet
  facet normal 0.363772 -0.606855 0.70668
    outer loop
      vertex 9.24051 -1.4375 2.42113
      vertex 9.08842 -1.4375 2.49942
      vertex 9.47447 -1.78766 2
    endloop
  endfacet
  facet normal 0.302515 0.639604 0.706676
    outer loop
      vertex 9.10277 1.98634 2
      vertex 9.04836 1.4375 2.52004
      vertex 9.2935 1.89613 2
    endloop
  endfacet
  facet normal 0.30232 0.639657 0.706712
    outer loop
      vertex 9.04836 1.4375 2.52004
      vertex 9.10277 1.98634 2
      vertex 9.02115 1.4375 2.53168
    endloop
  endfacet
  facet normal 0.103824 0.699875 0.70668
    outer loop
      vertex 8.69944 2.10869 2
      vertex 8.49074 2.13965 2
      vertex 8.58239 1.52022 2.6
    endloop
  endfacet
  facet normal 0.171926 0.686328 0.706679
    outer loop
      vertex 8.69944 2.10869 2
      vertex 8.58239 1.52022 2.6
      vertex 8.90411 2.05742 2
    endloop
  endfacet
  facet normal -0.47522 -0.524205 0.706665
    outer loop
      vertex 7.02232 -1.4375 2.23797
      vertex 6.91606 -1.66197 2
      vertex 7.10027 -1.4375 2.29039
    endloop
  endfacet
  facet normal -0.17192 0.686331 0.706678
    outer loop
      vertex 7.97761 1.52022 2.6
      vertex 7.65589 2.05742 2
      vertex 7.83006 1.48326 2.6
    endloop
  endfacet
  facet normal -0.238356 0.666177 0.706678
    outer loop
      vertex 7.65589 2.05742 2
      vertex 7.45723 1.98634 2
      vertex 7.83006 1.48326 2.6
    endloop
  endfacet
  facet normal 0.475138 0.524265 0.706676
    outer loop
      vertex 9.64394 1.66197 2
      vertex 9.7175 1.4375 2.11707
      vertex 9.80028 1.52028 2
    endloop
  endfacet
  facet normal 0.475129 0.524265 0.706681
    outer loop
      vertex 9.7175 1.4375 2.11707
      vertex 9.64394 1.66197 2
      vertex 9.53768 1.4375 2.23797
    endloop
  endfacet
  facet normal 0.47522 0.524205 0.706665
    outer loop
      vertex 9.64394 1.66197 2
      vertex 9.45973 1.4375 2.29039
      vertex 9.53768 1.4375 2.23797
    endloop
  endfacet
  facet normal 0.524242 0.475162 0.706677
    outer loop
      vertex 9.80028 1.52028 2
      vertex 9.7175 1.4375 2.11707
      vertex 9.87531 1.4375 2
    endloop
  endfacet
  facet normal 0.238356 0.666177 0.706678
    outer loop
      vertex 8.90411 2.05742 2
      vertex 8.72994 1.48326 2.6
      vertex 9.10277 1.98634 2
    endloop
  endfacet
  facet normal 0.17192 0.686331 0.706678
    outer loop
      vertex 8.90411 2.05742 2
      vertex 8.58239 1.52022 2.6
      vertex 8.72994 1.48326 2.6
    endloop
  endfacet
  facet normal -0.17192 -0.686331 0.706678
    outer loop
      vertex 7.83006 -1.48326 2.6
      vertex 7.65589 -2.05742 2
      vertex 7.97761 -1.52022 2.6
    endloop
  endfacet
  facet normal -0.47522 0.524205 0.706665
    outer loop
      vertex 7.10027 1.4375 2.29039
      vertex 6.91606 1.66197 2
      vertex 7.02232 1.4375 2.23797
    endloop
  endfacet
  facet normal 0 0 1
    outer loop
      vertex 8.85782 -1.4375 2.6
      vertex 8.58239 -1.52022 2.6
      vertex 8.72994 -1.48326 2.6
    endloop
  endfacet
  facet normal 0 0 1
    outer loop
      vertex 8.85782 -1.4375 2.6
      vertex 8.43193 -1.54254 2.6
      vertex 8.58239 -1.52022 2.6
    endloop
  endfacet
  facet normal 0 0 1
    outer loop
      vertex 8.85782 -1.4375 2.6
      vertex 8.28 -1.55 2.6
      vertex 8.43193 -1.54254 2.6
    endloop
  endfacet
  facet normal 0 0 1
    outer loop
      vertex 8.85782 -1.4375 2.6
      vertex 8.12807 -1.54254 2.6
      vertex 8.28 -1.55 2.6
    endloop
  endfacet
  facet normal 0 0 1
    outer loop
      vertex 8.85782 -1.4375 2.6
      vertex 7.97761 -1.52022 2.6
      vertex 8.12807 -1.54254 2.6
    endloop
  endfacet
  facet normal 0 0 1
    outer loop
      vertex 8.85782 -1.4375 2.6
      vertex 7.83006 -1.48326 2.6
      vertex 7.97761 -1.52022 2.6
    endloop
  endfacet
  facet normal 0 -0 1
    outer loop
      vertex 7.83006 -1.48326 2.6
      vertex 8.85782 -1.4375 2.6
      vertex 7.70218 -1.4375 2.6
    endloop
  endfacet
  facet normal 0 0 1
    outer loop
      vertex 8.58239 1.52022 2.6
      vertex 8.85782 1.4375 2.6
      vertex 8.72994 1.48326 2.6
    endloop
  endfacet
  facet normal 0 0 1
    outer loop
      vertex 8.43193 1.54254 2.6
      vertex 8.85782 1.4375 2.6
      vertex 8.58239 1.52022 2.6
    endloop
  endfacet
  facet normal 0 0 1
    outer loop
      vertex 8.28 1.55 2.6
      vertex 8.85782 1.4375 2.6
      vertex 8.43193 1.54254 2.6
    endloop
  endfacet
  facet normal -0 0 1
    outer loop
      vertex 8.12807 1.54254 2.6
      vertex 8.85782 1.4375 2.6
      vertex 8.28 1.55 2.6
    endloop
  endfacet
  facet normal -0 0 1
    outer loop
      vertex 7.97761 1.52022 2.6
      vertex 8.85782 1.4375 2.6
      vertex 8.12807 1.54254 2.6
    endloop
  endfacet
  facet normal -0 0 1
    outer loop
      vertex 7.83006 1.48326 2.6
      vertex 8.85782 1.4375 2.6
      vertex 7.97761 1.52022 2.6
    endloop
  endfacet
  facet normal 0 0 1
    outer loop
      vertex 8.85782 1.4375 2.6
      vertex 7.83006 1.48326 2.6
      vertex 7.70218 1.4375 2.6
    endloop
  endfacet
  facet normal 0.103823 -0.699875 0.70668
    outer loop
      vertex 8.58239 -1.52022 2.6
      vertex 8.43193 -1.54254 2.6
      vertex 8.49074 -2.13965 2
    endloop
  endfacet
  facet normal 0.0346991 -0.706681 0.706681
    outer loop
      vertex 8.28 -1.55 2.6
      vertex 8.28 -2.15 2
      vertex 8.43193 -1.54254 2.6
    endloop
  endfacet
  facet normal -0.103824 -0.699875 0.70668
    outer loop
      vertex 7.97761 -1.52022 2.6
      vertex 7.86056 -2.10869 2
      vertex 8.06926 -2.13965 2
    endloop
  endfacet
  facet normal 0.421481 0.568295 0.706679
    outer loop
      vertex 9.47447 1.78766 2
      vertex 9.24051 1.4375 2.42113
      vertex 9.34904 1.4375 2.3564
    endloop
  endfacet
  facet normal -0.034707 -0.706682 0.70668
    outer loop
      vertex 8.12807 -1.54254 2.6
      vertex 8.06926 -2.13965 2
      vertex 8.28 -2.15 2
    endloop
  endfacet
  facet normal -0.302517 -0.639598 0.706681
    outer loop
      vertex 7.53885 -1.4375 2.53168
      vertex 7.45723 -1.98634 2
      vertex 7.68457 -1.4375 2.59406
    endloop
  endfacet
  facet normal 0.421481 -0.568295 0.706679
    outer loop
      vertex 9.34904 -1.4375 2.3564
      vertex 9.24051 -1.4375 2.42113
      vertex 9.47447 -1.78766 2
    endloop
  endfacet
  facet normal 0.42149 -0.568302 0.706668
    outer loop
      vertex 9.45973 -1.4375 2.29039
      vertex 9.47447 -1.78766 2
      vertex 9.64394 -1.66197 2
    endloop
  endfacet
  facet normal 0.421433 -0.56832 0.706687
    outer loop
      vertex 9.47447 -1.78766 2
      vertex 9.45973 -1.4375 2.29039
      vertex 9.34904 -1.4375 2.3564
    endloop
  endfacet
  facet normal -0.421433 -0.56832 0.706687
    outer loop
      vertex 7.10027 -1.4375 2.29039
      vertex 7.08553 -1.78766 2
      vertex 7.21096 -1.4375 2.3564
    endloop
  endfacet
  facet normal -0.42149 -0.568302 0.706668
    outer loop
      vertex 7.08553 -1.78766 2
      vertex 7.10027 -1.4375 2.29039
      vertex 6.91606 -1.66197 2
    endloop
  endfacet
  facet normal 1 -0 0
    outer loop
      vertex 12.5 -1.4375 12.5
      vertex 12.5 1.4375 0
      vertex 12.5 1.4375 12.5
    endloop
  endfacet
  facet normal 1 0 0
    outer loop
      vertex 12.5 1.4375 0
      vertex 12.5 -1.4375 12.5
      vertex 12.5 -1.4375 0
    endloop
  endfacet
  facet normal 0 -1 0
    outer loop
      vertex -7.31949 -1.4375 2.42113
      vertex -3.3665 -1.4375 4.76875
      vertex -7.47158 -1.4375 2.49942
    endloop
  endfacet
  facet normal 0 -1 0
    outer loop
      vertex 0.0299683 -1.4375 4.70924
      vertex 7.68457 -1.4375 2.59406
      vertex 7.70218 -1.4375 2.6
    endloop
  endfacet
  facet normal 0 -1 0
    outer loop
      vertex -7.21096 -1.4375 2.3564
      vertex -3.3665 -1.4375 4.76875
      vertex -7.31949 -1.4375 2.42113
    endloop
  endfacet
  facet normal 0 -1 0
    outer loop
      vertex 0.0299683 -1.4375 4.70924
      vertex 7.53885 -1.4375 2.53168
      vertex 7.68457 -1.4375 2.59406
    endloop
  endfacet
  facet normal 0 -1 0
    outer loop
      vertex -7.10027 -1.4375 2.29039
      vertex -3.3665 -1.4375 4.76875
      vertex -7.21096 -1.4375 2.3564
    endloop
  endfacet
  facet normal 0 -1 0
    outer loop
      vertex 0.0299683 -1.4375 4.70924
      vertex 7.51164 -1.4375 2.52004
      vertex 7.53885 -1.4375 2.53168
    endloop
  endfacet
  facet normal 0 -1 0
    outer loop
      vertex -7.02232 -1.4375 2.23797
      vertex -3.3665 -1.4375 4.76875
      vertex -7.10027 -1.4375 2.29039
    endloop
  endfacet
  facet normal 0 -1 0
    outer loop
      vertex 0.0299683 -1.4375 4.70924
      vertex 7.47158 -1.4375 2.49942
      vertex 7.51164 -1.4375 2.52004
    endloop
  endfacet
  facet normal 0 -1 0
    outer loop
      vertex -6.8425 -1.4375 2.11707
      vertex -3.3665 -1.4375 4.76875
      vertex -7.02232 -1.4375 2.23797
    endloop
  endfacet
  facet normal 0 -1 0
    outer loop
      vertex 0.0299683 -1.4375 4.70924
      vertex 7.31949 -1.4375 2.42113
      vertex 7.47158 -1.4375 2.49942
    endloop
  endfacet
  facet normal 0 -1 0
    outer loop
      vertex -6.68469 -1.4375 2
      vertex -3.3665 -1.4375 4.76875
      vertex -6.8425 -1.4375 2.11707
    endloop
  endfacet
  facet normal 0 -1 0
    outer loop
      vertex 0.0299683 -1.4375 4.70924
      vertex 7.21096 -1.4375 2.3564
      vertex 7.31949 -1.4375 2.42113
    endloop
  endfacet
  facet normal 0 -1 0
    outer loop
      vertex -6.68469 -1.4375 0
      vertex -3.3665 -1.4375 4.76875
      vertex -6.68469 -1.4375 2
    endloop
  endfacet
  facet normal 0 -1 0
    outer loop
      vertex 0.0299683 -1.4375 4.70924
      vertex 7.10027 -1.4375 2.29039
      vertex 7.21096 -1.4375 2.3564
    endloop
  endfacet
  facet normal 0 -1 -0
    outer loop
      vertex -3.3665 -1.4375 4.76875
      vertex -6.68469 -1.4375 0
      vertex -1.61693 -1.4375 4.76875
    endloop
  endfacet
  facet normal 0 -1 0
    outer loop
      vertex 0.0299683 -1.4375 4.70924
      vertex 7.02232 -1.4375 2.23797
      vertex 7.10027 -1.4375 2.29039
    endloop
  endfacet
  facet normal 0 -1 -0
    outer loop
      vertex -1.61693 -1.4375 4.76875
      vertex -6.68469 -1.4375 0
      vertex -0.0805206 -1.4375 4.71422
    endloop
  endfacet
  facet normal 0 -1 0
    outer loop
      vertex 0.0299683 -1.4375 4.70924
      vertex 6.8425 -1.4375 2.11707
      vertex 7.02232 -1.4375 2.23797
    endloop
  endfacet
  facet normal 0 -1 -0
    outer loop
      vertex -0.0805206 -1.4375 4.71422
      vertex -6.68469 -1.4375 0
      vertex 0.0299683 -1.4375 4.70924
    endloop
  endfacet
  facet normal 0 -1 0
    outer loop
      vertex 0.0299683 -1.4375 4.70924
      vertex 6.68469 -1.4375 2
      vertex 6.8425 -1.4375 2.11707
    endloop
  endfacet
  facet normal 0 -1 0
    outer loop
      vertex 6.68469 -1.4375 0
      vertex 0.0299683 -1.4375 4.70924
      vertex -6.68469 -1.4375 0
    endloop
  endfacet
  facet normal 0 -1 0
    outer loop
      vertex 0.0299683 -1.4375 4.70924
      vertex 6.68469 -1.4375 0
      vertex 6.68469 -1.4375 2
    endloop
  endfacet
  facet normal 0 -1 0
    outer loop
      vertex 2.50829 -1.4375 7.85687
      vertex 12.5 -1.4375 12.5
      vertex 0.140457 -1.4375 7.85687
    endloop
  endfacet
  facet normal 0 -1 0
    outer loop
      vertex 12.5 -1.4375 12.5
      vertex 2.50829 -1.4375 7.85687
      vertex 2.61877 -1.4375 7.86186
    endloop
  endfacet
  facet normal 0 -1 0
    outer loop
      vertex 0.24501 -1.4375 7.8419
      vertex 2.50829 -1.4375 7.85687
      vertex 0.140457 -1.4375 7.85687
    endloop
  endfacet
  facet normal 0 -1 0
    outer loop
      vertex 0.24501 -1.4375 7.8419
      vertex 2.40375 -1.4375 7.8419
      vertex 2.50829 -1.4375 7.85687
    endloop
  endfacet
  facet normal 0 -1 0
    outer loop
      vertex 0.343597 -1.4375 7.81697
      vertex 2.40375 -1.4375 7.8419
      vertex 0.24501 -1.4375 7.8419
    endloop
  endfacet
  facet normal 0 -1 0
    outer loop
      vertex 0.343597 -1.4375 7.81697
      vertex 2.30515 -1.4375 7.81697
      vertex 2.40375 -1.4375 7.8419
    endloop
  endfacet
  facet normal 0 -1 0
    outer loop
      vertex 0.436234 -1.4375 7.78206
      vertex 2.30515 -1.4375 7.81697
      vertex 0.343597 -1.4375 7.81697
    endloop
  endfacet
  facet normal 0 -1 0
    outer loop
      vertex 0.436234 -1.4375 7.78206
      vertex 2.21251 -1.4375 7.78206
      vertex 2.30515 -1.4375 7.81697
    endloop
  endfacet
  facet normal 0 -1 0
    outer loop
      vertex 0.522919 -1.4375 7.73717
      vertex 2.21251 -1.4375 7.78206
      vertex 0.436234 -1.4375 7.78206
    endloop
  endfacet
  facet normal 0 -1 0
    outer loop
      vertex 0.522919 -1.4375 7.73717
      vertex 2.12582 -1.4375 7.73717
      vertex 2.21251 -1.4375 7.78206
    endloop
  endfacet
  facet normal 0 -1 0
    outer loop
      vertex 0.603653 -1.4375 7.6823
      vertex 2.12582 -1.4375 7.73717
      vertex 0.522919 -1.4375 7.73717
    endloop
  endfacet
  facet normal 0 -1 0
    outer loop
      vertex 0.603653 -1.4375 7.6823
      vertex 2.04509 -1.4375 7.6823
      vertex 2.12582 -1.4375 7.73717
    endloop
  endfacet
  facet normal 0 -1 0
    outer loop
      vertex 0.678436 -1.4375 7.61746
      vertex 2.04509 -1.4375 7.6823
      vertex 0.603653 -1.4375 7.6823
    endloop
  endfacet
  facet normal 0 -1 0
    outer loop
      vertex 0.678436 -1.4375 7.61746
      vertex 1.97031 -1.4375 7.61746
      vertex 2.04509 -1.4375 7.6823
    endloop
  endfacet
  facet normal 0 -1 0
    outer loop
      vertex 0.747269 -1.4375 7.54265
      vertex 1.97031 -1.4375 7.61746
      vertex 0.678436 -1.4375 7.61746
    endloop
  endfacet
  facet normal 0 -1 0
    outer loop
      vertex 0.747269 -1.4375 7.54265
      vertex 1.90147 -1.4375 7.54265
      vertex 1.97031 -1.4375 7.61746
    endloop
  endfacet
  facet normal 0 -1 0
    outer loop
      vertex 0.81015 -1.4375 7.45786
      vertex 1.90147 -1.4375 7.54265
      vertex 0.747269 -1.4375 7.54265
    endloop
  endfacet
  facet normal 0 -1 0
    outer loop
      vertex 0.81015 -1.4375 7.45786
      vertex 1.83861 -1.4375 7.45786
      vertex 1.90147 -1.4375 7.54265
    endloop
  endfacet
  facet normal 0 -1 0
    outer loop
      vertex 0.866714 -1.4375 7.36357
      vertex 1.83861 -1.4375 7.45786
      vertex 0.81015 -1.4375 7.45786
    endloop
  endfacet
  facet normal 0 -1 0
    outer loop
      vertex 0.866714 -1.4375 7.36357
      vertex 1.78203 -1.4375 7.36357
      vertex 1.83861 -1.4375 7.45786
    endloop
  endfacet
  facet normal 0 -1 0
    outer loop
      vertex 0.916626 -1.4375 7.26027
      vertex 1.78203 -1.4375 7.36357
      vertex 0.866714 -1.4375 7.36357
    endloop
  endfacet
  facet normal 0 -1 0
    outer loop
      vertex 0.916626 -1.4375 7.26027
      vertex 1.73212 -1.4375 7.26027
      vertex 1.78203 -1.4375 7.36357
    endloop
  endfacet
  facet normal 0 -1 0
    outer loop
      vertex 0.9599 -1.4375 7.14793
      vertex 1.73212 -1.4375 7.26027
      vertex 0.916626 -1.4375 7.26027
    endloop
  endfacet
  facet normal 0 -1 0
    outer loop
      vertex 0.9599 -1.4375 7.14793
      vertex 1.68886 -1.4375 7.14793
      vertex 1.73212 -1.4375 7.26027
    endloop
  endfacet
  facet normal 0 -1 0
    outer loop
      vertex 0.996506 -1.4375 7.02658
      vertex 1.68886 -1.4375 7.14793
      vertex 0.9599 -1.4375 7.14793
    endloop
  endfacet
  facet normal 0 -1 0
    outer loop
      vertex 0.996506 -1.4375 7.02658
      vertex 1.65225 -1.4375 7.02658
      vertex 1.68886 -1.4375 7.14793
    endloop
  endfacet
  facet normal 0 -1 0
    outer loop
      vertex 1.02644 -1.4375 6.89621
      vertex 1.65225 -1.4375 7.02658
      vertex 0.996506 -1.4375 7.02658
    endloop
  endfacet
  facet normal 0 -1 0
    outer loop
      vertex 1.02644 -1.4375 6.89621
      vertex 1.6223 -1.4375 6.89621
      vertex 1.65225 -1.4375 7.02658
    endloop
  endfacet
  facet normal 0 -1 0
    outer loop
      vertex 1.04974 -1.4375 6.75682
      vertex 1.6223 -1.4375 6.89621
      vertex 1.02644 -1.4375 6.89621
    endloop
  endfacet
  facet normal 0 -1 0
    outer loop
      vertex 1.04974 -1.4375 6.75682
      vertex 1.599 -1.4375 6.75682
      vertex 1.6223 -1.4375 6.89621
    endloop
  endfacet
  facet normal 0 -1 0
    outer loop
      vertex 1.06638 -1.4375 6.60841
      vertex 1.599 -1.4375 6.75682
      vertex 1.04974 -1.4375 6.75682
    endloop
  endfacet
  facet normal 0 -1 0
    outer loop
      vertex 1.06638 -1.4375 6.60841
      vertex 1.58237 -1.4375 6.60841
      vertex 1.599 -1.4375 6.75682
    endloop
  endfacet
  facet normal 0 -1 0
    outer loop
      vertex 1.07637 -1.4375 6.45097
      vertex 1.58237 -1.4375 6.60841
      vertex 1.06638 -1.4375 6.60841
    endloop
  endfacet
  facet normal 0 -1 0
    outer loop
      vertex 1.07637 -1.4375 6.45097
      vertex 1.57237 -1.4375 6.45097
      vertex 1.58237 -1.4375 6.60841
    endloop
  endfacet
  facet normal 0 -1 0
    outer loop
      vertex 1.0797 -1.4375 6.28452
      vertex 1.57237 -1.4375 6.45097
      vertex 1.07637 -1.4375 6.45097
    endloop
  endfacet
  facet normal 0 -1 0
    outer loop
      vertex 1.0797 -1.4375 6.28452
      vertex 1.56905 -1.4375 6.28452
      vertex 1.57237 -1.4375 6.45097
    endloop
  endfacet
  facet normal 0 -1 0
    outer loop
      vertex 1.07637 -1.4375 6.11852
      vertex 1.56905 -1.4375 6.28452
      vertex 1.0797 -1.4375 6.28452
    endloop
  endfacet
  facet normal 0 -1 0
    outer loop
      vertex 1.07637 -1.4375 6.11852
      vertex 1.57237 -1.4375 6.11852
      vertex 1.56905 -1.4375 6.28452
    endloop
  endfacet
  facet normal 0 -1 0
    outer loop
      vertex 1.06638 -1.4375 5.96146
      vertex 1.57237 -1.4375 6.11852
      vertex 1.07637 -1.4375 6.11852
    endloop
  endfacet
  facet normal 0 -1 0
    outer loop
      vertex 1.06638 -1.4375 5.96146
      vertex 1.58237 -1.4375 5.96146
      vertex 1.57237 -1.4375 6.11852
    endloop
  endfacet
  facet normal 0 -1 0
    outer loop
      vertex 1.04974 -1.4375 5.81337
      vertex 1.58237 -1.4375 5.96146
      vertex 1.06638 -1.4375 5.96146
    endloop
  endfacet
  facet normal 0 -1 0
    outer loop
      vertex 1.04974 -1.4375 5.81337
      vertex 1.599 -1.4375 5.81337
      vertex 1.58237 -1.4375 5.96146
    endloop
  endfacet
  facet normal 0 -1 0
    outer loop
      vertex 1.02644 -1.4375 5.67424
      vertex 1.599 -1.4375 5.81337
      vertex 1.04974 -1.4375 5.81337
    endloop
  endfacet
  facet normal 0 -1 0
    outer loop
      vertex 1.02644 -1.4375 5.67424
      vertex 1.6223 -1.4375 5.67424
      vertex 1.599 -1.4375 5.81337
    endloop
  endfacet
  facet normal 0 -1 0
    outer loop
      vertex 0.996506 -1.4375 5.5441
      vertex 1.6223 -1.4375 5.67424
      vertex 1.02644 -1.4375 5.67424
    endloop
  endfacet
  facet normal 0 -1 0
    outer loop
      vertex 0.996506 -1.4375 5.5441
      vertex 1.65225 -1.4375 5.5441
      vertex 1.6223 -1.4375 5.67424
    endloop
  endfacet
  facet normal 0 -1 0
    outer loop
      vertex 0.9599 -1.4375 5.42293
      vertex 1.65225 -1.4375 5.5441
      vertex 0.996506 -1.4375 5.5441
    endloop
  endfacet
  facet normal 0 -1 0
    outer loop
      vertex 0.9599 -1.4375 5.42293
      vertex 1.68886 -1.4375 5.42293
      vertex 1.65225 -1.4375 5.5441
    endloop
  endfacet
  facet normal 0 -1 0
    outer loop
      vertex 0.916626 -1.4375 5.31071
      vertex 1.68886 -1.4375 5.42293
      vertex 0.9599 -1.4375 5.42293
    endloop
  endfacet
  facet normal 0 -1 0
    outer loop
      vertex 0.916626 -1.4375 5.31071
      vertex 1.73212 -1.4375 5.31071
      vertex 1.68886 -1.4375 5.42293
    endloop
  endfacet
  facet normal 0 -1 0
    outer loop
      vertex 0.866714 -1.4375 5.20749
      vertex 1.73212 -1.4375 5.31071
      vertex 0.916626 -1.4375 5.31071
    endloop
  endfacet
  facet normal 0 -1 0
    outer loop
      vertex 0.866714 -1.4375 5.20749
      vertex 1.78203 -1.4375 5.20749
      vertex 1.73212 -1.4375 5.31071
    endloop
  endfacet
  facet normal 0 -1 0
    outer loop
      vertex 0.81015 -1.4375 5.11322
      vertex 1.78203 -1.4375 5.20749
      vertex 0.866714 -1.4375 5.20749
    endloop
  endfacet
  facet normal 0 -1 0
    outer loop
      vertex 0.81015 -1.4375 5.11322
      vertex 1.83861 -1.4375 5.11322
      vertex 1.78203 -1.4375 5.20749
    endloop
  endfacet
  facet normal 0 -1 0
    outer loop
      vertex 0.747269 -1.4375 5.02843
      vertex 1.83861 -1.4375 5.11322
      vertex 0.81015 -1.4375 5.11322
    endloop
  endfacet
  facet normal 0 -1 0
    outer loop
      vertex 0.747269 -1.4375 5.02843
      vertex 1.90147 -1.4375 5.02843
      vertex 1.83861 -1.4375 5.11322
    endloop
  endfacet
  facet normal 0 -1 0
    outer loop
      vertex 0.678436 -1.4375 4.95361
      vertex 1.90147 -1.4375 5.02843
      vertex 0.747269 -1.4375 5.02843
    endloop
  endfacet
  facet normal 0 -1 0
    outer loop
      vertex 0.678436 -1.4375 4.95361
      vertex 1.97031 -1.4375 4.95361
      vertex 1.90147 -1.4375 5.02843
    endloop
  endfacet
  facet normal 0 -1 0
    outer loop
      vertex 0.603653 -1.4375 4.88878
      vertex 1.97031 -1.4375 4.95361
      vertex 0.678436 -1.4375 4.95361
    endloop
  endfacet
  facet normal 0 -1 0
    outer loop
      vertex 0.603653 -1.4375 4.88878
      vertex 2.04509 -1.4375 4.88878
      vertex 1.97031 -1.4375 4.95361
    endloop
  endfacet
  facet normal 0 -1 0
    outer loop
      vertex 0.522919 -1.4375 4.83392
      vertex 2.04509 -1.4375 4.88878
      vertex 0.603653 -1.4375 4.88878
    endloop
  endfacet
  facet normal 0 -1 0
    outer loop
      vertex 0.522919 -1.4375 4.83392
      vertex 2.12582 -1.4375 4.83392
      vertex 2.04509 -1.4375 4.88878
    endloop
  endfacet
  facet normal 0 -1 0
    outer loop
      vertex 0.436234 -1.4375 4.78903
      vertex 2.12582 -1.4375 4.83392
      vertex 0.522919 -1.4375 4.83392
    endloop
  endfacet
  facet normal 0 -1 0
    outer loop
      vertex 0.436234 -1.4375 4.78903
      vertex 2.21251 -1.4375 4.78903
      vertex 2.12582 -1.4375 4.83392
    endloop
  endfacet
  facet normal 0 -1 0
    outer loop
      vertex 0.343597 -1.4375 4.75412
      vertex 2.21251 -1.4375 4.78903
      vertex 0.436234 -1.4375 4.78903
    endloop
  endfacet
  facet normal 0 -1 0
    outer loop
      vertex 0.343597 -1.4375 4.75412
      vertex 2.30515 -1.4375 4.75412
      vertex 2.21251 -1.4375 4.78903
    endloop
  endfacet
  facet normal 0 -1 0
    outer loop
      vertex 0.24501 -1.4375 4.72919
      vertex 2.30515 -1.4375 4.75412
      vertex 0.343597 -1.4375 4.75412
    endloop
  endfacet
  facet normal 0 -1 0
    outer loop
      vertex 0.24501 -1.4375 4.72919
      vertex 2.40375 -1.4375 4.72919
      vertex 2.30515 -1.4375 4.75412
    endloop
  endfacet
  facet normal 0 -1 0
    outer loop
      vertex 0.140457 -1.4375 4.71422
      vertex 2.40375 -1.4375 4.72919
      vertex 0.24501 -1.4375 4.72919
    endloop
  endfacet
  facet normal 0 -1 0
    outer loop
      vertex 0.140457 -1.4375 4.71422
      vertex 2.50829 -1.4375 4.71422
      vertex 2.40375 -1.4375 4.72919
    endloop
  endfacet
  facet normal 0 -1 0
    outer loop
      vertex 7.70218 -1.4375 2.6
      vertex 0.140457 -1.4375 4.71422
      vertex 0.0299683 -1.4375 4.70924
    endloop
  endfacet
  facet normal 0 -1 0
    outer loop
      vertex 0.140457 -1.4375 4.71422
      vertex 7.70218 -1.4375 2.6
      vertex 2.50829 -1.4375 4.71422
    endloop
  endfacet
  facet normal 0 -1 0
    outer loop
      vertex -12.5 -1.4375 12.5
      vertex 0.0299683 -1.4375 7.86186
      vertex 12.5 -1.4375 12.5
    endloop
  endfacet
  facet normal 0 -1 0
    outer loop
      vertex -12.5 -1.4375 12.5
      vertex -0.0805206 -1.4375 7.85687
      vertex 0.0299683 -1.4375 7.86186
    endloop
  endfacet
  facet normal 0 -1 0
    outer loop
      vertex -2.28827 -1.4375 7.80618
      vertex -0.0805206 -1.4375 7.85687
      vertex -12.5 -1.4375 12.5
    endloop
  endfacet
  facet normal 0 -1 0
    outer loop
      vertex -0.0805206 -1.4375 7.85687
      vertex -2.28827 -1.4375 7.80618
      vertex -0.185059 -1.4375 7.8419
    endloop
  endfacet
  facet normal 0 -1 0
    outer loop
      vertex -2.28827 -1.4375 7.80618
      vertex -12.5 -1.4375 12.5
      vertex -2.6992 -1.4375 7.80618
    endloop
  endfacet
  facet normal 0 -1 0
    outer loop
      vertex -12.5 -1.4375 12.5
      vertex -3.42548 -1.4375 7.66026
      vertex -2.6992 -1.4375 7.80618
    endloop
  endfacet
  facet normal 0 -1 0
    outer loop
      vertex -8.85782 -1.4375 2.6
      vertex -3.42548 -1.4375 7.66026
      vertex -12.5 -1.4375 12.5
    endloop
  endfacet
  facet normal 0 -1 -0
    outer loop
      vertex -3.42548 -1.4375 7.66026
      vertex -8.85782 -1.4375 2.6
      vertex -3.42548 -1.4375 7.28586
    endloop
  endfacet
  facet normal 0 -1 -0
    outer loop
      vertex -3.42548 -1.4375 7.28586
      vertex -7.70218 -1.4375 2.6
      vertex -3.3665 -1.4375 5.11436
    endloop
  endfacet
  facet normal 0 -1 0
    outer loop
      vertex -7.53885 -1.4375 2.53168
      vertex -3.3665 -1.4375 5.11436
      vertex -7.68457 -1.4375 2.59406
    endloop
  endfacet
  facet normal 0 -1 0
    outer loop
      vertex -1.61693 -1.4375 4.76875
      vertex -0.185059 -1.4375 4.72919
      vertex -0.283661 -1.4375 4.75412
    endloop
  endfacet
  facet normal 0 -1 0
    outer loop
      vertex -7.51164 -1.4375 2.52004
      vertex -3.3665 -1.4375 5.11436
      vertex -7.53885 -1.4375 2.53168
    endloop
  endfacet
  facet normal 0 -1 0
    outer loop
      vertex -1.61693 -1.4375 4.76875
      vertex -0.0805206 -1.4375 4.71422
      vertex -0.185059 -1.4375 4.72919
    endloop
  endfacet
  facet normal 0 -1 0
    outer loop
      vertex -7.47158 -1.4375 2.49942
      vertex -3.3665 -1.4375 5.11436
      vertex -7.51164 -1.4375 2.52004
    endloop
  endfacet
  facet normal 0 -1 0
    outer loop
      vertex -7.68457 -1.4375 2.59406
      vertex -3.3665 -1.4375 5.11436
      vertex -7.70218 -1.4375 2.6
    endloop
  endfacet
  facet normal 0 -1 0
    outer loop
      vertex -3.42548 -1.4375 7.28586
      vertex -8.85782 -1.4375 2.6
      vertex -7.70218 -1.4375 2.6
    endloop
  endfacet
  facet normal 0 -1 0
    outer loop
      vertex -12.5 -1.4375 12.5
      vertex -8.87543 -1.4375 2.59406
      vertex -8.85782 -1.4375 2.6
    endloop
  endfacet
  facet normal 0 -1 0
    outer loop
      vertex -12.5 -1.4375 12.5
      vertex -9.02115 -1.4375 2.53168
      vertex -8.87543 -1.4375 2.59406
    endloop
  endfacet
  facet normal 0 -1 0
    outer loop
      vertex -12.5 -1.4375 12.5
      vertex -9.04836 -1.4375 2.52004
      vertex -9.02115 -1.4375 2.53168
    endloop
  endfacet
  facet normal 0 -1 0
    outer loop
      vertex -12.5 -1.4375 12.5
      vertex -9.08842 -1.4375 2.49942
      vertex -9.04836 -1.4375 2.52004
    endloop
  endfacet
  facet normal 0 -1 0
    outer loop
      vertex -12.5 -1.4375 12.5
      vertex -9.24051 -1.4375 2.42113
      vertex -9.08842 -1.4375 2.49942
    endloop
  endfacet
  facet normal 0 -1 0
    outer loop
      vertex -12.5 -1.4375 12.5
      vertex -9.34904 -1.4375 2.3564
      vertex -9.24051 -1.4375 2.42113
    endloop
  endfacet
  facet normal 0 -1 0
    outer loop
      vertex -12.5 -1.4375 12.5
      vertex -9.45973 -1.4375 2.29039
      vertex -9.34904 -1.4375 2.3564
    endloop
  endfacet
  facet normal 0 -1 0
    outer loop
      vertex -12.5 -1.4375 12.5
      vertex -9.53768 -1.4375 2.23797
      vertex -9.45973 -1.4375 2.29039
    endloop
  endfacet
  facet normal 0 -1 0
    outer loop
      vertex -12.5 -1.4375 12.5
      vertex -9.7175 -1.4375 2.11707
      vertex -9.53768 -1.4375 2.23797
    endloop
  endfacet
  facet normal 0 -1 0
    outer loop
      vertex -12.5 -1.4375 12.5
      vertex -9.87531 -1.4375 2
      vertex -9.7175 -1.4375 2.11707
    endloop
  endfacet
  facet normal 0 -1 0
    outer loop
      vertex -12.5 -1.4375 0
      vertex -9.87531 -1.4375 2
      vertex -12.5 -1.4375 12.5
    endloop
  endfacet
  facet normal 0 -1 -0
    outer loop
      vertex -9.87531 -1.4375 2
      vertex -12.5 -1.4375 0
      vertex -9.87531 -1.4375 0
    endloop
  endfacet
  facet normal 0 -1 0
    outer loop
      vertex 0.140457 -1.4375 7.85687
      vertex 12.5 -1.4375 12.5
      vertex 0.0299683 -1.4375 7.86186
    endloop
  endfacet
  facet normal 0 -1 0
    outer loop
      vertex 2.72928 -1.4375 7.85687
      vertex 12.5 -1.4375 12.5
      vertex 2.61877 -1.4375 7.86186
    endloop
  endfacet
  facet normal 0 -1 0
    outer loop
      vertex 2.83382 -1.4375 7.8419
      vertex 12.5 -1.4375 12.5
      vertex 2.72928 -1.4375 7.85687
    endloop
  endfacet
  facet normal 0 -1 0
    outer loop
      vertex 2.93242 -1.4375 7.81697
      vertex 12.5 -1.4375 12.5
      vertex 2.83382 -1.4375 7.8419
    endloop
  endfacet
  facet normal 0 -1 0
    outer loop
      vertex 3.02505 -1.4375 7.78206
      vertex 12.5 -1.4375 12.5
      vertex 2.93242 -1.4375 7.81697
    endloop
  endfacet
  facet normal 0 -1 0
    outer loop
      vertex 3.11174 -1.4375 7.73717
      vertex 12.5 -1.4375 12.5
      vertex 3.02505 -1.4375 7.78206
    endloop
  endfacet
  facet normal 0 -1 0
    outer loop
      vertex 3.19247 -1.4375 7.6823
      vertex 12.5 -1.4375 12.5
      vertex 3.11174 -1.4375 7.73717
    endloop
  endfacet
  facet normal 0 -1 0
    outer loop
      vertex 3.26726 -1.4375 7.61746
      vertex 12.5 -1.4375 12.5
      vertex 3.19247 -1.4375 7.6823
    endloop
  endfacet
  facet normal 0 -1 0
    outer loop
      vertex 3.33609 -1.4375 7.54265
      vertex 12.5 -1.4375 12.5
      vertex 3.26726 -1.4375 7.61746
    endloop
  endfacet
  facet normal 0 -1 0
    outer loop
      vertex 3.39896 -1.4375 7.45786
      vertex 12.5 -1.4375 12.5
      vertex 3.33609 -1.4375 7.54265
    endloop
  endfacet
  facet normal 0 -1 0
    outer loop
      vertex 3.45554 -1.4375 7.36357
      vertex 12.5 -1.4375 12.5
      vertex 3.39896 -1.4375 7.45786
    endloop
  endfacet
  facet normal 0 -1 0
    outer loop
      vertex 3.50545 -1.4375 7.26027
      vertex 12.5 -1.4375 12.5
      vertex 3.45554 -1.4375 7.36357
    endloop
  endfacet
  facet normal 0 -1 0
    outer loop
      vertex 3.54871 -1.4375 7.14793
      vertex 12.5 -1.4375 12.5
      vertex 3.50545 -1.4375 7.26027
    endloop
  endfacet
  facet normal 0 -1 0
    outer loop
      vertex 3.58531 -1.4375 7.02658
      vertex 12.5 -1.4375 12.5
      vertex 3.54871 -1.4375 7.14793
    endloop
  endfacet
  facet normal 0 -1 0
    outer loop
      vertex 3.61526 -1.4375 6.89621
      vertex 12.5 -1.4375 12.5
      vertex 3.58531 -1.4375 7.02658
    endloop
  endfacet
  facet normal 0 -1 0
    outer loop
      vertex 8.85782 -1.4375 2.6
      vertex 3.61526 -1.4375 6.89621
      vertex 3.63857 -1.4375 6.75682
    endloop
  endfacet
  facet normal 0 -1 0
    outer loop
      vertex 8.85782 -1.4375 2.6
      vertex 3.63857 -1.4375 6.75682
      vertex 3.6552 -1.4375 6.60841
    endloop
  endfacet
  facet normal 0 -1 0
    outer loop
      vertex 7.70218 -1.4375 2.6
      vertex 3.6552 -1.4375 6.60841
      vertex 3.66518 -1.4375 6.45097
    endloop
  endfacet
  facet normal 0 -1 0
    outer loop
      vertex 7.70218 -1.4375 2.6
      vertex 3.66518 -1.4375 6.45097
      vertex 3.66852 -1.4375 6.28452
    endloop
  endfacet
  facet normal 0 -1 0
    outer loop
      vertex 7.70218 -1.4375 2.6
      vertex 3.66852 -1.4375 6.28452
      vertex 3.66518 -1.4375 6.11852
    endloop
  endfacet
  facet normal 0 -1 0
    outer loop
      vertex 7.70218 -1.4375 2.6
      vertex 3.66518 -1.4375 6.11852
      vertex 3.6552 -1.4375 5.96146
    endloop
  endfacet
  facet normal 0 -1 0
    outer loop
      vertex 7.70218 -1.4375 2.6
      vertex 3.6552 -1.4375 5.96146
      vertex 3.63857 -1.4375 5.81337
    endloop
  endfacet
  facet normal 0 -1 0
    outer loop
      vertex 7.70218 -1.4375 2.6
      vertex 3.63857 -1.4375 5.81337
      vertex 3.61526 -1.4375 5.67424
    endloop
  endfacet
  facet normal 0 -1 0
    outer loop
      vertex 7.70218 -1.4375 2.6
      vertex 3.61526 -1.4375 5.67424
      vertex 3.58531 -1.4375 5.5441
    endloop
  endfacet
  facet normal 0 -1 0
    outer loop
      vertex 7.70218 -1.4375 2.6
      vertex 3.58531 -1.4375 5.5441
      vertex 3.54871 -1.4375 5.42293
    endloop
  endfacet
  facet normal 0 -1 0
    outer loop
      vertex 7.70218 -1.4375 2.6
      vertex 3.54871 -1.4375 5.42293
      vertex 3.50545 -1.4375 5.31071
    endloop
  endfacet
  facet normal 0 -1 0
    outer loop
      vertex 7.70218 -1.4375 2.6
      vertex 3.50545 -1.4375 5.31071
      vertex 3.45554 -1.4375 5.20749
    endloop
  endfacet
  facet normal 0 -1 0
    outer loop
      vertex 7.70218 -1.4375 2.6
      vertex 3.45554 -1.4375 5.20749
      vertex 3.39896 -1.4375 5.11322
    endloop
  endfacet
  facet normal 0 -1 0
    outer loop
      vertex 7.70218 -1.4375 2.6
      vertex 3.39896 -1.4375 5.11322
      vertex 3.33609 -1.4375 5.02843
    endloop
  endfacet
  facet normal 0 -1 0
    outer loop
      vertex 7.70218 -1.4375 2.6
      vertex 3.33609 -1.4375 5.02843
      vertex 3.26726 -1.4375 4.95361
    endloop
  endfacet
  facet normal 0 -1 0
    outer loop
      vertex 7.70218 -1.4375 2.6
      vertex 3.26726 -1.4375 4.95361
      vertex 3.19247 -1.4375 4.88878
    endloop
  endfacet
  facet normal 0 -1 -0
    outer loop
      vertex -3.3665 -1.4375 5.11436
      vertex -7.47158 -1.4375 2.49942
      vertex -3.3665 -1.4375 4.76875
    endloop
  endfacet
  facet normal 0 -1 0
    outer loop
      vertex 2.50829 -1.4375 4.71422
      vertex 7.70218 -1.4375 2.6
      vertex 2.61877 -1.4375 4.70924
    endloop
  endfacet
  facet normal 0 -1 0
    outer loop
      vertex 2.61877 -1.4375 4.70924
      vertex 7.70218 -1.4375 2.6
      vertex 2.72928 -1.4375 4.71422
    endloop
  endfacet
  facet normal 0 -1 0
    outer loop
      vertex 2.72928 -1.4375 4.71422
      vertex 7.70218 -1.4375 2.6
      vertex 2.83382 -1.4375 4.72919
    endloop
  endfacet
  facet normal 0 -1 0
    outer loop
      vertex 7.70218 -1.4375 2.6
      vertex 2.93242 -1.4375 4.75412
      vertex 2.83382 -1.4375 4.72919
    endloop
  endfacet
  facet normal 0 -1 0
    outer loop
      vertex 7.70218 -1.4375 2.6
      vertex 3.02505 -1.4375 4.78903
      vertex 2.93242 -1.4375 4.75412
    endloop
  endfacet
  facet normal 0 -1 0
    outer loop
      vertex 7.70218 -1.4375 2.6
      vertex 3.11174 -1.4375 4.83392
      vertex 3.02505 -1.4375 4.78903
    endloop
  endfacet
  facet normal 0 -1 0
    outer loop
      vertex 7.70218 -1.4375 2.6
      vertex 3.19247 -1.4375 4.88878
      vertex 3.11174 -1.4375 4.83392
    endloop
  endfacet
  facet normal 0 -1 0
    outer loop
      vertex 3.6552 -1.4375 6.60841
      vertex 7.70218 -1.4375 2.6
      vertex 8.85782 -1.4375 2.6
    endloop
  endfacet
  facet normal 0 -1 0
    outer loop
      vertex 3.61526 -1.4375 6.89621
      vertex 8.85782 -1.4375 2.6
      vertex 12.5 -1.4375 12.5
    endloop
  endfacet
  facet normal 0 -1 0
    outer loop
      vertex 8.87543 -1.4375 2.59406
      vertex 12.5 -1.4375 12.5
      vertex 8.85782 -1.4375 2.6
    endloop
  endfacet
  facet normal 0 -1 0
    outer loop
      vertex 9.02115 -1.4375 2.53168
      vertex 12.5 -1.4375 12.5
      vertex 8.87543 -1.4375 2.59406
    endloop
  endfacet
  facet normal 0 -1 0
    outer loop
      vertex 9.04836 -1.4375 2.52004
      vertex 12.5 -1.4375 12.5
      vertex 9.02115 -1.4375 2.53168
    endloop
  endfacet
  facet normal 0 -1 0
    outer loop
      vertex 9.08842 -1.4375 2.49942
      vertex 12.5 -1.4375 12.5
      vertex 9.04836 -1.4375 2.52004
    endloop
  endfacet
  facet normal 0 -1 0
    outer loop
      vertex 9.24051 -1.4375 2.42113
      vertex 12.5 -1.4375 12.5
      vertex 9.08842 -1.4375 2.49942
    endloop
  endfacet
  facet normal 0 -1 0
    outer loop
      vertex 9.34904 -1.4375 2.3564
      vertex 12.5 -1.4375 12.5
      vertex 9.24051 -1.4375 2.42113
    endloop
  endfacet
  facet normal 0 -1 0
    outer loop
      vertex 9.45973 -1.4375 2.29039
      vertex 12.5 -1.4375 12.5
      vertex 9.34904 -1.4375 2.3564
    endloop
  endfacet
  facet normal 0 -1 0
    outer loop
      vertex 9.53768 -1.4375 2.23797
      vertex 12.5 -1.4375 12.5
      vertex 9.45973 -1.4375 2.29039
    endloop
  endfacet
  facet normal 0 -1 0
    outer loop
      vertex 9.7175 -1.4375 2.11707
      vertex 12.5 -1.4375 12.5
      vertex 9.53768 -1.4375 2.23797
    endloop
  endfacet
  facet normal 0 -1 0
    outer loop
      vertex 9.87531 -1.4375 2
      vertex 12.5 -1.4375 12.5
      vertex 9.7175 -1.4375 2.11707
    endloop
  endfacet
  facet normal 0 -1 0
    outer loop
      vertex 12.5 -1.4375 0
      vertex 9.87531 -1.4375 2
      vertex 9.87531 -1.4375 0
    endloop
  endfacet
  facet normal 0 -1 0
    outer loop
      vertex 9.87531 -1.4375 2
      vertex 12.5 -1.4375 0
      vertex 12.5 -1.4375 12.5
    endloop
  endfacet
  facet normal 0 -1 0
    outer loop
      vertex -0.185059 -1.4375 7.8419
      vertex -2.28827 -1.4375 7.80618
      vertex -0.283661 -1.4375 7.81697
    endloop
  endfacet
  facet normal 0 -1 0
    outer loop
      vertex -2.28827 -1.4375 7.80618
      vertex -0.376297 -1.4375 7.78206
      vertex -0.283661 -1.4375 7.81697
    endloop
  endfacet
  facet normal 0 -1 0
    outer loop
      vertex -2.28827 -1.4375 7.80618
      vertex -0.462982 -1.4375 7.73717
      vertex -0.376297 -1.4375 7.78206
    endloop
  endfacet
  facet normal 0 -1 0
    outer loop
      vertex -2.28827 -1.4375 7.80618
      vertex -0.543716 -1.4375 7.6823
      vertex -0.462982 -1.4375 7.73717
    endloop
  endfacet
  facet normal 0 -1 0
    outer loop
      vertex -2.28827 -1.4375 7.80618
      vertex -0.6185 -1.4375 7.61746
      vertex -0.543716 -1.4375 7.6823
    endloop
  endfacet
  facet normal 0 -1 0
    outer loop
      vertex -2.28827 -1.4375 7.80618
      vertex -0.687332 -1.4375 7.54265
      vertex -0.6185 -1.4375 7.61746
    endloop
  endfacet
  facet normal 0 -1 0
    outer loop
      vertex -2.28827 -1.4375 7.80618
      vertex -0.750198 -1.4375 7.45786
      vertex -0.687332 -1.4375 7.54265
    endloop
  endfacet
  facet normal 0 -1 0
    outer loop
      vertex -2.28827 -1.4375 7.80618
      vertex -0.806778 -1.4375 7.36357
      vertex -0.750198 -1.4375 7.45786
    endloop
  endfacet
  facet normal 0 -1 0
    outer loop
      vertex -2.28827 -1.4375 7.80618
      vertex -0.856689 -1.4375 7.26027
      vertex -0.806778 -1.4375 7.36357
    endloop
  endfacet
  facet normal 0 -1 0
    outer loop
      vertex -2.28827 -1.4375 7.80618
      vertex -0.899948 -1.4375 7.14793
      vertex -0.856689 -1.4375 7.26027
    endloop
  endfacet
  facet normal 0 -1 0
    outer loop
      vertex -2.28827 -1.4375 7.80618
      vertex -0.936554 -1.4375 7.02658
      vertex -0.899948 -1.4375 7.14793
    endloop
  endfacet
  facet normal 0 -1 0
    outer loop
      vertex -2.28827 -1.4375 7.80618
      vertex -0.966507 -1.4375 6.89621
      vertex -0.936554 -1.4375 7.02658
    endloop
  endfacet
  facet normal 0 -1 0
    outer loop
      vertex -2.28827 -1.4375 7.80618
      vertex -0.989807 -1.4375 6.75682
      vertex -0.966507 -1.4375 6.89621
    endloop
  endfacet
  facet normal 0 -1 0
    outer loop
      vertex -2.28827 -1.4375 7.80618
      vertex -1.00644 -1.4375 6.60841
      vertex -0.989807 -1.4375 6.75682
    endloop
  endfacet
  facet normal 0 -1 0
    outer loop
      vertex -2.28827 -1.4375 7.80618
      vertex -1.01642 -1.4375 6.45097
      vertex -1.00644 -1.4375 6.60841
    endloop
  endfacet
  facet normal 0 -1 0
    outer loop
      vertex -2.28827 -1.4375 5.11436
      vertex -1.01642 -1.4375 6.45097
      vertex -2.28827 -1.4375 7.80618
    endloop
  endfacet
  facet normal 0 -1 0
    outer loop
      vertex -1.01642 -1.4375 6.45097
      vertex -2.28827 -1.4375 5.11436
      vertex -1.01974 -1.4375 6.28452
    endloop
  endfacet
  facet normal 0 -1 -0
    outer loop
      vertex -1.01974 -1.4375 6.28452
      vertex -2.28827 -1.4375 5.11436
      vertex -1.01642 -1.4375 6.11852
    endloop
  endfacet
  facet normal 0 -1 0
    outer loop
      vertex -1.61693 -1.4375 5.11436
      vertex -1.01642 -1.4375 6.11852
      vertex -2.28827 -1.4375 5.11436
    endloop
  endfacet
  facet normal 0 -1 -0
    outer loop
      vertex -1.01642 -1.4375 6.11852
      vertex -1.61693 -1.4375 5.11436
      vertex -1.00644 -1.4375 5.96146
    endloop
  endfacet
  facet normal 0 -1 -0
    outer loop
      vertex -1.00644 -1.4375 5.96146
      vertex -1.61693 -1.4375 5.11436
      vertex -0.989807 -1.4375 5.81337
    endloop
  endfacet
  facet normal 0 -1 -0
    outer loop
      vertex -0.989807 -1.4375 5.81337
      vertex -1.61693 -1.4375 5.11436
      vertex -0.966507 -1.4375 5.67424
    endloop
  endfacet
  facet normal 0 -1 -0
    outer loop
      vertex -0.936554 -1.4375 5.5441
      vertex -1.61693 -1.4375 5.11436
      vertex -0.899948 -1.4375 5.42293
    endloop
  endfacet
  facet normal 0 -1 -0
    outer loop
      vertex -0.899948 -1.4375 5.42293
      vertex -1.61693 -1.4375 5.11436
      vertex -0.856689 -1.4375 5.31071
    endloop
  endfacet
  facet normal 0 -1 -0
    outer loop
      vertex -0.966507 -1.4375 5.67424
      vertex -1.61693 -1.4375 5.11436
      vertex -0.936554 -1.4375 5.5441
    endloop
  endfacet
  facet normal 0 -1 -0
    outer loop
      vertex -0.856689 -1.4375 5.31071
      vertex -1.61693 -1.4375 5.11436
      vertex -0.806778 -1.4375 5.20749
    endloop
  endfacet
  facet normal 0 -1 0
    outer loop
      vertex -1.61693 -1.4375 4.76875
      vertex -0.806778 -1.4375 5.20749
      vertex -1.61693 -1.4375 5.11436
    endloop
  endfacet
  facet normal 0 -1 -0
    outer loop
      vertex -0.806778 -1.4375 5.20749
      vertex -1.61693 -1.4375 4.76875
      vertex -0.750198 -1.4375 5.11322
    endloop
  endfacet
  facet normal 0 -1 -0
    outer loop
      vertex -0.750198 -1.4375 5.11322
      vertex -1.61693 -1.4375 4.76875
      vertex -0.687332 -1.4375 5.02843
    endloop
  endfacet
  facet normal 0 -1 -0
    outer loop
      vertex -0.687332 -1.4375 5.02843
      vertex -1.61693 -1.4375 4.76875
      vertex -0.6185 -1.4375 4.95361
    endloop
  endfacet
  facet normal 0 -1 -0
    outer loop
      vertex -0.6185 -1.4375 4.95361
      vertex -1.61693 -1.4375 4.76875
      vertex -0.543716 -1.4375 4.88878
    endloop
  endfacet
  facet normal 0 -1 -0
    outer loop
      vertex -0.543716 -1.4375 4.88878
      vertex -1.61693 -1.4375 4.76875
      vertex -0.462982 -1.4375 4.83392
    endloop
  endfacet
  facet normal 0 -1 -0
    outer loop
      vertex -0.462982 -1.4375 4.83392
      vertex -1.61693 -1.4375 4.76875
      vertex -0.376297 -1.4375 4.78903
    endloop
  endfacet
  facet normal 0 -1 -0
    outer loop
      vertex -0.376297 -1.4375 4.78903
      vertex -1.61693 -1.4375 4.76875
      vertex -0.283661 -1.4375 4.75412
    endloop
  endfacet
  facet normal 0 -1 0
    outer loop
      vertex -2.69513 -1.4375 5.11436
      vertex -3.42548 -1.4375 7.28586
      vertex -3.3665 -1.4375 5.11436
    endloop
  endfacet
  facet normal 0 -1 0
    outer loop
      vertex -3.42548 -1.4375 7.28586
      vertex -2.69513 -1.4375 5.11436
      vertex -2.69513 -1.4375 7.43178
    endloop
  endfacet
  facet normal 0 -1 0
    outer loop
      vertex -0.368317 -1.4375 7.34657
      vertex 0.0299683 -1.4375 7.53546
      vertex -0.0386047 -1.4375 7.5316
    endloop
  endfacet
  facet normal 0 -1 0
    outer loop
      vertex -0.368317 -1.4375 7.34657
      vertex -0.0386047 -1.4375 7.5316
      vertex -0.103287 -1.4375 7.52005
    endloop
  endfacet
  facet normal 0 -1 0
    outer loop
      vertex 0.430206 -1.4375 7.34657
      vertex 0.0299683 -1.4375 7.53546
      vertex -0.368317 -1.4375 7.34657
    endloop
  endfacet
  facet normal 0 -1 0
    outer loop
      vertex -0.323105 -1.4375 7.39668
      vertex -0.103287 -1.4375 7.52005
      vertex -0.164078 -1.4375 7.50076
    endloop
  endfacet
  facet normal 0 -1 0
    outer loop
      vertex -0.368317 -1.4375 7.34657
      vertex -0.103287 -1.4375 7.52005
      vertex -0.323105 -1.4375 7.39668
    endloop
  endfacet
  facet normal 0 -1 0
    outer loop
      vertex -0.273987 -1.4375 7.43909
      vertex -0.164078 -1.4375 7.50076
      vertex -0.220978 -1.4375 7.47379
    endloop
  endfacet
  facet normal 0 -1 0
    outer loop
      vertex -0.323105 -1.4375 7.39668
      vertex -0.164078 -1.4375 7.50076
      vertex -0.273987 -1.4375 7.43909
    endloop
  endfacet
  facet normal 0 -1 0
    outer loop
      vertex 0.0299683 -1.4375 7.53546
      vertex 0.430206 -1.4375 7.34657
      vertex 0.0989685 -1.4375 7.5316
    endloop
  endfacet
  facet normal 0 -1 0
    outer loop
      vertex 0.225159 -1.4375 7.50076
      vertex 0.335571 -1.4375 7.43909
      vertex 0.282333 -1.4375 7.47379
    endloop
  endfacet
  facet normal 0 -1 0
    outer loop
      vertex 0.164032 -1.4375 7.52005
      vertex 0.384857 -1.4375 7.39668
      vertex 0.225159 -1.4375 7.50076
    endloop
  endfacet
  facet normal 0 -1 0
    outer loop
      vertex 0.225159 -1.4375 7.50076
      vertex 0.384857 -1.4375 7.39668
      vertex 0.335571 -1.4375 7.43909
    endloop
  endfacet
  facet normal 0 -1 0
    outer loop
      vertex 0.0989685 -1.4375 7.5316
      vertex 0.430206 -1.4375 7.34657
      vertex 0.164032 -1.4375 7.52005
    endloop
  endfacet
  facet normal 0 -1 0
    outer loop
      vertex 0.164032 -1.4375 7.52005
      vertex 0.430206 -1.4375 7.34657
      vertex 0.384857 -1.4375 7.39668
    endloop
  endfacet
  facet normal 0 -1 0
    outer loop
      vertex -0.409653 -1.4375 7.28876
      vertex 0.430206 -1.4375 7.34657
      vertex -0.368317 -1.4375 7.34657
    endloop
  endfacet
  facet normal 0 -1 0
    outer loop
      vertex -0.409653 -1.4375 7.28876
      vertex 0.471603 -1.4375 7.28876
      vertex 0.430206 -1.4375 7.34657
    endloop
  endfacet
  facet normal 0 -1 0
    outer loop
      vertex -0.447083 -1.4375 7.22322
      vertex 0.471603 -1.4375 7.28876
      vertex -0.409653 -1.4375 7.28876
    endloop
  endfacet
  facet normal 0 -1 0
    outer loop
      vertex -0.447083 -1.4375 7.22322
      vertex 0.509064 -1.4375 7.22322
      vertex 0.471603 -1.4375 7.28876
    endloop
  endfacet
  facet normal 0 -1 0
    outer loop
      vertex -0.480591 -1.4375 7.14996
      vertex 0.509064 -1.4375 7.22322
      vertex -0.447083 -1.4375 7.22322
    endloop
  endfacet
  facet normal 0 -1 0
    outer loop
      vertex -0.480591 -1.4375 7.14996
      vertex 0.542572 -1.4375 7.14996
      vertex 0.509064 -1.4375 7.22322
    endloop
  endfacet
  facet normal 0 -1 0
    outer loop
      vertex -0.510162 -1.4375 7.06894
      vertex 0.542572 -1.4375 7.14996
      vertex -0.480591 -1.4375 7.14996
    endloop
  endfacet
  facet normal 0 -1 0
    outer loop
      vertex -0.510162 -1.4375 7.06894
      vertex 0.572144 -1.4375 7.06894
      vertex 0.542572 -1.4375 7.14996
    endloop
  endfacet
  facet normal 0 -1 0
    outer loop
      vertex -0.535797 -1.4375 6.98016
      vertex 0.572144 -1.4375 7.06894
      vertex -0.510162 -1.4375 7.06894
    endloop
  endfacet
  facet normal 0 -1 0
    outer loop
      vertex -0.535797 -1.4375 6.98016
      vertex 0.597778 -1.4375 6.98016
      vertex 0.572144 -1.4375 7.06894
    endloop
  endfacet
  facet normal 0 -1 0
    outer loop
      vertex -0.55748 -1.4375 6.88362
      vertex 0.597778 -1.4375 6.98016
      vertex -0.535797 -1.4375 6.98016
    endloop
  endfacet
  facet normal 0 -1 0
    outer loop
      vertex -0.55748 -1.4375 6.88362
      vertex 0.619461 -1.4375 6.88362
      vertex 0.597778 -1.4375 6.98016
    endloop
  endfacet
  facet normal 0 -1 0
    outer loop
      vertex -0.575226 -1.4375 6.77933
      vertex 0.619461 -1.4375 6.88362
      vertex -0.55748 -1.4375 6.88362
    endloop
  endfacet
  facet normal 0 -1 0
    outer loop
      vertex -0.575226 -1.4375 6.77933
      vertex 0.637207 -1.4375 6.77933
      vertex 0.619461 -1.4375 6.88362
    endloop
  endfacet
  facet normal 0 -1 0
    outer loop
      vertex -0.589035 -1.4375 6.66727
      vertex 0.637207 -1.4375 6.77933
      vertex -0.575226 -1.4375 6.77933
    endloop
  endfacet
  facet normal 0 -1 0
    outer loop
      vertex -0.589035 -1.4375 6.66727
      vertex 0.651016 -1.4375 6.66727
      vertex 0.637207 -1.4375 6.77933
    endloop
  endfacet
  facet normal 0 -1 0
    outer loop
      vertex -0.598892 -1.4375 6.54744
      vertex 0.651016 -1.4375 6.66727
      vertex -0.589035 -1.4375 6.66727
    endloop
  endfacet
  facet normal 0 -1 0
    outer loop
      vertex -0.598892 -1.4375 6.54744
      vertex 0.660873 -1.4375 6.54744
      vertex 0.651016 -1.4375 6.66727
    endloop
  endfacet
  facet normal 0 -1 0
    outer loop
      vertex -0.604797 -1.4375 6.41986
      vertex 0.660873 -1.4375 6.54744
      vertex -0.598892 -1.4375 6.54744
    endloop
  endfacet
  facet normal 0 -1 0
    outer loop
      vertex -0.604797 -1.4375 6.41986
      vertex 0.666779 -1.4375 6.41986
      vertex 0.660873 -1.4375 6.54744
    endloop
  endfacet
  facet normal 0 -1 0
    outer loop
      vertex -0.606766 -1.4375 6.28452
      vertex 0.666779 -1.4375 6.41986
      vertex -0.604797 -1.4375 6.41986
    endloop
  endfacet
  facet normal 0 -1 0
    outer loop
      vertex -0.606766 -1.4375 6.28452
      vertex 0.668747 -1.4375 6.28452
      vertex 0.666779 -1.4375 6.41986
    endloop
  endfacet
  facet normal 0 -1 0
    outer loop
      vertex -0.604797 -1.4375 6.14963
      vertex 0.668747 -1.4375 6.28452
      vertex -0.606766 -1.4375 6.28452
    endloop
  endfacet
  facet normal 0 -1 0
    outer loop
      vertex -0.604797 -1.4375 6.14963
      vertex 0.666779 -1.4375 6.14963
      vertex 0.668747 -1.4375 6.28452
    endloop
  endfacet
  facet normal 0 -1 0
    outer loop
      vertex -0.598892 -1.4375 6.02242
      vertex 0.666779 -1.4375 6.14963
      vertex -0.604797 -1.4375 6.14963
    endloop
  endfacet
  facet normal 0 -1 0
    outer loop
      vertex -0.598892 -1.4375 6.02242
      vertex 0.660873 -1.4375 6.02242
      vertex 0.666779 -1.4375 6.14963
    endloop
  endfacet
  facet normal 0 -1 0
    outer loop
      vertex -0.589035 -1.4375 5.90292
      vertex 0.660873 -1.4375 6.02242
      vertex -0.598892 -1.4375 6.02242
    endloop
  endfacet
  facet normal 0 -1 0
    outer loop
      vertex -0.589035 -1.4375 5.90292
      vertex 0.651016 -1.4375 5.90292
      vertex 0.660873 -1.4375 6.02242
    endloop
  endfacet
  facet normal 0 -1 0
    outer loop
      vertex -0.575226 -1.4375 5.79114
      vertex 0.651016 -1.4375 5.90292
      vertex -0.589035 -1.4375 5.90292
    endloop
  endfacet
  facet normal 0 -1 0
    outer loop
      vertex -0.575226 -1.4375 5.79114
      vertex 0.637207 -1.4375 5.79114
      vertex 0.651016 -1.4375 5.90292
    endloop
  endfacet
  facet normal 0 -1 0
    outer loop
      vertex -0.55748 -1.4375 5.68707
      vertex 0.637207 -1.4375 5.79114
      vertex -0.575226 -1.4375 5.79114
    endloop
  endfacet
  facet normal 0 -1 0
    outer loop
      vertex -0.55748 -1.4375 5.68707
      vertex 0.619461 -1.4375 5.68707
      vertex 0.637207 -1.4375 5.79114
    endloop
  endfacet
  facet normal 0 -1 0
    outer loop
      vertex -0.535797 -1.4375 5.5907
      vertex 0.619461 -1.4375 5.68707
      vertex -0.55748 -1.4375 5.68707
    endloop
  endfacet
  facet normal 0 -1 0
    outer loop
      vertex -0.535797 -1.4375 5.5907
      vertex 0.597778 -1.4375 5.5907
      vertex 0.619461 -1.4375 5.68707
    endloop
  endfacet
  facet normal 0 -1 0
    outer loop
      vertex -0.510162 -1.4375 5.50204
      vertex 0.597778 -1.4375 5.5907
      vertex -0.535797 -1.4375 5.5907
    endloop
  endfacet
  facet normal 0 -1 0
    outer loop
      vertex -0.510162 -1.4375 5.50204
      vertex 0.572144 -1.4375 5.50204
      vertex 0.597778 -1.4375 5.5907
    endloop
  endfacet
  facet normal 0 -1 0
    outer loop
      vertex -0.480591 -1.4375 5.42108
      vertex 0.572144 -1.4375 5.50204
      vertex -0.510162 -1.4375 5.50204
    endloop
  endfacet
  facet normal 0 -1 0
    outer loop
      vertex -0.480591 -1.4375 5.42108
      vertex 0.542572 -1.4375 5.42108
      vertex 0.572144 -1.4375 5.50204
    endloop
  endfacet
  facet normal 0 -1 0
    outer loop
      vertex -0.447083 -1.4375 5.34785
      vertex 0.542572 -1.4375 5.42108
      vertex -0.480591 -1.4375 5.42108
    endloop
  endfacet
  facet normal 0 -1 0
    outer loop
      vertex -0.447083 -1.4375 5.34785
      vertex 0.509064 -1.4375 5.34785
      vertex 0.542572 -1.4375 5.42108
    endloop
  endfacet
  facet normal 0 -1 0
    outer loop
      vertex -0.409653 -1.4375 5.28232
      vertex 0.509064 -1.4375 5.34785
      vertex -0.447083 -1.4375 5.34785
    endloop
  endfacet
  facet normal 0 -1 0
    outer loop
      vertex -0.409653 -1.4375 5.28232
      vertex 0.471603 -1.4375 5.28232
      vertex 0.509064 -1.4375 5.34785
    endloop
  endfacet
  facet normal 0 -1 0
    outer loop
      vertex -0.368317 -1.4375 5.2245
      vertex 0.471603 -1.4375 5.28232
      vertex -0.409653 -1.4375 5.28232
    endloop
  endfacet
  facet normal 0 -1 0
    outer loop
      vertex -0.368317 -1.4375 5.2245
      vertex 0.430206 -1.4375 5.2245
      vertex 0.471603 -1.4375 5.28232
    endloop
  endfacet
  facet normal 0 -1 0
    outer loop
      vertex 0.0299683 -1.4375 5.03564
      vertex -0.368317 -1.4375 5.2245
      vertex -0.323105 -1.4375 5.17439
    endloop
  endfacet
  facet normal 0 -1 0
    outer loop
      vertex -0.368317 -1.4375 5.2245
      vertex 0.0299683 -1.4375 5.03564
      vertex 0.430206 -1.4375 5.2245
    endloop
  endfacet
  facet normal 0 -1 0
    outer loop
      vertex -0.0386047 -1.4375 5.03949
      vertex -0.323105 -1.4375 5.17439
      vertex -0.273987 -1.4375 5.132
    endloop
  endfacet
  facet normal 0 -1 0
    outer loop
      vertex 0.430206 -1.4375 5.2245
      vertex 0.0299683 -1.4375 5.03564
      vertex 0.384857 -1.4375 5.17439
    endloop
  endfacet
  facet normal 0 -1 0
    outer loop
      vertex -0.0386047 -1.4375 5.03949
      vertex -0.273987 -1.4375 5.132
      vertex -0.220978 -1.4375 5.09731
    endloop
  endfacet
  facet normal -0 -1 0
    outer loop
      vertex 0.0989685 -1.4375 5.03949
      vertex 0.384857 -1.4375 5.17439
      vertex 0.0299683 -1.4375 5.03564
    endloop
  endfacet
  facet normal 0 -1 0
    outer loop
      vertex -0.0386047 -1.4375 5.03949
      vertex -0.220978 -1.4375 5.09731
      vertex -0.164078 -1.4375 5.07033
    endloop
  endfacet
  facet normal 0 -1 0
    outer loop
      vertex -0.323105 -1.4375 5.17439
      vertex -0.0386047 -1.4375 5.03949
      vertex 0.0299683 -1.4375 5.03564
    endloop
  endfacet
  facet normal 0 -1 0
    outer loop
      vertex -0.0386047 -1.4375 5.03949
      vertex -0.164078 -1.4375 5.07033
      vertex -0.103287 -1.4375 5.05106
    endloop
  endfacet
  facet normal 0 -1 0
    outer loop
      vertex 0.384857 -1.4375 5.17439
      vertex 0.0989685 -1.4375 5.03949
      vertex 0.335571 -1.4375 5.132
    endloop
  endfacet
  facet normal 0 -1 0
    outer loop
      vertex 0.335571 -1.4375 5.132
      vertex 0.0989685 -1.4375 5.03949
      vertex 0.282333 -1.4375 5.09731
    endloop
  endfacet
  facet normal 0 -1 0
    outer loop
      vertex 0.225159 -1.4375 5.07033
      vertex 0.0989685 -1.4375 5.03949
      vertex 0.164032 -1.4375 5.05106
    endloop
  endfacet
  facet normal 0 -1 0
    outer loop
      vertex 0.282333 -1.4375 5.09731
      vertex 0.0989685 -1.4375 5.03949
      vertex 0.225159 -1.4375 5.07033
    endloop
  endfacet
  facet normal 0 -1 0
    outer loop
      vertex 2.22047 -1.4375 7.34657
      vertex 2.61877 -1.4375 7.53546
      vertex 2.5502 -1.4375 7.5316
    endloop
  endfacet
  facet normal 0 -1 0
    outer loop
      vertex 2.22047 -1.4375 7.34657
      vertex 2.5502 -1.4375 7.5316
      vertex 2.48552 -1.4375 7.52005
    endloop
  endfacet
  facet normal 0 -1 0
    outer loop
      vertex 3.01903 -1.4375 7.34657
      vertex 2.61877 -1.4375 7.53546
      vertex 2.22047 -1.4375 7.34657
    endloop
  endfacet
  facet normal 0 -1 0
    outer loop
      vertex 2.2657 -1.4375 7.39668
      vertex 2.48552 -1.4375 7.52005
      vertex 2.42473 -1.4375 7.50076
    endloop
  endfacet
  facet normal 0 -1 0
    outer loop
      vertex 2.22047 -1.4375 7.34657
      vertex 2.48552 -1.4375 7.52005
      vertex 2.2657 -1.4375 7.39668
    endloop
  endfacet
  facet normal 0 -1 0
    outer loop
      vertex 2.31482 -1.4375 7.43909
      vertex 2.42473 -1.4375 7.50076
      vertex 2.36783 -1.4375 7.47379
    endloop
  endfacet
  facet normal 0 -1 0
    outer loop
      vertex 2.2657 -1.4375 7.39668
      vertex 2.42473 -1.4375 7.50076
      vertex 2.31482 -1.4375 7.43909
    endloop
  endfacet
  facet normal 0 -1 0
    outer loop
      vertex 2.61877 -1.4375 7.53546
      vertex 3.01903 -1.4375 7.34657
      vertex 2.68779 -1.4375 7.5316
    endloop
  endfacet
  facet normal 0 -1 0
    outer loop
      vertex 2.81398 -1.4375 7.50076
      vertex 2.92439 -1.4375 7.43909
      vertex 2.87115 -1.4375 7.47379
    endloop
  endfacet
  facet normal 0 -1 0
    outer loop
      vertex 2.75285 -1.4375 7.52005
      vertex 2.97368 -1.4375 7.39668
      vertex 2.81398 -1.4375 7.50076
    endloop
  endfacet
  facet normal 0 -1 0
    outer loop
      vertex 2.81398 -1.4375 7.50076
      vertex 2.97368 -1.4375 7.39668
      vertex 2.92439 -1.4375 7.43909
    endloop
  endfacet
  facet normal 0 -1 0
    outer loop
      vertex 2.68779 -1.4375 7.5316
      vertex 3.01903 -1.4375 7.34657
      vertex 2.75285 -1.4375 7.52005
    endloop
  endfacet
  facet normal 0 -1 0
    outer loop
      vertex 2.75285 -1.4375 7.52005
      vertex 3.01903 -1.4375 7.34657
      vertex 2.97368 -1.4375 7.39668
    endloop
  endfacet
  facet normal 0 -1 0
    outer loop
      vertex 2.17915 -1.4375 7.28876
      vertex 3.01903 -1.4375 7.34657
      vertex 2.22047 -1.4375 7.34657
    endloop
  endfacet
  facet normal 0 -1 0
    outer loop
      vertex 2.17915 -1.4375 7.28876
      vertex 3.06042 -1.4375 7.28876
      vertex 3.01903 -1.4375 7.34657
    endloop
  endfacet
  facet normal 0 -1 0
    outer loop
      vertex 2.14172 -1.4375 7.22322
      vertex 3.06042 -1.4375 7.28876
      vertex 2.17915 -1.4375 7.28876
    endloop
  endfacet
  facet normal 0 -1 0
    outer loop
      vertex 2.14172 -1.4375 7.22322
      vertex 3.09789 -1.4375 7.22322
      vertex 3.06042 -1.4375 7.28876
    endloop
  endfacet
  facet normal 0 -1 0
    outer loop
      vertex 2.1082 -1.4375 7.14996
      vertex 3.09789 -1.4375 7.22322
      vertex 2.14172 -1.4375 7.22322
    endloop
  endfacet
  facet normal 0 -1 0
    outer loop
      vertex 2.1082 -1.4375 7.14996
      vertex 3.13139 -1.4375 7.14996
      vertex 3.09789 -1.4375 7.22322
    endloop
  endfacet
  facet normal 0 -1 0
    outer loop
      vertex 2.07863 -1.4375 7.06894
      vertex 3.13139 -1.4375 7.14996
      vertex 2.1082 -1.4375 7.14996
    endloop
  endfacet
  facet normal 0 -1 0
    outer loop
      vertex 2.07863 -1.4375 7.06894
      vertex 3.16096 -1.4375 7.06894
      vertex 3.13139 -1.4375 7.14996
    endloop
  endfacet
  facet normal 0 -1 0
    outer loop
      vertex 2.05301 -1.4375 6.98016
      vertex 3.16096 -1.4375 7.06894
      vertex 2.07863 -1.4375 7.06894
    endloop
  endfacet
  facet normal 0 -1 0
    outer loop
      vertex 2.05301 -1.4375 6.98016
      vertex 3.1866 -1.4375 6.98016
      vertex 3.16096 -1.4375 7.06894
    endloop
  endfacet
  facet normal 0 -1 0
    outer loop
      vertex 2.03131 -1.4375 6.88362
      vertex 3.1866 -1.4375 6.98016
      vertex 2.05301 -1.4375 6.98016
    endloop
  endfacet
  facet normal 0 -1 0
    outer loop
      vertex 2.03131 -1.4375 6.88362
      vertex 3.20828 -1.4375 6.88362
      vertex 3.1866 -1.4375 6.98016
    endloop
  endfacet
  facet normal 0 -1 0
    outer loop
      vertex 2.01358 -1.4375 6.77933
      vertex 3.20828 -1.4375 6.88362
      vertex 2.03131 -1.4375 6.88362
    endloop
  endfacet
  facet normal 0 -1 0
    outer loop
      vertex 2.01358 -1.4375 6.77933
      vertex 3.22603 -1.4375 6.77933
      vertex 3.20828 -1.4375 6.88362
    endloop
  endfacet
  facet normal 0 -1 0
    outer loop
      vertex 1.99977 -1.4375 6.66727
      vertex 3.22603 -1.4375 6.77933
      vertex 2.01358 -1.4375 6.77933
    endloop
  endfacet
  facet normal 0 -1 0
    outer loop
      vertex 1.99977 -1.4375 6.66727
      vertex 3.23982 -1.4375 6.66727
      vertex 3.22603 -1.4375 6.77933
    endloop
  endfacet
  facet normal 0 -1 0
    outer loop
      vertex 1.98991 -1.4375 6.54744
      vertex 3.23982 -1.4375 6.66727
      vertex 1.99977 -1.4375 6.66727
    endloop
  endfacet
  facet normal 0 -1 0
    outer loop
      vertex 1.98991 -1.4375 6.54744
      vertex 3.24968 -1.4375 6.54744
      vertex 3.23982 -1.4375 6.66727
    endloop
  endfacet
  facet normal 0 -1 0
    outer loop
      vertex 1.98401 -1.4375 6.41986
      vertex 3.24968 -1.4375 6.54744
      vertex 1.98991 -1.4375 6.54744
    endloop
  endfacet
  facet normal 0 -1 0
    outer loop
      vertex 1.98401 -1.4375 6.41986
      vertex 3.2556 -1.4375 6.41986
      vertex 3.24968 -1.4375 6.54744
    endloop
  endfacet
  facet normal 0 -1 0
    outer loop
      vertex 1.98203 -1.4375 6.28452
      vertex 3.2556 -1.4375 6.41986
      vertex 1.98401 -1.4375 6.41986
    endloop
  endfacet
  facet normal 0 -1 0
    outer loop
      vertex 1.98203 -1.4375 6.28452
      vertex 3.25757 -1.4375 6.28452
      vertex 3.2556 -1.4375 6.41986
    endloop
  endfacet
  facet normal 0 -1 0
    outer loop
      vertex 1.98401 -1.4375 6.14963
      vertex 3.25757 -1.4375 6.28452
      vertex 1.98203 -1.4375 6.28452
    endloop
  endfacet
  facet normal 0 -1 0
    outer loop
      vertex 1.98401 -1.4375 6.14963
      vertex 3.2556 -1.4375 6.14963
      vertex 3.25757 -1.4375 6.28452
    endloop
  endfacet
  facet normal 0 -1 0
    outer loop
      vertex 1.98991 -1.4375 6.02242
      vertex 3.2556 -1.4375 6.14963
      vertex 1.98401 -1.4375 6.14963
    endloop
  endfacet
  facet normal 0 -1 0
    outer loop
      vertex 1.98991 -1.4375 6.02242
      vertex 3.24968 -1.4375 6.02242
      vertex 3.2556 -1.4375 6.14963
    endloop
  endfacet
  facet normal 0 -1 0
    outer loop
      vertex 1.99977 -1.4375 5.90292
      vertex 3.24968 -1.4375 6.02242
      vertex 1.98991 -1.4375 6.02242
    endloop
  endfacet
  facet normal 0 -1 0
    outer loop
      vertex 1.99977 -1.4375 5.90292
      vertex 3.23982 -1.4375 5.90292
      vertex 3.24968 -1.4375 6.02242
    endloop
  endfacet
  facet normal 0 -1 0
    outer loop
      vertex 2.01358 -1.4375 5.79114
      vertex 3.23982 -1.4375 5.90292
      vertex 1.99977 -1.4375 5.90292
    endloop
  endfacet
  facet normal 0 -1 0
    outer loop
      vertex 2.01358 -1.4375 5.79114
      vertex 3.22603 -1.4375 5.79114
      vertex 3.23982 -1.4375 5.90292
    endloop
  endfacet
  facet normal 0 -1 0
    outer loop
      vertex 2.03131 -1.4375 5.68707
      vertex 3.22603 -1.4375 5.79114
      vertex 2.01358 -1.4375 5.79114
    endloop
  endfacet
  facet normal 0 -1 0
    outer loop
      vertex 2.03131 -1.4375 5.68707
      vertex 3.20828 -1.4375 5.68707
      vertex 3.22603 -1.4375 5.79114
    endloop
  endfacet
  facet normal 0 -1 0
    outer loop
      vertex 2.05301 -1.4375 5.5907
      vertex 3.20828 -1.4375 5.68707
      vertex 2.03131 -1.4375 5.68707
    endloop
  endfacet
  facet normal 0 -1 0
    outer loop
      vertex 2.05301 -1.4375 5.5907
      vertex 3.1866 -1.4375 5.5907
      vertex 3.20828 -1.4375 5.68707
    endloop
  endfacet
  facet normal 0 -1 0
    outer loop
      vertex 2.07863 -1.4375 5.50204
      vertex 3.1866 -1.4375 5.5907
      vertex 2.05301 -1.4375 5.5907
    endloop
  endfacet
  facet normal 0 -1 0
    outer loop
      vertex 2.07863 -1.4375 5.50204
      vertex 3.16096 -1.4375 5.50204
      vertex 3.1866 -1.4375 5.5907
    endloop
  endfacet
  facet normal 0 -1 0
    outer loop
      vertex 2.1082 -1.4375 5.42108
      vertex 3.16096 -1.4375 5.50204
      vertex 2.07863 -1.4375 5.50204
    endloop
  endfacet
  facet normal 0 -1 0
    outer loop
      vertex 2.1082 -1.4375 5.42108
      vertex 3.13139 -1.4375 5.42108
      vertex 3.16096 -1.4375 5.50204
    endloop
  endfacet
  facet normal 0 -1 0
    outer loop
      vertex 2.14172 -1.4375 5.34785
      vertex 3.13139 -1.4375 5.42108
      vertex 2.1082 -1.4375 5.42108
    endloop
  endfacet
  facet normal 0 -1 0
    outer loop
      vertex 2.14172 -1.4375 5.34785
      vertex 3.09789 -1.4375 5.34785
      vertex 3.13139 -1.4375 5.42108
    endloop
  endfacet
  facet normal 0 -1 0
    outer loop
      vertex 2.17915 -1.4375 5.28232
      vertex 3.09789 -1.4375 5.34785
      vertex 2.14172 -1.4375 5.34785
    endloop
  endfacet
  facet normal 0 -1 0
    outer loop
      vertex 2.17915 -1.4375 5.28232
      vertex 3.06042 -1.4375 5.28232
      vertex 3.09789 -1.4375 5.34785
    endloop
  endfacet
  facet normal 0 -1 0
    outer loop
      vertex 2.22047 -1.4375 5.2245
      vertex 3.06042 -1.4375 5.28232
      vertex 2.17915 -1.4375 5.28232
    endloop
  endfacet
  facet normal 0 -1 0
    outer loop
      vertex 2.22047 -1.4375 5.2245
      vertex 3.01903 -1.4375 5.2245
      vertex 3.06042 -1.4375 5.28232
    endloop
  endfacet
  facet normal 0 -1 0
    outer loop
      vertex 2.61877 -1.4375 5.03564
      vertex 2.22047 -1.4375 5.2245
      vertex 2.2657 -1.4375 5.17439
    endloop
  endfacet
  facet normal 0 -1 0
    outer loop
      vertex 2.22047 -1.4375 5.2245
      vertex 2.61877 -1.4375 5.03564
      vertex 3.01903 -1.4375 5.2245
    endloop
  endfacet
  facet normal 0 -1 0
    outer loop
      vertex 2.5502 -1.4375 5.03949
      vertex 2.2657 -1.4375 5.17439
      vertex 2.31482 -1.4375 5.132
    endloop
  endfacet
  facet normal 0 -1 0
    outer loop
      vertex 3.01903 -1.4375 5.2245
      vertex 2.61877 -1.4375 5.03564
      vertex 2.97368 -1.4375 5.17439
    endloop
  endfacet
  facet normal 0 -1 0
    outer loop
      vertex 2.5502 -1.4375 5.03949
      vertex 2.31482 -1.4375 5.132
      vertex 2.36783 -1.4375 5.09731
    endloop
  endfacet
  facet normal -0 -1 0
    outer loop
      vertex 2.68779 -1.4375 5.03949
      vertex 2.97368 -1.4375 5.17439
      vertex 2.61877 -1.4375 5.03564
    endloop
  endfacet
  facet normal 0 -1 0
    outer loop
      vertex 2.5502 -1.4375 5.03949
      vertex 2.36783 -1.4375 5.09731
      vertex 2.42473 -1.4375 5.07033
    endloop
  endfacet
  facet normal 0 -1 0
    outer loop
      vertex 2.2657 -1.4375 5.17439
      vertex 2.5502 -1.4375 5.03949
      vertex 2.61877 -1.4375 5.03564
    endloop
  endfacet
  facet normal 0 -1 0
    outer loop
      vertex 2.5502 -1.4375 5.03949
      vertex 2.42473 -1.4375 5.07033
      vertex 2.48552 -1.4375 5.05106
    endloop
  endfacet
  facet normal 0 -1 0
    outer loop
      vertex 2.97368 -1.4375 5.17439
      vertex 2.68779 -1.4375 5.03949
      vertex 2.92439 -1.4375 5.132
    endloop
  endfacet
  facet normal 0 -1 0
    outer loop
      vertex 2.92439 -1.4375 5.132
      vertex 2.68779 -1.4375 5.03949
      vertex 2.87115 -1.4375 5.09731
    endloop
  endfacet
  facet normal 0 -1 0
    outer loop
      vertex 2.81398 -1.4375 5.07033
      vertex 2.68779 -1.4375 5.03949
      vertex 2.75285 -1.4375 5.05106
    endloop
  endfacet
  facet normal 0 -1 0
    outer loop
      vertex 2.87115 -1.4375 5.09731
      vertex 2.68779 -1.4375 5.03949
      vertex 2.81398 -1.4375 5.07033
    endloop
  endfacet
  facet normal -0 0 1
    outer loop
      vertex -12.5 1.4375 12.5
      vertex 12.5 -1.4375 12.5
      vertex 12.5 1.4375 12.5
    endloop
  endfacet
  facet normal 0 0 1
    outer loop
      vertex 12.5 -1.4375 12.5
      vertex -12.5 1.4375 12.5
      vertex -12.5 -1.4375 12.5
    endloop
  endfacet
  facet normal -1 0 0
    outer loop
      vertex -12.5 -1.4375 0
      vertex -12.5 1.4375 12.5
      vertex -12.5 1.4375 0
    endloop
  endfacet
  facet normal -1 -0 0
    outer loop
      vertex -12.5 1.4375 12.5
      vertex -12.5 -1.4375 0
      vertex -12.5 -1.4375 12.5
    endloop
  endfacet
  facet normal 0 1 0
    outer loop
      vertex 7.51164 1.4375 2.52004
      vertex 12.5 1.4375 12.5
      vertex 7.53885 1.4375 2.53168
    endloop
  endfacet
  facet normal 0 1 0
    outer loop
      vertex -12.5 1.4375 12.5
      vertex -7.68457 1.4375 2.59406
      vertex -7.70218 1.4375 2.6
    endloop
  endfacet
  facet normal 0 1 0
    outer loop
      vertex 7.47158 1.4375 2.49942
      vertex 12.5 1.4375 12.5
      vertex 7.51164 1.4375 2.52004
    endloop
  endfacet
  facet normal 0 1 0
    outer loop
      vertex -12.5 1.4375 12.5
      vertex -7.53885 1.4375 2.53168
      vertex -7.68457 1.4375 2.59406
    endloop
  endfacet
  facet normal 0 1 0
    outer loop
      vertex 7.31949 1.4375 2.42113
      vertex 12.5 1.4375 12.5
      vertex 7.47158 1.4375 2.49942
    endloop
  endfacet
  facet normal 0 1 0
    outer loop
      vertex -12.5 1.4375 12.5
      vertex -7.51164 1.4375 2.52004
      vertex -7.53885 1.4375 2.53168
    endloop
  endfacet
  facet normal 0 1 0
    outer loop
      vertex 7.21096 1.4375 2.3564
      vertex 12.5 1.4375 12.5
      vertex 7.31949 1.4375 2.42113
    endloop
  endfacet
  facet normal 0 1 0
    outer loop
      vertex -12.5 1.4375 12.5
      vertex -7.47158 1.4375 2.49942
      vertex -7.51164 1.4375 2.52004
    endloop
  endfacet
  facet normal 0 1 0
    outer loop
      vertex 7.10027 1.4375 2.29039
      vertex 12.5 1.4375 12.5
      vertex 7.21096 1.4375 2.3564
    endloop
  endfacet
  facet normal 0 1 0
    outer loop
      vertex -12.5 1.4375 12.5
      vertex -7.31949 1.4375 2.42113
      vertex -7.47158 1.4375 2.49942
    endloop
  endfacet
  facet normal 0 1 0
    outer loop
      vertex 12.5 1.4375 12.5
      vertex 7.10027 1.4375 2.29039
      vertex -12.5 1.4375 12.5
    endloop
  endfacet
  facet normal 0 1 0
    outer loop
      vertex -12.5 1.4375 12.5
      vertex -7.21096 1.4375 2.3564
      vertex -7.31949 1.4375 2.42113
    endloop
  endfacet
  facet normal 0 1 -0
    outer loop
      vertex -7.10027 1.4375 2.29039
      vertex -12.5 1.4375 12.5
      vertex 7.10027 1.4375 2.29039
    endloop
  endfacet
  facet normal 0 1 0
    outer loop
      vertex -12.5 1.4375 12.5
      vertex -7.10027 1.4375 2.29039
      vertex -7.21096 1.4375 2.3564
    endloop
  endfacet
  facet normal 0 1 -0
    outer loop
      vertex 7.02232 1.4375 2.23797
      vertex -7.10027 1.4375 2.29039
      vertex 7.10027 1.4375 2.29039
    endloop
  endfacet
  facet normal 0 1 0
    outer loop
      vertex 7.02232 1.4375 2.23797
      vertex -7.02232 1.4375 2.23797
      vertex -7.10027 1.4375 2.29039
    endloop
  endfacet
  facet normal 0 1 -0
    outer loop
      vertex 6.8425 1.4375 2.11707
      vertex -7.02232 1.4375 2.23797
      vertex 7.02232 1.4375 2.23797
    endloop
  endfacet
  facet normal 0 1 0
    outer loop
      vertex 6.8425 1.4375 2.11707
      vertex -6.8425 1.4375 2.11707
      vertex -7.02232 1.4375 2.23797
    endloop
  endfacet
  facet normal 0 1 -0
    outer loop
      vertex 6.68469 1.4375 2
      vertex -6.8425 1.4375 2.11707
      vertex 6.8425 1.4375 2.11707
    endloop
  endfacet
  facet normal 0 1 0
    outer loop
      vertex 6.68469 1.4375 2
      vertex -6.68469 1.4375 2
      vertex -6.8425 1.4375 2.11707
    endloop
  endfacet
  facet normal 0 1 -0
    outer loop
      vertex 6.68469 1.4375 0
      vertex -6.68469 1.4375 2
      vertex 6.68469 1.4375 2
    endloop
  endfacet
  facet normal 0 1 0
    outer loop
      vertex -6.68469 1.4375 2
      vertex 6.68469 1.4375 0
      vertex -6.68469 1.4375 0
    endloop
  endfacet
  facet normal 0 1 0
    outer loop
      vertex 7.70218 1.4375 2.6
      vertex 12.5 1.4375 12.5
      vertex 8.85782 1.4375 2.6
    endloop
  endfacet
  facet normal 0 1 0
    outer loop
      vertex 12.5 1.4375 12.5
      vertex 8.87543 1.4375 2.59406
      vertex 8.85782 1.4375 2.6
    endloop
  endfacet
  facet normal 0 1 0
    outer loop
      vertex 12.5 1.4375 12.5
      vertex 9.02115 1.4375 2.53168
      vertex 8.87543 1.4375 2.59406
    endloop
  endfacet
  facet normal 0 1 0
    outer loop
      vertex 12.5 1.4375 12.5
      vertex 9.04836 1.4375 2.52004
      vertex 9.02115 1.4375 2.53168
    endloop
  endfacet
  facet normal 0 1 0
    outer loop
      vertex 12.5 1.4375 12.5
      vertex 9.08842 1.4375 2.49942
      vertex 9.04836 1.4375 2.52004
    endloop
  endfacet
  facet normal 0 1 0
    outer loop
      vertex 12.5 1.4375 12.5
      vertex 9.24051 1.4375 2.42113
      vertex 9.08842 1.4375 2.49942
    endloop
  endfacet
  facet normal 0 1 0
    outer loop
      vertex 12.5 1.4375 12.5
      vertex 9.34904 1.4375 2.3564
      vertex 9.24051 1.4375 2.42113
    endloop
  endfacet
  facet normal 0 1 0
    outer loop
      vertex 12.5 1.4375 12.5
      vertex 9.45973 1.4375 2.29039
      vertex 9.34904 1.4375 2.3564
    endloop
  endfacet
  facet normal 0 1 0
    outer loop
      vertex 12.5 1.4375 12.5
      vertex 9.53768 1.4375 2.23797
      vertex 9.45973 1.4375 2.29039
    endloop
  endfacet
  facet normal 0 1 0
    outer loop
      vertex 12.5 1.4375 12.5
      vertex 9.7175 1.4375 2.11707
      vertex 9.53768 1.4375 2.23797
    endloop
  endfacet
  facet normal 0 1 0
    outer loop
      vertex 12.5 1.4375 12.5
      vertex 9.87531 1.4375 2
      vertex 9.7175 1.4375 2.11707
    endloop
  endfacet
  facet normal 0 1 -0
    outer loop
      vertex 12.5 1.4375 0
      vertex 9.87531 1.4375 2
      vertex 12.5 1.4375 12.5
    endloop
  endfacet
  facet normal 0 1 0
    outer loop
      vertex 9.87531 1.4375 2
      vertex 12.5 1.4375 0
      vertex 9.87531 1.4375 0
    endloop
  endfacet
  facet normal 0 1 0
    outer loop
      vertex 7.68457 1.4375 2.59406
      vertex 12.5 1.4375 12.5
      vertex 7.70218 1.4375 2.6
    endloop
  endfacet
  facet normal 0 1 0
    outer loop
      vertex 7.53885 1.4375 2.53168
      vertex 12.5 1.4375 12.5
      vertex 7.68457 1.4375 2.59406
    endloop
  endfacet
  facet normal 0 1 -0
    outer loop
      vertex -8.85782 1.4375 2.6
      vertex -12.5 1.4375 12.5
      vertex -7.70218 1.4375 2.6
    endloop
  endfacet
  facet normal 0 1 -0
    outer loop
      vertex -8.87543 1.4375 2.59406
      vertex -12.5 1.4375 12.5
      vertex -8.85782 1.4375 2.6
    endloop
  endfacet
  facet normal 0 1 -0
    outer loop
      vertex -9.02115 1.4375 2.53168
      vertex -12.5 1.4375 12.5
      vertex -8.87543 1.4375 2.59406
    endloop
  endfacet
  facet normal 0 1 -0
    outer loop
      vertex -9.04836 1.4375 2.52004
      vertex -12.5 1.4375 12.5
      vertex -9.02115 1.4375 2.53168
    endloop
  endfacet
  facet normal 0 1 -0
    outer loop
      vertex -9.08842 1.4375 2.49942
      vertex -12.5 1.4375 12.5
      vertex -9.04836 1.4375 2.52004
    endloop
  endfacet
  facet normal 0 1 -0
    outer loop
      vertex -9.24051 1.4375 2.42113
      vertex -12.5 1.4375 12.5
      vertex -9.08842 1.4375 2.49942
    endloop
  endfacet
  facet normal 0 1 -0
    outer loop
      vertex -9.34904 1.4375 2.3564
      vertex -12.5 1.4375 12.5
      vertex -9.24051 1.4375 2.42113
    endloop
  endfacet
  facet normal 0 1 -0
    outer loop
      vertex -9.45973 1.4375 2.29039
      vertex -12.5 1.4375 12.5
      vertex -9.34904 1.4375 2.3564
    endloop
  endfacet
  facet normal 0 1 -0
    outer loop
      vertex -9.53768 1.4375 2.23797
      vertex -12.5 1.4375 12.5
      vertex -9.45973 1.4375 2.29039
    endloop
  endfacet
  facet normal 0 1 -0
    outer loop
      vertex -9.7175 1.4375 2.11707
      vertex -12.5 1.4375 12.5
      vertex -9.53768 1.4375 2.23797
    endloop
  endfacet
  facet normal 0 1 -0
    outer loop
      vertex -9.87531 1.4375 2
      vertex -12.5 1.4375 12.5
      vertex -9.7175 1.4375 2.11707
    endloop
  endfacet
  facet normal 0 1 0
    outer loop
      vertex -12.5 1.4375 0
      vertex -9.87531 1.4375 2
      vertex -9.87531 1.4375 0
    endloop
  endfacet
  facet normal 0 1 0
    outer loop
      vertex -9.87531 1.4375 2
      vertex -12.5 1.4375 0
      vertex -12.5 1.4375 12.5
    endloop
  endfacet
  facet normal -0.427542 0.903996 0
    outer loop
      vertex -7.73789 -1.01421 0
      vertex -7.83991 -1.06246 1.2
      vertex -7.73789 -1.01421 1.2
    endloop
  endfacet
  facet normal -0.427542 0.903996 0
    outer loop
      vertex -7.83991 -1.06246 1.2
      vertex -7.73789 -1.01421 0
      vertex -7.83991 -1.06246 0
    endloop
  endfacet
  facet normal -0.989176 -0.146736 0
    outer loop
      vertex -7.13554 0.11272 0
      vertex -7.1521 0.224354 1.2
      vertex -7.1521 0.224354 0
    endloop
  endfacet
  facet normal -0.989176 -0.146736 0
    outer loop
      vertex -7.1521 0.224354 1.2
      vertex -7.13554 0.11272 0
      vertex -7.13554 0.11272 1.2
    endloop
  endfacet
  facet normal -0.998794 -0.0490891 0
    outer loop
      vertex -7.13 0 0
      vertex -7.13554 0.11272 1.2
      vertex -7.13554 0.11272 0
    endloop
  endfacet
  facet normal -0.998794 -0.0490891 0
    outer loop
      vertex -7.13554 0.11272 1.2
      vertex -7.13 0 0
      vertex -7.13 0 1.2
    endloop
  endfacet
  facet normal -0.970035 -0.242967 0
    outer loop
      vertex -7.1521 0.224354 0
      vertex -7.17952 0.333827 1.2
      vertex -7.17952 0.333827 0
    endloop
  endfacet
  facet normal -0.970035 -0.242967 0
    outer loop
      vertex -7.17952 0.333827 1.2
      vertex -7.1521 0.224354 0
      vertex -7.1521 0.224354 1.2
    endloop
  endfacet
  facet normal 0.903997 -0.427538 0
    outer loop
      vertex -9.34246 0.440085 1.2
      vertex -9.29421 0.542106 0
      vertex -9.29421 0.542106 1.2
    endloop
  endfacet
  facet normal 0.903997 -0.427538 0
    outer loop
      vertex -9.29421 0.542106 0
      vertex -9.34246 0.440085 1.2
      vertex -9.34246 0.440085 0
    endloop
  endfacet
  facet normal -0.941543 0.336892 0
    outer loop
      vertex -7.21754 -0.440085 0
      vertex -7.17952 -0.333827 1.2
      vertex -7.17952 -0.333827 0
    endloop
  endfacet
  facet normal -0.941543 0.336892 0
    outer loop
      vertex -7.17952 -0.333827 1.2
      vertex -7.21754 -0.440085 0
      vertex -7.21754 -0.440085 1.2
    endloop
  endfacet
  facet normal 0.146741 -0.989175 0
    outer loop
      vertex -8.50435 1.1279 0
      vertex -8.39272 1.14446 1.2
      vertex -8.50435 1.1279 1.2
    endloop
  endfacet
  facet normal 0.146741 -0.989175 0
    outer loop
      vertex -8.39272 1.14446 1.2
      vertex -8.50435 1.1279 0
      vertex -8.39272 1.14446 0
    endloop
  endfacet
  facet normal -0.740946 -0.671565 0
    outer loop
      vertex -7.39104 0.729552 0
      vertex -7.46683 0.813172 1.2
      vertex -7.46683 0.813172 0
    endloop
  endfacet
  facet normal -0.740946 -0.671565 0
    outer loop
      vertex -7.46683 0.813172 1.2
      vertex -7.39104 0.729552 0
      vertex -7.39104 0.729552 1.2
    endloop
  endfacet
  facet normal -0.998794 0.0490891 0
    outer loop
      vertex -7.13554 -0.11272 0
      vertex -7.13 0 1.2
      vertex -7.13 0 0
    endloop
  endfacet
  facet normal -0.998794 0.0490891 0
    outer loop
      vertex -7.13 0 1.2
      vertex -7.13554 -0.11272 0
      vertex -7.13554 -0.11272 1.2
    endloop
  endfacet
  facet normal -0.146741 0.989175 0
    outer loop
      vertex -8.05565 -1.1279 0
      vertex -8.16728 -1.14446 1.2
      vertex -8.05565 -1.1279 1.2
    endloop
  endfacet
  facet normal -0.146741 0.989175 0
    outer loop
      vertex -8.16728 -1.14446 1.2
      vertex -8.05565 -1.1279 0
      vertex -8.16728 -1.14446 0
    endloop
  endfacet
  facet normal -0.941543 -0.336892 0
    outer loop
      vertex -7.17952 0.333827 0
      vertex -7.21754 0.440085 1.2
      vertex -7.21754 0.440085 0
    endloop
  endfacet
  facet normal -0.941543 -0.336892 0
    outer loop
      vertex -7.21754 0.440085 1.2
      vertex -7.17952 0.333827 0
      vertex -7.17952 0.333827 1.2
    endloop
  endfacet
  facet normal 0.427542 -0.903996 0
    outer loop
      vertex -8.82211 1.01421 0
      vertex -8.72009 1.06246 1.2
      vertex -8.82211 1.01421 1.2
    endloop
  endfacet
  facet normal 0.427542 -0.903996 0
    outer loop
      vertex -8.72009 1.06246 1.2
      vertex -8.82211 1.01421 0
      vertex -8.72009 1.06246 0
    endloop
  endfacet
  facet normal 0.242953 0.970038 -0
    outer loop
      vertex -8.50435 -1.1279 0
      vertex -8.61383 -1.10048 1.2
      vertex -8.50435 -1.1279 1.2
    endloop
  endfacet
  facet normal 0.242953 0.970038 0
    outer loop
      vertex -8.61383 -1.10048 1.2
      vertex -8.50435 -1.1279 0
      vertex -8.61383 -1.10048 0
    endloop
  endfacet
  facet normal -0.970035 0.242967 0
    outer loop
      vertex -7.17952 -0.333827 0
      vertex -7.1521 -0.224354 1.2
      vertex -7.1521 -0.224354 0
    endloop
  endfacet
  facet normal -0.970035 0.242967 0
    outer loop
      vertex -7.1521 -0.224354 1.2
      vertex -7.17952 -0.333827 0
      vertex -7.17952 -0.333827 1.2
    endloop
  endfacet
  facet normal 0.242953 -0.970038 0
    outer loop
      vertex -8.61383 1.10048 0
      vertex -8.50435 1.1279 1.2
      vertex -8.61383 1.10048 1.2
    endloop
  endfacet
  facet normal 0.242953 -0.970038 0
    outer loop
      vertex -8.50435 1.1279 1.2
      vertex -8.61383 1.10048 0
      vertex -8.50435 1.1279 0
    endloop
  endfacet
  facet normal 0.595721 -0.803191 0
    outer loop
      vertex -9.00955 0.888962 0
      vertex -8.91891 0.956189 1.2
      vertex -9.00955 0.888962 1.2
    endloop
  endfacet
  facet normal 0.595721 -0.803191 0
    outer loop
      vertex -8.91891 0.956189 1.2
      vertex -9.00955 0.888962 0
      vertex -8.91891 0.956189 0
    endloop
  endfacet
  facet normal 0.989176 -0.146736 0
    outer loop
      vertex -9.42446 0.11272 1.2
      vertex -9.4079 0.224354 0
      vertex -9.4079 0.224354 1.2
    endloop
  endfacet
  facet normal 0.989176 -0.146736 0
    outer loop
      vertex -9.4079 0.224354 0
      vertex -9.42446 0.11272 1.2
      vertex -9.42446 0.11272 0
    endloop
  endfacet
  facet normal -0.336886 -0.941545 0
    outer loop
      vertex -7.94617 1.10048 0
      vertex -7.83991 1.06246 1.2
      vertex -7.94617 1.10048 1.2
    endloop
  endfacet
  facet normal -0.336886 -0.941545 -0
    outer loop
      vertex -7.83991 1.06246 1.2
      vertex -7.94617 1.10048 0
      vertex -7.83991 1.06246 0
    endloop
  endfacet
  facet normal 0.803198 -0.595713 0
    outer loop
      vertex -9.23619 0.638906 1.2
      vertex -9.16896 0.729552 0
      vertex -9.16896 0.729552 1.2
    endloop
  endfacet
  facet normal 0.803198 -0.595713 0
    outer loop
      vertex -9.16896 0.729552 0
      vertex -9.23619 0.638906 1.2
      vertex -9.23619 0.638906 0
    endloop
  endfacet
  facet normal -0.740946 0.671565 0
    outer loop
      vertex -7.46683 -0.813172 0
      vertex -7.39104 -0.729552 1.2
      vertex -7.39104 -0.729552 0
    endloop
  endfacet
  facet normal -0.740946 0.671565 0
    outer loop
      vertex -7.39104 -0.729552 1.2
      vertex -7.46683 -0.813172 0
      vertex -7.46683 -0.813172 1.2
    endloop
  endfacet
  facet normal 0.857727 0.514105 0
    outer loop
      vertex -9.23619 -0.638906 1.2
      vertex -9.29421 -0.542106 0
      vertex -9.29421 -0.542106 1.2
    endloop
  endfacet
  facet normal 0.857727 0.514105 0
    outer loop
      vertex -9.29421 -0.542106 0
      vertex -9.23619 -0.638906 1.2
      vertex -9.23619 -0.638906 0
    endloop
  endfacet
  facet normal -0.336886 0.941545 0
    outer loop
      vertex -7.83991 -1.06246 0
      vertex -7.94617 -1.10048 1.2
      vertex -7.83991 -1.06246 1.2
    endloop
  endfacet
  facet normal -0.336886 0.941545 0
    outer loop
      vertex -7.94617 -1.10048 1.2
      vertex -7.83991 -1.06246 0
      vertex -7.94617 -1.10048 0
    endloop
  endfacet
  facet normal -0.242953 -0.970038 0
    outer loop
      vertex -8.05565 1.1279 0
      vertex -7.94617 1.10048 1.2
      vertex -8.05565 1.1279 1.2
    endloop
  endfacet
  facet normal -0.242953 -0.970038 -0
    outer loop
      vertex -7.94617 1.10048 1.2
      vertex -8.05565 1.1279 0
      vertex -7.94617 1.10048 0
    endloop
  endfacet
  facet normal -0.427542 -0.903996 0
    outer loop
      vertex -7.83991 1.06246 0
      vertex -7.73789 1.01421 1.2
      vertex -7.83991 1.06246 1.2
    endloop
  endfacet
  facet normal -0.427542 -0.903996 -0
    outer loop
      vertex -7.73789 1.01421 1.2
      vertex -7.83991 1.06246 0
      vertex -7.73789 1.01421 0
    endloop
  endfacet
  facet normal -0.903997 -0.427538 0
    outer loop
      vertex -7.21754 0.440085 0
      vertex -7.26579 0.542106 1.2
      vertex -7.26579 0.542106 0
    endloop
  endfacet
  facet normal -0.903997 -0.427538 0
    outer loop
      vertex -7.26579 0.542106 1.2
      vertex -7.21754 0.440085 0
      vertex -7.21754 0.440085 1.2
    endloop
  endfacet
  facet normal -0.242953 0.970038 0
    outer loop
      vertex -7.94617 -1.10048 0
      vertex -8.05565 -1.1279 1.2
      vertex -7.94617 -1.10048 1.2
    endloop
  endfacet
  facet normal -0.242953 0.970038 0
    outer loop
      vertex -8.05565 -1.1279 1.2
      vertex -7.94617 -1.10048 0
      vertex -8.05565 -1.1279 0
    endloop
  endfacet
  facet normal -0.514111 -0.857723 0
    outer loop
      vertex -7.73789 1.01421 0
      vertex -7.64109 0.956189 1.2
      vertex -7.73789 1.01421 1.2
    endloop
  endfacet
  facet normal -0.514111 -0.857723 -0
    outer loop
      vertex -7.64109 0.956189 1.2
      vertex -7.73789 1.01421 0
      vertex -7.64109 0.956189 0
    endloop
  endfacet
  facet normal 0.595721 0.803191 -0
    outer loop
      vertex -8.91891 -0.956189 0
      vertex -9.00955 -0.888962 1.2
      vertex -8.91891 -0.956189 1.2
    endloop
  endfacet
  facet normal 0.595721 0.803191 0
    outer loop
      vertex -9.00955 -0.888962 1.2
      vertex -8.91891 -0.956189 0
      vertex -9.00955 -0.888962 0
    endloop
  endfacet
  facet normal 0.336886 -0.941545 0
    outer loop
      vertex -8.72009 1.06246 0
      vertex -8.61383 1.10048 1.2
      vertex -8.72009 1.06246 1.2
    endloop
  endfacet
  facet normal 0.336886 -0.941545 0
    outer loop
      vertex -8.61383 1.10048 1.2
      vertex -8.72009 1.06246 0
      vertex -8.61383 1.10048 0
    endloop
  endfacet
  facet normal 0.336886 0.941545 -0
    outer loop
      vertex -8.61383 -1.10048 0
      vertex -8.72009 -1.06246 1.2
      vertex -8.61383 -1.10048 1.2
    endloop
  endfacet
  facet normal 0.336886 0.941545 0
    outer loop
      vertex -8.72009 -1.06246 1.2
      vertex -8.61383 -1.10048 0
      vertex -8.72009 -1.06246 0
    endloop
  endfacet
  facet normal 0.0490891 0.998794 -0
    outer loop
      vertex -8.28 -1.15 0
      vertex -8.39272 -1.14446 1.2
      vertex -8.28 -1.15 1.2
    endloop
  endfacet
  facet normal 0.0490891 0.998794 0
    outer loop
      vertex -8.39272 -1.14446 1.2
      vertex -8.28 -1.15 0
      vertex -8.39272 -1.14446 0
    endloop
  endfacet
  facet normal 0.514111 -0.857723 0
    outer loop
      vertex -8.91891 0.956189 0
      vertex -8.82211 1.01421 1.2
      vertex -8.91891 0.956189 1.2
    endloop
  endfacet
  facet normal 0.514111 -0.857723 0
    outer loop
      vertex -8.82211 1.01421 1.2
      vertex -8.91891 0.956189 0
      vertex -8.82211 1.01421 0
    endloop
  endfacet
  facet normal 0.970035 -0.242967 0
    outer loop
      vertex -9.4079 0.224354 1.2
      vertex -9.38048 0.333827 0
      vertex -9.38048 0.333827 1.2
    endloop
  endfacet
  facet normal 0.970035 -0.242967 0
    outer loop
      vertex -9.38048 0.333827 0
      vertex -9.4079 0.224354 1.2
      vertex -9.4079 0.224354 0
    endloop
  endfacet
  facet normal 0.941543 0.336892 0
    outer loop
      vertex -9.34246 -0.440085 1.2
      vertex -9.38048 -0.333827 0
      vertex -9.38048 -0.333827 1.2
    endloop
  endfacet
  facet normal 0.941543 0.336892 0
    outer loop
      vertex -9.38048 -0.333827 0
      vertex -9.34246 -0.440085 1.2
      vertex -9.34246 -0.440085 0
    endloop
  endfacet
  facet normal -0.803198 -0.595713 0
    outer loop
      vertex -7.32381 0.638906 0
      vertex -7.39104 0.729552 1.2
      vertex -7.39104 0.729552 0
    endloop
  endfacet
  facet normal -0.803198 -0.595713 0
    outer loop
      vertex -7.39104 0.729552 1.2
      vertex -7.32381 0.638906 0
      vertex -7.32381 0.638906 1.2
    endloop
  endfacet
  facet normal -0.0490891 -0.998794 0
    outer loop
      vertex -8.28 1.15 0
      vertex -8.16728 1.14446 1.2
      vertex -8.28 1.15 1.2
    endloop
  endfacet
  facet normal -0.0490891 -0.998794 -0
    outer loop
      vertex -8.16728 1.14446 1.2
      vertex -8.28 1.15 0
      vertex -8.16728 1.14446 0
    endloop
  endfacet
  facet normal -0.514111 0.857723 0
    outer loop
      vertex -7.64109 -0.956189 0
      vertex -7.73789 -1.01421 1.2
      vertex -7.64109 -0.956189 1.2
    endloop
  endfacet
  facet normal -0.514111 0.857723 0
    outer loop
      vertex -7.73789 -1.01421 1.2
      vertex -7.64109 -0.956189 0
      vertex -7.73789 -1.01421 0
    endloop
  endfacet
  facet normal -0.595721 -0.803191 0
    outer loop
      vertex -7.64109 0.956189 0
      vertex -7.55045 0.888962 1.2
      vertex -7.64109 0.956189 1.2
    endloop
  endfacet
  facet normal -0.595721 -0.803191 -0
    outer loop
      vertex -7.55045 0.888962 1.2
      vertex -7.64109 0.956189 0
      vertex -7.55045 0.888962 0
    endloop
  endfacet
  facet normal -0.803198 0.595713 0
    outer loop
      vertex -7.39104 -0.729552 0
      vertex -7.32381 -0.638906 1.2
      vertex -7.32381 -0.638906 0
    endloop
  endfacet
  facet normal -0.803198 0.595713 0
    outer loop
      vertex -7.32381 -0.638906 1.2
      vertex -7.39104 -0.729552 0
      vertex -7.39104 -0.729552 1.2
    endloop
  endfacet
  facet normal -0.857727 0.514105 0
    outer loop
      vertex -7.32381 -0.638906 0
      vertex -7.26579 -0.542106 1.2
      vertex -7.26579 -0.542106 0
    endloop
  endfacet
  facet normal -0.857727 0.514105 0
    outer loop
      vertex -7.26579 -0.542106 1.2
      vertex -7.32381 -0.638906 0
      vertex -7.32381 -0.638906 1.2
    endloop
  endfacet
  facet normal -0.146741 -0.989175 0
    outer loop
      vertex -8.16728 1.14446 0
      vertex -8.05565 1.1279 1.2
      vertex -8.16728 1.14446 1.2
    endloop
  endfacet
  facet normal -0.146741 -0.989175 -0
    outer loop
      vertex -8.05565 1.1279 1.2
      vertex -8.16728 1.14446 0
      vertex -8.05565 1.1279 0
    endloop
  endfacet
  facet normal 0.671565 0.740946 -0
    outer loop
      vertex -9.00955 -0.888962 0
      vertex -9.09317 -0.813172 1.2
      vertex -9.00955 -0.888962 1.2
    endloop
  endfacet
  facet normal 0.671565 0.740946 0
    outer loop
      vertex -9.09317 -0.813172 1.2
      vertex -9.00955 -0.888962 0
      vertex -9.09317 -0.813172 0
    endloop
  endfacet
  facet normal 0 0 -1
    outer loop
      vertex -7.13554 -0.11272 1.2
      vertex -7.13554 0.11272 1.2
      vertex -7.13 0 1.2
    endloop
  endfacet
  facet normal 0 0 -1
    outer loop
      vertex -7.1521 -0.224354 1.2
      vertex -7.13554 0.11272 1.2
      vertex -7.13554 -0.11272 1.2
    endloop
  endfacet
  facet normal 0 0 -1
    outer loop
      vertex -7.1521 -0.224354 1.2
      vertex -7.1521 0.224354 1.2
      vertex -7.13554 0.11272 1.2
    endloop
  endfacet
  facet normal 0 0 -1
    outer loop
      vertex -7.17952 -0.333827 1.2
      vertex -7.1521 0.224354 1.2
      vertex -7.1521 -0.224354 1.2
    endloop
  endfacet
  facet normal 0 0 -1
    outer loop
      vertex -7.17952 -0.333827 1.2
      vertex -7.17952 0.333827 1.2
      vertex -7.1521 0.224354 1.2
    endloop
  endfacet
  facet normal 0 0 -1
    outer loop
      vertex -7.21754 -0.440085 1.2
      vertex -7.17952 0.333827 1.2
      vertex -7.17952 -0.333827 1.2
    endloop
  endfacet
  facet normal 0 0 -1
    outer loop
      vertex -7.21754 -0.440085 1.2
      vertex -7.21754 0.440085 1.2
      vertex -7.17952 0.333827 1.2
    endloop
  endfacet
  facet normal 0 0 -1
    outer loop
      vertex -7.26579 -0.542106 1.2
      vertex -7.21754 0.440085 1.2
      vertex -7.21754 -0.440085 1.2
    endloop
  endfacet
  facet normal 0 0 -1
    outer loop
      vertex -7.26579 -0.542106 1.2
      vertex -7.26579 0.542106 1.2
      vertex -7.21754 0.440085 1.2
    endloop
  endfacet
  facet normal 0 0 -1
    outer loop
      vertex -7.32381 -0.638906 1.2
      vertex -7.26579 0.542106 1.2
      vertex -7.26579 -0.542106 1.2
    endloop
  endfacet
  facet normal 0 0 -1
    outer loop
      vertex -7.32381 -0.638906 1.2
      vertex -7.32381 0.638906 1.2
      vertex -7.26579 0.542106 1.2
    endloop
  endfacet
  facet normal 0 0 -1
    outer loop
      vertex -7.39104 -0.729552 1.2
      vertex -7.32381 0.638906 1.2
      vertex -7.32381 -0.638906 1.2
    endloop
  endfacet
  facet normal 0 0 -1
    outer loop
      vertex -7.39104 -0.729552 1.2
      vertex -7.39104 0.729552 1.2
      vertex -7.32381 0.638906 1.2
    endloop
  endfacet
  facet normal 0 0 -1
    outer loop
      vertex -7.46683 -0.813172 1.2
      vertex -7.39104 0.729552 1.2
      vertex -7.39104 -0.729552 1.2
    endloop
  endfacet
  facet normal 0 0 -1
    outer loop
      vertex -7.46683 -0.813172 1.2
      vertex -7.46683 0.813172 1.2
      vertex -7.39104 0.729552 1.2
    endloop
  endfacet
  facet normal 0 0 -1
    outer loop
      vertex -7.55045 -0.888962 1.2
      vertex -7.46683 0.813172 1.2
      vertex -7.46683 -0.813172 1.2
    endloop
  endfacet
  facet normal 0 0 -1
    outer loop
      vertex -7.55045 -0.888962 1.2
      vertex -7.55045 0.888962 1.2
      vertex -7.46683 0.813172 1.2
    endloop
  endfacet
  facet normal 0 0 -1
    outer loop
      vertex -7.64109 -0.956189 1.2
      vertex -7.55045 0.888962 1.2
      vertex -7.55045 -0.888962 1.2
    endloop
  endfacet
  facet normal 0 0 -1
    outer loop
      vertex -7.64109 -0.956189 1.2
      vertex -7.64109 0.956189 1.2
      vertex -7.55045 0.888962 1.2
    endloop
  endfacet
  facet normal 0 0 -1
    outer loop
      vertex -7.73789 -1.01421 1.2
      vertex -7.64109 0.956189 1.2
      vertex -7.64109 -0.956189 1.2
    endloop
  endfacet
  facet normal 0 0 -1
    outer loop
      vertex -7.73789 -1.01421 1.2
      vertex -7.73789 1.01421 1.2
      vertex -7.64109 0.956189 1.2
    endloop
  endfacet
  facet normal 0 0 -1
    outer loop
      vertex -7.83991 -1.06246 1.2
      vertex -7.73789 1.01421 1.2
      vertex -7.73789 -1.01421 1.2
    endloop
  endfacet
  facet normal 0 0 -1
    outer loop
      vertex -7.83991 -1.06246 1.2
      vertex -7.83991 1.06246 1.2
      vertex -7.73789 1.01421 1.2
    endloop
  endfacet
  facet normal 0 0 -1
    outer loop
      vertex -7.94617 -1.10048 1.2
      vertex -7.83991 1.06246 1.2
      vertex -7.83991 -1.06246 1.2
    endloop
  endfacet
  facet normal 0 0 -1
    outer loop
      vertex -7.94617 -1.10048 1.2
      vertex -7.94617 1.10048 1.2
      vertex -7.83991 1.06246 1.2
    endloop
  endfacet
  facet normal 0 0 -1
    outer loop
      vertex -8.05565 -1.1279 1.2
      vertex -7.94617 1.10048 1.2
      vertex -7.94617 -1.10048 1.2
    endloop
  endfacet
  facet normal 0 0 -1
    outer loop
      vertex -8.05565 -1.1279 1.2
      vertex -8.05565 1.1279 1.2
      vertex -7.94617 1.10048 1.2
    endloop
  endfacet
  facet normal 0 0 -1
    outer loop
      vertex -8.16728 -1.14446 1.2
      vertex -8.05565 1.1279 1.2
      vertex -8.05565 -1.1279 1.2
    endloop
  endfacet
  facet normal 0 0 -1
    outer loop
      vertex -8.16728 -1.14446 1.2
      vertex -8.16728 1.14446 1.2
      vertex -8.05565 1.1279 1.2
    endloop
  endfacet
  facet normal 0 0 -1
    outer loop
      vertex -8.28 -1.15 1.2
      vertex -8.16728 1.14446 1.2
      vertex -8.16728 -1.14446 1.2
    endloop
  endfacet
  facet normal 0 0 -1
    outer loop
      vertex -8.28 -1.15 1.2
      vertex -8.28 1.15 1.2
      vertex -8.16728 1.14446 1.2
    endloop
  endfacet
  facet normal 0 0 -1
    outer loop
      vertex -8.39272 -1.14446 1.2
      vertex -8.28 1.15 1.2
      vertex -8.28 -1.15 1.2
    endloop
  endfacet
  facet normal 0 0 -1
    outer loop
      vertex -8.39272 -1.14446 1.2
      vertex -8.39272 1.14446 1.2
      vertex -8.28 1.15 1.2
    endloop
  endfacet
  facet normal 0 0 -1
    outer loop
      vertex -8.50435 -1.1279 1.2
      vertex -8.39272 1.14446 1.2
      vertex -8.39272 -1.14446 1.2
    endloop
  endfacet
  facet normal 0 0 -1
    outer loop
      vertex -8.50435 -1.1279 1.2
      vertex -8.50435 1.1279 1.2
      vertex -8.39272 1.14446 1.2
    endloop
  endfacet
  facet normal 0 0 -1
    outer loop
      vertex -8.61383 -1.10048 1.2
      vertex -8.50435 1.1279 1.2
      vertex -8.50435 -1.1279 1.2
    endloop
  endfacet
  facet normal 0 0 -1
    outer loop
      vertex -8.61383 -1.10048 1.2
      vertex -8.61383 1.10048 1.2
      vertex -8.50435 1.1279 1.2
    endloop
  endfacet
  facet normal 0 0 -1
    outer loop
      vertex -8.72009 -1.06246 1.2
      vertex -8.61383 1.10048 1.2
      vertex -8.61383 -1.10048 1.2
    endloop
  endfacet
  facet normal 0 0 -1
    outer loop
      vertex -8.72009 -1.06246 1.2
      vertex -8.72009 1.06246 1.2
      vertex -8.61383 1.10048 1.2
    endloop
  endfacet
  facet normal 0 0 -1
    outer loop
      vertex -8.82211 -1.01421 1.2
      vertex -8.72009 1.06246 1.2
      vertex -8.72009 -1.06246 1.2
    endloop
  endfacet
  facet normal 0 0 -1
    outer loop
      vertex -8.82211 -1.01421 1.2
      vertex -8.82211 1.01421 1.2
      vertex -8.72009 1.06246 1.2
    endloop
  endfacet
  facet normal 0 0 -1
    outer loop
      vertex -8.91891 -0.956189 1.2
      vertex -8.82211 1.01421 1.2
      vertex -8.82211 -1.01421 1.2
    endloop
  endfacet
  facet normal 0 0 -1
    outer loop
      vertex -8.91891 -0.956189 1.2
      vertex -8.91891 0.956189 1.2
      vertex -8.82211 1.01421 1.2
    endloop
  endfacet
  facet normal 0 0 -1
    outer loop
      vertex -9.00955 -0.888962 1.2
      vertex -8.91891 0.956189 1.2
      vertex -8.91891 -0.956189 1.2
    endloop
  endfacet
  facet normal 0 0 -1
    outer loop
      vertex -9.00955 -0.888962 1.2
      vertex -9.00955 0.888962 1.2
      vertex -8.91891 0.956189 1.2
    endloop
  endfacet
  facet normal 0 0 -1
    outer loop
      vertex -9.09317 -0.813172 1.2
      vertex -9.00955 0.888962 1.2
      vertex -9.00955 -0.888962 1.2
    endloop
  endfacet
  facet normal 0 0 -1
    outer loop
      vertex -9.09317 -0.813172 1.2
      vertex -9.09317 0.813172 1.2
      vertex -9.00955 0.888962 1.2
    endloop
  endfacet
  facet normal 0 0 -1
    outer loop
      vertex -9.16896 -0.729552 1.2
      vertex -9.09317 0.813172 1.2
      vertex -9.09317 -0.813172 1.2
    endloop
  endfacet
  facet normal 0 0 -1
    outer loop
      vertex -9.16896 -0.729552 1.2
      vertex -9.16896 0.729552 1.2
      vertex -9.09317 0.813172 1.2
    endloop
  endfacet
  facet normal 0 0 -1
    outer loop
      vertex -9.23619 -0.638906 1.2
      vertex -9.16896 0.729552 1.2
      vertex -9.16896 -0.729552 1.2
    endloop
  endfacet
  facet normal 0 0 -1
    outer loop
      vertex -9.23619 -0.638906 1.2
      vertex -9.23619 0.638906 1.2
      vertex -9.16896 0.729552 1.2
    endloop
  endfacet
  facet normal 0 0 -1
    outer loop
      vertex -9.29421 -0.542106 1.2
      vertex -9.23619 0.638906 1.2
      vertex -9.23619 -0.638906 1.2
    endloop
  endfacet
  facet normal 0 0 -1
    outer loop
      vertex -9.29421 -0.542106 1.2
      vertex -9.29421 0.542106 1.2
      vertex -9.23619 0.638906 1.2
    endloop
  endfacet
  facet normal 0 0 -1
    outer loop
      vertex -9.34246 -0.440085 1.2
      vertex -9.29421 0.542106 1.2
      vertex -9.29421 -0.542106 1.2
    endloop
  endfacet
  facet normal 0 0 -1
    outer loop
      vertex -9.34246 -0.440085 1.2
      vertex -9.34246 0.440085 1.2
      vertex -9.29421 0.542106 1.2
    endloop
  endfacet
  facet normal 0 0 -1
    outer loop
      vertex -9.38048 -0.333827 1.2
      vertex -9.34246 0.440085 1.2
      vertex -9.34246 -0.440085 1.2
    endloop
  endfacet
  facet normal 0 0 -1
    outer loop
      vertex -9.38048 -0.333827 1.2
      vertex -9.38048 0.333827 1.2
      vertex -9.34246 0.440085 1.2
    endloop
  endfacet
  facet normal 0 0 -1
    outer loop
      vertex -9.4079 -0.224354 1.2
      vertex -9.38048 0.333827 1.2
      vertex -9.38048 -0.333827 1.2
    endloop
  endfacet
  facet normal 0 0 -1
    outer loop
      vertex -9.4079 -0.224354 1.2
      vertex -9.4079 0.224354 1.2
      vertex -9.38048 0.333827 1.2
    endloop
  endfacet
  facet normal 0 0 -1
    outer loop
      vertex -9.42446 -0.11272 1.2
      vertex -9.4079 0.224354 1.2
      vertex -9.4079 -0.224354 1.2
    endloop
  endfacet
  facet normal 0 0 -1
    outer loop
      vertex -9.42446 -0.11272 1.2
      vertex -9.42446 0.11272 1.2
      vertex -9.4079 0.224354 1.2
    endloop
  endfacet
  facet normal 0 -0 -1
    outer loop
      vertex -9.42446 0.11272 1.2
      vertex -9.42446 -0.11272 1.2
      vertex -9.43 0 1.2
    endloop
  endfacet
  facet normal 0.0490891 -0.998794 0
    outer loop
      vertex -8.39272 1.14446 0
      vertex -8.28 1.15 1.2
      vertex -8.39272 1.14446 1.2
    endloop
  endfacet
  facet normal 0.0490891 -0.998794 0
    outer loop
      vertex -8.28 1.15 1.2
      vertex -8.39272 1.14446 0
      vertex -8.28 1.15 0
    endloop
  endfacet
  facet normal -0.989176 0.146736 0
    outer loop
      vertex -7.1521 -0.224354 0
      vertex -7.13554 -0.11272 1.2
      vertex -7.13554 -0.11272 0
    endloop
  endfacet
  facet normal -0.989176 0.146736 0
    outer loop
      vertex -7.13554 -0.11272 1.2
      vertex -7.1521 -0.224354 0
      vertex -7.1521 -0.224354 1.2
    endloop
  endfacet
  facet normal 0.671565 -0.740946 0
    outer loop
      vertex -9.09317 0.813172 0
      vertex -9.00955 0.888962 1.2
      vertex -9.09317 0.813172 1.2
    endloop
  endfacet
  facet normal 0.671565 -0.740946 0
    outer loop
      vertex -9.00955 0.888962 1.2
      vertex -9.09317 0.813172 0
      vertex -9.00955 0.888962 0
    endloop
  endfacet
  facet normal -0.857727 -0.514105 0
    outer loop
      vertex -7.26579 0.542106 0
      vertex -7.32381 0.638906 1.2
      vertex -7.32381 0.638906 0
    endloop
  endfacet
  facet normal -0.857727 -0.514105 0
    outer loop
      vertex -7.32381 0.638906 1.2
      vertex -7.26579 0.542106 0
      vertex -7.26579 0.542106 1.2
    endloop
  endfacet
  facet normal 0.146741 0.989175 -0
    outer loop
      vertex -8.39272 -1.14446 0
      vertex -8.50435 -1.1279 1.2
      vertex -8.39272 -1.14446 1.2
    endloop
  endfacet
  facet normal 0.146741 0.989175 0
    outer loop
      vertex -8.50435 -1.1279 1.2
      vertex -8.39272 -1.14446 0
      vertex -8.50435 -1.1279 0
    endloop
  endfacet
  facet normal 0.970035 0.242967 0
    outer loop
      vertex -9.38048 -0.333827 1.2
      vertex -9.4079 -0.224354 0
      vertex -9.4079 -0.224354 1.2
    endloop
  endfacet
  facet normal 0.970035 0.242967 0
    outer loop
      vertex -9.4079 -0.224354 0
      vertex -9.38048 -0.333827 1.2
      vertex -9.38048 -0.333827 0
    endloop
  endfacet
  facet normal -0.0490891 0.998794 0
    outer loop
      vertex -8.16728 -1.14446 0
      vertex -8.28 -1.15 1.2
      vertex -8.16728 -1.14446 1.2
    endloop
  endfacet
  facet normal -0.0490891 0.998794 0
    outer loop
      vertex -8.28 -1.15 1.2
      vertex -8.16728 -1.14446 0
      vertex -8.28 -1.15 0
    endloop
  endfacet
  facet normal 0.740946 -0.671565 0
    outer loop
      vertex -9.16896 0.729552 1.2
      vertex -9.09317 0.813172 0
      vertex -9.09317 0.813172 1.2
    endloop
  endfacet
  facet normal 0.740946 -0.671565 0
    outer loop
      vertex -9.09317 0.813172 0
      vertex -9.16896 0.729552 1.2
      vertex -9.16896 0.729552 0
    endloop
  endfacet
  facet normal 0.903997 0.427538 0
    outer loop
      vertex -9.29421 -0.542106 1.2
      vertex -9.34246 -0.440085 0
      vertex -9.34246 -0.440085 1.2
    endloop
  endfacet
  facet normal 0.903997 0.427538 0
    outer loop
      vertex -9.34246 -0.440085 0
      vertex -9.29421 -0.542106 1.2
      vertex -9.29421 -0.542106 0
    endloop
  endfacet
  facet normal 0.514111 0.857723 -0
    outer loop
      vertex -8.82211 -1.01421 0
      vertex -8.91891 -0.956189 1.2
      vertex -8.82211 -1.01421 1.2
    endloop
  endfacet
  facet normal 0.514111 0.857723 0
    outer loop
      vertex -8.91891 -0.956189 1.2
      vertex -8.82211 -1.01421 0
      vertex -8.91891 -0.956189 0
    endloop
  endfacet
  facet normal 0.941543 -0.336892 0
    outer loop
      vertex -9.38048 0.333827 1.2
      vertex -9.34246 0.440085 0
      vertex -9.34246 0.440085 1.2
    endloop
  endfacet
  facet normal 0.941543 -0.336892 0
    outer loop
      vertex -9.34246 0.440085 0
      vertex -9.38048 0.333827 1.2
      vertex -9.38048 0.333827 0
    endloop
  endfacet
  facet normal -0.671565 -0.740946 0
    outer loop
      vertex -7.55045 0.888962 0
      vertex -7.46683 0.813172 1.2
      vertex -7.55045 0.888962 1.2
    endloop
  endfacet
  facet normal -0.671565 -0.740946 -0
    outer loop
      vertex -7.46683 0.813172 1.2
      vertex -7.55045 0.888962 0
      vertex -7.46683 0.813172 0
    endloop
  endfacet
  facet normal 0.740946 0.671565 0
    outer loop
      vertex -9.09317 -0.813172 1.2
      vertex -9.16896 -0.729552 0
      vertex -9.16896 -0.729552 1.2
    endloop
  endfacet
  facet normal 0.740946 0.671565 0
    outer loop
      vertex -9.16896 -0.729552 0
      vertex -9.09317 -0.813172 1.2
      vertex -9.09317 -0.813172 0
    endloop
  endfacet
  facet normal 0.989176 0.146736 0
    outer loop
      vertex -9.4079 -0.224354 1.2
      vertex -9.42446 -0.11272 0
      vertex -9.42446 -0.11272 1.2
    endloop
  endfacet
  facet normal 0.989176 0.146736 0
    outer loop
      vertex -9.42446 -0.11272 0
      vertex -9.4079 -0.224354 1.2
      vertex -9.4079 -0.224354 0
    endloop
  endfacet
  facet normal -0.595721 0.803191 0
    outer loop
      vertex -7.55045 -0.888962 0
      vertex -7.64109 -0.956189 1.2
      vertex -7.55045 -0.888962 1.2
    endloop
  endfacet
  facet normal -0.595721 0.803191 0
    outer loop
      vertex -7.64109 -0.956189 1.2
      vertex -7.55045 -0.888962 0
      vertex -7.64109 -0.956189 0
    endloop
  endfacet
  facet normal -0.903997 0.427538 0
    outer loop
      vertex -7.26579 -0.542106 0
      vertex -7.21754 -0.440085 1.2
      vertex -7.21754 -0.440085 0
    endloop
  endfacet
  facet normal -0.903997 0.427538 0
    outer loop
      vertex -7.21754 -0.440085 1.2
      vertex -7.26579 -0.542106 0
      vertex -7.26579 -0.542106 1.2
    endloop
  endfacet
  facet normal 0.803198 0.595713 0
    outer loop
      vertex -9.16896 -0.729552 1.2
      vertex -9.23619 -0.638906 0
      vertex -9.23619 -0.638906 1.2
    endloop
  endfacet
  facet normal 0.803198 0.595713 0
    outer loop
      vertex -9.23619 -0.638906 0
      vertex -9.16896 -0.729552 1.2
      vertex -9.16896 -0.729552 0
    endloop
  endfacet
  facet normal 0.998794 -0.0490891 0
    outer loop
      vertex -9.43 0 1.2
      vertex -9.42446 0.11272 0
      vertex -9.42446 0.11272 1.2
    endloop
  endfacet
  facet normal 0.998794 -0.0490891 0
    outer loop
      vertex -9.42446 0.11272 0
      vertex -9.43 0 1.2
      vertex -9.43 0 0
    endloop
  endfacet
  facet normal 0.998794 0.0490891 0
    outer loop
      vertex -9.42446 -0.11272 1.2
      vertex -9.43 0 0
      vertex -9.43 0 1.2
    endloop
  endfacet
  facet normal 0.998794 0.0490891 0
    outer loop
      vertex -9.43 0 0
      vertex -9.42446 -0.11272 1.2
      vertex -9.42446 -0.11272 0
    endloop
  endfacet
  facet normal -0.671565 0.740946 0
    outer loop
      vertex -7.46683 -0.813172 0
      vertex -7.55045 -0.888962 1.2
      vertex -7.46683 -0.813172 1.2
    endloop
  endfacet
  facet normal -0.671565 0.740946 0
    outer loop
      vertex -7.55045 -0.888962 1.2
      vertex -7.46683 -0.813172 0
      vertex -7.55045 -0.888962 0
    endloop
  endfacet
  facet normal 0.857727 -0.514105 0
    outer loop
      vertex -9.29421 0.542106 1.2
      vertex -9.23619 0.638906 0
      vertex -9.23619 0.638906 1.2
    endloop
  endfacet
  facet normal 0.857727 -0.514105 0
    outer loop
      vertex -9.23619 0.638906 0
      vertex -9.29421 0.542106 1.2
      vertex -9.29421 0.542106 0
    endloop
  endfacet
  facet normal 0.427542 0.903996 -0
    outer loop
      vertex -8.72009 -1.06246 0
      vertex -8.82211 -1.01421 1.2
      vertex -8.72009 -1.06246 1.2
    endloop
  endfacet
  facet normal 0.427542 0.903996 0
    outer loop
      vertex -8.82211 -1.01421 1.2
      vertex -8.72009 -1.06246 0
      vertex -8.82211 -1.01421 0
    endloop
  endfacet
  facet normal -0.989176 -0.146736 0
    outer loop
      vertex 9.42446 0.11272 0
      vertex 9.4079 0.224354 1.2
      vertex 9.4079 0.224354 0
    endloop
  endfacet
  facet normal -0.989176 -0.146736 0
    outer loop
      vertex 9.4079 0.224354 1.2
      vertex 9.42446 0.11272 0
      vertex 9.42446 0.11272 1.2
    endloop
  endfacet
  facet normal -0.998794 -0.0490891 0
    outer loop
      vertex 9.43 0 0
      vertex 9.42446 0.11272 1.2
      vertex 9.42446 0.11272 0
    endloop
  endfacet
  facet normal -0.998794 -0.0490891 0
    outer loop
      vertex 9.42446 0.11272 1.2
      vertex 9.43 0 0
      vertex 9.43 0 1.2
    endloop
  endfacet
  facet normal -0.970035 -0.242967 0
    outer loop
      vertex 9.4079 0.224354 0
      vertex 9.38048 0.333827 1.2
      vertex 9.38048 0.333827 0
    endloop
  endfacet
  facet normal -0.970035 -0.242967 0
    outer loop
      vertex 9.38048 0.333827 1.2
      vertex 9.4079 0.224354 0
      vertex 9.4079 0.224354 1.2
    endloop
  endfacet
  facet normal 0.146741 -0.989175 0
    outer loop
      vertex 8.05565 1.1279 0
      vertex 8.16728 1.14446 1.2
      vertex 8.05565 1.1279 1.2
    endloop
  endfacet
  facet normal 0.146741 -0.989175 0
    outer loop
      vertex 8.16728 1.14446 1.2
      vertex 8.05565 1.1279 0
      vertex 8.16728 1.14446 0
    endloop
  endfacet
  facet normal 0.941543 0.336892 0
    outer loop
      vertex 7.21754 -0.440085 1.2
      vertex 7.17952 -0.333827 0
      vertex 7.17952 -0.333827 1.2
    endloop
  endfacet
  facet normal 0.941543 0.336892 0
    outer loop
      vertex 7.17952 -0.333827 0
      vertex 7.21754 -0.440085 1.2
      vertex 7.21754 -0.440085 0
    endloop
  endfacet
  facet normal -0.336886 0.941545 0
    outer loop
      vertex 8.72009 -1.06246 0
      vertex 8.61383 -1.10048 1.2
      vertex 8.72009 -1.06246 1.2
    endloop
  endfacet
  facet normal -0.336886 0.941545 0
    outer loop
      vertex 8.61383 -1.10048 1.2
      vertex 8.72009 -1.06246 0
      vertex 8.61383 -1.10048 0
    endloop
  endfacet
  facet normal 0.857727 -0.514105 0
    outer loop
      vertex 7.26579 0.542106 1.2
      vertex 7.32381 0.638906 0
      vertex 7.32381 0.638906 1.2
    endloop
  endfacet
  facet normal 0.857727 -0.514105 0
    outer loop
      vertex 7.32381 0.638906 0
      vertex 7.26579 0.542106 1.2
      vertex 7.26579 0.542106 0
    endloop
  endfacet
  facet normal -0.427542 0.903996 0
    outer loop
      vertex 8.82211 -1.01421 0
      vertex 8.72009 -1.06246 1.2
      vertex 8.82211 -1.01421 1.2
    endloop
  endfacet
  facet normal -0.427542 0.903996 0
    outer loop
      vertex 8.72009 -1.06246 1.2
      vertex 8.82211 -1.01421 0
      vertex 8.72009 -1.06246 0
    endloop
  endfacet
  facet normal -0.903997 0.427538 0
    outer loop
      vertex 9.29421 -0.542106 0
      vertex 9.34246 -0.440085 1.2
      vertex 9.34246 -0.440085 0
    endloop
  endfacet
  facet normal -0.903997 0.427538 0
    outer loop
      vertex 9.34246 -0.440085 1.2
      vertex 9.29421 -0.542106 0
      vertex 9.29421 -0.542106 1.2
    endloop
  endfacet
  facet normal -0.242953 0.970038 0
    outer loop
      vertex 8.61383 -1.10048 0
      vertex 8.50435 -1.1279 1.2
      vertex 8.61383 -1.10048 1.2
    endloop
  endfacet
  facet normal -0.242953 0.970038 0
    outer loop
      vertex 8.50435 -1.1279 1.2
      vertex 8.61383 -1.10048 0
      vertex 8.50435 -1.1279 0
    endloop
  endfacet
  facet normal 0.595721 -0.803191 0
    outer loop
      vertex 7.55045 0.888962 0
      vertex 7.64109 0.956189 1.2
      vertex 7.55045 0.888962 1.2
    endloop
  endfacet
  facet normal 0.595721 -0.803191 0
    outer loop
      vertex 7.64109 0.956189 1.2
      vertex 7.55045 0.888962 0
      vertex 7.64109 0.956189 0
    endloop
  endfacet
  facet normal -0.146741 0.989175 0
    outer loop
      vertex 8.50435 -1.1279 0
      vertex 8.39272 -1.14446 1.2
      vertex 8.50435 -1.1279 1.2
    endloop
  endfacet
  facet normal -0.146741 0.989175 0
    outer loop
      vertex 8.39272 -1.14446 1.2
      vertex 8.50435 -1.1279 0
      vertex 8.39272 -1.14446 0
    endloop
  endfacet
  facet normal 0.514111 0.857723 -0
    outer loop
      vertex 7.73789 -1.01421 0
      vertex 7.64109 -0.956189 1.2
      vertex 7.73789 -1.01421 1.2
    endloop
  endfacet
  facet normal 0.514111 0.857723 0
    outer loop
      vertex 7.64109 -0.956189 1.2
      vertex 7.73789 -1.01421 0
      vertex 7.64109 -0.956189 0
    endloop
  endfacet
  facet normal -0.903997 -0.427538 0
    outer loop
      vertex 9.34246 0.440085 0
      vertex 9.29421 0.542106 1.2
      vertex 9.29421 0.542106 0
    endloop
  endfacet
  facet normal -0.903997 -0.427538 0
    outer loop
      vertex 9.29421 0.542106 1.2
      vertex 9.34246 0.440085 0
      vertex 9.34246 0.440085 1.2
    endloop
  endfacet
  facet normal -0.803198 0.595713 0
    outer loop
      vertex 9.16896 -0.729552 0
      vertex 9.23619 -0.638906 1.2
      vertex 9.23619 -0.638906 0
    endloop
  endfacet
  facet normal -0.803198 0.595713 0
    outer loop
      vertex 9.23619 -0.638906 1.2
      vertex 9.16896 -0.729552 0
      vertex 9.16896 -0.729552 1.2
    endloop
  endfacet
  facet normal -0.595721 -0.803191 0
    outer loop
      vertex 8.91891 0.956189 0
      vertex 9.00955 0.888962 1.2
      vertex 8.91891 0.956189 1.2
    endloop
  endfacet
  facet normal -0.595721 -0.803191 -0
    outer loop
      vertex 9.00955 0.888962 1.2
      vertex 8.91891 0.956189 0
      vertex 9.00955 0.888962 0
    endloop
  endfacet
  facet normal 0.989176 -0.146736 0
    outer loop
      vertex 7.13554 0.11272 1.2
      vertex 7.1521 0.224354 0
      vertex 7.1521 0.224354 1.2
    endloop
  endfacet
  facet normal 0.989176 -0.146736 0
    outer loop
      vertex 7.1521 0.224354 0
      vertex 7.13554 0.11272 1.2
      vertex 7.13554 0.11272 0
    endloop
  endfacet
  facet normal -0.803198 -0.595713 0
    outer loop
      vertex 9.23619 0.638906 0
      vertex 9.16896 0.729552 1.2
      vertex 9.16896 0.729552 0
    endloop
  endfacet
  facet normal -0.803198 -0.595713 0
    outer loop
      vertex 9.16896 0.729552 1.2
      vertex 9.23619 0.638906 0
      vertex 9.23619 0.638906 1.2
    endloop
  endfacet
  facet normal 0 0 -1
    outer loop
      vertex 9.42446 -0.11272 1.2
      vertex 9.42446 0.11272 1.2
      vertex 9.43 0 1.2
    endloop
  endfacet
  facet normal 0 0 -1
    outer loop
      vertex 9.4079 -0.224354 1.2
      vertex 9.42446 0.11272 1.2
      vertex 9.42446 -0.11272 1.2
    endloop
  endfacet
  facet normal 0 0 -1
    outer loop
      vertex 9.4079 -0.224354 1.2
      vertex 9.4079 0.224354 1.2
      vertex 9.42446 0.11272 1.2
    endloop
  endfacet
  facet normal 0 0 -1
    outer loop
      vertex 9.38048 -0.333827 1.2
      vertex 9.4079 0.224354 1.2
      vertex 9.4079 -0.224354 1.2
    endloop
  endfacet
  facet normal 0 0 -1
    outer loop
      vertex 9.38048 -0.333827 1.2
      vertex 9.38048 0.333827 1.2
      vertex 9.4079 0.224354 1.2
    endloop
  endfacet
  facet normal 0 0 -1
    outer loop
      vertex 9.34246 -0.440085 1.2
      vertex 9.38048 0.333827 1.2
      vertex 9.38048 -0.333827 1.2
    endloop
  endfacet
  facet normal 0 0 -1
    outer loop
      vertex 9.34246 -0.440085 1.2
      vertex 9.34246 0.440085 1.2
      vertex 9.38048 0.333827 1.2
    endloop
  endfacet
  facet normal 0 0 -1
    outer loop
      vertex 9.29421 -0.542106 1.2
      vertex 9.34246 0.440085 1.2
      vertex 9.34246 -0.440085 1.2
    endloop
  endfacet
  facet normal 0 0 -1
    outer loop
      vertex 9.29421 -0.542106 1.2
      vertex 9.29421 0.542106 1.2
      vertex 9.34246 0.440085 1.2
    endloop
  endfacet
  facet normal 0 0 -1
    outer loop
      vertex 9.23619 -0.638906 1.2
      vertex 9.29421 0.542106 1.2
      vertex 9.29421 -0.542106 1.2
    endloop
  endfacet
  facet normal 0 0 -1
    outer loop
      vertex 9.23619 -0.638906 1.2
      vertex 9.23619 0.638906 1.2
      vertex 9.29421 0.542106 1.2
    endloop
  endfacet
  facet normal 0 0 -1
    outer loop
      vertex 9.16896 -0.729552 1.2
      vertex 9.23619 0.638906 1.2
      vertex 9.23619 -0.638906 1.2
    endloop
  endfacet
  facet normal 0 0 -1
    outer loop
      vertex 9.16896 -0.729552 1.2
      vertex 9.16896 0.729552 1.2
      vertex 9.23619 0.638906 1.2
    endloop
  endfacet
  facet normal 0 0 -1
    outer loop
      vertex 9.09317 -0.813172 1.2
      vertex 9.16896 0.729552 1.2
      vertex 9.16896 -0.729552 1.2
    endloop
  endfacet
  facet normal 0 0 -1
    outer loop
      vertex 9.09317 -0.813172 1.2
      vertex 9.09317 0.813172 1.2
      vertex 9.16896 0.729552 1.2
    endloop
  endfacet
  facet normal 0 0 -1
    outer loop
      vertex 9.00955 -0.888962 1.2
      vertex 9.09317 0.813172 1.2
      vertex 9.09317 -0.813172 1.2
    endloop
  endfacet
  facet normal 0 0 -1
    outer loop
      vertex 9.00955 -0.888962 1.2
      vertex 9.00955 0.888962 1.2
      vertex 9.09317 0.813172 1.2
    endloop
  endfacet
  facet normal 0 0 -1
    outer loop
      vertex 8.91891 -0.956189 1.2
      vertex 9.00955 0.888962 1.2
      vertex 9.00955 -0.888962 1.2
    endloop
  endfacet
  facet normal 0 0 -1
    outer loop
      vertex 8.91891 -0.956189 1.2
      vertex 8.91891 0.956189 1.2
      vertex 9.00955 0.888962 1.2
    endloop
  endfacet
  facet normal 0 0 -1
    outer loop
      vertex 8.82211 -1.01421 1.2
      vertex 8.91891 0.956189 1.2
      vertex 8.91891 -0.956189 1.2
    endloop
  endfacet
  facet normal 0 0 -1
    outer loop
      vertex 8.82211 -1.01421 1.2
      vertex 8.82211 1.01421 1.2
      vertex 8.91891 0.956189 1.2
    endloop
  endfacet
  facet normal 0 0 -1
    outer loop
      vertex 8.72009 -1.06246 1.2
      vertex 8.82211 1.01421 1.2
      vertex 8.82211 -1.01421 1.2
    endloop
  endfacet
  facet normal 0 0 -1
    outer loop
      vertex 8.72009 -1.06246 1.2
      vertex 8.72009 1.06246 1.2
      vertex 8.82211 1.01421 1.2
    endloop
  endfacet
  facet normal 0 0 -1
    outer loop
      vertex 8.61383 -1.10048 1.2
      vertex 8.72009 1.06246 1.2
      vertex 8.72009 -1.06246 1.2
    endloop
  endfacet
  facet normal 0 0 -1
    outer loop
      vertex 8.61383 -1.10048 1.2
      vertex 8.61383 1.10048 1.2
      vertex 8.72009 1.06246 1.2
    endloop
  endfacet
  facet normal 0 0 -1
    outer loop
      vertex 8.50435 -1.1279 1.2
      vertex 8.61383 1.10048 1.2
      vertex 8.61383 -1.10048 1.2
    endloop
  endfacet
  facet normal 0 0 -1
    outer loop
      vertex 8.50435 -1.1279 1.2
      vertex 8.50435 1.1279 1.2
      vertex 8.61383 1.10048 1.2
    endloop
  endfacet
  facet normal 0 0 -1
    outer loop
      vertex 8.39272 -1.14446 1.2
      vertex 8.50435 1.1279 1.2
      vertex 8.50435 -1.1279 1.2
    endloop
  endfacet
  facet normal 0 0 -1
    outer loop
      vertex 8.39272 -1.14446 1.2
      vertex 8.39272 1.14446 1.2
      vertex 8.50435 1.1279 1.2
    endloop
  endfacet
  facet normal 0 0 -1
    outer loop
      vertex 8.28 -1.15 1.2
      vertex 8.39272 1.14446 1.2
      vertex 8.39272 -1.14446 1.2
    endloop
  endfacet
  facet normal 0 0 -1
    outer loop
      vertex 8.28 -1.15 1.2
      vertex 8.28 1.15 1.2
      vertex 8.39272 1.14446 1.2
    endloop
  endfacet
  facet normal 0 0 -1
    outer loop
      vertex 8.16728 -1.14446 1.2
      vertex 8.28 1.15 1.2
      vertex 8.28 -1.15 1.2
    endloop
  endfacet
  facet normal 0 0 -1
    outer loop
      vertex 8.16728 -1.14446 1.2
      vertex 8.16728 1.14446 1.2
      vertex 8.28 1.15 1.2
    endloop
  endfacet
  facet normal 0 0 -1
    outer loop
      vertex 8.05565 -1.1279 1.2
      vertex 8.16728 1.14446 1.2
      vertex 8.16728 -1.14446 1.2
    endloop
  endfacet
  facet normal 0 0 -1
    outer loop
      vertex 8.05565 -1.1279 1.2
      vertex 8.05565 1.1279 1.2
      vertex 8.16728 1.14446 1.2
    endloop
  endfacet
  facet normal 0 0 -1
    outer loop
      vertex 7.94617 -1.10048 1.2
      vertex 8.05565 1.1279 1.2
      vertex 8.05565 -1.1279 1.2
    endloop
  endfacet
  facet normal 0 0 -1
    outer loop
      vertex 7.94617 -1.10048 1.2
      vertex 7.94617 1.10048 1.2
      vertex 8.05565 1.1279 1.2
    endloop
  endfacet
  facet normal 0 0 -1
    outer loop
      vertex 7.83991 -1.06246 1.2
      vertex 7.94617 1.10048 1.2
      vertex 7.94617 -1.10048 1.2
    endloop
  endfacet
  facet normal 0 0 -1
    outer loop
      vertex 7.83991 -1.06246 1.2
      vertex 7.83991 1.06246 1.2
      vertex 7.94617 1.10048 1.2
    endloop
  endfacet
  facet normal 0 0 -1
    outer loop
      vertex 7.73789 -1.01421 1.2
      vertex 7.83991 1.06246 1.2
      vertex 7.83991 -1.06246 1.2
    endloop
  endfacet
  facet normal 0 0 -1
    outer loop
      vertex 7.73789 -1.01421 1.2
      vertex 7.73789 1.01421 1.2
      vertex 7.83991 1.06246 1.2
    endloop
  endfacet
  facet normal 0 0 -1
    outer loop
      vertex 7.64109 -0.956189 1.2
      vertex 7.73789 1.01421 1.2
      vertex 7.73789 -1.01421 1.2
    endloop
  endfacet
  facet normal 0 0 -1
    outer loop
      vertex 7.64109 -0.956189 1.2
      vertex 7.64109 0.956189 1.2
      vertex 7.73789 1.01421 1.2
    endloop
  endfacet
  facet normal 0 0 -1
    outer loop
      vertex 7.55045 -0.888962 1.2
      vertex 7.64109 0.956189 1.2
      vertex 7.64109 -0.956189 1.2
    endloop
  endfacet
  facet normal 0 0 -1
    outer loop
      vertex 7.55045 -0.888962 1.2
      vertex 7.55045 0.888962 1.2
      vertex 7.64109 0.956189 1.2
    endloop
  endfacet
  facet normal 0 0 -1
    outer loop
      vertex 7.46683 -0.813172 1.2
      vertex 7.55045 0.888962 1.2
      vertex 7.55045 -0.888962 1.2
    endloop
  endfacet
  facet normal 0 0 -1
    outer loop
      vertex 7.46683 -0.813172 1.2
      vertex 7.46683 0.813172 1.2
      vertex 7.55045 0.888962 1.2
    endloop
  endfacet
  facet normal 0 0 -1
    outer loop
      vertex 7.39104 -0.729552 1.2
      vertex 7.46683 0.813172 1.2
      vertex 7.46683 -0.813172 1.2
    endloop
  endfacet
  facet normal 0 0 -1
    outer loop
      vertex 7.39104 -0.729552 1.2
      vertex 7.39104 0.729552 1.2
      vertex 7.46683 0.813172 1.2
    endloop
  endfacet
  facet normal 0 0 -1
    outer loop
      vertex 7.32381 -0.638906 1.2
      vertex 7.39104 0.729552 1.2
      vertex 7.39104 -0.729552 1.2
    endloop
  endfacet
  facet normal 0 0 -1
    outer loop
      vertex 7.32381 -0.638906 1.2
      vertex 7.32381 0.638906 1.2
      vertex 7.39104 0.729552 1.2
    endloop
  endfacet
  facet normal 0 0 -1
    outer loop
      vertex 7.26579 -0.542106 1.2
      vertex 7.32381 0.638906 1.2
      vertex 7.32381 -0.638906 1.2
    endloop
  endfacet
  facet normal 0 0 -1
    outer loop
      vertex 7.26579 -0.542106 1.2
      vertex 7.26579 0.542106 1.2
      vertex 7.32381 0.638906 1.2
    endloop
  endfacet
  facet normal 0 0 -1
    outer loop
      vertex 7.21754 -0.440085 1.2
      vertex 7.26579 0.542106 1.2
      vertex 7.26579 -0.542106 1.2
    endloop
  endfacet
  facet normal 0 0 -1
    outer loop
      vertex 7.21754 -0.440085 1.2
      vertex 7.21754 0.440085 1.2
      vertex 7.26579 0.542106 1.2
    endloop
  endfacet
  facet normal 0 0 -1
    outer loop
      vertex 7.17952 -0.333827 1.2
      vertex 7.21754 0.440085 1.2
      vertex 7.21754 -0.440085 1.2
    endloop
  endfacet
  facet normal 0 0 -1
    outer loop
      vertex 7.17952 -0.333827 1.2
      vertex 7.17952 0.333827 1.2
      vertex 7.21754 0.440085 1.2
    endloop
  endfacet
  facet normal 0 0 -1
    outer loop
      vertex 7.1521 -0.224354 1.2
      vertex 7.17952 0.333827 1.2
      vertex 7.17952 -0.333827 1.2
    endloop
  endfacet
  facet normal 0 0 -1
    outer loop
      vertex 7.1521 -0.224354 1.2
      vertex 7.1521 0.224354 1.2
      vertex 7.17952 0.333827 1.2
    endloop
  endfacet
  facet normal 0 0 -1
    outer loop
      vertex 7.13554 -0.11272 1.2
      vertex 7.1521 0.224354 1.2
      vertex 7.1521 -0.224354 1.2
    endloop
  endfacet
  facet normal 0 0 -1
    outer loop
      vertex 7.13554 -0.11272 1.2
      vertex 7.13554 0.11272 1.2
      vertex 7.1521 0.224354 1.2
    endloop
  endfacet
  facet normal 0 -0 -1
    outer loop
      vertex 7.13554 0.11272 1.2
      vertex 7.13554 -0.11272 1.2
      vertex 7.13 0 1.2
    endloop
  endfacet
  facet normal -0.514111 -0.857723 0
    outer loop
      vertex 8.82211 1.01421 0
      vertex 8.91891 0.956189 1.2
      vertex 8.82211 1.01421 1.2
    endloop
  endfacet
  facet normal -0.514111 -0.857723 -0
    outer loop
      vertex 8.91891 0.956189 1.2
      vertex 8.82211 1.01421 0
      vertex 8.91891 0.956189 0
    endloop
  endfacet
  facet normal 0.427542 0.903996 -0
    outer loop
      vertex 7.83991 -1.06246 0
      vertex 7.73789 -1.01421 1.2
      vertex 7.83991 -1.06246 1.2
    endloop
  endfacet
  facet normal 0.427542 0.903996 0
    outer loop
      vertex 7.73789 -1.01421 1.2
      vertex 7.83991 -1.06246 0
      vertex 7.73789 -1.01421 0
    endloop
  endfacet
  facet normal 0.970035 0.242967 0
    outer loop
      vertex 7.17952 -0.333827 1.2
      vertex 7.1521 -0.224354 0
      vertex 7.1521 -0.224354 1.2
    endloop
  endfacet
  facet normal 0.970035 0.242967 0
    outer loop
      vertex 7.1521 -0.224354 0
      vertex 7.17952 -0.333827 1.2
      vertex 7.17952 -0.333827 0
    endloop
  endfacet
  facet normal -0.998794 0.0490891 0
    outer loop
      vertex 9.42446 -0.11272 0
      vertex 9.43 0 1.2
      vertex 9.43 0 0
    endloop
  endfacet
  facet normal -0.998794 0.0490891 0
    outer loop
      vertex 9.43 0 1.2
      vertex 9.42446 -0.11272 0
      vertex 9.42446 -0.11272 1.2
    endloop
  endfacet
  facet normal 0.336886 -0.941545 0
    outer loop
      vertex 7.83991 1.06246 0
      vertex 7.94617 1.10048 1.2
      vertex 7.83991 1.06246 1.2
    endloop
  endfacet
  facet normal 0.336886 -0.941545 0
    outer loop
      vertex 7.94617 1.10048 1.2
      vertex 7.83991 1.06246 0
      vertex 7.94617 1.10048 0
    endloop
  endfacet
  facet normal 0.740946 -0.671565 0
    outer loop
      vertex 7.39104 0.729552 1.2
      vertex 7.46683 0.813172 0
      vertex 7.46683 0.813172 1.2
    endloop
  endfacet
  facet normal 0.740946 -0.671565 0
    outer loop
      vertex 7.46683 0.813172 0
      vertex 7.39104 0.729552 1.2
      vertex 7.39104 0.729552 0
    endloop
  endfacet
  facet normal -0.0490891 -0.998794 0
    outer loop
      vertex 8.28 1.15 0
      vertex 8.39272 1.14446 1.2
      vertex 8.28 1.15 1.2
    endloop
  endfacet
  facet normal -0.0490891 -0.998794 -0
    outer loop
      vertex 8.39272 1.14446 1.2
      vertex 8.28 1.15 0
      vertex 8.39272 1.14446 0
    endloop
  endfacet
  facet normal 0.146741 0.989175 -0
    outer loop
      vertex 8.16728 -1.14446 0
      vertex 8.05565 -1.1279 1.2
      vertex 8.16728 -1.14446 1.2
    endloop
  endfacet
  facet normal 0.146741 0.989175 0
    outer loop
      vertex 8.05565 -1.1279 1.2
      vertex 8.16728 -1.14446 0
      vertex 8.05565 -1.1279 0
    endloop
  endfacet
  facet normal -0.941543 -0.336892 0
    outer loop
      vertex 9.38048 0.333827 0
      vertex 9.34246 0.440085 1.2
      vertex 9.34246 0.440085 0
    endloop
  endfacet
  facet normal -0.941543 -0.336892 0
    outer loop
      vertex 9.34246 0.440085 1.2
      vertex 9.38048 0.333827 0
      vertex 9.38048 0.333827 1.2
    endloop
  endfacet
  facet normal -0.242953 -0.970038 0
    outer loop
      vertex 8.50435 1.1279 0
      vertex 8.61383 1.10048 1.2
      vertex 8.50435 1.1279 1.2
    endloop
  endfacet
  facet normal -0.242953 -0.970038 -0
    outer loop
      vertex 8.61383 1.10048 1.2
      vertex 8.50435 1.1279 0
      vertex 8.61383 1.10048 0
    endloop
  endfacet
  facet normal -0.970035 0.242967 0
    outer loop
      vertex 9.38048 -0.333827 0
      vertex 9.4079 -0.224354 1.2
      vertex 9.4079 -0.224354 0
    endloop
  endfacet
  facet normal -0.970035 0.242967 0
    outer loop
      vertex 9.4079 -0.224354 1.2
      vertex 9.38048 -0.333827 0
      vertex 9.38048 -0.333827 1.2
    endloop
  endfacet
  facet normal -0.989176 0.146736 0
    outer loop
      vertex 9.4079 -0.224354 0
      vertex 9.42446 -0.11272 1.2
      vertex 9.42446 -0.11272 0
    endloop
  endfacet
  facet normal -0.989176 0.146736 0
    outer loop
      vertex 9.42446 -0.11272 1.2
      vertex 9.4079 -0.224354 0
      vertex 9.4079 -0.224354 1.2
    endloop
  endfacet
  facet normal -0.336886 -0.941545 0
    outer loop
      vertex 8.61383 1.10048 0
      vertex 8.72009 1.06246 1.2
      vertex 8.61383 1.10048 1.2
    endloop
  endfacet
  facet normal -0.336886 -0.941545 -0
    outer loop
      vertex 8.72009 1.06246 1.2
      vertex 8.61383 1.10048 0
      vertex 8.72009 1.06246 0
    endloop
  endfacet
  facet normal 0.242953 -0.970038 0
    outer loop
      vertex 7.94617 1.10048 0
      vertex 8.05565 1.1279 1.2
      vertex 7.94617 1.10048 1.2
    endloop
  endfacet
  facet normal 0.242953 -0.970038 0
    outer loop
      vertex 8.05565 1.1279 1.2
      vertex 7.94617 1.10048 0
      vertex 8.05565 1.1279 0
    endloop
  endfacet
  facet normal -0.0490891 0.998794 0
    outer loop
      vertex 8.39272 -1.14446 0
      vertex 8.28 -1.15 1.2
      vertex 8.39272 -1.14446 1.2
    endloop
  endfacet
  facet normal -0.0490891 0.998794 0
    outer loop
      vertex 8.28 -1.15 1.2
      vertex 8.39272 -1.14446 0
      vertex 8.28 -1.15 0
    endloop
  endfacet
  facet normal -0.857727 0.514105 0
    outer loop
      vertex 9.23619 -0.638906 0
      vertex 9.29421 -0.542106 1.2
      vertex 9.29421 -0.542106 0
    endloop
  endfacet
  facet normal -0.857727 0.514105 0
    outer loop
      vertex 9.29421 -0.542106 1.2
      vertex 9.23619 -0.638906 0
      vertex 9.23619 -0.638906 1.2
    endloop
  endfacet
  facet normal 0.242953 0.970038 -0
    outer loop
      vertex 8.05565 -1.1279 0
      vertex 7.94617 -1.10048 1.2
      vertex 8.05565 -1.1279 1.2
    endloop
  endfacet
  facet normal 0.242953 0.970038 0
    outer loop
      vertex 7.94617 -1.10048 1.2
      vertex 8.05565 -1.1279 0
      vertex 7.94617 -1.10048 0
    endloop
  endfacet
  facet normal -0.514111 0.857723 0
    outer loop
      vertex 8.91891 -0.956189 0
      vertex 8.82211 -1.01421 1.2
      vertex 8.91891 -0.956189 1.2
    endloop
  endfacet
  facet normal -0.514111 0.857723 0
    outer loop
      vertex 8.82211 -1.01421 1.2
      vertex 8.91891 -0.956189 0
      vertex 8.82211 -1.01421 0
    endloop
  endfacet
  facet normal -0.941543 0.336892 0
    outer loop
      vertex 9.34246 -0.440085 0
      vertex 9.38048 -0.333827 1.2
      vertex 9.38048 -0.333827 0
    endloop
  endfacet
  facet normal -0.941543 0.336892 0
    outer loop
      vertex 9.38048 -0.333827 1.2
      vertex 9.34246 -0.440085 0
      vertex 9.34246 -0.440085 1.2
    endloop
  endfacet
  facet normal -0.427542 -0.903996 0
    outer loop
      vertex 8.72009 1.06246 0
      vertex 8.82211 1.01421 1.2
      vertex 8.72009 1.06246 1.2
    endloop
  endfacet
  facet normal -0.427542 -0.903996 -0
    outer loop
      vertex 8.82211 1.01421 1.2
      vertex 8.72009 1.06246 0
      vertex 8.82211 1.01421 0
    endloop
  endfacet
  facet normal 0.427542 -0.903996 0
    outer loop
      vertex 7.73789 1.01421 0
      vertex 7.83991 1.06246 1.2
      vertex 7.73789 1.01421 1.2
    endloop
  endfacet
  facet normal 0.427542 -0.903996 0
    outer loop
      vertex 7.83991 1.06246 1.2
      vertex 7.73789 1.01421 0
      vertex 7.83991 1.06246 0
    endloop
  endfacet
  facet normal 0.514111 -0.857723 0
    outer loop
      vertex 7.64109 0.956189 0
      vertex 7.73789 1.01421 1.2
      vertex 7.64109 0.956189 1.2
    endloop
  endfacet
  facet normal 0.514111 -0.857723 0
    outer loop
      vertex 7.73789 1.01421 1.2
      vertex 7.64109 0.956189 0
      vertex 7.73789 1.01421 0
    endloop
  endfacet
  facet normal -0.857727 -0.514105 0
    outer loop
      vertex 9.29421 0.542106 0
      vertex 9.23619 0.638906 1.2
      vertex 9.23619 0.638906 0
    endloop
  endfacet
  facet normal -0.857727 -0.514105 0
    outer loop
      vertex 9.23619 0.638906 1.2
      vertex 9.29421 0.542106 0
      vertex 9.29421 0.542106 1.2
    endloop
  endfacet
  facet normal -0.671565 -0.740946 0
    outer loop
      vertex 9.00955 0.888962 0
      vertex 9.09317 0.813172 1.2
      vertex 9.00955 0.888962 1.2
    endloop
  endfacet
  facet normal -0.671565 -0.740946 -0
    outer loop
      vertex 9.09317 0.813172 1.2
      vertex 9.00955 0.888962 0
      vertex 9.09317 0.813172 0
    endloop
  endfacet
  facet normal -0.146741 -0.989175 0
    outer loop
      vertex 8.39272 1.14446 0
      vertex 8.50435 1.1279 1.2
      vertex 8.39272 1.14446 1.2
    endloop
  endfacet
  facet normal -0.146741 -0.989175 -0
    outer loop
      vertex 8.50435 1.1279 1.2
      vertex 8.39272 1.14446 0
      vertex 8.50435 1.1279 0
    endloop
  endfacet
  facet normal 0.671565 -0.740946 0
    outer loop
      vertex 7.46683 0.813172 0
      vertex 7.55045 0.888962 1.2
      vertex 7.46683 0.813172 1.2
    endloop
  endfacet
  facet normal 0.671565 -0.740946 0
    outer loop
      vertex 7.55045 0.888962 1.2
      vertex 7.46683 0.813172 0
      vertex 7.55045 0.888962 0
    endloop
  endfacet
  facet normal 0.857727 0.514105 0
    outer loop
      vertex 7.32381 -0.638906 1.2
      vertex 7.26579 -0.542106 0
      vertex 7.26579 -0.542106 1.2
    endloop
  endfacet
  facet normal 0.857727 0.514105 0
    outer loop
      vertex 7.26579 -0.542106 0
      vertex 7.32381 -0.638906 1.2
      vertex 7.32381 -0.638906 0
    endloop
  endfacet
  facet normal 0.0490891 -0.998794 0
    outer loop
      vertex 8.16728 1.14446 0
      vertex 8.28 1.15 1.2
      vertex 8.16728 1.14446 1.2
    endloop
  endfacet
  facet normal 0.0490891 -0.998794 0
    outer loop
      vertex 8.28 1.15 1.2
      vertex 8.16728 1.14446 0
      vertex 8.28 1.15 0
    endloop
  endfacet
  facet normal 0.740946 0.671565 0
    outer loop
      vertex 7.46683 -0.813172 1.2
      vertex 7.39104 -0.729552 0
      vertex 7.39104 -0.729552 1.2
    endloop
  endfacet
  facet normal 0.740946 0.671565 0
    outer loop
      vertex 7.39104 -0.729552 0
      vertex 7.46683 -0.813172 1.2
      vertex 7.46683 -0.813172 0
    endloop
  endfacet
  facet normal -0.740946 -0.671565 0
    outer loop
      vertex 9.16896 0.729552 0
      vertex 9.09317 0.813172 1.2
      vertex 9.09317 0.813172 0
    endloop
  endfacet
  facet normal -0.740946 -0.671565 0
    outer loop
      vertex 9.09317 0.813172 1.2
      vertex 9.16896 0.729552 0
      vertex 9.16896 0.729552 1.2
    endloop
  endfacet
  facet normal 0.595721 0.803191 -0
    outer loop
      vertex 7.64109 -0.956189 0
      vertex 7.55045 -0.888962 1.2
      vertex 7.64109 -0.956189 1.2
    endloop
  endfacet
  facet normal 0.595721 0.803191 0
    outer loop
      vertex 7.55045 -0.888962 1.2
      vertex 7.64109 -0.956189 0
      vertex 7.55045 -0.888962 0
    endloop
  endfacet
  facet normal 0.989176 0.146736 0
    outer loop
      vertex 7.1521 -0.224354 1.2
      vertex 7.13554 -0.11272 0
      vertex 7.13554 -0.11272 1.2
    endloop
  endfacet
  facet normal 0.989176 0.146736 0
    outer loop
      vertex 7.13554 -0.11272 0
      vertex 7.1521 -0.224354 1.2
      vertex 7.1521 -0.224354 0
    endloop
  endfacet
  facet normal 0.803198 0.595713 0
    outer loop
      vertex 7.39104 -0.729552 1.2
      vertex 7.32381 -0.638906 0
      vertex 7.32381 -0.638906 1.2
    endloop
  endfacet
  facet normal 0.803198 0.595713 0
    outer loop
      vertex 7.32381 -0.638906 0
      vertex 7.39104 -0.729552 1.2
      vertex 7.39104 -0.729552 0
    endloop
  endfacet
  facet normal 0.998794 0.0490891 0
    outer loop
      vertex 7.13554 -0.11272 1.2
      vertex 7.13 0 0
      vertex 7.13 0 1.2
    endloop
  endfacet
  facet normal 0.998794 0.0490891 0
    outer loop
      vertex 7.13 0 0
      vertex 7.13554 -0.11272 1.2
      vertex 7.13554 -0.11272 0
    endloop
  endfacet
  facet normal 0.941543 -0.336892 0
    outer loop
      vertex 7.17952 0.333827 1.2
      vertex 7.21754 0.440085 0
      vertex 7.21754 0.440085 1.2
    endloop
  endfacet
  facet normal 0.941543 -0.336892 0
    outer loop
      vertex 7.21754 0.440085 0
      vertex 7.17952 0.333827 1.2
      vertex 7.17952 0.333827 0
    endloop
  endfacet
  facet normal 0.903997 0.427538 0
    outer loop
      vertex 7.26579 -0.542106 1.2
      vertex 7.21754 -0.440085 0
      vertex 7.21754 -0.440085 1.2
    endloop
  endfacet
  facet normal 0.903997 0.427538 0
    outer loop
      vertex 7.21754 -0.440085 0
      vertex 7.26579 -0.542106 1.2
      vertex 7.26579 -0.542106 0
    endloop
  endfacet
  facet normal -0.595721 0.803191 0
    outer loop
      vertex 9.00955 -0.888962 0
      vertex 8.91891 -0.956189 1.2
      vertex 9.00955 -0.888962 1.2
    endloop
  endfacet
  facet normal -0.595721 0.803191 0
    outer loop
      vertex 8.91891 -0.956189 1.2
      vertex 9.00955 -0.888962 0
      vertex 8.91891 -0.956189 0
    endloop
  endfacet
  facet normal 0.803198 -0.595713 0
    outer loop
      vertex 7.32381 0.638906 1.2
      vertex 7.39104 0.729552 0
      vertex 7.39104 0.729552 1.2
    endloop
  endfacet
  facet normal 0.803198 -0.595713 0
    outer loop
      vertex 7.39104 0.729552 0
      vertex 7.32381 0.638906 1.2
      vertex 7.32381 0.638906 0
    endloop
  endfacet
  facet normal 0.970035 -0.242967 0
    outer loop
      vertex 7.1521 0.224354 1.2
      vertex 7.17952 0.333827 0
      vertex 7.17952 0.333827 1.2
    endloop
  endfacet
  facet normal 0.970035 -0.242967 0
    outer loop
      vertex 7.17952 0.333827 0
      vertex 7.1521 0.224354 1.2
      vertex 7.1521 0.224354 0
    endloop
  endfacet
  facet normal 0.903997 -0.427538 0
    outer loop
      vertex 7.21754 0.440085 1.2
      vertex 7.26579 0.542106 0
      vertex 7.26579 0.542106 1.2
    endloop
  endfacet
  facet normal 0.903997 -0.427538 0
    outer loop
      vertex 7.26579 0.542106 0
      vertex 7.21754 0.440085 1.2
      vertex 7.21754 0.440085 0
    endloop
  endfacet
  facet normal 0.336886 0.941545 -0
    outer loop
      vertex 7.94617 -1.10048 0
      vertex 7.83991 -1.06246 1.2
      vertex 7.94617 -1.10048 1.2
    endloop
  endfacet
  facet normal 0.336886 0.941545 0
    outer loop
      vertex 7.83991 -1.06246 1.2
      vertex 7.94617 -1.10048 0
      vertex 7.83991 -1.06246 0
    endloop
  endfacet
  facet normal 0.0490891 0.998794 -0
    outer loop
      vertex 8.28 -1.15 0
      vertex 8.16728 -1.14446 1.2
      vertex 8.28 -1.15 1.2
    endloop
  endfacet
  facet normal 0.0490891 0.998794 0
    outer loop
      vertex 8.16728 -1.14446 1.2
      vertex 8.28 -1.15 0
      vertex 8.16728 -1.14446 0
    endloop
  endfacet
  facet normal 0.998794 -0.0490891 0
    outer loop
      vertex 7.13 0 1.2
      vertex 7.13554 0.11272 0
      vertex 7.13554 0.11272 1.2
    endloop
  endfacet
  facet normal 0.998794 -0.0490891 0
    outer loop
      vertex 7.13554 0.11272 0
      vertex 7.13 0 1.2
      vertex 7.13 0 0
    endloop
  endfacet
  facet normal 0.671565 0.740946 -0
    outer loop
      vertex 7.55045 -0.888962 0
      vertex 7.46683 -0.813172 1.2
      vertex 7.55045 -0.888962 1.2
    endloop
  endfacet
  facet normal 0.671565 0.740946 0
    outer loop
      vertex 7.46683 -0.813172 1.2
      vertex 7.55045 -0.888962 0
      vertex 7.46683 -0.813172 0
    endloop
  endfacet
  facet normal -0.740946 0.671565 0
    outer loop
      vertex 9.09317 -0.813172 0
      vertex 9.16896 -0.729552 1.2
      vertex 9.16896 -0.729552 0
    endloop
  endfacet
  facet normal -0.740946 0.671565 0
    outer loop
      vertex 9.16896 -0.729552 1.2
      vertex 9.09317 -0.813172 0
      vertex 9.09317 -0.813172 1.2
    endloop
  endfacet
  facet normal -0.671565 0.740946 0
    outer loop
      vertex 9.09317 -0.813172 0
      vertex 9.00955 -0.888962 1.2
      vertex 9.09317 -0.813172 1.2
    endloop
  endfacet
  facet normal -0.671565 0.740946 0
    outer loop
      vertex 9.00955 -0.888962 1.2
      vertex 9.09317 -0.813172 0
      vertex 9.00955 -0.888962 0
    endloop
  endfacet
  facet normal 0 -1 0
    outer loop
      vertex -0.0386047 -1.0375 7.5316
      vertex 0.0299683 -1.0375 7.86186
      vertex -0.0805206 -1.0375 7.85687
    endloop
  endfacet
  facet normal 0 -1 0
    outer loop
      vertex -0.103287 -1.0375 7.52005
      vertex -0.0805206 -1.0375 7.85687
      vertex -0.185059 -1.0375 7.8419
    endloop
  endfacet
  facet normal 0 -1 0
    outer loop
      vertex 0.0989685 -1.0375 7.5316
      vertex 0.0299683 -1.0375 7.86186
      vertex 0.0299683 -1.0375 7.53546
    endloop
  endfacet
  facet normal 0 -1 0
    outer loop
      vertex -0.164078 -1.0375 7.50076
      vertex -0.185059 -1.0375 7.8419
      vertex -0.283661 -1.0375 7.81697
    endloop
  endfacet
  facet normal 0 -1 0
    outer loop
      vertex 0.0299683 -1.0375 7.86186
      vertex 0.0989685 -1.0375 7.5316
      vertex 0.140457 -1.0375 7.85687
    endloop
  endfacet
  facet normal 0 -1 0
    outer loop
      vertex -0.220978 -1.0375 7.47379
      vertex -0.283661 -1.0375 7.81697
      vertex -0.376297 -1.0375 7.78206
    endloop
  endfacet
  facet normal 0 -1 0
    outer loop
      vertex 0.164032 -1.0375 7.52005
      vertex 0.140457 -1.0375 7.85687
      vertex 0.0989685 -1.0375 7.5316
    endloop
  endfacet
  facet normal 0 -1 0
    outer loop
      vertex -0.220978 -1.0375 7.47379
      vertex -0.376297 -1.0375 7.78206
      vertex -0.462982 -1.0375 7.73717
    endloop
  endfacet
  facet normal 0 -1 0
    outer loop
      vertex 0.140457 -1.0375 7.85687
      vertex 0.164032 -1.0375 7.52005
      vertex 0.24501 -1.0375 7.8419
    endloop
  endfacet
  facet normal 0 -1 0
    outer loop
      vertex -0.273987 -1.0375 7.43909
      vertex -0.462982 -1.0375 7.73717
      vertex -0.543716 -1.0375 7.6823
    endloop
  endfacet
  facet normal 0 -1 0
    outer loop
      vertex 0.225159 -1.0375 7.50076
      vertex 0.24501 -1.0375 7.8419
      vertex 0.164032 -1.0375 7.52005
    endloop
  endfacet
  facet normal 0 -1 0
    outer loop
      vertex -0.323105 -1.0375 7.39668
      vertex -0.543716 -1.0375 7.6823
      vertex -0.6185 -1.0375 7.61746
    endloop
  endfacet
  facet normal 0 -1 -0
    outer loop
      vertex 0.24501 -1.0375 7.8419
      vertex 0.225159 -1.0375 7.50076
      vertex 0.343597 -1.0375 7.81697
    endloop
  endfacet
  facet normal 0 -1 0
    outer loop
      vertex -0.368317 -1.0375 7.34657
      vertex -0.6185 -1.0375 7.61746
      vertex -0.687332 -1.0375 7.54265
    endloop
  endfacet
  facet normal 0 -1 0
    outer loop
      vertex 0.282333 -1.0375 7.47379
      vertex 0.343597 -1.0375 7.81697
      vertex 0.225159 -1.0375 7.50076
    endloop
  endfacet
  facet normal 0 -1 -0
    outer loop
      vertex 0.343597 -1.0375 7.81697
      vertex 0.282333 -1.0375 7.47379
      vertex 0.436234 -1.0375 7.78206
    endloop
  endfacet
  facet normal 0 -1 -0
    outer loop
      vertex 0.0299683 -1.0375 7.86186
      vertex -0.0386047 -1.0375 7.5316
      vertex 0.0299683 -1.0375 7.53546
    endloop
  endfacet
  facet normal 0 -1 -0
    outer loop
      vertex -0.0805206 -1.0375 7.85687
      vertex -0.103287 -1.0375 7.52005
      vertex -0.0386047 -1.0375 7.5316
    endloop
  endfacet
  facet normal 0 -1 0
    outer loop
      vertex -0.185059 -1.0375 7.8419
      vertex -0.164078 -1.0375 7.50076
      vertex -0.103287 -1.0375 7.52005
    endloop
  endfacet
  facet normal 0 -1 0
    outer loop
      vertex -0.283661 -1.0375 7.81697
      vertex -0.220978 -1.0375 7.47379
      vertex -0.164078 -1.0375 7.50076
    endloop
  endfacet
  facet normal 0 -1 0
    outer loop
      vertex -0.409653 -1.0375 7.28876
      vertex -0.687332 -1.0375 7.54265
      vertex -0.750198 -1.0375 7.45786
    endloop
  endfacet
  facet normal 0 -1 0
    outer loop
      vertex -0.462982 -1.0375 7.73717
      vertex -0.273987 -1.0375 7.43909
      vertex -0.220978 -1.0375 7.47379
    endloop
  endfacet
  facet normal 0 -1 0
    outer loop
      vertex -0.543716 -1.0375 7.6823
      vertex -0.323105 -1.0375 7.39668
      vertex -0.273987 -1.0375 7.43909
    endloop
  endfacet
  facet normal 0 -1 0
    outer loop
      vertex -0.447083 -1.0375 7.22322
      vertex -0.750198 -1.0375 7.45786
      vertex -0.806778 -1.0375 7.36357
    endloop
  endfacet
  facet normal 0 -1 0
    outer loop
      vertex -0.6185 -1.0375 7.61746
      vertex -0.368317 -1.0375 7.34657
      vertex -0.323105 -1.0375 7.39668
    endloop
  endfacet
  facet normal 0 -1 0
    outer loop
      vertex -0.687332 -1.0375 7.54265
      vertex -0.409653 -1.0375 7.28876
      vertex -0.368317 -1.0375 7.34657
    endloop
  endfacet
  facet normal 0 -1 0
    outer loop
      vertex -0.480591 -1.0375 7.14996
      vertex -0.806778 -1.0375 7.36357
      vertex -0.856689 -1.0375 7.26027
    endloop
  endfacet
  facet normal 0 -1 0
    outer loop
      vertex -0.750198 -1.0375 7.45786
      vertex -0.447083 -1.0375 7.22322
      vertex -0.409653 -1.0375 7.28876
    endloop
  endfacet
  facet normal 0 -1 0
    outer loop
      vertex -0.806778 -1.0375 7.36357
      vertex -0.480591 -1.0375 7.14996
      vertex -0.447083 -1.0375 7.22322
    endloop
  endfacet
  facet normal 0 -1 0
    outer loop
      vertex -0.510162 -1.0375 7.06894
      vertex -0.856689 -1.0375 7.26027
      vertex -0.899948 -1.0375 7.14793
    endloop
  endfacet
  facet normal 0 -1 0
    outer loop
      vertex -0.856689 -1.0375 7.26027
      vertex -0.510162 -1.0375 7.06894
      vertex -0.480591 -1.0375 7.14996
    endloop
  endfacet
  facet normal 0 -1 0
    outer loop
      vertex -0.535797 -1.0375 6.98016
      vertex -0.899948 -1.0375 7.14793
      vertex -0.936554 -1.0375 7.02658
    endloop
  endfacet
  facet normal 0 -1 0
    outer loop
      vertex -0.899948 -1.0375 7.14793
      vertex -0.535797 -1.0375 6.98016
      vertex -0.510162 -1.0375 7.06894
    endloop
  endfacet
  facet normal 0 -1 0
    outer loop
      vertex -0.55748 -1.0375 6.88362
      vertex -0.936554 -1.0375 7.02658
      vertex -0.966507 -1.0375 6.89621
    endloop
  endfacet
  facet normal 0 -1 0
    outer loop
      vertex -0.936554 -1.0375 7.02658
      vertex -0.55748 -1.0375 6.88362
      vertex -0.535797 -1.0375 6.98016
    endloop
  endfacet
  facet normal 0 -1 0
    outer loop
      vertex -0.966507 -1.0375 6.89621
      vertex -0.575226 -1.0375 6.77933
      vertex -0.55748 -1.0375 6.88362
    endloop
  endfacet
  facet normal 0 -1 0
    outer loop
      vertex -0.989807 -1.0375 6.75682
      vertex -0.575226 -1.0375 6.77933
      vertex -0.966507 -1.0375 6.89621
    endloop
  endfacet
  facet normal 0 -1 0
    outer loop
      vertex -0.989807 -1.0375 6.75682
      vertex -0.589035 -1.0375 6.66727
      vertex -0.575226 -1.0375 6.77933
    endloop
  endfacet
  facet normal 0 -1 0
    outer loop
      vertex -1.00644 -1.0375 6.60841
      vertex -0.589035 -1.0375 6.66727
      vertex -0.989807 -1.0375 6.75682
    endloop
  endfacet
  facet normal 0 -1 0
    outer loop
      vertex -1.00644 -1.0375 6.60841
      vertex -0.598892 -1.0375 6.54744
      vertex -0.589035 -1.0375 6.66727
    endloop
  endfacet
  facet normal 0 -1 0
    outer loop
      vertex -1.01642 -1.0375 6.45097
      vertex -0.598892 -1.0375 6.54744
      vertex -1.00644 -1.0375 6.60841
    endloop
  endfacet
  facet normal 0 -1 0
    outer loop
      vertex -1.01642 -1.0375 6.45097
      vertex -0.604797 -1.0375 6.41986
      vertex -0.598892 -1.0375 6.54744
    endloop
  endfacet
  facet normal 0 -1 0
    outer loop
      vertex -1.01974 -1.0375 6.28452
      vertex -0.604797 -1.0375 6.41986
      vertex -1.01642 -1.0375 6.45097
    endloop
  endfacet
  facet normal 0 -1 0
    outer loop
      vertex -1.01974 -1.0375 6.28452
      vertex -0.606766 -1.0375 6.28452
      vertex -0.604797 -1.0375 6.41986
    endloop
  endfacet
  facet normal 0 -1 0
    outer loop
      vertex -1.01974 -1.0375 6.28452
      vertex -0.604797 -1.0375 6.14963
      vertex -0.606766 -1.0375 6.28452
    endloop
  endfacet
  facet normal 0 -1 0
    outer loop
      vertex -1.01642 -1.0375 6.11852
      vertex -0.604797 -1.0375 6.14963
      vertex -1.01974 -1.0375 6.28452
    endloop
  endfacet
  facet normal 0 -1 0
    outer loop
      vertex -1.01642 -1.0375 6.11852
      vertex -0.598892 -1.0375 6.02242
      vertex -0.604797 -1.0375 6.14963
    endloop
  endfacet
  facet normal 0 -1 0
    outer loop
      vertex -1.00644 -1.0375 5.96146
      vertex -0.598892 -1.0375 6.02242
      vertex -1.01642 -1.0375 6.11852
    endloop
  endfacet
  facet normal 0 -1 0
    outer loop
      vertex -1.00644 -1.0375 5.96146
      vertex -0.589035 -1.0375 5.90292
      vertex -0.598892 -1.0375 6.02242
    endloop
  endfacet
  facet normal 0 -1 0
    outer loop
      vertex -0.989807 -1.0375 5.81337
      vertex -0.589035 -1.0375 5.90292
      vertex -1.00644 -1.0375 5.96146
    endloop
  endfacet
  facet normal 0 -1 0
    outer loop
      vertex -0.989807 -1.0375 5.81337
      vertex -0.575226 -1.0375 5.79114
      vertex -0.589035 -1.0375 5.90292
    endloop
  endfacet
  facet normal 0 -1 0
    outer loop
      vertex -0.966507 -1.0375 5.67424
      vertex -0.575226 -1.0375 5.79114
      vertex -0.989807 -1.0375 5.81337
    endloop
  endfacet
  facet normal 0 -1 -0
    outer loop
      vertex -0.575226 -1.0375 5.79114
      vertex -0.966507 -1.0375 5.67424
      vertex -0.55748 -1.0375 5.68707
    endloop
  endfacet
  facet normal 0 -1 0
    outer loop
      vertex -0.936554 -1.0375 5.5441
      vertex -0.55748 -1.0375 5.68707
      vertex -0.966507 -1.0375 5.67424
    endloop
  endfacet
  facet normal 0 -1 -0
    outer loop
      vertex -0.55748 -1.0375 5.68707
      vertex -0.936554 -1.0375 5.5441
      vertex -0.535797 -1.0375 5.5907
    endloop
  endfacet
  facet normal 0 -1 0
    outer loop
      vertex -0.899948 -1.0375 5.42293
      vertex -0.535797 -1.0375 5.5907
      vertex -0.936554 -1.0375 5.5441
    endloop
  endfacet
  facet normal 0 -1 -0
    outer loop
      vertex -0.535797 -1.0375 5.5907
      vertex -0.899948 -1.0375 5.42293
      vertex -0.510162 -1.0375 5.50204
    endloop
  endfacet
  facet normal 0 -1 0
    outer loop
      vertex -0.856689 -1.0375 5.31071
      vertex -0.510162 -1.0375 5.50204
      vertex -0.899948 -1.0375 5.42293
    endloop
  endfacet
  facet normal 0 -1 -0
    outer loop
      vertex -0.510162 -1.0375 5.50204
      vertex -0.856689 -1.0375 5.31071
      vertex -0.480591 -1.0375 5.42108
    endloop
  endfacet
  facet normal 0 -1 0
    outer loop
      vertex -0.806778 -1.0375 5.20749
      vertex -0.480591 -1.0375 5.42108
      vertex -0.856689 -1.0375 5.31071
    endloop
  endfacet
  facet normal 0 -1 -0
    outer loop
      vertex -0.480591 -1.0375 5.42108
      vertex -0.806778 -1.0375 5.20749
      vertex -0.447083 -1.0375 5.34785
    endloop
  endfacet
  facet normal 0 -1 0
    outer loop
      vertex -0.750198 -1.0375 5.11322
      vertex -0.447083 -1.0375 5.34785
      vertex -0.806778 -1.0375 5.20749
    endloop
  endfacet
  facet normal 0 -1 -0
    outer loop
      vertex -0.447083 -1.0375 5.34785
      vertex -0.750198 -1.0375 5.11322
      vertex -0.409653 -1.0375 5.28232
    endloop
  endfacet
  facet normal 0 -1 0
    outer loop
      vertex -0.687332 -1.0375 5.02843
      vertex -0.409653 -1.0375 5.28232
      vertex -0.750198 -1.0375 5.11322
    endloop
  endfacet
  facet normal 0 -1 -0
    outer loop
      vertex -0.409653 -1.0375 5.28232
      vertex -0.687332 -1.0375 5.02843
      vertex -0.368317 -1.0375 5.2245
    endloop
  endfacet
  facet normal 0 -1 0
    outer loop
      vertex -0.6185 -1.0375 4.95361
      vertex -0.368317 -1.0375 5.2245
      vertex -0.687332 -1.0375 5.02843
    endloop
  endfacet
  facet normal 0 -1 -0
    outer loop
      vertex -0.368317 -1.0375 5.2245
      vertex -0.6185 -1.0375 4.95361
      vertex -0.323105 -1.0375 5.17439
    endloop
  endfacet
  facet normal 0 -1 0
    outer loop
      vertex -0.543716 -1.0375 4.88878
      vertex -0.323105 -1.0375 5.17439
      vertex -0.6185 -1.0375 4.95361
    endloop
  endfacet
  facet normal 0 -1 -0
    outer loop
      vertex -0.323105 -1.0375 5.17439
      vertex -0.543716 -1.0375 4.88878
      vertex -0.273987 -1.0375 5.132
    endloop
  endfacet
  facet normal 0 -1 0
    outer loop
      vertex -0.462982 -1.0375 4.83392
      vertex -0.273987 -1.0375 5.132
      vertex -0.543716 -1.0375 4.88878
    endloop
  endfacet
  facet normal 0 -1 0
    outer loop
      vertex -0.376297 -1.0375 4.78903
      vertex -0.220978 -1.0375 5.09731
      vertex -0.462982 -1.0375 4.83392
    endloop
  endfacet
  facet normal 0 -1 -0
    outer loop
      vertex -0.273987 -1.0375 5.132
      vertex -0.462982 -1.0375 4.83392
      vertex -0.220978 -1.0375 5.09731
    endloop
  endfacet
  facet normal 0 -1 -0
    outer loop
      vertex 0.436234 -1.0375 7.78206
      vertex 0.282333 -1.0375 7.47379
      vertex 0.522919 -1.0375 7.73717
    endloop
  endfacet
  facet normal 0 -1 0
    outer loop
      vertex 0.335571 -1.0375 7.43909
      vertex 0.522919 -1.0375 7.73717
      vertex 0.282333 -1.0375 7.47379
    endloop
  endfacet
  facet normal 0 -1 -0
    outer loop
      vertex 0.522919 -1.0375 7.73717
      vertex 0.335571 -1.0375 7.43909
      vertex 0.603653 -1.0375 7.6823
    endloop
  endfacet
  facet normal 0 -1 0
    outer loop
      vertex 0.384857 -1.0375 7.39668
      vertex 0.603653 -1.0375 7.6823
      vertex 0.335571 -1.0375 7.43909
    endloop
  endfacet
  facet normal 0 -1 -0
    outer loop
      vertex 0.603653 -1.0375 7.6823
      vertex 0.384857 -1.0375 7.39668
      vertex 0.678436 -1.0375 7.61746
    endloop
  endfacet
  facet normal 0 -1 0
    outer loop
      vertex 0.430206 -1.0375 7.34657
      vertex 0.678436 -1.0375 7.61746
      vertex 0.384857 -1.0375 7.39668
    endloop
  endfacet
  facet normal 0 -1 -0
    outer loop
      vertex 0.678436 -1.0375 7.61746
      vertex 0.430206 -1.0375 7.34657
      vertex 0.747269 -1.0375 7.54265
    endloop
  endfacet
  facet normal 0 -1 0
    outer loop
      vertex 0.471603 -1.0375 7.28876
      vertex 0.747269 -1.0375 7.54265
      vertex 0.430206 -1.0375 7.34657
    endloop
  endfacet
  facet normal 0 -1 -0
    outer loop
      vertex 0.747269 -1.0375 7.54265
      vertex 0.471603 -1.0375 7.28876
      vertex 0.81015 -1.0375 7.45786
    endloop
  endfacet
  facet normal 0 -1 0
    outer loop
      vertex 0.509064 -1.0375 7.22322
      vertex 0.81015 -1.0375 7.45786
      vertex 0.471603 -1.0375 7.28876
    endloop
  endfacet
  facet normal 0 -1 -0
    outer loop
      vertex 0.81015 -1.0375 7.45786
      vertex 0.509064 -1.0375 7.22322
      vertex 0.866714 -1.0375 7.36357
    endloop
  endfacet
  facet normal 0 -1 0
    outer loop
      vertex 0.542572 -1.0375 7.14996
      vertex 0.866714 -1.0375 7.36357
      vertex 0.509064 -1.0375 7.22322
    endloop
  endfacet
  facet normal 0 -1 -0
    outer loop
      vertex 0.866714 -1.0375 7.36357
      vertex 0.542572 -1.0375 7.14996
      vertex 0.916626 -1.0375 7.26027
    endloop
  endfacet
  facet normal 0 -1 0
    outer loop
      vertex 0.572144 -1.0375 7.06894
      vertex 0.916626 -1.0375 7.26027
      vertex 0.542572 -1.0375 7.14996
    endloop
  endfacet
  facet normal 0 -1 -0
    outer loop
      vertex 0.916626 -1.0375 7.26027
      vertex 0.572144 -1.0375 7.06894
      vertex 0.9599 -1.0375 7.14793
    endloop
  endfacet
  facet normal 0 -1 0
    outer loop
      vertex 0.597778 -1.0375 6.98016
      vertex 0.9599 -1.0375 7.14793
      vertex 0.572144 -1.0375 7.06894
    endloop
  endfacet
  facet normal 0 -1 -0
    outer loop
      vertex 0.9599 -1.0375 7.14793
      vertex 0.597778 -1.0375 6.98016
      vertex 0.996506 -1.0375 7.02658
    endloop
  endfacet
  facet normal 0 -1 0
    outer loop
      vertex 0.619461 -1.0375 6.88362
      vertex 0.996506 -1.0375 7.02658
      vertex 0.597778 -1.0375 6.98016
    endloop
  endfacet
  facet normal 0 -1 -0
    outer loop
      vertex 0.996506 -1.0375 7.02658
      vertex 0.619461 -1.0375 6.88362
      vertex 1.02644 -1.0375 6.89621
    endloop
  endfacet
  facet normal 0 -1 0
    outer loop
      vertex 0.637207 -1.0375 6.77933
      vertex 1.02644 -1.0375 6.89621
      vertex 0.619461 -1.0375 6.88362
    endloop
  endfacet
  facet normal 0 -1 0
    outer loop
      vertex 0.637207 -1.0375 6.77933
      vertex 1.04974 -1.0375 6.75682
      vertex 1.02644 -1.0375 6.89621
    endloop
  endfacet
  facet normal 0 -1 0
    outer loop
      vertex 0.651016 -1.0375 6.66727
      vertex 1.04974 -1.0375 6.75682
      vertex 0.637207 -1.0375 6.77933
    endloop
  endfacet
  facet normal 0 -1 0
    outer loop
      vertex 0.651016 -1.0375 6.66727
      vertex 1.06638 -1.0375 6.60841
      vertex 1.04974 -1.0375 6.75682
    endloop
  endfacet
  facet normal 0 -1 0
    outer loop
      vertex 0.660873 -1.0375 6.54744
      vertex 1.06638 -1.0375 6.60841
      vertex 0.651016 -1.0375 6.66727
    endloop
  endfacet
  facet normal 0 -1 0
    outer loop
      vertex 0.660873 -1.0375 6.54744
      vertex 1.07637 -1.0375 6.45097
      vertex 1.06638 -1.0375 6.60841
    endloop
  endfacet
  facet normal 0 -1 0
    outer loop
      vertex 0.666779 -1.0375 6.41986
      vertex 1.07637 -1.0375 6.45097
      vertex 0.660873 -1.0375 6.54744
    endloop
  endfacet
  facet normal 0 -1 0
    outer loop
      vertex 1.0797 -1.0375 6.28452
      vertex 0.666779 -1.0375 6.41986
      vertex 0.668747 -1.0375 6.28452
    endloop
  endfacet
  facet normal 0 -1 0
    outer loop
      vertex 0.666779 -1.0375 6.41986
      vertex 1.0797 -1.0375 6.28452
      vertex 1.07637 -1.0375 6.45097
    endloop
  endfacet
  facet normal 0 -1 0
    outer loop
      vertex 0.666779 -1.0375 6.14963
      vertex 1.0797 -1.0375 6.28452
      vertex 0.668747 -1.0375 6.28452
    endloop
  endfacet
  facet normal 0 -1 0
    outer loop
      vertex 0.666779 -1.0375 6.14963
      vertex 1.07637 -1.0375 6.11852
      vertex 1.0797 -1.0375 6.28452
    endloop
  endfacet
  facet normal 0 -1 0
    outer loop
      vertex 0.660873 -1.0375 6.02242
      vertex 1.07637 -1.0375 6.11852
      vertex 0.666779 -1.0375 6.14963
    endloop
  endfacet
  facet normal 0 -1 0
    outer loop
      vertex 0.660873 -1.0375 6.02242
      vertex 1.06638 -1.0375 5.96146
      vertex 1.07637 -1.0375 6.11852
    endloop
  endfacet
  facet normal 0 -1 0
    outer loop
      vertex 0.651016 -1.0375 5.90292
      vertex 1.06638 -1.0375 5.96146
      vertex 0.660873 -1.0375 6.02242
    endloop
  endfacet
  facet normal 0 -1 0
    outer loop
      vertex 0.651016 -1.0375 5.90292
      vertex 1.04974 -1.0375 5.81337
      vertex 1.06638 -1.0375 5.96146
    endloop
  endfacet
  facet normal 0 -1 0
    outer loop
      vertex 0.637207 -1.0375 5.79114
      vertex 1.04974 -1.0375 5.81337
      vertex 0.651016 -1.0375 5.90292
    endloop
  endfacet
  facet normal 0 -1 0
    outer loop
      vertex 1.02644 -1.0375 5.67424
      vertex 0.637207 -1.0375 5.79114
      vertex 0.619461 -1.0375 5.68707
    endloop
  endfacet
  facet normal 0 -1 0
    outer loop
      vertex 0.637207 -1.0375 5.79114
      vertex 1.02644 -1.0375 5.67424
      vertex 1.04974 -1.0375 5.81337
    endloop
  endfacet
  facet normal 0 -1 0
    outer loop
      vertex 0.996506 -1.0375 5.5441
      vertex 0.619461 -1.0375 5.68707
      vertex 0.597778 -1.0375 5.5907
    endloop
  endfacet
  facet normal 0 -1 0
    outer loop
      vertex 0.619461 -1.0375 5.68707
      vertex 0.996506 -1.0375 5.5441
      vertex 1.02644 -1.0375 5.67424
    endloop
  endfacet
  facet normal 0 -1 0
    outer loop
      vertex 0.9599 -1.0375 5.42293
      vertex 0.597778 -1.0375 5.5907
      vertex 0.572144 -1.0375 5.50204
    endloop
  endfacet
  facet normal 0 -1 0
    outer loop
      vertex 0.597778 -1.0375 5.5907
      vertex 0.9599 -1.0375 5.42293
      vertex 0.996506 -1.0375 5.5441
    endloop
  endfacet
  facet normal 0 -1 0
    outer loop
      vertex 0.916626 -1.0375 5.31071
      vertex 0.572144 -1.0375 5.50204
      vertex 0.542572 -1.0375 5.42108
    endloop
  endfacet
  facet normal 0 -1 0
    outer loop
      vertex 0.866714 -1.0375 5.20749
      vertex 0.542572 -1.0375 5.42108
      vertex 0.509064 -1.0375 5.34785
    endloop
  endfacet
  facet normal 0 -1 0
    outer loop
      vertex 0.572144 -1.0375 5.50204
      vertex 0.916626 -1.0375 5.31071
      vertex 0.9599 -1.0375 5.42293
    endloop
  endfacet
  facet normal 0 -1 0
    outer loop
      vertex 0.81015 -1.0375 5.11322
      vertex 0.509064 -1.0375 5.34785
      vertex 0.471603 -1.0375 5.28232
    endloop
  endfacet
  facet normal 0 -1 0
    outer loop
      vertex 0.747269 -1.0375 5.02843
      vertex 0.471603 -1.0375 5.28232
      vertex 0.430206 -1.0375 5.2245
    endloop
  endfacet
  facet normal 0 -1 0
    outer loop
      vertex 0.542572 -1.0375 5.42108
      vertex 0.866714 -1.0375 5.20749
      vertex 0.916626 -1.0375 5.31071
    endloop
  endfacet
  facet normal 0 -1 0
    outer loop
      vertex 0.678436 -1.0375 4.95361
      vertex 0.430206 -1.0375 5.2245
      vertex 0.384857 -1.0375 5.17439
    endloop
  endfacet
  facet normal 0 -1 0
    outer loop
      vertex 0.603653 -1.0375 4.88878
      vertex 0.384857 -1.0375 5.17439
      vertex 0.335571 -1.0375 5.132
    endloop
  endfacet
  facet normal 0 -1 0
    outer loop
      vertex 0.509064 -1.0375 5.34785
      vertex 0.81015 -1.0375 5.11322
      vertex 0.866714 -1.0375 5.20749
    endloop
  endfacet
  facet normal 0 -1 0
    outer loop
      vertex 0.522919 -1.0375 4.83392
      vertex 0.335571 -1.0375 5.132
      vertex 0.282333 -1.0375 5.09731
    endloop
  endfacet
  facet normal 0 -1 0
    outer loop
      vertex 0.343597 -1.0375 4.75412
      vertex 0.282333 -1.0375 5.09731
      vertex 0.225159 -1.0375 5.07033
    endloop
  endfacet
  facet normal 0 -1 0
    outer loop
      vertex 0.24501 -1.0375 4.72919
      vertex 0.225159 -1.0375 5.07033
      vertex 0.164032 -1.0375 5.05106
    endloop
  endfacet
  facet normal 0 -1 0
    outer loop
      vertex 0.140457 -1.0375 4.71422
      vertex 0.164032 -1.0375 5.05106
      vertex 0.0989685 -1.0375 5.03949
    endloop
  endfacet
  facet normal 0 -1 0
    outer loop
      vertex 0.471603 -1.0375 5.28232
      vertex 0.747269 -1.0375 5.02843
      vertex 0.81015 -1.0375 5.11322
    endloop
  endfacet
  facet normal 0 -1 0
    outer loop
      vertex 0.0299683 -1.0375 4.70924
      vertex 0.0989685 -1.0375 5.03949
      vertex 0.0299683 -1.0375 5.03564
    endloop
  endfacet
  facet normal 0 -1 0
    outer loop
      vertex -0.283661 -1.0375 4.75412
      vertex -0.220978 -1.0375 5.09731
      vertex -0.376297 -1.0375 4.78903
    endloop
  endfacet
  facet normal 0 -1 -0
    outer loop
      vertex -0.220978 -1.0375 5.09731
      vertex -0.283661 -1.0375 4.75412
      vertex -0.164078 -1.0375 5.07033
    endloop
  endfacet
  facet normal 0 -1 -0
    outer loop
      vertex 0.0989685 -1.0375 5.03949
      vertex 0.0299683 -1.0375 4.70924
      vertex 0.140457 -1.0375 4.71422
    endloop
  endfacet
  facet normal 0 -1 0
    outer loop
      vertex -0.185059 -1.0375 4.72919
      vertex -0.164078 -1.0375 5.07033
      vertex -0.283661 -1.0375 4.75412
    endloop
  endfacet
  facet normal 0 -1 -0
    outer loop
      vertex 0.164032 -1.0375 5.05106
      vertex 0.140457 -1.0375 4.71422
      vertex 0.24501 -1.0375 4.72919
    endloop
  endfacet
  facet normal 0 -1 -0
    outer loop
      vertex -0.164078 -1.0375 5.07033
      vertex -0.185059 -1.0375 4.72919
      vertex -0.103287 -1.0375 5.05106
    endloop
  endfacet
  facet normal 0 -1 0
    outer loop
      vertex 0.430206 -1.0375 5.2245
      vertex 0.678436 -1.0375 4.95361
      vertex 0.747269 -1.0375 5.02843
    endloop
  endfacet
  facet normal 0 -1 0
    outer loop
      vertex -0.0805206 -1.0375 4.71422
      vertex -0.103287 -1.0375 5.05106
      vertex -0.185059 -1.0375 4.72919
    endloop
  endfacet
  facet normal 0 -1 0
    outer loop
      vertex -0.0386047 -1.0375 5.03949
      vertex 0.0299683 -1.0375 4.70924
      vertex 0.0299683 -1.0375 5.03564
    endloop
  endfacet
  facet normal 0 -1 0
    outer loop
      vertex -0.103287 -1.0375 5.05106
      vertex -0.0805206 -1.0375 4.71422
      vertex -0.0386047 -1.0375 5.03949
    endloop
  endfacet
  facet normal 0 -1 0
    outer loop
      vertex 0.384857 -1.0375 5.17439
      vertex 0.603653 -1.0375 4.88878
      vertex 0.678436 -1.0375 4.95361
    endloop
  endfacet
  facet normal 0 -1 0
    outer loop
      vertex 0.0299683 -1.0375 4.70924
      vertex -0.0386047 -1.0375 5.03949
      vertex -0.0805206 -1.0375 4.71422
    endloop
  endfacet
  facet normal 0 -1 0
    outer loop
      vertex 0.335571 -1.0375 5.132
      vertex 0.522919 -1.0375 4.83392
      vertex 0.603653 -1.0375 4.88878
    endloop
  endfacet
  facet normal 0 -1 0
    outer loop
      vertex 0.282333 -1.0375 5.09731
      vertex 0.436234 -1.0375 4.78903
      vertex 0.522919 -1.0375 4.83392
    endloop
  endfacet
  facet normal 0 -1 0
    outer loop
      vertex 0.225159 -1.0375 5.07033
      vertex 0.24501 -1.0375 4.72919
      vertex 0.343597 -1.0375 4.75412
    endloop
  endfacet
  facet normal 0 -1 0
    outer loop
      vertex 0.282333 -1.0375 5.09731
      vertex 0.343597 -1.0375 4.75412
      vertex 0.436234 -1.0375 4.78903
    endloop
  endfacet
  facet normal 0 -1 0
    outer loop
      vertex 2.5502 -1.0375 7.5316
      vertex 2.61877 -1.0375 7.86186
      vertex 2.50829 -1.0375 7.85687
    endloop
  endfacet
  facet normal 0 -1 0
    outer loop
      vertex 2.48552 -1.0375 7.52005
      vertex 2.50829 -1.0375 7.85687
      vertex 2.40375 -1.0375 7.8419
    endloop
  endfacet
  facet normal 0 -1 0
    outer loop
      vertex 2.68779 -1.0375 7.5316
      vertex 2.61877 -1.0375 7.86186
      vertex 2.61877 -1.0375 7.53546
    endloop
  endfacet
  facet normal 0 -1 0
    outer loop
      vertex 2.42473 -1.0375 7.50076
      vertex 2.40375 -1.0375 7.8419
      vertex 2.30515 -1.0375 7.81697
    endloop
  endfacet
  facet normal 0 -1 0
    outer loop
      vertex 2.61877 -1.0375 7.86186
      vertex 2.68779 -1.0375 7.5316
      vertex 2.72928 -1.0375 7.85687
    endloop
  endfacet
  facet normal 0 -1 0
    outer loop
      vertex 2.36783 -1.0375 7.47379
      vertex 2.30515 -1.0375 7.81697
      vertex 2.21251 -1.0375 7.78206
    endloop
  endfacet
  facet normal 0 -1 0
    outer loop
      vertex 2.75285 -1.0375 7.52005
      vertex 2.72928 -1.0375 7.85687
      vertex 2.68779 -1.0375 7.5316
    endloop
  endfacet
  facet normal 0 -1 0
    outer loop
      vertex 2.36783 -1.0375 7.47379
      vertex 2.21251 -1.0375 7.78206
      vertex 2.12582 -1.0375 7.73717
    endloop
  endfacet
  facet normal 0 -1 0
    outer loop
      vertex 2.72928 -1.0375 7.85687
      vertex 2.75285 -1.0375 7.52005
      vertex 2.83382 -1.0375 7.8419
    endloop
  endfacet
  facet normal 0 -1 0
    outer loop
      vertex 2.31482 -1.0375 7.43909
      vertex 2.12582 -1.0375 7.73717
      vertex 2.04509 -1.0375 7.6823
    endloop
  endfacet
  facet normal 0 -1 0
    outer loop
      vertex 2.81398 -1.0375 7.50076
      vertex 2.83382 -1.0375 7.8419
      vertex 2.75285 -1.0375 7.52005
    endloop
  endfacet
  facet normal 0 -1 0
    outer loop
      vertex 2.2657 -1.0375 7.39668
      vertex 2.04509 -1.0375 7.6823
      vertex 1.97031 -1.0375 7.61746
    endloop
  endfacet
  facet normal 0 -1 -0
    outer loop
      vertex 2.83382 -1.0375 7.8419
      vertex 2.81398 -1.0375 7.50076
      vertex 2.93242 -1.0375 7.81697
    endloop
  endfacet
  facet normal 0 -1 0
    outer loop
      vertex 2.22047 -1.0375 7.34657
      vertex 1.97031 -1.0375 7.61746
      vertex 1.90147 -1.0375 7.54265
    endloop
  endfacet
  facet normal 0 -1 0
    outer loop
      vertex 2.87115 -1.0375 7.47379
      vertex 2.93242 -1.0375 7.81697
      vertex 2.81398 -1.0375 7.50076
    endloop
  endfacet
  facet normal 0 -1 -0
    outer loop
      vertex 2.93242 -1.0375 7.81697
      vertex 2.87115 -1.0375 7.47379
      vertex 3.02505 -1.0375 7.78206
    endloop
  endfacet
  facet normal 0 -1 -0
    outer loop
      vertex 2.61877 -1.0375 7.86186
      vertex 2.5502 -1.0375 7.5316
      vertex 2.61877 -1.0375 7.53546
    endloop
  endfacet
  facet normal 0 -1 -0
    outer loop
      vertex 2.50829 -1.0375 7.85687
      vertex 2.48552 -1.0375 7.52005
      vertex 2.5502 -1.0375 7.5316
    endloop
  endfacet
  facet normal 0 -1 0
    outer loop
      vertex 2.40375 -1.0375 7.8419
      vertex 2.42473 -1.0375 7.50076
      vertex 2.48552 -1.0375 7.52005
    endloop
  endfacet
  facet normal 0 -1 0
    outer loop
      vertex 2.30515 -1.0375 7.81697
      vertex 2.36783 -1.0375 7.47379
      vertex 2.42473 -1.0375 7.50076
    endloop
  endfacet
  facet normal 0 -1 0
    outer loop
      vertex 2.17915 -1.0375 7.28876
      vertex 1.90147 -1.0375 7.54265
      vertex 1.83861 -1.0375 7.45786
    endloop
  endfacet
  facet normal 0 -1 0
    outer loop
      vertex 2.12582 -1.0375 7.73717
      vertex 2.31482 -1.0375 7.43909
      vertex 2.36783 -1.0375 7.47379
    endloop
  endfacet
  facet normal 0 -1 0
    outer loop
      vertex 2.04509 -1.0375 7.6823
      vertex 2.2657 -1.0375 7.39668
      vertex 2.31482 -1.0375 7.43909
    endloop
  endfacet
  facet normal 0 -1 0
    outer loop
      vertex 2.14172 -1.0375 7.22322
      vertex 1.83861 -1.0375 7.45786
      vertex 1.78203 -1.0375 7.36357
    endloop
  endfacet
  facet normal 0 -1 0
    outer loop
      vertex 1.97031 -1.0375 7.61746
      vertex 2.22047 -1.0375 7.34657
      vertex 2.2657 -1.0375 7.39668
    endloop
  endfacet
  facet normal 0 -1 0
    outer loop
      vertex 1.90147 -1.0375 7.54265
      vertex 2.17915 -1.0375 7.28876
      vertex 2.22047 -1.0375 7.34657
    endloop
  endfacet
  facet normal 0 -1 0
    outer loop
      vertex 2.1082 -1.0375 7.14996
      vertex 1.78203 -1.0375 7.36357
      vertex 1.73212 -1.0375 7.26027
    endloop
  endfacet
  facet normal 0 -1 0
    outer loop
      vertex 1.83861 -1.0375 7.45786
      vertex 2.14172 -1.0375 7.22322
      vertex 2.17915 -1.0375 7.28876
    endloop
  endfacet
  facet normal 0 -1 0
    outer loop
      vertex 1.78203 -1.0375 7.36357
      vertex 2.1082 -1.0375 7.14996
      vertex 2.14172 -1.0375 7.22322
    endloop
  endfacet
  facet normal 0 -1 0
    outer loop
      vertex 2.07863 -1.0375 7.06894
      vertex 1.73212 -1.0375 7.26027
      vertex 1.68886 -1.0375 7.14793
    endloop
  endfacet
  facet normal 0 -1 0
    outer loop
      vertex 1.73212 -1.0375 7.26027
      vertex 2.07863 -1.0375 7.06894
      vertex 2.1082 -1.0375 7.14996
    endloop
  endfacet
  facet normal 0 -1 0
    outer loop
      vertex 2.05301 -1.0375 6.98016
      vertex 1.68886 -1.0375 7.14793
      vertex 1.65225 -1.0375 7.02658
    endloop
  endfacet
  facet normal 0 -1 0
    outer loop
      vertex 1.68886 -1.0375 7.14793
      vertex 2.05301 -1.0375 6.98016
      vertex 2.07863 -1.0375 7.06894
    endloop
  endfacet
  facet normal 0 -1 0
    outer loop
      vertex 2.03131 -1.0375 6.88362
      vertex 1.65225 -1.0375 7.02658
      vertex 1.6223 -1.0375 6.89621
    endloop
  endfacet
  facet normal 0 -1 0
    outer loop
      vertex 1.65225 -1.0375 7.02658
      vertex 2.03131 -1.0375 6.88362
      vertex 2.05301 -1.0375 6.98016
    endloop
  endfacet
  facet normal 0 -1 0
    outer loop
      vertex 1.6223 -1.0375 6.89621
      vertex 2.01358 -1.0375 6.77933
      vertex 2.03131 -1.0375 6.88362
    endloop
  endfacet
  facet normal 0 -1 0
    outer loop
      vertex 1.599 -1.0375 6.75682
      vertex 2.01358 -1.0375 6.77933
      vertex 1.6223 -1.0375 6.89621
    endloop
  endfacet
  facet normal 0 -1 0
    outer loop
      vertex 1.599 -1.0375 6.75682
      vertex 1.99977 -1.0375 6.66727
      vertex 2.01358 -1.0375 6.77933
    endloop
  endfacet
  facet normal 0 -1 0
    outer loop
      vertex 1.58237 -1.0375 6.60841
      vertex 1.99977 -1.0375 6.66727
      vertex 1.599 -1.0375 6.75682
    endloop
  endfacet
  facet normal 0 -1 0
    outer loop
      vertex 1.58237 -1.0375 6.60841
      vertex 1.98991 -1.0375 6.54744
      vertex 1.99977 -1.0375 6.66727
    endloop
  endfacet
  facet normal 0 -1 0
    outer loop
      vertex 1.57237 -1.0375 6.45097
      vertex 1.98991 -1.0375 6.54744
      vertex 1.58237 -1.0375 6.60841
    endloop
  endfacet
  facet normal 0 -1 0
    outer loop
      vertex 1.57237 -1.0375 6.45097
      vertex 1.98401 -1.0375 6.41986
      vertex 1.98991 -1.0375 6.54744
    endloop
  endfacet
  facet normal 0 -1 0
    outer loop
      vertex 1.56905 -1.0375 6.28452
      vertex 1.98401 -1.0375 6.41986
      vertex 1.57237 -1.0375 6.45097
    endloop
  endfacet
  facet normal 0 -1 0
    outer loop
      vertex 1.56905 -1.0375 6.28452
      vertex 1.98203 -1.0375 6.28452
      vertex 1.98401 -1.0375 6.41986
    endloop
  endfacet
  facet normal 0 -1 0
    outer loop
      vertex 1.56905 -1.0375 6.28452
      vertex 1.98401 -1.0375 6.14963
      vertex 1.98203 -1.0375 6.28452
    endloop
  endfacet
  facet normal 0 -1 0
    outer loop
      vertex 1.57237 -1.0375 6.11852
      vertex 1.98401 -1.0375 6.14963
      vertex 1.56905 -1.0375 6.28452
    endloop
  endfacet
  facet normal 0 -1 0
    outer loop
      vertex 1.57237 -1.0375 6.11852
      vertex 1.98991 -1.0375 6.02242
      vertex 1.98401 -1.0375 6.14963
    endloop
  endfacet
  facet normal 0 -1 0
    outer loop
      vertex 1.58237 -1.0375 5.96146
      vertex 1.98991 -1.0375 6.02242
      vertex 1.57237 -1.0375 6.11852
    endloop
  endfacet
  facet normal 0 -1 0
    outer loop
      vertex 1.58237 -1.0375 5.96146
      vertex 1.99977 -1.0375 5.90292
      vertex 1.98991 -1.0375 6.02242
    endloop
  endfacet
  facet normal 0 -1 0
    outer loop
      vertex 1.599 -1.0375 5.81337
      vertex 1.99977 -1.0375 5.90292
      vertex 1.58237 -1.0375 5.96146
    endloop
  endfacet
  facet normal 0 -1 0
    outer loop
      vertex 1.599 -1.0375 5.81337
      vertex 2.01358 -1.0375 5.79114
      vertex 1.99977 -1.0375 5.90292
    endloop
  endfacet
  facet normal 0 -1 0
    outer loop
      vertex 1.6223 -1.0375 5.67424
      vertex 2.01358 -1.0375 5.79114
      vertex 1.599 -1.0375 5.81337
    endloop
  endfacet
  facet normal 0 -1 -0
    outer loop
      vertex 2.01358 -1.0375 5.79114
      vertex 1.6223 -1.0375 5.67424
      vertex 2.03131 -1.0375 5.68707
    endloop
  endfacet
  facet normal 0 -1 0
    outer loop
      vertex 1.65225 -1.0375 5.5441
      vertex 2.03131 -1.0375 5.68707
      vertex 1.6223 -1.0375 5.67424
    endloop
  endfacet
  facet normal 0 -1 -0
    outer loop
      vertex 2.03131 -1.0375 5.68707
      vertex 1.65225 -1.0375 5.5441
      vertex 2.05301 -1.0375 5.5907
    endloop
  endfacet
  facet normal 0 -1 0
    outer loop
      vertex 1.68886 -1.0375 5.42293
      vertex 2.05301 -1.0375 5.5907
      vertex 1.65225 -1.0375 5.5441
    endloop
  endfacet
  facet normal 0 -1 -0
    outer loop
      vertex 2.05301 -1.0375 5.5907
      vertex 1.68886 -1.0375 5.42293
      vertex 2.07863 -1.0375 5.50204
    endloop
  endfacet
  facet normal 0 -1 0
    outer loop
      vertex 1.73212 -1.0375 5.31071
      vertex 2.07863 -1.0375 5.50204
      vertex 1.68886 -1.0375 5.42293
    endloop
  endfacet
  facet normal 0 -1 -0
    outer loop
      vertex 2.07863 -1.0375 5.50204
      vertex 1.73212 -1.0375 5.31071
      vertex 2.1082 -1.0375 5.42108
    endloop
  endfacet
  facet normal 0 -1 0
    outer loop
      vertex 1.78203 -1.0375 5.20749
      vertex 2.1082 -1.0375 5.42108
      vertex 1.73212 -1.0375 5.31071
    endloop
  endfacet
  facet normal 0 -1 -0
    outer loop
      vertex 2.1082 -1.0375 5.42108
      vertex 1.78203 -1.0375 5.20749
      vertex 2.14172 -1.0375 5.34785
    endloop
  endfacet
  facet normal 0 -1 0
    outer loop
      vertex 1.83861 -1.0375 5.11322
      vertex 2.14172 -1.0375 5.34785
      vertex 1.78203 -1.0375 5.20749
    endloop
  endfacet
  facet normal 0 -1 -0
    outer loop
      vertex 2.14172 -1.0375 5.34785
      vertex 1.83861 -1.0375 5.11322
      vertex 2.17915 -1.0375 5.28232
    endloop
  endfacet
  facet normal 0 -1 0
    outer loop
      vertex 1.90147 -1.0375 5.02843
      vertex 2.17915 -1.0375 5.28232
      vertex 1.83861 -1.0375 5.11322
    endloop
  endfacet
  facet normal 0 -1 -0
    outer loop
      vertex 2.17915 -1.0375 5.28232
      vertex 1.90147 -1.0375 5.02843
      vertex 2.22047 -1.0375 5.2245
    endloop
  endfacet
  facet normal 0 -1 0
    outer loop
      vertex 1.97031 -1.0375 4.95361
      vertex 2.22047 -1.0375 5.2245
      vertex 1.90147 -1.0375 5.02843
    endloop
  endfacet
  facet normal 0 -1 -0
    outer loop
      vertex 2.22047 -1.0375 5.2245
      vertex 1.97031 -1.0375 4.95361
      vertex 2.2657 -1.0375 5.17439
    endloop
  endfacet
  facet normal 0 -1 0
    outer loop
      vertex 2.04509 -1.0375 4.88878
      vertex 2.2657 -1.0375 5.17439
      vertex 1.97031 -1.0375 4.95361
    endloop
  endfacet
  facet normal 0 -1 -0
    outer loop
      vertex 2.2657 -1.0375 5.17439
      vertex 2.04509 -1.0375 4.88878
      vertex 2.31482 -1.0375 5.132
    endloop
  endfacet
  facet normal 0 -1 0
    outer loop
      vertex 2.12582 -1.0375 4.83392
      vertex 2.31482 -1.0375 5.132
      vertex 2.04509 -1.0375 4.88878
    endloop
  endfacet
  facet normal 0 -1 0
    outer loop
      vertex 2.21251 -1.0375 4.78903
      vertex 2.36783 -1.0375 5.09731
      vertex 2.12582 -1.0375 4.83392
    endloop
  endfacet
  facet normal 0 -1 -0
    outer loop
      vertex 2.31482 -1.0375 5.132
      vertex 2.12582 -1.0375 4.83392
      vertex 2.36783 -1.0375 5.09731
    endloop
  endfacet
  facet normal 0 -1 -0
    outer loop
      vertex 3.02505 -1.0375 7.78206
      vertex 2.87115 -1.0375 7.47379
      vertex 3.11174 -1.0375 7.73717
    endloop
  endfacet
  facet normal 0 -1 0
    outer loop
      vertex 2.92439 -1.0375 7.43909
      vertex 3.11174 -1.0375 7.73717
      vertex 2.87115 -1.0375 7.47379
    endloop
  endfacet
  facet normal 0 -1 -0
    outer loop
      vertex 3.11174 -1.0375 7.73717
      vertex 2.92439 -1.0375 7.43909
      vertex 3.19247 -1.0375 7.6823
    endloop
  endfacet
  facet normal 0 -1 0
    outer loop
      vertex 2.97368 -1.0375 7.39668
      vertex 3.19247 -1.0375 7.6823
      vertex 2.92439 -1.0375 7.43909
    endloop
  endfacet
  facet normal 0 -1 -0
    outer loop
      vertex 3.19247 -1.0375 7.6823
      vertex 2.97368 -1.0375 7.39668
      vertex 3.26726 -1.0375 7.61746
    endloop
  endfacet
  facet normal 0 -1 0
    outer loop
      vertex 3.01903 -1.0375 7.34657
      vertex 3.26726 -1.0375 7.61746
      vertex 2.97368 -1.0375 7.39668
    endloop
  endfacet
  facet normal 0 -1 -0
    outer loop
      vertex 3.26726 -1.0375 7.61746
      vertex 3.01903 -1.0375 7.34657
      vertex 3.33609 -1.0375 7.54265
    endloop
  endfacet
  facet normal 0 -1 0
    outer loop
      vertex 3.06042 -1.0375 7.28876
      vertex 3.33609 -1.0375 7.54265
      vertex 3.01903 -1.0375 7.34657
    endloop
  endfacet
  facet normal 0 -1 -0
    outer loop
      vertex 3.33609 -1.0375 7.54265
      vertex 3.06042 -1.0375 7.28876
      vertex 3.39896 -1.0375 7.45786
    endloop
  endfacet
  facet normal 0 -1 0
    outer loop
      vertex 3.09789 -1.0375 7.22322
      vertex 3.39896 -1.0375 7.45786
      vertex 3.06042 -1.0375 7.28876
    endloop
  endfacet
  facet normal 0 -1 -0
    outer loop
      vertex 3.39896 -1.0375 7.45786
      vertex 3.09789 -1.0375 7.22322
      vertex 3.45554 -1.0375 7.36357
    endloop
  endfacet
  facet normal 0 -1 0
    outer loop
      vertex 3.13139 -1.0375 7.14996
      vertex 3.45554 -1.0375 7.36357
      vertex 3.09789 -1.0375 7.22322
    endloop
  endfacet
  facet normal 0 -1 -0
    outer loop
      vertex 3.45554 -1.0375 7.36357
      vertex 3.13139 -1.0375 7.14996
      vertex 3.50545 -1.0375 7.26027
    endloop
  endfacet
  facet normal 0 -1 0
    outer loop
      vertex 3.16096 -1.0375 7.06894
      vertex 3.50545 -1.0375 7.26027
      vertex 3.13139 -1.0375 7.14996
    endloop
  endfacet
  facet normal 0 -1 -0
    outer loop
      vertex 3.50545 -1.0375 7.26027
      vertex 3.16096 -1.0375 7.06894
      vertex 3.54871 -1.0375 7.14793
    endloop
  endfacet
  facet normal 0 -1 0
    outer loop
      vertex 3.1866 -1.0375 6.98016
      vertex 3.54871 -1.0375 7.14793
      vertex 3.16096 -1.0375 7.06894
    endloop
  endfacet
  facet normal 0 -1 -0
    outer loop
      vertex 3.54871 -1.0375 7.14793
      vertex 3.1866 -1.0375 6.98016
      vertex 3.58531 -1.0375 7.02658
    endloop
  endfacet
  facet normal 0 -1 0
    outer loop
      vertex 3.20828 -1.0375 6.88362
      vertex 3.58531 -1.0375 7.02658
      vertex 3.1866 -1.0375 6.98016
    endloop
  endfacet
  facet normal 0 -1 -0
    outer loop
      vertex 3.58531 -1.0375 7.02658
      vertex 3.20828 -1.0375 6.88362
      vertex 3.61526 -1.0375 6.89621
    endloop
  endfacet
  facet normal 0 -1 0
    outer loop
      vertex 3.22603 -1.0375 6.77933
      vertex 3.61526 -1.0375 6.89621
      vertex 3.20828 -1.0375 6.88362
    endloop
  endfacet
  facet normal 0 -1 0
    outer loop
      vertex 3.22603 -1.0375 6.77933
      vertex 3.63857 -1.0375 6.75682
      vertex 3.61526 -1.0375 6.89621
    endloop
  endfacet
  facet normal 0 -1 0
    outer loop
      vertex 3.23982 -1.0375 6.66727
      vertex 3.63857 -1.0375 6.75682
      vertex 3.22603 -1.0375 6.77933
    endloop
  endfacet
  facet normal 0 -1 0
    outer loop
      vertex 3.23982 -1.0375 6.66727
      vertex 3.6552 -1.0375 6.60841
      vertex 3.63857 -1.0375 6.75682
    endloop
  endfacet
  facet normal 0 -1 0
    outer loop
      vertex 3.24968 -1.0375 6.54744
      vertex 3.6552 -1.0375 6.60841
      vertex 3.23982 -1.0375 6.66727
    endloop
  endfacet
  facet normal 0 -1 0
    outer loop
      vertex 3.24968 -1.0375 6.54744
      vertex 3.66518 -1.0375 6.45097
      vertex 3.6552 -1.0375 6.60841
    endloop
  endfacet
  facet normal 0 -1 0
    outer loop
      vertex 3.2556 -1.0375 6.41986
      vertex 3.66518 -1.0375 6.45097
      vertex 3.24968 -1.0375 6.54744
    endloop
  endfacet
  facet normal 0 -1 0
    outer loop
      vertex 3.66852 -1.0375 6.28452
      vertex 3.2556 -1.0375 6.41986
      vertex 3.25757 -1.0375 6.28452
    endloop
  endfacet
  facet normal 0 -1 0
    outer loop
      vertex 3.2556 -1.0375 6.41986
      vertex 3.66852 -1.0375 6.28452
      vertex 3.66518 -1.0375 6.45097
    endloop
  endfacet
  facet normal 0 -1 0
    outer loop
      vertex 3.2556 -1.0375 6.14963
      vertex 3.66852 -1.0375 6.28452
      vertex 3.25757 -1.0375 6.28452
    endloop
  endfacet
  facet normal 0 -1 0
    outer loop
      vertex 3.2556 -1.0375 6.14963
      vertex 3.66518 -1.0375 6.11852
      vertex 3.66852 -1.0375 6.28452
    endloop
  endfacet
  facet normal 0 -1 0
    outer loop
      vertex 3.24968 -1.0375 6.02242
      vertex 3.66518 -1.0375 6.11852
      vertex 3.2556 -1.0375 6.14963
    endloop
  endfacet
  facet normal 0 -1 0
    outer loop
      vertex 3.24968 -1.0375 6.02242
      vertex 3.6552 -1.0375 5.96146
      vertex 3.66518 -1.0375 6.11852
    endloop
  endfacet
  facet normal 0 -1 0
    outer loop
      vertex 3.23982 -1.0375 5.90292
      vertex 3.6552 -1.0375 5.96146
      vertex 3.24968 -1.0375 6.02242
    endloop
  endfacet
  facet normal 0 -1 0
    outer loop
      vertex 3.23982 -1.0375 5.90292
      vertex 3.63857 -1.0375 5.81337
      vertex 3.6552 -1.0375 5.96146
    endloop
  endfacet
  facet normal 0 -1 0
    outer loop
      vertex 3.22603 -1.0375 5.79114
      vertex 3.63857 -1.0375 5.81337
      vertex 3.23982 -1.0375 5.90292
    endloop
  endfacet
  facet normal 0 -1 0
    outer loop
      vertex 3.61526 -1.0375 5.67424
      vertex 3.22603 -1.0375 5.79114
      vertex 3.20828 -1.0375 5.68707
    endloop
  endfacet
  facet normal 0 -1 0
    outer loop
      vertex 3.22603 -1.0375 5.79114
      vertex 3.61526 -1.0375 5.67424
      vertex 3.63857 -1.0375 5.81337
    endloop
  endfacet
  facet normal 0 -1 0
    outer loop
      vertex 3.58531 -1.0375 5.5441
      vertex 3.20828 -1.0375 5.68707
      vertex 3.1866 -1.0375 5.5907
    endloop
  endfacet
  facet normal 0 -1 0
    outer loop
      vertex 3.20828 -1.0375 5.68707
      vertex 3.58531 -1.0375 5.5441
      vertex 3.61526 -1.0375 5.67424
    endloop
  endfacet
  facet normal 0 -1 0
    outer loop
      vertex 3.54871 -1.0375 5.42293
      vertex 3.1866 -1.0375 5.5907
      vertex 3.16096 -1.0375 5.50204
    endloop
  endfacet
  facet normal 0 -1 0
    outer loop
      vertex 3.1866 -1.0375 5.5907
      vertex 3.54871 -1.0375 5.42293
      vertex 3.58531 -1.0375 5.5441
    endloop
  endfacet
  facet normal 0 -1 0
    outer loop
      vertex 3.50545 -1.0375 5.31071
      vertex 3.16096 -1.0375 5.50204
      vertex 3.13139 -1.0375 5.42108
    endloop
  endfacet
  facet normal 0 -1 0
    outer loop
      vertex 3.45554 -1.0375 5.20749
      vertex 3.13139 -1.0375 5.42108
      vertex 3.09789 -1.0375 5.34785
    endloop
  endfacet
  facet normal 0 -1 0
    outer loop
      vertex 3.16096 -1.0375 5.50204
      vertex 3.50545 -1.0375 5.31071
      vertex 3.54871 -1.0375 5.42293
    endloop
  endfacet
  facet normal 0 -1 0
    outer loop
      vertex 3.39896 -1.0375 5.11322
      vertex 3.09789 -1.0375 5.34785
      vertex 3.06042 -1.0375 5.28232
    endloop
  endfacet
  facet normal 0 -1 0
    outer loop
      vertex 3.33609 -1.0375 5.02843
      vertex 3.06042 -1.0375 5.28232
      vertex 3.01903 -1.0375 5.2245
    endloop
  endfacet
  facet normal 0 -1 0
    outer loop
      vertex 3.13139 -1.0375 5.42108
      vertex 3.45554 -1.0375 5.20749
      vertex 3.50545 -1.0375 5.31071
    endloop
  endfacet
  facet normal 0 -1 0
    outer loop
      vertex 3.26726 -1.0375 4.95361
      vertex 3.01903 -1.0375 5.2245
      vertex 2.97368 -1.0375 5.17439
    endloop
  endfacet
  facet normal 0 -1 0
    outer loop
      vertex 3.19247 -1.0375 4.88878
      vertex 2.97368 -1.0375 5.17439
      vertex 2.92439 -1.0375 5.132
    endloop
  endfacet
  facet normal 0 -1 0
    outer loop
      vertex 3.09789 -1.0375 5.34785
      vertex 3.39896 -1.0375 5.11322
      vertex 3.45554 -1.0375 5.20749
    endloop
  endfacet
  facet normal 0 -1 0
    outer loop
      vertex 3.11174 -1.0375 4.83392
      vertex 2.92439 -1.0375 5.132
      vertex 2.87115 -1.0375 5.09731
    endloop
  endfacet
  facet normal 0 -1 0
    outer loop
      vertex 2.93242 -1.0375 4.75412
      vertex 2.87115 -1.0375 5.09731
      vertex 2.81398 -1.0375 5.07033
    endloop
  endfacet
  facet normal 0 -1 0
    outer loop
      vertex 2.83382 -1.0375 4.72919
      vertex 2.81398 -1.0375 5.07033
      vertex 2.75285 -1.0375 5.05106
    endloop
  endfacet
  facet normal 0 -1 0
    outer loop
      vertex 2.72928 -1.0375 4.71422
      vertex 2.75285 -1.0375 5.05106
      vertex 2.68779 -1.0375 5.03949
    endloop
  endfacet
  facet normal 0 -1 0
    outer loop
      vertex 3.06042 -1.0375 5.28232
      vertex 3.33609 -1.0375 5.02843
      vertex 3.39896 -1.0375 5.11322
    endloop
  endfacet
  facet normal 0 -1 0
    outer loop
      vertex 2.61877 -1.0375 4.70924
      vertex 2.68779 -1.0375 5.03949
      vertex 2.61877 -1.0375 5.03564
    endloop
  endfacet
  facet normal 0 -1 0
    outer loop
      vertex 2.30515 -1.0375 4.75412
      vertex 2.36783 -1.0375 5.09731
      vertex 2.21251 -1.0375 4.78903
    endloop
  endfacet
  facet normal 0 -1 -0
    outer loop
      vertex 2.36783 -1.0375 5.09731
      vertex 2.30515 -1.0375 4.75412
      vertex 2.42473 -1.0375 5.07033
    endloop
  endfacet
  facet normal 0 -1 -0
    outer loop
      vertex 2.68779 -1.0375 5.03949
      vertex 2.61877 -1.0375 4.70924
      vertex 2.72928 -1.0375 4.71422
    endloop
  endfacet
  facet normal 0 -1 0
    outer loop
      vertex 2.40375 -1.0375 4.72919
      vertex 2.42473 -1.0375 5.07033
      vertex 2.30515 -1.0375 4.75412
    endloop
  endfacet
  facet normal 0 -1 -0
    outer loop
      vertex 2.75285 -1.0375 5.05106
      vertex 2.72928 -1.0375 4.71422
      vertex 2.83382 -1.0375 4.72919
    endloop
  endfacet
  facet normal 0 -1 -0
    outer loop
      vertex 2.42473 -1.0375 5.07033
      vertex 2.40375 -1.0375 4.72919
      vertex 2.48552 -1.0375 5.05106
    endloop
  endfacet
  facet normal 0 -1 0
    outer loop
      vertex 3.01903 -1.0375 5.2245
      vertex 3.26726 -1.0375 4.95361
      vertex 3.33609 -1.0375 5.02843
    endloop
  endfacet
  facet normal 0 -1 0
    outer loop
      vertex 2.50829 -1.0375 4.71422
      vertex 2.48552 -1.0375 5.05106
      vertex 2.40375 -1.0375 4.72919
    endloop
  endfacet
  facet normal 0 -1 0
    outer loop
      vertex 2.5502 -1.0375 5.03949
      vertex 2.61877 -1.0375 4.70924
      vertex 2.61877 -1.0375 5.03564
    endloop
  endfacet
  facet normal 0 -1 0
    outer loop
      vertex 2.48552 -1.0375 5.05106
      vertex 2.50829 -1.0375 4.71422
      vertex 2.5502 -1.0375 5.03949
    endloop
  endfacet
  facet normal 0 -1 0
    outer loop
      vertex 2.97368 -1.0375 5.17439
      vertex 3.19247 -1.0375 4.88878
      vertex 3.26726 -1.0375 4.95361
    endloop
  endfacet
  facet normal 0 -1 0
    outer loop
      vertex 2.61877 -1.0375 4.70924
      vertex 2.5502 -1.0375 5.03949
      vertex 2.50829 -1.0375 4.71422
    endloop
  endfacet
  facet normal 0 -1 0
    outer loop
      vertex 2.92439 -1.0375 5.132
      vertex 3.11174 -1.0375 4.83392
      vertex 3.19247 -1.0375 4.88878
    endloop
  endfacet
  facet normal 0 -1 0
    outer loop
      vertex 2.87115 -1.0375 5.09731
      vertex 3.02505 -1.0375 4.78903
      vertex 3.11174 -1.0375 4.83392
    endloop
  endfacet
  facet normal 0 -1 0
    outer loop
      vertex 2.81398 -1.0375 5.07033
      vertex 2.83382 -1.0375 4.72919
      vertex 2.93242 -1.0375 4.75412
    endloop
  endfacet
  facet normal 0 -1 0
    outer loop
      vertex 2.87115 -1.0375 5.09731
      vertex 2.93242 -1.0375 4.75412
      vertex 3.02505 -1.0375 4.78903
    endloop
  endfacet
  facet normal 0 -1 0
    outer loop
      vertex -3.42548 -1.0375 7.66026
      vertex -3.42548 -1.0375 7.28586
      vertex -2.69513 -1.0375 7.43178
    endloop
  endfacet
  facet normal 0 -1 0
    outer loop
      vertex -2.69513 -1.0375 7.43178
      vertex -2.6992 -1.0375 7.80618
      vertex -3.42548 -1.0375 7.66026
    endloop
  endfacet
  facet normal 0 -1 0
    outer loop
      vertex -2.6992 -1.0375 7.80618
      vertex -2.69513 -1.0375 7.43178
      vertex -2.28827 -1.0375 7.80618
    endloop
  endfacet
  facet normal 0 -1 0
    outer loop
      vertex -2.28827 -1.0375 5.11436
      vertex -2.69513 -1.0375 7.43178
      vertex -2.69513 -1.0375 5.11436
    endloop
  endfacet
  facet normal 0 -1 0
    outer loop
      vertex -2.69513 -1.0375 7.43178
      vertex -2.28827 -1.0375 5.11436
      vertex -2.28827 -1.0375 7.80618
    endloop
  endfacet
  facet normal 0 -1 0
    outer loop
      vertex -3.3665 -1.0375 4.76875
      vertex -2.69513 -1.0375 5.11436
      vertex -3.3665 -1.0375 5.11436
    endloop
  endfacet
  facet normal 0 -1 -0
    outer loop
      vertex -2.69513 -1.0375 5.11436
      vertex -3.3665 -1.0375 4.76875
      vertex -2.28827 -1.0375 5.11436
    endloop
  endfacet
  facet normal 0 -1 0
    outer loop
      vertex -1.61693 -1.0375 4.76875
      vertex -2.28827 -1.0375 5.11436
      vertex -3.3665 -1.0375 4.76875
    endloop
  endfacet
  facet normal 0 -1 0
    outer loop
      vertex -2.28827 -1.0375 5.11436
      vertex -1.61693 -1.0375 4.76875
      vertex -1.61693 -1.0375 5.11436
    endloop
  endfacet
  facet normal -0.141735 0 0.989905
    outer loop
      vertex 0.140457 -1.0375 4.71422
      vertex 0.24501 -1.4375 4.72919
      vertex 0.24501 -1.0375 4.72919
    endloop
  endfacet
  facet normal -0.141735 0 0.989905
    outer loop
      vertex 0.24501 -1.4375 4.72919
      vertex 0.140457 -1.0375 4.71422
      vertex 0.140457 -1.4375 4.71422
    endloop
  endfacet
  facet normal -0.245156 0 0.969484
    outer loop
      vertex 0.24501 -1.0375 4.72919
      vertex 0.343597 -1.4375 4.75412
      vertex 0.343597 -1.0375 4.75412
    endloop
  endfacet
  facet normal -0.245156 0 0.969484
    outer loop
      vertex 0.343597 -1.4375 4.75412
      vertex 0.24501 -1.0375 4.72919
      vertex 0.24501 -1.4375 4.72919
    endloop
  endfacet
  facet normal -0.352638 0 0.93576
    outer loop
      vertex 0.343597 -1.0375 4.75412
      vertex 0.436234 -1.4375 4.78903
      vertex 0.436234 -1.0375 4.78903
    endloop
  endfacet
  facet normal -0.352638 0 0.93576
    outer loop
      vertex 0.436234 -1.4375 4.78903
      vertex 0.343597 -1.0375 4.75412
      vertex 0.343597 -1.4375 4.75412
    endloop
  endfacet
  facet normal -0.459851 0 0.887996
    outer loop
      vertex 0.436234 -1.0375 4.78903
      vertex 0.522919 -1.4375 4.83392
      vertex 0.522919 -1.0375 4.83392
    endloop
  endfacet
  facet normal -0.459851 0 0.887996
    outer loop
      vertex 0.522919 -1.4375 4.83392
      vertex 0.436234 -1.0375 4.78903
      vertex 0.436234 -1.4375 4.78903
    endloop
  endfacet
  facet normal -0.562036 0 0.827113
    outer loop
      vertex 0.522919 -1.0375 4.83392
      vertex 0.603653 -1.4375 4.88878
      vertex 0.603653 -1.0375 4.88878
    endloop
  endfacet
  facet normal -0.562036 0 0.827113
    outer loop
      vertex 0.603653 -1.4375 4.88878
      vertex 0.522919 -1.0375 4.83392
      vertex 0.522919 -1.4375 4.83392
    endloop
  endfacet
  facet normal -0.655035 0 0.755599
    outer loop
      vertex 0.603653 -1.0375 4.88878
      vertex 0.678436 -1.4375 4.95361
      vertex 0.678436 -1.0375 4.95361
    endloop
  endfacet
  facet normal -0.655035 0 0.755599
    outer loop
      vertex 0.678436 -1.4375 4.95361
      vertex 0.603653 -1.0375 4.88878
      vertex 0.603653 -1.4375 4.88878
    endloop
  endfacet
  facet normal -0.735938 0 0.677049
    outer loop
      vertex 0.678436 -1.4375 4.95361
      vertex 0.747269 -1.0375 5.02843
      vertex 0.678436 -1.0375 4.95361
    endloop
  endfacet
  facet normal -0.735938 0 0.677049
    outer loop
      vertex 0.747269 -1.0375 5.02843
      vertex 0.678436 -1.4375 4.95361
      vertex 0.747269 -1.4375 5.02843
    endloop
  endfacet
  facet normal -0.803224 0 0.595678
    outer loop
      vertex 0.747269 -1.4375 5.02843
      vertex 0.81015 -1.0375 5.11322
      vertex 0.747269 -1.0375 5.02843
    endloop
  endfacet
  facet normal -0.803224 0 0.595678
    outer loop
      vertex 0.81015 -1.0375 5.11322
      vertex 0.747269 -1.4375 5.02843
      vertex 0.81015 -1.4375 5.11322
    endloop
  endfacet
  facet normal -0.857485 0 0.514509
    outer loop
      vertex 0.81015 -1.4375 5.11322
      vertex 0.866714 -1.0375 5.20749
      vertex 0.81015 -1.0375 5.11322
    endloop
  endfacet
  facet normal -0.857485 0 0.514509
    outer loop
      vertex 0.866714 -1.0375 5.20749
      vertex 0.81015 -1.4375 5.11322
      vertex 0.866714 -1.4375 5.20749
    endloop
  endfacet
  facet normal -0.900273 0 0.435327
    outer loop
      vertex 0.866714 -1.4375 5.20749
      vertex 0.916626 -1.0375 5.31071
      vertex 0.866714 -1.0375 5.20749
    endloop
  endfacet
  facet normal -0.900273 0 0.435327
    outer loop
      vertex 0.916626 -1.0375 5.31071
      vertex 0.866714 -1.4375 5.20749
      vertex 0.916626 -1.4375 5.31071
    endloop
  endfacet
  facet normal -0.933032 0 0.359793
    outer loop
      vertex 0.916626 -1.4375 5.31071
      vertex 0.9599 -1.0375 5.42293
      vertex 0.916626 -1.0375 5.31071
    endloop
  endfacet
  facet normal -0.933032 0 0.359793
    outer loop
      vertex 0.9599 -1.0375 5.42293
      vertex 0.916626 -1.4375 5.31071
      vertex 0.9599 -1.4375 5.42293
    endloop
  endfacet
  facet normal -0.95727 0 0.289196
    outer loop
      vertex 0.9599 -1.4375 5.42293
      vertex 0.996506 -1.0375 5.5441
      vertex 0.9599 -1.0375 5.42293
    endloop
  endfacet
  facet normal -0.95727 0 0.289196
    outer loop
      vertex 0.996506 -1.0375 5.5441
      vertex 0.9599 -1.4375 5.42293
      vertex 0.996506 -1.4375 5.5441
    endloop
  endfacet
  facet normal -0.974552 0 0.22416
    outer loop
      vertex 0.996506 -1.4375 5.5441
      vertex 1.02644 -1.0375 5.67424
      vertex 0.996506 -1.0375 5.5441
    endloop
  endfacet
  facet normal -0.974552 0 0.22416
    outer loop
      vertex 1.02644 -1.0375 5.67424
      vertex 0.996506 -1.4375 5.5441
      vertex 1.02644 -1.4375 5.67424
    endloop
  endfacet
  facet normal -0.986265 0 0.165169
    outer loop
      vertex 1.02644 -1.4375 5.67424
      vertex 1.04974 -1.0375 5.81337
      vertex 1.02644 -1.0375 5.67424
    endloop
  endfacet
  facet normal -0.986265 0 0.165169
    outer loop
      vertex 1.04974 -1.0375 5.81337
      vertex 1.02644 -1.4375 5.67424
      vertex 1.04974 -1.4375 5.81337
    endloop
  endfacet
  facet normal -0.993746 0 0.111661
    outer loop
      vertex 1.04974 -1.4375 5.81337
      vertex 1.06638 -1.0375 5.96146
      vertex 1.04974 -1.0375 5.81337
    endloop
  endfacet
  facet normal -0.993746 0 0.111661
    outer loop
      vertex 1.06638 -1.0375 5.96146
      vertex 1.04974 -1.4375 5.81337
      vertex 1.06638 -1.4375 5.96146
    endloop
  endfacet
  facet normal -0.997983 0 0.063478
    outer loop
      vertex 1.06638 -1.4375 5.96146
      vertex 1.07637 -1.0375 6.11852
      vertex 1.06638 -1.0375 5.96146
    endloop
  endfacet
  facet normal -0.997983 0 0.063478
    outer loop
      vertex 1.07637 -1.0375 6.11852
      vertex 1.06638 -1.4375 5.96146
      vertex 1.07637 -1.4375 6.11852
    endloop
  endfacet
  facet normal -0.999799 0 0.0200562
    outer loop
      vertex 1.07637 -1.4375 6.11852
      vertex 1.0797 -1.0375 6.28452
      vertex 1.07637 -1.0375 6.11852
    endloop
  endfacet
  facet normal -0.999799 0 0.0200562
    outer loop
      vertex 1.0797 -1.0375 6.28452
      vertex 1.07637 -1.4375 6.11852
      vertex 1.0797 -1.4375 6.28452
    endloop
  endfacet
  facet normal -0.9998 0 -0.020002
    outer loop
      vertex 1.0797 -1.4375 6.28452
      vertex 1.07637 -1.0375 6.45097
      vertex 1.0797 -1.0375 6.28452
    endloop
  endfacet
  facet normal -0.9998 -0 -0.020002
    outer loop
      vertex 1.07637 -1.0375 6.45097
      vertex 1.0797 -1.4375 6.28452
      vertex 1.07637 -1.4375 6.45097
    endloop
  endfacet
  facet normal -0.997993 0 -0.0633254
    outer loop
      vertex 1.07637 -1.4375 6.45097
      vertex 1.06638 -1.0375 6.60841
      vertex 1.07637 -1.0375 6.45097
    endloop
  endfacet
  facet normal -0.997993 -0 -0.0633254
    outer loop
      vertex 1.06638 -1.0375 6.60841
      vertex 1.07637 -1.4375 6.45097
      vertex 1.06638 -1.4375 6.60841
    endloop
  endfacet
  facet normal -0.993773 0 -0.111424
    outer loop
      vertex 1.06638 -1.4375 6.60841
      vertex 1.04974 -1.0375 6.75682
      vertex 1.06638 -1.0375 6.60841
    endloop
  endfacet
  facet normal -0.993773 -0 -0.111424
    outer loop
      vertex 1.04974 -1.0375 6.75682
      vertex 1.06638 -1.4375 6.60841
      vertex 1.04974 -1.4375 6.75682
    endloop
  endfacet
  facet normal -0.986315 0 -0.164869
    outer loop
      vertex 1.04974 -1.4375 6.75682
      vertex 1.02644 -1.0375 6.89621
      vertex 1.04974 -1.0375 6.75682
    endloop
  endfacet
  facet normal -0.986315 -0 -0.164869
    outer loop
      vertex 1.02644 -1.0375 6.89621
      vertex 1.04974 -1.4375 6.75682
      vertex 1.02644 -1.4375 6.89621
    endloop
  endfacet
  facet normal -0.974639 0 -0.223785
    outer loop
      vertex 1.02644 -1.4375 6.89621
      vertex 0.996506 -1.0375 7.02658
      vertex 1.02644 -1.0375 6.89621
    endloop
  endfacet
  facet normal -0.974639 -0 -0.223785
    outer loop
      vertex 0.996506 -1.0375 7.02658
      vertex 1.02644 -1.4375 6.89621
      vertex 0.996506 -1.4375 7.02658
    endloop
  endfacet
  facet normal -0.957389 0 -0.288802
    outer loop
      vertex 0.996506 -1.4375 7.02658
      vertex 0.9599 -1.0375 7.14793
      vertex 0.996506 -1.0375 7.02658
    endloop
  endfacet
  facet normal -0.957389 -0 -0.288802
    outer loop
      vertex 0.9599 -1.0375 7.14793
      vertex 0.996506 -1.4375 7.02658
      vertex 0.9599 -1.4375 7.14793
    endloop
  endfacet
  facet normal -0.933161 0 -0.359459
    outer loop
      vertex 0.9599 -1.4375 7.14793
      vertex 0.916626 -1.0375 7.26027
      vertex 0.9599 -1.0375 7.14793
    endloop
  endfacet
  facet normal -0.933161 -0 -0.359459
    outer loop
      vertex 0.916626 -1.0375 7.26027
      vertex 0.9599 -1.4375 7.14793
      vertex 0.916626 -1.4375 7.26027
    endloop
  endfacet
  facet normal -0.900405 0 -0.435053
    outer loop
      vertex 0.916626 -1.4375 7.26027
      vertex 0.866714 -1.0375 7.36357
      vertex 0.916626 -1.0375 7.26027
    endloop
  endfacet
  facet normal -0.900405 -0 -0.435053
    outer loop
      vertex 0.866714 -1.0375 7.36357
      vertex 0.916626 -1.4375 7.26027
      vertex 0.866714 -1.4375 7.36357
    endloop
  endfacet
  facet normal -0.857533 0 -0.514429
    outer loop
      vertex 0.866714 -1.4375 7.36357
      vertex 0.81015 -1.0375 7.45786
      vertex 0.866714 -1.0375 7.36357
    endloop
  endfacet
  facet normal -0.857533 -0 -0.514429
    outer loop
      vertex 0.81015 -1.0375 7.45786
      vertex 0.866714 -1.4375 7.36357
      vertex 0.81015 -1.4375 7.45786
    endloop
  endfacet
  facet normal -0.803224 0 -0.595678
    outer loop
      vertex 0.81015 -1.4375 7.45786
      vertex 0.747269 -1.0375 7.54265
      vertex 0.81015 -1.0375 7.45786
    endloop
  endfacet
  facet normal -0.803224 -0 -0.595678
    outer loop
      vertex 0.747269 -1.0375 7.54265
      vertex 0.81015 -1.4375 7.45786
      vertex 0.747269 -1.4375 7.54265
    endloop
  endfacet
  facet normal -0.735893 0 -0.677098
    outer loop
      vertex 0.747269 -1.4375 7.54265
      vertex 0.678436 -1.0375 7.61746
      vertex 0.747269 -1.0375 7.54265
    endloop
  endfacet
  facet normal -0.735893 -0 -0.677098
    outer loop
      vertex 0.678436 -1.0375 7.61746
      vertex 0.747269 -1.4375 7.54265
      vertex 0.678436 -1.4375 7.61746
    endloop
  endfacet
  facet normal -0.655092 0 -0.755549
    outer loop
      vertex 0.603653 -1.4375 7.6823
      vertex 0.678436 -1.0375 7.61746
      vertex 0.678436 -1.4375 7.61746
    endloop
  endfacet
  facet normal -0.655092 0 -0.755549
    outer loop
      vertex 0.678436 -1.0375 7.61746
      vertex 0.603653 -1.4375 7.6823
      vertex 0.603653 -1.0375 7.6823
    endloop
  endfacet
  facet normal -0.562106 0 -0.827065
    outer loop
      vertex 0.522919 -1.4375 7.73717
      vertex 0.603653 -1.0375 7.6823
      vertex 0.603653 -1.4375 7.6823
    endloop
  endfacet
  facet normal -0.562106 0 -0.827065
    outer loop
      vertex 0.603653 -1.0375 7.6823
      vertex 0.522919 -1.4375 7.73717
      vertex 0.522919 -1.0375 7.73717
    endloop
  endfacet
  facet normal -0.459851 0 -0.887996
    outer loop
      vertex 0.436234 -1.4375 7.78206
      vertex 0.522919 -1.0375 7.73717
      vertex 0.522919 -1.4375 7.73717
    endloop
  endfacet
  facet normal -0.459851 0 -0.887996
    outer loop
      vertex 0.522919 -1.0375 7.73717
      vertex 0.436234 -1.4375 7.78206
      vertex 0.436234 -1.0375 7.78206
    endloop
  endfacet
  facet normal -0.352638 0 -0.93576
    outer loop
      vertex 0.343597 -1.4375 7.81697
      vertex 0.436234 -1.0375 7.78206
      vertex 0.436234 -1.4375 7.78206
    endloop
  endfacet
  facet normal -0.352638 0 -0.93576
    outer loop
      vertex 0.436234 -1.0375 7.78206
      vertex 0.343597 -1.4375 7.81697
      vertex 0.343597 -1.0375 7.81697
    endloop
  endfacet
  facet normal -0.245156 0 -0.969484
    outer loop
      vertex 0.24501 -1.4375 7.8419
      vertex 0.343597 -1.0375 7.81697
      vertex 0.343597 -1.4375 7.81697
    endloop
  endfacet
  facet normal -0.245156 0 -0.969484
    outer loop
      vertex 0.343597 -1.0375 7.81697
      vertex 0.24501 -1.4375 7.8419
      vertex 0.24501 -1.0375 7.8419
    endloop
  endfacet
  facet normal -0.141735 0 -0.989905
    outer loop
      vertex 0.140457 -1.4375 7.85687
      vertex 0.24501 -1.0375 7.8419
      vertex 0.24501 -1.4375 7.8419
    endloop
  endfacet
  facet normal -0.141735 0 -0.989905
    outer loop
      vertex 0.24501 -1.0375 7.8419
      vertex 0.140457 -1.4375 7.85687
      vertex 0.140457 -1.0375 7.85687
    endloop
  endfacet
  facet normal -0.045117 0 -0.998982
    outer loop
      vertex 0.0299683 -1.4375 7.86186
      vertex 0.140457 -1.0375 7.85687
      vertex 0.140457 -1.4375 7.85687
    endloop
  endfacet
  facet normal -0.045117 0 -0.998982
    outer loop
      vertex 0.140457 -1.0375 7.85687
      vertex 0.0299683 -1.4375 7.86186
      vertex 0.0299683 -1.0375 7.86186
    endloop
  endfacet
  facet normal 0.0451169 0 -0.998982
    outer loop
      vertex -0.0805206 -1.4375 7.85687
      vertex 0.0299683 -1.0375 7.86186
      vertex 0.0299683 -1.4375 7.86186
    endloop
  endfacet
  facet normal 0.0451169 0 -0.998982
    outer loop
      vertex 0.0299683 -1.0375 7.86186
      vertex -0.0805206 -1.4375 7.85687
      vertex -0.0805206 -1.0375 7.85687
    endloop
  endfacet
  facet normal 0.141755 0 -0.989902
    outer loop
      vertex -0.185059 -1.4375 7.8419
      vertex -0.0805206 -1.0375 7.85687
      vertex -0.0805206 -1.4375 7.85687
    endloop
  endfacet
  facet normal 0.141755 0 -0.989902
    outer loop
      vertex -0.0805206 -1.0375 7.85687
      vertex -0.185059 -1.4375 7.8419
      vertex -0.185059 -1.0375 7.8419
    endloop
  endfacet
  facet normal 0.245121 0 -0.969492
    outer loop
      vertex -0.283661 -1.4375 7.81697
      vertex -0.185059 -1.0375 7.8419
      vertex -0.185059 -1.4375 7.8419
    endloop
  endfacet
  facet normal 0.245121 0 -0.969492
    outer loop
      vertex -0.185059 -1.0375 7.8419
      vertex -0.283661 -1.4375 7.81697
      vertex -0.283661 -1.0375 7.81697
    endloop
  endfacet
  facet normal 0.352642 0 -0.935758
    outer loop
      vertex -0.376297 -1.4375 7.78206
      vertex -0.283661 -1.0375 7.81697
      vertex -0.283661 -1.4375 7.81697
    endloop
  endfacet
  facet normal 0.352642 0 -0.935758
    outer loop
      vertex -0.283661 -1.0375 7.81697
      vertex -0.376297 -1.4375 7.78206
      vertex -0.376297 -1.0375 7.78206
    endloop
  endfacet
  facet normal 0.459851 0 -0.887996
    outer loop
      vertex -0.462982 -1.4375 7.73717
      vertex -0.376297 -1.0375 7.78206
      vertex -0.376297 -1.4375 7.78206
    endloop
  endfacet
  facet normal 0.459851 0 -0.887996
    outer loop
      vertex -0.376297 -1.0375 7.78206
      vertex -0.462982 -1.4375 7.73717
      vertex -0.462982 -1.0375 7.73717
    endloop
  endfacet
  facet normal 0.562106 0 -0.827065
    outer loop
      vertex -0.543716 -1.4375 7.6823
      vertex -0.462982 -1.0375 7.73717
      vertex -0.462982 -1.4375 7.73717
    endloop
  endfacet
  facet normal 0.562106 0 -0.827065
    outer loop
      vertex -0.462982 -1.0375 7.73717
      vertex -0.543716 -1.4375 7.6823
      vertex -0.543716 -1.0375 7.6823
    endloop
  endfacet
  facet normal 0.655087 0 -0.755553
    outer loop
      vertex -0.6185 -1.4375 7.61746
      vertex -0.543716 -1.0375 7.6823
      vertex -0.543716 -1.4375 7.6823
    endloop
  endfacet
  facet normal 0.655087 0 -0.755553
    outer loop
      vertex -0.543716 -1.0375 7.6823
      vertex -0.6185 -1.4375 7.61746
      vertex -0.6185 -1.0375 7.61746
    endloop
  endfacet
  facet normal 0.735898 0 -0.677093
    outer loop
      vertex -0.6185 -1.4375 7.61746
      vertex -0.687332 -1.0375 7.54265
      vertex -0.6185 -1.0375 7.61746
    endloop
  endfacet
  facet normal 0.735898 0 -0.677093
    outer loop
      vertex -0.687332 -1.0375 7.54265
      vertex -0.6185 -1.4375 7.61746
      vertex -0.687332 -1.4375 7.54265
    endloop
  endfacet
  facet normal 0.803292 0 -0.595586
    outer loop
      vertex -0.687332 -1.4375 7.54265
      vertex -0.750198 -1.0375 7.45786
      vertex -0.687332 -1.0375 7.54265
    endloop
  endfacet
  facet normal 0.803292 0 -0.595586
    outer loop
      vertex -0.750198 -1.0375 7.45786
      vertex -0.687332 -1.4375 7.54265
      vertex -0.750198 -1.4375 7.45786
    endloop
  endfacet
  facet normal 0.857469 0 -0.514536
    outer loop
      vertex -0.750198 -1.4375 7.45786
      vertex -0.806778 -1.0375 7.36357
      vertex -0.750198 -1.0375 7.45786
    endloop
  endfacet
  facet normal 0.857469 0 -0.514536
    outer loop
      vertex -0.806778 -1.0375 7.36357
      vertex -0.750198 -1.4375 7.45786
      vertex -0.806778 -1.4375 7.36357
    endloop
  endfacet
  facet normal 0.900408 0 -0.435046
    outer loop
      vertex -0.806778 -1.4375 7.36357
      vertex -0.856689 -1.0375 7.26027
      vertex -0.806778 -1.0375 7.36357
    endloop
  endfacet
  facet normal 0.900408 0 -0.435046
    outer loop
      vertex -0.856689 -1.0375 7.26027
      vertex -0.806778 -1.4375 7.36357
      vertex -0.856689 -1.4375 7.26027
    endloop
  endfacet
  facet normal 0.933203 0 -0.35935
    outer loop
      vertex -0.856689 -1.4375 7.26027
      vertex -0.899948 -1.0375 7.14793
      vertex -0.856689 -1.0375 7.26027
    endloop
  endfacet
  facet normal 0.933203 0 -0.35935
    outer loop
      vertex -0.899948 -1.0375 7.14793
      vertex -0.856689 -1.4375 7.26027
      vertex -0.899948 -1.4375 7.14793
    endloop
  endfacet
  facet normal 0.957389 0 -0.288802
    outer loop
      vertex -0.899948 -1.4375 7.14793
      vertex -0.936554 -1.0375 7.02658
      vertex -0.899948 -1.0375 7.14793
    endloop
  endfacet
  facet normal 0.957389 0 -0.288802
    outer loop
      vertex -0.936554 -1.0375 7.02658
      vertex -0.899948 -1.4375 7.14793
      vertex -0.936554 -1.4375 7.02658
    endloop
  endfacet
  facet normal 0.974608 0 -0.22392
    outer loop
      vertex -0.936554 -1.4375 7.02658
      vertex -0.966507 -1.0375 6.89621
      vertex -0.936554 -1.0375 7.02658
    endloop
  endfacet
  facet normal 0.974608 0 -0.22392
    outer loop
      vertex -0.966507 -1.0375 6.89621
      vertex -0.936554 -1.4375 7.02658
      vertex -0.966507 -1.4375 6.89621
    endloop
  endfacet
  facet normal 0.986315 0 -0.164869
    outer loop
      vertex -0.966507 -1.4375 6.89621
      vertex -0.989807 -1.0375 6.75682
      vertex -0.966507 -1.0375 6.89621
    endloop
  endfacet
  facet normal 0.986315 0 -0.164869
    outer loop
      vertex -0.989807 -1.0375 6.75682
      vertex -0.966507 -1.4375 6.89621
      vertex -0.989807 -1.4375 6.75682
    endloop
  endfacet
  facet normal 0.993778 0 -0.111377
    outer loop
      vertex -0.989807 -1.4375 6.75682
      vertex -1.00644 -1.0375 6.60841
      vertex -0.989807 -1.0375 6.75682
    endloop
  endfacet
  facet normal 0.993778 0 -0.111377
    outer loop
      vertex -1.00644 -1.0375 6.60841
      vertex -0.989807 -1.4375 6.75682
      vertex -1.00644 -1.4375 6.60841
    endloop
  endfacet
  facet normal 0.997997 0 -0.0632623
    outer loop
      vertex -1.00644 -1.4375 6.60841
      vertex -1.01642 -1.0375 6.45097
      vertex -1.00644 -1.0375 6.60841
    endloop
  endfacet
  facet normal 0.997997 0 -0.0632623
    outer loop
      vertex -1.01642 -1.0375 6.45097
      vertex -1.00644 -1.4375 6.60841
      vertex -1.01642 -1.4375 6.45097
    endloop
  endfacet
  facet normal 0.999801 0 -0.019942
    outer loop
      vertex -1.01642 -1.4375 6.45097
      vertex -1.01974 -1.0375 6.28452
      vertex -1.01642 -1.0375 6.45097
    endloop
  endfacet
  facet normal 0.999801 0 -0.019942
    outer loop
      vertex -1.01974 -1.0375 6.28452
      vertex -1.01642 -1.4375 6.45097
      vertex -1.01974 -1.4375 6.28452
    endloop
  endfacet
  facet normal 0.9998 -0 0.019996
    outer loop
      vertex -1.01974 -1.4375 6.28452
      vertex -1.01642 -1.0375 6.11852
      vertex -1.01974 -1.0375 6.28452
    endloop
  endfacet
  facet normal 0.9998 0 0.019996
    outer loop
      vertex -1.01642 -1.0375 6.11852
      vertex -1.01974 -1.4375 6.28452
      vertex -1.01642 -1.4375 6.11852
    endloop
  endfacet
  facet normal 0.997987 -0 0.0634147
    outer loop
      vertex -1.01642 -1.4375 6.11852
      vertex -1.00644 -1.0375 5.96146
      vertex -1.01642 -1.0375 6.11852
    endloop
  endfacet
  facet normal 0.997987 0 0.0634147
    outer loop
      vertex -1.00644 -1.0375 5.96146
      vertex -1.01642 -1.4375 6.11852
      vertex -1.00644 -1.4375 5.96146
    endloop
  endfacet
  facet normal 0.993752 -0 0.111615
    outer loop
      vertex -1.00644 -1.4375 5.96146
      vertex -0.989807 -1.0375 5.81337
      vertex -1.00644 -1.0375 5.96146
    endloop
  endfacet
  facet normal 0.993752 0 0.111615
    outer loop
      vertex -0.989807 -1.0375 5.81337
      vertex -1.00644 -1.4375 5.96146
      vertex -0.989807 -1.4375 5.81337
    endloop
  endfacet
  facet normal 0.986265 -0 0.165169
    outer loop
      vertex -0.989807 -1.4375 5.81337
      vertex -0.966507 -1.0375 5.67424
      vertex -0.989807 -1.0375 5.81337
    endloop
  endfacet
  facet normal 0.986265 0 0.165169
    outer loop
      vertex -0.966507 -1.0375 5.67424
      vertex -0.989807 -1.4375 5.81337
      vertex -0.966507 -1.4375 5.67424
    endloop
  endfacet
  facet normal 0.974521 -0 0.224296
    outer loop
      vertex -0.966507 -1.4375 5.67424
      vertex -0.936554 -1.0375 5.5441
      vertex -0.966507 -1.0375 5.67424
    endloop
  endfacet
  facet normal 0.974521 0 0.224296
    outer loop
      vertex -0.936554 -1.0375 5.5441
      vertex -0.966507 -1.4375 5.67424
      vertex -0.936554 -1.4375 5.5441
    endloop
  endfacet
  facet normal 0.95727 -0 0.289196
    outer loop
      vertex -0.936554 -1.4375 5.5441
      vertex -0.899948 -1.0375 5.42293
      vertex -0.936554 -1.0375 5.5441
    endloop
  endfacet
  facet normal 0.95727 0 0.289196
    outer loop
      vertex -0.899948 -1.0375 5.42293
      vertex -0.936554 -1.4375 5.5441
      vertex -0.899948 -1.4375 5.42293
    endloop
  endfacet
  facet normal 0.933074 -0 0.359685
    outer loop
      vertex -0.899948 -1.4375 5.42293
      vertex -0.856689 -1.0375 5.31071
      vertex -0.899948 -1.0375 5.42293
    endloop
  endfacet
  facet normal 0.933074 0 0.359685
    outer loop
      vertex -0.856689 -1.0375 5.31071
      vertex -0.899948 -1.4375 5.42293
      vertex -0.856689 -1.4375 5.31071
    endloop
  endfacet
  facet normal 0.900276 -0 0.435319
    outer loop
      vertex -0.856689 -1.4375 5.31071
      vertex -0.806778 -1.0375 5.20749
      vertex -0.856689 -1.0375 5.31071
    endloop
  endfacet
  facet normal 0.900276 0 0.435319
    outer loop
      vertex -0.806778 -1.0375 5.20749
      vertex -0.856689 -1.4375 5.31071
      vertex -0.806778 -1.4375 5.20749
    endloop
  endfacet
  facet normal 0.857421 -0 0.514616
    outer loop
      vertex -0.806778 -1.4375 5.20749
      vertex -0.750198 -1.0375 5.11322
      vertex -0.806778 -1.0375 5.20749
    endloop
  endfacet
  facet normal 0.857421 0 0.514616
    outer loop
      vertex -0.750198 -1.0375 5.11322
      vertex -0.806778 -1.4375 5.20749
      vertex -0.750198 -1.4375 5.11322
    endloop
  endfacet
  facet normal 0.803292 -0 0.595586
    outer loop
      vertex -0.750198 -1.4375 5.11322
      vertex -0.687332 -1.0375 5.02843
      vertex -0.750198 -1.0375 5.11322
    endloop
  endfacet
  facet normal 0.803292 0 0.595586
    outer loop
      vertex -0.687332 -1.0375 5.02843
      vertex -0.750198 -1.4375 5.11322
      vertex -0.687332 -1.4375 5.02843
    endloop
  endfacet
  facet normal 0.735943 -0 0.677044
    outer loop
      vertex -0.687332 -1.4375 5.02843
      vertex -0.6185 -1.0375 4.95361
      vertex -0.687332 -1.0375 5.02843
    endloop
  endfacet
  facet normal 0.735943 0 0.677044
    outer loop
      vertex -0.6185 -1.0375 4.95361
      vertex -0.687332 -1.4375 5.02843
      vertex -0.6185 -1.4375 4.95361
    endloop
  endfacet
  facet normal 0.65503 0 0.755603
    outer loop
      vertex -0.6185 -1.0375 4.95361
      vertex -0.543716 -1.4375 4.88878
      vertex -0.543716 -1.0375 4.88878
    endloop
  endfacet
  facet normal 0.65503 0 0.755603
    outer loop
      vertex -0.543716 -1.4375 4.88878
      vertex -0.6185 -1.0375 4.95361
      vertex -0.6185 -1.4375 4.95361
    endloop
  endfacet
  facet normal 0.562036 0 0.827113
    outer loop
      vertex -0.543716 -1.0375 4.88878
      vertex -0.462982 -1.4375 4.83392
      vertex -0.462982 -1.0375 4.83392
    endloop
  endfacet
  facet normal 0.562036 0 0.827113
    outer loop
      vertex -0.462982 -1.4375 4.83392
      vertex -0.543716 -1.0375 4.88878
      vertex -0.543716 -1.4375 4.88878
    endloop
  endfacet
  facet normal 0.459851 0 0.887996
    outer loop
      vertex -0.462982 -1.0375 4.83392
      vertex -0.376297 -1.4375 4.78903
      vertex -0.376297 -1.0375 4.78903
    endloop
  endfacet
  facet normal 0.459851 0 0.887996
    outer loop
      vertex -0.376297 -1.4375 4.78903
      vertex -0.462982 -1.0375 4.83392
      vertex -0.462982 -1.4375 4.83392
    endloop
  endfacet
  facet normal 0.352642 0 0.935758
    outer loop
      vertex -0.376297 -1.0375 4.78903
      vertex -0.283661 -1.4375 4.75412
      vertex -0.283661 -1.0375 4.75412
    endloop
  endfacet
  facet normal 0.352642 0 0.935758
    outer loop
      vertex -0.283661 -1.4375 4.75412
      vertex -0.376297 -1.0375 4.78903
      vertex -0.376297 -1.4375 4.78903
    endloop
  endfacet
  facet normal 0.245121 0 0.969492
    outer loop
      vertex -0.283661 -1.0375 4.75412
      vertex -0.185059 -1.4375 4.72919
      vertex -0.185059 -1.0375 4.72919
    endloop
  endfacet
  facet normal 0.245121 0 0.969492
    outer loop
      vertex -0.185059 -1.4375 4.72919
      vertex -0.283661 -1.0375 4.75412
      vertex -0.283661 -1.4375 4.75412
    endloop
  endfacet
  facet normal 0.141755 0 0.989902
    outer loop
      vertex -0.185059 -1.0375 4.72919
      vertex -0.0805206 -1.4375 4.71422
      vertex -0.0805206 -1.0375 4.71422
    endloop
  endfacet
  facet normal 0.141755 0 0.989902
    outer loop
      vertex -0.0805206 -1.4375 4.71422
      vertex -0.185059 -1.0375 4.72919
      vertex -0.185059 -1.4375 4.72919
    endloop
  endfacet
  facet normal 0.0450267 0 0.998986
    outer loop
      vertex -0.0805206 -1.0375 4.71422
      vertex 0.0299683 -1.4375 4.70924
      vertex 0.0299683 -1.0375 4.70924
    endloop
  endfacet
  facet normal 0.0450267 0 0.998986
    outer loop
      vertex 0.0299683 -1.4375 4.70924
      vertex -0.0805206 -1.0375 4.71422
      vertex -0.0805206 -1.4375 4.71422
    endloop
  endfacet
  facet normal -0.0450268 0 0.998986
    outer loop
      vertex 0.0299683 -1.0375 4.70924
      vertex 0.140457 -1.4375 4.71422
      vertex 0.140457 -1.0375 4.71422
    endloop
  endfacet
  facet normal -0.0450268 0 0.998986
    outer loop
      vertex 0.140457 -1.4375 4.71422
      vertex 0.0299683 -1.0375 4.70924
      vertex 0.0299683 -1.4375 4.70924
    endloop
  endfacet
  facet normal -0.17608 0 -0.984376
    outer loop
      vertex -0.103287 -1.4375 5.05106
      vertex -0.0386047 -1.0375 5.03949
      vertex -0.0386047 -1.4375 5.03949
    endloop
  endfacet
  facet normal -0.17608 0 -0.984376
    outer loop
      vertex -0.0386047 -1.0375 5.03949
      vertex -0.103287 -1.4375 5.05106
      vertex -0.103287 -1.0375 5.05106
    endloop
  endfacet
  facet normal -0.30217 0 -0.953254
    outer loop
      vertex -0.164078 -1.4375 5.07033
      vertex -0.103287 -1.0375 5.05106
      vertex -0.103287 -1.4375 5.05106
    endloop
  endfacet
  facet normal -0.30217 0 -0.953254
    outer loop
      vertex -0.103287 -1.0375 5.05106
      vertex -0.164078 -1.4375 5.07033
      vertex -0.164078 -1.0375 5.07033
    endloop
  endfacet
  facet normal -0.428441 0 -0.90357
    outer loop
      vertex -0.220978 -1.4375 5.09731
      vertex -0.164078 -1.0375 5.07033
      vertex -0.164078 -1.4375 5.07033
    endloop
  endfacet
  facet normal -0.428441 0 -0.90357
    outer loop
      vertex -0.164078 -1.0375 5.07033
      vertex -0.220978 -1.4375 5.09731
      vertex -0.220978 -1.0375 5.09731
    endloop
  endfacet
  facet normal -0.547584 0 -0.836751
    outer loop
      vertex -0.273987 -1.4375 5.132
      vertex -0.220978 -1.0375 5.09731
      vertex -0.220978 -1.4375 5.09731
    endloop
  endfacet
  facet normal -0.547584 0 -0.836751
    outer loop
      vertex -0.220978 -1.0375 5.09731
      vertex -0.273987 -1.4375 5.132
      vertex -0.273987 -1.0375 5.132
    endloop
  endfacet
  facet normal -0.653354 0 -0.757052
    outer loop
      vertex -0.323105 -1.4375 5.17439
      vertex -0.273987 -1.0375 5.132
      vertex -0.273987 -1.4375 5.132
    endloop
  endfacet
  facet normal -0.653354 0 -0.757052
    outer loop
      vertex -0.273987 -1.0375 5.132
      vertex -0.323105 -1.4375 5.17439
      vertex -0.323105 -1.0375 5.17439
    endloop
  endfacet
  facet normal -0.742461 0 -0.669889
    outer loop
      vertex -0.323105 -1.4375 5.17439
      vertex -0.368317 -1.0375 5.2245
      vertex -0.323105 -1.0375 5.17439
    endloop
  endfacet
  facet normal -0.742461 -0 -0.669889
    outer loop
      vertex -0.368317 -1.0375 5.2245
      vertex -0.323105 -1.4375 5.17439
      vertex -0.368317 -1.4375 5.2245
    endloop
  endfacet
  facet normal -0.813494 0 -0.581574
    outer loop
      vertex -0.368317 -1.4375 5.2245
      vertex -0.409653 -1.0375 5.28232
      vertex -0.368317 -1.0375 5.2245
    endloop
  endfacet
  facet normal -0.813494 -0 -0.581574
    outer loop
      vertex -0.409653 -1.0375 5.28232
      vertex -0.368317 -1.4375 5.2245
      vertex -0.409653 -1.4375 5.28232
    endloop
  endfacet
  facet normal -0.868333 0 -0.495982
    outer loop
      vertex -0.409653 -1.4375 5.28232
      vertex -0.447083 -1.0375 5.34785
      vertex -0.409653 -1.0375 5.28232
    endloop
  endfacet
  facet normal -0.868333 -0 -0.495982
    outer loop
      vertex -0.447083 -1.0375 5.34785
      vertex -0.409653 -1.4375 5.28232
      vertex -0.447083 -1.4375 5.34785
    endloop
  endfacet
  facet normal -0.909327 0 -0.416083
    outer loop
      vertex -0.447083 -1.4375 5.34785
      vertex -0.480591 -1.0375 5.42108
      vertex -0.447083 -1.0375 5.34785
    endloop
  endfacet
  facet normal -0.909327 -0 -0.416083
    outer loop
      vertex -0.480591 -1.0375 5.42108
      vertex -0.447083 -1.4375 5.34785
      vertex -0.480591 -1.4375 5.42108
    endloop
  endfacet
  facet normal -0.939304 0 -0.343085
    outer loop
      vertex -0.480591 -1.4375 5.42108
      vertex -0.510162 -1.0375 5.50204
      vertex -0.480591 -1.0375 5.42108
    endloop
  endfacet
  facet normal -0.939304 -0 -0.343085
    outer loop
      vertex -0.510162 -1.0375 5.50204
      vertex -0.480591 -1.4375 5.42108
      vertex -0.510162 -1.4375 5.50204
    endloop
  endfacet
  facet normal -0.96065 0 -0.277761
    outer loop
      vertex -0.510162 -1.4375 5.50204
      vertex -0.535797 -1.0375 5.5907
      vertex -0.510162 -1.0375 5.50204
    endloop
  endfacet
  facet normal -0.96065 -0 -0.277761
    outer loop
      vertex -0.535797 -1.0375 5.5907
      vertex -0.510162 -1.4375 5.50204
      vertex -0.535797 -1.4375 5.5907
    endloop
  endfacet
  facet normal -0.97561 0 -0.21951
    outer loop
      vertex -0.535797 -1.4375 5.5907
      vertex -0.55748 -1.0375 5.68707
      vertex -0.535797 -1.0375 5.5907
    endloop
  endfacet
  facet normal -0.97561 -0 -0.21951
    outer loop
      vertex -0.55748 -1.0375 5.68707
      vertex -0.535797 -1.4375 5.5907
      vertex -0.55748 -1.4375 5.68707
    endloop
  endfacet
  facet normal -0.985771 0 -0.168094
    outer loop
      vertex -0.55748 -1.4375 5.68707
      vertex -0.575226 -1.0375 5.79114
      vertex -0.55748 -1.0375 5.68707
    endloop
  endfacet
  facet normal -0.985771 -0 -0.168094
    outer loop
      vertex -0.575226 -1.0375 5.79114
      vertex -0.55748 -1.4375 5.68707
      vertex -0.575226 -1.4375 5.79114
    endloop
  endfacet
  facet normal -0.992456 0 -0.122605
    outer loop
      vertex -0.575226 -1.4375 5.79114
      vertex -0.589035 -1.0375 5.90292
      vertex -0.575226 -1.0375 5.79114
    endloop
  endfacet
  facet normal -0.992456 -0 -0.122605
    outer loop
      vertex -0.589035 -1.0375 5.90292
      vertex -0.575226 -1.4375 5.79114
      vertex -0.589035 -1.4375 5.90292
    endloop
  endfacet
  facet normal -0.996615 0 -0.0822062
    outer loop
      vertex -0.589035 -1.4375 5.90292
      vertex -0.598892 -1.0375 6.02242
      vertex -0.589035 -1.0375 5.90292
    endloop
  endfacet
  facet normal -0.996615 -0 -0.0822062
    outer loop
      vertex -0.598892 -1.0375 6.02242
      vertex -0.589035 -1.4375 5.90292
      vertex -0.598892 -1.4375 6.02242
    endloop
  endfacet
  facet normal -0.998924 0 -0.0463694
    outer loop
      vertex -0.598892 -1.4375 6.02242
      vertex -0.604797 -1.0375 6.14963
      vertex -0.598892 -1.0375 6.02242
    endloop
  endfacet
  facet normal -0.998924 -0 -0.0463694
    outer loop
      vertex -0.604797 -1.0375 6.14963
      vertex -0.598892 -1.4375 6.02242
      vertex -0.604797 -1.4375 6.14963
    endloop
  endfacet
  facet normal -0.999893 0 -0.0145955
    outer loop
      vertex -0.604797 -1.4375 6.14963
      vertex -0.606766 -1.0375 6.28452
      vertex -0.604797 -1.0375 6.14963
    endloop
  endfacet
  facet normal -0.999893 -0 -0.0145955
    outer loop
      vertex -0.606766 -1.0375 6.28452
      vertex -0.604797 -1.4375 6.14963
      vertex -0.606766 -1.4375 6.28452
    endloop
  endfacet
  facet normal -0.999894 0 0.014547
    outer loop
      vertex -0.606766 -1.4375 6.28452
      vertex -0.604797 -1.0375 6.41986
      vertex -0.606766 -1.0375 6.28452
    endloop
  endfacet
  facet normal -0.999894 0 0.014547
    outer loop
      vertex -0.604797 -1.0375 6.41986
      vertex -0.606766 -1.4375 6.28452
      vertex -0.604797 -1.4375 6.41986
    endloop
  endfacet
  facet normal -0.998931 0 0.0462352
    outer loop
      vertex -0.604797 -1.4375 6.41986
      vertex -0.598892 -1.0375 6.54744
      vertex -0.604797 -1.0375 6.41986
    endloop
  endfacet
  facet normal -0.998931 0 0.0462352
    outer loop
      vertex -0.598892 -1.0375 6.54744
      vertex -0.604797 -1.4375 6.41986
      vertex -0.598892 -1.4375 6.54744
    endloop
  endfacet
  facet normal -0.996634 0 0.0819813
    outer loop
      vertex -0.598892 -1.4375 6.54744
      vertex -0.589035 -1.0375 6.66727
      vertex -0.598892 -1.0375 6.54744
    endloop
  endfacet
  facet normal -0.996634 0 0.0819813
    outer loop
      vertex -0.589035 -1.0375 6.66727
      vertex -0.598892 -1.4375 6.54744
      vertex -0.589035 -1.4375 6.66727
    endloop
  endfacet
  facet normal -0.992493 0 0.122304
    outer loop
      vertex -0.589035 -1.4375 6.66727
      vertex -0.575226 -1.0375 6.77933
      vertex -0.589035 -1.0375 6.66727
    endloop
  endfacet
  facet normal -0.992493 0 0.122304
    outer loop
      vertex -0.575226 -1.0375 6.77933
      vertex -0.589035 -1.4375 6.66727
      vertex -0.575226 -1.4375 6.77933
    endloop
  endfacet
  facet normal -0.98583 0 0.167749
    outer loop
      vertex -0.575226 -1.4375 6.77933
      vertex -0.55748 -1.0375 6.88362
      vertex -0.575226 -1.0375 6.77933
    endloop
  endfacet
  facet normal -0.98583 0 0.167749
    outer loop
      vertex -0.55748 -1.0375 6.88362
      vertex -0.575226 -1.4375 6.77933
      vertex -0.55748 -1.4375 6.88362
    endloop
  endfacet
  facet normal -0.975693 0 0.219142
    outer loop
      vertex -0.55748 -1.4375 6.88362
      vertex -0.535797 -1.0375 6.98016
      vertex -0.55748 -1.0375 6.88362
    endloop
  endfacet
  facet normal -0.975693 0 0.219142
    outer loop
      vertex -0.535797 -1.0375 6.98016
      vertex -0.55748 -1.4375 6.88362
      vertex -0.535797 -1.4375 6.98016
    endloop
  endfacet
  facet normal -0.96075 0 0.277414
    outer loop
      vertex -0.535797 -1.4375 6.98016
      vertex -0.510162 -1.0375 7.06894
      vertex -0.535797 -1.0375 6.98016
    endloop
  endfacet
  facet normal -0.96075 0 0.277414
    outer loop
      vertex -0.510162 -1.0375 7.06894
      vertex -0.535797 -1.4375 6.98016
      vertex -0.510162 -1.4375 7.06894
    endloop
  endfacet
  facet normal -0.939386 0 0.342861
    outer loop
      vertex -0.510162 -1.4375 7.06894
      vertex -0.480591 -1.0375 7.14996
      vertex -0.510162 -1.0375 7.06894
    endloop
  endfacet
  facet normal -0.939386 0 0.342861
    outer loop
      vertex -0.480591 -1.0375 7.14996
      vertex -0.510162 -1.4375 7.06894
      vertex -0.480591 -1.4375 7.14996
    endloop
  endfacet
  facet normal -0.909391 0 0.415942
    outer loop
      vertex -0.480591 -1.4375 7.14996
      vertex -0.447083 -1.0375 7.22322
      vertex -0.480591 -1.0375 7.14996
    endloop
  endfacet
  facet normal -0.909391 0 0.415942
    outer loop
      vertex -0.447083 -1.0375 7.22322
      vertex -0.480591 -1.4375 7.14996
      vertex -0.447083 -1.4375 7.22322
    endloop
  endfacet
  facet normal -0.868365 0 0.495925
    outer loop
      vertex -0.447083 -1.4375 7.22322
      vertex -0.409653 -1.0375 7.28876
      vertex -0.447083 -1.0375 7.22322
    endloop
  endfacet
  facet normal -0.868365 0 0.495925
    outer loop
      vertex -0.409653 -1.0375 7.28876
      vertex -0.447083 -1.4375 7.22322
      vertex -0.409653 -1.4375 7.28876
    endloop
  endfacet
  facet normal -0.813446 0 0.58164
    outer loop
      vertex -0.409653 -1.4375 7.28876
      vertex -0.368317 -1.0375 7.34657
      vertex -0.409653 -1.0375 7.28876
    endloop
  endfacet
  facet normal -0.813446 0 0.58164
    outer loop
      vertex -0.368317 -1.0375 7.34657
      vertex -0.409653 -1.4375 7.28876
      vertex -0.368317 -1.4375 7.34657
    endloop
  endfacet
  facet normal -0.742461 0 0.669889
    outer loop
      vertex -0.368317 -1.4375 7.34657
      vertex -0.323105 -1.0375 7.39668
      vertex -0.368317 -1.0375 7.34657
    endloop
  endfacet
  facet normal -0.742461 0 0.669889
    outer loop
      vertex -0.323105 -1.0375 7.39668
      vertex -0.368317 -1.4375 7.34657
      vertex -0.323105 -1.4375 7.39668
    endloop
  endfacet
  facet normal -0.653531 0 0.7569
    outer loop
      vertex -0.323105 -1.0375 7.39668
      vertex -0.273987 -1.4375 7.43909
      vertex -0.273987 -1.0375 7.43909
    endloop
  endfacet
  facet normal -0.653531 0 0.7569
    outer loop
      vertex -0.273987 -1.4375 7.43909
      vertex -0.323105 -1.0375 7.39668
      vertex -0.323105 -1.4375 7.39668
    endloop
  endfacet
  facet normal -0.547695 0 0.836678
    outer loop
      vertex -0.273987 -1.0375 7.43909
      vertex -0.220978 -1.4375 7.47379
      vertex -0.220978 -1.0375 7.47379
    endloop
  endfacet
  facet normal -0.547695 0 0.836678
    outer loop
      vertex -0.220978 -1.4375 7.47379
      vertex -0.273987 -1.0375 7.43909
      vertex -0.273987 -1.4375 7.43909
    endloop
  endfacet
  facet normal -0.428312 0 0.903631
    outer loop
      vertex -0.220978 -1.0375 7.47379
      vertex -0.164078 -1.4375 7.50076
      vertex -0.164078 -1.0375 7.50076
    endloop
  endfacet
  facet normal -0.428312 0 0.903631
    outer loop
      vertex -0.164078 -1.4375 7.50076
      vertex -0.220978 -1.0375 7.47379
      vertex -0.220978 -1.4375 7.47379
    endloop
  endfacet
  facet normal -0.302455 0 0.953164
    outer loop
      vertex -0.164078 -1.0375 7.50076
      vertex -0.103287 -1.4375 7.52005
      vertex -0.103287 -1.0375 7.52005
    endloop
  endfacet
  facet normal -0.302455 0 0.953164
    outer loop
      vertex -0.103287 -1.4375 7.52005
      vertex -0.164078 -1.0375 7.50076
      vertex -0.164078 -1.4375 7.50076
    endloop
  endfacet
  facet normal -0.175785 0 0.984429
    outer loop
      vertex -0.103287 -1.0375 7.52005
      vertex -0.0386047 -1.4375 7.5316
      vertex -0.0386047 -1.0375 7.5316
    endloop
  endfacet
  facet normal -0.175785 0 0.984429
    outer loop
      vertex -0.0386047 -1.4375 7.5316
      vertex -0.103287 -1.0375 7.52005
      vertex -0.103287 -1.4375 7.52005
    endloop
  endfacet
  facet normal -0.0562014 0 0.998419
    outer loop
      vertex -0.0386047 -1.0375 7.5316
      vertex 0.0299683 -1.4375 7.53546
      vertex 0.0299683 -1.0375 7.53546
    endloop
  endfacet
  facet normal -0.0562014 0 0.998419
    outer loop
      vertex 0.0299683 -1.4375 7.53546
      vertex -0.0386047 -1.0375 7.5316
      vertex -0.0386047 -1.4375 7.5316
    endloop
  endfacet
  facet normal 0.0558545 0 0.998439
    outer loop
      vertex 0.0299683 -1.0375 7.53546
      vertex 0.0989685 -1.4375 7.5316
      vertex 0.0989685 -1.0375 7.5316
    endloop
  endfacet
  facet normal 0.0558545 0 0.998439
    outer loop
      vertex 0.0989685 -1.4375 7.5316
      vertex 0.0299683 -1.0375 7.53546
      vertex 0.0299683 -1.4375 7.53546
    endloop
  endfacet
  facet normal 0.174786 0 0.984606
    outer loop
      vertex 0.0989685 -1.0375 7.5316
      vertex 0.164032 -1.4375 7.52005
      vertex 0.164032 -1.0375 7.52005
    endloop
  endfacet
  facet normal 0.174786 0 0.984606
    outer loop
      vertex 0.164032 -1.4375 7.52005
      vertex 0.0989685 -1.0375 7.5316
      vertex 0.0989685 -1.4375 7.5316
    endloop
  endfacet
  facet normal 0.300943 0 0.953642
    outer loop
      vertex 0.164032 -1.0375 7.52005
      vertex 0.225159 -1.4375 7.50076
      vertex 0.225159 -1.0375 7.50076
    endloop
  endfacet
  facet normal 0.300943 0 0.953642
    outer loop
      vertex 0.225159 -1.4375 7.50076
      vertex 0.164032 -1.0375 7.52005
      vertex 0.164032 -1.4375 7.52005
    endloop
  endfacet
  facet normal 0.426633 0 0.904425
    outer loop
      vertex 0.225159 -1.0375 7.50076
      vertex 0.282333 -1.4375 7.47379
      vertex 0.282333 -1.0375 7.47379
    endloop
  endfacet
  facet normal 0.426633 0 0.904425
    outer loop
      vertex 0.282333 -1.4375 7.47379
      vertex 0.225159 -1.0375 7.50076
      vertex 0.225159 -1.4375 7.50076
    endloop
  endfacet
  facet normal 0.546042 0 0.837758
    outer loop
      vertex 0.282333 -1.0375 7.47379
      vertex 0.335571 -1.4375 7.43909
      vertex 0.335571 -1.0375 7.43909
    endloop
  endfacet
  facet normal 0.546042 0 0.837758
    outer loop
      vertex 0.335571 -1.4375 7.43909
      vertex 0.282333 -1.0375 7.47379
      vertex 0.282333 -1.4375 7.47379
    endloop
  endfacet
  facet normal 0.652252 0 0.758002
    outer loop
      vertex 0.335571 -1.0375 7.43909
      vertex 0.384857 -1.4375 7.39668
      vertex 0.384857 -1.0375 7.39668
    endloop
  endfacet
  facet normal 0.652252 0 0.758002
    outer loop
      vertex 0.384857 -1.4375 7.39668
      vertex 0.335571 -1.0375 7.43909
      vertex 0.335571 -1.4375 7.43909
    endloop
  endfacet
  facet normal 0.741452 -0 0.671006
    outer loop
      vertex 0.384857 -1.4375 7.39668
      vertex 0.430206 -1.0375 7.34657
      vertex 0.384857 -1.0375 7.39668
    endloop
  endfacet
  facet normal 0.741452 0 0.671006
    outer loop
      vertex 0.430206 -1.0375 7.34657
      vertex 0.384857 -1.4375 7.39668
      vertex 0.430206 -1.4375 7.34657
    endloop
  endfacet
  facet normal 0.81304 -0 0.582208
    outer loop
      vertex 0.430206 -1.4375 7.34657
      vertex 0.471603 -1.0375 7.28876
      vertex 0.430206 -1.0375 7.34657
    endloop
  endfacet
  facet normal 0.81304 0 0.582208
    outer loop
      vertex 0.471603 -1.0375 7.28876
      vertex 0.430206 -1.4375 7.34657
      vertex 0.471603 -1.4375 7.28876
    endloop
  endfacet
  facet normal 0.868189 -0 0.496235
    outer loop
      vertex 0.471603 -1.4375 7.28876
      vertex 0.509064 -1.0375 7.22322
      vertex 0.471603 -1.0375 7.28876
    endloop
  endfacet
  facet normal 0.868189 0 0.496235
    outer loop
      vertex 0.509064 -1.0375 7.22322
      vertex 0.471603 -1.4375 7.28876
      vertex 0.509064 -1.4375 7.22322
    endloop
  endfacet
  facet normal 0.909391 -0 0.415942
    outer loop
      vertex 0.509064 -1.4375 7.22322
      vertex 0.542572 -1.0375 7.14996
      vertex 0.509064 -1.0375 7.22322
    endloop
  endfacet
  facet normal 0.909391 0 0.415942
    outer loop
      vertex 0.542572 -1.0375 7.14996
      vertex 0.509064 -1.4375 7.22322
      vertex 0.542572 -1.4375 7.14996
    endloop
  endfacet
  facet normal 0.939382 -0 0.342871
    outer loop
      vertex 0.542572 -1.4375 7.14996
      vertex 0.572144 -1.0375 7.06894
      vertex 0.542572 -1.0375 7.14996
    endloop
  endfacet
  facet normal 0.939382 0 0.342871
    outer loop
      vertex 0.572144 -1.0375 7.06894
      vertex 0.542572 -1.4375 7.14996
      vertex 0.572144 -1.4375 7.06894
    endloop
  endfacet
  facet normal 0.960753 -0 0.277404
    outer loop
      vertex 0.572144 -1.4375 7.06894
      vertex 0.597778 -1.0375 6.98016
      vertex 0.572144 -1.0375 7.06894
    endloop
  endfacet
  facet normal 0.960753 0 0.277404
    outer loop
      vertex 0.597778 -1.0375 6.98016
      vertex 0.572144 -1.4375 7.06894
      vertex 0.597778 -1.4375 6.98016
    endloop
  endfacet
  facet normal 0.975693 -0 0.219142
    outer loop
      vertex 0.597778 -1.4375 6.98016
      vertex 0.619461 -1.0375 6.88362
      vertex 0.597778 -1.0375 6.98016
    endloop
  endfacet
  facet normal 0.975693 0 0.219142
    outer loop
      vertex 0.619461 -1.0375 6.88362
      vertex 0.597778 -1.4375 6.98016
      vertex 0.619461 -1.4375 6.88362
    endloop
  endfacet
  facet normal 0.98583 -0 0.167749
    outer loop
      vertex 0.619461 -1.4375 6.88362
      vertex 0.637207 -1.0375 6.77933
      vertex 0.619461 -1.0375 6.88362
    endloop
  endfacet
  facet normal 0.98583 0 0.167749
    outer loop
      vertex 0.637207 -1.0375 6.77933
      vertex 0.619461 -1.4375 6.88362
      vertex 0.637207 -1.4375 6.77933
    endloop
  endfacet
  facet normal 0.992493 -0 0.122304
    outer loop
      vertex 0.637207 -1.4375 6.77933
      vertex 0.651016 -1.0375 6.66727
      vertex 0.637207 -1.0375 6.77933
    endloop
  endfacet
  facet normal 0.992493 0 0.122304
    outer loop
      vertex 0.651016 -1.0375 6.66727
      vertex 0.637207 -1.4375 6.77933
      vertex 0.651016 -1.4375 6.66727
    endloop
  endfacet
  facet normal 0.996634 -0 0.0819813
    outer loop
      vertex 0.651016 -1.4375 6.66727
      vertex 0.660873 -1.0375 6.54744
      vertex 0.651016 -1.0375 6.66727
    endloop
  endfacet
  facet normal 0.996634 0 0.0819813
    outer loop
      vertex 0.660873 -1.0375 6.54744
      vertex 0.651016 -1.4375 6.66727
      vertex 0.660873 -1.4375 6.54744
    endloop
  endfacet
  facet normal 0.99893 -0 0.046243
    outer loop
      vertex 0.660873 -1.4375 6.54744
      vertex 0.666779 -1.0375 6.41986
      vertex 0.660873 -1.0375 6.54744
    endloop
  endfacet
  facet normal 0.99893 0 0.046243
    outer loop
      vertex 0.666779 -1.0375 6.41986
      vertex 0.660873 -1.4375 6.54744
      vertex 0.666779 -1.4375 6.41986
    endloop
  endfacet
  facet normal 0.999894 -0 0.0145396
    outer loop
      vertex 0.666779 -1.4375 6.41986
      vertex 0.668747 -1.0375 6.28452
      vertex 0.666779 -1.0375 6.41986
    endloop
  endfacet
  facet normal 0.999894 0 0.0145396
    outer loop
      vertex 0.668747 -1.0375 6.28452
      vertex 0.666779 -1.4375 6.41986
      vertex 0.668747 -1.4375 6.28452
    endloop
  endfacet
  facet normal 0.999894 0 -0.0145881
    outer loop
      vertex 0.668747 -1.4375 6.28452
      vertex 0.666779 -1.0375 6.14963
      vertex 0.668747 -1.0375 6.28452
    endloop
  endfacet
  facet normal 0.999894 0 -0.0145881
    outer loop
      vertex 0.666779 -1.0375 6.14963
      vertex 0.668747 -1.4375 6.28452
      vertex 0.666779 -1.4375 6.14963
    endloop
  endfacet
  facet normal 0.998924 0 -0.0463772
    outer loop
      vertex 0.666779 -1.4375 6.14963
      vertex 0.660873 -1.0375 6.02242
      vertex 0.666779 -1.0375 6.14963
    endloop
  endfacet
  facet normal 0.998924 0 -0.0463772
    outer loop
      vertex 0.660873 -1.0375 6.02242
      vertex 0.666779 -1.4375 6.14963
      vertex 0.660873 -1.4375 6.02242
    endloop
  endfacet
  facet normal 0.996615 0 -0.0822062
    outer loop
      vertex 0.660873 -1.4375 6.02242
      vertex 0.651016 -1.0375 5.90292
      vertex 0.660873 -1.0375 6.02242
    endloop
  endfacet
  facet normal 0.996615 0 -0.0822062
    outer loop
      vertex 0.651016 -1.0375 5.90292
      vertex 0.660873 -1.4375 6.02242
      vertex 0.651016 -1.4375 5.90292
    endloop
  endfacet
  facet normal 0.992456 0 -0.122605
    outer loop
      vertex 0.651016 -1.4375 5.90292
      vertex 0.637207 -1.0375 5.79114
      vertex 0.651016 -1.0375 5.90292
    endloop
  endfacet
  facet normal 0.992456 0 -0.122605
    outer loop
      vertex 0.637207 -1.0375 5.79114
      vertex 0.651016 -1.4375 5.90292
      vertex 0.637207 -1.4375 5.79114
    endloop
  endfacet
  facet normal 0.985771 0 -0.168094
    outer loop
      vertex 0.637207 -1.4375 5.79114
      vertex 0.619461 -1.0375 5.68707
      vertex 0.637207 -1.0375 5.79114
    endloop
  endfacet
  facet normal 0.985771 0 -0.168094
    outer loop
      vertex 0.619461 -1.0375 5.68707
      vertex 0.637207 -1.4375 5.79114
      vertex 0.619461 -1.4375 5.68707
    endloop
  endfacet
  facet normal 0.97561 0 -0.21951
    outer loop
      vertex 0.619461 -1.4375 5.68707
      vertex 0.597778 -1.0375 5.5907
      vertex 0.619461 -1.0375 5.68707
    endloop
  endfacet
  facet normal 0.97561 0 -0.21951
    outer loop
      vertex 0.597778 -1.0375 5.5907
      vertex 0.619461 -1.4375 5.68707
      vertex 0.597778 -1.4375 5.5907
    endloop
  endfacet
  facet normal 0.960653 0 -0.277751
    outer loop
      vertex 0.597778 -1.4375 5.5907
      vertex 0.572144 -1.0375 5.50204
      vertex 0.597778 -1.0375 5.5907
    endloop
  endfacet
  facet normal 0.960653 0 -0.277751
    outer loop
      vertex 0.572144 -1.0375 5.50204
      vertex 0.597778 -1.4375 5.5907
      vertex 0.572144 -1.4375 5.50204
    endloop
  endfacet
  facet normal 0.939301 0 -0.343095
    outer loop
      vertex 0.572144 -1.4375 5.50204
      vertex 0.542572 -1.0375 5.42108
      vertex 0.572144 -1.0375 5.50204
    endloop
  endfacet
  facet normal 0.939301 0 -0.343095
    outer loop
      vertex 0.542572 -1.0375 5.42108
      vertex 0.572144 -1.4375 5.50204
      vertex 0.542572 -1.4375 5.42108
    endloop
  endfacet
  facet normal 0.909327 0 -0.416083
    outer loop
      vertex 0.542572 -1.4375 5.42108
      vertex 0.509064 -1.0375 5.34785
      vertex 0.542572 -1.0375 5.42108
    endloop
  endfacet
  facet normal 0.909327 0 -0.416083
    outer loop
      vertex 0.509064 -1.0375 5.34785
      vertex 0.542572 -1.4375 5.42108
      vertex 0.509064 -1.4375 5.34785
    endloop
  endfacet
  facet normal 0.868156 0 -0.496292
    outer loop
      vertex 0.509064 -1.4375 5.34785
      vertex 0.471603 -1.0375 5.28232
      vertex 0.509064 -1.0375 5.34785
    endloop
  endfacet
  facet normal 0.868156 0 -0.496292
    outer loop
      vertex 0.471603 -1.0375 5.28232
      vertex 0.509064 -1.4375 5.34785
      vertex 0.471603 -1.4375 5.28232
    endloop
  endfacet
  facet normal 0.813088 0 -0.582141
    outer loop
      vertex 0.471603 -1.4375 5.28232
      vertex 0.430206 -1.0375 5.2245
      vertex 0.471603 -1.0375 5.28232
    endloop
  endfacet
  facet normal 0.813088 0 -0.582141
    outer loop
      vertex 0.430206 -1.0375 5.2245
      vertex 0.471603 -1.4375 5.28232
      vertex 0.430206 -1.4375 5.2245
    endloop
  endfacet
  facet normal 0.741452 0 -0.671006
    outer loop
      vertex 0.430206 -1.4375 5.2245
      vertex 0.384857 -1.0375 5.17439
      vertex 0.430206 -1.0375 5.2245
    endloop
  endfacet
  facet normal 0.741452 0 -0.671006
    outer loop
      vertex 0.384857 -1.0375 5.17439
      vertex 0.430206 -1.4375 5.2245
      vertex 0.384857 -1.4375 5.17439
    endloop
  endfacet
  facet normal 0.652075 0 -0.758154
    outer loop
      vertex 0.335571 -1.4375 5.132
      vertex 0.384857 -1.0375 5.17439
      vertex 0.384857 -1.4375 5.17439
    endloop
  endfacet
  facet normal 0.652075 0 -0.758154
    outer loop
      vertex 0.384857 -1.0375 5.17439
      vertex 0.335571 -1.4375 5.132
      vertex 0.335571 -1.0375 5.132
    endloop
  endfacet
  facet normal 0.545932 0 -0.83783
    outer loop
      vertex 0.282333 -1.4375 5.09731
      vertex 0.335571 -1.0375 5.132
      vertex 0.335571 -1.4375 5.132
    endloop
  endfacet
  facet normal 0.545932 0 -0.83783
    outer loop
      vertex 0.335571 -1.0375 5.132
      vertex 0.282333 -1.4375 5.09731
      vertex 0.282333 -1.0375 5.09731
    endloop
  endfacet
  facet normal 0.426763 0 -0.904364
    outer loop
      vertex 0.225159 -1.4375 5.07033
      vertex 0.282333 -1.0375 5.09731
      vertex 0.282333 -1.4375 5.09731
    endloop
  endfacet
  facet normal 0.426763 0 -0.904364
    outer loop
      vertex 0.282333 -1.0375 5.09731
      vertex 0.225159 -1.4375 5.07033
      vertex 0.225159 -1.0375 5.07033
    endloop
  endfacet
  facet normal 0.300659 0 -0.953732
    outer loop
      vertex 0.164032 -1.4375 5.05106
      vertex 0.225159 -1.0375 5.07033
      vertex 0.225159 -1.4375 5.07033
    endloop
  endfacet
  facet normal 0.300659 0 -0.953732
    outer loop
      vertex 0.225159 -1.0375 5.07033
      vertex 0.164032 -1.4375 5.05106
      vertex 0.164032 -1.0375 5.05106
    endloop
  endfacet
  facet normal 0.17508 0 -0.984554
    outer loop
      vertex 0.0989685 -1.4375 5.03949
      vertex 0.164032 -1.0375 5.05106
      vertex 0.164032 -1.4375 5.05106
    endloop
  endfacet
  facet normal 0.17508 0 -0.984554
    outer loop
      vertex 0.164032 -1.0375 5.05106
      vertex 0.0989685 -1.4375 5.03949
      vertex 0.0989685 -1.0375 5.03949
    endloop
  endfacet
  facet normal 0.0557103 0 -0.998447
    outer loop
      vertex 0.0299683 -1.4375 5.03564
      vertex 0.0989685 -1.0375 5.03949
      vertex 0.0989685 -1.4375 5.03949
    endloop
  endfacet
  facet normal 0.0557103 0 -0.998447
    outer loop
      vertex 0.0989685 -1.0375 5.03949
      vertex 0.0299683 -1.4375 5.03564
      vertex 0.0299683 -1.0375 5.03564
    endloop
  endfacet
  facet normal -0.0560563 0 -0.998428
    outer loop
      vertex -0.0386047 -1.4375 5.03949
      vertex 0.0299683 -1.0375 5.03564
      vertex 0.0299683 -1.4375 5.03564
    endloop
  endfacet
  facet normal -0.0560563 0 -0.998428
    outer loop
      vertex 0.0299683 -1.0375 5.03564
      vertex -0.0386047 -1.4375 5.03949
      vertex -0.0386047 -1.0375 5.03949
    endloop
  endfacet
  facet normal -0.141753 0 0.989902
    outer loop
      vertex 2.72928 -1.0375 4.71422
      vertex 2.83382 -1.4375 4.72919
      vertex 2.83382 -1.0375 4.72919
    endloop
  endfacet
  facet normal -0.141753 0 0.989902
    outer loop
      vertex 2.83382 -1.4375 4.72919
      vertex 2.72928 -1.0375 4.71422
      vertex 2.72928 -1.4375 4.71422
    endloop
  endfacet
  facet normal -0.245126 0 0.969491
    outer loop
      vertex 2.83382 -1.0375 4.72919
      vertex 2.93242 -1.4375 4.75412
      vertex 2.93242 -1.0375 4.75412
    endloop
  endfacet
  facet normal -0.245126 0 0.969491
    outer loop
      vertex 2.93242 -1.4375 4.75412
      vertex 2.83382 -1.0375 4.72919
      vertex 2.83382 -1.4375 4.72919
    endloop
  endfacet
  facet normal -0.352662 0 0.935751
    outer loop
      vertex 2.93242 -1.0375 4.75412
      vertex 3.02505 -1.4375 4.78903
      vertex 3.02505 -1.0375 4.78903
    endloop
  endfacet
  facet normal -0.352662 0 0.935751
    outer loop
      vertex 3.02505 -1.4375 4.78903
      vertex 2.93242 -1.0375 4.75412
      vertex 2.93242 -1.4375 4.75412
    endloop
  endfacet
  facet normal -0.45983 0 0.888007
    outer loop
      vertex 3.02505 -1.0375 4.78903
      vertex 3.11174 -1.4375 4.83392
      vertex 3.11174 -1.0375 4.83392
    endloop
  endfacet
  facet normal -0.45983 0 0.888007
    outer loop
      vertex 3.11174 -1.4375 4.83392
      vertex 3.02505 -1.0375 4.78903
      vertex 3.02505 -1.4375 4.78903
    endloop
  endfacet
  facet normal -0.562055 0 0.8271
    outer loop
      vertex 3.11174 -1.0375 4.83392
      vertex 3.19247 -1.4375 4.88878
      vertex 3.19247 -1.0375 4.88878
    endloop
  endfacet
  facet normal -0.562055 0 0.8271
    outer loop
      vertex 3.19247 -1.4375 4.88878
      vertex 3.11174 -1.0375 4.83392
      vertex 3.11174 -1.4375 4.83392
    endloop
  endfacet
  facet normal -0.655 0 0.755629
    outer loop
      vertex 3.19247 -1.0375 4.88878
      vertex 3.26726 -1.4375 4.95361
      vertex 3.26726 -1.0375 4.95361
    endloop
  endfacet
  facet normal -0.655 0 0.755629
    outer loop
      vertex 3.26726 -1.4375 4.95361
      vertex 3.19247 -1.0375 4.88878
      vertex 3.19247 -1.4375 4.88878
    endloop
  endfacet
  facet normal -0.735953 0 0.677033
    outer loop
      vertex 3.26726 -1.4375 4.95361
      vertex 3.33609 -1.0375 5.02843
      vertex 3.26726 -1.0375 4.95361
    endloop
  endfacet
  facet normal -0.735953 0 0.677033
    outer loop
      vertex 3.33609 -1.0375 5.02843
      vertex 3.26726 -1.4375 4.95361
      vertex 3.33609 -1.4375 5.02843
    endloop
  endfacet
  facet normal -0.803273 0 0.59561
    outer loop
      vertex 3.33609 -1.4375 5.02843
      vertex 3.39896 -1.0375 5.11322
      vertex 3.33609 -1.0375 5.02843
    endloop
  endfacet
  facet normal -0.803273 0 0.59561
    outer loop
      vertex 3.39896 -1.0375 5.11322
      vertex 3.33609 -1.4375 5.02843
      vertex 3.39896 -1.4375 5.11322
    endloop
  endfacet
  facet normal -0.857421 0 0.514616
    outer loop
      vertex 3.39896 -1.4375 5.11322
      vertex 3.45554 -1.0375 5.20749
      vertex 3.39896 -1.0375 5.11322
    endloop
  endfacet
  facet normal -0.857421 0 0.514616
    outer loop
      vertex 3.45554 -1.0375 5.20749
      vertex 3.39896 -1.4375 5.11322
      vertex 3.45554 -1.4375 5.20749
    endloop
  endfacet
  facet normal -0.900279 0 0.435312
    outer loop
      vertex 3.45554 -1.4375 5.20749
      vertex 3.50545 -1.0375 5.31071
      vertex 3.45554 -1.0375 5.20749
    endloop
  endfacet
  facet normal -0.900279 0 0.435312
    outer loop
      vertex 3.50545 -1.0375 5.31071
      vertex 3.45554 -1.4375 5.20749
      vertex 3.50545 -1.4375 5.31071
    endloop
  endfacet
  facet normal -0.933071 0 0.359692
    outer loop
      vertex 3.50545 -1.4375 5.31071
      vertex 3.54871 -1.0375 5.42293
      vertex 3.50545 -1.0375 5.31071
    endloop
  endfacet
  facet normal -0.933071 0 0.359692
    outer loop
      vertex 3.54871 -1.0375 5.42293
      vertex 3.50545 -1.4375 5.31071
      vertex 3.54871 -1.4375 5.42293
    endloop
  endfacet
  facet normal -0.957283 0 0.289152
    outer loop
      vertex 3.54871 -1.4375 5.42293
      vertex 3.58531 -1.0375 5.5441
      vertex 3.54871 -1.0375 5.42293
    endloop
  endfacet
  facet normal -0.957283 0 0.289152
    outer loop
      vertex 3.58531 -1.0375 5.5441
      vertex 3.54871 -1.4375 5.42293
      vertex 3.58531 -1.4375 5.5441
    endloop
  endfacet
  facet normal -0.974526 0 0.224274
    outer loop
      vertex 3.58531 -1.4375 5.5441
      vertex 3.61526 -1.0375 5.67424
      vertex 3.58531 -1.0375 5.5441
    endloop
  endfacet
  facet normal -0.974526 0 0.224274
    outer loop
      vertex 3.61526 -1.0375 5.67424
      vertex 3.58531 -1.4375 5.5441
      vertex 3.61526 -1.4375 5.67424
    endloop
  endfacet
  facet normal -0.986254 0 0.165238
    outer loop
      vertex 3.61526 -1.4375 5.67424
      vertex 3.63857 -1.0375 5.81337
      vertex 3.61526 -1.0375 5.67424
    endloop
  endfacet
  facet normal -0.986254 0 0.165238
    outer loop
      vertex 3.63857 -1.0375 5.81337
      vertex 3.61526 -1.4375 5.67424
      vertex 3.63857 -1.4375 5.81337
    endloop
  endfacet
  facet normal -0.993754 0 0.111595
    outer loop
      vertex 3.63857 -1.4375 5.81337
      vertex 3.6552 -1.0375 5.96146
      vertex 3.63857 -1.0375 5.81337
    endloop
  endfacet
  facet normal -0.993754 0 0.111595
    outer loop
      vertex 3.6552 -1.0375 5.96146
      vertex 3.63857 -1.4375 5.81337
      vertex 3.6552 -1.4375 5.96146
    endloop
  endfacet
  facet normal -0.997987 0 0.0634147
    outer loop
      vertex 3.6552 -1.4375 5.96146
      vertex 3.66518 -1.0375 6.11852
      vertex 3.6552 -1.0375 5.96146
    endloop
  endfacet
  facet normal -0.997987 0 0.0634147
    outer loop
      vertex 3.66518 -1.0375 6.11852
      vertex 3.6552 -1.4375 5.96146
      vertex 3.66518 -1.4375 6.11852
    endloop
  endfacet
  facet normal -0.999798 0 0.0201164
    outer loop
      vertex 3.66518 -1.4375 6.11852
      vertex 3.66852 -1.0375 6.28452
      vertex 3.66518 -1.0375 6.11852
    endloop
  endfacet
  facet normal -0.999798 0 0.0201164
    outer loop
      vertex 3.66852 -1.0375 6.28452
      vertex 3.66518 -1.4375 6.11852
      vertex 3.66852 -1.4375 6.28452
    endloop
  endfacet
  facet normal -0.999799 0 -0.020062
    outer loop
      vertex 3.66852 -1.4375 6.28452
      vertex 3.66518 -1.0375 6.45097
      vertex 3.66852 -1.0375 6.28452
    endloop
  endfacet
  facet normal -0.999799 -0 -0.020062
    outer loop
      vertex 3.66518 -1.0375 6.45097
      vertex 3.66852 -1.4375 6.28452
      vertex 3.66518 -1.4375 6.45097
    endloop
  endfacet
  facet normal -0.997997 0 -0.0632623
    outer loop
      vertex 3.66518 -1.4375 6.45097
      vertex 3.6552 -1.0375 6.60841
      vertex 3.66518 -1.0375 6.45097
    endloop
  endfacet
  facet normal -0.997997 -0 -0.0632623
    outer loop
      vertex 3.6552 -1.0375 6.60841
      vertex 3.66518 -1.4375 6.45097
      vertex 3.6552 -1.4375 6.60841
    endloop
  endfacet
  facet normal -0.99378 0 -0.111358
    outer loop
      vertex 3.6552 -1.4375 6.60841
      vertex 3.63857 -1.0375 6.75682
      vertex 3.6552 -1.0375 6.60841
    endloop
  endfacet
  facet normal -0.99378 -0 -0.111358
    outer loop
      vertex 3.63857 -1.0375 6.75682
      vertex 3.6552 -1.4375 6.60841
      vertex 3.63857 -1.4375 6.75682
    endloop
  endfacet
  facet normal -0.986304 0 -0.164938
    outer loop
      vertex 3.63857 -1.4375 6.75682
      vertex 3.61526 -1.0375 6.89621
      vertex 3.63857 -1.0375 6.75682
    endloop
  endfacet
  facet normal -0.986304 -0 -0.164938
    outer loop
      vertex 3.61526 -1.0375 6.89621
      vertex 3.63857 -1.4375 6.75682
      vertex 3.61526 -1.4375 6.89621
    endloop
  endfacet
  facet normal -0.974612 0 -0.223898
    outer loop
      vertex 3.61526 -1.4375 6.89621
      vertex 3.58531 -1.0375 7.02658
      vertex 3.61526 -1.0375 6.89621
    endloop
  endfacet
  facet normal -0.974612 -0 -0.223898
    outer loop
      vertex 3.58531 -1.0375 7.02658
      vertex 3.61526 -1.4375 6.89621
      vertex 3.58531 -1.4375 7.02658
    endloop
  endfacet
  facet normal -0.957402 0 -0.288759
    outer loop
      vertex 3.58531 -1.4375 7.02658
      vertex 3.54871 -1.0375 7.14793
      vertex 3.58531 -1.0375 7.02658
    endloop
  endfacet
  facet normal -0.957402 -0 -0.288759
    outer loop
      vertex 3.54871 -1.0375 7.14793
      vertex 3.58531 -1.4375 7.02658
      vertex 3.54871 -1.4375 7.14793
    endloop
  endfacet
  facet normal -0.9332 0 -0.359358
    outer loop
      vertex 3.54871 -1.4375 7.14793
      vertex 3.50545 -1.0375 7.26027
      vertex 3.54871 -1.0375 7.14793
    endloop
  endfacet
  facet normal -0.9332 -0 -0.359358
    outer loop
      vertex 3.50545 -1.0375 7.26027
      vertex 3.54871 -1.4375 7.14793
      vertex 3.50545 -1.4375 7.26027
    endloop
  endfacet
  facet normal -0.900412 0 -0.435039
    outer loop
      vertex 3.50545 -1.4375 7.26027
      vertex 3.45554 -1.0375 7.36357
      vertex 3.50545 -1.0375 7.26027
    endloop
  endfacet
  facet normal -0.900412 -0 -0.435039
    outer loop
      vertex 3.45554 -1.0375 7.36357
      vertex 3.50545 -1.4375 7.26027
      vertex 3.45554 -1.4375 7.36357
    endloop
  endfacet
  facet normal -0.857469 0 -0.514536
    outer loop
      vertex 3.45554 -1.4375 7.36357
      vertex 3.39896 -1.0375 7.45786
      vertex 3.45554 -1.0375 7.36357
    endloop
  endfacet
  facet normal -0.857469 -0 -0.514536
    outer loop
      vertex 3.39896 -1.0375 7.45786
      vertex 3.45554 -1.4375 7.36357
      vertex 3.39896 -1.4375 7.45786
    endloop
  endfacet
  facet normal -0.803273 0 -0.59561
    outer loop
      vertex 3.39896 -1.4375 7.45786
      vertex 3.33609 -1.0375 7.54265
      vertex 3.39896 -1.0375 7.45786
    endloop
  endfacet
  facet normal -0.803273 -0 -0.59561
    outer loop
      vertex 3.33609 -1.0375 7.54265
      vertex 3.39896 -1.4375 7.45786
      vertex 3.33609 -1.4375 7.54265
    endloop
  endfacet
  facet normal -0.735907 0 -0.677082
    outer loop
      vertex 3.33609 -1.4375 7.54265
      vertex 3.26726 -1.0375 7.61746
      vertex 3.33609 -1.0375 7.54265
    endloop
  endfacet
  facet normal -0.735907 -0 -0.677082
    outer loop
      vertex 3.26726 -1.0375 7.61746
      vertex 3.33609 -1.4375 7.54265
      vertex 3.26726 -1.4375 7.61746
    endloop
  endfacet
  facet normal -0.655057 0 -0.755579
    outer loop
      vertex 3.19247 -1.4375 7.6823
      vertex 3.26726 -1.0375 7.61746
      vertex 3.26726 -1.4375 7.61746
    endloop
  endfacet
  facet normal -0.655057 0 -0.755579
    outer loop
      vertex 3.26726 -1.0375 7.61746
      vertex 3.19247 -1.4375 7.6823
      vertex 3.19247 -1.0375 7.6823
    endloop
  endfacet
  facet normal -0.562125 0 -0.827052
    outer loop
      vertex 3.11174 -1.4375 7.73717
      vertex 3.19247 -1.0375 7.6823
      vertex 3.19247 -1.4375 7.6823
    endloop
  endfacet
  facet normal -0.562125 0 -0.827052
    outer loop
      vertex 3.19247 -1.0375 7.6823
      vertex 3.11174 -1.4375 7.73717
      vertex 3.11174 -1.0375 7.73717
    endloop
  endfacet
  facet normal -0.45983 0 -0.888007
    outer loop
      vertex 3.02505 -1.4375 7.78206
      vertex 3.11174 -1.0375 7.73717
      vertex 3.11174 -1.4375 7.73717
    endloop
  endfacet
  facet normal -0.45983 0 -0.888007
    outer loop
      vertex 3.11174 -1.0375 7.73717
      vertex 3.02505 -1.4375 7.78206
      vertex 3.02505 -1.0375 7.78206
    endloop
  endfacet
  facet normal -0.352662 0 -0.935751
    outer loop
      vertex 2.93242 -1.4375 7.81697
      vertex 3.02505 -1.0375 7.78206
      vertex 3.02505 -1.4375 7.78206
    endloop
  endfacet
  facet normal -0.352662 0 -0.935751
    outer loop
      vertex 3.02505 -1.0375 7.78206
      vertex 2.93242 -1.4375 7.81697
      vertex 2.93242 -1.0375 7.81697
    endloop
  endfacet
  facet normal -0.245126 0 -0.969491
    outer loop
      vertex 2.83382 -1.4375 7.8419
      vertex 2.93242 -1.0375 7.81697
      vertex 2.93242 -1.4375 7.81697
    endloop
  endfacet
  facet normal -0.245126 0 -0.969491
    outer loop
      vertex 2.93242 -1.0375 7.81697
      vertex 2.83382 -1.4375 7.8419
      vertex 2.83382 -1.0375 7.8419
    endloop
  endfacet
  facet normal -0.141753 0 -0.989902
    outer loop
      vertex 2.72928 -1.4375 7.85687
      vertex 2.83382 -1.0375 7.8419
      vertex 2.83382 -1.4375 7.8419
    endloop
  endfacet
  facet normal -0.141753 0 -0.989902
    outer loop
      vertex 2.83382 -1.0375 7.8419
      vertex 2.72928 -1.4375 7.85687
      vertex 2.72928 -1.0375 7.85687
    endloop
  endfacet
  facet normal -0.0451083 0 -0.998982
    outer loop
      vertex 2.61877 -1.4375 7.86186
      vertex 2.72928 -1.0375 7.85687
      vertex 2.72928 -1.4375 7.85687
    endloop
  endfacet
  facet normal -0.0451083 0 -0.998982
    outer loop
      vertex 2.72928 -1.0375 7.85687
      vertex 2.61877 -1.4375 7.86186
      vertex 2.61877 -1.0375 7.86186
    endloop
  endfacet
  facet normal 0.0451205 0 -0.998982
    outer loop
      vertex 2.50829 -1.4375 7.85687
      vertex 2.61877 -1.0375 7.86186
      vertex 2.61877 -1.4375 7.86186
    endloop
  endfacet
  facet normal 0.0451205 0 -0.998982
    outer loop
      vertex 2.61877 -1.0375 7.86186
      vertex 2.50829 -1.4375 7.85687
      vertex 2.50829 -1.0375 7.85687
    endloop
  endfacet
  facet normal 0.141753 0 -0.989902
    outer loop
      vertex 2.40375 -1.4375 7.8419
      vertex 2.50829 -1.0375 7.85687
      vertex 2.50829 -1.4375 7.85687
    endloop
  endfacet
  facet normal 0.141753 0 -0.989902
    outer loop
      vertex 2.50829 -1.0375 7.85687
      vertex 2.40375 -1.4375 7.8419
      vertex 2.40375 -1.0375 7.8419
    endloop
  endfacet
  facet normal 0.245126 0 -0.969491
    outer loop
      vertex 2.30515 -1.4375 7.81697
      vertex 2.40375 -1.0375 7.8419
      vertex 2.40375 -1.4375 7.8419
    endloop
  endfacet
  facet normal 0.245126 0 -0.969491
    outer loop
      vertex 2.40375 -1.0375 7.8419
      vertex 2.30515 -1.4375 7.81697
      vertex 2.30515 -1.0375 7.81697
    endloop
  endfacet
  facet normal 0.352628 0 -0.935763
    outer loop
      vertex 2.21251 -1.4375 7.78206
      vertex 2.30515 -1.0375 7.81697
      vertex 2.30515 -1.4375 7.81697
    endloop
  endfacet
  facet normal 0.352628 0 -0.935763
    outer loop
      vertex 2.30515 -1.0375 7.81697
      vertex 2.21251 -1.4375 7.78206
      vertex 2.21251 -1.0375 7.78206
    endloop
  endfacet
  facet normal 0.45983 0 -0.888007
    outer loop
      vertex 2.12582 -1.4375 7.73717
      vertex 2.21251 -1.0375 7.78206
      vertex 2.21251 -1.4375 7.78206
    endloop
  endfacet
  facet normal 0.45983 0 -0.888007
    outer loop
      vertex 2.21251 -1.0375 7.78206
      vertex 2.12582 -1.4375 7.73717
      vertex 2.12582 -1.0375 7.73717
    endloop
  endfacet
  facet normal 0.562125 0 -0.827052
    outer loop
      vertex 2.04509 -1.4375 7.6823
      vertex 2.12582 -1.0375 7.73717
      vertex 2.12582 -1.4375 7.73717
    endloop
  endfacet
  facet normal 0.562125 0 -0.827052
    outer loop
      vertex 2.12582 -1.0375 7.73717
      vertex 2.04509 -1.4375 7.6823
      vertex 2.04509 -1.0375 7.6823
    endloop
  endfacet
  facet normal 0.655107 0 -0.755536
    outer loop
      vertex 1.97031 -1.4375 7.61746
      vertex 2.04509 -1.0375 7.6823
      vertex 2.04509 -1.4375 7.6823
    endloop
  endfacet
  facet normal 0.655107 0 -0.755536
    outer loop
      vertex 2.04509 -1.0375 7.6823
      vertex 1.97031 -1.4375 7.61746
      vertex 1.97031 -1.0375 7.61746
    endloop
  endfacet
  facet normal 0.735858 0 -0.677135
    outer loop
      vertex 1.97031 -1.4375 7.61746
      vertex 1.90147 -1.0375 7.54265
      vertex 1.97031 -1.0375 7.61746
    endloop
  endfacet
  facet normal 0.735858 0 -0.677135
    outer loop
      vertex 1.90147 -1.0375 7.54265
      vertex 1.97031 -1.4375 7.61746
      vertex 1.90147 -1.4375 7.54265
    endloop
  endfacet
  facet normal 0.803319 0 -0.595549
    outer loop
      vertex 1.90147 -1.4375 7.54265
      vertex 1.83861 -1.0375 7.45786
      vertex 1.90147 -1.0375 7.54265
    endloop
  endfacet
  facet normal 0.803319 0 -0.595549
    outer loop
      vertex 1.83861 -1.0375 7.45786
      vertex 1.90147 -1.4375 7.54265
      vertex 1.83861 -1.4375 7.45786
    endloop
  endfacet
  facet normal 0.857469 0 -0.514536
    outer loop
      vertex 1.83861 -1.4375 7.45786
      vertex 1.78203 -1.0375 7.36357
      vertex 1.83861 -1.0375 7.45786
    endloop
  endfacet
  facet normal 0.857469 0 -0.514536
    outer loop
      vertex 1.78203 -1.0375 7.36357
      vertex 1.83861 -1.4375 7.45786
      vertex 1.78203 -1.4375 7.36357
    endloop
  endfacet
  facet normal 0.900412 0 -0.435039
    outer loop
      vertex 1.78203 -1.4375 7.36357
      vertex 1.73212 -1.0375 7.26027
      vertex 1.78203 -1.0375 7.36357
    endloop
  endfacet
  facet normal 0.900412 0 -0.435039
    outer loop
      vertex 1.73212 -1.0375 7.26027
      vertex 1.78203 -1.4375 7.36357
      vertex 1.73212 -1.4375 7.26027
    endloop
  endfacet
  facet normal 0.9332 0 -0.359358
    outer loop
      vertex 1.73212 -1.4375 7.26027
      vertex 1.68886 -1.0375 7.14793
      vertex 1.73212 -1.0375 7.26027
    endloop
  endfacet
  facet normal 0.9332 0 -0.359358
    outer loop
      vertex 1.68886 -1.0375 7.14793
      vertex 1.73212 -1.4375 7.26027
      vertex 1.68886 -1.4375 7.14793
    endloop
  endfacet
  facet normal 0.95738 0 -0.288831
    outer loop
      vertex 1.68886 -1.4375 7.14793
      vertex 1.65225 -1.0375 7.02658
      vertex 1.68886 -1.0375 7.14793
    endloop
  endfacet
  facet normal 0.95738 0 -0.288831
    outer loop
      vertex 1.65225 -1.0375 7.02658
      vertex 1.68886 -1.4375 7.14793
      vertex 1.65225 -1.4375 7.02658
    endloop
  endfacet
  facet normal 0.974612 0 -0.223898
    outer loop
      vertex 1.65225 -1.4375 7.02658
      vertex 1.6223 -1.0375 6.89621
      vertex 1.65225 -1.0375 7.02658
    endloop
  endfacet
  facet normal 0.974612 0 -0.223898
    outer loop
      vertex 1.6223 -1.0375 6.89621
      vertex 1.65225 -1.4375 7.02658
      vertex 1.6223 -1.4375 6.89621
    endloop
  endfacet
  facet normal 0.986315 0 -0.164869
    outer loop
      vertex 1.6223 -1.4375 6.89621
      vertex 1.599 -1.0375 6.75682
      vertex 1.6223 -1.0375 6.89621
    endloop
  endfacet
  facet normal 0.986315 0 -0.164869
    outer loop
      vertex 1.599 -1.0375 6.75682
      vertex 1.6223 -1.4375 6.89621
      vertex 1.599 -1.4375 6.75682
    endloop
  endfacet
  facet normal 0.99378 0 -0.111358
    outer loop
      vertex 1.599 -1.4375 6.75682
      vertex 1.58237 -1.0375 6.60841
      vertex 1.599 -1.0375 6.75682
    endloop
  endfacet
  facet normal 0.99378 0 -0.111358
    outer loop
      vertex 1.58237 -1.0375 6.60841
      vertex 1.599 -1.4375 6.75682
      vertex 1.58237 -1.4375 6.60841
    endloop
  endfacet
  facet normal 0.997989 0 -0.0633885
    outer loop
      vertex 1.58237 -1.4375 6.60841
      vertex 1.57237 -1.0375 6.45097
      vertex 1.58237 -1.0375 6.60841
    endloop
  endfacet
  facet normal 0.997989 0 -0.0633885
    outer loop
      vertex 1.57237 -1.0375 6.45097
      vertex 1.58237 -1.4375 6.60841
      vertex 1.57237 -1.4375 6.45097
    endloop
  endfacet
  facet normal 0.999801 0 -0.019942
    outer loop
      vertex 1.57237 -1.4375 6.45097
      vertex 1.56905 -1.0375 6.28452
      vertex 1.57237 -1.0375 6.45097
    endloop
  endfacet
  facet normal 0.999801 0 -0.019942
    outer loop
      vertex 1.56905 -1.0375 6.28452
      vertex 1.57237 -1.4375 6.45097
      vertex 1.56905 -1.4375 6.28452
    endloop
  endfacet
  facet normal 0.9998 -0 0.019996
    outer loop
      vertex 1.56905 -1.4375 6.28452
      vertex 1.57237 -1.0375 6.11852
      vertex 1.56905 -1.0375 6.28452
    endloop
  endfacet
  facet normal 0.9998 0 0.019996
    outer loop
      vertex 1.57237 -1.0375 6.11852
      vertex 1.56905 -1.4375 6.28452
      vertex 1.57237 -1.4375 6.11852
    endloop
  endfacet
  facet normal 0.997979 -0 0.0635413
    outer loop
      vertex 1.57237 -1.4375 6.11852
      vertex 1.58237 -1.0375 5.96146
      vertex 1.57237 -1.0375 6.11852
    endloop
  endfacet
  facet normal 0.997979 0 0.0635413
    outer loop
      vertex 1.58237 -1.0375 5.96146
      vertex 1.57237 -1.4375 6.11852
      vertex 1.58237 -1.4375 5.96146
    endloop
  endfacet
  facet normal 0.993754 -0 0.111595
    outer loop
      vertex 1.58237 -1.4375 5.96146
      vertex 1.599 -1.0375 5.81337
      vertex 1.58237 -1.0375 5.96146
    endloop
  endfacet
  facet normal 0.993754 0 0.111595
    outer loop
      vertex 1.599 -1.0375 5.81337
      vertex 1.58237 -1.4375 5.96146
      vertex 1.599 -1.4375 5.81337
    endloop
  endfacet
  facet normal 0.986265 -0 0.165169
    outer loop
      vertex 1.599 -1.4375 5.81337
      vertex 1.6223 -1.0375 5.67424
      vertex 1.599 -1.0375 5.81337
    endloop
  endfacet
  facet normal 0.986265 0 0.165169
    outer loop
      vertex 1.6223 -1.0375 5.67424
      vertex 1.599 -1.4375 5.81337
      vertex 1.6223 -1.4375 5.67424
    endloop
  endfacet
  facet normal 0.974526 -0 0.224274
    outer loop
      vertex 1.6223 -1.4375 5.67424
      vertex 1.65225 -1.0375 5.5441
      vertex 1.6223 -1.0375 5.67424
    endloop
  endfacet
  facet normal 0.974526 0 0.224274
    outer loop
      vertex 1.65225 -1.0375 5.5441
      vertex 1.6223 -1.4375 5.67424
      vertex 1.65225 -1.4375 5.5441
    endloop
  endfacet
  facet normal 0.957261 -0 0.289225
    outer loop
      vertex 1.65225 -1.4375 5.5441
      vertex 1.68886 -1.0375 5.42293
      vertex 1.65225 -1.0375 5.5441
    endloop
  endfacet
  facet normal 0.957261 0 0.289225
    outer loop
      vertex 1.68886 -1.0375 5.42293
      vertex 1.65225 -1.4375 5.5441
      vertex 1.68886 -1.4375 5.42293
    endloop
  endfacet
  facet normal 0.933071 -0 0.359692
    outer loop
      vertex 1.68886 -1.4375 5.42293
      vertex 1.73212 -1.0375 5.31071
      vertex 1.68886 -1.0375 5.42293
    endloop
  endfacet
  facet normal 0.933071 0 0.359692
    outer loop
      vertex 1.73212 -1.0375 5.31071
      vertex 1.68886 -1.4375 5.42293
      vertex 1.73212 -1.4375 5.31071
    endloop
  endfacet
  facet normal 0.900279 -0 0.435312
    outer loop
      vertex 1.73212 -1.4375 5.31071
      vertex 1.78203 -1.0375 5.20749
      vertex 1.73212 -1.0375 5.31071
    endloop
  endfacet
  facet normal 0.900279 0 0.435312
    outer loop
      vertex 1.78203 -1.0375 5.20749
      vertex 1.73212 -1.4375 5.31071
      vertex 1.78203 -1.4375 5.20749
    endloop
  endfacet
  facet normal 0.857421 -0 0.514616
    outer loop
      vertex 1.78203 -1.4375 5.20749
      vertex 1.83861 -1.0375 5.11322
      vertex 1.78203 -1.0375 5.20749
    endloop
  endfacet
  facet normal 0.857421 0 0.514616
    outer loop
      vertex 1.83861 -1.0375 5.11322
      vertex 1.78203 -1.4375 5.20749
      vertex 1.83861 -1.4375 5.11322
    endloop
  endfacet
  facet normal 0.803319 -0 0.595549
    outer loop
      vertex 1.83861 -1.4375 5.11322
      vertex 1.90147 -1.0375 5.02843
      vertex 1.83861 -1.0375 5.11322
    endloop
  endfacet
  facet normal 0.803319 0 0.595549
    outer loop
      vertex 1.90147 -1.0375 5.02843
      vertex 1.83861 -1.4375 5.11322
      vertex 1.90147 -1.4375 5.02843
    endloop
  endfacet
  facet normal 0.735904 -0 0.677086
    outer loop
      vertex 1.90147 -1.4375 5.02843
      vertex 1.97031 -1.0375 4.95361
      vertex 1.90147 -1.0375 5.02843
    endloop
  endfacet
  facet normal 0.735904 0 0.677086
    outer loop
      vertex 1.97031 -1.0375 4.95361
      vertex 1.90147 -1.4375 5.02843
      vertex 1.97031 -1.4375 4.95361
    endloop
  endfacet
  facet normal 0.65505 0 0.755586
    outer loop
      vertex 1.97031 -1.0375 4.95361
      vertex 2.04509 -1.4375 4.88878
      vertex 2.04509 -1.0375 4.88878
    endloop
  endfacet
  facet normal 0.65505 0 0.755586
    outer loop
      vertex 2.04509 -1.4375 4.88878
      vertex 1.97031 -1.0375 4.95361
      vertex 1.97031 -1.4375 4.95361
    endloop
  endfacet
  facet normal 0.562055 0 0.8271
    outer loop
      vertex 2.04509 -1.0375 4.88878
      vertex 2.12582 -1.4375 4.83392
      vertex 2.12582 -1.0375 4.83392
    endloop
  endfacet
  facet normal 0.562055 0 0.8271
    outer loop
      vertex 2.12582 -1.4375 4.83392
      vertex 2.04509 -1.0375 4.88878
      vertex 2.04509 -1.4375 4.88878
    endloop
  endfacet
  facet normal 0.45983 0 0.888007
    outer loop
      vertex 2.12582 -1.0375 4.83392
      vertex 2.21251 -1.4375 4.78903
      vertex 2.21251 -1.0375 4.78903
    endloop
  endfacet
  facet normal 0.45983 0 0.888007
    outer loop
      vertex 2.21251 -1.4375 4.78903
      vertex 2.12582 -1.0375 4.83392
      vertex 2.12582 -1.4375 4.83392
    endloop
  endfacet
  facet normal 0.352628 0 0.935763
    outer loop
      vertex 2.21251 -1.0375 4.78903
      vertex 2.30515 -1.4375 4.75412
      vertex 2.30515 -1.0375 4.75412
    endloop
  endfacet
  facet normal 0.352628 0 0.935763
    outer loop
      vertex 2.30515 -1.4375 4.75412
      vertex 2.21251 -1.0375 4.78903
      vertex 2.21251 -1.4375 4.78903
    endloop
  endfacet
  facet normal 0.245126 0 0.969491
    outer loop
      vertex 2.30515 -1.0375 4.75412
      vertex 2.40375 -1.4375 4.72919
      vertex 2.40375 -1.0375 4.72919
    endloop
  endfacet
  facet normal 0.245126 0 0.969491
    outer loop
      vertex 2.40375 -1.4375 4.72919
      vertex 2.30515 -1.0375 4.75412
      vertex 2.30515 -1.4375 4.75412
    endloop
  endfacet
  facet normal 0.141753 0 0.989902
    outer loop
      vertex 2.40375 -1.0375 4.72919
      vertex 2.50829 -1.4375 4.71422
      vertex 2.50829 -1.0375 4.71422
    endloop
  endfacet
  facet normal 0.141753 0 0.989902
    outer loop
      vertex 2.50829 -1.4375 4.71422
      vertex 2.40375 -1.0375 4.72919
      vertex 2.40375 -1.4375 4.72919
    endloop
  endfacet
  facet normal 0.0450303 0 0.998986
    outer loop
      vertex 2.50829 -1.0375 4.71422
      vertex 2.61877 -1.4375 4.70924
      vertex 2.61877 -1.0375 4.70924
    endloop
  endfacet
  facet normal 0.0450303 0 0.998986
    outer loop
      vertex 2.61877 -1.4375 4.70924
      vertex 2.50829 -1.0375 4.71422
      vertex 2.50829 -1.4375 4.71422
    endloop
  endfacet
  facet normal -0.0450181 0 0.998986
    outer loop
      vertex 2.61877 -1.0375 4.70924
      vertex 2.72928 -1.4375 4.71422
      vertex 2.72928 -1.0375 4.71422
    endloop
  endfacet
  facet normal -0.0450181 0 0.998986
    outer loop
      vertex 2.72928 -1.4375 4.71422
      vertex 2.61877 -1.0375 4.70924
      vertex 2.61877 -1.4375 4.70924
    endloop
  endfacet
  facet normal -0.176086 0 -0.984375
    outer loop
      vertex 2.48552 -1.4375 5.05106
      vertex 2.5502 -1.0375 5.03949
      vertex 2.5502 -1.4375 5.03949
    endloop
  endfacet
  facet normal -0.176086 0 -0.984375
    outer loop
      vertex 2.5502 -1.0375 5.03949
      vertex 2.48552 -1.4375 5.05106
      vertex 2.48552 -1.0375 5.05106
    endloop
  endfacet
  facet normal -0.302174 0 -0.953253
    outer loop
      vertex 2.42473 -1.4375 5.07033
      vertex 2.48552 -1.0375 5.05106
      vertex 2.48552 -1.4375 5.05106
    endloop
  endfacet
  facet normal -0.302174 0 -0.953253
    outer loop
      vertex 2.48552 -1.0375 5.05106
      vertex 2.42473 -1.4375 5.07033
      vertex 2.42473 -1.0375 5.07033
    endloop
  endfacet
  facet normal -0.428441 0 -0.90357
    outer loop
      vertex 2.36783 -1.4375 5.09731
      vertex 2.42473 -1.0375 5.07033
      vertex 2.42473 -1.4375 5.07033
    endloop
  endfacet
  facet normal -0.428441 0 -0.90357
    outer loop
      vertex 2.42473 -1.0375 5.07033
      vertex 2.36783 -1.4375 5.09731
      vertex 2.36783 -1.0375 5.09731
    endloop
  endfacet
  facet normal -0.547577 0 -0.836755
    outer loop
      vertex 2.31482 -1.4375 5.132
      vertex 2.36783 -1.0375 5.09731
      vertex 2.36783 -1.4375 5.09731
    endloop
  endfacet
  facet normal -0.547577 0 -0.836755
    outer loop
      vertex 2.36783 -1.0375 5.09731
      vertex 2.31482 -1.4375 5.132
      vertex 2.31482 -1.0375 5.132
    endloop
  endfacet
  facet normal -0.653339 0 -0.757066
    outer loop
      vertex 2.2657 -1.4375 5.17439
      vertex 2.31482 -1.0375 5.132
      vertex 2.31482 -1.4375 5.132
    endloop
  endfacet
  facet normal -0.653339 0 -0.757066
    outer loop
      vertex 2.31482 -1.0375 5.132
      vertex 2.2657 -1.4375 5.17439
      vertex 2.2657 -1.0375 5.17439
    endloop
  endfacet
  facet normal -0.742328 0 -0.670036
    outer loop
      vertex 2.2657 -1.4375 5.17439
      vertex 2.22047 -1.0375 5.2245
      vertex 2.2657 -1.0375 5.17439
    endloop
  endfacet
  facet normal -0.742328 -0 -0.670036
    outer loop
      vertex 2.22047 -1.0375 5.2245
      vertex 2.2657 -1.4375 5.17439
      vertex 2.22047 -1.4375 5.2245
    endloop
  endfacet
  facet normal -0.8136 0 -0.581425
    outer loop
      vertex 2.22047 -1.4375 5.2245
      vertex 2.17915 -1.0375 5.28232
      vertex 2.22047 -1.0375 5.2245
    endloop
  endfacet
  facet normal -0.8136 -0 -0.581425
    outer loop
      vertex 2.17915 -1.0375 5.28232
      vertex 2.22047 -1.4375 5.2245
      vertex 2.17915 -1.4375 5.28232
    endloop
  endfacet
  facet normal -0.868333 0 -0.495982
    outer loop
      vertex 2.17915 -1.4375 5.28232
      vertex 2.14172 -1.0375 5.34785
      vertex 2.17915 -1.0375 5.28232
    endloop
  endfacet
  facet normal -0.868333 -0 -0.495982
    outer loop
      vertex 2.14172 -1.0375 5.34785
      vertex 2.17915 -1.4375 5.28232
      vertex 2.14172 -1.4375 5.34785
    endloop
  endfacet
  facet normal -0.90927 0 -0.416206
    outer loop
      vertex 2.14172 -1.4375 5.34785
      vertex 2.1082 -1.0375 5.42108
      vertex 2.14172 -1.0375 5.34785
    endloop
  endfacet
  facet normal -0.90927 -0 -0.416206
    outer loop
      vertex 2.1082 -1.0375 5.42108
      vertex 2.14172 -1.4375 5.34785
      vertex 2.1082 -1.4375 5.42108
    endloop
  endfacet
  facet normal -0.939308 0 -0.343075
    outer loop
      vertex 2.1082 -1.4375 5.42108
      vertex 2.07863 -1.0375 5.50204
      vertex 2.1082 -1.0375 5.42108
    endloop
  endfacet
  facet normal -0.939308 -0 -0.343075
    outer loop
      vertex 2.07863 -1.0375 5.50204
      vertex 2.1082 -1.4375 5.42108
      vertex 2.07863 -1.4375 5.50204
    endloop
  endfacet
  facet normal -0.960694 0 -0.277611
    outer loop
      vertex 2.07863 -1.4375 5.50204
      vertex 2.05301 -1.0375 5.5907
      vertex 2.07863 -1.0375 5.50204
    endloop
  endfacet
  facet normal -0.960694 -0 -0.277611
    outer loop
      vertex 2.05301 -1.0375 5.5907
      vertex 2.07863 -1.4375 5.50204
      vertex 2.05301 -1.4375 5.5907
    endloop
  endfacet
  facet normal -0.975573 0 -0.219674
    outer loop
      vertex 2.05301 -1.4375 5.5907
      vertex 2.03131 -1.0375 5.68707
      vertex 2.05301 -1.0375 5.5907
    endloop
  endfacet
  facet normal -0.975573 -0 -0.219674
    outer loop
      vertex 2.03131 -1.0375 5.68707
      vertex 2.05301 -1.4375 5.5907
      vertex 2.03131 -1.4375 5.68707
    endloop
  endfacet
  facet normal -0.985796 0 -0.167946
    outer loop
      vertex 2.03131 -1.4375 5.68707
      vertex 2.01358 -1.0375 5.79114
      vertex 2.03131 -1.0375 5.68707
    endloop
  endfacet
  facet normal -0.985796 -0 -0.167946
    outer loop
      vertex 2.01358 -1.0375 5.79114
      vertex 2.03131 -1.4375 5.68707
      vertex 2.01358 -1.4375 5.79114
    endloop
  endfacet
  facet normal -0.992454 0 -0.122614
    outer loop
      vertex 2.01358 -1.4375 5.79114
      vertex 1.99977 -1.0375 5.90292
      vertex 2.01358 -1.0375 5.79114
    endloop
  endfacet
  facet normal -0.992454 -0 -0.122614
    outer loop
      vertex 1.99977 -1.0375 5.90292
      vertex 2.01358 -1.4375 5.79114
      vertex 1.99977 -1.4375 5.90292
    endloop
  endfacet
  facet normal -0.996613 0 -0.082231
    outer loop
      vertex 1.99977 -1.4375 5.90292
      vertex 1.98991 -1.0375 6.02242
      vertex 1.99977 -1.0375 5.90292
    endloop
  endfacet
  facet normal -0.996613 -0 -0.082231
    outer loop
      vertex 1.98991 -1.0375 6.02242
      vertex 1.99977 -1.4375 5.90292
      vertex 1.98991 -1.4375 6.02242
    endloop
  endfacet
  facet normal -0.998926 0 -0.0463302
    outer loop
      vertex 1.98991 -1.4375 6.02242
      vertex 1.98401 -1.0375 6.14963
      vertex 1.98991 -1.0375 6.02242
    endloop
  endfacet
  facet normal -0.998926 -0 -0.0463302
    outer loop
      vertex 1.98401 -1.0375 6.14963
      vertex 1.98991 -1.4375 6.02242
      vertex 1.98401 -1.4375 6.14963
    endloop
  endfacet
  facet normal -0.999892 0 -0.014677
    outer loop
      vertex 1.98401 -1.4375 6.14963
      vertex 1.98203 -1.0375 6.28452
      vertex 1.98401 -1.0375 6.14963
    endloop
  endfacet
  facet normal -0.999892 -0 -0.014677
    outer loop
      vertex 1.98203 -1.0375 6.28452
      vertex 1.98401 -1.4375 6.14963
      vertex 1.98203 -1.4375 6.28452
    endloop
  endfacet
  facet normal -0.999893 0 0.0146283
    outer loop
      vertex 1.98203 -1.4375 6.28452
      vertex 1.98401 -1.0375 6.41986
      vertex 1.98203 -1.0375 6.28452
    endloop
  endfacet
  facet normal -0.999893 0 0.0146283
    outer loop
      vertex 1.98401 -1.0375 6.41986
      vertex 1.98203 -1.4375 6.28452
      vertex 1.98401 -1.4375 6.41986
    endloop
  endfacet
  facet normal -0.998932 0 0.0461961
    outer loop
      vertex 1.98401 -1.4375 6.41986
      vertex 1.98991 -1.0375 6.54744
      vertex 1.98401 -1.0375 6.41986
    endloop
  endfacet
  facet normal -0.998932 0 0.0461961
    outer loop
      vertex 1.98991 -1.0375 6.54744
      vertex 1.98401 -1.4375 6.41986
      vertex 1.98991 -1.4375 6.54744
    endloop
  endfacet
  facet normal -0.996632 0 0.0820061
    outer loop
      vertex 1.98991 -1.4375 6.54744
      vertex 1.99977 -1.0375 6.66727
      vertex 1.98991 -1.0375 6.54744
    endloop
  endfacet
  facet normal -0.996632 0 0.0820061
    outer loop
      vertex 1.99977 -1.0375 6.66727
      vertex 1.98991 -1.4375 6.54744
      vertex 1.99977 -1.4375 6.66727
    endloop
  endfacet
  facet normal -0.992492 0 0.122312
    outer loop
      vertex 1.99977 -1.4375 6.66727
      vertex 2.01358 -1.0375 6.77933
      vertex 1.99977 -1.0375 6.66727
    endloop
  endfacet
  facet normal -0.992492 0 0.122312
    outer loop
      vertex 2.01358 -1.0375 6.77933
      vertex 1.99977 -1.4375 6.66727
      vertex 2.01358 -1.4375 6.77933
    endloop
  endfacet
  facet normal -0.985855 0 0.167602
    outer loop
      vertex 2.01358 -1.4375 6.77933
      vertex 2.03131 -1.0375 6.88362
      vertex 2.01358 -1.0375 6.77933
    endloop
  endfacet
  facet normal -0.985855 0 0.167602
    outer loop
      vertex 2.03131 -1.0375 6.88362
      vertex 2.01358 -1.4375 6.77933
      vertex 2.03131 -1.4375 6.88362
    endloop
  endfacet
  facet normal -0.975656 0 0.219305
    outer loop
      vertex 2.03131 -1.4375 6.88362
      vertex 2.05301 -1.0375 6.98016
      vertex 2.03131 -1.0375 6.88362
    endloop
  endfacet
  facet normal -0.975656 0 0.219305
    outer loop
      vertex 2.05301 -1.0375 6.98016
      vertex 2.03131 -1.4375 6.88362
      vertex 2.05301 -1.4375 6.98016
    endloop
  endfacet
  facet normal -0.960794 0 0.277264
    outer loop
      vertex 2.05301 -1.4375 6.98016
      vertex 2.07863 -1.0375 7.06894
      vertex 2.05301 -1.0375 6.98016
    endloop
  endfacet
  facet normal -0.960794 0 0.277264
    outer loop
      vertex 2.07863 -1.0375 7.06894
      vertex 2.05301 -1.4375 6.98016
      vertex 2.07863 -1.4375 7.06894
    endloop
  endfacet
  facet normal -0.93939 0 0.342851
    outer loop
      vertex 2.07863 -1.4375 7.06894
      vertex 2.1082 -1.0375 7.14996
      vertex 2.07863 -1.0375 7.06894
    endloop
  endfacet
  facet normal -0.93939 0 0.342851
    outer loop
      vertex 2.1082 -1.0375 7.14996
      vertex 2.07863 -1.4375 7.06894
      vertex 2.1082 -1.4375 7.14996
    endloop
  endfacet
  facet normal -0.909335 0 0.416065
    outer loop
      vertex 2.1082 -1.4375 7.14996
      vertex 2.14172 -1.0375 7.22322
      vertex 2.1082 -1.0375 7.14996
    endloop
  endfacet
  facet normal -0.909335 0 0.416065
    outer loop
      vertex 2.14172 -1.0375 7.22322
      vertex 2.1082 -1.4375 7.14996
      vertex 2.14172 -1.4375 7.22322
    endloop
  endfacet
  facet normal -0.868365 0 0.495925
    outer loop
      vertex 2.14172 -1.4375 7.22322
      vertex 2.17915 -1.0375 7.28876
      vertex 2.14172 -1.0375 7.22322
    endloop
  endfacet
  facet normal -0.868365 0 0.495925
    outer loop
      vertex 2.17915 -1.0375 7.28876
      vertex 2.14172 -1.4375 7.22322
      vertex 2.17915 -1.4375 7.28876
    endloop
  endfacet
  facet normal -0.813553 0 0.581491
    outer loop
      vertex 2.17915 -1.4375 7.28876
      vertex 2.22047 -1.0375 7.34657
      vertex 2.17915 -1.0375 7.28876
    endloop
  endfacet
  facet normal -0.813553 0 0.581491
    outer loop
      vertex 2.22047 -1.0375 7.34657
      vertex 2.17915 -1.4375 7.28876
      vertex 2.22047 -1.4375 7.34657
    endloop
  endfacet
  facet normal -0.742328 0 0.670036
    outer loop
      vertex 2.22047 -1.4375 7.34657
      vertex 2.2657 -1.0375 7.39668
      vertex 2.22047 -1.0375 7.34657
    endloop
  endfacet
  facet normal -0.742328 0 0.670036
    outer loop
      vertex 2.2657 -1.0375 7.39668
      vertex 2.22047 -1.4375 7.34657
      vertex 2.2657 -1.4375 7.39668
    endloop
  endfacet
  facet normal -0.653516 0 0.756913
    outer loop
      vertex 2.2657 -1.0375 7.39668
      vertex 2.31482 -1.4375 7.43909
      vertex 2.31482 -1.0375 7.43909
    endloop
  endfacet
  facet normal -0.653516 0 0.756913
    outer loop
      vertex 2.31482 -1.4375 7.43909
      vertex 2.2657 -1.0375 7.39668
      vertex 2.2657 -1.4375 7.39668
    endloop
  endfacet
  facet normal -0.547687 0 0.836683
    outer loop
      vertex 2.31482 -1.0375 7.43909
      vertex 2.36783 -1.4375 7.47379
      vertex 2.36783 -1.0375 7.47379
    endloop
  endfacet
  facet normal -0.547687 0 0.836683
    outer loop
      vertex 2.36783 -1.4375 7.47379
      vertex 2.31482 -1.0375 7.43909
      vertex 2.31482 -1.4375 7.43909
    endloop
  endfacet
  facet normal -0.428312 0 0.903631
    outer loop
      vertex 2.36783 -1.0375 7.47379
      vertex 2.42473 -1.4375 7.50076
      vertex 2.42473 -1.0375 7.50076
    endloop
  endfacet
  facet normal -0.428312 0 0.903631
    outer loop
      vertex 2.42473 -1.4375 7.50076
      vertex 2.36783 -1.0375 7.47379
      vertex 2.36783 -1.4375 7.47379
    endloop
  endfacet
  facet normal -0.302459 0 0.953162
    outer loop
      vertex 2.42473 -1.0375 7.50076
      vertex 2.48552 -1.4375 7.52005
      vertex 2.48552 -1.0375 7.52005
    endloop
  endfacet
  facet normal -0.302459 0 0.953162
    outer loop
      vertex 2.48552 -1.4375 7.52005
      vertex 2.42473 -1.0375 7.50076
      vertex 2.42473 -1.4375 7.50076
    endloop
  endfacet
  facet normal -0.175791 0 0.984428
    outer loop
      vertex 2.48552 -1.0375 7.52005
      vertex 2.5502 -1.4375 7.5316
      vertex 2.5502 -1.0375 7.5316
    endloop
  endfacet
  facet normal -0.175791 0 0.984428
    outer loop
      vertex 2.5502 -1.4375 7.5316
      vertex 2.48552 -1.0375 7.52005
      vertex 2.48552 -1.4375 7.52005
    endloop
  endfacet
  facet normal -0.0562039 0 0.998419
    outer loop
      vertex 2.5502 -1.0375 7.5316
      vertex 2.61877 -1.4375 7.53546
      vertex 2.61877 -1.0375 7.53546
    endloop
  endfacet
  facet normal -0.0562039 0 0.998419
    outer loop
      vertex 2.61877 -1.4375 7.53546
      vertex 2.5502 -1.0375 7.5316
      vertex 2.5502 -1.4375 7.5316
    endloop
  endfacet
  facet normal 0.0558386 0 0.99844
    outer loop
      vertex 2.61877 -1.0375 7.53546
      vertex 2.68779 -1.4375 7.5316
      vertex 2.68779 -1.0375 7.5316
    endloop
  endfacet
  facet normal 0.0558386 0 0.99844
    outer loop
      vertex 2.68779 -1.4375 7.5316
      vertex 2.61877 -1.0375 7.53546
      vertex 2.61877 -1.4375 7.53546
    endloop
  endfacet
  facet normal 0.174795 0 0.984605
    outer loop
      vertex 2.68779 -1.0375 7.5316
      vertex 2.75285 -1.4375 7.52005
      vertex 2.75285 -1.0375 7.52005
    endloop
  endfacet
  facet normal 0.174795 0 0.984605
    outer loop
      vertex 2.75285 -1.4375 7.52005
      vertex 2.68779 -1.0375 7.5316
      vertex 2.68779 -1.4375 7.5316
    endloop
  endfacet
  facet normal 0.30093 0 0.953646
    outer loop
      vertex 2.75285 -1.0375 7.52005
      vertex 2.81398 -1.4375 7.50076
      vertex 2.81398 -1.0375 7.50076
    endloop
  endfacet
  facet normal 0.30093 0 0.953646
    outer loop
      vertex 2.81398 -1.4375 7.50076
      vertex 2.75285 -1.0375 7.52005
      vertex 2.75285 -1.4375 7.52005
    endloop
  endfacet
  facet normal 0.426658 0 0.904413
    outer loop
      vertex 2.81398 -1.0375 7.50076
      vertex 2.87115 -1.4375 7.47379
      vertex 2.87115 -1.0375 7.47379
    endloop
  endfacet
  facet normal 0.426658 0 0.904413
    outer loop
      vertex 2.87115 -1.4375 7.47379
      vertex 2.81398 -1.0375 7.50076
      vertex 2.81398 -1.4375 7.50076
    endloop
  endfacet
  facet normal 0.546028 0 0.837767
    outer loop
      vertex 2.87115 -1.0375 7.47379
      vertex 2.92439 -1.4375 7.43909
      vertex 2.92439 -1.0375 7.43909
    endloop
  endfacet
  facet normal 0.546028 0 0.837767
    outer loop
      vertex 2.92439 -1.4375 7.43909
      vertex 2.87115 -1.0375 7.47379
      vertex 2.87115 -1.4375 7.47379
    endloop
  endfacet
  facet normal 0.652221 0 0.758029
    outer loop
      vertex 2.92439 -1.0375 7.43909
      vertex 2.97368 -1.4375 7.39668
      vertex 2.97368 -1.0375 7.39668
    endloop
  endfacet
  facet normal 0.652221 0 0.758029
    outer loop
      vertex 2.97368 -1.4375 7.39668
      vertex 2.92439 -1.0375 7.43909
      vertex 2.92439 -1.4375 7.43909
    endloop
  endfacet
  facet normal 0.741445 -0 0.671014
    outer loop
      vertex 2.97368 -1.4375 7.39668
      vertex 3.01903 -1.0375 7.34657
      vertex 2.97368 -1.0375 7.39668
    endloop
  endfacet
  facet normal 0.741445 0 0.671014
    outer loop
      vertex 3.01903 -1.0375 7.34657
      vertex 2.97368 -1.4375 7.39668
      vertex 3.01903 -1.4375 7.34657
    endloop
  endfacet
  facet normal 0.813087 -0 0.582143
    outer loop
      vertex 3.01903 -1.4375 7.34657
      vertex 3.06042 -1.0375 7.28876
      vertex 3.01903 -1.0375 7.34657
    endloop
  endfacet
  facet normal 0.813087 0 0.582143
    outer loop
      vertex 3.06042 -1.0375 7.28876
      vertex 3.01903 -1.4375 7.34657
      vertex 3.06042 -1.4375 7.28876
    endloop
  endfacet
  facet normal 0.868137 -0 0.496324
    outer loop
      vertex 3.06042 -1.4375 7.28876
      vertex 3.09789 -1.0375 7.22322
      vertex 3.06042 -1.0375 7.28876
    endloop
  endfacet
  facet normal 0.868137 0 0.496324
    outer loop
      vertex 3.09789 -1.0375 7.22322
      vertex 3.06042 -1.4375 7.28876
      vertex 3.09789 -1.4375 7.22322
    endloop
  endfacet
  facet normal 0.909429 -0 0.41586
    outer loop
      vertex 3.09789 -1.4375 7.22322
      vertex 3.13139 -1.0375 7.14996
      vertex 3.09789 -1.0375 7.22322
    endloop
  endfacet
  facet normal 0.909429 0 0.41586
    outer loop
      vertex 3.13139 -1.0375 7.14996
      vertex 3.09789 -1.4375 7.22322
      vertex 3.13139 -1.4375 7.14996
    endloop
  endfacet
  facet normal 0.93939 -0 0.342851
    outer loop
      vertex 3.13139 -1.4375 7.14996
      vertex 3.16096 -1.0375 7.06894
      vertex 3.13139 -1.0375 7.14996
    endloop
  endfacet
  facet normal 0.93939 0 0.342851
    outer loop
      vertex 3.16096 -1.0375 7.06894
      vertex 3.13139 -1.4375 7.14996
      vertex 3.16096 -1.4375 7.06894
    endloop
  endfacet
  facet normal 0.960736 -0 0.277464
    outer loop
      vertex 3.16096 -1.4375 7.06894
      vertex 3.1866 -1.0375 6.98016
      vertex 3.16096 -1.0375 7.06894
    endloop
  endfacet
  facet normal 0.960736 0 0.277464
    outer loop
      vertex 3.1866 -1.0375 6.98016
      vertex 3.16096 -1.4375 7.06894
      vertex 3.1866 -1.4375 6.98016
    endloop
  endfacet
  facet normal 0.975699 -0 0.219113
    outer loop
      vertex 3.1866 -1.4375 6.98016
      vertex 3.20828 -1.0375 6.88362
      vertex 3.1866 -1.0375 6.98016
    endloop
  endfacet
  facet normal 0.975699 0 0.219113
    outer loop
      vertex 3.20828 -1.0375 6.88362
      vertex 3.1866 -1.4375 6.98016
      vertex 3.20828 -1.4375 6.88362
    endloop
  endfacet
  facet normal 0.985823 -0 0.167786
    outer loop
      vertex 3.20828 -1.4375 6.88362
      vertex 3.22603 -1.0375 6.77933
      vertex 3.20828 -1.0375 6.88362
    endloop
  endfacet
  facet normal 0.985823 0 0.167786
    outer loop
      vertex 3.22603 -1.0375 6.77933
      vertex 3.20828 -1.4375 6.88362
      vertex 3.22603 -1.4375 6.77933
    endloop
  endfacet
  facet normal 0.992513 -0 0.122138
    outer loop
      vertex 3.22603 -1.4375 6.77933
      vertex 3.23982 -1.0375 6.66727
      vertex 3.22603 -1.0375 6.77933
    endloop
  endfacet
  facet normal 0.992513 0 0.122138
    outer loop
      vertex 3.23982 -1.0375 6.66727
      vertex 3.22603 -1.4375 6.77933
      vertex 3.23982 -1.4375 6.66727
    endloop
  endfacet
  facet normal 0.996632 -0 0.0820061
    outer loop
      vertex 3.23982 -1.4375 6.66727
      vertex 3.24968 -1.0375 6.54744
      vertex 3.23982 -1.0375 6.66727
    endloop
  endfacet
  facet normal 0.996632 0 0.0820061
    outer loop
      vertex 3.24968 -1.0375 6.54744
      vertex 3.23982 -1.4375 6.66727
      vertex 3.24968 -1.4375 6.54744
    endloop
  endfacet
  facet normal 0.998925 -0 0.0463524
    outer loop
      vertex 3.24968 -1.4375 6.54744
      vertex 3.2556 -1.0375 6.41986
      vertex 3.24968 -1.0375 6.54744
    endloop
  endfacet
  facet normal 0.998925 0 0.0463524
    outer loop
      vertex 3.2556 -1.0375 6.41986
      vertex 3.24968 -1.4375 6.54744
      vertex 3.2556 -1.4375 6.41986
    endloop
  endfacet
  facet normal 0.999894 -0 0.0145544
    outer loop
      vertex 3.2556 -1.4375 6.41986
      vertex 3.25757 -1.0375 6.28452
      vertex 3.2556 -1.0375 6.41986
    endloop
  endfacet
  facet normal 0.999894 0 0.0145544
    outer loop
      vertex 3.25757 -1.0375 6.28452
      vertex 3.2556 -1.4375 6.41986
      vertex 3.25757 -1.4375 6.28452
    endloop
  endfacet
  facet normal 0.999893 0 -0.0146029
    outer loop
      vertex 3.25757 -1.4375 6.28452
      vertex 3.2556 -1.0375 6.14963
      vertex 3.25757 -1.0375 6.28452
    endloop
  endfacet
  facet normal 0.999893 0 -0.0146029
    outer loop
      vertex 3.2556 -1.0375 6.14963
      vertex 3.25757 -1.4375 6.28452
      vertex 3.2556 -1.4375 6.14963
    endloop
  endfacet
  facet normal 0.998919 0 -0.0464869
    outer loop
      vertex 3.2556 -1.4375 6.14963
      vertex 3.24968 -1.0375 6.02242
      vertex 3.2556 -1.0375 6.14963
    endloop
  endfacet
  facet normal 0.998919 0 -0.0464869
    outer loop
      vertex 3.24968 -1.0375 6.02242
      vertex 3.2556 -1.4375 6.14963
      vertex 3.24968 -1.4375 6.02242
    endloop
  endfacet
  facet normal 0.996613 0 -0.082231
    outer loop
      vertex 3.24968 -1.4375 6.02242
      vertex 3.23982 -1.0375 5.90292
      vertex 3.24968 -1.0375 6.02242
    endloop
  endfacet
  facet normal 0.996613 0 -0.082231
    outer loop
      vertex 3.23982 -1.0375 5.90292
      vertex 3.24968 -1.4375 6.02242
      vertex 3.23982 -1.4375 5.90292
    endloop
  endfacet
  facet normal 0.992476 0 -0.122439
    outer loop
      vertex 3.23982 -1.4375 5.90292
      vertex 3.22603 -1.0375 5.79114
      vertex 3.23982 -1.0375 5.90292
    endloop
  endfacet
  facet normal 0.992476 0 -0.122439
    outer loop
      vertex 3.22603 -1.0375 5.79114
      vertex 3.23982 -1.4375 5.90292
      vertex 3.22603 -1.4375 5.79114
    endloop
  endfacet
  facet normal 0.985765 0 -0.16813
    outer loop
      vertex 3.22603 -1.4375 5.79114
      vertex 3.20828 -1.0375 5.68707
      vertex 3.22603 -1.0375 5.79114
    endloop
  endfacet
  facet normal 0.985765 0 -0.16813
    outer loop
      vertex 3.20828 -1.0375 5.68707
      vertex 3.22603 -1.4375 5.79114
      vertex 3.20828 -1.4375 5.68707
    endloop
  endfacet
  facet normal 0.975617 0 -0.219481
    outer loop
      vertex 3.20828 -1.4375 5.68707
      vertex 3.1866 -1.0375 5.5907
      vertex 3.20828 -1.0375 5.68707
    endloop
  endfacet
  facet normal 0.975617 0 -0.219481
    outer loop
      vertex 3.1866 -1.0375 5.5907
      vertex 3.20828 -1.4375 5.68707
      vertex 3.1866 -1.4375 5.5907
    endloop
  endfacet
  facet normal 0.960636 0 -0.277811
    outer loop
      vertex 3.1866 -1.4375 5.5907
      vertex 3.16096 -1.0375 5.50204
      vertex 3.1866 -1.0375 5.5907
    endloop
  endfacet
  facet normal 0.960636 0 -0.277811
    outer loop
      vertex 3.16096 -1.0375 5.50204
      vertex 3.1866 -1.4375 5.5907
      vertex 3.16096 -1.4375 5.50204
    endloop
  endfacet
  facet normal 0.939308 0 -0.343075
    outer loop
      vertex 3.16096 -1.4375 5.50204
      vertex 3.13139 -1.0375 5.42108
      vertex 3.16096 -1.0375 5.50204
    endloop
  endfacet
  facet normal 0.939308 0 -0.343075
    outer loop
      vertex 3.13139 -1.0375 5.42108
      vertex 3.16096 -1.4375 5.50204
      vertex 3.13139 -1.4375 5.42108
    endloop
  endfacet
  facet normal 0.909364 0 -0.416
    outer loop
      vertex 3.13139 -1.4375 5.42108
      vertex 3.09789 -1.0375 5.34785
      vertex 3.13139 -1.0375 5.42108
    endloop
  endfacet
  facet normal 0.909364 0 -0.416
    outer loop
      vertex 3.09789 -1.0375 5.34785
      vertex 3.13139 -1.4375 5.42108
      vertex 3.09789 -1.4375 5.34785
    endloop
  endfacet
  facet normal 0.868105 0 -0.496381
    outer loop
      vertex 3.09789 -1.4375 5.34785
      vertex 3.06042 -1.0375 5.28232
      vertex 3.09789 -1.0375 5.34785
    endloop
  endfacet
  facet normal 0.868105 0 -0.496381
    outer loop
      vertex 3.06042 -1.0375 5.28232
      vertex 3.09789 -1.4375 5.34785
      vertex 3.06042 -1.4375 5.28232
    endloop
  endfacet
  facet normal 0.813134 0 -0.582076
    outer loop
      vertex 3.06042 -1.4375 5.28232
      vertex 3.01903 -1.0375 5.2245
      vertex 3.06042 -1.0375 5.28232
    endloop
  endfacet
  facet normal 0.813134 0 -0.582076
    outer loop
      vertex 3.01903 -1.0375 5.2245
      vertex 3.06042 -1.4375 5.28232
      vertex 3.01903 -1.4375 5.2245
    endloop
  endfacet
  facet normal 0.741445 0 -0.671014
    outer loop
      vertex 3.01903 -1.4375 5.2245
      vertex 2.97368 -1.0375 5.17439
      vertex 3.01903 -1.0375 5.2245
    endloop
  endfacet
  facet normal 0.741445 0 -0.671014
    outer loop
      vertex 2.97368 -1.0375 5.17439
      vertex 3.01903 -1.4375 5.2245
      vertex 2.97368 -1.4375 5.17439
    endloop
  endfacet
  facet normal 0.652045 0 -0.758181
    outer loop
      vertex 2.92439 -1.4375 5.132
      vertex 2.97368 -1.0375 5.17439
      vertex 2.97368 -1.4375 5.17439
    endloop
  endfacet
  facet normal 0.652045 0 -0.758181
    outer loop
      vertex 2.97368 -1.0375 5.17439
      vertex 2.92439 -1.4375 5.132
      vertex 2.92439 -1.0375 5.132
    endloop
  endfacet
  facet normal 0.545917 0 -0.837839
    outer loop
      vertex 2.87115 -1.4375 5.09731
      vertex 2.92439 -1.0375 5.132
      vertex 2.92439 -1.4375 5.132
    endloop
  endfacet
  facet normal 0.545917 0 -0.837839
    outer loop
      vertex 2.92439 -1.0375 5.132
      vertex 2.87115 -1.4375 5.09731
      vertex 2.87115 -1.0375 5.09731
    endloop
  endfacet
  facet normal 0.426787 0 -0.904352
    outer loop
      vertex 2.81398 -1.4375 5.07033
      vertex 2.87115 -1.0375 5.09731
      vertex 2.87115 -1.4375 5.09731
    endloop
  endfacet
  facet normal 0.426787 0 -0.904352
    outer loop
      vertex 2.87115 -1.0375 5.09731
      vertex 2.81398 -1.4375 5.07033
      vertex 2.81398 -1.0375 5.07033
    endloop
  endfacet
  facet normal 0.300646 0 -0.953736
    outer loop
      vertex 2.75285 -1.4375 5.05106
      vertex 2.81398 -1.0375 5.07033
      vertex 2.81398 -1.4375 5.07033
    endloop
  endfacet
  facet normal 0.300646 0 -0.953736
    outer loop
      vertex 2.81398 -1.0375 5.07033
      vertex 2.75285 -1.4375 5.05106
      vertex 2.75285 -1.0375 5.05106
    endloop
  endfacet
  facet normal 0.175089 0 -0.984553
    outer loop
      vertex 2.68779 -1.4375 5.03949
      vertex 2.75285 -1.0375 5.05106
      vertex 2.75285 -1.4375 5.05106
    endloop
  endfacet
  facet normal 0.175089 0 -0.984553
    outer loop
      vertex 2.75285 -1.0375 5.05106
      vertex 2.68779 -1.4375 5.03949
      vertex 2.68779 -1.0375 5.03949
    endloop
  endfacet
  facet normal 0.0556944 0 -0.998448
    outer loop
      vertex 2.61877 -1.4375 5.03564
      vertex 2.68779 -1.0375 5.03949
      vertex 2.68779 -1.4375 5.03949
    endloop
  endfacet
  facet normal 0.0556944 0 -0.998448
    outer loop
      vertex 2.68779 -1.0375 5.03949
      vertex 2.61877 -1.4375 5.03564
      vertex 2.61877 -1.0375 5.03564
    endloop
  endfacet
  facet normal -0.0560587 0 -0.998427
    outer loop
      vertex 2.5502 -1.4375 5.03949
      vertex 2.61877 -1.0375 5.03564
      vertex 2.61877 -1.4375 5.03564
    endloop
  endfacet
  facet normal -0.0560587 0 -0.998427
    outer loop
      vertex 2.61877 -1.0375 5.03564
      vertex 2.5502 -1.4375 5.03949
      vertex 2.5502 -1.0375 5.03949
    endloop
  endfacet
  facet normal 0 0 -1
    outer loop
      vertex -2.28827 -1.4375 5.11436
      vertex -1.61693 -1.0375 5.11436
      vertex -1.61693 -1.4375 5.11436
    endloop
  endfacet
  facet normal -0 0 -1
    outer loop
      vertex -1.61693 -1.0375 5.11436
      vertex -2.28827 -1.4375 5.11436
      vertex -2.28827 -1.0375 5.11436
    endloop
  endfacet
  facet normal -1 0 0
    outer loop
      vertex -2.28827 -1.4375 5.11436
      vertex -2.28827 -1.0375 7.80618
      vertex -2.28827 -1.0375 5.11436
    endloop
  endfacet
  facet normal -1 -0 0
    outer loop
      vertex -2.28827 -1.0375 7.80618
      vertex -2.28827 -1.4375 5.11436
      vertex -2.28827 -1.4375 7.80618
    endloop
  endfacet
  facet normal 0 0 -1
    outer loop
      vertex -2.6992 -1.4375 7.80618
      vertex -2.28827 -1.0375 7.80618
      vertex -2.28827 -1.4375 7.80618
    endloop
  endfacet
  facet normal -0 0 -1
    outer loop
      vertex -2.28827 -1.0375 7.80618
      vertex -2.6992 -1.4375 7.80618
      vertex -2.6992 -1.0375 7.80618
    endloop
  endfacet
  facet normal 0.196978 0 -0.980408
    outer loop
      vertex -3.42548 -1.4375 7.66026
      vertex -2.6992 -1.0375 7.80618
      vertex -2.6992 -1.4375 7.80618
    endloop
  endfacet
  facet normal 0.196978 0 -0.980408
    outer loop
      vertex -2.6992 -1.0375 7.80618
      vertex -3.42548 -1.4375 7.66026
      vertex -3.42548 -1.0375 7.66026
    endloop
  endfacet
  facet normal 1 -0 0
    outer loop
      vertex -3.42548 -1.4375 7.66026
      vertex -3.42548 -1.0375 7.28586
      vertex -3.42548 -1.0375 7.66026
    endloop
  endfacet
  facet normal 1 0 0
    outer loop
      vertex -3.42548 -1.0375 7.28586
      vertex -3.42548 -1.4375 7.66026
      vertex -3.42548 -1.4375 7.28586
    endloop
  endfacet
  facet normal -0.195922 0 0.980619
    outer loop
      vertex -3.42548 -1.0375 7.28586
      vertex -2.69513 -1.4375 7.43178
      vertex -2.69513 -1.0375 7.43178
    endloop
  endfacet
  facet normal -0.195922 0 0.980619
    outer loop
      vertex -2.69513 -1.4375 7.43178
      vertex -3.42548 -1.0375 7.28586
      vertex -3.42548 -1.4375 7.28586
    endloop
  endfacet
  facet normal 1 -0 0
    outer loop
      vertex -2.69513 -1.4375 7.43178
      vertex -2.69513 -1.0375 5.11436
      vertex -2.69513 -1.0375 7.43178
    endloop
  endfacet
  facet normal 1 0 0
    outer loop
      vertex -2.69513 -1.0375 5.11436
      vertex -2.69513 -1.4375 7.43178
      vertex -2.69513 -1.4375 5.11436
    endloop
  endfacet
  facet normal 0 0 -1
    outer loop
      vertex -3.3665 -1.4375 5.11436
      vertex -2.69513 -1.0375 5.11436
      vertex -2.69513 -1.4375 5.11436
    endloop
  endfacet
  facet normal -0 0 -1
    outer loop
      vertex -2.69513 -1.0375 5.11436
      vertex -3.3665 -1.4375 5.11436
      vertex -3.3665 -1.0375 5.11436
    endloop
  endfacet
  facet normal 1 -0 0
    outer loop
      vertex -3.3665 -1.4375 5.11436
      vertex -3.3665 -1.0375 4.76875
      vertex -3.3665 -1.0375 5.11436
    endloop
  endfacet
  facet normal 1 0 0
    outer loop
      vertex -3.3665 -1.0375 4.76875
      vertex -3.3665 -1.4375 5.11436
      vertex -3.3665 -1.4375 4.76875
    endloop
  endfacet
  facet normal -0 0 1
    outer loop
      vertex -3.3665 -1.0375 4.76875
      vertex -1.61693 -1.4375 4.76875
      vertex -1.61693 -1.0375 4.76875
    endloop
  endfacet
  facet normal 0 0 1
    outer loop
      vertex -1.61693 -1.4375 4.76875
      vertex -3.3665 -1.0375 4.76875
      vertex -3.3665 -1.4375 4.76875
    endloop
  endfacet
  facet normal -1 0 0
    outer loop
      vertex -1.61693 -1.4375 4.76875
      vertex -1.61693 -1.0375 5.11436
      vertex -1.61693 -1.0375 4.76875
    endloop
  endfacet
  facet normal -1 -0 0
    outer loop
      vertex -1.61693 -1.0375 5.11436
      vertex -1.61693 -1.4375 4.76875
      vertex -1.61693 -1.4375 5.11436
    endloop
  endfacet
endsolid OpenSCAD_Model
