solid OpenSCAD_Model
  facet normal 0 0 -1
    outer loop
      vertex 10.9375 -23.6875 0
      vertex 8.83014 -23.584 0
      vertex 10.9375 -2.1875 0
    endloop
  endfacet
  facet normal 0 0 -1
    outer loop
      vertex -10.5625 -2.1875 0
      vertex -12.293 -0.11272 0
      vertex -12.2875 0 0
    endloop
  endfacet
  facet normal 0 0 -1
    outer loop
      vertex -10.5625 -2.1875 0
      vertex -12.3096 -0.224354 0
      vertex -12.293 -0.11272 0
    endloop
  endfacet
  facet normal 0 0 -1
    outer loop
      vertex -10.5625 -2.1875 0
      vertex -12.337 -0.333827 0
      vertex -12.3096 -0.224354 0
    endloop
  endfacet
  facet normal 0 0 -1
    outer loop
      vertex -10.5625 -2.1875 0
      vertex -12.375 -0.440085 0
      vertex -12.337 -0.333827 0
    endloop
  endfacet
  facet normal 0 0 -1
    outer loop
      vertex -10.5625 -2.1875 0
      vertex -12.4233 -0.542106 0
      vertex -12.375 -0.440085 0
    endloop
  endfacet
  facet normal 0 0 -1
    outer loop
      vertex -10.5625 -2.1875 0
      vertex -12.4813 -0.638906 0
      vertex -12.4233 -0.542106 0
    endloop
  endfacet
  facet normal 0 0 -1
    outer loop
      vertex -10.5625 -2.1875 0
      vertex -12.5485 -0.729552 0
      vertex -12.4813 -0.638906 0
    endloop
  endfacet
  facet normal 0 0 -1
    outer loop
      vertex -10.5625 -2.1875 0
      vertex -12.6243 -0.813172 0
      vertex -12.5485 -0.729552 0
    endloop
  endfacet
  facet normal 0 0 -1
    outer loop
      vertex -10.5625 -2.1875 0
      vertex -12.7079 -0.888962 0
      vertex -12.6243 -0.813172 0
    endloop
  endfacet
  facet normal 0 0 -1
    outer loop
      vertex -10.5625 -2.1875 0
      vertex -12.7986 -0.956189 0
      vertex -12.7079 -0.888962 0
    endloop
  endfacet
  facet normal 0 0 -1
    outer loop
      vertex -10.5625 -2.1875 0
      vertex -12.8954 -1.01421 0
      vertex -12.7986 -0.956189 0
    endloop
  endfacet
  facet normal 0 0 -1
    outer loop
      vertex -10.5625 -2.1875 0
      vertex -12.9974 -1.06246 0
      vertex -12.8954 -1.01421 0
    endloop
  endfacet
  facet normal 0 0 -1
    outer loop
      vertex -10.5625 -2.1875 0
      vertex -13.1037 -1.10048 0
      vertex -12.9974 -1.06246 0
    endloop
  endfacet
  facet normal 0 0 -1
    outer loop
      vertex -10.5625 -2.1875 0
      vertex -13.2131 -1.1279 0
      vertex -13.1037 -1.10048 0
    endloop
  endfacet
  facet normal 0 0 -1
    outer loop
      vertex -10.5625 -2.1875 0
      vertex -13.3248 -1.14446 0
      vertex -13.2131 -1.1279 0
    endloop
  endfacet
  facet normal 0 0 -1
    outer loop
      vertex -10.5625 -2.1875 0
      vertex -13.4375 -1.15 0
      vertex -13.3248 -1.14446 0
    endloop
  endfacet
  facet normal 0 0 -1
    outer loop
      vertex -15.9375 -2.1875 0
      vertex -13.4375 -1.15 0
      vertex -10.5625 -2.1875 0
    endloop
  endfacet
  facet normal -0 0 -1
    outer loop
      vertex -13.4375 -1.15 0
      vertex -15.9375 -2.1875 0
      vertex -13.5502 -1.14446 0
    endloop
  endfacet
  facet normal -0 0 -1
    outer loop
      vertex -13.5502 -1.14446 0
      vertex -15.9375 -2.1875 0
      vertex -13.6619 -1.1279 0
    endloop
  endfacet
  facet normal -0 0 -1
    outer loop
      vertex -14.582 -0.11272 0
      vertex -15.9375 -2.1875 0
      vertex -14.5875 0 0
    endloop
  endfacet
  facet normal -0 0 -1
    outer loop
      vertex -14.5654 -0.224354 0
      vertex -15.9375 -2.1875 0
      vertex -14.582 -0.11272 0
    endloop
  endfacet
  facet normal -0 0 -1
    outer loop
      vertex -14.538 -0.333827 0
      vertex -15.9375 -2.1875 0
      vertex -14.5654 -0.224354 0
    endloop
  endfacet
  facet normal -0 0 -1
    outer loop
      vertex -14.5 -0.440085 0
      vertex -15.9375 -2.1875 0
      vertex -14.538 -0.333827 0
    endloop
  endfacet
  facet normal -0 0 -1
    outer loop
      vertex -14.4517 -0.542106 0
      vertex -15.9375 -2.1875 0
      vertex -14.5 -0.440085 0
    endloop
  endfacet
  facet normal -0 0 -1
    outer loop
      vertex -14.3937 -0.638906 0
      vertex -15.9375 -2.1875 0
      vertex -14.4517 -0.542106 0
    endloop
  endfacet
  facet normal -0 0 -1
    outer loop
      vertex -14.3265 -0.729552 0
      vertex -15.9375 -2.1875 0
      vertex -14.3937 -0.638906 0
    endloop
  endfacet
  facet normal -0 0 -1
    outer loop
      vertex -14.2507 -0.813172 0
      vertex -15.9375 -2.1875 0
      vertex -14.3265 -0.729552 0
    endloop
  endfacet
  facet normal -0 0 -1
    outer loop
      vertex -14.1671 -0.888962 0
      vertex -15.9375 -2.1875 0
      vertex -14.2507 -0.813172 0
    endloop
  endfacet
  facet normal -0 0 -1
    outer loop
      vertex -14.0764 -0.956189 0
      vertex -15.9375 -2.1875 0
      vertex -14.1671 -0.888962 0
    endloop
  endfacet
  facet normal -0 0 -1
    outer loop
      vertex -13.9796 -1.01421 0
      vertex -15.9375 -2.1875 0
      vertex -14.0764 -0.956189 0
    endloop
  endfacet
  facet normal -0 0 -1
    outer loop
      vertex -13.8776 -1.06246 0
      vertex -15.9375 -2.1875 0
      vertex -13.9796 -1.01421 0
    endloop
  endfacet
  facet normal -0 0 -1
    outer loop
      vertex -13.7713 -1.10048 0
      vertex -15.9375 -2.1875 0
      vertex -13.8776 -1.06246 0
    endloop
  endfacet
  facet normal -0 0 -1
    outer loop
      vertex -13.6619 -1.1279 0
      vertex -15.9375 -2.1875 0
      vertex -13.7713 -1.10048 0
    endloop
  endfacet
  facet normal 0 0 -1
    outer loop
      vertex 15.9375 -2.1875 0
      vertex 14.5875 0 0
      vertex 15.9375 2.1875 0
    endloop
  endfacet
  facet normal 0 0 -1
    outer loop
      vertex 15.9375 -2.1875 0
      vertex 14.582 -0.11272 0
      vertex 14.5875 0 0
    endloop
  endfacet
  facet normal 0 0 -1
    outer loop
      vertex 15.9375 -2.1875 0
      vertex 14.5654 -0.224354 0
      vertex 14.582 -0.11272 0
    endloop
  endfacet
  facet normal 0 0 -1
    outer loop
      vertex 15.9375 -2.1875 0
      vertex 14.538 -0.333827 0
      vertex 14.5654 -0.224354 0
    endloop
  endfacet
  facet normal 0 0 -1
    outer loop
      vertex 15.9375 -2.1875 0
      vertex 14.5 -0.440085 0
      vertex 14.538 -0.333827 0
    endloop
  endfacet
  facet normal 0 0 -1
    outer loop
      vertex 15.9375 -2.1875 0
      vertex 14.4517 -0.542106 0
      vertex 14.5 -0.440085 0
    endloop
  endfacet
  facet normal 0 0 -1
    outer loop
      vertex 15.9375 -2.1875 0
      vertex 14.3937 -0.638906 0
      vertex 14.4517 -0.542106 0
    endloop
  endfacet
  facet normal 0 0 -1
    outer loop
      vertex 15.9375 -2.1875 0
      vertex 14.3265 -0.729552 0
      vertex 14.3937 -0.638906 0
    endloop
  endfacet
  facet normal 0 0 -1
    outer loop
      vertex 15.9375 -2.1875 0
      vertex 14.2507 -0.813172 0
      vertex 14.3265 -0.729552 0
    endloop
  endfacet
  facet normal 0 0 -1
    outer loop
      vertex 15.9375 -2.1875 0
      vertex 14.1671 -0.888962 0
      vertex 14.2507 -0.813172 0
    endloop
  endfacet
  facet normal 0 0 -1
    outer loop
      vertex 15.9375 -2.1875 0
      vertex 14.0764 -0.956189 0
      vertex 14.1671 -0.888962 0
    endloop
  endfacet
  facet normal 0 0 -1
    outer loop
      vertex 15.9375 -2.1875 0
      vertex 13.9796 -1.01421 0
      vertex 14.0764 -0.956189 0
    endloop
  endfacet
  facet normal 0 0 -1
    outer loop
      vertex 15.9375 -2.1875 0
      vertex 13.8776 -1.06246 0
      vertex 13.9796 -1.01421 0
    endloop
  endfacet
  facet normal 0 0 -1
    outer loop
      vertex 15.9375 -2.1875 0
      vertex 13.7713 -1.10048 0
      vertex 13.8776 -1.06246 0
    endloop
  endfacet
  facet normal 0 0 -1
    outer loop
      vertex 15.9375 -2.1875 0
      vertex 13.6619 -1.1279 0
      vertex 13.7713 -1.10048 0
    endloop
  endfacet
  facet normal 0 0 -1
    outer loop
      vertex 15.9375 -2.1875 0
      vertex 13.5502 -1.14446 0
      vertex 13.6619 -1.1279 0
    endloop
  endfacet
  facet normal 0 0 -1
    outer loop
      vertex 15.9375 -2.1875 0
      vertex 13.4375 -1.15 0
      vertex 13.5502 -1.14446 0
    endloop
  endfacet
  facet normal 0 0 -1
    outer loop
      vertex 10.9375 -2.1875 0
      vertex 13.4375 -1.15 0
      vertex 15.9375 -2.1875 0
    endloop
  endfacet
  facet normal -0 0 -1
    outer loop
      vertex 13.4375 -1.15 0
      vertex 10.9375 -2.1875 0
      vertex 13.3248 -1.14446 0
    endloop
  endfacet
  facet normal -0 0 -1
    outer loop
      vertex 13.3248 -1.14446 0
      vertex 10.9375 -2.1875 0
      vertex 13.2131 -1.1279 0
    endloop
  endfacet
  facet normal -0 0 -1
    outer loop
      vertex 13.2131 -1.1279 0
      vertex 10.9375 -2.1875 0
      vertex 13.1037 -1.10048 0
    endloop
  endfacet
  facet normal -0 0 -1
    outer loop
      vertex 12.293 -0.11272 0
      vertex 10.9375 -2.1875 0
      vertex 12.2875 0 0
    endloop
  endfacet
  facet normal -0 0 -1
    outer loop
      vertex 12.3096 -0.224354 0
      vertex 10.9375 -2.1875 0
      vertex 12.293 -0.11272 0
    endloop
  endfacet
  facet normal -0 0 -1
    outer loop
      vertex 12.337 -0.333827 0
      vertex 10.9375 -2.1875 0
      vertex 12.3096 -0.224354 0
    endloop
  endfacet
  facet normal -0 0 -1
    outer loop
      vertex 12.375 -0.440085 0
      vertex 10.9375 -2.1875 0
      vertex 12.337 -0.333827 0
    endloop
  endfacet
  facet normal -0 0 -1
    outer loop
      vertex 12.4233 -0.542106 0
      vertex 10.9375 -2.1875 0
      vertex 12.375 -0.440085 0
    endloop
  endfacet
  facet normal -0 0 -1
    outer loop
      vertex 12.4813 -0.638906 0
      vertex 10.9375 -2.1875 0
      vertex 12.4233 -0.542106 0
    endloop
  endfacet
  facet normal -0 0 -1
    outer loop
      vertex 12.5485 -0.729552 0
      vertex 10.9375 -2.1875 0
      vertex 12.4813 -0.638906 0
    endloop
  endfacet
  facet normal -0 0 -1
    outer loop
      vertex 12.6243 -0.813172 0
      vertex 10.9375 -2.1875 0
      vertex 12.5485 -0.729552 0
    endloop
  endfacet
  facet normal -0 0 -1
    outer loop
      vertex 12.7079 -0.888962 0
      vertex 10.9375 -2.1875 0
      vertex 12.6243 -0.813172 0
    endloop
  endfacet
  facet normal -0 0 -1
    outer loop
      vertex 12.7986 -0.956189 0
      vertex 10.9375 -2.1875 0
      vertex 12.7079 -0.888962 0
    endloop
  endfacet
  facet normal -0 0 -1
    outer loop
      vertex 12.8954 -1.01421 0
      vertex 10.9375 -2.1875 0
      vertex 12.7986 -0.956189 0
    endloop
  endfacet
  facet normal -0 0 -1
    outer loop
      vertex 12.9974 -1.06246 0
      vertex 10.9375 -2.1875 0
      vertex 12.8954 -1.01421 0
    endloop
  endfacet
  facet normal -0 0 -1
    outer loop
      vertex 13.1037 -1.10048 0
      vertex 10.9375 -2.1875 0
      vertex 12.9974 -1.06246 0
    endloop
  endfacet
  facet normal 0 0 -1
    outer loop
      vertex 14.582 0.11272 0
      vertex 15.9375 2.1875 0
      vertex 14.5875 0 0
    endloop
  endfacet
  facet normal 0 0 -1
    outer loop
      vertex 14.5654 0.224354 0
      vertex 15.9375 2.1875 0
      vertex 14.582 0.11272 0
    endloop
  endfacet
  facet normal 0 0 -1
    outer loop
      vertex 14.538 0.333827 0
      vertex 15.9375 2.1875 0
      vertex 14.5654 0.224354 0
    endloop
  endfacet
  facet normal 0 0 -1
    outer loop
      vertex 14.5 0.440085 0
      vertex 15.9375 2.1875 0
      vertex 14.538 0.333827 0
    endloop
  endfacet
  facet normal 0 0 -1
    outer loop
      vertex 14.4517 0.542106 0
      vertex 15.9375 2.1875 0
      vertex 14.5 0.440085 0
    endloop
  endfacet
  facet normal 0 0 -1
    outer loop
      vertex 14.3937 0.638906 0
      vertex 15.9375 2.1875 0
      vertex 14.4517 0.542106 0
    endloop
  endfacet
  facet normal 0 0 -1
    outer loop
      vertex 14.3265 0.729552 0
      vertex 15.9375 2.1875 0
      vertex 14.3937 0.638906 0
    endloop
  endfacet
  facet normal 0 0 -1
    outer loop
      vertex 14.2507 0.813172 0
      vertex 15.9375 2.1875 0
      vertex 14.3265 0.729552 0
    endloop
  endfacet
  facet normal 0 0 -1
    outer loop
      vertex 14.1671 0.888962 0
      vertex 15.9375 2.1875 0
      vertex 14.2507 0.813172 0
    endloop
  endfacet
  facet normal 0 0 -1
    outer loop
      vertex 14.0764 0.956189 0
      vertex 15.9375 2.1875 0
      vertex 14.1671 0.888962 0
    endloop
  endfacet
  facet normal 0 0 -1
    outer loop
      vertex 13.9796 1.01421 0
      vertex 15.9375 2.1875 0
      vertex 14.0764 0.956189 0
    endloop
  endfacet
  facet normal 0 0 -1
    outer loop
      vertex 13.8776 1.06246 0
      vertex 15.9375 2.1875 0
      vertex 13.9796 1.01421 0
    endloop
  endfacet
  facet normal 0 0 -1
    outer loop
      vertex 13.7713 1.10048 0
      vertex 15.9375 2.1875 0
      vertex 13.8776 1.06246 0
    endloop
  endfacet
  facet normal 0 0 -1
    outer loop
      vertex 13.6619 1.1279 0
      vertex 15.9375 2.1875 0
      vertex 13.7713 1.10048 0
    endloop
  endfacet
  facet normal 0 0 -1
    outer loop
      vertex 13.5502 1.14446 0
      vertex 15.9375 2.1875 0
      vertex 13.6619 1.1279 0
    endloop
  endfacet
  facet normal 0 0 -1
    outer loop
      vertex 13.4375 1.15 0
      vertex 15.9375 2.1875 0
      vertex 13.5502 1.14446 0
    endloop
  endfacet
  facet normal 0 0 -1
    outer loop
      vertex 13.3248 1.14446 0
      vertex 15.9375 2.1875 0
      vertex 13.4375 1.15 0
    endloop
  endfacet
  facet normal 0 0 -1
    outer loop
      vertex 13.2131 1.1279 0
      vertex 15.9375 2.1875 0
      vertex 13.3248 1.14446 0
    endloop
  endfacet
  facet normal 0 0 -1
    outer loop
      vertex 13.1037 1.10048 0
      vertex 15.9375 2.1875 0
      vertex 13.2131 1.1279 0
    endloop
  endfacet
  facet normal 0 0 -1
    outer loop
      vertex -13.1037 1.10048 0
      vertex 13.1037 1.10048 0
      vertex 12.9974 1.06246 0
    endloop
  endfacet
  facet normal 0 0 -1
    outer loop
      vertex 10.9375 -2.1875 0
      vertex 12.293 0.11272 0
      vertex 12.2875 0 0
    endloop
  endfacet
  facet normal 0 0 -1
    outer loop
      vertex 10.9375 -2.1875 0
      vertex 12.3096 0.224354 0
      vertex 12.293 0.11272 0
    endloop
  endfacet
  facet normal 0 0 -1
    outer loop
      vertex 10.9375 -2.1875 0
      vertex 12.337 0.333827 0
      vertex 12.3096 0.224354 0
    endloop
  endfacet
  facet normal 0 0 -1
    outer loop
      vertex 10.9375 -2.1875 0
      vertex 12.375 0.440085 0
      vertex 12.337 0.333827 0
    endloop
  endfacet
  facet normal 0 0 -1
    outer loop
      vertex -10.5625 -2.1875 0
      vertex 12.375 0.440085 0
      vertex 10.9375 -2.1875 0
    endloop
  endfacet
  facet normal 0 0 -1
    outer loop
      vertex 6.74307 -23.2744 0
      vertex 10.9375 -2.1875 0
      vertex 8.83014 -23.584 0
    endloop
  endfacet
  facet normal 0 0 -1
    outer loop
      vertex 4.69638 -22.7617 0
      vertex 10.9375 -2.1875 0
      vertex 6.74307 -23.2744 0
    endloop
  endfacet
  facet normal 0 0 -1
    outer loop
      vertex 2.70981 -22.0509 0
      vertex 10.9375 -2.1875 0
      vertex 4.69638 -22.7617 0
    endloop
  endfacet
  facet normal 0 0 -1
    outer loop
      vertex 0.802475 -21.1488 0
      vertex 10.9375 -2.1875 0
      vertex 2.70981 -22.0509 0
    endloop
  endfacet
  facet normal 0 0 -1
    outer loop
      vertex -1.00725 -20.0641 0
      vertex 10.9375 -2.1875 0
      vertex 0.802475 -21.1488 0
    endloop
  endfacet
  facet normal 0 0 -1
    outer loop
      vertex -2.70195 -18.8072 0
      vertex 10.9375 -2.1875 0
      vertex -1.00725 -20.0641 0
    endloop
  endfacet
  facet normal 0 0 -1
    outer loop
      vertex -4.26529 -17.3903 0
      vertex 10.9375 -2.1875 0
      vertex -2.70195 -18.8072 0
    endloop
  endfacet
  facet normal 0 0 -1
    outer loop
      vertex -5.68222 -15.827 0
      vertex 10.9375 -2.1875 0
      vertex -4.26529 -17.3903 0
    endloop
  endfacet
  facet normal 0 0 -1
    outer loop
      vertex -6.93909 -14.1322 0
      vertex 10.9375 -2.1875 0
      vertex -5.68222 -15.827 0
    endloop
  endfacet
  facet normal 0 0 -1
    outer loop
      vertex -8.0238 -12.3225 0
      vertex 10.9375 -2.1875 0
      vertex -6.93909 -14.1322 0
    endloop
  endfacet
  facet normal 0 0 -1
    outer loop
      vertex -8.9259 -10.4152 0
      vertex 10.9375 -2.1875 0
      vertex -8.0238 -12.3225 0
    endloop
  endfacet
  facet normal 0 0 -1
    outer loop
      vertex -9.6367 -8.42862 0
      vertex 10.9375 -2.1875 0
      vertex -8.9259 -10.4152 0
    endloop
  endfacet
  facet normal 0 0 -1
    outer loop
      vertex -10.1494 -6.38193 0
      vertex 10.9375 -2.1875 0
      vertex -9.6367 -8.42862 0
    endloop
  endfacet
  facet normal 0 0 -1
    outer loop
      vertex -10.459 -4.29486 0
      vertex 10.9375 -2.1875 0
      vertex -10.1494 -6.38193 0
    endloop
  endfacet
  facet normal 0 0 -1
    outer loop
      vertex -10.5625 -2.1875 0
      vertex 10.9375 -2.1875 0
      vertex -10.459 -4.29486 0
    endloop
  endfacet
  facet normal -0 0 -1
    outer loop
      vertex 12.375 0.440085 0
      vertex -10.5625 -2.1875 0
      vertex 12.4233 0.542106 0
    endloop
  endfacet
  facet normal 0 0 -1
    outer loop
      vertex -12.4233 0.542106 0
      vertex 12.4233 0.542106 0
      vertex -10.5625 -2.1875 0
    endloop
  endfacet
  facet normal 0 0 -1
    outer loop
      vertex 12.4233 0.542106 0
      vertex -12.4233 0.542106 0
      vertex 12.4813 0.638906 0
    endloop
  endfacet
  facet normal 0 0 -1
    outer loop
      vertex -12.4813 0.638906 0
      vertex 12.4813 0.638906 0
      vertex -12.4233 0.542106 0
    endloop
  endfacet
  facet normal 0 0 -1
    outer loop
      vertex 12.4813 0.638906 0
      vertex -12.4813 0.638906 0
      vertex 12.5485 0.729552 0
    endloop
  endfacet
  facet normal 0 0 -1
    outer loop
      vertex -12.5485 0.729552 0
      vertex 12.5485 0.729552 0
      vertex -12.4813 0.638906 0
    endloop
  endfacet
  facet normal 0 0 -1
    outer loop
      vertex 12.5485 0.729552 0
      vertex -12.5485 0.729552 0
      vertex 12.6243 0.813172 0
    endloop
  endfacet
  facet normal 0 0 -1
    outer loop
      vertex -12.6243 0.813172 0
      vertex 12.6243 0.813172 0
      vertex -12.5485 0.729552 0
    endloop
  endfacet
  facet normal 0 0 -1
    outer loop
      vertex 12.6243 0.813172 0
      vertex -12.6243 0.813172 0
      vertex 12.7079 0.888962 0
    endloop
  endfacet
  facet normal 0 0 -1
    outer loop
      vertex -12.293 0.11272 0
      vertex -10.5625 -2.1875 0
      vertex -12.2875 0 0
    endloop
  endfacet
  facet normal 0 0 -1
    outer loop
      vertex -12.3096 0.224354 0
      vertex -10.5625 -2.1875 0
      vertex -12.293 0.11272 0
    endloop
  endfacet
  facet normal 0 0 -1
    outer loop
      vertex -12.337 0.333827 0
      vertex -10.5625 -2.1875 0
      vertex -12.3096 0.224354 0
    endloop
  endfacet
  facet normal 0 0 -1
    outer loop
      vertex -12.375 0.440085 0
      vertex -10.5625 -2.1875 0
      vertex -12.337 0.333827 0
    endloop
  endfacet
  facet normal 0 0 -1
    outer loop
      vertex -12.4233 0.542106 0
      vertex -10.5625 -2.1875 0
      vertex -12.375 0.440085 0
    endloop
  endfacet
  facet normal 0 0 -1
    outer loop
      vertex -12.7079 0.888962 0
      vertex 12.7079 0.888962 0
      vertex -12.6243 0.813172 0
    endloop
  endfacet
  facet normal 0 0 -1
    outer loop
      vertex 12.7079 0.888962 0
      vertex -12.7079 0.888962 0
      vertex 12.7986 0.956189 0
    endloop
  endfacet
  facet normal 0 0 -1
    outer loop
      vertex -12.7986 0.956189 0
      vertex 12.7986 0.956189 0
      vertex -12.7079 0.888962 0
    endloop
  endfacet
  facet normal 0 0 -1
    outer loop
      vertex 12.7986 0.956189 0
      vertex -12.7986 0.956189 0
      vertex 12.8954 1.01421 0
    endloop
  endfacet
  facet normal 0 0 -1
    outer loop
      vertex -12.8954 1.01421 0
      vertex 12.8954 1.01421 0
      vertex -12.7986 0.956189 0
    endloop
  endfacet
  facet normal 0 0 -1
    outer loop
      vertex 12.8954 1.01421 0
      vertex -12.8954 1.01421 0
      vertex 12.9974 1.06246 0
    endloop
  endfacet
  facet normal 0 0 -1
    outer loop
      vertex -12.9974 1.06246 0
      vertex 12.9974 1.06246 0
      vertex -12.8954 1.01421 0
    endloop
  endfacet
  facet normal 0 0 -1
    outer loop
      vertex -13.1037 1.10048 0
      vertex 12.9974 1.06246 0
      vertex -12.9974 1.06246 0
    endloop
  endfacet
  facet normal 0 0 -1
    outer loop
      vertex 13.1037 1.10048 0
      vertex -13.1037 1.10048 0
      vertex 15.9375 2.1875 0
    endloop
  endfacet
  facet normal 0 0 -1
    outer loop
      vertex -15.9375 2.1875 0
      vertex -13.1037 1.10048 0
      vertex -13.2131 1.1279 0
    endloop
  endfacet
  facet normal 0 0 -1
    outer loop
      vertex -15.9375 2.1875 0
      vertex -13.2131 1.1279 0
      vertex -13.3248 1.14446 0
    endloop
  endfacet
  facet normal 0 0 -1
    outer loop
      vertex -15.9375 2.1875 0
      vertex -13.3248 1.14446 0
      vertex -13.4375 1.15 0
    endloop
  endfacet
  facet normal 0 0 -1
    outer loop
      vertex -15.9375 2.1875 0
      vertex -14.5875 0 0
      vertex -15.9375 -2.1875 0
    endloop
  endfacet
  facet normal 0 0 -1
    outer loop
      vertex -14.5875 0 0
      vertex -15.9375 2.1875 0
      vertex -14.582 0.11272 0
    endloop
  endfacet
  facet normal 0 0 -1
    outer loop
      vertex -14.582 0.11272 0
      vertex -15.9375 2.1875 0
      vertex -14.5654 0.224354 0
    endloop
  endfacet
  facet normal 0 0 -1
    outer loop
      vertex -14.5654 0.224354 0
      vertex -15.9375 2.1875 0
      vertex -14.538 0.333827 0
    endloop
  endfacet
  facet normal 0 0 -1
    outer loop
      vertex -14.538 0.333827 0
      vertex -15.9375 2.1875 0
      vertex -14.5 0.440085 0
    endloop
  endfacet
  facet normal 0 0 -1
    outer loop
      vertex -13.1037 1.10048 0
      vertex -15.9375 2.1875 0
      vertex 15.9375 2.1875 0
    endloop
  endfacet
  facet normal 0 0 -1
    outer loop
      vertex -13.5502 1.14446 0
      vertex -15.9375 2.1875 0
      vertex -13.4375 1.15 0
    endloop
  endfacet
  facet normal 0 0 -1
    outer loop
      vertex -13.6619 1.1279 0
      vertex -15.9375 2.1875 0
      vertex -13.5502 1.14446 0
    endloop
  endfacet
  facet normal 0 0 -1
    outer loop
      vertex -13.7713 1.10048 0
      vertex -15.9375 2.1875 0
      vertex -13.6619 1.1279 0
    endloop
  endfacet
  facet normal 0 0 -1
    outer loop
      vertex -13.8776 1.06246 0
      vertex -15.9375 2.1875 0
      vertex -13.7713 1.10048 0
    endloop
  endfacet
  facet normal 0 0 -1
    outer loop
      vertex -13.9796 1.01421 0
      vertex -15.9375 2.1875 0
      vertex -13.8776 1.06246 0
    endloop
  endfacet
  facet normal 0 0 -1
    outer loop
      vertex -14.0764 0.956189 0
      vertex -15.9375 2.1875 0
      vertex -13.9796 1.01421 0
    endloop
  endfacet
  facet normal 0 0 -1
    outer loop
      vertex -14.1671 0.888962 0
      vertex -15.9375 2.1875 0
      vertex -14.0764 0.956189 0
    endloop
  endfacet
  facet normal 0 0 -1
    outer loop
      vertex -14.2507 0.813172 0
      vertex -15.9375 2.1875 0
      vertex -14.1671 0.888962 0
    endloop
  endfacet
  facet normal 0 0 -1
    outer loop
      vertex -14.3265 0.729552 0
      vertex -15.9375 2.1875 0
      vertex -14.2507 0.813172 0
    endloop
  endfacet
  facet normal 0 0 -1
    outer loop
      vertex -14.3937 0.638906 0
      vertex -15.9375 2.1875 0
      vertex -14.3265 0.729552 0
    endloop
  endfacet
  facet normal 0 0 -1
    outer loop
      vertex -14.4517 0.542106 0
      vertex -15.9375 2.1875 0
      vertex -14.3937 0.638906 0
    endloop
  endfacet
  facet normal 0 0 -1
    outer loop
      vertex -14.5 0.440085 0
      vertex -15.9375 2.1875 0
      vertex -14.4517 0.542106 0
    endloop
  endfacet
  facet normal 1 0 0
    outer loop
      vertex -10.9375 2.1875 25
      vertex -10.9375 -1.1875 2.7
      vertex -10.9375 2.1875 2.7
    endloop
  endfacet
  facet normal 1 -0 0
    outer loop
      vertex -10.9375 -2.1875 25
      vertex -10.9375 -1.1875 2.7
      vertex -10.9375 2.1875 25
    endloop
  endfacet
  facet normal 1 0 0
    outer loop
      vertex -10.9375 -1.1875 2.7
      vertex -10.9375 -2.1875 25
      vertex -10.9375 -2.1875 2.7
    endloop
  endfacet
  facet normal 0 -1 0
    outer loop
      vertex 10.9375 -2.1875 2.7
      vertex 15.9375 -2.1875 25
      vertex 10.9375 -2.1875 25
    endloop
  endfacet
  facet normal 0 -1 0
    outer loop
      vertex 15.9375 -2.1875 0
      vertex 10.9375 -2.1875 2.7
      vertex 10.9375 -2.1875 0
    endloop
  endfacet
  facet normal 0 -1 0
    outer loop
      vertex 10.9375 -2.1875 2.7
      vertex 15.9375 -2.1875 0
      vertex 15.9375 -2.1875 25
    endloop
  endfacet
  facet normal 0 -1 0
    outer loop
      vertex -15.9375 -2.1875 25
      vertex -10.9375 -2.1875 2.7
      vertex -10.9375 -2.1875 25
    endloop
  endfacet
  facet normal 0 -1 0
    outer loop
      vertex -15.9375 -2.1875 0
      vertex -10.9375 -2.1875 2.7
      vertex -15.9375 -2.1875 25
    endloop
  endfacet
  facet normal 0 -1 0
    outer loop
      vertex -10.5625 -2.1875 0
      vertex -10.9375 -2.1875 2.7
      vertex -15.9375 -2.1875 0
    endloop
  endfacet
  facet normal 0 -1 0
    outer loop
      vertex -10.9375 -2.1875 2.7
      vertex -10.5625 -2.1875 0
      vertex -10.5625 -2.1875 2.7
    endloop
  endfacet
  facet normal -0 0 1
    outer loop
      vertex -15.9375 2.1875 25
      vertex -10.9375 -2.1875 25
      vertex -10.9375 2.1875 25
    endloop
  endfacet
  facet normal 0 0 1
    outer loop
      vertex -10.9375 -2.1875 25
      vertex -15.9375 2.1875 25
      vertex -15.9375 -2.1875 25
    endloop
  endfacet
  facet normal -1 0 0
    outer loop
      vertex -15.9375 -2.1875 0
      vertex -15.9375 2.1875 25
      vertex -15.9375 2.1875 0
    endloop
  endfacet
  facet normal -1 -0 0
    outer loop
      vertex -15.9375 2.1875 25
      vertex -15.9375 -2.1875 0
      vertex -15.9375 -2.1875 25
    endloop
  endfacet
  facet normal 0 1 0
    outer loop
      vertex 15.9375 2.1875 25
      vertex 10.9375 2.1875 2.7
      vertex 10.9375 2.1875 25
    endloop
  endfacet
  facet normal 0 1 0
    outer loop
      vertex 10.9375 2.1875 2.7
      vertex 15.9375 2.1875 0
      vertex -10.9375 2.1875 2.7
    endloop
  endfacet
  facet normal 0 1 -0
    outer loop
      vertex 15.9375 2.1875 0
      vertex 10.9375 2.1875 2.7
      vertex 15.9375 2.1875 25
    endloop
  endfacet
  facet normal 0 1 -0
    outer loop
      vertex -10.9375 2.1875 2.7
      vertex -15.9375 2.1875 25
      vertex -10.9375 2.1875 25
    endloop
  endfacet
  facet normal 0 1 0
    outer loop
      vertex -10.9375 2.1875 2.7
      vertex -15.9375 2.1875 0
      vertex -15.9375 2.1875 25
    endloop
  endfacet
  facet normal 0 1 0
    outer loop
      vertex -15.9375 2.1875 0
      vertex -10.9375 2.1875 2.7
      vertex 15.9375 2.1875 0
    endloop
  endfacet
  facet normal 1 -0 0
    outer loop
      vertex 15.9375 -2.1875 25
      vertex 15.9375 2.1875 0
      vertex 15.9375 2.1875 25
    endloop
  endfacet
  facet normal 1 0 0
    outer loop
      vertex 15.9375 2.1875 0
      vertex 15.9375 -2.1875 25
      vertex 15.9375 -2.1875 0
    endloop
  endfacet
  facet normal -0 0 1
    outer loop
      vertex 10.9375 2.1875 25
      vertex 15.9375 -2.1875 25
      vertex 15.9375 2.1875 25
    endloop
  endfacet
  facet normal 0 0 1
    outer loop
      vertex 15.9375 -2.1875 25
      vertex 10.9375 2.1875 25
      vertex 10.9375 -2.1875 25
    endloop
  endfacet
  facet normal -1 0 0
    outer loop
      vertex 10.9375 -1.1875 2.7
      vertex 10.9375 2.1875 25
      vertex 10.9375 2.1875 2.7
    endloop
  endfacet
  facet normal -1 0 0
    outer loop
      vertex 10.9375 -2.1875 25
      vertex 10.9375 -1.1875 2.7
      vertex 10.9375 -2.1875 2.7
    endloop
  endfacet
  facet normal -1 0 0
    outer loop
      vertex 10.9375 -1.1875 2.7
      vertex 10.9375 -2.1875 25
      vertex 10.9375 2.1875 25
    endloop
  endfacet
  facet normal 0 0 1
    outer loop
      vertex -2.0092 -13.3229 2.7
      vertex 0.0467987 -11.7269 2.7
      vertex -1.41182 -11.7269 2.7
    endloop
  endfacet
  facet normal 0 0 1
    outer loop
      vertex 0.0467987 -11.7269 2.7
      vertex -1.99487 -13.3799 2.7
      vertex -0.990723 -14.4187 2.7
    endloop
  endfacet
  facet normal 0 0 1
    outer loop
      vertex -0.990723 -14.4187 2.7
      vertex -1.97646 -13.564 2.7
      vertex -1.97978 -13.6597 2.7
    endloop
  endfacet
  facet normal 0 0 1
    outer loop
      vertex -0.990723 -14.4187 2.7
      vertex -1.97978 -13.6597 2.7
      vertex -1.98976 -13.7502 2.7
    endloop
  endfacet
  facet normal -0 0 1
    outer loop
      vertex -2.00641 -13.8357 2.7
      vertex -0.990723 -14.4187 2.7
      vertex -1.98976 -13.7502 2.7
    endloop
  endfacet
  facet normal -0 0 1
    outer loop
      vertex -2.02969 -13.9161 2.7
      vertex -0.990723 -14.4187 2.7
      vertex -2.00641 -13.8357 2.7
    endloop
  endfacet
  facet normal -0 0 1
    outer loop
      vertex -2.05965 -13.9915 2.7
      vertex -0.990723 -14.4187 2.7
      vertex -2.02969 -13.9161 2.7
    endloop
  endfacet
  facet normal -0 0 1
    outer loop
      vertex -2.09625 -14.0618 2.7
      vertex -0.990723 -14.4187 2.7
      vertex -2.05965 -13.9915 2.7
    endloop
  endfacet
  facet normal -0 0 1
    outer loop
      vertex -2.13951 -14.1269 2.7
      vertex -0.990723 -14.4187 2.7
      vertex -2.09625 -14.0618 2.7
    endloop
  endfacet
  facet normal -0 0 1
    outer loop
      vertex -2.18944 -14.187 2.7
      vertex -0.990723 -14.4187 2.7
      vertex -2.13951 -14.1269 2.7
    endloop
  endfacet
  facet normal -0 0 1
    outer loop
      vertex -2.246 -14.2421 2.7
      vertex -0.990723 -14.4187 2.7
      vertex -2.18944 -14.187 2.7
    endloop
  endfacet
  facet normal -0 0 1
    outer loop
      vertex -2.30878 -14.2916 2.7
      vertex -0.990723 -14.4187 2.7
      vertex -2.246 -14.2421 2.7
    endloop
  endfacet
  facet normal -0 0 1
    outer loop
      vertex -2.3773 -14.3354 2.7
      vertex -0.990723 -14.4187 2.7
      vertex -2.30878 -14.2916 2.7
    endloop
  endfacet
  facet normal -0 0 1
    outer loop
      vertex -2.45158 -14.3733 2.7
      vertex -0.990723 -14.4187 2.7
      vertex -2.3773 -14.3354 2.7
    endloop
  endfacet
  facet normal -0 0 1
    outer loop
      vertex -2.53162 -14.4054 2.7
      vertex -0.990723 -14.4187 2.7
      vertex -2.45158 -14.3733 2.7
    endloop
  endfacet
  facet normal 0 0 1
    outer loop
      vertex -0.990723 -14.4187 2.7
      vertex -2.53162 -14.4054 2.7
      vertex -2.70195 -18.8072 2.7
    endloop
  endfacet
  facet normal 0 0 1
    outer loop
      vertex -2.70195 -18.8072 2.7
      vertex -2.53162 -14.4054 2.7
      vertex -2.6174 -14.4316 2.7
    endloop
  endfacet
  facet normal 0 0 1
    outer loop
      vertex -0.990723 -14.4187 2.7
      vertex -2.70195 -18.8072 2.7
      vertex -1.00725 -20.0641 2.7
    endloop
  endfacet
  facet normal 0 0 1
    outer loop
      vertex -4.26529 -17.3903 2.7
      vertex -2.6174 -14.4316 2.7
      vertex -2.70894 -14.452 2.7
    endloop
  endfacet
  facet normal 0 0 1
    outer loop
      vertex -4.26529 -17.3903 2.7
      vertex -2.70894 -14.452 2.7
      vertex -2.80623 -14.4666 2.7
    endloop
  endfacet
  facet normal 0 0 1
    outer loop
      vertex -4.26529 -17.3903 2.7
      vertex -2.80623 -14.4666 2.7
      vertex -2.90926 -14.4753 2.7
    endloop
  endfacet
  facet normal 0 0 1
    outer loop
      vertex -4.26529 -17.3903 2.7
      vertex -2.90926 -14.4753 2.7
      vertex -3.01805 -14.4783 2.7
    endloop
  endfacet
  facet normal 0 0 1
    outer loop
      vertex -4.26529 -17.3903 2.7
      vertex -3.01805 -14.4783 2.7
      vertex -3.12685 -14.4753 2.7
    endloop
  endfacet
  facet normal 0 0 1
    outer loop
      vertex -4.26529 -17.3903 2.7
      vertex -3.12685 -14.4753 2.7
      vertex -3.22989 -14.4666 2.7
    endloop
  endfacet
  facet normal 0 0 1
    outer loop
      vertex -4.26529 -17.3903 2.7
      vertex -3.22989 -14.4666 2.7
      vertex -3.32716 -14.452 2.7
    endloop
  endfacet
  facet normal 0 0 1
    outer loop
      vertex -4.26529 -17.3903 2.7
      vertex -3.32716 -14.452 2.7
      vertex -3.4187 -14.4316 2.7
    endloop
  endfacet
  facet normal 0 0 1
    outer loop
      vertex -4.26529 -17.3903 2.7
      vertex -3.4187 -14.4316 2.7
      vertex -3.50449 -14.4054 2.7
    endloop
  endfacet
  facet normal 0 0 1
    outer loop
      vertex -4.26529 -17.3903 2.7
      vertex -3.50449 -14.4054 2.7
      vertex -3.58452 -14.3733 2.7
    endloop
  endfacet
  facet normal 0 0 1
    outer loop
      vertex -5.68222 -15.827 2.7
      vertex -3.58452 -14.3733 2.7
      vertex -3.6588 -14.3354 2.7
    endloop
  endfacet
  facet normal 0 0 1
    outer loop
      vertex -5.68222 -15.827 2.7
      vertex -3.6588 -14.3354 2.7
      vertex -3.72733 -14.2916 2.7
    endloop
  endfacet
  facet normal 0 0 1
    outer loop
      vertex -5.68222 -15.827 2.7
      vertex -3.72733 -14.2916 2.7
      vertex -3.7901 -14.2421 2.7
    endloop
  endfacet
  facet normal 0 0 1
    outer loop
      vertex -5.68222 -15.827 2.7
      vertex -3.7901 -14.2421 2.7
      vertex -3.84668 -14.187 2.7
    endloop
  endfacet
  facet normal 0 0 1
    outer loop
      vertex -5.68222 -15.827 2.7
      vertex -3.84668 -14.187 2.7
      vertex -3.89659 -14.1269 2.7
    endloop
  endfacet
  facet normal 0 0 1
    outer loop
      vertex -5.68222 -15.827 2.7
      vertex -3.89659 -14.1269 2.7
      vertex -3.93985 -14.0618 2.7
    endloop
  endfacet
  facet normal 0 0 1
    outer loop
      vertex -5.68222 -15.827 2.7
      vertex -3.93985 -14.0618 2.7
      vertex -3.97646 -13.9915 2.7
    endloop
  endfacet
  facet normal 0 0 1
    outer loop
      vertex -5.68222 -15.827 2.7
      vertex -3.97646 -13.9915 2.7
      vertex -4.00641 -13.9161 2.7
    endloop
  endfacet
  facet normal 0 0 1
    outer loop
      vertex -6.93909 -14.1322 2.7
      vertex -4.00641 -13.9161 2.7
      vertex -4.02971 -13.8357 2.7
    endloop
  endfacet
  facet normal 0 0 1
    outer loop
      vertex -2.6174 -14.4316 2.7
      vertex -4.26529 -17.3903 2.7
      vertex -2.70195 -18.8072 2.7
    endloop
  endfacet
  facet normal 0 0 1
    outer loop
      vertex -6.93909 -14.1322 2.7
      vertex -4.02971 -13.8357 2.7
      vertex -4.04634 -13.7502 2.7
    endloop
  endfacet
  facet normal 0 0 1
    outer loop
      vertex -6.93909 -14.1322 2.7
      vertex -4.04634 -13.7502 2.7
      vertex -4.05632 -13.6597 2.7
    endloop
  endfacet
  facet normal 0 0 1
    outer loop
      vertex -6.93909 -14.1322 2.7
      vertex -4.05632 -13.6597 2.7
      vertex -4.05965 -13.564 2.7
    endloop
  endfacet
  facet normal -0 0 1
    outer loop
      vertex 10.9365 -1.2071 2.7
      vertex 10.9375 -2.1875 2.7
      vertex 10.9375 -1.1875 2.7
    endloop
  endfacet
  facet normal -0 0 1
    outer loop
      vertex 10.9337 -1.22652 2.7
      vertex 10.9375 -2.1875 2.7
      vertex 10.9365 -1.2071 2.7
    endloop
  endfacet
  facet normal -0 0 1
    outer loop
      vertex 10.9289 -1.24556 2.7
      vertex 10.9375 -2.1875 2.7
      vertex 10.9337 -1.22652 2.7
    endloop
  endfacet
  facet normal -0 0 1
    outer loop
      vertex 10.9223 -1.26404 2.7
      vertex 10.9375 -2.1875 2.7
      vertex 10.9289 -1.24556 2.7
    endloop
  endfacet
  facet normal -0 0 1
    outer loop
      vertex 10.9139 -1.28178 2.7
      vertex 10.9375 -2.1875 2.7
      vertex 10.9223 -1.26404 2.7
    endloop
  endfacet
  facet normal -0 0 1
    outer loop
      vertex 10.9038 -1.29861 2.7
      vertex 10.9375 -2.1875 2.7
      vertex 10.9139 -1.28178 2.7
    endloop
  endfacet
  facet normal -0 0 1
    outer loop
      vertex 10.8921 -1.31438 2.7
      vertex 10.9375 -2.1875 2.7
      vertex 10.9038 -1.29861 2.7
    endloop
  endfacet
  facet normal -0 0 1
    outer loop
      vertex 10.8789 -1.32892 2.7
      vertex 10.9375 -2.1875 2.7
      vertex 10.8921 -1.31438 2.7
    endloop
  endfacet
  facet normal -0 0 1
    outer loop
      vertex 10.8644 -1.3421 2.7
      vertex 10.9375 -2.1875 2.7
      vertex 10.8789 -1.32892 2.7
    endloop
  endfacet
  facet normal -0 0 1
    outer loop
      vertex 10.8486 -1.35379 2.7
      vertex 10.9375 -2.1875 2.7
      vertex 10.8644 -1.3421 2.7
    endloop
  endfacet
  facet normal -0 0 1
    outer loop
      vertex 10.8318 -1.36388 2.7
      vertex 10.9375 -2.1875 2.7
      vertex 10.8486 -1.35379 2.7
    endloop
  endfacet
  facet normal -0 0 1
    outer loop
      vertex 10.814 -1.37228 2.7
      vertex 10.9375 -2.1875 2.7
      vertex 10.8318 -1.36388 2.7
    endloop
  endfacet
  facet normal -0 0 1
    outer loop
      vertex 10.7956 -1.37889 2.7
      vertex 10.9375 -2.1875 2.7
      vertex 10.814 -1.37228 2.7
    endloop
  endfacet
  facet normal -0 0 1
    outer loop
      vertex 10.7765 -1.38366 2.7
      vertex 10.9375 -2.1875 2.7
      vertex 10.7956 -1.37889 2.7
    endloop
  endfacet
  facet normal -0 0 1
    outer loop
      vertex 10.7571 -1.38654 2.7
      vertex 10.9375 -2.1875 2.7
      vertex 10.7765 -1.38366 2.7
    endloop
  endfacet
  facet normal -0 0 1
    outer loop
      vertex 10.7375 -1.3875 2.7
      vertex 10.9375 -2.1875 2.7
      vertex 10.7571 -1.38654 2.7
    endloop
  endfacet
  facet normal 0 0 1
    outer loop
      vertex 10.9375 -2.1875 2.7
      vertex 10.7375 -1.3875 2.7
      vertex 4.19148 -11.3813 2.7
    endloop
  endfacet
  facet normal 0 0 1
    outer loop
      vertex 10.9375 -2.1875 2.7
      vertex 4.41158 -13.3409 2.7
      vertex 10.9375 -23.6875 2.7
    endloop
  endfacet
  facet normal -0 0 1
    outer loop
      vertex 4.41148 -13.5506 2.7
      vertex 10.9375 -23.6875 2.7
      vertex 4.41525 -13.4443 2.7
    endloop
  endfacet
  facet normal -0 0 1
    outer loop
      vertex 4.38133 -13.747 2.7
      vertex 10.9375 -23.6875 2.7
      vertex 4.40018 -13.6515 2.7
    endloop
  endfacet
  facet normal -0 0 1
    outer loop
      vertex 4.40018 -13.6515 2.7
      vertex 10.9375 -23.6875 2.7
      vertex 4.41148 -13.5506 2.7
    endloop
  endfacet
  facet normal 0 0 1
    outer loop
      vertex 10.9375 -23.6875 2.7
      vertex 4.41158 -13.3409 2.7
      vertex 4.41525 -13.4443 2.7
    endloop
  endfacet
  facet normal 0 0 1
    outer loop
      vertex 10.9375 -2.1875 2.7
      vertex 4.40057 -13.2424 2.7
      vertex 4.41158 -13.3409 2.7
    endloop
  endfacet
  facet normal 0 0 1
    outer loop
      vertex 10.9375 -2.1875 2.7
      vertex 4.38225 -13.1488 2.7
      vertex 4.40057 -13.2424 2.7
    endloop
  endfacet
  facet normal 0 0 1
    outer loop
      vertex 10.9375 -2.1875 2.7
      vertex 4.19148 -11.3813 2.7
      vertex 4.38225 -13.1488 2.7
    endloop
  endfacet
  facet normal -0 0 1
    outer loop
      vertex 4.19148 -11.7269 2.7
      vertex 4.38225 -13.1488 2.7
      vertex 4.19148 -11.3813 2.7
    endloop
  endfacet
  facet normal 0 0 1
    outer loop
      vertex 4.38225 -13.1488 2.7
      vertex 4.19148 -11.7269 2.7
      vertex 4.35657 -13.06 2.7
    endloop
  endfacet
  facet normal 0 0 1
    outer loop
      vertex 4.32356 -12.9761 2.7
      vertex 4.19148 -11.7269 2.7
      vertex 4.28323 -12.8971 2.7
    endloop
  endfacet
  facet normal 0 0 1
    outer loop
      vertex 4.35657 -13.06 2.7
      vertex 4.19148 -11.7269 2.7
      vertex 4.32356 -12.9761 2.7
    endloop
  endfacet
  facet normal 0 0 1
    outer loop
      vertex 10.7375 -1.3875 2.7
      vertex 2.57823 -11.3813 2.7
      vertex 4.19148 -11.3813 2.7
    endloop
  endfacet
  facet normal -0 0 1
    outer loop
      vertex 0.541153 -11.5563 2.7
      vertex 2.57823 -12.9058 2.7
      vertex 2.57823 -11.3813 2.7
    endloop
  endfacet
  facet normal 0 0 1
    outer loop
      vertex 2.57823 -12.9058 2.7
      vertex 2.53201 -13.9768 2.7
      vertex 2.57346 -13.9958 2.7
    endloop
  endfacet
  facet normal 0 0 1
    outer loop
      vertex 2.57823 -12.9058 2.7
      vertex 2.49088 -13.9565 2.7
      vertex 2.53201 -13.9768 2.7
    endloop
  endfacet
  facet normal 0 0 1
    outer loop
      vertex 2.57823 -12.9058 2.7
      vertex 2.45004 -13.9349 2.7
      vertex 2.49088 -13.9565 2.7
    endloop
  endfacet
  facet normal 0 0 1
    outer loop
      vertex 2.45004 -13.9349 2.7
      vertex 1.70996 -13.9023 2.7
      vertex 2.45004 -14.3477 2.7
    endloop
  endfacet
  facet normal 0 0 1
    outer loop
      vertex 2.57823 -12.9058 2.7
      vertex 1.70996 -13.9023 2.7
      vertex 2.45004 -13.9349 2.7
    endloop
  endfacet
  facet normal 0 -0 1
    outer loop
      vertex 1.28072 -13.9023 2.7
      vertex 2.57823 -12.9058 2.7
      vertex 0.541153 -11.5563 2.7
    endloop
  endfacet
  facet normal 0 0 1
    outer loop
      vertex -0.561478 -14.4187 2.7
      vertex 1.28072 -14.4187 2.7
      vertex 1.28072 -13.9023 2.7
    endloop
  endfacet
  facet normal 0 0 1
    outer loop
      vertex 2.57823 -12.9058 2.7
      vertex 1.28072 -13.9023 2.7
      vertex 1.70996 -13.9023 2.7
    endloop
  endfacet
  facet normal 0 0 1
    outer loop
      vertex 0.541153 -11.5563 2.7
      vertex 2.57823 -11.3813 2.7
      vertex 0.541153 -11.3813 2.7
    endloop
  endfacet
  facet normal 0 0 1
    outer loop
      vertex 10.7375 -1.3875 2.7
      vertex 0.541153 -11.3813 2.7
      vertex 2.57823 -11.3813 2.7
    endloop
  endfacet
  facet normal -0 0 1
    outer loop
      vertex -10.5625 -2.1875 2.7
      vertex 0.541153 -11.3813 2.7
      vertex 10.7375 -1.3875 2.7
    endloop
  endfacet
  facet normal 0 0 1
    outer loop
      vertex -2.1274 -11.7554 2.7
      vertex -1.41182 -11.7269 2.7
      vertex -1.41182 -11.3813 2.7
    endloop
  endfacet
  facet normal 0 0 1
    outer loop
      vertex -0.990723 -14.4187 2.7
      vertex -1.9785 -13.5004 2.7
      vertex -1.97646 -13.564 2.7
    endloop
  endfacet
  facet normal 0 0 1
    outer loop
      vertex -0.990723 -14.4187 2.7
      vertex -1.98463 -13.439 2.7
      vertex -1.9785 -13.5004 2.7
    endloop
  endfacet
  facet normal 0 0 1
    outer loop
      vertex -0.990723 -14.4187 2.7
      vertex -1.99487 -13.3799 2.7
      vertex -1.98463 -13.439 2.7
    endloop
  endfacet
  facet normal 0 0 1
    outer loop
      vertex 0.0467987 -11.7269 2.7
      vertex -2.0092 -13.3229 2.7
      vertex -1.99487 -13.3799 2.7
    endloop
  endfacet
  facet normal 0 0 1
    outer loop
      vertex -1.41182 -11.7269 2.7
      vertex -2.02763 -13.2681 2.7
      vertex -2.0092 -13.3229 2.7
    endloop
  endfacet
  facet normal 0 0 1
    outer loop
      vertex -1.41182 -11.7269 2.7
      vertex -2.04764 -12.1129 2.7
      vertex -2.04947 -12.1698 2.7
    endloop
  endfacet
  facet normal 0 0 1
    outer loop
      vertex -1.41182 -11.7269 2.7
      vertex -2.05083 -12.0338 2.7
      vertex -2.04764 -12.1129 2.7
    endloop
  endfacet
  facet normal 0 0 1
    outer loop
      vertex -1.41182 -11.7269 2.7
      vertex -2.06041 -11.9586 2.7
      vertex -2.05083 -12.0338 2.7
    endloop
  endfacet
  facet normal 0 0 1
    outer loop
      vertex -1.41182 -11.7269 2.7
      vertex -2.07635 -11.8871 2.7
      vertex -2.06041 -11.9586 2.7
    endloop
  endfacet
  facet normal 0 0 1
    outer loop
      vertex 0.541153 -11.3813 2.7
      vertex -10.5625 -2.1875 2.7
      vertex -1.41182 -11.3813 2.7
    endloop
  endfacet
  facet normal 0 0 1
    outer loop
      vertex -1.41182 -11.7269 2.7
      vertex -2.09868 -11.8194 2.7
      vertex -2.07635 -11.8871 2.7
    endloop
  endfacet
  facet normal 0 0 1
    outer loop
      vertex -1.41182 -11.7269 2.7
      vertex -2.1274 -11.7554 2.7
      vertex -2.09868 -11.8194 2.7
    endloop
  endfacet
  facet normal 0 0 1
    outer loop
      vertex -1.41182 -11.3813 2.7
      vertex -2.16249 -11.6952 2.7
      vertex -2.1274 -11.7554 2.7
    endloop
  endfacet
  facet normal 0 0 1
    outer loop
      vertex -1.41182 -11.3813 2.7
      vertex -2.20395 -11.6388 2.7
      vertex -2.16249 -11.6952 2.7
    endloop
  endfacet
  facet normal 0 0 1
    outer loop
      vertex -1.41182 -11.3813 2.7
      vertex -2.2518 -11.5861 2.7
      vertex -2.20395 -11.6388 2.7
    endloop
  endfacet
  facet normal 0 0 1
    outer loop
      vertex -1.41182 -11.3813 2.7
      vertex -2.30603 -11.5372 2.7
      vertex -2.2518 -11.5861 2.7
    endloop
  endfacet
  facet normal 0 0 1
    outer loop
      vertex -1.41182 -11.3813 2.7
      vertex -2.36586 -11.4928 2.7
      vertex -2.30603 -11.5372 2.7
    endloop
  endfacet
  facet normal 0 0 1
    outer loop
      vertex -1.41182 -11.3813 2.7
      vertex -2.43051 -11.4536 2.7
      vertex -2.36586 -11.4928 2.7
    endloop
  endfacet
  facet normal 0 0 1
    outer loop
      vertex -1.41182 -11.3813 2.7
      vertex -2.49997 -11.4197 2.7
      vertex -2.43051 -11.4536 2.7
    endloop
  endfacet
  facet normal 0 0 1
    outer loop
      vertex -1.41182 -11.3813 2.7
      vertex -2.57426 -11.3909 2.7
      vertex -2.49997 -11.4197 2.7
    endloop
  endfacet
  facet normal 0 0 1
    outer loop
      vertex -1.41182 -11.3813 2.7
      vertex -2.65338 -11.3674 2.7
      vertex -2.57426 -11.3909 2.7
    endloop
  endfacet
  facet normal -0 -0 1
    outer loop
      vertex -2.82607 -11.3361 2.7
      vertex -1.41182 -11.3813 2.7
      vertex -10.5625 -2.1875 2.7
    endloop
  endfacet
  facet normal 0 0 1
    outer loop
      vertex -1.41182 -11.3813 2.7
      vertex -2.73732 -11.3492 2.7
      vertex -2.65338 -11.3674 2.7
    endloop
  endfacet
  facet normal 0 0 1
    outer loop
      vertex -1.41182 -11.3813 2.7
      vertex -2.82607 -11.3361 2.7
      vertex -2.73732 -11.3492 2.7
    endloop
  endfacet
  facet normal -0 -0 1
    outer loop
      vertex -10.459 -4.29486 2.7
      vertex -2.82607 -11.3361 2.7
      vertex -10.5625 -2.1875 2.7
    endloop
  endfacet
  facet normal 0 0 1
    outer loop
      vertex -2.82607 -11.3361 2.7
      vertex -10.459 -4.29486 2.7
      vertex -2.91965 -11.3282 2.7
    endloop
  endfacet
  facet normal 0 0 1
    outer loop
      vertex -2.91965 -11.3282 2.7
      vertex -10.459 -4.29486 2.7
      vertex -3.01805 -11.3256 2.7
    endloop
  endfacet
  facet normal 0 0 1
    outer loop
      vertex -3.01805 -11.3256 2.7
      vertex -10.459 -4.29486 2.7
      vertex -3.11604 -11.3282 2.7
    endloop
  endfacet
  facet normal -0 -0 1
    outer loop
      vertex -10.1494 -6.38193 2.7
      vertex -3.11604 -11.3282 2.7
      vertex -10.459 -4.29486 2.7
    endloop
  endfacet
  facet normal 0 0 1
    outer loop
      vertex -3.11604 -11.3282 2.7
      vertex -10.1494 -6.38193 2.7
      vertex -3.20929 -11.3361 2.7
    endloop
  endfacet
  facet normal 0 0 1
    outer loop
      vertex -3.20929 -11.3361 2.7
      vertex -10.1494 -6.38193 2.7
      vertex -3.29779 -11.3492 2.7
    endloop
  endfacet
  facet normal 0 0 1
    outer loop
      vertex -3.29779 -11.3492 2.7
      vertex -10.1494 -6.38193 2.7
      vertex -3.38155 -11.3674 2.7
    endloop
  endfacet
  facet normal -0 -0 1
    outer loop
      vertex -9.6367 -8.42862 2.7
      vertex -3.38155 -11.3674 2.7
      vertex -10.1494 -6.38193 2.7
    endloop
  endfacet
  facet normal 0 0 1
    outer loop
      vertex -3.97208 -12.2776 2.7
      vertex -4.0267 -13.3229 2.7
      vertex -4.00818 -13.2681 2.7
    endloop
  endfacet
  facet normal 0 0 1
    outer loop
      vertex -3.98665 -12.1698 2.7
      vertex -6.93909 -14.1322 2.7
      vertex -4.0267 -13.3229 2.7
    endloop
  endfacet
  facet normal 0 0 1
    outer loop
      vertex -8.0238 -12.3225 2.7
      vertex -3.98846 -12.1129 2.7
      vertex -3.98526 -12.0338 2.7
    endloop
  endfacet
  facet normal 0 0 1
    outer loop
      vertex -4.0267 -13.3229 2.7
      vertex -6.93909 -14.1322 2.7
      vertex -4.04112 -13.3799 2.7
    endloop
  endfacet
  facet normal 0 0 1
    outer loop
      vertex -4.04112 -13.3799 2.7
      vertex -6.93909 -14.1322 2.7
      vertex -4.05142 -13.439 2.7
    endloop
  endfacet
  facet normal 0 0 1
    outer loop
      vertex -6.93909 -14.1322 2.7
      vertex -4.05965 -13.564 2.7
      vertex -4.0576 -13.5004 2.7
    endloop
  endfacet
  facet normal 0 0 1
    outer loop
      vertex -4.05142 -13.439 2.7
      vertex -6.93909 -14.1322 2.7
      vertex -4.0576 -13.5004 2.7
    endloop
  endfacet
  facet normal 0 0 1
    outer loop
      vertex -3.58452 -14.3733 2.7
      vertex -5.68222 -15.827 2.7
      vertex -4.26529 -17.3903 2.7
    endloop
  endfacet
  facet normal 0 0 1
    outer loop
      vertex -8.0238 -12.3225 2.7
      vertex -3.98526 -12.0338 2.7
      vertex -3.97566 -11.9586 2.7
    endloop
  endfacet
  facet normal 0 0 1
    outer loop
      vertex -8.0238 -12.3225 2.7
      vertex -3.97566 -11.9586 2.7
      vertex -3.95964 -11.8871 2.7
    endloop
  endfacet
  facet normal 0 0 1
    outer loop
      vertex -8.0238 -12.3225 2.7
      vertex -3.95964 -11.8871 2.7
      vertex -3.93723 -11.8194 2.7
    endloop
  endfacet
  facet normal 0 0 1
    outer loop
      vertex -4.00641 -13.9161 2.7
      vertex -6.93909 -14.1322 2.7
      vertex -5.68222 -15.827 2.7
    endloop
  endfacet
  facet normal 0 0 1
    outer loop
      vertex -8.0238 -12.3225 2.7
      vertex -3.93723 -11.8194 2.7
      vertex -3.9084 -11.7554 2.7
    endloop
  endfacet
  facet normal 0 0 1
    outer loop
      vertex -8.0238 -12.3225 2.7
      vertex -3.9084 -11.7554 2.7
      vertex -3.87318 -11.6952 2.7
    endloop
  endfacet
  facet normal 0 0 1
    outer loop
      vertex -8.9259 -10.4152 2.7
      vertex -3.87318 -11.6952 2.7
      vertex -3.83156 -11.6388 2.7
    endloop
  endfacet
  facet normal 0 0 1
    outer loop
      vertex -8.9259 -10.4152 2.7
      vertex -3.83156 -11.6388 2.7
      vertex -3.78352 -11.5861 2.7
    endloop
  endfacet
  facet normal 0 0 1
    outer loop
      vertex -8.9259 -10.4152 2.7
      vertex -3.78352 -11.5861 2.7
      vertex -3.72908 -11.5372 2.7
    endloop
  endfacet
  facet normal 0 0 1
    outer loop
      vertex -3.98665 -12.1698 2.7
      vertex -8.0238 -12.3225 2.7
      vertex -6.93909 -14.1322 2.7
    endloop
  endfacet
  facet normal 0 0 1
    outer loop
      vertex -8.9259 -10.4152 2.7
      vertex -3.72908 -11.5372 2.7
      vertex -3.66907 -11.4928 2.7
    endloop
  endfacet
  facet normal 0 0 1
    outer loop
      vertex -3.38155 -11.3674 2.7
      vertex -9.6367 -8.42862 2.7
      vertex -3.46054 -11.3909 2.7
    endloop
  endfacet
  facet normal 0 0 1
    outer loop
      vertex -3.87318 -11.6952 2.7
      vertex -8.9259 -10.4152 2.7
      vertex -8.0238 -12.3225 2.7
    endloop
  endfacet
  facet normal 0 0 1
    outer loop
      vertex -3.66907 -11.4928 2.7
      vertex -9.6367 -8.42862 2.7
      vertex -8.9259 -10.4152 2.7
    endloop
  endfacet
  facet normal 0 0 1
    outer loop
      vertex -3.60431 -11.4536 2.7
      vertex -9.6367 -8.42862 2.7
      vertex -3.66907 -11.4928 2.7
    endloop
  endfacet
  facet normal 0 0 1
    outer loop
      vertex -3.53481 -11.4197 2.7
      vertex -9.6367 -8.42862 2.7
      vertex -3.60431 -11.4536 2.7
    endloop
  endfacet
  facet normal 0 0 1
    outer loop
      vertex -3.46054 -11.3909 2.7
      vertex -9.6367 -8.42862 2.7
      vertex -3.53481 -11.4197 2.7
    endloop
  endfacet
  facet normal -0 0 1
    outer loop
      vertex -10.7375 -1.3875 2.7
      vertex -10.5625 -2.1875 2.7
      vertex 10.7375 -1.3875 2.7
    endloop
  endfacet
  facet normal 0 0 1
    outer loop
      vertex -10.9375 -2.1875 2.7
      vertex -10.7375 -1.3875 2.7
      vertex -10.7571 -1.38654 2.7
    endloop
  endfacet
  facet normal 0 0 1
    outer loop
      vertex -10.9375 -2.1875 2.7
      vertex -10.7571 -1.38654 2.7
      vertex -10.7765 -1.38366 2.7
    endloop
  endfacet
  facet normal 0 0 1
    outer loop
      vertex -10.9375 -2.1875 2.7
      vertex -10.7765 -1.38366 2.7
      vertex -10.7956 -1.37889 2.7
    endloop
  endfacet
  facet normal 0 0 1
    outer loop
      vertex -10.9375 -2.1875 2.7
      vertex -10.7956 -1.37889 2.7
      vertex -10.814 -1.37228 2.7
    endloop
  endfacet
  facet normal 0 0 1
    outer loop
      vertex -10.9375 -2.1875 2.7
      vertex -10.814 -1.37228 2.7
      vertex -10.8318 -1.36388 2.7
    endloop
  endfacet
  facet normal 0 0 1
    outer loop
      vertex -10.9375 -2.1875 2.7
      vertex -10.8318 -1.36388 2.7
      vertex -10.8486 -1.35379 2.7
    endloop
  endfacet
  facet normal 0 0 1
    outer loop
      vertex -10.9375 -2.1875 2.7
      vertex -10.8486 -1.35379 2.7
      vertex -10.8644 -1.3421 2.7
    endloop
  endfacet
  facet normal 0 0 1
    outer loop
      vertex -10.9375 -2.1875 2.7
      vertex -10.8644 -1.3421 2.7
      vertex -10.8789 -1.32892 2.7
    endloop
  endfacet
  facet normal 0 0 1
    outer loop
      vertex -10.9375 -2.1875 2.7
      vertex -10.8789 -1.32892 2.7
      vertex -10.8921 -1.31438 2.7
    endloop
  endfacet
  facet normal 0 0 1
    outer loop
      vertex -10.9375 -2.1875 2.7
      vertex -10.8921 -1.31438 2.7
      vertex -10.9038 -1.29861 2.7
    endloop
  endfacet
  facet normal 0 0 1
    outer loop
      vertex -10.9375 -2.1875 2.7
      vertex -10.9038 -1.29861 2.7
      vertex -10.9139 -1.28178 2.7
    endloop
  endfacet
  facet normal 0 0 1
    outer loop
      vertex -10.9375 -2.1875 2.7
      vertex -10.9139 -1.28178 2.7
      vertex -10.9223 -1.26404 2.7
    endloop
  endfacet
  facet normal 0 0 1
    outer loop
      vertex -10.7375 -1.3875 2.7
      vertex -10.9375 -2.1875 2.7
      vertex -10.5625 -2.1875 2.7
    endloop
  endfacet
  facet normal 0 0 1
    outer loop
      vertex -10.9289 -1.24556 2.7
      vertex -10.9375 -2.1875 2.7
      vertex -10.9223 -1.26404 2.7
    endloop
  endfacet
  facet normal 0 0 1
    outer loop
      vertex -10.9337 -1.22652 2.7
      vertex -10.9375 -2.1875 2.7
      vertex -10.9289 -1.24556 2.7
    endloop
  endfacet
  facet normal 0 0 1
    outer loop
      vertex -10.9365 -1.2071 2.7
      vertex -10.9375 -2.1875 2.7
      vertex -10.9337 -1.22652 2.7
    endloop
  endfacet
  facet normal 0 0 1
    outer loop
      vertex -10.9375 -2.1875 2.7
      vertex -10.9365 -1.2071 2.7
      vertex -10.9375 -1.1875 2.7
    endloop
  endfacet
  facet normal -0 0 1
    outer loop
      vertex 4.35497 -13.8371 2.7
      vertex 10.9375 -23.6875 2.7
      vertex 4.38133 -13.747 2.7
    endloop
  endfacet
  facet normal -0 0 1
    outer loop
      vertex 4.32106 -13.9218 2.7
      vertex 10.9375 -23.6875 2.7
      vertex 4.35497 -13.8371 2.7
    endloop
  endfacet
  facet normal 0 0 1
    outer loop
      vertex 10.9375 -23.6875 2.7
      vertex 4.32106 -13.9218 2.7
      vertex 8.83014 -23.584 2.7
    endloop
  endfacet
  facet normal -0 0 1
    outer loop
      vertex 4.27962 -14.0011 2.7
      vertex 8.83014 -23.584 2.7
      vertex 4.32106 -13.9218 2.7
    endloop
  endfacet
  facet normal -0 0 1
    outer loop
      vertex 4.23064 -14.075 2.7
      vertex 8.83014 -23.584 2.7
      vertex 4.27962 -14.0011 2.7
    endloop
  endfacet
  facet normal 0 0 1
    outer loop
      vertex 8.83014 -23.584 2.7
      vertex 4.23064 -14.075 2.7
      vertex 6.74307 -23.2744 2.7
    endloop
  endfacet
  facet normal -0 0 1
    outer loop
      vertex 4.17413 -14.1435 2.7
      vertex 6.74307 -23.2744 2.7
      vertex 4.23064 -14.075 2.7
    endloop
  endfacet
  facet normal -0 0 1
    outer loop
      vertex 4.11009 -14.2066 2.7
      vertex 6.74307 -23.2744 2.7
      vertex 4.17413 -14.1435 2.7
    endloop
  endfacet
  facet normal -0 0 1
    outer loop
      vertex 4.03918 -14.2636 2.7
      vertex 6.74307 -23.2744 2.7
      vertex 4.11009 -14.2066 2.7
    endloop
  endfacet
  facet normal 0 0 1
    outer loop
      vertex 6.74307 -23.2744 2.7
      vertex 4.03918 -14.2636 2.7
      vertex 4.69638 -22.7617 2.7
    endloop
  endfacet
  facet normal -0 0 1
    outer loop
      vertex 3.9621 -14.3139 2.7
      vertex 4.69638 -22.7617 2.7
      vertex 4.03918 -14.2636 2.7
    endloop
  endfacet
  facet normal -0 0 1
    outer loop
      vertex 3.87885 -14.3575 2.7
      vertex 4.69638 -22.7617 2.7
      vertex 3.9621 -14.3139 2.7
    endloop
  endfacet
  facet normal -0 0 1
    outer loop
      vertex 3.7894 -14.3944 2.7
      vertex 4.69638 -22.7617 2.7
      vertex 3.87885 -14.3575 2.7
    endloop
  endfacet
  facet normal 0 0 1
    outer loop
      vertex 2.70981 -22.0509 2.7
      vertex 3.7894 -14.3944 2.7
      vertex 3.69379 -14.4246 2.7
    endloop
  endfacet
  facet normal 0 0 1
    outer loop
      vertex 2.70981 -22.0509 2.7
      vertex 3.69379 -14.4246 2.7
      vertex 3.592 -14.4481 2.7
    endloop
  endfacet
  facet normal 0 0 1
    outer loop
      vertex 2.70981 -22.0509 2.7
      vertex 3.592 -14.4481 2.7
      vertex 3.48402 -14.4648 2.7
    endloop
  endfacet
  facet normal 0 0 1
    outer loop
      vertex 2.70981 -22.0509 2.7
      vertex 3.48402 -14.4648 2.7
      vertex 3.36987 -14.4749 2.7
    endloop
  endfacet
  facet normal 0 0 1
    outer loop
      vertex 2.70981 -22.0509 2.7
      vertex 3.36987 -14.4749 2.7
      vertex 3.24954 -14.4783 2.7
    endloop
  endfacet
  facet normal 0 0 1
    outer loop
      vertex 0.802475 -21.1488 2.7
      vertex 3.24954 -14.4783 2.7
      vertex 3.20695 -14.4779 2.7
    endloop
  endfacet
  facet normal 0 0 1
    outer loop
      vertex 0.802475 -21.1488 2.7
      vertex 3.20695 -14.4779 2.7
      vertex 3.1642 -14.4767 2.7
    endloop
  endfacet
  facet normal 0 0 1
    outer loop
      vertex 0.802475 -21.1488 2.7
      vertex 3.1642 -14.4767 2.7
      vertex 3.12126 -14.4746 2.7
    endloop
  endfacet
  facet normal 0 0 1
    outer loop
      vertex 0.802475 -21.1488 2.7
      vertex 3.12126 -14.4746 2.7
      vertex 3.07816 -14.4718 2.7
    endloop
  endfacet
  facet normal 0 0 1
    outer loop
      vertex 0.802475 -21.1488 2.7
      vertex 3.07816 -14.4718 2.7
      vertex 3.03487 -14.4682 2.7
    endloop
  endfacet
  facet normal 0 0 1
    outer loop
      vertex 0.802475 -21.1488 2.7
      vertex 3.03487 -14.4682 2.7
      vertex 2.99141 -14.4638 2.7
    endloop
  endfacet
  facet normal 0 0 1
    outer loop
      vertex 0.802475 -21.1488 2.7
      vertex 2.99141 -14.4638 2.7
      vertex 2.94777 -14.4585 2.7
    endloop
  endfacet
  facet normal 0 0 1
    outer loop
      vertex 0.802475 -21.1488 2.7
      vertex 2.94777 -14.4585 2.7
      vertex 2.90395 -14.4525 2.7
    endloop
  endfacet
  facet normal 0 0 1
    outer loop
      vertex 0.802475 -21.1488 2.7
      vertex 2.90395 -14.4525 2.7
      vertex 2.85995 -14.4456 2.7
    endloop
  endfacet
  facet normal 0 0 1
    outer loop
      vertex 0.802475 -21.1488 2.7
      vertex 2.85995 -14.4456 2.7
      vertex 2.81572 -14.438 2.7
    endloop
  endfacet
  facet normal 0 0 1
    outer loop
      vertex 1.70996 -14.4187 2.7
      vertex 2.81572 -14.438 2.7
      vertex 2.77115 -14.4295 2.7
    endloop
  endfacet
  facet normal 0 0 1
    outer loop
      vertex 1.70996 -14.4187 2.7
      vertex 2.77115 -14.4295 2.7
      vertex 2.72626 -14.4202 2.7
    endloop
  endfacet
  facet normal 0 0 1
    outer loop
      vertex 3.7894 -14.3944 2.7
      vertex 2.70981 -22.0509 2.7
      vertex 4.69638 -22.7617 2.7
    endloop
  endfacet
  facet normal -0 0 1
    outer loop
      vertex 1.70996 -14.4187 2.7
      vertex 2.72626 -14.4202 2.7
      vertex 2.68105 -14.4102 2.7
    endloop
  endfacet
  facet normal 0 0 1
    outer loop
      vertex 1.70996 -14.4187 2.7
      vertex 2.68105 -14.4102 2.7
      vertex 2.6355 -14.3993 2.7
    endloop
  endfacet
  facet normal 0 0 1
    outer loop
      vertex 1.70996 -14.4187 2.7
      vertex 2.6355 -14.3993 2.7
      vertex 2.58961 -14.3876 2.7
    endloop
  endfacet
  facet normal 0 0 1
    outer loop
      vertex 1.70996 -14.4187 2.7
      vertex 2.58961 -14.3876 2.7
      vertex 2.54343 -14.3751 2.7
    endloop
  endfacet
  facet normal 0 0 1
    outer loop
      vertex 1.70996 -14.4187 2.7
      vertex 2.54343 -14.3751 2.7
      vertex 2.49689 -14.3618 2.7
    endloop
  endfacet
  facet normal 0 0 1
    outer loop
      vertex 1.70996 -14.4187 2.7
      vertex 2.49689 -14.3618 2.7
      vertex 2.45004 -14.3477 2.7
    endloop
  endfacet
  facet normal 0 0 1
    outer loop
      vertex 1.70996 -14.4187 2.7
      vertex 2.45004 -14.3477 2.7
      vertex 1.70996 -13.9023 2.7
    endloop
  endfacet
  facet normal 0 0 1
    outer loop
      vertex 2.81572 -14.438 2.7
      vertex 1.70996 -14.4187 2.7
      vertex 0.802475 -21.1488 2.7
    endloop
  endfacet
  facet normal 0 0 1
    outer loop
      vertex 0.802475 -21.1488 2.7
      vertex 1.70996 -14.4187 2.7
      vertex 1.28072 -14.4187 2.7
    endloop
  endfacet
  facet normal 0 0 1
    outer loop
      vertex 3.24954 -14.4783 2.7
      vertex 0.802475 -21.1488 2.7
      vertex 2.70981 -22.0509 2.7
    endloop
  endfacet
  facet normal 0 0 1
    outer loop
      vertex 4.28323 -12.8971 2.7
      vertex 4.19148 -11.7269 2.7
      vertex 4.23557 -12.823 2.7
    endloop
  endfacet
  facet normal 0 0 1
    outer loop
      vertex 4.19148 -11.7269 2.7
      vertex 4.18056 -12.7537 2.7
      vertex 4.23557 -12.823 2.7
    endloop
  endfacet
  facet normal 0 0 1
    outer loop
      vertex 4.19148 -11.7269 2.7
      vertex 4.11821 -12.6893 2.7
      vertex 4.18056 -12.7537 2.7
    endloop
  endfacet
  facet normal 0 0 1
    outer loop
      vertex 4.19148 -11.7269 2.7
      vertex 4.04961 -12.6308 2.7
      vertex 4.11821 -12.6893 2.7
    endloop
  endfacet
  facet normal 0 0 1
    outer loop
      vertex 4.19148 -11.7269 2.7
      vertex 3.97577 -12.5791 2.7
      vertex 4.04961 -12.6308 2.7
    endloop
  endfacet
  facet normal 0 0 1
    outer loop
      vertex 4.19148 -11.7269 2.7
      vertex 3.8967 -12.5344 2.7
      vertex 3.97577 -12.5791 2.7
    endloop
  endfacet
  facet normal 0 0 1
    outer loop
      vertex 4.19148 -11.7269 2.7
      vertex 3.81242 -12.4965 2.7
      vertex 3.8967 -12.5344 2.7
    endloop
  endfacet
  facet normal 0 0 1
    outer loop
      vertex 4.19148 -11.7269 2.7
      vertex 3.72292 -12.4655 2.7
      vertex 3.81242 -12.4965 2.7
    endloop
  endfacet
  facet normal 0 0 1
    outer loop
      vertex 4.19148 -11.7269 2.7
      vertex 3.62817 -12.4414 2.7
      vertex 3.72292 -12.4655 2.7
    endloop
  endfacet
  facet normal 0 0 1
    outer loop
      vertex 4.19148 -11.7269 2.7
      vertex 3.52821 -12.4242 2.7
      vertex 3.62817 -12.4414 2.7
    endloop
  endfacet
  facet normal -0 0 1
    outer loop
      vertex 2.95457 -11.7269 2.7
      vertex 3.52821 -12.4242 2.7
      vertex 4.19148 -11.7269 2.7
    endloop
  endfacet
  facet normal 0 0 1
    outer loop
      vertex 3.52821 -12.4242 2.7
      vertex 2.95457 -11.7269 2.7
      vertex 3.42303 -12.4139 2.7
    endloop
  endfacet
  facet normal 0 0 1
    outer loop
      vertex 3.42303 -12.4139 2.7
      vertex 2.95457 -11.7269 2.7
      vertex 3.31262 -12.4104 2.7
    endloop
  endfacet
  facet normal 0 0 1
    outer loop
      vertex 3.31262 -12.4104 2.7
      vertex 2.95457 -11.7269 2.7
      vertex 3.29272 -12.4106 2.7
    endloop
  endfacet
  facet normal 0 0 1
    outer loop
      vertex 3.29272 -12.4106 2.7
      vertex 2.95457 -11.7269 2.7
      vertex 3.27284 -12.4112 2.7
    endloop
  endfacet
  facet normal 0 0 1
    outer loop
      vertex 3.27284 -12.4112 2.7
      vertex 2.95457 -11.7269 2.7
      vertex 3.25294 -12.4121 2.7
    endloop
  endfacet
  facet normal 0 0 1
    outer loop
      vertex 3.25294 -12.4121 2.7
      vertex 2.95457 -11.7269 2.7
      vertex 3.23305 -12.4135 2.7
    endloop
  endfacet
  facet normal 0 0 1
    outer loop
      vertex 3.23305 -12.4135 2.7
      vertex 2.95457 -11.7269 2.7
      vertex 3.21317 -12.4151 2.7
    endloop
  endfacet
  facet normal 0 0 1
    outer loop
      vertex 3.21317 -12.4151 2.7
      vertex 2.95457 -11.7269 2.7
      vertex 3.19327 -12.4172 2.7
    endloop
  endfacet
  facet normal 0 0 1
    outer loop
      vertex 3.19327 -12.4172 2.7
      vertex 2.95457 -11.7269 2.7
      vertex 3.17337 -12.4197 2.7
    endloop
  endfacet
  facet normal 0 0 1
    outer loop
      vertex 3.17337 -12.4197 2.7
      vertex 2.95457 -11.7269 2.7
      vertex 3.15347 -12.4225 2.7
    endloop
  endfacet
  facet normal 0 0 1
    outer loop
      vertex 3.15347 -12.4225 2.7
      vertex 2.95457 -11.7269 2.7
      vertex 3.13359 -12.4257 2.7
    endloop
  endfacet
  facet normal 0 0 1
    outer loop
      vertex 3.13359 -12.4257 2.7
      vertex 2.95457 -11.7269 2.7
      vertex 3.11369 -12.4293 2.7
    endloop
  endfacet
  facet normal 0 0 1
    outer loop
      vertex 3.11369 -12.4293 2.7
      vertex 2.95457 -11.7269 2.7
      vertex 3.09381 -12.4332 2.7
    endloop
  endfacet
  facet normal 0 0 1
    outer loop
      vertex 3.09381 -12.4332 2.7
      vertex 2.95457 -11.7269 2.7
      vertex 3.07393 -12.4376 2.7
    endloop
  endfacet
  facet normal 0 0 1
    outer loop
      vertex 3.07393 -12.4376 2.7
      vertex 2.95457 -11.7269 2.7
      vertex 3.05403 -12.4423 2.7
    endloop
  endfacet
  facet normal 0 0 1
    outer loop
      vertex 3.05403 -12.4423 2.7
      vertex 2.95457 -11.7269 2.7
      vertex 3.03415 -12.4473 2.7
    endloop
  endfacet
  facet normal 0 0 1
    outer loop
      vertex 3.03415 -12.4473 2.7
      vertex 2.95457 -11.7269 2.7
      vertex 3.01425 -12.4528 2.7
    endloop
  endfacet
  facet normal 0 0 1
    outer loop
      vertex 3.01425 -12.4528 2.7
      vertex 2.95457 -11.7269 2.7
      vertex 2.99435 -12.4586 2.7
    endloop
  endfacet
  facet normal 0 0 1
    outer loop
      vertex 2.99435 -12.4586 2.7
      vertex 2.95457 -11.7269 2.7
      vertex 2.97447 -12.4648 2.7
    endloop
  endfacet
  facet normal 0 0 1
    outer loop
      vertex 2.97447 -12.4648 2.7
      vertex 2.95457 -11.7269 2.7
      vertex 2.95457 -12.4714 2.7
    endloop
  endfacet
  facet normal 0 0 1
    outer loop
      vertex 3.45978 -12.7766 2.7
      vertex 4.0043 -13.4443 2.7
      vertex 4.00177 -13.3754 2.7
    endloop
  endfacet
  facet normal 0 0 1
    outer loop
      vertex 3.52533 -12.7926 2.7
      vertex 4.00177 -13.3754 2.7
      vertex 3.99416 -13.3097 2.7
    endloop
  endfacet
  facet normal 0 0 1
    outer loop
      vertex 3.45978 -12.7766 2.7
      vertex 4.00177 -13.3754 2.7
      vertex 3.52533 -12.7926 2.7
    endloop
  endfacet
  facet normal 0 0 1
    outer loop
      vertex 3.64558 -12.8384 2.7
      vertex 3.99416 -13.3097 2.7
      vertex 3.98148 -13.2473 2.7
    endloop
  endfacet
  facet normal 0 0 1
    outer loop
      vertex 3.45976 -14.1121 2.7
      vertex 4.0043 -13.4443 2.7
      vertex 3.45978 -12.7766 2.7
    endloop
  endfacet
  facet normal 0 0 1
    outer loop
      vertex 3.70029 -12.8681 2.7
      vertex 3.98148 -13.2473 2.7
      vertex 3.96371 -13.1881 2.7
    endloop
  endfacet
  facet normal 0 0 1
    outer loop
      vertex 4.00177 -13.5133 2.7
      vertex 3.52533 -14.0961 2.7
      vertex 3.99416 -13.579 2.7
    endloop
  endfacet
  facet normal 0 0 1
    outer loop
      vertex 3.70029 -12.8681 2.7
      vertex 3.96371 -13.1881 2.7
      vertex 3.94089 -13.1322 2.7
    endloop
  endfacet
  facet normal 0 0 1
    outer loop
      vertex 3.99416 -13.3097 2.7
      vertex 3.58727 -12.8132 2.7
      vertex 3.52533 -12.7926 2.7
    endloop
  endfacet
  facet normal 0 0 1
    outer loop
      vertex 3.70029 -12.8681 2.7
      vertex 3.94089 -13.1322 2.7
      vertex 3.91298 -13.0796 2.7
    endloop
  endfacet
  facet normal 0 -0 1
    outer loop
      vertex 3.58727 -14.0755 2.7
      vertex 3.99416 -13.579 2.7
      vertex 3.52533 -14.0961 2.7
    endloop
  endfacet
  facet normal 0 0 1
    outer loop
      vertex 3.70029 -12.8681 2.7
      vertex 3.91298 -13.0796 2.7
      vertex 3.88 -13.0302 2.7
    endloop
  endfacet
  facet normal 0 0 1
    outer loop
      vertex 3.99416 -13.3097 2.7
      vertex 3.64558 -12.8384 2.7
      vertex 3.58727 -12.8132 2.7
    endloop
  endfacet
  facet normal 0 0 1
    outer loop
      vertex 3.79883 -12.9413 2.7
      vertex 3.88 -13.0302 2.7
      vertex 3.84196 -12.9841 2.7
    endloop
  endfacet
  facet normal 0 0 1
    outer loop
      vertex 3.75137 -12.9025 2.7
      vertex 3.88 -13.0302 2.7
      vertex 3.79883 -12.9413 2.7
    endloop
  endfacet
  facet normal 0 0 1
    outer loop
      vertex 3.70029 -12.8681 2.7
      vertex 3.88 -13.0302 2.7
      vertex 3.75137 -12.9025 2.7
    endloop
  endfacet
  facet normal 0 0 1
    outer loop
      vertex 3.88 -13.8585 2.7
      vertex 3.79883 -13.9474 2.7
      vertex 3.84196 -13.9045 2.7
    endloop
  endfacet
  facet normal 0 0 1
    outer loop
      vertex 3.98148 -13.2473 2.7
      vertex 3.70029 -12.8681 2.7
      vertex 3.64558 -12.8384 2.7
    endloop
  endfacet
  facet normal 0 0 1
    outer loop
      vertex 3.88 -13.8585 2.7
      vertex 3.75137 -13.9863 2.7
      vertex 3.79883 -13.9474 2.7
    endloop
  endfacet
  facet normal 0 -0 1
    outer loop
      vertex 3.70029 -14.0206 2.7
      vertex 3.98148 -13.6414 2.7
      vertex 3.64558 -14.0503 2.7
    endloop
  endfacet
  facet normal 0 0 1
    outer loop
      vertex 3.88 -13.8585 2.7
      vertex 3.70029 -14.0206 2.7
      vertex 3.75137 -13.9863 2.7
    endloop
  endfacet
  facet normal 0 0 1
    outer loop
      vertex 3.94089 -13.7565 2.7
      vertex 3.70029 -14.0206 2.7
      vertex 3.91298 -13.8091 2.7
    endloop
  endfacet
  facet normal 0 0 1
    outer loop
      vertex 3.91298 -13.8091 2.7
      vertex 3.70029 -14.0206 2.7
      vertex 3.88 -13.8585 2.7
    endloop
  endfacet
  facet normal 0 0 1
    outer loop
      vertex 3.98148 -13.6414 2.7
      vertex 3.70029 -14.0206 2.7
      vertex 3.96371 -13.7006 2.7
    endloop
  endfacet
  facet normal 0 0 1
    outer loop
      vertex 3.96371 -13.7006 2.7
      vertex 3.70029 -14.0206 2.7
      vertex 3.94089 -13.7565 2.7
    endloop
  endfacet
  facet normal 0 -0 1
    outer loop
      vertex 3.64558 -14.0503 2.7
      vertex 3.99416 -13.579 2.7
      vertex 3.58727 -14.0755 2.7
    endloop
  endfacet
  facet normal 0 0 1
    outer loop
      vertex 3.99416 -13.579 2.7
      vertex 3.64558 -14.0503 2.7
      vertex 3.98148 -13.6414 2.7
    endloop
  endfacet
  facet normal 0 0 1
    outer loop
      vertex 4.0043 -13.4443 2.7
      vertex 3.45976 -14.1121 2.7
      vertex 4.00177 -13.5133 2.7
    endloop
  endfacet
  facet normal 0 0 1
    outer loop
      vertex 4.00177 -13.5133 2.7
      vertex 3.45976 -14.1121 2.7
      vertex 3.52533 -14.0961 2.7
    endloop
  endfacet
  facet normal 0 0 1
    outer loop
      vertex 3.39061 -12.7652 2.7
      vertex 3.45976 -14.1121 2.7
      vertex 3.45978 -12.7766 2.7
    endloop
  endfacet
  facet normal 0 0 1
    outer loop
      vertex 3.39061 -12.7652 2.7
      vertex 3.39059 -14.1235 2.7
      vertex 3.45976 -14.1121 2.7
    endloop
  endfacet
  facet normal 0 0 1
    outer loop
      vertex 3.31784 -12.7583 2.7
      vertex 3.39059 -14.1235 2.7
      vertex 3.39061 -12.7652 2.7
    endloop
  endfacet
  facet normal 0 0 1
    outer loop
      vertex 3.31784 -12.7583 2.7
      vertex 3.31781 -14.1304 2.7
      vertex 3.39059 -14.1235 2.7
    endloop
  endfacet
  facet normal 0 0 1
    outer loop
      vertex 3.24144 -12.756 2.7
      vertex 3.31781 -14.1304 2.7
      vertex 3.31784 -12.7583 2.7
    endloop
  endfacet
  facet normal 0 0 1
    outer loop
      vertex 3.24144 -12.756 2.7
      vertex 3.24141 -14.1327 2.7
      vertex 3.31781 -14.1304 2.7
    endloop
  endfacet
  facet normal -0 0 1
    outer loop
      vertex 3.20483 -12.7565 2.7
      vertex 3.24141 -14.1327 2.7
      vertex 3.24144 -12.756 2.7
    endloop
  endfacet
  facet normal 0 0 1
    outer loop
      vertex 3.20483 -12.7565 2.7
      vertex 3.19331 -14.1321 2.7
      vertex 3.24141 -14.1327 2.7
    endloop
  endfacet
  facet normal -0 0 1
    outer loop
      vertex 3.16824 -12.7578 2.7
      vertex 3.19331 -14.1321 2.7
      vertex 3.20483 -12.7565 2.7
    endloop
  endfacet
  facet normal 0 0 1
    outer loop
      vertex 3.16824 -12.7578 2.7
      vertex 3.14577 -14.1302 2.7
      vertex 3.19331 -14.1321 2.7
    endloop
  endfacet
  facet normal -0 0 1
    outer loop
      vertex 3.13168 -12.7601 2.7
      vertex 3.14577 -14.1302 2.7
      vertex 3.16824 -12.7578 2.7
    endloop
  endfacet
  facet normal 0 0 1
    outer loop
      vertex 3.13168 -12.7601 2.7
      vertex 3.09877 -14.1272 2.7
      vertex 3.14577 -14.1302 2.7
    endloop
  endfacet
  facet normal -0 0 1
    outer loop
      vertex 3.09515 -12.7632 2.7
      vertex 3.09877 -14.1272 2.7
      vertex 3.13168 -12.7601 2.7
    endloop
  endfacet
  facet normal -0 0 1
    outer loop
      vertex 3.05865 -12.7673 2.7
      vertex 3.09877 -14.1272 2.7
      vertex 3.09515 -12.7632 2.7
    endloop
  endfacet
  facet normal 0 0 1
    outer loop
      vertex 3.05865 -12.7673 2.7
      vertex 3.05234 -14.123 2.7
      vertex 3.09877 -14.1272 2.7
    endloop
  endfacet
  facet normal -0 0 1
    outer loop
      vertex 3.02217 -12.7722 2.7
      vertex 3.05234 -14.123 2.7
      vertex 3.05865 -12.7673 2.7
    endloop
  endfacet
  facet normal 0 0 1
    outer loop
      vertex 3.02217 -12.7722 2.7
      vertex 3.00644 -14.1176 2.7
      vertex 3.05234 -14.123 2.7
    endloop
  endfacet
  facet normal -0 0 1
    outer loop
      vertex 2.98572 -12.7781 2.7
      vertex 3.00644 -14.1176 2.7
      vertex 3.02217 -12.7722 2.7
    endloop
  endfacet
  facet normal -0 0 1
    outer loop
      vertex 2.94928 -12.7848 2.7
      vertex 3.00644 -14.1176 2.7
      vertex 2.98572 -12.7781 2.7
    endloop
  endfacet
  facet normal 0 0 1
    outer loop
      vertex 3.00644 -14.1176 2.7
      vertex 2.94928 -12.7848 2.7
      vertex 2.96111 -14.1109 2.7
    endloop
  endfacet
  facet normal -0 0 1
    outer loop
      vertex 2.91287 -12.7925 2.7
      vertex 2.96111 -14.1109 2.7
      vertex 2.94928 -12.7848 2.7
    endloop
  endfacet
  facet normal 0 0 1
    outer loop
      vertex 2.96111 -14.1109 2.7
      vertex 2.91287 -12.7925 2.7
      vertex 2.91634 -14.1031 2.7
    endloop
  endfacet
  facet normal -0 0 1
    outer loop
      vertex 2.87639 -12.8011 2.7
      vertex 2.91634 -14.1031 2.7
      vertex 2.91287 -12.7925 2.7
    endloop
  endfacet
  facet normal 0 0 1
    outer loop
      vertex 2.87639 -12.8011 2.7
      vertex 2.8721 -14.094 2.7
      vertex 2.91634 -14.1031 2.7
    endloop
  endfacet
  facet normal -0 0 1
    outer loop
      vertex 2.83974 -12.8107 2.7
      vertex 2.8721 -14.094 2.7
      vertex 2.87639 -12.8011 2.7
    endloop
  endfacet
  facet normal 0 0 1
    outer loop
      vertex 2.83974 -12.8107 2.7
      vertex 2.82843 -14.0837 2.7
      vertex 2.8721 -14.094 2.7
    endloop
  endfacet
  facet normal -0 0 1
    outer loop
      vertex 2.8029 -12.8213 2.7
      vertex 2.82843 -14.0837 2.7
      vertex 2.83974 -12.8107 2.7
    endloop
  endfacet
  facet normal 0 0 1
    outer loop
      vertex 2.8029 -12.8213 2.7
      vertex 2.78517 -14.0722 2.7
      vertex 2.82843 -14.0837 2.7
    endloop
  endfacet
  facet normal -0 0 1
    outer loop
      vertex 2.7659 -12.8329 2.7
      vertex 2.78517 -14.0722 2.7
      vertex 2.8029 -12.8213 2.7
    endloop
  endfacet
  facet normal -0 0 1
    outer loop
      vertex 2.72871 -12.8454 2.7
      vertex 2.78517 -14.0722 2.7
      vertex 2.7659 -12.8329 2.7
    endloop
  endfacet
  facet normal 0 0 1
    outer loop
      vertex 2.78517 -14.0722 2.7
      vertex 2.72871 -12.8454 2.7
      vertex 2.74223 -14.0595 2.7
    endloop
  endfacet
  facet normal -0 0 1
    outer loop
      vertex 2.69136 -12.859 2.7
      vertex 2.74223 -14.0595 2.7
      vertex 2.72871 -12.8454 2.7
    endloop
  endfacet
  facet normal 0 0 1
    outer loop
      vertex 2.74223 -14.0595 2.7
      vertex 2.69136 -12.859 2.7
      vertex 2.69958 -14.0455 2.7
    endloop
  endfacet
  facet normal -0 0 1
    outer loop
      vertex 2.65382 -12.8736 2.7
      vertex 2.69958 -14.0455 2.7
      vertex 2.69136 -12.859 2.7
    endloop
  endfacet
  facet normal 0 0 1
    outer loop
      vertex 2.69958 -14.0455 2.7
      vertex 2.65382 -12.8736 2.7
      vertex 2.65724 -14.0302 2.7
    endloop
  endfacet
  facet normal -0 0 1
    outer loop
      vertex 2.6161 -12.8892 2.7
      vertex 2.65724 -14.0302 2.7
      vertex 2.65382 -12.8736 2.7
    endloop
  endfacet
  facet normal 0 0 1
    outer loop
      vertex 2.6161 -12.8892 2.7
      vertex 2.61519 -14.0136 2.7
      vertex 2.65724 -14.0302 2.7
    endloop
  endfacet
  facet normal -0 0 1
    outer loop
      vertex 2.57823 -12.9058 2.7
      vertex 2.61519 -14.0136 2.7
      vertex 2.6161 -12.8892 2.7
    endloop
  endfacet
  facet normal 0 0 1
    outer loop
      vertex 2.61519 -14.0136 2.7
      vertex 2.57823 -12.9058 2.7
      vertex 2.57346 -13.9958 2.7
    endloop
  endfacet
  facet normal 0 0 1
    outer loop
      vertex -0.561478 -14.4187 2.7
      vertex 1.28072 -13.9023 2.7
      vertex 0.541153 -11.5563 2.7
    endloop
  endfacet
  facet normal 0 0 1
    outer loop
      vertex 1.28072 -14.4187 2.7
      vertex -0.561478 -14.4187 2.7
      vertex -1.00725 -20.0641 2.7
    endloop
  endfacet
  facet normal 0 0 1
    outer loop
      vertex -1.00725 -20.0641 2.7
      vertex -0.561478 -14.4187 2.7
      vertex -0.990723 -14.4187 2.7
    endloop
  endfacet
  facet normal 0 0 1
    outer loop
      vertex 1.28072 -14.4187 2.7
      vertex -1.00725 -20.0641 2.7
      vertex 0.802475 -21.1488 2.7
    endloop
  endfacet
  facet normal 0 0 1
    outer loop
      vertex -1.41182 -11.7269 2.7
      vertex -2.04947 -12.1698 2.7
      vertex -2.05493 -12.2247 2.7
    endloop
  endfacet
  facet normal 0 0 1
    outer loop
      vertex -1.41182 -11.7269 2.7
      vertex -2.05493 -12.2247 2.7
      vertex -2.06404 -12.2776 2.7
    endloop
  endfacet
  facet normal 0 0 1
    outer loop
      vertex -1.41182 -11.7269 2.7
      vertex -2.06404 -12.2776 2.7
      vertex -2.07678 -12.3287 2.7
    endloop
  endfacet
  facet normal 0 0 1
    outer loop
      vertex -2.09317 -12.3777 2.7
      vertex -1.41182 -11.7269 2.7
      vertex -2.07678 -12.3287 2.7
    endloop
  endfacet
  facet normal 0 0 1
    outer loop
      vertex -1.41182 -11.7269 2.7
      vertex -2.05014 -13.2156 2.7
      vertex -2.02763 -13.2681 2.7
    endloop
  endfacet
  facet normal 0 0 1
    outer loop
      vertex -1.41182 -11.7269 2.7
      vertex -2.09317 -12.3777 2.7
      vertex -2.05014 -13.2156 2.7
    endloop
  endfacet
  facet normal 0 0 1
    outer loop
      vertex -2.05014 -13.2156 2.7
      vertex -2.09317 -12.3777 2.7
      vertex -2.07675 -13.1653 2.7
    endloop
  endfacet
  facet normal -0 0 1
    outer loop
      vertex -2.1132 -12.4248 2.7
      vertex -2.07675 -13.1653 2.7
      vertex -2.09317 -12.3777 2.7
    endloop
  endfacet
  facet normal 0 0 1
    outer loop
      vertex -2.07675 -13.1653 2.7
      vertex -2.1132 -12.4248 2.7
      vertex -2.10747 -13.1172 2.7
    endloop
  endfacet
  facet normal -0 0 1
    outer loop
      vertex -2.13687 -12.4699 2.7
      vertex -2.10747 -13.1172 2.7
      vertex -2.1132 -12.4248 2.7
    endloop
  endfacet
  facet normal 0 0 1
    outer loop
      vertex -2.13687 -12.4699 2.7
      vertex -2.14226 -13.0713 2.7
      vertex -2.10747 -13.1172 2.7
    endloop
  endfacet
  facet normal -0 0 1
    outer loop
      vertex -2.1642 -12.5131 2.7
      vertex -2.14226 -13.0713 2.7
      vertex -2.13687 -12.4699 2.7
    endloop
  endfacet
  facet normal -0 0 1
    outer loop
      vertex -2.19516 -12.5543 2.7
      vertex -2.14226 -13.0713 2.7
      vertex -2.1642 -12.5131 2.7
    endloop
  endfacet
  facet normal 0 0 1
    outer loop
      vertex -2.14226 -13.0713 2.7
      vertex -2.19516 -12.5543 2.7
      vertex -2.18073 -13.0281 2.7
    endloop
  endfacet
  facet normal -0 0 1
    outer loop
      vertex -2.22934 -12.5931 2.7
      vertex -2.18073 -13.0281 2.7
      vertex -2.19516 -12.5543 2.7
    endloop
  endfacet
  facet normal 0 0 1
    outer loop
      vertex -2.18073 -13.0281 2.7
      vertex -2.22934 -12.5931 2.7
      vertex -2.22243 -12.9882 2.7
    endloop
  endfacet
  facet normal -0 0 1
    outer loop
      vertex -2.26637 -12.629 2.7
      vertex -2.22243 -12.9882 2.7
      vertex -2.22934 -12.5931 2.7
    endloop
  endfacet
  facet normal 0 0 1
    outer loop
      vertex -2.26637 -12.629 2.7
      vertex -2.26736 -12.9516 2.7
      vertex -2.22243 -12.9882 2.7
    endloop
  endfacet
  facet normal -0 0 1
    outer loop
      vertex -2.30624 -12.6621 2.7
      vertex -2.26736 -12.9516 2.7
      vertex -2.26637 -12.629 2.7
    endloop
  endfacet
  facet normal 0 0 1
    outer loop
      vertex -2.30624 -12.6621 2.7
      vertex -2.31555 -12.9182 2.7
      vertex -2.26736 -12.9516 2.7
    endloop
  endfacet
  facet normal -0 0 1
    outer loop
      vertex -2.34895 -12.6923 2.7
      vertex -2.31555 -12.9182 2.7
      vertex -2.30624 -12.6621 2.7
    endloop
  endfacet
  facet normal 0 0 1
    outer loop
      vertex -2.34895 -12.6923 2.7
      vertex -2.36697 -12.8881 2.7
      vertex -2.31555 -12.9182 2.7
    endloop
  endfacet
  facet normal -0 0 1
    outer loop
      vertex -2.3945 -12.7197 2.7
      vertex -2.36697 -12.8881 2.7
      vertex -2.34895 -12.6923 2.7
    endloop
  endfacet
  facet normal 0 0 1
    outer loop
      vertex -2.3945 -12.7197 2.7
      vertex -2.42163 -12.8613 2.7
      vertex -2.36697 -12.8881 2.7
    endloop
  endfacet
  facet normal -0 0 1
    outer loop
      vertex -2.44289 -12.7442 2.7
      vertex -2.42163 -12.8613 2.7
      vertex -2.3945 -12.7197 2.7
    endloop
  endfacet
  facet normal 0 0 1
    outer loop
      vertex -2.44289 -12.7442 2.7
      vertex -2.47954 -12.8378 2.7
      vertex -2.42163 -12.8613 2.7
    endloop
  endfacet
  facet normal -0 0 1
    outer loop
      vertex -2.49411 -12.7658 2.7
      vertex -2.47954 -12.8378 2.7
      vertex -2.44289 -12.7442 2.7
    endloop
  endfacet
  facet normal 0 0 1
    outer loop
      vertex -2.49411 -12.7658 2.7
      vertex -2.54068 -12.8175 2.7
      vertex -2.47954 -12.8378 2.7
    endloop
  endfacet
  facet normal -0 0 1
    outer loop
      vertex -2.54817 -12.7845 2.7
      vertex -2.54068 -12.8175 2.7
      vertex -2.49411 -12.7658 2.7
    endloop
  endfacet
  facet normal 0 0 1
    outer loop
      vertex -2.54068 -12.8175 2.7
      vertex -2.54817 -12.7845 2.7
      vertex -2.60507 -12.8004 2.7
    endloop
  endfacet
  facet normal 0 0 1
    outer loop
      vertex -3.48633 -12.7845 2.7
      vertex -3.49339 -12.8175 2.7
      vertex -3.429 -12.8004 2.7
    endloop
  endfacet
  facet normal 0 0 1
    outer loop
      vertex -3.54077 -12.7658 2.7
      vertex -3.49339 -12.8175 2.7
      vertex -3.48633 -12.7845 2.7
    endloop
  endfacet
  facet normal 0 0 1
    outer loop
      vertex -3.54077 -12.7658 2.7
      vertex -3.55458 -12.8378 2.7
      vertex -3.49339 -12.8175 2.7
    endloop
  endfacet
  facet normal 0 0 1
    outer loop
      vertex -3.59232 -12.7442 2.7
      vertex -3.55458 -12.8378 2.7
      vertex -3.54077 -12.7658 2.7
    endloop
  endfacet
  facet normal 0 0 1
    outer loop
      vertex -3.59232 -12.7442 2.7
      vertex -3.61255 -12.8613 2.7
      vertex -3.55458 -12.8378 2.7
    endloop
  endfacet
  facet normal 0 0 1
    outer loop
      vertex -3.64098 -12.7197 2.7
      vertex -3.61255 -12.8613 2.7
      vertex -3.59232 -12.7442 2.7
    endloop
  endfacet
  facet normal 0 0 1
    outer loop
      vertex -3.64098 -12.7197 2.7
      vertex -3.6673 -12.8881 2.7
      vertex -3.61255 -12.8613 2.7
    endloop
  endfacet
  facet normal 0 0 1
    outer loop
      vertex -3.68675 -12.6923 2.7
      vertex -3.6673 -12.8881 2.7
      vertex -3.64098 -12.7197 2.7
    endloop
  endfacet
  facet normal 0 0 1
    outer loop
      vertex -3.68675 -12.6923 2.7
      vertex -3.71884 -12.9182 2.7
      vertex -3.6673 -12.8881 2.7
    endloop
  endfacet
  facet normal 0 0 1
    outer loop
      vertex -3.72964 -12.6621 2.7
      vertex -3.71884 -12.9182 2.7
      vertex -3.68675 -12.6923 2.7
    endloop
  endfacet
  facet normal 0 0 1
    outer loop
      vertex -3.72964 -12.6621 2.7
      vertex -3.76717 -12.9516 2.7
      vertex -3.71884 -12.9182 2.7
    endloop
  endfacet
  facet normal 0 0 1
    outer loop
      vertex -3.76965 -12.629 2.7
      vertex -3.76717 -12.9516 2.7
      vertex -3.72964 -12.6621 2.7
    endloop
  endfacet
  facet normal 0 0 1
    outer loop
      vertex -3.81227 -12.9882 2.7
      vertex -3.76965 -12.629 2.7
      vertex -3.80676 -12.5931 2.7
    endloop
  endfacet
  facet normal 0 0 1
    outer loop
      vertex -3.76965 -12.629 2.7
      vertex -3.81227 -12.9882 2.7
      vertex -3.76717 -12.9516 2.7
    endloop
  endfacet
  facet normal 0 0 1
    outer loop
      vertex -3.85417 -13.0281 2.7
      vertex -3.80676 -12.5931 2.7
      vertex -3.84099 -12.5543 2.7
    endloop
  endfacet
  facet normal 0 0 1
    outer loop
      vertex -3.80676 -12.5931 2.7
      vertex -3.85417 -13.0281 2.7
      vertex -3.81227 -12.9882 2.7
    endloop
  endfacet
  facet normal 0 0 1
    outer loop
      vertex -3.89285 -13.0713 2.7
      vertex -3.84099 -12.5543 2.7
      vertex -3.87193 -12.5131 2.7
    endloop
  endfacet
  facet normal 0 0 1
    outer loop
      vertex -3.84099 -12.5543 2.7
      vertex -3.89285 -13.0713 2.7
      vertex -3.85417 -13.0281 2.7
    endloop
  endfacet
  facet normal 0 0 1
    outer loop
      vertex -3.89925 -12.4699 2.7
      vertex -3.89285 -13.0713 2.7
      vertex -3.87193 -12.5131 2.7
    endloop
  endfacet
  facet normal 0 0 1
    outer loop
      vertex -3.92786 -13.1172 2.7
      vertex -3.89925 -12.4699 2.7
      vertex -3.92291 -12.4248 2.7
    endloop
  endfacet
  facet normal 0 0 1
    outer loop
      vertex -3.89925 -12.4699 2.7
      vertex -3.92786 -13.1172 2.7
      vertex -3.89285 -13.0713 2.7
    endloop
  endfacet
  facet normal 0 0 1
    outer loop
      vertex -3.95876 -13.1653 2.7
      vertex -3.92291 -12.4248 2.7
      vertex -3.94295 -12.3777 2.7
    endloop
  endfacet
  facet normal 0 0 1
    outer loop
      vertex -3.92291 -12.4248 2.7
      vertex -3.95876 -13.1653 2.7
      vertex -3.92786 -13.1172 2.7
    endloop
  endfacet
  facet normal 0 0 1
    outer loop
      vertex -3.98552 -13.2156 2.7
      vertex -3.94295 -12.3777 2.7
      vertex -3.95934 -12.3287 2.7
    endloop
  endfacet
  facet normal 0 0 1
    outer loop
      vertex -4.00818 -13.2681 2.7
      vertex -3.95934 -12.3287 2.7
      vertex -3.97208 -12.2776 2.7
    endloop
  endfacet
  facet normal 0 0 1
    outer loop
      vertex -4.0267 -13.3229 2.7
      vertex -3.97208 -12.2776 2.7
      vertex -3.98119 -12.2247 2.7
    endloop
  endfacet
  facet normal 0 0 1
    outer loop
      vertex -3.94295 -12.3777 2.7
      vertex -3.98552 -13.2156 2.7
      vertex -3.95876 -13.1653 2.7
    endloop
  endfacet
  facet normal 0 0 1
    outer loop
      vertex -4.0267 -13.3229 2.7
      vertex -3.98119 -12.2247 2.7
      vertex -3.98665 -12.1698 2.7
    endloop
  endfacet
  facet normal 0 0 1
    outer loop
      vertex -8.0238 -12.3225 2.7
      vertex -3.98665 -12.1698 2.7
      vertex -3.98846 -12.1129 2.7
    endloop
  endfacet
  facet normal 0 0 1
    outer loop
      vertex -3.95934 -12.3287 2.7
      vertex -4.00818 -13.2681 2.7
      vertex -3.98552 -13.2156 2.7
    endloop
  endfacet
  facet normal 0 0 1
    outer loop
      vertex 10.9375 2.1875 2.7
      vertex 10.9365 -1.1679 2.7
      vertex 10.9375 -1.1875 2.7
    endloop
  endfacet
  facet normal 0 0 1
    outer loop
      vertex 10.9375 2.1875 2.7
      vertex 10.9337 -1.14848 2.7
      vertex 10.9365 -1.1679 2.7
    endloop
  endfacet
  facet normal 0 0 1
    outer loop
      vertex 10.9375 2.1875 2.7
      vertex 10.9289 -1.12944 2.7
      vertex 10.9337 -1.14848 2.7
    endloop
  endfacet
  facet normal 0 0 1
    outer loop
      vertex 10.9375 2.1875 2.7
      vertex 10.9223 -1.11096 2.7
      vertex 10.9289 -1.12944 2.7
    endloop
  endfacet
  facet normal 0 0 1
    outer loop
      vertex 10.9375 2.1875 2.7
      vertex 10.9139 -1.09322 2.7
      vertex 10.9223 -1.11096 2.7
    endloop
  endfacet
  facet normal 0 0 1
    outer loop
      vertex 10.9375 2.1875 2.7
      vertex 10.9038 -1.07639 2.7
      vertex 10.9139 -1.09322 2.7
    endloop
  endfacet
  facet normal 0 0 1
    outer loop
      vertex 10.9375 2.1875 2.7
      vertex 10.8921 -1.06062 2.7
      vertex 10.9038 -1.07639 2.7
    endloop
  endfacet
  facet normal 0 0 1
    outer loop
      vertex 10.9375 2.1875 2.7
      vertex 10.8789 -1.04608 2.7
      vertex 10.8921 -1.06062 2.7
    endloop
  endfacet
  facet normal 0 0 1
    outer loop
      vertex 10.9375 2.1875 2.7
      vertex 10.8644 -1.0329 2.7
      vertex 10.8789 -1.04608 2.7
    endloop
  endfacet
  facet normal 0 0 1
    outer loop
      vertex 10.9375 2.1875 2.7
      vertex 10.8486 -1.02121 2.7
      vertex 10.8644 -1.0329 2.7
    endloop
  endfacet
  facet normal 0 0 1
    outer loop
      vertex 10.9375 2.1875 2.7
      vertex 10.8318 -1.01112 2.7
      vertex 10.8486 -1.02121 2.7
    endloop
  endfacet
  facet normal 0 0 1
    outer loop
      vertex 10.9375 2.1875 2.7
      vertex 10.814 -1.00272 2.7
      vertex 10.8318 -1.01112 2.7
    endloop
  endfacet
  facet normal 0 0 1
    outer loop
      vertex 10.9375 2.1875 2.7
      vertex 10.7956 -0.996112 2.7
      vertex 10.814 -1.00272 2.7
    endloop
  endfacet
  facet normal 0 0 1
    outer loop
      vertex 10.9375 2.1875 2.7
      vertex 10.7765 -0.991343 2.7
      vertex 10.7956 -0.996112 2.7
    endloop
  endfacet
  facet normal 0 0 1
    outer loop
      vertex 10.9375 2.1875 2.7
      vertex 10.7571 -0.988462 2.7
      vertex 10.7765 -0.991343 2.7
    endloop
  endfacet
  facet normal 0 0 1
    outer loop
      vertex 10.9375 2.1875 2.7
      vertex 10.7375 -0.987499 2.7
      vertex 10.7571 -0.988462 2.7
    endloop
  endfacet
  facet normal 0 0 1
    outer loop
      vertex 10.9375 2.1875 2.7
      vertex -10.7375 -0.987499 2.7
      vertex 10.7375 -0.987499 2.7
    endloop
  endfacet
  facet normal -0 0 1
    outer loop
      vertex -10.9375 2.1875 2.7
      vertex -10.7375 -0.987499 2.7
      vertex 10.9375 2.1875 2.7
    endloop
  endfacet
  facet normal 0 0 1
    outer loop
      vertex -10.7375 -0.987499 2.7
      vertex -10.9375 2.1875 2.7
      vertex -10.7571 -0.988462 2.7
    endloop
  endfacet
  facet normal 0 0 1
    outer loop
      vertex -10.9375 2.1875 2.7
      vertex -10.7765 -0.991343 2.7
      vertex -10.7571 -0.988462 2.7
    endloop
  endfacet
  facet normal 0 0 1
    outer loop
      vertex -10.9375 2.1875 2.7
      vertex -10.7956 -0.996112 2.7
      vertex -10.7765 -0.991343 2.7
    endloop
  endfacet
  facet normal 0 0 1
    outer loop
      vertex -10.9375 2.1875 2.7
      vertex -10.814 -1.00272 2.7
      vertex -10.7956 -0.996112 2.7
    endloop
  endfacet
  facet normal 0 0 1
    outer loop
      vertex -10.9375 2.1875 2.7
      vertex -10.8318 -1.01112 2.7
      vertex -10.814 -1.00272 2.7
    endloop
  endfacet
  facet normal 0 0 1
    outer loop
      vertex -10.9375 2.1875 2.7
      vertex -10.8486 -1.02121 2.7
      vertex -10.8318 -1.01112 2.7
    endloop
  endfacet
  facet normal 0 0 1
    outer loop
      vertex -10.9375 2.1875 2.7
      vertex -10.8644 -1.0329 2.7
      vertex -10.8486 -1.02121 2.7
    endloop
  endfacet
  facet normal 0 0 1
    outer loop
      vertex -10.9375 2.1875 2.7
      vertex -10.8789 -1.04608 2.7
      vertex -10.8644 -1.0329 2.7
    endloop
  endfacet
  facet normal 0 0 1
    outer loop
      vertex -10.9375 2.1875 2.7
      vertex -10.8921 -1.06062 2.7
      vertex -10.8789 -1.04608 2.7
    endloop
  endfacet
  facet normal 0 0 1
    outer loop
      vertex -10.9375 2.1875 2.7
      vertex -10.9038 -1.07639 2.7
      vertex -10.8921 -1.06062 2.7
    endloop
  endfacet
  facet normal 0 0 1
    outer loop
      vertex -10.9375 2.1875 2.7
      vertex -10.9139 -1.09322 2.7
      vertex -10.9038 -1.07639 2.7
    endloop
  endfacet
  facet normal 0 0 1
    outer loop
      vertex -10.9375 2.1875 2.7
      vertex -10.9223 -1.11096 2.7
      vertex -10.9139 -1.09322 2.7
    endloop
  endfacet
  facet normal 0 0 1
    outer loop
      vertex -10.9375 2.1875 2.7
      vertex -10.9289 -1.12944 2.7
      vertex -10.9223 -1.11096 2.7
    endloop
  endfacet
  facet normal 0 0 1
    outer loop
      vertex -10.9375 2.1875 2.7
      vertex -10.9337 -1.14848 2.7
      vertex -10.9289 -1.12944 2.7
    endloop
  endfacet
  facet normal 0 0 1
    outer loop
      vertex -10.9375 2.1875 2.7
      vertex -10.9365 -1.1679 2.7
      vertex -10.9337 -1.14848 2.7
    endloop
  endfacet
  facet normal 0 0 1
    outer loop
      vertex -10.9365 -1.1679 2.7
      vertex -10.9375 2.1875 2.7
      vertex -10.9375 -1.1875 2.7
    endloop
  endfacet
  facet normal 0 0 1
    outer loop
      vertex -2.89323 -12.9827 2.7
      vertex -2.38739 -13.5634 2.7
      vertex -2.38947 -13.5038 2.7
    endloop
  endfacet
  facet normal 0 0 1
    outer loop
      vertex -2.83553 -12.9923 2.7
      vertex -2.38947 -13.5038 2.7
      vertex -2.39568 -13.447 2.7
    endloop
  endfacet
  facet normal 0 0 1
    outer loop
      vertex -2.89398 -14.1441 2.7
      vertex -2.38739 -13.5634 2.7
      vertex -2.89323 -12.9827 2.7
    endloop
  endfacet
  facet normal 0 0 1
    outer loop
      vertex -2.78096 -13.0059 2.7
      vertex -2.39568 -13.447 2.7
      vertex -2.40604 -13.3932 2.7
    endloop
  endfacet
  facet normal 0 0 1
    outer loop
      vertex -2.38947 -13.5038 2.7
      vertex -2.83553 -12.9923 2.7
      vertex -2.89323 -12.9827 2.7
    endloop
  endfacet
  facet normal 0 0 1
    outer loop
      vertex -2.72954 -13.0233 2.7
      vertex -2.40604 -13.3932 2.7
      vertex -2.42055 -13.3424 2.7
    endloop
  endfacet
  facet normal 0 0 1
    outer loop
      vertex -2.38739 -13.5634 2.7
      vertex -2.89398 -14.1441 2.7
      vertex -2.38948 -13.6226 2.7
    endloop
  endfacet
  facet normal 0 0 1
    outer loop
      vertex -2.72954 -13.0233 2.7
      vertex -2.42055 -13.3424 2.7
      vertex -2.43919 -13.2944 2.7
    endloop
  endfacet
  facet normal 0 -0 1
    outer loop
      vertex -2.83655 -14.1343 2.7
      vertex -2.38948 -13.6226 2.7
      vertex -2.89398 -14.1441 2.7
    endloop
  endfacet
  facet normal 0 0 1
    outer loop
      vertex -2.72954 -13.0233 2.7
      vertex -2.43919 -13.2944 2.7
      vertex -2.46199 -13.2494 2.7
    endloop
  endfacet
  facet normal 0 0 1
    outer loop
      vertex -2.39568 -13.447 2.7
      vertex -2.78096 -13.0059 2.7
      vertex -2.83553 -12.9923 2.7
    endloop
  endfacet
  facet normal 0 0 1
    outer loop
      vertex -2.72954 -13.0233 2.7
      vertex -2.46199 -13.2494 2.7
      vertex -2.48894 -13.2072 2.7
    endloop
  endfacet
  facet normal 0 0 1
    outer loop
      vertex -2.39574 -13.679 2.7
      vertex -2.78217 -14.1207 2.7
      vertex -2.40616 -13.7325 2.7
    endloop
  endfacet
  facet normal 0 0 1
    outer loop
      vertex -2.72954 -13.0233 2.7
      vertex -2.48894 -13.2072 2.7
      vertex -2.52002 -13.168 2.7
    endloop
  endfacet
  facet normal 0 0 1
    outer loop
      vertex -2.40604 -13.3932 2.7
      vertex -2.72954 -13.0233 2.7
      vertex -2.78096 -13.0059 2.7
    endloop
  endfacet
  facet normal 0 0 1
    outer loop
      vertex -2.72954 -13.0233 2.7
      vertex -2.52002 -13.168 2.7
      vertex -2.55524 -13.1317 2.7
    endloop
  endfacet
  facet normal 0 0 1
    outer loop
      vertex -2.72954 -13.0233 2.7
      vertex -2.55524 -13.1317 2.7
      vertex -2.68126 -13.0446 2.7
    endloop
  endfacet
  facet normal 0 0 1
    outer loop
      vertex -2.63611 -13.0698 2.7
      vertex -2.55524 -13.1317 2.7
      vertex -2.5941 -13.0988 2.7
    endloop
  endfacet
  facet normal 0 0 1
    outer loop
      vertex -2.68126 -13.0446 2.7
      vertex -2.55524 -13.1317 2.7
      vertex -2.63611 -13.0698 2.7
    endloop
  endfacet
  facet normal 0 -0 1
    outer loop
      vertex -2.73087 -14.1032 2.7
      vertex -2.40616 -13.7325 2.7
      vertex -2.78217 -14.1207 2.7
    endloop
  endfacet
  facet normal 0 0 1
    outer loop
      vertex -2.52083 -13.9576 2.7
      vertex -2.59532 -14.0272 2.7
      vertex -2.55626 -13.9941 2.7
    endloop
  endfacet
  facet normal 0 0 1
    outer loop
      vertex -2.52083 -13.9576 2.7
      vertex -2.63744 -14.0564 2.7
      vertex -2.59532 -14.0272 2.7
    endloop
  endfacet
  facet normal 0 0 1
    outer loop
      vertex -2.52083 -13.9576 2.7
      vertex -2.68262 -14.0817 2.7
      vertex -2.63744 -14.0564 2.7
    endloop
  endfacet
  facet normal 0 0 1
    outer loop
      vertex -2.43951 -13.8311 2.7
      vertex -2.73087 -14.1032 2.7
      vertex -2.46245 -13.8761 2.7
    endloop
  endfacet
  facet normal 0 0 1
    outer loop
      vertex -2.52083 -13.9576 2.7
      vertex -2.73087 -14.1032 2.7
      vertex -2.68262 -14.0817 2.7
    endloop
  endfacet
  facet normal 0 0 1
    outer loop
      vertex -2.48955 -13.9182 2.7
      vertex -2.73087 -14.1032 2.7
      vertex -2.52083 -13.9576 2.7
    endloop
  endfacet
  facet normal 0 0 1
    outer loop
      vertex -2.46245 -13.8761 2.7
      vertex -2.73087 -14.1032 2.7
      vertex -2.48955 -13.9182 2.7
    endloop
  endfacet
  facet normal 0 0 1
    outer loop
      vertex -2.42075 -13.7832 2.7
      vertex -2.73087 -14.1032 2.7
      vertex -2.43951 -13.8311 2.7
    endloop
  endfacet
  facet normal 0 0 1
    outer loop
      vertex -2.40616 -13.7325 2.7
      vertex -2.73087 -14.1032 2.7
      vertex -2.42075 -13.7832 2.7
    endloop
  endfacet
  facet normal 0 -0 1
    outer loop
      vertex -2.78217 -14.1207 2.7
      vertex -2.39574 -13.679 2.7
      vertex -2.83655 -14.1343 2.7
    endloop
  endfacet
  facet normal 0 0 1
    outer loop
      vertex -2.38948 -13.6226 2.7
      vertex -2.83655 -14.1343 2.7
      vertex -2.39574 -13.679 2.7
    endloop
  endfacet
  facet normal 0 0 1
    outer loop
      vertex -2.95407 -12.9768 2.7
      vertex -2.89398 -14.1441 2.7
      vertex -2.89323 -12.9827 2.7
    endloop
  endfacet
  facet normal 0 0 1
    outer loop
      vertex -2.95407 -12.9768 2.7
      vertex -2.95448 -14.1499 2.7
      vertex -2.89398 -14.1441 2.7
    endloop
  endfacet
  facet normal 0 0 1
    outer loop
      vertex -3.01805 -12.9749 2.7
      vertex -2.95448 -14.1499 2.7
      vertex -2.95407 -12.9768 2.7
    endloop
  endfacet
  facet normal 0 0 1
    outer loop
      vertex -3.01805 -12.9749 2.7
      vertex -3.01805 -14.1519 2.7
      vertex -2.95448 -14.1499 2.7
    endloop
  endfacet
  facet normal -0 0 1
    outer loop
      vertex -3.0816 -12.9768 2.7
      vertex -3.01805 -14.1519 2.7
      vertex -3.01805 -12.9749 2.7
    endloop
  endfacet
  facet normal 0 0 1
    outer loop
      vertex -3.0816 -12.9768 2.7
      vertex -3.0816 -14.1499 2.7
      vertex -3.01805 -14.1519 2.7
    endloop
  endfacet
  facet normal -0 0 1
    outer loop
      vertex -3.14207 -12.9827 2.7
      vertex -3.0816 -14.1499 2.7
      vertex -3.0816 -12.9768 2.7
    endloop
  endfacet
  facet normal 0 0 1
    outer loop
      vertex -3.14207 -12.9827 2.7
      vertex -3.14207 -14.1441 2.7
      vertex -3.0816 -14.1499 2.7
    endloop
  endfacet
  facet normal 0 0 1
    outer loop
      vertex -3.64667 -13.5634 2.7
      vertex -3.14207 -12.9827 2.7
      vertex -3.19945 -12.9923 2.7
    endloop
  endfacet
  facet normal 0 0 1
    outer loop
      vertex -3.14207 -12.9827 2.7
      vertex -3.64667 -13.5634 2.7
      vertex -3.14207 -14.1441 2.7
    endloop
  endfacet
  facet normal 0 0 1
    outer loop
      vertex -3.64461 -13.5038 2.7
      vertex -3.19945 -12.9923 2.7
      vertex -3.25374 -13.0059 2.7
    endloop
  endfacet
  facet normal 0 0 1
    outer loop
      vertex -3.14207 -14.1441 2.7
      vertex -3.64667 -13.5634 2.7
      vertex -3.19945 -14.1344 2.7
    endloop
  endfacet
  facet normal 0 0 1
    outer loop
      vertex -3.63838 -13.447 2.7
      vertex -3.25374 -13.0059 2.7
      vertex -3.30495 -13.0233 2.7
    endloop
  endfacet
  facet normal -0 -0 1
    outer loop
      vertex -3.64461 -13.623 2.7
      vertex -3.19945 -14.1344 2.7
      vertex -3.64667 -13.5634 2.7
    endloop
  endfacet
  facet normal 0 0 1
    outer loop
      vertex -3.63838 -13.447 2.7
      vertex -3.30495 -13.0233 2.7
      vertex -3.35306 -13.0446 2.7
    endloop
  endfacet
  facet normal 0 0 1
    outer loop
      vertex -3.19945 -14.1344 2.7
      vertex -3.64461 -13.623 2.7
      vertex -3.25374 -14.1209 2.7
    endloop
  endfacet
  facet normal 0 0 1
    outer loop
      vertex -3.63838 -13.447 2.7
      vertex -3.35306 -13.0446 2.7
      vertex -3.39807 -13.0698 2.7
    endloop
  endfacet
  facet normal -0 -0 1
    outer loop
      vertex -3.63838 -13.6797 2.7
      vertex -3.25374 -14.1209 2.7
      vertex -3.64461 -13.623 2.7
    endloop
  endfacet
  facet normal 0 0 1
    outer loop
      vertex -3.63838 -13.447 2.7
      vertex -3.39807 -13.0698 2.7
      vertex -3.44 -13.0988 2.7
    endloop
  endfacet
  facet normal 0 0 1
    outer loop
      vertex -3.25374 -14.1209 2.7
      vertex -3.63838 -13.6797 2.7
      vertex -3.30495 -14.1035 2.7
    endloop
  endfacet
  facet normal 0 0 1
    outer loop
      vertex -3.63838 -13.447 2.7
      vertex -3.44 -13.0988 2.7
      vertex -3.47885 -13.1317 2.7
    endloop
  endfacet
  facet normal 0 0 1
    outer loop
      vertex -3.30495 -14.1035 2.7
      vertex -3.63838 -13.6797 2.7
      vertex -3.35306 -14.0822 2.7
    endloop
  endfacet
  facet normal 0 0 1
    outer loop
      vertex -3.63838 -13.447 2.7
      vertex -3.47885 -13.1317 2.7
      vertex -3.51407 -13.168 2.7
    endloop
  endfacet
  facet normal 0 0 1
    outer loop
      vertex -3.35306 -14.0822 2.7
      vertex -3.63838 -13.6797 2.7
      vertex -3.39807 -14.057 2.7
    endloop
  endfacet
  facet normal 0 0 1
    outer loop
      vertex -3.63838 -13.447 2.7
      vertex -3.51407 -13.168 2.7
      vertex -3.54515 -13.2072 2.7
    endloop
  endfacet
  facet normal 0 0 1
    outer loop
      vertex -3.39807 -14.057 2.7
      vertex -3.63838 -13.6797 2.7
      vertex -3.44 -14.028 2.7
    endloop
  endfacet
  facet normal 0 0 1
    outer loop
      vertex -3.63838 -13.447 2.7
      vertex -3.54515 -13.2072 2.7
      vertex -3.57208 -13.2494 2.7
    endloop
  endfacet
  facet normal 0 0 1
    outer loop
      vertex -3.44 -14.028 2.7
      vertex -3.63838 -13.6797 2.7
      vertex -3.47885 -13.9951 2.7
    endloop
  endfacet
  facet normal 0 0 1
    outer loop
      vertex -3.63838 -13.447 2.7
      vertex -3.57208 -13.2494 2.7
      vertex -3.59488 -13.2944 2.7
    endloop
  endfacet
  facet normal 0 0 1
    outer loop
      vertex -3.19945 -12.9923 2.7
      vertex -3.64461 -13.5038 2.7
      vertex -3.64667 -13.5634 2.7
    endloop
  endfacet
  facet normal 0 0 1
    outer loop
      vertex -3.63838 -13.447 2.7
      vertex -3.59488 -13.2944 2.7
      vertex -3.61353 -13.3424 2.7
    endloop
  endfacet
  facet normal 0 0 1
    outer loop
      vertex -3.47885 -13.9951 2.7
      vertex -3.63838 -13.6797 2.7
      vertex -3.51407 -13.9588 2.7
    endloop
  endfacet
  facet normal 0 0 1
    outer loop
      vertex -3.63838 -13.447 2.7
      vertex -3.61353 -13.3424 2.7
      vertex -3.62802 -13.3932 2.7
    endloop
  endfacet
  facet normal 0 0 1
    outer loop
      vertex -3.25374 -13.0059 2.7
      vertex -3.63838 -13.447 2.7
      vertex -3.64461 -13.5038 2.7
    endloop
  endfacet
  facet normal 0 0 1
    outer loop
      vertex -3.51407 -13.9588 2.7
      vertex -3.63838 -13.6797 2.7
      vertex -3.54515 -13.9196 2.7
    endloop
  endfacet
  facet normal 0 0 1
    outer loop
      vertex -3.61353 -13.7844 2.7
      vertex -3.63838 -13.6797 2.7
      vertex -3.62802 -13.7335 2.7
    endloop
  endfacet
  facet normal 0 0 1
    outer loop
      vertex -3.54515 -13.9196 2.7
      vertex -3.63838 -13.6797 2.7
      vertex -3.57208 -13.8774 2.7
    endloop
  endfacet
  facet normal 0 0 1
    outer loop
      vertex -3.59488 -13.8324 2.7
      vertex -3.63838 -13.6797 2.7
      vertex -3.61353 -13.7844 2.7
    endloop
  endfacet
  facet normal 0 0 1
    outer loop
      vertex -3.57208 -13.8774 2.7
      vertex -3.63838 -13.6797 2.7
      vertex -3.59488 -13.8324 2.7
    endloop
  endfacet
  facet normal 0 0 1
    outer loop
      vertex -2.85451 -11.6667 2.7
      vertex -2.45453 -12.1522 2.7
      vertex -2.45638 -12.1011 2.7
    endloop
  endfacet
  facet normal 0 0 1
    outer loop
      vertex -2.80566 -11.6781 2.7
      vertex -2.45638 -12.1011 2.7
      vertex -2.46191 -12.0525 2.7
    endloop
  endfacet
  facet normal 0 0 1
    outer loop
      vertex -2.85451 -11.6667 2.7
      vertex -2.45638 -12.1011 2.7
      vertex -2.80566 -11.6781 2.7
    endloop
  endfacet
  facet normal 0 0 1
    outer loop
      vertex -2.75967 -11.6928 2.7
      vertex -2.46191 -12.0525 2.7
      vertex -2.47115 -12.0065 2.7
    endloop
  endfacet
  facet normal 0 0 1
    outer loop
      vertex -2.85451 -12.6377 2.7
      vertex -2.45453 -12.1522 2.7
      vertex -2.85451 -11.6667 2.7
    endloop
  endfacet
  facet normal 0 0 1
    outer loop
      vertex -2.67618 -11.732 2.7
      vertex -2.47115 -12.0065 2.7
      vertex -2.48407 -11.963 2.7
    endloop
  endfacet
  facet normal 0 0 1
    outer loop
      vertex -2.45638 -12.2033 2.7
      vertex -2.80566 -12.6263 2.7
      vertex -2.46191 -12.2519 2.7
    endloop
  endfacet
  facet normal 0 0 1
    outer loop
      vertex -2.67618 -11.732 2.7
      vertex -2.48407 -11.963 2.7
      vertex -2.50069 -11.9221 2.7
    endloop
  endfacet
  facet normal 0 0 1
    outer loop
      vertex -2.46191 -12.0525 2.7
      vertex -2.75967 -11.6928 2.7
      vertex -2.80566 -11.6781 2.7
    endloop
  endfacet
  facet normal 0 0 1
    outer loop
      vertex -2.6387 -11.7565 2.7
      vertex -2.50069 -11.9221 2.7
      vertex -2.52098 -11.8838 2.7
    endloop
  endfacet
  facet normal 0 -0 1
    outer loop
      vertex -2.75967 -12.6116 2.7
      vertex -2.46191 -12.2519 2.7
      vertex -2.80566 -12.6263 2.7
    endloop
  endfacet
  facet normal 0 0 1
    outer loop
      vertex -2.6387 -11.7565 2.7
      vertex -2.52098 -11.8838 2.7
      vertex -2.54498 -11.848 2.7
    endloop
  endfacet
  facet normal 0 0 1
    outer loop
      vertex -2.47115 -12.0065 2.7
      vertex -2.71651 -11.7108 2.7
      vertex -2.75967 -11.6928 2.7
    endloop
  endfacet
  facet normal 0 0 1
    outer loop
      vertex -2.60405 -11.7842 2.7
      vertex -2.54498 -11.848 2.7
      vertex -2.57268 -11.8148 2.7
    endloop
  endfacet
  facet normal 0 0 1
    outer loop
      vertex -2.6387 -11.7565 2.7
      vertex -2.54498 -11.848 2.7
      vertex -2.60405 -11.7842 2.7
    endloop
  endfacet
  facet normal 0 0 1
    outer loop
      vertex -2.50069 -11.9221 2.7
      vertex -2.6387 -11.7565 2.7
      vertex -2.67618 -11.732 2.7
    endloop
  endfacet
  facet normal 0 0 1
    outer loop
      vertex -2.54498 -12.4564 2.7
      vertex -2.60405 -12.5202 2.7
      vertex -2.57268 -12.4896 2.7
    endloop
  endfacet
  facet normal 0 0 1
    outer loop
      vertex -2.47115 -12.0065 2.7
      vertex -2.67618 -11.732 2.7
      vertex -2.71651 -11.7108 2.7
    endloop
  endfacet
  facet normal 0 0 1
    outer loop
      vertex -2.54498 -12.4564 2.7
      vertex -2.6387 -12.5479 2.7
      vertex -2.60405 -12.5202 2.7
    endloop
  endfacet
  facet normal 0 -0 1
    outer loop
      vertex -2.67618 -12.5724 2.7
      vertex -2.47115 -12.2979 2.7
      vertex -2.71651 -12.5936 2.7
    endloop
  endfacet
  facet normal 0 0 1
    outer loop
      vertex -2.52098 -12.4206 2.7
      vertex -2.6387 -12.5479 2.7
      vertex -2.54498 -12.4564 2.7
    endloop
  endfacet
  facet normal 0 -0 1
    outer loop
      vertex -2.6387 -12.5479 2.7
      vertex -2.50069 -12.3822 2.7
      vertex -2.67618 -12.5724 2.7
    endloop
  endfacet
  facet normal 0 0 1
    outer loop
      vertex -2.50069 -12.3822 2.7
      vertex -2.6387 -12.5479 2.7
      vertex -2.52098 -12.4206 2.7
    endloop
  endfacet
  facet normal 0 0 1
    outer loop
      vertex -2.47115 -12.2979 2.7
      vertex -2.67618 -12.5724 2.7
      vertex -2.48407 -12.3414 2.7
    endloop
  endfacet
  facet normal 0 0 1
    outer loop
      vertex -2.48407 -12.3414 2.7
      vertex -2.67618 -12.5724 2.7
      vertex -2.50069 -12.3822 2.7
    endloop
  endfacet
  facet normal 0 0 1
    outer loop
      vertex -2.46191 -12.2519 2.7
      vertex -2.75967 -12.6116 2.7
      vertex -2.47115 -12.2979 2.7
    endloop
  endfacet
  facet normal 0 -0 1
    outer loop
      vertex -2.71651 -12.5936 2.7
      vertex -2.47115 -12.2979 2.7
      vertex -2.75967 -12.6116 2.7
    endloop
  endfacet
  facet normal 0 0 1
    outer loop
      vertex -2.45453 -12.1522 2.7
      vertex -2.85451 -12.6377 2.7
      vertex -2.45638 -12.2033 2.7
    endloop
  endfacet
  facet normal 0 0 1
    outer loop
      vertex -2.45638 -12.2033 2.7
      vertex -2.85451 -12.6377 2.7
      vertex -2.80566 -12.6263 2.7
    endloop
  endfacet
  facet normal 0 0 1
    outer loop
      vertex -2.90619 -11.6586 2.7
      vertex -2.85451 -12.6377 2.7
      vertex -2.85451 -11.6667 2.7
    endloop
  endfacet
  facet normal 0 0 1
    outer loop
      vertex -2.90619 -11.6586 2.7
      vertex -2.90619 -12.6458 2.7
      vertex -2.85451 -12.6377 2.7
    endloop
  endfacet
  facet normal 0 0 1
    outer loop
      vertex -2.96069 -11.6537 2.7
      vertex -2.90619 -12.6458 2.7
      vertex -2.90619 -11.6586 2.7
    endloop
  endfacet
  facet normal 0 0 1
    outer loop
      vertex -2.96069 -11.6537 2.7
      vertex -2.96069 -12.6507 2.7
      vertex -2.90619 -12.6458 2.7
    endloop
  endfacet
  facet normal 0 0 1
    outer loop
      vertex -3.01805 -11.652 2.7
      vertex -2.96069 -12.6507 2.7
      vertex -2.96069 -11.6537 2.7
    endloop
  endfacet
  facet normal 0 0 1
    outer loop
      vertex -3.01805 -11.652 2.7
      vertex -3.01805 -12.6524 2.7
      vertex -2.96069 -12.6507 2.7
    endloop
  endfacet
  facet normal -0 0 1
    outer loop
      vertex -3.07581 -11.6537 2.7
      vertex -3.01805 -12.6524 2.7
      vertex -3.01805 -11.652 2.7
    endloop
  endfacet
  facet normal 0 0 1
    outer loop
      vertex -3.07581 -11.6537 2.7
      vertex -3.07581 -12.6507 2.7
      vertex -3.01805 -12.6524 2.7
    endloop
  endfacet
  facet normal -0 0 1
    outer loop
      vertex -3.13062 -11.6586 2.7
      vertex -3.07581 -12.6507 2.7
      vertex -3.07581 -11.6537 2.7
    endloop
  endfacet
  facet normal 0 0 1
    outer loop
      vertex -3.13062 -11.6586 2.7
      vertex -3.13062 -12.6458 2.7
      vertex -3.07581 -12.6507 2.7
    endloop
  endfacet
  facet normal -0 0 1
    outer loop
      vertex -3.1825 -11.6667 2.7
      vertex -3.13062 -12.6458 2.7
      vertex -3.13062 -11.6586 2.7
    endloop
  endfacet
  facet normal 0 0 1
    outer loop
      vertex -3.1825 -11.6667 2.7
      vertex -3.1825 -12.6377 2.7
      vertex -3.13062 -12.6458 2.7
    endloop
  endfacet
  facet normal 0 0 1
    outer loop
      vertex -3.57953 -12.1522 2.7
      vertex -3.1825 -11.6667 2.7
      vertex -3.23143 -11.6781 2.7
    endloop
  endfacet
  facet normal 0 0 1
    outer loop
      vertex -3.1825 -11.6667 2.7
      vertex -3.57953 -12.1522 2.7
      vertex -3.1825 -12.6377 2.7
    endloop
  endfacet
  facet normal 0 0 1
    outer loop
      vertex -3.57771 -12.1011 2.7
      vertex -3.23143 -11.6781 2.7
      vertex -3.27744 -11.6928 2.7
    endloop
  endfacet
  facet normal 0 0 1
    outer loop
      vertex -3.1825 -12.6377 2.7
      vertex -3.57953 -12.1522 2.7
      vertex -3.23143 -12.6263 2.7
    endloop
  endfacet
  facet normal 0 0 1
    outer loop
      vertex -3.57225 -12.0525 2.7
      vertex -3.27744 -11.6928 2.7
      vertex -3.3205 -11.7108 2.7
    endloop
  endfacet
  facet normal -0 -0 1
    outer loop
      vertex -3.57771 -12.2033 2.7
      vertex -3.23143 -12.6263 2.7
      vertex -3.57953 -12.1522 2.7
    endloop
  endfacet
  facet normal 0 0 1
    outer loop
      vertex -3.57225 -12.0525 2.7
      vertex -3.3205 -11.7108 2.7
      vertex -3.36061 -11.732 2.7
    endloop
  endfacet
  facet normal 0 0 1
    outer loop
      vertex -3.23143 -12.6263 2.7
      vertex -3.57771 -12.2033 2.7
      vertex -3.27744 -12.6116 2.7
    endloop
  endfacet
  facet normal 0 0 1
    outer loop
      vertex -3.57225 -12.0525 2.7
      vertex -3.36061 -11.732 2.7
      vertex -3.39781 -11.7565 2.7
    endloop
  endfacet
  facet normal -0 -0 1
    outer loop
      vertex -3.57225 -12.2519 2.7
      vertex -3.27744 -12.6116 2.7
      vertex -3.57771 -12.2033 2.7
    endloop
  endfacet
  facet normal 0 0 1
    outer loop
      vertex -3.57225 -12.0525 2.7
      vertex -3.39781 -11.7565 2.7
      vertex -3.43205 -11.7842 2.7
    endloop
  endfacet
  facet normal 0 0 1
    outer loop
      vertex -3.27744 -12.6116 2.7
      vertex -3.57225 -12.2519 2.7
      vertex -3.3205 -12.5936 2.7
    endloop
  endfacet
  facet normal 0 0 1
    outer loop
      vertex -3.57225 -12.0525 2.7
      vertex -3.43205 -11.7842 2.7
      vertex -3.46301 -11.8148 2.7
    endloop
  endfacet
  facet normal 0 0 1
    outer loop
      vertex -3.3205 -12.5936 2.7
      vertex -3.57225 -12.2519 2.7
      vertex -3.36061 -12.5724 2.7
    endloop
  endfacet
  facet normal 0 0 1
    outer loop
      vertex -3.57225 -12.0525 2.7
      vertex -3.46301 -11.8148 2.7
      vertex -3.49031 -11.848 2.7
    endloop
  endfacet
  facet normal 0 0 1
    outer loop
      vertex -3.36061 -12.5724 2.7
      vertex -3.57225 -12.2519 2.7
      vertex -3.39781 -12.5479 2.7
    endloop
  endfacet
  facet normal 0 0 1
    outer loop
      vertex -3.57225 -12.0525 2.7
      vertex -3.49031 -11.848 2.7
      vertex -3.51399 -11.8838 2.7
    endloop
  endfacet
  facet normal 0 0 1
    outer loop
      vertex -3.39781 -12.5479 2.7
      vertex -3.57225 -12.2519 2.7
      vertex -3.43205 -12.5202 2.7
    endloop
  endfacet
  facet normal 0 0 1
    outer loop
      vertex -3.57225 -12.0525 2.7
      vertex -3.51399 -11.8838 2.7
      vertex -3.53401 -11.9221 2.7
    endloop
  endfacet
  facet normal 0 0 1
    outer loop
      vertex -3.23143 -11.6781 2.7
      vertex -3.57771 -12.1011 2.7
      vertex -3.57953 -12.1522 2.7
    endloop
  endfacet
  facet normal 0 0 1
    outer loop
      vertex -3.57225 -12.0525 2.7
      vertex -3.53401 -11.9221 2.7
      vertex -3.5504 -11.963 2.7
    endloop
  endfacet
  facet normal 0 0 1
    outer loop
      vertex -3.43205 -12.5202 2.7
      vertex -3.57225 -12.2519 2.7
      vertex -3.46301 -12.4896 2.7
    endloop
  endfacet
  facet normal 0 0 1
    outer loop
      vertex -3.57225 -12.0525 2.7
      vertex -3.5504 -11.963 2.7
      vertex -3.56314 -12.0065 2.7
    endloop
  endfacet
  facet normal 0 0 1
    outer loop
      vertex -3.27744 -11.6928 2.7
      vertex -3.57225 -12.0525 2.7
      vertex -3.57771 -12.1011 2.7
    endloop
  endfacet
  facet normal 0 0 1
    outer loop
      vertex -3.46301 -12.4896 2.7
      vertex -3.57225 -12.2519 2.7
      vertex -3.49031 -12.4564 2.7
    endloop
  endfacet
  facet normal 0 0 1
    outer loop
      vertex -3.49031 -12.4564 2.7
      vertex -3.57225 -12.2519 2.7
      vertex -3.51399 -12.4206 2.7
    endloop
  endfacet
  facet normal 0 0 1
    outer loop
      vertex -3.5504 -12.3414 2.7
      vertex -3.57225 -12.2519 2.7
      vertex -3.56314 -12.2979 2.7
    endloop
  endfacet
  facet normal 0 0 1
    outer loop
      vertex -3.53401 -12.3822 2.7
      vertex -3.57225 -12.2519 2.7
      vertex -3.5504 -12.3414 2.7
    endloop
  endfacet
  facet normal 0 0 1
    outer loop
      vertex -3.51399 -12.4206 2.7
      vertex -3.57225 -12.2519 2.7
      vertex -3.53401 -12.3822 2.7
    endloop
  endfacet
  facet normal -0.998796 -0.0490545 0
    outer loop
      vertex -10.459 -4.29486 0
      vertex -10.5625 -2.1875 2.7
      vertex -10.5625 -2.1875 0
    endloop
  endfacet
  facet normal -0.998796 -0.0490545 0
    outer loop
      vertex -10.5625 -2.1875 2.7
      vertex -10.459 -4.29486 0
      vertex -10.459 -4.29486 2.7
    endloop
  endfacet
  facet normal -0.803226 -0.595675 0
    outer loop
      vertex -5.68222 -15.827 0
      vertex -6.93909 -14.1322 2.7
      vertex -6.93909 -14.1322 0
    endloop
  endfacet
  facet normal -0.803226 -0.595675 0
    outer loop
      vertex -6.93909 -14.1322 2.7
      vertex -5.68222 -15.827 0
      vertex -5.68222 -15.827 2.7
    endloop
  endfacet
  facet normal -0.242994 -0.970028 0
    outer loop
      vertex 4.69638 -22.7617 0
      vertex 6.74307 -23.2744 2.7
      vertex 4.69638 -22.7617 2.7
    endloop
  endfacet
  facet normal -0.242994 -0.970028 -0
    outer loop
      vertex 6.74307 -23.2744 2.7
      vertex 4.69638 -22.7617 0
      vertex 6.74307 -23.2744 0
    endloop
  endfacet
  facet normal -0.427554 -0.90399 0
    outer loop
      vertex 0.802475 -21.1488 0
      vertex 2.70981 -22.0509 2.7
      vertex 0.802475 -21.1488 2.7
    endloop
  endfacet
  facet normal -0.427554 -0.90399 -0
    outer loop
      vertex 2.70981 -22.0509 2.7
      vertex 0.802475 -21.1488 0
      vertex 2.70981 -22.0509 0
    endloop
  endfacet
  facet normal 1 -0 0
    outer loop
      vertex 10.9375 -23.6875 2.7
      vertex 10.9375 -2.1875 0
      vertex 10.9375 -2.1875 2.7
    endloop
  endfacet
  facet normal 1 0 0
    outer loop
      vertex 10.9375 -2.1875 0
      vertex 10.9375 -23.6875 2.7
      vertex 10.9375 -23.6875 0
    endloop
  endfacet
  facet normal -0.989176 -0.146736 0
    outer loop
      vertex -10.1494 -6.38193 0
      vertex -10.459 -4.29486 2.7
      vertex -10.459 -4.29486 0
    endloop
  endfacet
  facet normal -0.989176 -0.146736 0
    outer loop
      vertex -10.459 -4.29486 2.7
      vertex -10.1494 -6.38193 0
      vertex -10.1494 -6.38193 2.7
    endloop
  endfacet
  facet normal -0.740942 -0.671569 0
    outer loop
      vertex -4.26529 -17.3903 0
      vertex -5.68222 -15.827 2.7
      vertex -5.68222 -15.827 0
    endloop
  endfacet
  facet normal -0.740942 -0.671569 0
    outer loop
      vertex -5.68222 -15.827 2.7
      vertex -4.26529 -17.3903 0
      vertex -4.26529 -17.3903 2.7
    endloop
  endfacet
  facet normal -0.0490545 -0.998796 0
    outer loop
      vertex 8.83014 -23.584 0
      vertex 10.9375 -23.6875 2.7
      vertex 8.83014 -23.584 2.7
    endloop
  endfacet
  facet normal -0.0490545 -0.998796 -0
    outer loop
      vertex 10.9375 -23.6875 2.7
      vertex 8.83014 -23.584 0
      vertex 10.9375 -23.6875 0
    endloop
  endfacet
  facet normal -0.941546 -0.336886 0
    outer loop
      vertex -8.9259 -10.4152 0
      vertex -9.6367 -8.42862 2.7
      vertex -9.6367 -8.42862 0
    endloop
  endfacet
  facet normal -0.941546 -0.336886 0
    outer loop
      vertex -9.6367 -8.42862 2.7
      vertex -8.9259 -10.4152 0
      vertex -8.9259 -10.4152 2.7
    endloop
  endfacet
  facet normal -0.903987 -0.427561 0
    outer loop
      vertex -8.0238 -12.3225 0
      vertex -8.9259 -10.4152 2.7
      vertex -8.9259 -10.4152 0
    endloop
  endfacet
  facet normal -0.903987 -0.427561 0
    outer loop
      vertex -8.9259 -10.4152 2.7
      vertex -8.0238 -12.3225 0
      vertex -8.0238 -12.3225 2.7
    endloop
  endfacet
  facet normal -0.595707 -0.803202 0
    outer loop
      vertex -2.70195 -18.8072 0
      vertex -1.00725 -20.0641 2.7
      vertex -2.70195 -18.8072 2.7
    endloop
  endfacet
  facet normal -0.595707 -0.803202 -0
    outer loop
      vertex -1.00725 -20.0641 2.7
      vertex -2.70195 -18.8072 0
      vertex -1.00725 -20.0641 0
    endloop
  endfacet
  facet normal -0.857725 -0.514109 0
    outer loop
      vertex -6.93909 -14.1322 0
      vertex -8.0238 -12.3225 2.7
      vertex -8.0238 -12.3225 0
    endloop
  endfacet
  facet normal -0.857725 -0.514109 0
    outer loop
      vertex -8.0238 -12.3225 2.7
      vertex -6.93909 -14.1322 0
      vertex -6.93909 -14.1322 2.7
    endloop
  endfacet
  facet normal -0.5141 -0.85773 0
    outer loop
      vertex -1.00725 -20.0641 0
      vertex 0.802475 -21.1488 2.7
      vertex -1.00725 -20.0641 2.7
    endloop
  endfacet
  facet normal -0.5141 -0.85773 -0
    outer loop
      vertex 0.802475 -21.1488 2.7
      vertex -1.00725 -20.0641 0
      vertex 0.802475 -21.1488 0
    endloop
  endfacet
  facet normal -0.146736 -0.989176 0
    outer loop
      vertex 6.74307 -23.2744 0
      vertex 8.83014 -23.584 2.7
      vertex 6.74307 -23.2744 2.7
    endloop
  endfacet
  facet normal -0.146736 -0.989176 -0
    outer loop
      vertex 8.83014 -23.584 2.7
      vertex 6.74307 -23.2744 0
      vertex 8.83014 -23.584 0
    endloop
  endfacet
  facet normal -0.336887 -0.941545 0
    outer loop
      vertex 2.70981 -22.0509 0
      vertex 4.69638 -22.7617 2.7
      vertex 2.70981 -22.0509 2.7
    endloop
  endfacet
  facet normal -0.336887 -0.941545 -0
    outer loop
      vertex 4.69638 -22.7617 2.7
      vertex 2.70981 -22.0509 0
      vertex 4.69638 -22.7617 0
    endloop
  endfacet
  facet normal -0.671551 -0.740958 0
    outer loop
      vertex -4.26529 -17.3903 0
      vertex -2.70195 -18.8072 2.7
      vertex -4.26529 -17.3903 2.7
    endloop
  endfacet
  facet normal -0.671551 -0.740958 -0
    outer loop
      vertex -2.70195 -18.8072 2.7
      vertex -4.26529 -17.3903 0
      vertex -2.70195 -18.8072 0
    endloop
  endfacet
  facet normal -0.970028 -0.242994 0
    outer loop
      vertex -9.6367 -8.42862 0
      vertex -10.1494 -6.38193 2.7
      vertex -10.1494 -6.38193 0
    endloop
  endfacet
  facet normal -0.970028 -0.242994 0
    outer loop
      vertex -10.1494 -6.38193 2.7
      vertex -9.6367 -8.42862 0
      vertex -9.6367 -8.42862 2.7
    endloop
  endfacet
  facet normal -0.989124 -0.147083 0
    outer loop
      vertex -12.293 0.11272 0
      vertex -12.3096 0.224354 1.2
      vertex -12.3096 0.224354 0
    endloop
  endfacet
  facet normal -0.989124 -0.147083 0
    outer loop
      vertex -12.3096 0.224354 1.2
      vertex -12.293 0.11272 0
      vertex -12.293 0.11272 1.2
    endloop
  endfacet
  facet normal -0.998812 -0.0487355 0
    outer loop
      vertex -12.2875 0 0
      vertex -12.293 0.11272 1.2
      vertex -12.293 0.11272 0
    endloop
  endfacet
  facet normal -0.998812 -0.0487355 0
    outer loop
      vertex -12.293 0.11272 1.2
      vertex -12.2875 0 0
      vertex -12.2875 0 1.2
    endloop
  endfacet
  facet normal -0.970076 -0.2428 0
    outer loop
      vertex -12.3096 0.224354 0
      vertex -12.337 0.333827 1.2
      vertex -12.337 0.333827 0
    endloop
  endfacet
  facet normal -0.970076 -0.2428 0
    outer loop
      vertex -12.337 0.333827 1.2
      vertex -12.3096 0.224354 0
      vertex -12.3096 0.224354 1.2
    endloop
  endfacet
  facet normal 0.146651 -0.989188 0
    outer loop
      vertex -13.6619 1.1279 0
      vertex -13.5502 1.14446 1.2
      vertex -13.6619 1.1279 1.2
    endloop
  endfacet
  facet normal 0.146651 -0.989188 0
    outer loop
      vertex -13.5502 1.14446 1.2
      vertex -13.6619 1.1279 0
      vertex -13.5502 1.14446 0
    endloop
  endfacet
  facet normal 0.941599 0.336735 0
    outer loop
      vertex -14.5 -0.440085 1.2
      vertex -14.538 -0.333827 0
      vertex -14.538 -0.333827 1.2
    endloop
  endfacet
  facet normal 0.941599 0.336735 0
    outer loop
      vertex -14.538 -0.333827 0
      vertex -14.5 -0.440085 1.2
      vertex -14.5 -0.440085 0
    endloop
  endfacet
  facet normal -0.514111 -0.857723 0
    outer loop
      vertex -12.8954 1.01421 0
      vertex -12.7986 0.956189 1.2
      vertex -12.8954 1.01421 1.2
    endloop
  endfacet
  facet normal -0.514111 -0.857723 -0
    outer loop
      vertex -12.7986 0.956189 1.2
      vertex -12.8954 1.01421 0
      vertex -12.7986 0.956189 0
    endloop
  endfacet
  facet normal 0.857806 -0.513974 0
    outer loop
      vertex -14.4517 0.542106 1.2
      vertex -14.3937 0.638906 0
      vertex -14.3937 0.638906 1.2
    endloop
  endfacet
  facet normal 0.857806 -0.513974 0
    outer loop
      vertex -14.3937 0.638906 0
      vertex -14.4517 0.542106 1.2
      vertex -14.4517 0.542106 0
    endloop
  endfacet
  facet normal -0.42761 0.903963 0
    outer loop
      vertex -12.8954 -1.01421 0
      vertex -12.9974 -1.06246 1.2
      vertex -12.8954 -1.01421 1.2
    endloop
  endfacet
  facet normal -0.42761 0.903963 0
    outer loop
      vertex -12.9974 -1.06246 1.2
      vertex -12.8954 -1.01421 0
      vertex -12.9974 -1.06246 0
    endloop
  endfacet
  facet normal -0.998812 0.0487355 0
    outer loop
      vertex -12.293 -0.11272 0
      vertex -12.2875 0 1.2
      vertex -12.2875 0 0
    endloop
  endfacet
  facet normal -0.998812 0.0487355 0
    outer loop
      vertex -12.2875 0 1.2
      vertex -12.293 -0.11272 0
      vertex -12.293 -0.11272 1.2
    endloop
  endfacet
  facet normal -0.24312 0.969996 0
    outer loop
      vertex -13.1037 -1.10048 0
      vertex -13.2131 -1.1279 1.2
      vertex -13.1037 -1.10048 1.2
    endloop
  endfacet
  facet normal -0.24312 0.969996 0
    outer loop
      vertex -13.2131 -1.1279 1.2
      vertex -13.1037 -1.10048 0
      vertex -13.2131 -1.1279 0
    endloop
  endfacet
  facet normal 0.595467 -0.80338 0
    outer loop
      vertex -14.1671 0.888962 0
      vertex -14.0764 0.956189 1.2
      vertex -14.1671 0.888962 1.2
    endloop
  endfacet
  facet normal 0.595467 -0.80338 0
    outer loop
      vertex -14.0764 0.956189 1.2
      vertex -14.1671 0.888962 0
      vertex -14.0764 0.956189 0
    endloop
  endfacet
  facet normal -0.0490978 0.998794 0
    outer loop
      vertex -13.3248 -1.14446 0
      vertex -13.4375 -1.15 1.2
      vertex -13.3248 -1.14446 1.2
    endloop
  endfacet
  facet normal -0.0490978 0.998794 0
    outer loop
      vertex -13.4375 -1.15 1.2
      vertex -13.3248 -1.14446 0
      vertex -13.4375 -1.15 0
    endloop
  endfacet
  facet normal 0.514111 0.857723 -0
    outer loop
      vertex -13.9796 -1.01421 0
      vertex -14.0764 -0.956189 1.2
      vertex -13.9796 -1.01421 1.2
    endloop
  endfacet
  facet normal 0.514111 0.857723 0
    outer loop
      vertex -14.0764 -0.956189 1.2
      vertex -13.9796 -1.01421 0
      vertex -14.0764 -0.956189 0
    endloop
  endfacet
  facet normal -0.903826 -0.4279 0
    outer loop
      vertex -12.375 0.440085 0
      vertex -12.4233 0.542106 1.2
      vertex -12.4233 0.542106 0
    endloop
  endfacet
  facet normal -0.903826 -0.4279 0
    outer loop
      vertex -12.4233 0.542106 1.2
      vertex -12.375 0.440085 0
      vertex -12.375 0.440085 1.2
    endloop
  endfacet
  facet normal 0.146651 0.989188 -0
    outer loop
      vertex -13.5502 -1.14446 0
      vertex -13.6619 -1.1279 1.2
      vertex -13.5502 -1.14446 1.2
    endloop
  endfacet
  facet normal 0.146651 0.989188 0
    outer loop
      vertex -13.6619 -1.1279 1.2
      vertex -13.5502 -1.14446 0
      vertex -13.6619 -1.1279 0
    endloop
  endfacet
  facet normal 0.24312 0.969996 -0
    outer loop
      vertex -13.6619 -1.1279 0
      vertex -13.7713 -1.10048 1.2
      vertex -13.6619 -1.1279 1.2
    endloop
  endfacet
  facet normal 0.24312 0.969996 0
    outer loop
      vertex -13.7713 -1.10048 1.2
      vertex -13.6619 -1.1279 0
      vertex -13.7713 -1.10048 0
    endloop
  endfacet
  facet normal -0.595467 -0.80338 0
    outer loop
      vertex -12.7986 0.956189 0
      vertex -12.7079 0.888962 1.2
      vertex -12.7986 0.956189 1.2
    endloop
  endfacet
  facet normal -0.595467 -0.80338 -0
    outer loop
      vertex -12.7079 0.888962 1.2
      vertex -12.7986 0.956189 0
      vertex -12.7079 0.888962 0
    endloop
  endfacet
  facet normal 0.903826 0.4279 0
    outer loop
      vertex -14.4517 -0.542106 1.2
      vertex -14.5 -0.440085 0
      vertex -14.5 -0.440085 1.2
    endloop
  endfacet
  facet normal 0.903826 0.4279 0
    outer loop
      vertex -14.5 -0.440085 0
      vertex -14.4517 -0.542106 1.2
      vertex -14.4517 -0.542106 0
    endloop
  endfacet
  facet normal -0.803325 0.595541 0
    outer loop
      vertex -12.5485 -0.729552 0
      vertex -12.4813 -0.638906 1.2
      vertex -12.4813 -0.638906 0
    endloop
  endfacet
  facet normal -0.803325 0.595541 0
    outer loop
      vertex -12.4813 -0.638906 1.2
      vertex -12.5485 -0.729552 0
      vertex -12.5485 -0.729552 1.2
    endloop
  endfacet
  facet normal -0.803325 -0.595541 0
    outer loop
      vertex -12.4813 0.638906 0
      vertex -12.5485 0.729552 1.2
      vertex -12.5485 0.729552 0
    endloop
  endfacet
  facet normal -0.803325 -0.595541 0
    outer loop
      vertex -12.5485 0.729552 1.2
      vertex -12.4813 0.638906 0
      vertex -12.4813 0.638906 1.2
    endloop
  endfacet
  facet normal 0 0 -1
    outer loop
      vertex -12.293 -0.11272 1.2
      vertex -12.293 0.11272 1.2
      vertex -12.2875 0 1.2
    endloop
  endfacet
  facet normal 0 0 -1
    outer loop
      vertex -12.3096 -0.224354 1.2
      vertex -12.293 0.11272 1.2
      vertex -12.293 -0.11272 1.2
    endloop
  endfacet
  facet normal 0 0 -1
    outer loop
      vertex -12.3096 -0.224354 1.2
      vertex -12.3096 0.224354 1.2
      vertex -12.293 0.11272 1.2
    endloop
  endfacet
  facet normal 0 0 -1
    outer loop
      vertex -12.337 -0.333827 1.2
      vertex -12.3096 0.224354 1.2
      vertex -12.3096 -0.224354 1.2
    endloop
  endfacet
  facet normal 0 0 -1
    outer loop
      vertex -12.337 -0.333827 1.2
      vertex -12.337 0.333827 1.2
      vertex -12.3096 0.224354 1.2
    endloop
  endfacet
  facet normal 0 0 -1
    outer loop
      vertex -12.375 -0.440085 1.2
      vertex -12.337 0.333827 1.2
      vertex -12.337 -0.333827 1.2
    endloop
  endfacet
  facet normal 0 0 -1
    outer loop
      vertex -12.375 -0.440085 1.2
      vertex -12.375 0.440085 1.2
      vertex -12.337 0.333827 1.2
    endloop
  endfacet
  facet normal 0 0 -1
    outer loop
      vertex -12.4233 -0.542106 1.2
      vertex -12.375 0.440085 1.2
      vertex -12.375 -0.440085 1.2
    endloop
  endfacet
  facet normal 0 0 -1
    outer loop
      vertex -12.4233 -0.542106 1.2
      vertex -12.4233 0.542106 1.2
      vertex -12.375 0.440085 1.2
    endloop
  endfacet
  facet normal 0 0 -1
    outer loop
      vertex -12.4813 -0.638906 1.2
      vertex -12.4233 0.542106 1.2
      vertex -12.4233 -0.542106 1.2
    endloop
  endfacet
  facet normal 0 0 -1
    outer loop
      vertex -12.4813 -0.638906 1.2
      vertex -12.4813 0.638906 1.2
      vertex -12.4233 0.542106 1.2
    endloop
  endfacet
  facet normal 0 0 -1
    outer loop
      vertex -12.5485 -0.729552 1.2
      vertex -12.4813 0.638906 1.2
      vertex -12.4813 -0.638906 1.2
    endloop
  endfacet
  facet normal 0 0 -1
    outer loop
      vertex -12.5485 -0.729552 1.2
      vertex -12.5485 0.729552 1.2
      vertex -12.4813 0.638906 1.2
    endloop
  endfacet
  facet normal 0 0 -1
    outer loop
      vertex -12.6243 -0.813172 1.2
      vertex -12.5485 0.729552 1.2
      vertex -12.5485 -0.729552 1.2
    endloop
  endfacet
  facet normal 0 0 -1
    outer loop
      vertex -12.6243 -0.813172 1.2
      vertex -12.6243 0.813172 1.2
      vertex -12.5485 0.729552 1.2
    endloop
  endfacet
  facet normal 0 0 -1
    outer loop
      vertex -12.7079 -0.888962 1.2
      vertex -12.6243 0.813172 1.2
      vertex -12.6243 -0.813172 1.2
    endloop
  endfacet
  facet normal 0 0 -1
    outer loop
      vertex -12.7079 -0.888962 1.2
      vertex -12.7079 0.888962 1.2
      vertex -12.6243 0.813172 1.2
    endloop
  endfacet
  facet normal 0 0 -1
    outer loop
      vertex -12.7986 -0.956189 1.2
      vertex -12.7079 0.888962 1.2
      vertex -12.7079 -0.888962 1.2
    endloop
  endfacet
  facet normal 0 0 -1
    outer loop
      vertex -12.7986 -0.956189 1.2
      vertex -12.7986 0.956189 1.2
      vertex -12.7079 0.888962 1.2
    endloop
  endfacet
  facet normal 0 0 -1
    outer loop
      vertex -12.8954 -1.01421 1.2
      vertex -12.7986 0.956189 1.2
      vertex -12.7986 -0.956189 1.2
    endloop
  endfacet
  facet normal 0 0 -1
    outer loop
      vertex -12.8954 -1.01421 1.2
      vertex -12.8954 1.01421 1.2
      vertex -12.7986 0.956189 1.2
    endloop
  endfacet
  facet normal 0 0 -1
    outer loop
      vertex -12.9974 -1.06246 1.2
      vertex -12.8954 1.01421 1.2
      vertex -12.8954 -1.01421 1.2
    endloop
  endfacet
  facet normal 0 0 -1
    outer loop
      vertex -12.9974 -1.06246 1.2
      vertex -12.9974 1.06246 1.2
      vertex -12.8954 1.01421 1.2
    endloop
  endfacet
  facet normal 0 0 -1
    outer loop
      vertex -13.1037 -1.10048 1.2
      vertex -12.9974 1.06246 1.2
      vertex -12.9974 -1.06246 1.2
    endloop
  endfacet
  facet normal 0 0 -1
    outer loop
      vertex -13.1037 -1.10048 1.2
      vertex -13.1037 1.10048 1.2
      vertex -12.9974 1.06246 1.2
    endloop
  endfacet
  facet normal 0 0 -1
    outer loop
      vertex -13.2131 -1.1279 1.2
      vertex -13.1037 1.10048 1.2
      vertex -13.1037 -1.10048 1.2
    endloop
  endfacet
  facet normal 0 0 -1
    outer loop
      vertex -13.2131 -1.1279 1.2
      vertex -13.2131 1.1279 1.2
      vertex -13.1037 1.10048 1.2
    endloop
  endfacet
  facet normal 0 0 -1
    outer loop
      vertex -13.3248 -1.14446 1.2
      vertex -13.2131 1.1279 1.2
      vertex -13.2131 -1.1279 1.2
    endloop
  endfacet
  facet normal 0 0 -1
    outer loop
      vertex -13.3248 -1.14446 1.2
      vertex -13.3248 1.14446 1.2
      vertex -13.2131 1.1279 1.2
    endloop
  endfacet
  facet normal 0 0 -1
    outer loop
      vertex -13.4375 -1.15 1.2
      vertex -13.3248 1.14446 1.2
      vertex -13.3248 -1.14446 1.2
    endloop
  endfacet
  facet normal 0 0 -1
    outer loop
      vertex -13.4375 -1.15 1.2
      vertex -13.4375 1.15 1.2
      vertex -13.3248 1.14446 1.2
    endloop
  endfacet
  facet normal 0 0 -1
    outer loop
      vertex -13.5502 -1.14446 1.2
      vertex -13.4375 1.15 1.2
      vertex -13.4375 -1.15 1.2
    endloop
  endfacet
  facet normal 0 0 -1
    outer loop
      vertex -13.5502 -1.14446 1.2
      vertex -13.5502 1.14446 1.2
      vertex -13.4375 1.15 1.2
    endloop
  endfacet
  facet normal 0 0 -1
    outer loop
      vertex -13.6619 -1.1279 1.2
      vertex -13.5502 1.14446 1.2
      vertex -13.5502 -1.14446 1.2
    endloop
  endfacet
  facet normal 0 0 -1
    outer loop
      vertex -13.6619 -1.1279 1.2
      vertex -13.6619 1.1279 1.2
      vertex -13.5502 1.14446 1.2
    endloop
  endfacet
  facet normal 0 0 -1
    outer loop
      vertex -13.7713 -1.10048 1.2
      vertex -13.6619 1.1279 1.2
      vertex -13.6619 -1.1279 1.2
    endloop
  endfacet
  facet normal 0 0 -1
    outer loop
      vertex -13.7713 -1.10048 1.2
      vertex -13.7713 1.10048 1.2
      vertex -13.6619 1.1279 1.2
    endloop
  endfacet
  facet normal 0 0 -1
    outer loop
      vertex -13.8776 -1.06246 1.2
      vertex -13.7713 1.10048 1.2
      vertex -13.7713 -1.10048 1.2
    endloop
  endfacet
  facet normal 0 0 -1
    outer loop
      vertex -13.8776 -1.06246 1.2
      vertex -13.8776 1.06246 1.2
      vertex -13.7713 1.10048 1.2
    endloop
  endfacet
  facet normal 0 0 -1
    outer loop
      vertex -13.9796 -1.01421 1.2
      vertex -13.8776 1.06246 1.2
      vertex -13.8776 -1.06246 1.2
    endloop
  endfacet
  facet normal 0 0 -1
    outer loop
      vertex -13.9796 -1.01421 1.2
      vertex -13.9796 1.01421 1.2
      vertex -13.8776 1.06246 1.2
    endloop
  endfacet
  facet normal 0 0 -1
    outer loop
      vertex -14.0764 -0.956189 1.2
      vertex -13.9796 1.01421 1.2
      vertex -13.9796 -1.01421 1.2
    endloop
  endfacet
  facet normal 0 0 -1
    outer loop
      vertex -14.0764 -0.956189 1.2
      vertex -14.0764 0.956189 1.2
      vertex -13.9796 1.01421 1.2
    endloop
  endfacet
  facet normal 0 0 -1
    outer loop
      vertex -14.1671 -0.888962 1.2
      vertex -14.0764 0.956189 1.2
      vertex -14.0764 -0.956189 1.2
    endloop
  endfacet
  facet normal 0 0 -1
    outer loop
      vertex -14.1671 -0.888962 1.2
      vertex -14.1671 0.888962 1.2
      vertex -14.0764 0.956189 1.2
    endloop
  endfacet
  facet normal 0 0 -1
    outer loop
      vertex -14.2507 -0.813172 1.2
      vertex -14.1671 0.888962 1.2
      vertex -14.1671 -0.888962 1.2
    endloop
  endfacet
  facet normal 0 0 -1
    outer loop
      vertex -14.2507 -0.813172 1.2
      vertex -14.2507 0.813172 1.2
      vertex -14.1671 0.888962 1.2
    endloop
  endfacet
  facet normal 0 0 -1
    outer loop
      vertex -14.3265 -0.729552 1.2
      vertex -14.2507 0.813172 1.2
      vertex -14.2507 -0.813172 1.2
    endloop
  endfacet
  facet normal 0 0 -1
    outer loop
      vertex -14.3265 -0.729552 1.2
      vertex -14.3265 0.729552 1.2
      vertex -14.2507 0.813172 1.2
    endloop
  endfacet
  facet normal 0 0 -1
    outer loop
      vertex -14.3937 -0.638906 1.2
      vertex -14.3265 0.729552 1.2
      vertex -14.3265 -0.729552 1.2
    endloop
  endfacet
  facet normal 0 0 -1
    outer loop
      vertex -14.3937 -0.638906 1.2
      vertex -14.3937 0.638906 1.2
      vertex -14.3265 0.729552 1.2
    endloop
  endfacet
  facet normal 0 0 -1
    outer loop
      vertex -14.4517 -0.542106 1.2
      vertex -14.3937 0.638906 1.2
      vertex -14.3937 -0.638906 1.2
    endloop
  endfacet
  facet normal 0 0 -1
    outer loop
      vertex -14.4517 -0.542106 1.2
      vertex -14.4517 0.542106 1.2
      vertex -14.3937 0.638906 1.2
    endloop
  endfacet
  facet normal 0 0 -1
    outer loop
      vertex -14.5 -0.440085 1.2
      vertex -14.4517 0.542106 1.2
      vertex -14.4517 -0.542106 1.2
    endloop
  endfacet
  facet normal 0 0 -1
    outer loop
      vertex -14.5 -0.440085 1.2
      vertex -14.5 0.440085 1.2
      vertex -14.4517 0.542106 1.2
    endloop
  endfacet
  facet normal 0 0 -1
    outer loop
      vertex -14.538 -0.333827 1.2
      vertex -14.5 0.440085 1.2
      vertex -14.5 -0.440085 1.2
    endloop
  endfacet
  facet normal 0 0 -1
    outer loop
      vertex -14.538 -0.333827 1.2
      vertex -14.538 0.333827 1.2
      vertex -14.5 0.440085 1.2
    endloop
  endfacet
  facet normal 0 0 -1
    outer loop
      vertex -14.5654 -0.224354 1.2
      vertex -14.538 0.333827 1.2
      vertex -14.538 -0.333827 1.2
    endloop
  endfacet
  facet normal 0 0 -1
    outer loop
      vertex -14.5654 -0.224354 1.2
      vertex -14.5654 0.224354 1.2
      vertex -14.538 0.333827 1.2
    endloop
  endfacet
  facet normal 0 0 -1
    outer loop
      vertex -14.582 -0.11272 1.2
      vertex -14.5654 0.224354 1.2
      vertex -14.5654 -0.224354 1.2
    endloop
  endfacet
  facet normal 0 0 -1
    outer loop
      vertex -14.582 -0.11272 1.2
      vertex -14.582 0.11272 1.2
      vertex -14.5654 0.224354 1.2
    endloop
  endfacet
  facet normal 0 -0 -1
    outer loop
      vertex -14.582 0.11272 1.2
      vertex -14.582 -0.11272 1.2
      vertex -14.5875 0 1.2
    endloop
  endfacet
  facet normal 0.989124 -0.147083 0
    outer loop
      vertex -14.582 0.11272 1.2
      vertex -14.5654 0.224354 0
      vertex -14.5654 0.224354 1.2
    endloop
  endfacet
  facet normal 0.989124 -0.147083 0
    outer loop
      vertex -14.5654 0.224354 0
      vertex -14.582 0.11272 1.2
      vertex -14.582 0.11272 0
    endloop
  endfacet
  facet normal 0.0490978 -0.998794 0
    outer loop
      vertex -13.5502 1.14446 0
      vertex -13.4375 1.15 1.2
      vertex -13.5502 1.14446 1.2
    endloop
  endfacet
  facet normal 0.0490978 -0.998794 0
    outer loop
      vertex -13.4375 1.15 1.2
      vertex -13.5502 1.14446 0
      vertex -13.4375 1.15 0
    endloop
  endfacet
  facet normal 0.970076 0.2428 0
    outer loop
      vertex -14.538 -0.333827 1.2
      vertex -14.5654 -0.224354 0
      vertex -14.5654 -0.224354 1.2
    endloop
  endfacet
  facet normal 0.970076 0.2428 0
    outer loop
      vertex -14.5654 -0.224354 0
      vertex -14.538 -0.333827 1.2
      vertex -14.538 -0.333827 0
    endloop
  endfacet
  facet normal 0.336774 -0.941585 0
    outer loop
      vertex -13.8776 1.06246 0
      vertex -13.7713 1.10048 1.2
      vertex -13.8776 1.06246 1.2
    endloop
  endfacet
  facet normal 0.336774 -0.941585 0
    outer loop
      vertex -13.7713 1.10048 1.2
      vertex -13.8776 1.06246 0
      vertex -13.7713 1.10048 0
    endloop
  endfacet
  facet normal 0.740902 -0.671614 0
    outer loop
      vertex -14.3265 0.729552 1.2
      vertex -14.2507 0.813172 0
      vertex -14.2507 0.813172 1.2
    endloop
  endfacet
  facet normal 0.740902 -0.671614 0
    outer loop
      vertex -14.2507 0.813172 0
      vertex -14.3265 0.729552 1.2
      vertex -14.3265 0.729552 0
    endloop
  endfacet
  facet normal -0.941599 0.336735 0
    outer loop
      vertex -12.375 -0.440085 0
      vertex -12.337 -0.333827 1.2
      vertex -12.337 -0.333827 0
    endloop
  endfacet
  facet normal -0.941599 0.336735 0
    outer loop
      vertex -12.337 -0.333827 1.2
      vertex -12.375 -0.440085 0
      vertex -12.375 -0.440085 1.2
    endloop
  endfacet
  facet normal -0.146651 0.989188 0
    outer loop
      vertex -13.2131 -1.1279 0
      vertex -13.3248 -1.14446 1.2
      vertex -13.2131 -1.1279 1.2
    endloop
  endfacet
  facet normal -0.146651 0.989188 0
    outer loop
      vertex -13.3248 -1.14446 1.2
      vertex -13.2131 -1.1279 0
      vertex -13.3248 -1.14446 0
    endloop
  endfacet
  facet normal -0.857806 -0.513974 0
    outer loop
      vertex -12.4233 0.542106 0
      vertex -12.4813 0.638906 1.2
      vertex -12.4813 0.638906 0
    endloop
  endfacet
  facet normal -0.857806 -0.513974 0
    outer loop
      vertex -12.4813 0.638906 1.2
      vertex -12.4233 0.542106 0
      vertex -12.4233 0.542106 1.2
    endloop
  endfacet
  facet normal -0.941599 -0.336735 0
    outer loop
      vertex -12.337 0.333827 0
      vertex -12.375 0.440085 1.2
      vertex -12.375 0.440085 0
    endloop
  endfacet
  facet normal -0.941599 -0.336735 0
    outer loop
      vertex -12.375 0.440085 1.2
      vertex -12.337 0.333827 0
      vertex -12.337 0.333827 1.2
    endloop
  endfacet
  facet normal -0.671653 -0.740866 0
    outer loop
      vertex -12.7079 0.888962 0
      vertex -12.6243 0.813172 1.2
      vertex -12.7079 0.888962 1.2
    endloop
  endfacet
  facet normal -0.671653 -0.740866 -0
    outer loop
      vertex -12.6243 0.813172 1.2
      vertex -12.7079 0.888962 0
      vertex -12.6243 0.813172 0
    endloop
  endfacet
  facet normal -0.970076 0.2428 0
    outer loop
      vertex -12.337 -0.333827 0
      vertex -12.3096 -0.224354 1.2
      vertex -12.3096 -0.224354 0
    endloop
  endfacet
  facet normal -0.970076 0.2428 0
    outer loop
      vertex -12.3096 -0.224354 1.2
      vertex -12.337 -0.333827 0
      vertex -12.337 -0.333827 1.2
    endloop
  endfacet
  facet normal -0.0490978 -0.998794 0
    outer loop
      vertex -13.4375 1.15 0
      vertex -13.3248 1.14446 1.2
      vertex -13.4375 1.15 1.2
    endloop
  endfacet
  facet normal -0.0490978 -0.998794 -0
    outer loop
      vertex -13.3248 1.14446 1.2
      vertex -13.4375 1.15 0
      vertex -13.3248 1.14446 0
    endloop
  endfacet
  facet normal 0.514111 -0.857723 0
    outer loop
      vertex -14.0764 0.956189 0
      vertex -13.9796 1.01421 1.2
      vertex -14.0764 0.956189 1.2
    endloop
  endfacet
  facet normal 0.514111 -0.857723 0
    outer loop
      vertex -13.9796 1.01421 1.2
      vertex -14.0764 0.956189 0
      vertex -13.9796 1.01421 0
    endloop
  endfacet
  facet normal -0.336774 -0.941585 0
    outer loop
      vertex -13.1037 1.10048 0
      vertex -12.9974 1.06246 1.2
      vertex -13.1037 1.10048 1.2
    endloop
  endfacet
  facet normal -0.336774 -0.941585 -0
    outer loop
      vertex -12.9974 1.06246 1.2
      vertex -13.1037 1.10048 0
      vertex -12.9974 1.06246 0
    endloop
  endfacet
  facet normal 0.24312 -0.969996 0
    outer loop
      vertex -13.7713 1.10048 0
      vertex -13.6619 1.1279 1.2
      vertex -13.7713 1.10048 1.2
    endloop
  endfacet
  facet normal 0.24312 -0.969996 0
    outer loop
      vertex -13.6619 1.1279 1.2
      vertex -13.7713 1.10048 0
      vertex -13.6619 1.1279 0
    endloop
  endfacet
  facet normal -0.989124 0.147083 0
    outer loop
      vertex -12.3096 -0.224354 0
      vertex -12.293 -0.11272 1.2
      vertex -12.293 -0.11272 0
    endloop
  endfacet
  facet normal -0.989124 0.147083 0
    outer loop
      vertex -12.293 -0.11272 1.2
      vertex -12.3096 -0.224354 0
      vertex -12.3096 -0.224354 1.2
    endloop
  endfacet
  facet normal -0.514111 0.857723 0
    outer loop
      vertex -12.7986 -0.956189 0
      vertex -12.8954 -1.01421 1.2
      vertex -12.7986 -0.956189 1.2
    endloop
  endfacet
  facet normal -0.514111 0.857723 0
    outer loop
      vertex -12.8954 -1.01421 1.2
      vertex -12.7986 -0.956189 0
      vertex -12.8954 -1.01421 0
    endloop
  endfacet
  facet normal -0.857806 0.513974 0
    outer loop
      vertex -12.4813 -0.638906 0
      vertex -12.4233 -0.542106 1.2
      vertex -12.4233 -0.542106 0
    endloop
  endfacet
  facet normal -0.857806 0.513974 0
    outer loop
      vertex -12.4233 -0.542106 1.2
      vertex -12.4813 -0.638906 0
      vertex -12.4813 -0.638906 1.2
    endloop
  endfacet
  facet normal -0.42761 -0.903963 0
    outer loop
      vertex -12.9974 1.06246 0
      vertex -12.8954 1.01421 1.2
      vertex -12.9974 1.06246 1.2
    endloop
  endfacet
  facet normal -0.42761 -0.903963 -0
    outer loop
      vertex -12.8954 1.01421 1.2
      vertex -12.9974 1.06246 0
      vertex -12.8954 1.01421 0
    endloop
  endfacet
  facet normal 0.941599 -0.336735 0
    outer loop
      vertex -14.538 0.333827 1.2
      vertex -14.5 0.440085 0
      vertex -14.5 0.440085 1.2
    endloop
  endfacet
  facet normal 0.941599 -0.336735 0
    outer loop
      vertex -14.5 0.440085 0
      vertex -14.538 0.333827 1.2
      vertex -14.538 0.333827 0
    endloop
  endfacet
  facet normal -0.903826 0.4279 0
    outer loop
      vertex -12.4233 -0.542106 0
      vertex -12.375 -0.440085 1.2
      vertex -12.375 -0.440085 0
    endloop
  endfacet
  facet normal -0.903826 0.4279 0
    outer loop
      vertex -12.375 -0.440085 1.2
      vertex -12.4233 -0.542106 0
      vertex -12.4233 -0.542106 1.2
    endloop
  endfacet
  facet normal -0.24312 -0.969996 0
    outer loop
      vertex -13.2131 1.1279 0
      vertex -13.1037 1.10048 1.2
      vertex -13.2131 1.1279 1.2
    endloop
  endfacet
  facet normal -0.24312 -0.969996 -0
    outer loop
      vertex -13.1037 1.10048 1.2
      vertex -13.2131 1.1279 0
      vertex -13.1037 1.10048 0
    endloop
  endfacet
  facet normal 0.970076 -0.2428 0
    outer loop
      vertex -14.5654 0.224354 1.2
      vertex -14.538 0.333827 0
      vertex -14.538 0.333827 1.2
    endloop
  endfacet
  facet normal 0.970076 -0.2428 0
    outer loop
      vertex -14.538 0.333827 0
      vertex -14.5654 0.224354 1.2
      vertex -14.5654 0.224354 0
    endloop
  endfacet
  facet normal 0.671653 -0.740866 0
    outer loop
      vertex -14.2507 0.813172 0
      vertex -14.1671 0.888962 1.2
      vertex -14.2507 0.813172 1.2
    endloop
  endfacet
  facet normal 0.671653 -0.740866 0
    outer loop
      vertex -14.1671 0.888962 1.2
      vertex -14.2507 0.813172 0
      vertex -14.1671 0.888962 0
    endloop
  endfacet
  facet normal 0.857806 0.513974 0
    outer loop
      vertex -14.3937 -0.638906 1.2
      vertex -14.4517 -0.542106 0
      vertex -14.4517 -0.542106 1.2
    endloop
  endfacet
  facet normal 0.857806 0.513974 0
    outer loop
      vertex -14.4517 -0.542106 0
      vertex -14.3937 -0.638906 1.2
      vertex -14.3937 -0.638906 0
    endloop
  endfacet
  facet normal -0.146651 -0.989188 0
    outer loop
      vertex -13.3248 1.14446 0
      vertex -13.2131 1.1279 1.2
      vertex -13.3248 1.14446 1.2
    endloop
  endfacet
  facet normal -0.146651 -0.989188 -0
    outer loop
      vertex -13.2131 1.1279 1.2
      vertex -13.3248 1.14446 0
      vertex -13.2131 1.1279 0
    endloop
  endfacet
  facet normal 0.740902 0.671614 0
    outer loop
      vertex -14.2507 -0.813172 1.2
      vertex -14.3265 -0.729552 0
      vertex -14.3265 -0.729552 1.2
    endloop
  endfacet
  facet normal 0.740902 0.671614 0
    outer loop
      vertex -14.3265 -0.729552 0
      vertex -14.2507 -0.813172 1.2
      vertex -14.2507 -0.813172 0
    endloop
  endfacet
  facet normal 0.595467 0.80338 -0
    outer loop
      vertex -14.0764 -0.956189 0
      vertex -14.1671 -0.888962 1.2
      vertex -14.0764 -0.956189 1.2
    endloop
  endfacet
  facet normal 0.595467 0.80338 0
    outer loop
      vertex -14.1671 -0.888962 1.2
      vertex -14.0764 -0.956189 0
      vertex -14.1671 -0.888962 0
    endloop
  endfacet
  facet normal 0.989124 0.147083 0
    outer loop
      vertex -14.5654 -0.224354 1.2
      vertex -14.582 -0.11272 0
      vertex -14.582 -0.11272 1.2
    endloop
  endfacet
  facet normal 0.989124 0.147083 0
    outer loop
      vertex -14.582 -0.11272 0
      vertex -14.5654 -0.224354 1.2
      vertex -14.5654 -0.224354 0
    endloop
  endfacet
  facet normal 0.42761 -0.903963 0
    outer loop
      vertex -13.9796 1.01421 0
      vertex -13.8776 1.06246 1.2
      vertex -13.9796 1.01421 1.2
    endloop
  endfacet
  facet normal 0.42761 -0.903963 0
    outer loop
      vertex -13.8776 1.06246 1.2
      vertex -13.9796 1.01421 0
      vertex -13.8776 1.06246 0
    endloop
  endfacet
  facet normal 0.803325 0.595541 0
    outer loop
      vertex -14.3265 -0.729552 1.2
      vertex -14.3937 -0.638906 0
      vertex -14.3937 -0.638906 1.2
    endloop
  endfacet
  facet normal 0.803325 0.595541 0
    outer loop
      vertex -14.3937 -0.638906 0
      vertex -14.3265 -0.729552 1.2
      vertex -14.3265 -0.729552 0
    endloop
  endfacet
  facet normal -0.336774 0.941585 0
    outer loop
      vertex -12.9974 -1.06246 0
      vertex -13.1037 -1.10048 1.2
      vertex -12.9974 -1.06246 1.2
    endloop
  endfacet
  facet normal -0.336774 0.941585 0
    outer loop
      vertex -13.1037 -1.10048 1.2
      vertex -12.9974 -1.06246 0
      vertex -13.1037 -1.10048 0
    endloop
  endfacet
  facet normal 0.998812 0.0487355 0
    outer loop
      vertex -14.582 -0.11272 1.2
      vertex -14.5875 0 0
      vertex -14.5875 0 1.2
    endloop
  endfacet
  facet normal 0.998812 0.0487355 0
    outer loop
      vertex -14.5875 0 0
      vertex -14.582 -0.11272 1.2
      vertex -14.582 -0.11272 0
    endloop
  endfacet
  facet normal 0.42761 0.903963 -0
    outer loop
      vertex -13.8776 -1.06246 0
      vertex -13.9796 -1.01421 1.2
      vertex -13.8776 -1.06246 1.2
    endloop
  endfacet
  facet normal 0.42761 0.903963 0
    outer loop
      vertex -13.9796 -1.01421 1.2
      vertex -13.8776 -1.06246 0
      vertex -13.9796 -1.01421 0
    endloop
  endfacet
  facet normal -0.595467 0.80338 0
    outer loop
      vertex -12.7079 -0.888962 0
      vertex -12.7986 -0.956189 1.2
      vertex -12.7079 -0.888962 1.2
    endloop
  endfacet
  facet normal -0.595467 0.80338 0
    outer loop
      vertex -12.7986 -0.956189 1.2
      vertex -12.7079 -0.888962 0
      vertex -12.7986 -0.956189 0
    endloop
  endfacet
  facet normal 0.803325 -0.595541 0
    outer loop
      vertex -14.3937 0.638906 1.2
      vertex -14.3265 0.729552 0
      vertex -14.3265 0.729552 1.2
    endloop
  endfacet
  facet normal 0.803325 -0.595541 0
    outer loop
      vertex -14.3265 0.729552 0
      vertex -14.3937 0.638906 1.2
      vertex -14.3937 0.638906 0
    endloop
  endfacet
  facet normal -0.740902 -0.671614 0
    outer loop
      vertex -12.5485 0.729552 0
      vertex -12.6243 0.813172 1.2
      vertex -12.6243 0.813172 0
    endloop
  endfacet
  facet normal -0.740902 -0.671614 0
    outer loop
      vertex -12.6243 0.813172 1.2
      vertex -12.5485 0.729552 0
      vertex -12.5485 0.729552 1.2
    endloop
  endfacet
  facet normal 0.903826 -0.4279 0
    outer loop
      vertex -14.5 0.440085 1.2
      vertex -14.4517 0.542106 0
      vertex -14.4517 0.542106 1.2
    endloop
  endfacet
  facet normal 0.903826 -0.4279 0
    outer loop
      vertex -14.4517 0.542106 0
      vertex -14.5 0.440085 1.2
      vertex -14.5 0.440085 0
    endloop
  endfacet
  facet normal 0.336774 0.941585 -0
    outer loop
      vertex -13.7713 -1.10048 0
      vertex -13.8776 -1.06246 1.2
      vertex -13.7713 -1.10048 1.2
    endloop
  endfacet
  facet normal 0.336774 0.941585 0
    outer loop
      vertex -13.8776 -1.06246 1.2
      vertex -13.7713 -1.10048 0
      vertex -13.8776 -1.06246 0
    endloop
  endfacet
  facet normal 0.0490978 0.998794 -0
    outer loop
      vertex -13.4375 -1.15 0
      vertex -13.5502 -1.14446 1.2
      vertex -13.4375 -1.15 1.2
    endloop
  endfacet
  facet normal 0.0490978 0.998794 0
    outer loop
      vertex -13.5502 -1.14446 1.2
      vertex -13.4375 -1.15 0
      vertex -13.5502 -1.14446 0
    endloop
  endfacet
  facet normal 0.998812 -0.0487355 0
    outer loop
      vertex -14.5875 0 1.2
      vertex -14.582 0.11272 0
      vertex -14.582 0.11272 1.2
    endloop
  endfacet
  facet normal 0.998812 -0.0487355 0
    outer loop
      vertex -14.582 0.11272 0
      vertex -14.5875 0 1.2
      vertex -14.5875 0 0
    endloop
  endfacet
  facet normal 0.671653 0.740866 -0
    outer loop
      vertex -14.1671 -0.888962 0
      vertex -14.2507 -0.813172 1.2
      vertex -14.1671 -0.888962 1.2
    endloop
  endfacet
  facet normal 0.671653 0.740866 0
    outer loop
      vertex -14.2507 -0.813172 1.2
      vertex -14.1671 -0.888962 0
      vertex -14.2507 -0.813172 0
    endloop
  endfacet
  facet normal -0.740902 0.671614 0
    outer loop
      vertex -12.6243 -0.813172 0
      vertex -12.5485 -0.729552 1.2
      vertex -12.5485 -0.729552 0
    endloop
  endfacet
  facet normal -0.740902 0.671614 0
    outer loop
      vertex -12.5485 -0.729552 1.2
      vertex -12.6243 -0.813172 0
      vertex -12.6243 -0.813172 1.2
    endloop
  endfacet
  facet normal -0.671653 0.740866 0
    outer loop
      vertex -12.6243 -0.813172 0
      vertex -12.7079 -0.888962 1.2
      vertex -12.6243 -0.813172 1.2
    endloop
  endfacet
  facet normal -0.671653 0.740866 0
    outer loop
      vertex -12.7079 -0.888962 1.2
      vertex -12.6243 -0.813172 0
      vertex -12.7079 -0.888962 0
    endloop
  endfacet
  facet normal -0.989124 -0.147083 0
    outer loop
      vertex 14.582 0.11272 0
      vertex 14.5654 0.224354 1.2
      vertex 14.5654 0.224354 0
    endloop
  endfacet
  facet normal -0.989124 -0.147083 0
    outer loop
      vertex 14.5654 0.224354 1.2
      vertex 14.582 0.11272 0
      vertex 14.582 0.11272 1.2
    endloop
  endfacet
  facet normal -0.998812 -0.0487355 0
    outer loop
      vertex 14.5875 0 0
      vertex 14.582 0.11272 1.2
      vertex 14.582 0.11272 0
    endloop
  endfacet
  facet normal -0.998812 -0.0487355 0
    outer loop
      vertex 14.582 0.11272 1.2
      vertex 14.5875 0 0
      vertex 14.5875 0 1.2
    endloop
  endfacet
  facet normal -0.970076 -0.2428 0
    outer loop
      vertex 14.5654 0.224354 0
      vertex 14.538 0.333827 1.2
      vertex 14.538 0.333827 0
    endloop
  endfacet
  facet normal -0.970076 -0.2428 0
    outer loop
      vertex 14.538 0.333827 1.2
      vertex 14.5654 0.224354 0
      vertex 14.5654 0.224354 1.2
    endloop
  endfacet
  facet normal 0.146651 -0.989188 0
    outer loop
      vertex 13.2131 1.1279 0
      vertex 13.3248 1.14446 1.2
      vertex 13.2131 1.1279 1.2
    endloop
  endfacet
  facet normal 0.146651 -0.989188 0
    outer loop
      vertex 13.3248 1.14446 1.2
      vertex 13.2131 1.1279 0
      vertex 13.3248 1.14446 0
    endloop
  endfacet
  facet normal 0.941599 0.336735 0
    outer loop
      vertex 12.375 -0.440085 1.2
      vertex 12.337 -0.333827 0
      vertex 12.337 -0.333827 1.2
    endloop
  endfacet
  facet normal 0.941599 0.336735 0
    outer loop
      vertex 12.337 -0.333827 0
      vertex 12.375 -0.440085 1.2
      vertex 12.375 -0.440085 0
    endloop
  endfacet
  facet normal -0.336774 0.941585 0
    outer loop
      vertex 13.8776 -1.06246 0
      vertex 13.7713 -1.10048 1.2
      vertex 13.8776 -1.06246 1.2
    endloop
  endfacet
  facet normal -0.336774 0.941585 0
    outer loop
      vertex 13.7713 -1.10048 1.2
      vertex 13.8776 -1.06246 0
      vertex 13.7713 -1.10048 0
    endloop
  endfacet
  facet normal -0.514111 -0.857723 0
    outer loop
      vertex 13.9796 1.01421 0
      vertex 14.0764 0.956189 1.2
      vertex 13.9796 1.01421 1.2
    endloop
  endfacet
  facet normal -0.514111 -0.857723 -0
    outer loop
      vertex 14.0764 0.956189 1.2
      vertex 13.9796 1.01421 0
      vertex 14.0764 0.956189 0
    endloop
  endfacet
  facet normal 0.857806 -0.513974 0
    outer loop
      vertex 12.4233 0.542106 1.2
      vertex 12.4813 0.638906 0
      vertex 12.4813 0.638906 1.2
    endloop
  endfacet
  facet normal 0.857806 -0.513974 0
    outer loop
      vertex 12.4813 0.638906 0
      vertex 12.4233 0.542106 1.2
      vertex 12.4233 0.542106 0
    endloop
  endfacet
  facet normal -0.42761 0.903963 0
    outer loop
      vertex 13.9796 -1.01421 0
      vertex 13.8776 -1.06246 1.2
      vertex 13.9796 -1.01421 1.2
    endloop
  endfacet
  facet normal -0.42761 0.903963 0
    outer loop
      vertex 13.8776 -1.06246 1.2
      vertex 13.9796 -1.01421 0
      vertex 13.8776 -1.06246 0
    endloop
  endfacet
  facet normal -0.998812 0.0487355 0
    outer loop
      vertex 14.582 -0.11272 0
      vertex 14.5875 0 1.2
      vertex 14.5875 0 0
    endloop
  endfacet
  facet normal -0.998812 0.0487355 0
    outer loop
      vertex 14.5875 0 1.2
      vertex 14.582 -0.11272 0
      vertex 14.582 -0.11272 1.2
    endloop
  endfacet
  facet normal -0.24312 0.969996 0
    outer loop
      vertex 13.7713 -1.10048 0
      vertex 13.6619 -1.1279 1.2
      vertex 13.7713 -1.10048 1.2
    endloop
  endfacet
  facet normal -0.24312 0.969996 0
    outer loop
      vertex 13.6619 -1.1279 1.2
      vertex 13.7713 -1.10048 0
      vertex 13.6619 -1.1279 0
    endloop
  endfacet
  facet normal 0.595467 -0.80338 0
    outer loop
      vertex 12.7079 0.888962 0
      vertex 12.7986 0.956189 1.2
      vertex 12.7079 0.888962 1.2
    endloop
  endfacet
  facet normal 0.595467 -0.80338 0
    outer loop
      vertex 12.7986 0.956189 1.2
      vertex 12.7079 0.888962 0
      vertex 12.7986 0.956189 0
    endloop
  endfacet
  facet normal -0.0490978 0.998794 0
    outer loop
      vertex 13.5502 -1.14446 0
      vertex 13.4375 -1.15 1.2
      vertex 13.5502 -1.14446 1.2
    endloop
  endfacet
  facet normal -0.0490978 0.998794 0
    outer loop
      vertex 13.4375 -1.15 1.2
      vertex 13.5502 -1.14446 0
      vertex 13.4375 -1.15 0
    endloop
  endfacet
  facet normal 0.514111 0.857723 -0
    outer loop
      vertex 12.8954 -1.01421 0
      vertex 12.7986 -0.956189 1.2
      vertex 12.8954 -1.01421 1.2
    endloop
  endfacet
  facet normal 0.514111 0.857723 0
    outer loop
      vertex 12.7986 -0.956189 1.2
      vertex 12.8954 -1.01421 0
      vertex 12.7986 -0.956189 0
    endloop
  endfacet
  facet normal -0.903826 -0.4279 0
    outer loop
      vertex 14.5 0.440085 0
      vertex 14.4517 0.542106 1.2
      vertex 14.4517 0.542106 0
    endloop
  endfacet
  facet normal -0.903826 -0.4279 0
    outer loop
      vertex 14.4517 0.542106 1.2
      vertex 14.5 0.440085 0
      vertex 14.5 0.440085 1.2
    endloop
  endfacet
  facet normal 0.146651 0.989188 -0
    outer loop
      vertex 13.3248 -1.14446 0
      vertex 13.2131 -1.1279 1.2
      vertex 13.3248 -1.14446 1.2
    endloop
  endfacet
  facet normal 0.146651 0.989188 0
    outer loop
      vertex 13.2131 -1.1279 1.2
      vertex 13.3248 -1.14446 0
      vertex 13.2131 -1.1279 0
    endloop
  endfacet
  facet normal 0.24312 0.969996 -0
    outer loop
      vertex 13.2131 -1.1279 0
      vertex 13.1037 -1.10048 1.2
      vertex 13.2131 -1.1279 1.2
    endloop
  endfacet
  facet normal 0.24312 0.969996 0
    outer loop
      vertex 13.1037 -1.10048 1.2
      vertex 13.2131 -1.1279 0
      vertex 13.1037 -1.10048 0
    endloop
  endfacet
  facet normal -0.595467 -0.80338 0
    outer loop
      vertex 14.0764 0.956189 0
      vertex 14.1671 0.888962 1.2
      vertex 14.0764 0.956189 1.2
    endloop
  endfacet
  facet normal -0.595467 -0.80338 -0
    outer loop
      vertex 14.1671 0.888962 1.2
      vertex 14.0764 0.956189 0
      vertex 14.1671 0.888962 0
    endloop
  endfacet
  facet normal 0.903826 0.4279 0
    outer loop
      vertex 12.4233 -0.542106 1.2
      vertex 12.375 -0.440085 0
      vertex 12.375 -0.440085 1.2
    endloop
  endfacet
  facet normal 0.903826 0.4279 0
    outer loop
      vertex 12.375 -0.440085 0
      vertex 12.4233 -0.542106 1.2
      vertex 12.4233 -0.542106 0
    endloop
  endfacet
  facet normal -0.803325 0.595541 0
    outer loop
      vertex 14.3265 -0.729552 0
      vertex 14.3937 -0.638906 1.2
      vertex 14.3937 -0.638906 0
    endloop
  endfacet
  facet normal -0.803325 0.595541 0
    outer loop
      vertex 14.3937 -0.638906 1.2
      vertex 14.3265 -0.729552 0
      vertex 14.3265 -0.729552 1.2
    endloop
  endfacet
  facet normal -0.803325 -0.595541 0
    outer loop
      vertex 14.3937 0.638906 0
      vertex 14.3265 0.729552 1.2
      vertex 14.3265 0.729552 0
    endloop
  endfacet
  facet normal -0.803325 -0.595541 0
    outer loop
      vertex 14.3265 0.729552 1.2
      vertex 14.3937 0.638906 0
      vertex 14.3937 0.638906 1.2
    endloop
  endfacet
  facet normal 0 0 -1
    outer loop
      vertex 14.582 -0.11272 1.2
      vertex 14.582 0.11272 1.2
      vertex 14.5875 0 1.2
    endloop
  endfacet
  facet normal 0 0 -1
    outer loop
      vertex 14.5654 -0.224354 1.2
      vertex 14.582 0.11272 1.2
      vertex 14.582 -0.11272 1.2
    endloop
  endfacet
  facet normal 0 0 -1
    outer loop
      vertex 14.5654 -0.224354 1.2
      vertex 14.5654 0.224354 1.2
      vertex 14.582 0.11272 1.2
    endloop
  endfacet
  facet normal 0 0 -1
    outer loop
      vertex 14.538 -0.333827 1.2
      vertex 14.5654 0.224354 1.2
      vertex 14.5654 -0.224354 1.2
    endloop
  endfacet
  facet normal 0 0 -1
    outer loop
      vertex 14.538 -0.333827 1.2
      vertex 14.538 0.333827 1.2
      vertex 14.5654 0.224354 1.2
    endloop
  endfacet
  facet normal 0 0 -1
    outer loop
      vertex 14.5 -0.440085 1.2
      vertex 14.538 0.333827 1.2
      vertex 14.538 -0.333827 1.2
    endloop
  endfacet
  facet normal 0 0 -1
    outer loop
      vertex 14.5 -0.440085 1.2
      vertex 14.5 0.440085 1.2
      vertex 14.538 0.333827 1.2
    endloop
  endfacet
  facet normal 0 0 -1
    outer loop
      vertex 14.4517 -0.542106 1.2
      vertex 14.5 0.440085 1.2
      vertex 14.5 -0.440085 1.2
    endloop
  endfacet
  facet normal 0 0 -1
    outer loop
      vertex 14.4517 -0.542106 1.2
      vertex 14.4517 0.542106 1.2
      vertex 14.5 0.440085 1.2
    endloop
  endfacet
  facet normal 0 0 -1
    outer loop
      vertex 14.3937 -0.638906 1.2
      vertex 14.4517 0.542106 1.2
      vertex 14.4517 -0.542106 1.2
    endloop
  endfacet
  facet normal 0 0 -1
    outer loop
      vertex 14.3937 -0.638906 1.2
      vertex 14.3937 0.638906 1.2
      vertex 14.4517 0.542106 1.2
    endloop
  endfacet
  facet normal 0 0 -1
    outer loop
      vertex 14.3265 -0.729552 1.2
      vertex 14.3937 0.638906 1.2
      vertex 14.3937 -0.638906 1.2
    endloop
  endfacet
  facet normal 0 0 -1
    outer loop
      vertex 14.3265 -0.729552 1.2
      vertex 14.3265 0.729552 1.2
      vertex 14.3937 0.638906 1.2
    endloop
  endfacet
  facet normal 0 0 -1
    outer loop
      vertex 14.2507 -0.813172 1.2
      vertex 14.3265 0.729552 1.2
      vertex 14.3265 -0.729552 1.2
    endloop
  endfacet
  facet normal 0 0 -1
    outer loop
      vertex 14.2507 -0.813172 1.2
      vertex 14.2507 0.813172 1.2
      vertex 14.3265 0.729552 1.2
    endloop
  endfacet
  facet normal 0 0 -1
    outer loop
      vertex 14.1671 -0.888962 1.2
      vertex 14.2507 0.813172 1.2
      vertex 14.2507 -0.813172 1.2
    endloop
  endfacet
  facet normal 0 0 -1
    outer loop
      vertex 14.1671 -0.888962 1.2
      vertex 14.1671 0.888962 1.2
      vertex 14.2507 0.813172 1.2
    endloop
  endfacet
  facet normal 0 0 -1
    outer loop
      vertex 14.0764 -0.956189 1.2
      vertex 14.1671 0.888962 1.2
      vertex 14.1671 -0.888962 1.2
    endloop
  endfacet
  facet normal 0 0 -1
    outer loop
      vertex 14.0764 -0.956189 1.2
      vertex 14.0764 0.956189 1.2
      vertex 14.1671 0.888962 1.2
    endloop
  endfacet
  facet normal 0 0 -1
    outer loop
      vertex 13.9796 -1.01421 1.2
      vertex 14.0764 0.956189 1.2
      vertex 14.0764 -0.956189 1.2
    endloop
  endfacet
  facet normal 0 0 -1
    outer loop
      vertex 13.9796 -1.01421 1.2
      vertex 13.9796 1.01421 1.2
      vertex 14.0764 0.956189 1.2
    endloop
  endfacet
  facet normal 0 0 -1
    outer loop
      vertex 13.8776 -1.06246 1.2
      vertex 13.9796 1.01421 1.2
      vertex 13.9796 -1.01421 1.2
    endloop
  endfacet
  facet normal 0 0 -1
    outer loop
      vertex 13.8776 -1.06246 1.2
      vertex 13.8776 1.06246 1.2
      vertex 13.9796 1.01421 1.2
    endloop
  endfacet
  facet normal 0 0 -1
    outer loop
      vertex 13.7713 -1.10048 1.2
      vertex 13.8776 1.06246 1.2
      vertex 13.8776 -1.06246 1.2
    endloop
  endfacet
  facet normal 0 0 -1
    outer loop
      vertex 13.7713 -1.10048 1.2
      vertex 13.7713 1.10048 1.2
      vertex 13.8776 1.06246 1.2
    endloop
  endfacet
  facet normal 0 0 -1
    outer loop
      vertex 13.6619 -1.1279 1.2
      vertex 13.7713 1.10048 1.2
      vertex 13.7713 -1.10048 1.2
    endloop
  endfacet
  facet normal 0 0 -1
    outer loop
      vertex 13.6619 -1.1279 1.2
      vertex 13.6619 1.1279 1.2
      vertex 13.7713 1.10048 1.2
    endloop
  endfacet
  facet normal 0 0 -1
    outer loop
      vertex 13.5502 -1.14446 1.2
      vertex 13.6619 1.1279 1.2
      vertex 13.6619 -1.1279 1.2
    endloop
  endfacet
  facet normal 0 0 -1
    outer loop
      vertex 13.5502 -1.14446 1.2
      vertex 13.5502 1.14446 1.2
      vertex 13.6619 1.1279 1.2
    endloop
  endfacet
  facet normal 0 0 -1
    outer loop
      vertex 13.4375 -1.15 1.2
      vertex 13.5502 1.14446 1.2
      vertex 13.5502 -1.14446 1.2
    endloop
  endfacet
  facet normal 0 0 -1
    outer loop
      vertex 13.4375 -1.15 1.2
      vertex 13.4375 1.15 1.2
      vertex 13.5502 1.14446 1.2
    endloop
  endfacet
  facet normal 0 0 -1
    outer loop
      vertex 13.3248 -1.14446 1.2
      vertex 13.4375 1.15 1.2
      vertex 13.4375 -1.15 1.2
    endloop
  endfacet
  facet normal 0 0 -1
    outer loop
      vertex 13.3248 -1.14446 1.2
      vertex 13.3248 1.14446 1.2
      vertex 13.4375 1.15 1.2
    endloop
  endfacet
  facet normal 0 0 -1
    outer loop
      vertex 13.2131 -1.1279 1.2
      vertex 13.3248 1.14446 1.2
      vertex 13.3248 -1.14446 1.2
    endloop
  endfacet
  facet normal 0 0 -1
    outer loop
      vertex 13.2131 -1.1279 1.2
      vertex 13.2131 1.1279 1.2
      vertex 13.3248 1.14446 1.2
    endloop
  endfacet
  facet normal 0 0 -1
    outer loop
      vertex 13.1037 -1.10048 1.2
      vertex 13.2131 1.1279 1.2
      vertex 13.2131 -1.1279 1.2
    endloop
  endfacet
  facet normal 0 0 -1
    outer loop
      vertex 13.1037 -1.10048 1.2
      vertex 13.1037 1.10048 1.2
      vertex 13.2131 1.1279 1.2
    endloop
  endfacet
  facet normal 0 0 -1
    outer loop
      vertex 12.9974 -1.06246 1.2
      vertex 13.1037 1.10048 1.2
      vertex 13.1037 -1.10048 1.2
    endloop
  endfacet
  facet normal 0 0 -1
    outer loop
      vertex 12.9974 -1.06246 1.2
      vertex 12.9974 1.06246 1.2
      vertex 13.1037 1.10048 1.2
    endloop
  endfacet
  facet normal 0 0 -1
    outer loop
      vertex 12.8954 -1.01421 1.2
      vertex 12.9974 1.06246 1.2
      vertex 12.9974 -1.06246 1.2
    endloop
  endfacet
  facet normal 0 0 -1
    outer loop
      vertex 12.8954 -1.01421 1.2
      vertex 12.8954 1.01421 1.2
      vertex 12.9974 1.06246 1.2
    endloop
  endfacet
  facet normal 0 0 -1
    outer loop
      vertex 12.7986 -0.956189 1.2
      vertex 12.8954 1.01421 1.2
      vertex 12.8954 -1.01421 1.2
    endloop
  endfacet
  facet normal 0 0 -1
    outer loop
      vertex 12.7986 -0.956189 1.2
      vertex 12.7986 0.956189 1.2
      vertex 12.8954 1.01421 1.2
    endloop
  endfacet
  facet normal 0 0 -1
    outer loop
      vertex 12.7079 -0.888962 1.2
      vertex 12.7986 0.956189 1.2
      vertex 12.7986 -0.956189 1.2
    endloop
  endfacet
  facet normal 0 0 -1
    outer loop
      vertex 12.7079 -0.888962 1.2
      vertex 12.7079 0.888962 1.2
      vertex 12.7986 0.956189 1.2
    endloop
  endfacet
  facet normal 0 0 -1
    outer loop
      vertex 12.6243 -0.813172 1.2
      vertex 12.7079 0.888962 1.2
      vertex 12.7079 -0.888962 1.2
    endloop
  endfacet
  facet normal 0 0 -1
    outer loop
      vertex 12.6243 -0.813172 1.2
      vertex 12.6243 0.813172 1.2
      vertex 12.7079 0.888962 1.2
    endloop
  endfacet
  facet normal 0 0 -1
    outer loop
      vertex 12.5485 -0.729552 1.2
      vertex 12.6243 0.813172 1.2
      vertex 12.6243 -0.813172 1.2
    endloop
  endfacet
  facet normal 0 0 -1
    outer loop
      vertex 12.5485 -0.729552 1.2
      vertex 12.5485 0.729552 1.2
      vertex 12.6243 0.813172 1.2
    endloop
  endfacet
  facet normal 0 0 -1
    outer loop
      vertex 12.4813 -0.638906 1.2
      vertex 12.5485 0.729552 1.2
      vertex 12.5485 -0.729552 1.2
    endloop
  endfacet
  facet normal 0 0 -1
    outer loop
      vertex 12.4813 -0.638906 1.2
      vertex 12.4813 0.638906 1.2
      vertex 12.5485 0.729552 1.2
    endloop
  endfacet
  facet normal 0 0 -1
    outer loop
      vertex 12.4233 -0.542106 1.2
      vertex 12.4813 0.638906 1.2
      vertex 12.4813 -0.638906 1.2
    endloop
  endfacet
  facet normal 0 0 -1
    outer loop
      vertex 12.4233 -0.542106 1.2
      vertex 12.4233 0.542106 1.2
      vertex 12.4813 0.638906 1.2
    endloop
  endfacet
  facet normal 0 0 -1
    outer loop
      vertex 12.375 -0.440085 1.2
      vertex 12.4233 0.542106 1.2
      vertex 12.4233 -0.542106 1.2
    endloop
  endfacet
  facet normal 0 0 -1
    outer loop
      vertex 12.375 -0.440085 1.2
      vertex 12.375 0.440085 1.2
      vertex 12.4233 0.542106 1.2
    endloop
  endfacet
  facet normal 0 0 -1
    outer loop
      vertex 12.337 -0.333827 1.2
      vertex 12.375 0.440085 1.2
      vertex 12.375 -0.440085 1.2
    endloop
  endfacet
  facet normal 0 0 -1
    outer loop
      vertex 12.337 -0.333827 1.2
      vertex 12.337 0.333827 1.2
      vertex 12.375 0.440085 1.2
    endloop
  endfacet
  facet normal 0 0 -1
    outer loop
      vertex 12.3096 -0.224354 1.2
      vertex 12.337 0.333827 1.2
      vertex 12.337 -0.333827 1.2
    endloop
  endfacet
  facet normal 0 0 -1
    outer loop
      vertex 12.3096 -0.224354 1.2
      vertex 12.3096 0.224354 1.2
      vertex 12.337 0.333827 1.2
    endloop
  endfacet
  facet normal 0 0 -1
    outer loop
      vertex 12.293 -0.11272 1.2
      vertex 12.3096 0.224354 1.2
      vertex 12.3096 -0.224354 1.2
    endloop
  endfacet
  facet normal 0 0 -1
    outer loop
      vertex 12.293 -0.11272 1.2
      vertex 12.293 0.11272 1.2
      vertex 12.3096 0.224354 1.2
    endloop
  endfacet
  facet normal 0 -0 -1
    outer loop
      vertex 12.293 0.11272 1.2
      vertex 12.293 -0.11272 1.2
      vertex 12.2875 0 1.2
    endloop
  endfacet
  facet normal 0.989124 -0.147083 0
    outer loop
      vertex 12.293 0.11272 1.2
      vertex 12.3096 0.224354 0
      vertex 12.3096 0.224354 1.2
    endloop
  endfacet
  facet normal 0.989124 -0.147083 0
    outer loop
      vertex 12.3096 0.224354 0
      vertex 12.293 0.11272 1.2
      vertex 12.293 0.11272 0
    endloop
  endfacet
  facet normal 0.0490978 -0.998794 0
    outer loop
      vertex 13.3248 1.14446 0
      vertex 13.4375 1.15 1.2
      vertex 13.3248 1.14446 1.2
    endloop
  endfacet
  facet normal 0.0490978 -0.998794 0
    outer loop
      vertex 13.4375 1.15 1.2
      vertex 13.3248 1.14446 0
      vertex 13.4375 1.15 0
    endloop
  endfacet
  facet normal 0.970076 0.2428 0
    outer loop
      vertex 12.337 -0.333827 1.2
      vertex 12.3096 -0.224354 0
      vertex 12.3096 -0.224354 1.2
    endloop
  endfacet
  facet normal 0.970076 0.2428 0
    outer loop
      vertex 12.3096 -0.224354 0
      vertex 12.337 -0.333827 1.2
      vertex 12.337 -0.333827 0
    endloop
  endfacet
  facet normal 0.336774 -0.941585 0
    outer loop
      vertex 12.9974 1.06246 0
      vertex 13.1037 1.10048 1.2
      vertex 12.9974 1.06246 1.2
    endloop
  endfacet
  facet normal 0.336774 -0.941585 0
    outer loop
      vertex 13.1037 1.10048 1.2
      vertex 12.9974 1.06246 0
      vertex 13.1037 1.10048 0
    endloop
  endfacet
  facet normal 0.740902 -0.671614 0
    outer loop
      vertex 12.5485 0.729552 1.2
      vertex 12.6243 0.813172 0
      vertex 12.6243 0.813172 1.2
    endloop
  endfacet
  facet normal 0.740902 -0.671614 0
    outer loop
      vertex 12.6243 0.813172 0
      vertex 12.5485 0.729552 1.2
      vertex 12.5485 0.729552 0
    endloop
  endfacet
  facet normal -0.941599 0.336735 0
    outer loop
      vertex 14.5 -0.440085 0
      vertex 14.538 -0.333827 1.2
      vertex 14.538 -0.333827 0
    endloop
  endfacet
  facet normal -0.941599 0.336735 0
    outer loop
      vertex 14.538 -0.333827 1.2
      vertex 14.5 -0.440085 0
      vertex 14.5 -0.440085 1.2
    endloop
  endfacet
  facet normal -0.146651 0.989188 0
    outer loop
      vertex 13.6619 -1.1279 0
      vertex 13.5502 -1.14446 1.2
      vertex 13.6619 -1.1279 1.2
    endloop
  endfacet
  facet normal -0.146651 0.989188 0
    outer loop
      vertex 13.5502 -1.14446 1.2
      vertex 13.6619 -1.1279 0
      vertex 13.5502 -1.14446 0
    endloop
  endfacet
  facet normal -0.857806 -0.513974 0
    outer loop
      vertex 14.4517 0.542106 0
      vertex 14.3937 0.638906 1.2
      vertex 14.3937 0.638906 0
    endloop
  endfacet
  facet normal -0.857806 -0.513974 0
    outer loop
      vertex 14.3937 0.638906 1.2
      vertex 14.4517 0.542106 0
      vertex 14.4517 0.542106 1.2
    endloop
  endfacet
  facet normal -0.941599 -0.336735 0
    outer loop
      vertex 14.538 0.333827 0
      vertex 14.5 0.440085 1.2
      vertex 14.5 0.440085 0
    endloop
  endfacet
  facet normal -0.941599 -0.336735 0
    outer loop
      vertex 14.5 0.440085 1.2
      vertex 14.538 0.333827 0
      vertex 14.538 0.333827 1.2
    endloop
  endfacet
  facet normal -0.671653 -0.740866 0
    outer loop
      vertex 14.1671 0.888962 0
      vertex 14.2507 0.813172 1.2
      vertex 14.1671 0.888962 1.2
    endloop
  endfacet
  facet normal -0.671653 -0.740866 -0
    outer loop
      vertex 14.2507 0.813172 1.2
      vertex 14.1671 0.888962 0
      vertex 14.2507 0.813172 0
    endloop
  endfacet
  facet normal -0.970076 0.2428 0
    outer loop
      vertex 14.538 -0.333827 0
      vertex 14.5654 -0.224354 1.2
      vertex 14.5654 -0.224354 0
    endloop
  endfacet
  facet normal -0.970076 0.2428 0
    outer loop
      vertex 14.5654 -0.224354 1.2
      vertex 14.538 -0.333827 0
      vertex 14.538 -0.333827 1.2
    endloop
  endfacet
  facet normal -0.0490978 -0.998794 0
    outer loop
      vertex 13.4375 1.15 0
      vertex 13.5502 1.14446 1.2
      vertex 13.4375 1.15 1.2
    endloop
  endfacet
  facet normal -0.0490978 -0.998794 -0
    outer loop
      vertex 13.5502 1.14446 1.2
      vertex 13.4375 1.15 0
      vertex 13.5502 1.14446 0
    endloop
  endfacet
  facet normal 0.514111 -0.857723 0
    outer loop
      vertex 12.7986 0.956189 0
      vertex 12.8954 1.01421 1.2
      vertex 12.7986 0.956189 1.2
    endloop
  endfacet
  facet normal 0.514111 -0.857723 0
    outer loop
      vertex 12.8954 1.01421 1.2
      vertex 12.7986 0.956189 0
      vertex 12.8954 1.01421 0
    endloop
  endfacet
  facet normal -0.336774 -0.941585 0
    outer loop
      vertex 13.7713 1.10048 0
      vertex 13.8776 1.06246 1.2
      vertex 13.7713 1.10048 1.2
    endloop
  endfacet
  facet normal -0.336774 -0.941585 -0
    outer loop
      vertex 13.8776 1.06246 1.2
      vertex 13.7713 1.10048 0
      vertex 13.8776 1.06246 0
    endloop
  endfacet
  facet normal 0.24312 -0.969996 0
    outer loop
      vertex 13.1037 1.10048 0
      vertex 13.2131 1.1279 1.2
      vertex 13.1037 1.10048 1.2
    endloop
  endfacet
  facet normal 0.24312 -0.969996 0
    outer loop
      vertex 13.2131 1.1279 1.2
      vertex 13.1037 1.10048 0
      vertex 13.2131 1.1279 0
    endloop
  endfacet
  facet normal -0.989124 0.147083 0
    outer loop
      vertex 14.5654 -0.224354 0
      vertex 14.582 -0.11272 1.2
      vertex 14.582 -0.11272 0
    endloop
  endfacet
  facet normal -0.989124 0.147083 0
    outer loop
      vertex 14.582 -0.11272 1.2
      vertex 14.5654 -0.224354 0
      vertex 14.5654 -0.224354 1.2
    endloop
  endfacet
  facet normal -0.514111 0.857723 0
    outer loop
      vertex 14.0764 -0.956189 0
      vertex 13.9796 -1.01421 1.2
      vertex 14.0764 -0.956189 1.2
    endloop
  endfacet
  facet normal -0.514111 0.857723 0
    outer loop
      vertex 13.9796 -1.01421 1.2
      vertex 14.0764 -0.956189 0
      vertex 13.9796 -1.01421 0
    endloop
  endfacet
  facet normal -0.857806 0.513974 0
    outer loop
      vertex 14.3937 -0.638906 0
      vertex 14.4517 -0.542106 1.2
      vertex 14.4517 -0.542106 0
    endloop
  endfacet
  facet normal -0.857806 0.513974 0
    outer loop
      vertex 14.4517 -0.542106 1.2
      vertex 14.3937 -0.638906 0
      vertex 14.3937 -0.638906 1.2
    endloop
  endfacet
  facet normal -0.42761 -0.903963 0
    outer loop
      vertex 13.8776 1.06246 0
      vertex 13.9796 1.01421 1.2
      vertex 13.8776 1.06246 1.2
    endloop
  endfacet
  facet normal -0.42761 -0.903963 -0
    outer loop
      vertex 13.9796 1.01421 1.2
      vertex 13.8776 1.06246 0
      vertex 13.9796 1.01421 0
    endloop
  endfacet
  facet normal 0.941599 -0.336735 0
    outer loop
      vertex 12.337 0.333827 1.2
      vertex 12.375 0.440085 0
      vertex 12.375 0.440085 1.2
    endloop
  endfacet
  facet normal 0.941599 -0.336735 0
    outer loop
      vertex 12.375 0.440085 0
      vertex 12.337 0.333827 1.2
      vertex 12.337 0.333827 0
    endloop
  endfacet
  facet normal -0.903826 0.4279 0
    outer loop
      vertex 14.4517 -0.542106 0
      vertex 14.5 -0.440085 1.2
      vertex 14.5 -0.440085 0
    endloop
  endfacet
  facet normal -0.903826 0.4279 0
    outer loop
      vertex 14.5 -0.440085 1.2
      vertex 14.4517 -0.542106 0
      vertex 14.4517 -0.542106 1.2
    endloop
  endfacet
  facet normal -0.671653 0.740866 0
    outer loop
      vertex 14.2507 -0.813172 0
      vertex 14.1671 -0.888962 1.2
      vertex 14.2507 -0.813172 1.2
    endloop
  endfacet
  facet normal -0.671653 0.740866 0
    outer loop
      vertex 14.1671 -0.888962 1.2
      vertex 14.2507 -0.813172 0
      vertex 14.1671 -0.888962 0
    endloop
  endfacet
  facet normal -0.24312 -0.969996 0
    outer loop
      vertex 13.6619 1.1279 0
      vertex 13.7713 1.10048 1.2
      vertex 13.6619 1.1279 1.2
    endloop
  endfacet
  facet normal -0.24312 -0.969996 -0
    outer loop
      vertex 13.7713 1.10048 1.2
      vertex 13.6619 1.1279 0
      vertex 13.7713 1.10048 0
    endloop
  endfacet
  facet normal 0.970076 -0.2428 0
    outer loop
      vertex 12.3096 0.224354 1.2
      vertex 12.337 0.333827 0
      vertex 12.337 0.333827 1.2
    endloop
  endfacet
  facet normal 0.970076 -0.2428 0
    outer loop
      vertex 12.337 0.333827 0
      vertex 12.3096 0.224354 1.2
      vertex 12.3096 0.224354 0
    endloop
  endfacet
  facet normal 0.671653 -0.740866 0
    outer loop
      vertex 12.6243 0.813172 0
      vertex 12.7079 0.888962 1.2
      vertex 12.6243 0.813172 1.2
    endloop
  endfacet
  facet normal 0.671653 -0.740866 0
    outer loop
      vertex 12.7079 0.888962 1.2
      vertex 12.6243 0.813172 0
      vertex 12.7079 0.888962 0
    endloop
  endfacet
  facet normal 0.857806 0.513974 0
    outer loop
      vertex 12.4813 -0.638906 1.2
      vertex 12.4233 -0.542106 0
      vertex 12.4233 -0.542106 1.2
    endloop
  endfacet
  facet normal 0.857806 0.513974 0
    outer loop
      vertex 12.4233 -0.542106 0
      vertex 12.4813 -0.638906 1.2
      vertex 12.4813 -0.638906 0
    endloop
  endfacet
  facet normal -0.146651 -0.989188 0
    outer loop
      vertex 13.5502 1.14446 0
      vertex 13.6619 1.1279 1.2
      vertex 13.5502 1.14446 1.2
    endloop
  endfacet
  facet normal -0.146651 -0.989188 -0
    outer loop
      vertex 13.6619 1.1279 1.2
      vertex 13.5502 1.14446 0
      vertex 13.6619 1.1279 0
    endloop
  endfacet
  facet normal 0.740902 0.671614 0
    outer loop
      vertex 12.6243 -0.813172 1.2
      vertex 12.5485 -0.729552 0
      vertex 12.5485 -0.729552 1.2
    endloop
  endfacet
  facet normal 0.740902 0.671614 0
    outer loop
      vertex 12.5485 -0.729552 0
      vertex 12.6243 -0.813172 1.2
      vertex 12.6243 -0.813172 0
    endloop
  endfacet
  facet normal 0.989124 0.147083 0
    outer loop
      vertex 12.3096 -0.224354 1.2
      vertex 12.293 -0.11272 0
      vertex 12.293 -0.11272 1.2
    endloop
  endfacet
  facet normal 0.989124 0.147083 0
    outer loop
      vertex 12.293 -0.11272 0
      vertex 12.3096 -0.224354 1.2
      vertex 12.3096 -0.224354 0
    endloop
  endfacet
  facet normal 0.42761 -0.903963 0
    outer loop
      vertex 12.8954 1.01421 0
      vertex 12.9974 1.06246 1.2
      vertex 12.8954 1.01421 1.2
    endloop
  endfacet
  facet normal 0.42761 -0.903963 0
    outer loop
      vertex 12.9974 1.06246 1.2
      vertex 12.8954 1.01421 0
      vertex 12.9974 1.06246 0
    endloop
  endfacet
  facet normal 0.803325 0.595541 0
    outer loop
      vertex 12.5485 -0.729552 1.2
      vertex 12.4813 -0.638906 0
      vertex 12.4813 -0.638906 1.2
    endloop
  endfacet
  facet normal 0.803325 0.595541 0
    outer loop
      vertex 12.4813 -0.638906 0
      vertex 12.5485 -0.729552 1.2
      vertex 12.5485 -0.729552 0
    endloop
  endfacet
  facet normal 0.998812 0.0487355 0
    outer loop
      vertex 12.293 -0.11272 1.2
      vertex 12.2875 0 0
      vertex 12.2875 0 1.2
    endloop
  endfacet
  facet normal 0.998812 0.0487355 0
    outer loop
      vertex 12.2875 0 0
      vertex 12.293 -0.11272 1.2
      vertex 12.293 -0.11272 0
    endloop
  endfacet
  facet normal 0.42761 0.903963 -0
    outer loop
      vertex 12.9974 -1.06246 0
      vertex 12.8954 -1.01421 1.2
      vertex 12.9974 -1.06246 1.2
    endloop
  endfacet
  facet normal 0.42761 0.903963 0
    outer loop
      vertex 12.8954 -1.01421 1.2
      vertex 12.9974 -1.06246 0
      vertex 12.8954 -1.01421 0
    endloop
  endfacet
  facet normal -0.595467 0.80338 0
    outer loop
      vertex 14.1671 -0.888962 0
      vertex 14.0764 -0.956189 1.2
      vertex 14.1671 -0.888962 1.2
    endloop
  endfacet
  facet normal -0.595467 0.80338 0
    outer loop
      vertex 14.0764 -0.956189 1.2
      vertex 14.1671 -0.888962 0
      vertex 14.0764 -0.956189 0
    endloop
  endfacet
  facet normal 0.803325 -0.595541 0
    outer loop
      vertex 12.4813 0.638906 1.2
      vertex 12.5485 0.729552 0
      vertex 12.5485 0.729552 1.2
    endloop
  endfacet
  facet normal 0.803325 -0.595541 0
    outer loop
      vertex 12.5485 0.729552 0
      vertex 12.4813 0.638906 1.2
      vertex 12.4813 0.638906 0
    endloop
  endfacet
  facet normal -0.740902 -0.671614 0
    outer loop
      vertex 14.3265 0.729552 0
      vertex 14.2507 0.813172 1.2
      vertex 14.2507 0.813172 0
    endloop
  endfacet
  facet normal -0.740902 -0.671614 0
    outer loop
      vertex 14.2507 0.813172 1.2
      vertex 14.3265 0.729552 0
      vertex 14.3265 0.729552 1.2
    endloop
  endfacet
  facet normal 0.903826 -0.4279 0
    outer loop
      vertex 12.375 0.440085 1.2
      vertex 12.4233 0.542106 0
      vertex 12.4233 0.542106 1.2
    endloop
  endfacet
  facet normal 0.903826 -0.4279 0
    outer loop
      vertex 12.4233 0.542106 0
      vertex 12.375 0.440085 1.2
      vertex 12.375 0.440085 0
    endloop
  endfacet
  facet normal 0.336774 0.941585 -0
    outer loop
      vertex 13.1037 -1.10048 0
      vertex 12.9974 -1.06246 1.2
      vertex 13.1037 -1.10048 1.2
    endloop
  endfacet
  facet normal 0.336774 0.941585 0
    outer loop
      vertex 12.9974 -1.06246 1.2
      vertex 13.1037 -1.10048 0
      vertex 12.9974 -1.06246 0
    endloop
  endfacet
  facet normal 0.0490978 0.998794 -0
    outer loop
      vertex 13.4375 -1.15 0
      vertex 13.3248 -1.14446 1.2
      vertex 13.4375 -1.15 1.2
    endloop
  endfacet
  facet normal 0.0490978 0.998794 0
    outer loop
      vertex 13.3248 -1.14446 1.2
      vertex 13.4375 -1.15 0
      vertex 13.3248 -1.14446 0
    endloop
  endfacet
  facet normal 0.998812 -0.0487355 0
    outer loop
      vertex 12.2875 0 1.2
      vertex 12.293 0.11272 0
      vertex 12.293 0.11272 1.2
    endloop
  endfacet
  facet normal 0.998812 -0.0487355 0
    outer loop
      vertex 12.293 0.11272 0
      vertex 12.2875 0 1.2
      vertex 12.2875 0 0
    endloop
  endfacet
  facet normal 0.671653 0.740866 -0
    outer loop
      vertex 12.7079 -0.888962 0
      vertex 12.6243 -0.813172 1.2
      vertex 12.7079 -0.888962 1.2
    endloop
  endfacet
  facet normal 0.671653 0.740866 0
    outer loop
      vertex 12.6243 -0.813172 1.2
      vertex 12.7079 -0.888962 0
      vertex 12.6243 -0.813172 0
    endloop
  endfacet
  facet normal 0.595467 0.80338 -0
    outer loop
      vertex 12.7986 -0.956189 0
      vertex 12.7079 -0.888962 1.2
      vertex 12.7986 -0.956189 1.2
    endloop
  endfacet
  facet normal 0.595467 0.80338 0
    outer loop
      vertex 12.7079 -0.888962 1.2
      vertex 12.7986 -0.956189 0
      vertex 12.7079 -0.888962 0
    endloop
  endfacet
  facet normal -0.740902 0.671614 0
    outer loop
      vertex 14.2507 -0.813172 0
      vertex 14.3265 -0.729552 1.2
      vertex 14.3265 -0.729552 0
    endloop
  endfacet
  facet normal -0.740902 0.671614 0
    outer loop
      vertex 14.3265 -0.729552 1.2
      vertex 14.2507 -0.813172 0
      vertex 14.2507 -0.813172 1.2
    endloop
  endfacet
  facet normal 0.989765 0.142706 0
    outer loop
      vertex -10.9337 -1.22652 2.7
      vertex -10.9365 -1.2071 2.3
      vertex -10.9365 -1.2071 2.7
    endloop
  endfacet
  facet normal 0.989765 0.142706 0
    outer loop
      vertex -10.9365 -1.2071 2.3
      vertex -10.9337 -1.22652 2.7
      vertex -10.9337 -1.22652 2.3
    endloop
  endfacet
  facet normal 0.146844 0.98916 -0
    outer loop
      vertex -10.7571 -1.38654 2.3
      vertex -10.7765 -1.38366 2.7
      vertex -10.7571 -1.38654 2.7
    endloop
  endfacet
  facet normal 0.146844 0.98916 0
    outer loop
      vertex -10.7765 -1.38366 2.7
      vertex -10.7571 -1.38654 2.3
      vertex -10.7765 -1.38366 2.3
    endloop
  endfacet
  facet normal -0.998701 0.0509541 0
    outer loop
      vertex 10.9365 -1.2071 2.3
      vertex 10.9375 -1.1875 2.7
      vertex 10.9375 -1.1875 2.3
    endloop
  endfacet
  facet normal -0.998701 0.0509541 0
    outer loop
      vertex 10.9375 -1.1875 2.7
      vertex 10.9365 -1.2071 2.3
      vertex 10.9365 -1.2071 2.7
    endloop
  endfacet
  facet normal 0.998701 0.0509541 0
    outer loop
      vertex -10.9365 -1.2071 2.7
      vertex -10.9375 -1.1875 2.3
      vertex -10.9375 -1.1875 2.7
    endloop
  endfacet
  facet normal 0.998701 0.0509541 0
    outer loop
      vertex -10.9375 -1.1875 2.3
      vertex -10.9365 -1.2071 2.7
      vertex -10.9365 -1.2071 2.3
    endloop
  endfacet
  facet normal 0 -1 0
    outer loop
      vertex -10.7375 -0.987499 2.3
      vertex 10.7375 -0.987499 2.7
      vertex -10.7375 -0.987499 2.7
    endloop
  endfacet
  facet normal 0 -1 -0
    outer loop
      vertex 10.7375 -0.987499 2.7
      vertex -10.7375 -0.987499 2.3
      vertex 10.7375 -0.987499 2.3
    endloop
  endfacet
  facet normal 0.242249 -0.970214 0
    outer loop
      vertex -10.7956 -0.996112 2.3
      vertex -10.7765 -0.991343 2.7
      vertex -10.7956 -0.996112 2.7
    endloop
  endfacet
  facet normal 0.242249 -0.970214 0
    outer loop
      vertex -10.7765 -0.991343 2.7
      vertex -10.7956 -0.996112 2.3
      vertex -10.7765 -0.991343 2.3
    endloop
  endfacet
  facet normal -0.989765 0.142706 0
    outer loop
      vertex 10.9337 -1.22652 2.3
      vertex 10.9365 -1.2071 2.7
      vertex 10.9365 -1.2071 2.3
    endloop
  endfacet
  facet normal -0.989765 0.142706 0
    outer loop
      vertex 10.9365 -1.2071 2.7
      vertex 10.9337 -1.22652 2.3
      vertex 10.9337 -1.22652 2.7
    endloop
  endfacet
  facet normal 0.672622 -0.739986 0
    outer loop
      vertex -10.8789 -1.04608 2.3
      vertex -10.8644 -1.0329 2.7
      vertex -10.8789 -1.04608 2.7
    endloop
  endfacet
  facet normal 0.672622 -0.739986 0
    outer loop
      vertex -10.8644 -1.0329 2.7
      vertex -10.8789 -1.04608 2.3
      vertex -10.8644 -1.0329 2.3
    endloop
  endfacet
  facet normal -0.337995 -0.941148 0
    outer loop
      vertex 10.7956 -0.996112 2.3
      vertex 10.814 -1.00272 2.7
      vertex 10.7956 -0.996112 2.7
    endloop
  endfacet
  facet normal -0.337995 -0.941148 -0
    outer loop
      vertex 10.814 -1.00272 2.7
      vertex 10.7956 -0.996112 2.3
      vertex 10.814 -1.00272 2.3
    endloop
  endfacet
  facet normal -0.0489209 0.998803 0
    outer loop
      vertex 10.7571 -1.38654 2.3
      vertex 10.7375 -1.3875 2.7
      vertex 10.7571 -1.38654 2.7
    endloop
  endfacet
  facet normal -0.0489209 0.998803 0
    outer loop
      vertex 10.7375 -1.3875 2.7
      vertex 10.7571 -1.38654 2.3
      vertex 10.7375 -1.3875 2.3
    endloop
  endfacet
  facet normal 0.514871 0.857268 -0
    outer loop
      vertex -10.8318 -1.36388 2.3
      vertex -10.8486 -1.35379 2.7
      vertex -10.8318 -1.36388 2.7
    endloop
  endfacet
  facet normal 0.514871 0.857268 0
    outer loop
      vertex -10.8486 -1.35379 2.7
      vertex -10.8318 -1.36388 2.3
      vertex -10.8486 -1.35379 2.3
    endloop
  endfacet
  facet normal -0.9038 -0.427955 0
    outer loop
      vertex 10.9223 -1.11096 2.3
      vertex 10.9139 -1.09322 2.7
      vertex 10.9139 -1.09322 2.3
    endloop
  endfacet
  facet normal -0.9038 -0.427955 0
    outer loop
      vertex 10.9139 -1.09322 2.7
      vertex 10.9223 -1.11096 2.3
      vertex 10.9223 -1.11096 2.7
    endloop
  endfacet
  facet normal 0.514871 -0.857268 0
    outer loop
      vertex -10.8486 -1.02121 2.3
      vertex -10.8318 -1.01112 2.7
      vertex -10.8486 -1.02121 2.7
    endloop
  endfacet
  facet normal 0.514871 -0.857268 0
    outer loop
      vertex -10.8318 -1.01112 2.7
      vertex -10.8486 -1.02121 2.3
      vertex -10.8318 -1.01112 2.3
    endloop
  endfacet
  facet normal -0.969661 -0.244452 0
    outer loop
      vertex 10.9337 -1.14848 2.3
      vertex 10.9289 -1.12944 2.7
      vertex 10.9289 -1.12944 2.3
    endloop
  endfacet
  facet normal -0.969661 -0.244452 0
    outer loop
      vertex 10.9289 -1.12944 2.7
      vertex 10.9337 -1.14848 2.3
      vertex 10.9337 -1.14848 2.7
    endloop
  endfacet
  facet normal 0 1 -0
    outer loop
      vertex 10.7375 -1.3875 2.3
      vertex -10.7375 -1.3875 2.7
      vertex 10.7375 -1.3875 2.7
    endloop
  endfacet
  facet normal 0 1 0
    outer loop
      vertex -10.7375 -1.3875 2.7
      vertex 10.7375 -1.3875 2.3
      vertex -10.7375 -1.3875 2.3
    endloop
  endfacet
  facet normal 0.803106 -0.595836 0
    outer loop
      vertex -10.9038 -1.07639 2.7
      vertex -10.8921 -1.06062 2.3
      vertex -10.8921 -1.06062 2.7
    endloop
  endfacet
  facet normal 0.803106 -0.595836 0
    outer loop
      vertex -10.8921 -1.06062 2.3
      vertex -10.9038 -1.07639 2.7
      vertex -10.9038 -1.07639 2.3
    endloop
  endfacet
  facet normal -0.857448 0.514571 0
    outer loop
      vertex 10.9038 -1.29861 2.3
      vertex 10.9139 -1.28178 2.7
      vertex 10.9139 -1.28178 2.3
    endloop
  endfacet
  facet normal -0.857448 0.514571 0
    outer loop
      vertex 10.9139 -1.28178 2.7
      vertex 10.9038 -1.29861 2.3
      vertex 10.9038 -1.29861 2.7
    endloop
  endfacet
  facet normal -0.803106 0.595836 0
    outer loop
      vertex 10.8921 -1.31438 2.3
      vertex 10.9038 -1.29861 2.7
      vertex 10.9038 -1.29861 2.3
    endloop
  endfacet
  facet normal -0.803106 0.595836 0
    outer loop
      vertex 10.9038 -1.29861 2.7
      vertex 10.8921 -1.31438 2.3
      vertex 10.8921 -1.31438 2.7
    endloop
  endfacet
  facet normal 0.426775 -0.904358 0
    outer loop
      vertex -10.8318 -1.01112 2.3
      vertex -10.814 -1.00272 2.7
      vertex -10.8318 -1.01112 2.7
    endloop
  endfacet
  facet normal 0.426775 -0.904358 0
    outer loop
      vertex -10.814 -1.00272 2.7
      vertex -10.8318 -1.01112 2.3
      vertex -10.814 -1.00272 2.3
    endloop
  endfacet
  facet normal -0.338085 0.941115 0
    outer loop
      vertex 10.814 -1.37228 2.3
      vertex 10.7956 -1.37889 2.7
      vertex 10.814 -1.37228 2.7
    endloop
  endfacet
  facet normal -0.338085 0.941115 0
    outer loop
      vertex 10.7956 -1.37889 2.7
      vertex 10.814 -1.37228 2.3
      vertex 10.7956 -1.37889 2.3
    endloop
  endfacet
  facet normal 0.426775 0.904358 -0
    outer loop
      vertex -10.814 -1.37228 2.3
      vertex -10.8318 -1.36388 2.7
      vertex -10.814 -1.37228 2.7
    endloop
  endfacet
  facet normal 0.426775 0.904358 0
    outer loop
      vertex -10.8318 -1.36388 2.7
      vertex -10.814 -1.37228 2.3
      vertex -10.8318 -1.36388 2.3
    endloop
  endfacet
  facet normal 0.740401 -0.672166 0
    outer loop
      vertex -10.8921 -1.06062 2.7
      vertex -10.8789 -1.04608 2.3
      vertex -10.8789 -1.04608 2.7
    endloop
  endfacet
  facet normal 0.740401 -0.672166 0
    outer loop
      vertex -10.8789 -1.04608 2.3
      vertex -10.8921 -1.06062 2.7
      vertex -10.8921 -1.06062 2.3
    endloop
  endfacet
  facet normal -0.0490735 -0.998795 0
    outer loop
      vertex 10.7375 -0.987499 2.3
      vertex 10.7571 -0.988462 2.7
      vertex 10.7375 -0.987499 2.7
    endloop
  endfacet
  facet normal -0.0490735 -0.998795 -0
    outer loop
      vertex 10.7571 -0.988462 2.7
      vertex 10.7375 -0.987499 2.3
      vertex 10.7571 -0.988462 2.3
    endloop
  endfacet
  facet normal 0.969661 -0.244452 0
    outer loop
      vertex -10.9337 -1.14848 2.7
      vertex -10.9289 -1.12944 2.3
      vertex -10.9289 -1.12944 2.7
    endloop
  endfacet
  facet normal 0.969661 -0.244452 0
    outer loop
      vertex -10.9289 -1.12944 2.3
      vertex -10.9337 -1.14848 2.7
      vertex -10.9337 -1.14848 2.3
    endloop
  endfacet
  facet normal 0.941742 -0.336336 0
    outer loop
      vertex -10.9289 -1.12944 2.7
      vertex -10.9223 -1.11096 2.3
      vertex -10.9223 -1.11096 2.7
    endloop
  endfacet
  facet normal 0.941742 -0.336336 0
    outer loop
      vertex -10.9223 -1.11096 2.3
      vertex -10.9289 -1.12944 2.7
      vertex -10.9289 -1.12944 2.3
    endloop
  endfacet
  facet normal 0.857448 -0.514571 0
    outer loop
      vertex -10.9139 -1.09322 2.7
      vertex -10.9038 -1.07639 2.3
      vertex -10.9038 -1.07639 2.7
    endloop
  endfacet
  facet normal 0.857448 -0.514571 0
    outer loop
      vertex -10.9038 -1.07639 2.3
      vertex -10.9139 -1.09322 2.7
      vertex -10.9139 -1.09322 2.3
    endloop
  endfacet
  facet normal -0.242249 -0.970214 0
    outer loop
      vertex 10.7765 -0.991343 2.3
      vertex 10.7956 -0.996112 2.7
      vertex 10.7765 -0.991343 2.7
    endloop
  endfacet
  facet normal -0.242249 -0.970214 -0
    outer loop
      vertex 10.7956 -0.996112 2.7
      vertex 10.7765 -0.991343 2.3
      vertex 10.7956 -0.996112 2.3
    endloop
  endfacet
  facet normal 0.0490735 -0.998795 0
    outer loop
      vertex -10.7571 -0.988462 2.3
      vertex -10.7375 -0.987499 2.7
      vertex -10.7571 -0.988462 2.7
    endloop
  endfacet
  facet normal 0.0490735 -0.998795 0
    outer loop
      vertex -10.7375 -0.987499 2.7
      vertex -10.7571 -0.988462 2.3
      vertex -10.7375 -0.987499 2.3
    endloop
  endfacet
  facet normal -0.426775 -0.904358 0
    outer loop
      vertex 10.814 -1.00272 2.3
      vertex 10.8318 -1.01112 2.7
      vertex 10.814 -1.00272 2.7
    endloop
  endfacet
  facet normal -0.426775 -0.904358 -0
    outer loop
      vertex 10.8318 -1.01112 2.7
      vertex 10.814 -1.00272 2.3
      vertex 10.8318 -1.01112 2.3
    endloop
  endfacet
  facet normal -0.998701 -0.0509541 0
    outer loop
      vertex 10.9375 -1.1875 2.3
      vertex 10.9365 -1.1679 2.7
      vertex 10.9365 -1.1679 2.3
    endloop
  endfacet
  facet normal -0.998701 -0.0509541 0
    outer loop
      vertex 10.9365 -1.1679 2.7
      vertex 10.9375 -1.1875 2.3
      vertex 10.9375 -1.1875 2.7
    endloop
  endfacet
  facet normal 0.146894 -0.989152 0
    outer loop
      vertex -10.7765 -0.991343 2.3
      vertex -10.7571 -0.988462 2.7
      vertex -10.7765 -0.991343 2.7
    endloop
  endfacet
  facet normal 0.146894 -0.989152 0
    outer loop
      vertex -10.7571 -0.988462 2.7
      vertex -10.7765 -0.991343 2.3
      vertex -10.7571 -0.988462 2.3
    endloop
  endfacet
  facet normal -0.857448 -0.514571 0
    outer loop
      vertex 10.9139 -1.09322 2.3
      vertex 10.9038 -1.07639 2.7
      vertex 10.9038 -1.07639 2.3
    endloop
  endfacet
  facet normal -0.857448 -0.514571 0
    outer loop
      vertex 10.9038 -1.07639 2.7
      vertex 10.9139 -1.09322 2.3
      vertex 10.9139 -1.09322 2.7
    endloop
  endfacet
  facet normal -0.594777 -0.803891 0
    outer loop
      vertex 10.8486 -1.02121 2.3
      vertex 10.8644 -1.0329 2.7
      vertex 10.8486 -1.02121 2.7
    endloop
  endfacet
  facet normal -0.594777 -0.803891 -0
    outer loop
      vertex 10.8644 -1.0329 2.7
      vertex 10.8486 -1.02121 2.3
      vertex 10.8644 -1.0329 2.3
    endloop
  endfacet
  facet normal 0.594777 -0.803891 0
    outer loop
      vertex -10.8644 -1.0329 2.3
      vertex -10.8486 -1.02121 2.7
      vertex -10.8644 -1.0329 2.7
    endloop
  endfacet
  facet normal 0.594777 -0.803891 0
    outer loop
      vertex -10.8486 -1.02121 2.7
      vertex -10.8644 -1.0329 2.3
      vertex -10.8486 -1.02121 2.3
    endloop
  endfacet
  facet normal 0.242297 0.970202 -0
    outer loop
      vertex -10.7765 -1.38366 2.3
      vertex -10.7956 -1.37889 2.7
      vertex -10.7765 -1.38366 2.7
    endloop
  endfacet
  facet normal 0.242297 0.970202 0
    outer loop
      vertex -10.7956 -1.37889 2.7
      vertex -10.7765 -1.38366 2.3
      vertex -10.7956 -1.37889 2.3
    endloop
  endfacet
  facet normal 0.803106 0.595836 0
    outer loop
      vertex -10.8921 -1.31438 2.7
      vertex -10.9038 -1.29861 2.3
      vertex -10.9038 -1.29861 2.7
    endloop
  endfacet
  facet normal 0.803106 0.595836 0
    outer loop
      vertex -10.9038 -1.29861 2.3
      vertex -10.8921 -1.31438 2.7
      vertex -10.8921 -1.31438 2.3
    endloop
  endfacet
  facet normal -0.989765 -0.142706 0
    outer loop
      vertex 10.9365 -1.1679 2.3
      vertex 10.9337 -1.14848 2.7
      vertex 10.9337 -1.14848 2.3
    endloop
  endfacet
  facet normal -0.989765 -0.142706 0
    outer loop
      vertex 10.9337 -1.14848 2.7
      vertex 10.9365 -1.1679 2.3
      vertex 10.9365 -1.1679 2.7
    endloop
  endfacet
  facet normal 0.989765 -0.142706 0
    outer loop
      vertex -10.9365 -1.1679 2.7
      vertex -10.9337 -1.14848 2.3
      vertex -10.9337 -1.14848 2.7
    endloop
  endfacet
  facet normal 0.989765 -0.142706 0
    outer loop
      vertex -10.9337 -1.14848 2.3
      vertex -10.9365 -1.1679 2.7
      vertex -10.9365 -1.1679 2.3
    endloop
  endfacet
  facet normal 0.998701 -0.0509541 0
    outer loop
      vertex -10.9375 -1.1875 2.7
      vertex -10.9365 -1.1679 2.3
      vertex -10.9365 -1.1679 2.7
    endloop
  endfacet
  facet normal 0.998701 -0.0509541 0
    outer loop
      vertex -10.9365 -1.1679 2.3
      vertex -10.9375 -1.1875 2.7
      vertex -10.9375 -1.1875 2.3
    endloop
  endfacet
  facet normal -0.740401 0.672166 0
    outer loop
      vertex 10.8789 -1.32892 2.3
      vertex 10.8921 -1.31438 2.7
      vertex 10.8921 -1.31438 2.3
    endloop
  endfacet
  facet normal -0.740401 0.672166 0
    outer loop
      vertex 10.8921 -1.31438 2.7
      vertex 10.8789 -1.32892 2.3
      vertex 10.8789 -1.32892 2.7
    endloop
  endfacet
  facet normal -0.146844 0.98916 0
    outer loop
      vertex 10.7765 -1.38366 2.3
      vertex 10.7571 -1.38654 2.7
      vertex 10.7765 -1.38366 2.7
    endloop
  endfacet
  facet normal -0.146844 0.98916 0
    outer loop
      vertex 10.7571 -1.38654 2.7
      vertex 10.7765 -1.38366 2.3
      vertex 10.7571 -1.38654 2.3
    endloop
  endfacet
  facet normal 0.337995 -0.941148 0
    outer loop
      vertex -10.814 -1.00272 2.3
      vertex -10.7956 -0.996112 2.7
      vertex -10.814 -1.00272 2.7
    endloop
  endfacet
  facet normal 0.337995 -0.941148 0
    outer loop
      vertex -10.7956 -0.996112 2.7
      vertex -10.814 -1.00272 2.3
      vertex -10.7956 -0.996112 2.3
    endloop
  endfacet
  facet normal -0.672622 -0.739986 0
    outer loop
      vertex 10.8644 -1.0329 2.3
      vertex 10.8789 -1.04608 2.7
      vertex 10.8644 -1.0329 2.7
    endloop
  endfacet
  facet normal -0.672622 -0.739986 -0
    outer loop
      vertex 10.8789 -1.04608 2.7
      vertex 10.8644 -1.0329 2.3
      vertex 10.8789 -1.04608 2.3
    endloop
  endfacet
  facet normal -0.969661 0.244452 0
    outer loop
      vertex 10.9289 -1.24556 2.3
      vertex 10.9337 -1.22652 2.7
      vertex 10.9337 -1.22652 2.3
    endloop
  endfacet
  facet normal -0.969661 0.244452 0
    outer loop
      vertex 10.9337 -1.22652 2.7
      vertex 10.9289 -1.24556 2.3
      vertex 10.9289 -1.24556 2.7
    endloop
  endfacet
  facet normal -0.514871 -0.857268 0
    outer loop
      vertex 10.8318 -1.01112 2.3
      vertex 10.8486 -1.02121 2.7
      vertex 10.8318 -1.01112 2.7
    endloop
  endfacet
  facet normal -0.514871 -0.857268 -0
    outer loop
      vertex 10.8486 -1.02121 2.7
      vertex 10.8318 -1.01112 2.3
      vertex 10.8486 -1.02121 2.3
    endloop
  endfacet
  facet normal 0.9038 -0.427955 0
    outer loop
      vertex -10.9223 -1.11096 2.7
      vertex -10.9139 -1.09322 2.3
      vertex -10.9139 -1.09322 2.7
    endloop
  endfacet
  facet normal 0.9038 -0.427955 0
    outer loop
      vertex -10.9139 -1.09322 2.3
      vertex -10.9223 -1.11096 2.7
      vertex -10.9223 -1.11096 2.3
    endloop
  endfacet
  facet normal -0.941742 -0.336336 0
    outer loop
      vertex 10.9289 -1.12944 2.3
      vertex 10.9223 -1.11096 2.7
      vertex 10.9223 -1.11096 2.3
    endloop
  endfacet
  facet normal -0.941742 -0.336336 0
    outer loop
      vertex 10.9223 -1.11096 2.7
      vertex 10.9289 -1.12944 2.3
      vertex 10.9289 -1.12944 2.7
    endloop
  endfacet
  facet normal -0.594777 0.803891 0
    outer loop
      vertex 10.8644 -1.3421 2.3
      vertex 10.8486 -1.35379 2.7
      vertex 10.8644 -1.3421 2.7
    endloop
  endfacet
  facet normal -0.594777 0.803891 0
    outer loop
      vertex 10.8486 -1.35379 2.7
      vertex 10.8644 -1.3421 2.3
      vertex 10.8486 -1.35379 2.3
    endloop
  endfacet
  facet normal 0.740401 0.672166 0
    outer loop
      vertex -10.8789 -1.32892 2.7
      vertex -10.8921 -1.31438 2.3
      vertex -10.8921 -1.31438 2.7
    endloop
  endfacet
  facet normal 0.740401 0.672166 0
    outer loop
      vertex -10.8921 -1.31438 2.3
      vertex -10.8789 -1.32892 2.7
      vertex -10.8789 -1.32892 2.3
    endloop
  endfacet
  facet normal -0.426775 0.904358 0
    outer loop
      vertex 10.8318 -1.36388 2.3
      vertex 10.814 -1.37228 2.7
      vertex 10.8318 -1.36388 2.7
    endloop
  endfacet
  facet normal -0.426775 0.904358 0
    outer loop
      vertex 10.814 -1.37228 2.7
      vertex 10.8318 -1.36388 2.3
      vertex 10.814 -1.37228 2.3
    endloop
  endfacet
  facet normal -0.740401 -0.672166 0
    outer loop
      vertex 10.8921 -1.06062 2.3
      vertex 10.8789 -1.04608 2.7
      vertex 10.8789 -1.04608 2.3
    endloop
  endfacet
  facet normal -0.740401 -0.672166 0
    outer loop
      vertex 10.8789 -1.04608 2.7
      vertex 10.8921 -1.06062 2.3
      vertex 10.8921 -1.06062 2.7
    endloop
  endfacet
  facet normal -0.242297 0.970202 0
    outer loop
      vertex 10.7956 -1.37889 2.3
      vertex 10.7765 -1.38366 2.7
      vertex 10.7956 -1.37889 2.7
    endloop
  endfacet
  facet normal -0.242297 0.970202 0
    outer loop
      vertex 10.7765 -1.38366 2.7
      vertex 10.7956 -1.37889 2.3
      vertex 10.7765 -1.38366 2.3
    endloop
  endfacet
  facet normal -0.803106 -0.595836 0
    outer loop
      vertex 10.9038 -1.07639 2.3
      vertex 10.8921 -1.06062 2.7
      vertex 10.8921 -1.06062 2.3
    endloop
  endfacet
  facet normal -0.803106 -0.595836 0
    outer loop
      vertex 10.8921 -1.06062 2.7
      vertex 10.9038 -1.07639 2.3
      vertex 10.9038 -1.07639 2.7
    endloop
  endfacet
  facet normal -0.146894 -0.989152 0
    outer loop
      vertex 10.7571 -0.988462 2.3
      vertex 10.7765 -0.991343 2.7
      vertex 10.7571 -0.988462 2.7
    endloop
  endfacet
  facet normal -0.146894 -0.989152 -0
    outer loop
      vertex 10.7765 -0.991343 2.7
      vertex 10.7571 -0.988462 2.3
      vertex 10.7765 -0.991343 2.3
    endloop
  endfacet
  facet normal -0.941742 0.336336 0
    outer loop
      vertex 10.9223 -1.26404 2.3
      vertex 10.9289 -1.24556 2.7
      vertex 10.9289 -1.24556 2.3
    endloop
  endfacet
  facet normal -0.941742 0.336336 0
    outer loop
      vertex 10.9289 -1.24556 2.7
      vertex 10.9223 -1.26404 2.3
      vertex 10.9223 -1.26404 2.7
    endloop
  endfacet
  facet normal -0.9038 0.427955 0
    outer loop
      vertex 10.9139 -1.28178 2.3
      vertex 10.9223 -1.26404 2.7
      vertex 10.9223 -1.26404 2.3
    endloop
  endfacet
  facet normal -0.9038 0.427955 0
    outer loop
      vertex 10.9223 -1.26404 2.7
      vertex 10.9139 -1.28178 2.3
      vertex 10.9139 -1.28178 2.7
    endloop
  endfacet
  facet normal 0.9038 0.427955 0
    outer loop
      vertex -10.9139 -1.28178 2.7
      vertex -10.9223 -1.26404 2.3
      vertex -10.9223 -1.26404 2.7
    endloop
  endfacet
  facet normal 0.9038 0.427955 0
    outer loop
      vertex -10.9223 -1.26404 2.3
      vertex -10.9139 -1.28178 2.7
      vertex -10.9139 -1.28178 2.3
    endloop
  endfacet
  facet normal 0.0489209 0.998803 -0
    outer loop
      vertex -10.7375 -1.3875 2.3
      vertex -10.7571 -1.38654 2.7
      vertex -10.7375 -1.3875 2.7
    endloop
  endfacet
  facet normal 0.0489209 0.998803 0
    outer loop
      vertex -10.7571 -1.38654 2.7
      vertex -10.7375 -1.3875 2.3
      vertex -10.7571 -1.38654 2.3
    endloop
  endfacet
  facet normal 0.338085 0.941115 -0
    outer loop
      vertex -10.7956 -1.37889 2.3
      vertex -10.814 -1.37228 2.7
      vertex -10.7956 -1.37889 2.7
    endloop
  endfacet
  facet normal 0.338085 0.941115 0
    outer loop
      vertex -10.814 -1.37228 2.7
      vertex -10.7956 -1.37889 2.3
      vertex -10.814 -1.37228 2.3
    endloop
  endfacet
  facet normal -0.672622 0.739986 0
    outer loop
      vertex 10.8789 -1.32892 2.3
      vertex 10.8644 -1.3421 2.7
      vertex 10.8789 -1.32892 2.7
    endloop
  endfacet
  facet normal -0.672622 0.739986 0
    outer loop
      vertex 10.8644 -1.3421 2.7
      vertex 10.8789 -1.32892 2.3
      vertex 10.8644 -1.3421 2.3
    endloop
  endfacet
  facet normal 0.857448 0.514571 0
    outer loop
      vertex -10.9038 -1.29861 2.7
      vertex -10.9139 -1.28178 2.3
      vertex -10.9139 -1.28178 2.7
    endloop
  endfacet
  facet normal 0.857448 0.514571 0
    outer loop
      vertex -10.9139 -1.28178 2.3
      vertex -10.9038 -1.29861 2.7
      vertex -10.9038 -1.29861 2.3
    endloop
  endfacet
  facet normal -0.514871 0.857268 0
    outer loop
      vertex 10.8486 -1.35379 2.3
      vertex 10.8318 -1.36388 2.7
      vertex 10.8486 -1.35379 2.7
    endloop
  endfacet
  facet normal -0.514871 0.857268 0
    outer loop
      vertex 10.8318 -1.36388 2.7
      vertex 10.8486 -1.35379 2.3
      vertex 10.8318 -1.36388 2.3
    endloop
  endfacet
  facet normal 0.594777 0.803891 -0
    outer loop
      vertex -10.8486 -1.35379 2.3
      vertex -10.8644 -1.3421 2.7
      vertex -10.8486 -1.35379 2.7
    endloop
  endfacet
  facet normal 0.594777 0.803891 0
    outer loop
      vertex -10.8644 -1.3421 2.7
      vertex -10.8486 -1.35379 2.3
      vertex -10.8644 -1.3421 2.3
    endloop
  endfacet
  facet normal 0.672622 0.739986 -0
    outer loop
      vertex -10.8644 -1.3421 2.3
      vertex -10.8789 -1.32892 2.7
      vertex -10.8644 -1.3421 2.7
    endloop
  endfacet
  facet normal 0.672622 0.739986 0
    outer loop
      vertex -10.8789 -1.32892 2.7
      vertex -10.8644 -1.3421 2.3
      vertex -10.8789 -1.32892 2.3
    endloop
  endfacet
  facet normal 0 0 1
    outer loop
      vertex 10.9365 -1.1679 2.3
      vertex 10.9365 -1.2071 2.3
      vertex 10.9375 -1.1875 2.3
    endloop
  endfacet
  facet normal 0 0 1
    outer loop
      vertex 10.9337 -1.14848 2.3
      vertex 10.9365 -1.2071 2.3
      vertex 10.9365 -1.1679 2.3
    endloop
  endfacet
  facet normal 0 0 1
    outer loop
      vertex 10.9337 -1.14848 2.3
      vertex 10.9337 -1.22652 2.3
      vertex 10.9365 -1.2071 2.3
    endloop
  endfacet
  facet normal 0 0 1
    outer loop
      vertex 10.9289 -1.12944 2.3
      vertex 10.9337 -1.22652 2.3
      vertex 10.9337 -1.14848 2.3
    endloop
  endfacet
  facet normal 0 0 1
    outer loop
      vertex 10.9289 -1.12944 2.3
      vertex 10.9289 -1.24556 2.3
      vertex 10.9337 -1.22652 2.3
    endloop
  endfacet
  facet normal 0 0 1
    outer loop
      vertex 10.9223 -1.11096 2.3
      vertex 10.9289 -1.24556 2.3
      vertex 10.9289 -1.12944 2.3
    endloop
  endfacet
  facet normal 0 0 1
    outer loop
      vertex 10.9223 -1.11096 2.3
      vertex 10.9223 -1.26404 2.3
      vertex 10.9289 -1.24556 2.3
    endloop
  endfacet
  facet normal 0 0 1
    outer loop
      vertex 10.9139 -1.09322 2.3
      vertex 10.9223 -1.26404 2.3
      vertex 10.9223 -1.11096 2.3
    endloop
  endfacet
  facet normal 0 0 1
    outer loop
      vertex 10.9139 -1.09322 2.3
      vertex 10.9139 -1.28178 2.3
      vertex 10.9223 -1.26404 2.3
    endloop
  endfacet
  facet normal 0 0 1
    outer loop
      vertex 10.9038 -1.07639 2.3
      vertex 10.9139 -1.28178 2.3
      vertex 10.9139 -1.09322 2.3
    endloop
  endfacet
  facet normal 0 0 1
    outer loop
      vertex 10.9038 -1.07639 2.3
      vertex 10.9038 -1.29861 2.3
      vertex 10.9139 -1.28178 2.3
    endloop
  endfacet
  facet normal 0 0 1
    outer loop
      vertex 10.8921 -1.06062 2.3
      vertex 10.9038 -1.29861 2.3
      vertex 10.9038 -1.07639 2.3
    endloop
  endfacet
  facet normal 0 0 1
    outer loop
      vertex 10.8921 -1.06062 2.3
      vertex 10.8921 -1.31438 2.3
      vertex 10.9038 -1.29861 2.3
    endloop
  endfacet
  facet normal 0 0 1
    outer loop
      vertex 10.8789 -1.04608 2.3
      vertex 10.8921 -1.31438 2.3
      vertex 10.8921 -1.06062 2.3
    endloop
  endfacet
  facet normal 0 0 1
    outer loop
      vertex 10.8789 -1.04608 2.3
      vertex 10.8789 -1.32892 2.3
      vertex 10.8921 -1.31438 2.3
    endloop
  endfacet
  facet normal 0 0 1
    outer loop
      vertex 10.8644 -1.0329 2.3
      vertex 10.8789 -1.32892 2.3
      vertex 10.8789 -1.04608 2.3
    endloop
  endfacet
  facet normal 0 0 1
    outer loop
      vertex 10.8644 -1.0329 2.3
      vertex 10.8644 -1.3421 2.3
      vertex 10.8789 -1.32892 2.3
    endloop
  endfacet
  facet normal 0 0 1
    outer loop
      vertex 10.8486 -1.02121 2.3
      vertex 10.8644 -1.3421 2.3
      vertex 10.8644 -1.0329 2.3
    endloop
  endfacet
  facet normal 0 0 1
    outer loop
      vertex 10.8486 -1.02121 2.3
      vertex 10.8486 -1.35379 2.3
      vertex 10.8644 -1.3421 2.3
    endloop
  endfacet
  facet normal 0 0 1
    outer loop
      vertex 10.8318 -1.01112 2.3
      vertex 10.8486 -1.35379 2.3
      vertex 10.8486 -1.02121 2.3
    endloop
  endfacet
  facet normal 0 0 1
    outer loop
      vertex 10.8318 -1.01112 2.3
      vertex 10.8318 -1.36388 2.3
      vertex 10.8486 -1.35379 2.3
    endloop
  endfacet
  facet normal 0 0 1
    outer loop
      vertex 10.814 -1.00272 2.3
      vertex 10.8318 -1.36388 2.3
      vertex 10.8318 -1.01112 2.3
    endloop
  endfacet
  facet normal 0 0 1
    outer loop
      vertex 10.814 -1.00272 2.3
      vertex 10.814 -1.37228 2.3
      vertex 10.8318 -1.36388 2.3
    endloop
  endfacet
  facet normal 0 0 1
    outer loop
      vertex 10.7956 -0.996112 2.3
      vertex 10.814 -1.37228 2.3
      vertex 10.814 -1.00272 2.3
    endloop
  endfacet
  facet normal 0 0 1
    outer loop
      vertex 10.7956 -0.996112 2.3
      vertex 10.7956 -1.37889 2.3
      vertex 10.814 -1.37228 2.3
    endloop
  endfacet
  facet normal 0 0 1
    outer loop
      vertex 10.7765 -0.991343 2.3
      vertex 10.7956 -1.37889 2.3
      vertex 10.7956 -0.996112 2.3
    endloop
  endfacet
  facet normal 0 0 1
    outer loop
      vertex 10.7765 -0.991343 2.3
      vertex 10.7765 -1.38366 2.3
      vertex 10.7956 -1.37889 2.3
    endloop
  endfacet
  facet normal 0 0 1
    outer loop
      vertex 10.7571 -0.988462 2.3
      vertex 10.7765 -1.38366 2.3
      vertex 10.7765 -0.991343 2.3
    endloop
  endfacet
  facet normal 0 0 1
    outer loop
      vertex 10.7571 -0.988462 2.3
      vertex 10.7571 -1.38654 2.3
      vertex 10.7765 -1.38366 2.3
    endloop
  endfacet
  facet normal 0 0 1
    outer loop
      vertex 10.7375 -0.987499 2.3
      vertex 10.7571 -1.38654 2.3
      vertex 10.7571 -0.988462 2.3
    endloop
  endfacet
  facet normal 0 0 1
    outer loop
      vertex 10.7375 -0.987499 2.3
      vertex 10.7375 -1.3875 2.3
      vertex 10.7571 -1.38654 2.3
    endloop
  endfacet
  facet normal -0 0 1
    outer loop
      vertex -10.7375 -0.987499 2.3
      vertex 10.7375 -1.3875 2.3
      vertex 10.7375 -0.987499 2.3
    endloop
  endfacet
  facet normal 0 0 1
    outer loop
      vertex -10.7375 -0.987499 2.3
      vertex -10.7375 -1.3875 2.3
      vertex 10.7375 -1.3875 2.3
    endloop
  endfacet
  facet normal -0 0 1
    outer loop
      vertex -10.7571 -0.988462 2.3
      vertex -10.7375 -1.3875 2.3
      vertex -10.7375 -0.987499 2.3
    endloop
  endfacet
  facet normal 0 0 1
    outer loop
      vertex -10.7571 -0.988462 2.3
      vertex -10.7571 -1.38654 2.3
      vertex -10.7375 -1.3875 2.3
    endloop
  endfacet
  facet normal -0 0 1
    outer loop
      vertex -10.7765 -0.991343 2.3
      vertex -10.7571 -1.38654 2.3
      vertex -10.7571 -0.988462 2.3
    endloop
  endfacet
  facet normal 0 0 1
    outer loop
      vertex -10.7765 -0.991343 2.3
      vertex -10.7765 -1.38366 2.3
      vertex -10.7571 -1.38654 2.3
    endloop
  endfacet
  facet normal -0 0 1
    outer loop
      vertex -10.7956 -0.996112 2.3
      vertex -10.7765 -1.38366 2.3
      vertex -10.7765 -0.991343 2.3
    endloop
  endfacet
  facet normal 0 0 1
    outer loop
      vertex -10.7956 -0.996112 2.3
      vertex -10.7956 -1.37889 2.3
      vertex -10.7765 -1.38366 2.3
    endloop
  endfacet
  facet normal -0 0 1
    outer loop
      vertex -10.814 -1.00272 2.3
      vertex -10.7956 -1.37889 2.3
      vertex -10.7956 -0.996112 2.3
    endloop
  endfacet
  facet normal 0 0 1
    outer loop
      vertex -10.814 -1.00272 2.3
      vertex -10.814 -1.37228 2.3
      vertex -10.7956 -1.37889 2.3
    endloop
  endfacet
  facet normal -0 0 1
    outer loop
      vertex -10.8318 -1.01112 2.3
      vertex -10.814 -1.37228 2.3
      vertex -10.814 -1.00272 2.3
    endloop
  endfacet
  facet normal 0 0 1
    outer loop
      vertex -10.8318 -1.01112 2.3
      vertex -10.8318 -1.36388 2.3
      vertex -10.814 -1.37228 2.3
    endloop
  endfacet
  facet normal -0 0 1
    outer loop
      vertex -10.8486 -1.02121 2.3
      vertex -10.8318 -1.36388 2.3
      vertex -10.8318 -1.01112 2.3
    endloop
  endfacet
  facet normal 0 0 1
    outer loop
      vertex -10.8486 -1.02121 2.3
      vertex -10.8486 -1.35379 2.3
      vertex -10.8318 -1.36388 2.3
    endloop
  endfacet
  facet normal -0 0 1
    outer loop
      vertex -10.8644 -1.0329 2.3
      vertex -10.8486 -1.35379 2.3
      vertex -10.8486 -1.02121 2.3
    endloop
  endfacet
  facet normal 0 0 1
    outer loop
      vertex -10.8644 -1.0329 2.3
      vertex -10.8644 -1.3421 2.3
      vertex -10.8486 -1.35379 2.3
    endloop
  endfacet
  facet normal -0 0 1
    outer loop
      vertex -10.8789 -1.04608 2.3
      vertex -10.8644 -1.3421 2.3
      vertex -10.8644 -1.0329 2.3
    endloop
  endfacet
  facet normal 0 0 1
    outer loop
      vertex -10.8789 -1.04608 2.3
      vertex -10.8789 -1.32892 2.3
      vertex -10.8644 -1.3421 2.3
    endloop
  endfacet
  facet normal -0 0 1
    outer loop
      vertex -10.8921 -1.06062 2.3
      vertex -10.8789 -1.32892 2.3
      vertex -10.8789 -1.04608 2.3
    endloop
  endfacet
  facet normal 0 0 1
    outer loop
      vertex -10.8921 -1.06062 2.3
      vertex -10.8921 -1.31438 2.3
      vertex -10.8789 -1.32892 2.3
    endloop
  endfacet
  facet normal -0 0 1
    outer loop
      vertex -10.9038 -1.07639 2.3
      vertex -10.8921 -1.31438 2.3
      vertex -10.8921 -1.06062 2.3
    endloop
  endfacet
  facet normal 0 0 1
    outer loop
      vertex -10.9038 -1.07639 2.3
      vertex -10.9038 -1.29861 2.3
      vertex -10.8921 -1.31438 2.3
    endloop
  endfacet
  facet normal -0 0 1
    outer loop
      vertex -10.9139 -1.09322 2.3
      vertex -10.9038 -1.29861 2.3
      vertex -10.9038 -1.07639 2.3
    endloop
  endfacet
  facet normal 0 0 1
    outer loop
      vertex -10.9139 -1.09322 2.3
      vertex -10.9139 -1.28178 2.3
      vertex -10.9038 -1.29861 2.3
    endloop
  endfacet
  facet normal -0 0 1
    outer loop
      vertex -10.9223 -1.11096 2.3
      vertex -10.9139 -1.28178 2.3
      vertex -10.9139 -1.09322 2.3
    endloop
  endfacet
  facet normal 0 0 1
    outer loop
      vertex -10.9223 -1.11096 2.3
      vertex -10.9223 -1.26404 2.3
      vertex -10.9139 -1.28178 2.3
    endloop
  endfacet
  facet normal -0 0 1
    outer loop
      vertex -10.9289 -1.12944 2.3
      vertex -10.9223 -1.26404 2.3
      vertex -10.9223 -1.11096 2.3
    endloop
  endfacet
  facet normal 0 0 1
    outer loop
      vertex -10.9289 -1.12944 2.3
      vertex -10.9289 -1.24556 2.3
      vertex -10.9223 -1.26404 2.3
    endloop
  endfacet
  facet normal -0 0 1
    outer loop
      vertex -10.9337 -1.14848 2.3
      vertex -10.9289 -1.24556 2.3
      vertex -10.9289 -1.12944 2.3
    endloop
  endfacet
  facet normal 0 0 1
    outer loop
      vertex -10.9337 -1.14848 2.3
      vertex -10.9337 -1.22652 2.3
      vertex -10.9289 -1.24556 2.3
    endloop
  endfacet
  facet normal -0 0 1
    outer loop
      vertex -10.9365 -1.1679 2.3
      vertex -10.9337 -1.22652 2.3
      vertex -10.9337 -1.14848 2.3
    endloop
  endfacet
  facet normal 0 0 1
    outer loop
      vertex -10.9365 -1.1679 2.3
      vertex -10.9365 -1.2071 2.3
      vertex -10.9337 -1.22652 2.3
    endloop
  endfacet
  facet normal 0 -0 1
    outer loop
      vertex -10.9365 -1.2071 2.3
      vertex -10.9365 -1.1679 2.3
      vertex -10.9375 -1.1875 2.3
    endloop
  endfacet
  facet normal 0.941742 0.336336 0
    outer loop
      vertex -10.9223 -1.26404 2.7
      vertex -10.9289 -1.24556 2.3
      vertex -10.9289 -1.24556 2.7
    endloop
  endfacet
  facet normal 0.941742 0.336336 0
    outer loop
      vertex -10.9289 -1.24556 2.3
      vertex -10.9223 -1.26404 2.7
      vertex -10.9223 -1.26404 2.3
    endloop
  endfacet
  facet normal 0.969661 0.244452 0
    outer loop
      vertex -10.9289 -1.24556 2.7
      vertex -10.9337 -1.22652 2.3
      vertex -10.9337 -1.22652 2.7
    endloop
  endfacet
  facet normal 0.969661 0.244452 0
    outer loop
      vertex -10.9337 -1.22652 2.3
      vertex -10.9289 -1.24556 2.7
      vertex -10.9289 -1.24556 2.3
    endloop
  endfacet
  facet normal 0 0 1
    outer loop
      vertex 0.541153 -11.3813 2.3
      vertex 0.0467987 -11.7269 2.3
      vertex 0.541153 -11.5563 2.3
    endloop
  endfacet
  facet normal -0 0 1
    outer loop
      vertex -1.41182 -11.3813 2.3
      vertex 0.0467987 -11.7269 2.3
      vertex 0.541153 -11.3813 2.3
    endloop
  endfacet
  facet normal 0 0 1
    outer loop
      vertex 0.0467987 -11.7269 2.3
      vertex -1.41182 -11.3813 2.3
      vertex -1.41182 -11.7269 2.3
    endloop
  endfacet
  facet normal -0 0 1
    outer loop
      vertex 0.0467987 -11.7269 2.3
      vertex -0.561478 -14.4187 2.3
      vertex 0.541153 -11.5563 2.3
    endloop
  endfacet
  facet normal 0 -0 1
    outer loop
      vertex -0.561478 -14.4187 2.3
      vertex 0.0467987 -11.7269 2.3
      vertex -0.990723 -14.4187 2.3
    endloop
  endfacet
  facet normal -0 0 1
    outer loop
      vertex -2.45638 -12.1011 2.3
      vertex -2.04764 -12.1129 2.3
      vertex -2.05083 -12.0338 2.3
    endloop
  endfacet
  facet normal 0 -0 1
    outer loop
      vertex -2.45453 -12.1522 2.3
      vertex -2.04764 -12.1129 2.3
      vertex -2.45638 -12.1011 2.3
    endloop
  endfacet
  facet normal 0 0 1
    outer loop
      vertex -2.46191 -12.0525 2.3
      vertex -2.05083 -12.0338 2.3
      vertex -2.06041 -11.9586 2.3
    endloop
  endfacet
  facet normal 0 0 1
    outer loop
      vertex -2.04764 -12.1129 2.3
      vertex -2.45453 -12.1522 2.3
      vertex -2.04947 -12.1698 2.3
    endloop
  endfacet
  facet normal 0 0 1
    outer loop
      vertex -2.47115 -12.0065 2.3
      vertex -2.06041 -11.9586 2.3
      vertex -2.07635 -11.8871 2.3
    endloop
  endfacet
  facet normal 0 0 1
    outer loop
      vertex -2.04947 -12.1698 2.3
      vertex -2.45453 -12.1522 2.3
      vertex -2.05493 -12.2247 2.3
    endloop
  endfacet
  facet normal -0 0 1
    outer loop
      vertex -2.45638 -12.2033 2.3
      vertex -2.05493 -12.2247 2.3
      vertex -2.45453 -12.1522 2.3
    endloop
  endfacet
  facet normal 0 0 1
    outer loop
      vertex -2.48407 -11.963 2.3
      vertex -2.07635 -11.8871 2.3
      vertex -2.09868 -11.8194 2.3
    endloop
  endfacet
  facet normal 0 0 1
    outer loop
      vertex -2.05493 -12.2247 2.3
      vertex -2.45638 -12.2033 2.3
      vertex -2.06404 -12.2776 2.3
    endloop
  endfacet
  facet normal 0 0 1
    outer loop
      vertex -2.48407 -11.963 2.3
      vertex -2.09868 -11.8194 2.3
      vertex -2.1274 -11.7554 2.3
    endloop
  endfacet
  facet normal -0 0 1
    outer loop
      vertex -2.46191 -12.2519 2.3
      vertex -2.06404 -12.2776 2.3
      vertex -2.45638 -12.2033 2.3
    endloop
  endfacet
  facet normal 0 0 1
    outer loop
      vertex -2.50069 -11.9221 2.3
      vertex -2.1274 -11.7554 2.3
      vertex -2.16249 -11.6952 2.3
    endloop
  endfacet
  facet normal 0 0 1
    outer loop
      vertex -2.06404 -12.2776 2.3
      vertex -2.46191 -12.2519 2.3
      vertex -2.07678 -12.3287 2.3
    endloop
  endfacet
  facet normal 0 0 1
    outer loop
      vertex -2.07678 -12.3287 2.3
      vertex -2.46191 -12.2519 2.3
      vertex -2.09317 -12.3777 2.3
    endloop
  endfacet
  facet normal 0 0 1
    outer loop
      vertex -2.52098 -11.8838 2.3
      vertex -2.16249 -11.6952 2.3
      vertex -2.20395 -11.6388 2.3
    endloop
  endfacet
  facet normal -0 0 1
    outer loop
      vertex -2.47115 -12.2979 2.3
      vertex -2.09317 -12.3777 2.3
      vertex -2.46191 -12.2519 2.3
    endloop
  endfacet
  facet normal 0 0 1
    outer loop
      vertex -2.54498 -11.848 2.3
      vertex -2.20395 -11.6388 2.3
      vertex -2.2518 -11.5861 2.3
    endloop
  endfacet
  facet normal 0 0 1
    outer loop
      vertex -2.09317 -12.3777 2.3
      vertex -2.47115 -12.2979 2.3
      vertex -2.1132 -12.4248 2.3
    endloop
  endfacet
  facet normal 0 0 1
    outer loop
      vertex -2.54498 -11.848 2.3
      vertex -2.2518 -11.5861 2.3
      vertex -2.30603 -11.5372 2.3
    endloop
  endfacet
  facet normal 0 0 1
    outer loop
      vertex -2.1132 -12.4248 2.3
      vertex -2.47115 -12.2979 2.3
      vertex -2.13687 -12.4699 2.3
    endloop
  endfacet
  facet normal 0 0 1
    outer loop
      vertex -2.13687 -12.4699 2.3
      vertex -2.48407 -12.3414 2.3
      vertex -2.1642 -12.5131 2.3
    endloop
  endfacet
  facet normal 0 0 1
    outer loop
      vertex -2.57268 -11.8148 2.3
      vertex -2.30603 -11.5372 2.3
      vertex -2.36586 -11.4928 2.3
    endloop
  endfacet
  facet normal 0 0 1
    outer loop
      vertex -2.1642 -12.5131 2.3
      vertex -2.48407 -12.3414 2.3
      vertex -2.19516 -12.5543 2.3
    endloop
  endfacet
  facet normal 0 0 1
    outer loop
      vertex -2.60405 -11.7842 2.3
      vertex -2.36586 -11.4928 2.3
      vertex -2.43051 -11.4536 2.3
    endloop
  endfacet
  facet normal -0 0 1
    outer loop
      vertex -2.50069 -12.3822 2.3
      vertex -2.19516 -12.5543 2.3
      vertex -2.48407 -12.3414 2.3
    endloop
  endfacet
  facet normal 0 0 1
    outer loop
      vertex -2.19516 -12.5543 2.3
      vertex -2.50069 -12.3822 2.3
      vertex -2.22934 -12.5931 2.3
    endloop
  endfacet
  facet normal -0 0 1
    outer loop
      vertex -2.48407 -12.3414 2.3
      vertex -2.13687 -12.4699 2.3
      vertex -2.47115 -12.2979 2.3
    endloop
  endfacet
  facet normal 0 0 1
    outer loop
      vertex -2.05083 -12.0338 2.3
      vertex -2.46191 -12.0525 2.3
      vertex -2.45638 -12.1011 2.3
    endloop
  endfacet
  facet normal 0 0 1
    outer loop
      vertex -2.06041 -11.9586 2.3
      vertex -2.47115 -12.0065 2.3
      vertex -2.46191 -12.0525 2.3
    endloop
  endfacet
  facet normal 0 0 1
    outer loop
      vertex -2.07635 -11.8871 2.3
      vertex -2.48407 -11.963 2.3
      vertex -2.47115 -12.0065 2.3
    endloop
  endfacet
  facet normal 0 0 1
    outer loop
      vertex -2.6387 -11.7565 2.3
      vertex -2.43051 -11.4536 2.3
      vertex -2.49997 -11.4197 2.3
    endloop
  endfacet
  facet normal 0 0 1
    outer loop
      vertex -2.1274 -11.7554 2.3
      vertex -2.50069 -11.9221 2.3
      vertex -2.48407 -11.963 2.3
    endloop
  endfacet
  facet normal 0 0 1
    outer loop
      vertex -2.16249 -11.6952 2.3
      vertex -2.52098 -11.8838 2.3
      vertex -2.50069 -11.9221 2.3
    endloop
  endfacet
  facet normal 0 0 1
    outer loop
      vertex -2.20395 -11.6388 2.3
      vertex -2.54498 -11.848 2.3
      vertex -2.52098 -11.8838 2.3
    endloop
  endfacet
  facet normal 0 0 1
    outer loop
      vertex -2.30603 -11.5372 2.3
      vertex -2.57268 -11.8148 2.3
      vertex -2.54498 -11.848 2.3
    endloop
  endfacet
  facet normal 0 0 1
    outer loop
      vertex -2.67618 -11.732 2.3
      vertex -2.49997 -11.4197 2.3
      vertex -2.57426 -11.3909 2.3
    endloop
  endfacet
  facet normal 0 0 1
    outer loop
      vertex -2.36586 -11.4928 2.3
      vertex -2.60405 -11.7842 2.3
      vertex -2.57268 -11.8148 2.3
    endloop
  endfacet
  facet normal 0 0 1
    outer loop
      vertex -2.43051 -11.4536 2.3
      vertex -2.6387 -11.7565 2.3
      vertex -2.60405 -11.7842 2.3
    endloop
  endfacet
  facet normal 0 0 1
    outer loop
      vertex -2.71651 -11.7108 2.3
      vertex -2.57426 -11.3909 2.3
      vertex -2.65338 -11.3674 2.3
    endloop
  endfacet
  facet normal 0 0 1
    outer loop
      vertex -2.49997 -11.4197 2.3
      vertex -2.67618 -11.732 2.3
      vertex -2.6387 -11.7565 2.3
    endloop
  endfacet
  facet normal 0 0 1
    outer loop
      vertex -2.57426 -11.3909 2.3
      vertex -2.71651 -11.7108 2.3
      vertex -2.67618 -11.732 2.3
    endloop
  endfacet
  facet normal 0 0 1
    outer loop
      vertex -2.75967 -11.6928 2.3
      vertex -2.65338 -11.3674 2.3
      vertex -2.73732 -11.3492 2.3
    endloop
  endfacet
  facet normal 0 0 1
    outer loop
      vertex -2.65338 -11.3674 2.3
      vertex -2.75967 -11.6928 2.3
      vertex -2.71651 -11.7108 2.3
    endloop
  endfacet
  facet normal 0 0 1
    outer loop
      vertex -2.73732 -11.3492 2.3
      vertex -2.80566 -11.6781 2.3
      vertex -2.75967 -11.6928 2.3
    endloop
  endfacet
  facet normal 0 0 1
    outer loop
      vertex -2.85451 -11.6667 2.3
      vertex -2.73732 -11.3492 2.3
      vertex -2.82607 -11.3361 2.3
    endloop
  endfacet
  facet normal 0 0 1
    outer loop
      vertex -2.73732 -11.3492 2.3
      vertex -2.85451 -11.6667 2.3
      vertex -2.80566 -11.6781 2.3
    endloop
  endfacet
  facet normal 0 0 1
    outer loop
      vertex -2.82607 -11.3361 2.3
      vertex -2.90619 -11.6586 2.3
      vertex -2.85451 -11.6667 2.3
    endloop
  endfacet
  facet normal 0 0 1
    outer loop
      vertex -2.91965 -11.3282 2.3
      vertex -2.90619 -11.6586 2.3
      vertex -2.82607 -11.3361 2.3
    endloop
  endfacet
  facet normal 0 0 1
    outer loop
      vertex -2.91965 -11.3282 2.3
      vertex -2.96069 -11.6537 2.3
      vertex -2.90619 -11.6586 2.3
    endloop
  endfacet
  facet normal 0 0 1
    outer loop
      vertex -3.01805 -11.3256 2.3
      vertex -2.96069 -11.6537 2.3
      vertex -2.91965 -11.3282 2.3
    endloop
  endfacet
  facet normal 0 0 1
    outer loop
      vertex -3.01805 -11.3256 2.3
      vertex -3.01805 -11.652 2.3
      vertex -2.96069 -11.6537 2.3
    endloop
  endfacet
  facet normal 0 0 1
    outer loop
      vertex -3.01805 -11.3256 2.3
      vertex -3.07581 -11.6537 2.3
      vertex -3.01805 -11.652 2.3
    endloop
  endfacet
  facet normal -0 0 1
    outer loop
      vertex -3.11604 -11.3282 2.3
      vertex -3.07581 -11.6537 2.3
      vertex -3.01805 -11.3256 2.3
    endloop
  endfacet
  facet normal 0 0 1
    outer loop
      vertex -3.11604 -11.3282 2.3
      vertex -3.13062 -11.6586 2.3
      vertex -3.07581 -11.6537 2.3
    endloop
  endfacet
  facet normal -0 0 1
    outer loop
      vertex -3.20929 -11.3361 2.3
      vertex -3.13062 -11.6586 2.3
      vertex -3.11604 -11.3282 2.3
    endloop
  endfacet
  facet normal 0 0 1
    outer loop
      vertex -3.13062 -11.6586 2.3
      vertex -3.20929 -11.3361 2.3
      vertex -3.1825 -11.6667 2.3
    endloop
  endfacet
  facet normal -0 0 1
    outer loop
      vertex -3.29779 -11.3492 2.3
      vertex -3.1825 -11.6667 2.3
      vertex -3.20929 -11.3361 2.3
    endloop
  endfacet
  facet normal 0 0 1
    outer loop
      vertex -3.1825 -11.6667 2.3
      vertex -3.29779 -11.3492 2.3
      vertex -3.23143 -11.6781 2.3
    endloop
  endfacet
  facet normal -0 0 1
    outer loop
      vertex -3.38155 -11.3674 2.3
      vertex -3.23143 -11.6781 2.3
      vertex -3.29779 -11.3492 2.3
    endloop
  endfacet
  facet normal 0 0 1
    outer loop
      vertex -3.23143 -11.6781 2.3
      vertex -3.38155 -11.3674 2.3
      vertex -3.27744 -11.6928 2.3
    endloop
  endfacet
  facet normal 0 0 1
    outer loop
      vertex -3.27744 -11.6928 2.3
      vertex -3.38155 -11.3674 2.3
      vertex -3.3205 -11.7108 2.3
    endloop
  endfacet
  facet normal -0 0 1
    outer loop
      vertex -3.46054 -11.3909 2.3
      vertex -3.3205 -11.7108 2.3
      vertex -3.38155 -11.3674 2.3
    endloop
  endfacet
  facet normal 0 0 1
    outer loop
      vertex -3.3205 -11.7108 2.3
      vertex -3.46054 -11.3909 2.3
      vertex -3.36061 -11.732 2.3
    endloop
  endfacet
  facet normal -0 0 1
    outer loop
      vertex -3.53481 -11.4197 2.3
      vertex -3.36061 -11.732 2.3
      vertex -3.46054 -11.3909 2.3
    endloop
  endfacet
  facet normal 0 0 1
    outer loop
      vertex -3.36061 -11.732 2.3
      vertex -3.53481 -11.4197 2.3
      vertex -3.39781 -11.7565 2.3
    endloop
  endfacet
  facet normal -0 0 1
    outer loop
      vertex -3.60431 -11.4536 2.3
      vertex -3.39781 -11.7565 2.3
      vertex -3.53481 -11.4197 2.3
    endloop
  endfacet
  facet normal 0 0 1
    outer loop
      vertex -3.39781 -11.7565 2.3
      vertex -3.60431 -11.4536 2.3
      vertex -3.43205 -11.7842 2.3
    endloop
  endfacet
  facet normal -0 0 1
    outer loop
      vertex -3.66907 -11.4928 2.3
      vertex -3.43205 -11.7842 2.3
      vertex -3.60431 -11.4536 2.3
    endloop
  endfacet
  facet normal 0 0 1
    outer loop
      vertex -3.43205 -11.7842 2.3
      vertex -3.66907 -11.4928 2.3
      vertex -3.46301 -11.8148 2.3
    endloop
  endfacet
  facet normal -0 0 1
    outer loop
      vertex -3.72908 -11.5372 2.3
      vertex -3.46301 -11.8148 2.3
      vertex -3.66907 -11.4928 2.3
    endloop
  endfacet
  facet normal 0 0 1
    outer loop
      vertex -3.46301 -11.8148 2.3
      vertex -3.72908 -11.5372 2.3
      vertex -3.49031 -11.848 2.3
    endloop
  endfacet
  facet normal -0 0 1
    outer loop
      vertex -3.78352 -11.5861 2.3
      vertex -3.49031 -11.848 2.3
      vertex -3.72908 -11.5372 2.3
    endloop
  endfacet
  facet normal -0 0 1
    outer loop
      vertex -3.83156 -11.6388 2.3
      vertex -3.49031 -11.848 2.3
      vertex -3.78352 -11.5861 2.3
    endloop
  endfacet
  facet normal 0 0 1
    outer loop
      vertex -3.49031 -11.848 2.3
      vertex -3.83156 -11.6388 2.3
      vertex -3.51399 -11.8838 2.3
    endloop
  endfacet
  facet normal -0 0 1
    outer loop
      vertex -3.87318 -11.6952 2.3
      vertex -3.51399 -11.8838 2.3
      vertex -3.83156 -11.6388 2.3
    endloop
  endfacet
  facet normal 0 0 1
    outer loop
      vertex -3.51399 -11.8838 2.3
      vertex -3.87318 -11.6952 2.3
      vertex -3.53401 -11.9221 2.3
    endloop
  endfacet
  facet normal -0 0 1
    outer loop
      vertex -3.9084 -11.7554 2.3
      vertex -3.53401 -11.9221 2.3
      vertex -3.87318 -11.6952 2.3
    endloop
  endfacet
  facet normal 0 0 1
    outer loop
      vertex -3.53401 -11.9221 2.3
      vertex -3.9084 -11.7554 2.3
      vertex -3.5504 -11.963 2.3
    endloop
  endfacet
  facet normal 0 0 1
    outer loop
      vertex -3.57771 -12.1011 2.3
      vertex -3.98846 -12.1129 2.3
      vertex -3.57953 -12.1522 2.3
    endloop
  endfacet
  facet normal 0 0 1
    outer loop
      vertex -3.57953 -12.1522 2.3
      vertex -3.64098 -12.7197 2.3
      vertex -3.59232 -12.7442 2.3
    endloop
  endfacet
  facet normal -0 0 1
    outer loop
      vertex -3.93723 -11.8194 2.3
      vertex -3.5504 -11.963 2.3
      vertex -3.9084 -11.7554 2.3
    endloop
  endfacet
  facet normal 0 0 1
    outer loop
      vertex -3.57953 -12.1522 2.3
      vertex -3.68675 -12.6923 2.3
      vertex -3.64098 -12.7197 2.3
    endloop
  endfacet
  facet normal 0 0 1
    outer loop
      vertex -3.57953 -12.1522 2.3
      vertex -3.72964 -12.6621 2.3
      vertex -3.68675 -12.6923 2.3
    endloop
  endfacet
  facet normal -0 0 1
    outer loop
      vertex -3.95964 -11.8871 2.3
      vertex -3.5504 -11.963 2.3
      vertex -3.93723 -11.8194 2.3
    endloop
  endfacet
  facet normal 0 0 1
    outer loop
      vertex -3.57953 -12.1522 2.3
      vertex -3.76965 -12.629 2.3
      vertex -3.72964 -12.6621 2.3
    endloop
  endfacet
  facet normal 0 0 1
    outer loop
      vertex -3.5504 -11.963 2.3
      vertex -3.95964 -11.8871 2.3
      vertex -3.56314 -12.0065 2.3
    endloop
  endfacet
  facet normal 0 0 1
    outer loop
      vertex -3.57953 -12.1522 2.3
      vertex -3.80676 -12.5931 2.3
      vertex -3.76965 -12.629 2.3
    endloop
  endfacet
  facet normal 0 0 1
    outer loop
      vertex -3.57953 -12.1522 2.3
      vertex -3.84099 -12.5543 2.3
      vertex -3.80676 -12.5931 2.3
    endloop
  endfacet
  facet normal -0 0 1
    outer loop
      vertex -3.97566 -11.9586 2.3
      vertex -3.56314 -12.0065 2.3
      vertex -3.95964 -11.8871 2.3
    endloop
  endfacet
  facet normal 0 0 1
    outer loop
      vertex -3.57953 -12.1522 2.3
      vertex -3.87193 -12.5131 2.3
      vertex -3.84099 -12.5543 2.3
    endloop
  endfacet
  facet normal 0 0 1
    outer loop
      vertex -3.56314 -12.0065 2.3
      vertex -3.97566 -11.9586 2.3
      vertex -3.57225 -12.0525 2.3
    endloop
  endfacet
  facet normal 0 0 1
    outer loop
      vertex -3.57953 -12.1522 2.3
      vertex -3.89925 -12.4699 2.3
      vertex -3.87193 -12.5131 2.3
    endloop
  endfacet
  facet normal -0 0 1
    outer loop
      vertex -3.98526 -12.0338 2.3
      vertex -3.57225 -12.0525 2.3
      vertex -3.97566 -11.9586 2.3
    endloop
  endfacet
  facet normal 0 0 1
    outer loop
      vertex -3.57953 -12.1522 2.3
      vertex -3.92291 -12.4248 2.3
      vertex -3.89925 -12.4699 2.3
    endloop
  endfacet
  facet normal 0 0 1
    outer loop
      vertex -3.57953 -12.1522 2.3
      vertex -3.94295 -12.3777 2.3
      vertex -3.92291 -12.4248 2.3
    endloop
  endfacet
  facet normal 0 0 1
    outer loop
      vertex -3.57225 -12.0525 2.3
      vertex -3.98526 -12.0338 2.3
      vertex -3.57771 -12.1011 2.3
    endloop
  endfacet
  facet normal 0 0 1
    outer loop
      vertex -3.98846 -12.1129 2.3
      vertex -3.57771 -12.1011 2.3
      vertex -3.98526 -12.0338 2.3
    endloop
  endfacet
  facet normal 0 0 1
    outer loop
      vertex -3.57953 -12.1522 2.3
      vertex -3.95934 -12.3287 2.3
      vertex -3.94295 -12.3777 2.3
    endloop
  endfacet
  facet normal 0 0 1
    outer loop
      vertex -3.57953 -12.1522 2.3
      vertex -3.97208 -12.2776 2.3
      vertex -3.95934 -12.3287 2.3
    endloop
  endfacet
  facet normal 0 0 1
    outer loop
      vertex -3.57953 -12.1522 2.3
      vertex -3.98119 -12.2247 2.3
      vertex -3.97208 -12.2776 2.3
    endloop
  endfacet
  facet normal 0 0 1
    outer loop
      vertex -3.57953 -12.1522 2.3
      vertex -3.98665 -12.1698 2.3
      vertex -3.98119 -12.2247 2.3
    endloop
  endfacet
  facet normal 0 0 1
    outer loop
      vertex -3.57953 -12.1522 2.3
      vertex -3.98846 -12.1129 2.3
      vertex -3.98665 -12.1698 2.3
    endloop
  endfacet
  facet normal -0 0 1
    outer loop
      vertex -2.52098 -12.4206 2.3
      vertex -2.22934 -12.5931 2.3
      vertex -2.50069 -12.3822 2.3
    endloop
  endfacet
  facet normal 0 0 1
    outer loop
      vertex -2.22934 -12.5931 2.3
      vertex -2.52098 -12.4206 2.3
      vertex -2.26637 -12.629 2.3
    endloop
  endfacet
  facet normal 0 0 1
    outer loop
      vertex -2.26637 -12.629 2.3
      vertex -2.52098 -12.4206 2.3
      vertex -2.30624 -12.6621 2.3
    endloop
  endfacet
  facet normal -0 0 1
    outer loop
      vertex -2.54498 -12.4564 2.3
      vertex -2.30624 -12.6621 2.3
      vertex -2.52098 -12.4206 2.3
    endloop
  endfacet
  facet normal 0 0 1
    outer loop
      vertex -2.30624 -12.6621 2.3
      vertex -2.54498 -12.4564 2.3
      vertex -2.34895 -12.6923 2.3
    endloop
  endfacet
  facet normal -0 0 1
    outer loop
      vertex -2.57268 -12.4896 2.3
      vertex -2.34895 -12.6923 2.3
      vertex -2.54498 -12.4564 2.3
    endloop
  endfacet
  facet normal 0 0 1
    outer loop
      vertex -2.34895 -12.6923 2.3
      vertex -2.57268 -12.4896 2.3
      vertex -2.3945 -12.7197 2.3
    endloop
  endfacet
  facet normal 0 0 1
    outer loop
      vertex -2.3945 -12.7197 2.3
      vertex -2.57268 -12.4896 2.3
      vertex -2.44289 -12.7442 2.3
    endloop
  endfacet
  facet normal -0 0 1
    outer loop
      vertex -2.60405 -12.5202 2.3
      vertex -2.44289 -12.7442 2.3
      vertex -2.57268 -12.4896 2.3
    endloop
  endfacet
  facet normal 0 0 1
    outer loop
      vertex -2.44289 -12.7442 2.3
      vertex -2.60405 -12.5202 2.3
      vertex -2.49411 -12.7658 2.3
    endloop
  endfacet
  facet normal -0 0 1
    outer loop
      vertex -2.6387 -12.5479 2.3
      vertex -2.49411 -12.7658 2.3
      vertex -2.60405 -12.5202 2.3
    endloop
  endfacet
  facet normal 0 0 1
    outer loop
      vertex -2.49411 -12.7658 2.3
      vertex -2.6387 -12.5479 2.3
      vertex -2.54817 -12.7845 2.3
    endloop
  endfacet
  facet normal -0 0 1
    outer loop
      vertex -2.67618 -12.5724 2.3
      vertex -2.54817 -12.7845 2.3
      vertex -2.6387 -12.5479 2.3
    endloop
  endfacet
  facet normal 0 0 1
    outer loop
      vertex -2.54817 -12.7845 2.3
      vertex -2.67618 -12.5724 2.3
      vertex -2.60507 -12.8004 2.3
    endloop
  endfacet
  facet normal -0 0 1
    outer loop
      vertex -2.71651 -12.5936 2.3
      vertex -2.60507 -12.8004 2.3
      vertex -2.67618 -12.5724 2.3
    endloop
  endfacet
  facet normal 0 0 1
    outer loop
      vertex -2.60507 -12.8004 2.3
      vertex -2.68126 -13.0446 2.3
      vertex -2.63611 -13.0698 2.3
    endloop
  endfacet
  facet normal -0 0 1
    outer loop
      vertex -2.75967 -12.6116 2.3
      vertex -2.60507 -12.8004 2.3
      vertex -2.71651 -12.5936 2.3
    endloop
  endfacet
  facet normal 0 0 1
    outer loop
      vertex -2.60507 -12.8004 2.3
      vertex -2.72954 -13.0233 2.3
      vertex -2.68126 -13.0446 2.3
    endloop
  endfacet
  facet normal -0 0 1
    outer loop
      vertex -2.80566 -12.6263 2.3
      vertex -2.60507 -12.8004 2.3
      vertex -2.75967 -12.6116 2.3
    endloop
  endfacet
  facet normal 0 0 1
    outer loop
      vertex -2.60507 -12.8004 2.3
      vertex -2.78096 -13.0059 2.3
      vertex -2.72954 -13.0233 2.3
    endloop
  endfacet
  facet normal -0 0 1
    outer loop
      vertex -2.85451 -12.6377 2.3
      vertex -2.60507 -12.8004 2.3
      vertex -2.80566 -12.6263 2.3
    endloop
  endfacet
  facet normal 0 0 1
    outer loop
      vertex -2.60507 -12.8004 2.3
      vertex -2.83553 -12.9923 2.3
      vertex -2.78096 -13.0059 2.3
    endloop
  endfacet
  facet normal 0 0 1
    outer loop
      vertex -2.60507 -12.8004 2.3
      vertex -2.85451 -12.6377 2.3
      vertex -2.83553 -12.9923 2.3
    endloop
  endfacet
  facet normal 0 0 1
    outer loop
      vertex -2.85451 -12.6377 2.3
      vertex -2.89323 -12.9827 2.3
      vertex -2.83553 -12.9923 2.3
    endloop
  endfacet
  facet normal -0 0 1
    outer loop
      vertex -2.90619 -12.6458 2.3
      vertex -2.89323 -12.9827 2.3
      vertex -2.85451 -12.6377 2.3
    endloop
  endfacet
  facet normal 0 0 1
    outer loop
      vertex -2.90619 -12.6458 2.3
      vertex -2.95407 -12.9768 2.3
      vertex -2.89323 -12.9827 2.3
    endloop
  endfacet
  facet normal -0 0 1
    outer loop
      vertex -2.96069 -12.6507 2.3
      vertex -2.95407 -12.9768 2.3
      vertex -2.90619 -12.6458 2.3
    endloop
  endfacet
  facet normal 0 0 1
    outer loop
      vertex -3.01805 -12.9749 2.3
      vertex -2.96069 -12.6507 2.3
      vertex -3.01805 -12.6524 2.3
    endloop
  endfacet
  facet normal 0 0 1
    outer loop
      vertex -2.96069 -12.6507 2.3
      vertex -3.01805 -12.9749 2.3
      vertex -2.95407 -12.9768 2.3
    endloop
  endfacet
  facet normal 0 0 1
    outer loop
      vertex -3.07581 -12.6507 2.3
      vertex -3.01805 -12.9749 2.3
      vertex -3.01805 -12.6524 2.3
    endloop
  endfacet
  facet normal 0 0 1
    outer loop
      vertex -3.07581 -12.6507 2.3
      vertex -3.0816 -12.9768 2.3
      vertex -3.01805 -12.9749 2.3
    endloop
  endfacet
  facet normal 0 0 1
    outer loop
      vertex -3.13062 -12.6458 2.3
      vertex -3.0816 -12.9768 2.3
      vertex -3.07581 -12.6507 2.3
    endloop
  endfacet
  facet normal 0 0 1
    outer loop
      vertex -3.13062 -12.6458 2.3
      vertex -3.14207 -12.9827 2.3
      vertex -3.0816 -12.9768 2.3
    endloop
  endfacet
  facet normal 0 0 1
    outer loop
      vertex -3.1825 -12.6377 2.3
      vertex -3.14207 -12.9827 2.3
      vertex -3.13062 -12.6458 2.3
    endloop
  endfacet
  facet normal 0 0 1
    outer loop
      vertex -3.1825 -12.6377 2.3
      vertex -3.19945 -12.9923 2.3
      vertex -3.14207 -12.9827 2.3
    endloop
  endfacet
  facet normal 0 0 1
    outer loop
      vertex -3.429 -12.8004 2.3
      vertex -3.1825 -12.6377 2.3
      vertex -3.23143 -12.6263 2.3
    endloop
  endfacet
  facet normal 0 0 1
    outer loop
      vertex -3.1825 -12.6377 2.3
      vertex -3.429 -12.8004 2.3
      vertex -3.19945 -12.9923 2.3
    endloop
  endfacet
  facet normal 0 0 1
    outer loop
      vertex -3.429 -12.8004 2.3
      vertex -3.23143 -12.6263 2.3
      vertex -3.27744 -12.6116 2.3
    endloop
  endfacet
  facet normal 0 0 1
    outer loop
      vertex -3.19945 -12.9923 2.3
      vertex -3.429 -12.8004 2.3
      vertex -3.25374 -13.0059 2.3
    endloop
  endfacet
  facet normal 0 0 1
    outer loop
      vertex -3.429 -12.8004 2.3
      vertex -3.27744 -12.6116 2.3
      vertex -3.3205 -12.5936 2.3
    endloop
  endfacet
  facet normal 0 0 1
    outer loop
      vertex -3.25374 -13.0059 2.3
      vertex -3.429 -12.8004 2.3
      vertex -3.30495 -13.0233 2.3
    endloop
  endfacet
  facet normal 0 0 1
    outer loop
      vertex -3.429 -12.8004 2.3
      vertex -3.3205 -12.5936 2.3
      vertex -3.36061 -12.5724 2.3
    endloop
  endfacet
  facet normal 0 0 1
    outer loop
      vertex -3.48633 -12.7845 2.3
      vertex -3.36061 -12.5724 2.3
      vertex -3.39781 -12.5479 2.3
    endloop
  endfacet
  facet normal 0 0 1
    outer loop
      vertex -3.30495 -13.0233 2.3
      vertex -3.429 -12.8004 2.3
      vertex -3.35306 -13.0446 2.3
    endloop
  endfacet
  facet normal -0 0 1
    outer loop
      vertex -3.49339 -12.8175 2.3
      vertex -3.35306 -13.0446 2.3
      vertex -3.429 -12.8004 2.3
    endloop
  endfacet
  facet normal 0 0 1
    outer loop
      vertex -3.54077 -12.7658 2.3
      vertex -3.39781 -12.5479 2.3
      vertex -3.43205 -12.5202 2.3
    endloop
  endfacet
  facet normal 0 0 1
    outer loop
      vertex -3.59232 -12.7442 2.3
      vertex -3.43205 -12.5202 2.3
      vertex -3.46301 -12.4896 2.3
    endloop
  endfacet
  facet normal 0 0 1
    outer loop
      vertex -3.36061 -12.5724 2.3
      vertex -3.48633 -12.7845 2.3
      vertex -3.429 -12.8004 2.3
    endloop
  endfacet
  facet normal 0 0 1
    outer loop
      vertex -3.59232 -12.7442 2.3
      vertex -3.46301 -12.4896 2.3
      vertex -3.49031 -12.4564 2.3
    endloop
  endfacet
  facet normal 0 0 1
    outer loop
      vertex -3.59232 -12.7442 2.3
      vertex -3.49031 -12.4564 2.3
      vertex -3.51399 -12.4206 2.3
    endloop
  endfacet
  facet normal 0 0 1
    outer loop
      vertex -3.59232 -12.7442 2.3
      vertex -3.51399 -12.4206 2.3
      vertex -3.53401 -12.3822 2.3
    endloop
  endfacet
  facet normal 0 0 1
    outer loop
      vertex -3.39781 -12.5479 2.3
      vertex -3.54077 -12.7658 2.3
      vertex -3.48633 -12.7845 2.3
    endloop
  endfacet
  facet normal 0 0 1
    outer loop
      vertex -3.59232 -12.7442 2.3
      vertex -3.53401 -12.3822 2.3
      vertex -3.5504 -12.3414 2.3
    endloop
  endfacet
  facet normal 0 0 1
    outer loop
      vertex -3.59232 -12.7442 2.3
      vertex -3.5504 -12.3414 2.3
      vertex -3.56314 -12.2979 2.3
    endloop
  endfacet
  facet normal 0 0 1
    outer loop
      vertex -3.59232 -12.7442 2.3
      vertex -3.56314 -12.2979 2.3
      vertex -3.57225 -12.2519 2.3
    endloop
  endfacet
  facet normal 0 0 1
    outer loop
      vertex -3.59232 -12.7442 2.3
      vertex -3.57225 -12.2519 2.3
      vertex -3.57771 -12.2033 2.3
    endloop
  endfacet
  facet normal 0 0 1
    outer loop
      vertex -3.43205 -12.5202 2.3
      vertex -3.59232 -12.7442 2.3
      vertex -3.54077 -12.7658 2.3
    endloop
  endfacet
  facet normal 0 0 1
    outer loop
      vertex -3.59232 -12.7442 2.3
      vertex -3.57771 -12.2033 2.3
      vertex -3.57953 -12.1522 2.3
    endloop
  endfacet
  facet normal -0 0 1
    outer loop
      vertex -2.38739 -13.5634 2.3
      vertex -1.97646 -13.564 2.3
      vertex -1.9785 -13.5004 2.3
    endloop
  endfacet
  facet normal 0 0 1
    outer loop
      vertex -2.38947 -13.5038 2.3
      vertex -1.9785 -13.5004 2.3
      vertex -1.98463 -13.439 2.3
    endloop
  endfacet
  facet normal 0 0 1
    outer loop
      vertex -2.38948 -13.6226 2.3
      vertex -1.97646 -13.564 2.3
      vertex -2.38739 -13.5634 2.3
    endloop
  endfacet
  facet normal 0 0 1
    outer loop
      vertex -2.39568 -13.447 2.3
      vertex -1.98463 -13.439 2.3
      vertex -1.99487 -13.3799 2.3
    endloop
  endfacet
  facet normal 0 0 1
    outer loop
      vertex -1.97646 -13.564 2.3
      vertex -2.38948 -13.6226 2.3
      vertex -1.97978 -13.6597 2.3
    endloop
  endfacet
  facet normal 0 0 1
    outer loop
      vertex -2.39568 -13.447 2.3
      vertex -1.99487 -13.3799 2.3
      vertex -2.0092 -13.3229 2.3
    endloop
  endfacet
  facet normal 0 0 1
    outer loop
      vertex -2.40604 -13.3932 2.3
      vertex -2.0092 -13.3229 2.3
      vertex -2.02763 -13.2681 2.3
    endloop
  endfacet
  facet normal 0 0 1
    outer loop
      vertex -2.39574 -13.679 2.3
      vertex -1.97978 -13.6597 2.3
      vertex -2.38948 -13.6226 2.3
    endloop
  endfacet
  facet normal 0 0 1
    outer loop
      vertex -2.40604 -13.3932 2.3
      vertex -2.02763 -13.2681 2.3
      vertex -2.05014 -13.2156 2.3
    endloop
  endfacet
  facet normal 0 0 1
    outer loop
      vertex -1.97978 -13.6597 2.3
      vertex -2.39574 -13.679 2.3
      vertex -1.98976 -13.7502 2.3
    endloop
  endfacet
  facet normal 0 0 1
    outer loop
      vertex -2.42055 -13.3424 2.3
      vertex -2.05014 -13.2156 2.3
      vertex -2.07675 -13.1653 2.3
    endloop
  endfacet
  facet normal -0 0 1
    outer loop
      vertex -2.40616 -13.7325 2.3
      vertex -1.98976 -13.7502 2.3
      vertex -2.39574 -13.679 2.3
    endloop
  endfacet
  facet normal 0 0 1
    outer loop
      vertex -2.43919 -13.2944 2.3
      vertex -2.07675 -13.1653 2.3
      vertex -2.10747 -13.1172 2.3
    endloop
  endfacet
  facet normal 0 0 1
    outer loop
      vertex -1.98976 -13.7502 2.3
      vertex -2.40616 -13.7325 2.3
      vertex -2.00641 -13.8357 2.3
    endloop
  endfacet
  facet normal 0 0 1
    outer loop
      vertex -2.43919 -13.2944 2.3
      vertex -2.10747 -13.1172 2.3
      vertex -2.14226 -13.0713 2.3
    endloop
  endfacet
  facet normal 0 0 1
    outer loop
      vertex -2.46199 -13.2494 2.3
      vertex -2.14226 -13.0713 2.3
      vertex -2.18073 -13.0281 2.3
    endloop
  endfacet
  facet normal -0 0 1
    outer loop
      vertex -2.42075 -13.7832 2.3
      vertex -2.00641 -13.8357 2.3
      vertex -2.40616 -13.7325 2.3
    endloop
  endfacet
  facet normal 0 0 1
    outer loop
      vertex -2.46199 -13.2494 2.3
      vertex -2.18073 -13.0281 2.3
      vertex -2.22243 -12.9882 2.3
    endloop
  endfacet
  facet normal 0 0 1
    outer loop
      vertex -2.00641 -13.8357 2.3
      vertex -2.42075 -13.7832 2.3
      vertex -2.02969 -13.9161 2.3
    endloop
  endfacet
  facet normal 0 0 1
    outer loop
      vertex -2.48894 -13.2072 2.3
      vertex -2.22243 -12.9882 2.3
      vertex -2.26736 -12.9516 2.3
    endloop
  endfacet
  facet normal 0 0 1
    outer loop
      vertex -2.02969 -13.9161 2.3
      vertex -2.42075 -13.7832 2.3
      vertex -2.05965 -13.9915 2.3
    endloop
  endfacet
  facet normal 0 0 1
    outer loop
      vertex -2.52002 -13.168 2.3
      vertex -2.26736 -12.9516 2.3
      vertex -2.31555 -12.9182 2.3
    endloop
  endfacet
  facet normal 0 0 1
    outer loop
      vertex -2.52002 -13.168 2.3
      vertex -2.31555 -12.9182 2.3
      vertex -2.36697 -12.8881 2.3
    endloop
  endfacet
  facet normal -0 0 1
    outer loop
      vertex -2.43951 -13.8311 2.3
      vertex -2.05965 -13.9915 2.3
      vertex -2.42075 -13.7832 2.3
    endloop
  endfacet
  facet normal 0 0 1
    outer loop
      vertex -2.05965 -13.9915 2.3
      vertex -2.43951 -13.8311 2.3
      vertex -2.09625 -14.0618 2.3
    endloop
  endfacet
  facet normal 0 0 1
    outer loop
      vertex -1.9785 -13.5004 2.3
      vertex -2.38947 -13.5038 2.3
      vertex -2.38739 -13.5634 2.3
    endloop
  endfacet
  facet normal 0 0 1
    outer loop
      vertex -1.98463 -13.439 2.3
      vertex -2.39568 -13.447 2.3
      vertex -2.38947 -13.5038 2.3
    endloop
  endfacet
  facet normal 0 0 1
    outer loop
      vertex -2.0092 -13.3229 2.3
      vertex -2.40604 -13.3932 2.3
      vertex -2.39568 -13.447 2.3
    endloop
  endfacet
  facet normal 0 0 1
    outer loop
      vertex -2.05014 -13.2156 2.3
      vertex -2.42055 -13.3424 2.3
      vertex -2.40604 -13.3932 2.3
    endloop
  endfacet
  facet normal 0 0 1
    outer loop
      vertex -2.55524 -13.1317 2.3
      vertex -2.36697 -12.8881 2.3
      vertex -2.42163 -12.8613 2.3
    endloop
  endfacet
  facet normal 0 0 1
    outer loop
      vertex -2.07675 -13.1653 2.3
      vertex -2.43919 -13.2944 2.3
      vertex -2.42055 -13.3424 2.3
    endloop
  endfacet
  facet normal 0 0 1
    outer loop
      vertex -2.14226 -13.0713 2.3
      vertex -2.46199 -13.2494 2.3
      vertex -2.43919 -13.2944 2.3
    endloop
  endfacet
  facet normal 0 0 1
    outer loop
      vertex -2.5941 -13.0988 2.3
      vertex -2.42163 -12.8613 2.3
      vertex -2.47954 -12.8378 2.3
    endloop
  endfacet
  facet normal 0 0 1
    outer loop
      vertex -2.22243 -12.9882 2.3
      vertex -2.48894 -13.2072 2.3
      vertex -2.46199 -13.2494 2.3
    endloop
  endfacet
  facet normal 0 0 1
    outer loop
      vertex -2.26736 -12.9516 2.3
      vertex -2.52002 -13.168 2.3
      vertex -2.48894 -13.2072 2.3
    endloop
  endfacet
  facet normal 0 0 1
    outer loop
      vertex -2.63611 -13.0698 2.3
      vertex -2.47954 -12.8378 2.3
      vertex -2.54068 -12.8175 2.3
    endloop
  endfacet
  facet normal 0 0 1
    outer loop
      vertex -2.36697 -12.8881 2.3
      vertex -2.55524 -13.1317 2.3
      vertex -2.52002 -13.168 2.3
    endloop
  endfacet
  facet normal 0 0 1
    outer loop
      vertex -2.42163 -12.8613 2.3
      vertex -2.5941 -13.0988 2.3
      vertex -2.55524 -13.1317 2.3
    endloop
  endfacet
  facet normal 0 0 1
    outer loop
      vertex -2.63611 -13.0698 2.3
      vertex -2.54068 -12.8175 2.3
      vertex -2.60507 -12.8004 2.3
    endloop
  endfacet
  facet normal 0 0 1
    outer loop
      vertex -2.47954 -12.8378 2.3
      vertex -2.63611 -13.0698 2.3
      vertex -2.5941 -13.0988 2.3
    endloop
  endfacet
  facet normal -0 0 1
    outer loop
      vertex -2.46245 -13.8761 2.3
      vertex -2.09625 -14.0618 2.3
      vertex -2.43951 -13.8311 2.3
    endloop
  endfacet
  facet normal 0 0 1
    outer loop
      vertex -2.09625 -14.0618 2.3
      vertex -2.46245 -13.8761 2.3
      vertex -2.13951 -14.1269 2.3
    endloop
  endfacet
  facet normal -0 0 1
    outer loop
      vertex -2.48955 -13.9182 2.3
      vertex -2.13951 -14.1269 2.3
      vertex -2.46245 -13.8761 2.3
    endloop
  endfacet
  facet normal 0 0 1
    outer loop
      vertex -2.13951 -14.1269 2.3
      vertex -2.48955 -13.9182 2.3
      vertex -2.18944 -14.187 2.3
    endloop
  endfacet
  facet normal -0 0 1
    outer loop
      vertex -2.52083 -13.9576 2.3
      vertex -2.18944 -14.187 2.3
      vertex -2.48955 -13.9182 2.3
    endloop
  endfacet
  facet normal 0 0 1
    outer loop
      vertex -2.18944 -14.187 2.3
      vertex -2.52083 -13.9576 2.3
      vertex -2.246 -14.2421 2.3
    endloop
  endfacet
  facet normal 0 0 1
    outer loop
      vertex -2.246 -14.2421 2.3
      vertex -2.52083 -13.9576 2.3
      vertex -2.30878 -14.2916 2.3
    endloop
  endfacet
  facet normal -0 0 1
    outer loop
      vertex -2.55626 -13.9941 2.3
      vertex -2.30878 -14.2916 2.3
      vertex -2.52083 -13.9576 2.3
    endloop
  endfacet
  facet normal 0 0 1
    outer loop
      vertex -2.30878 -14.2916 2.3
      vertex -2.55626 -13.9941 2.3
      vertex -2.3773 -14.3354 2.3
    endloop
  endfacet
  facet normal -0 0 1
    outer loop
      vertex -2.59532 -14.0272 2.3
      vertex -2.3773 -14.3354 2.3
      vertex -2.55626 -13.9941 2.3
    endloop
  endfacet
  facet normal 0 0 1
    outer loop
      vertex -2.3773 -14.3354 2.3
      vertex -2.59532 -14.0272 2.3
      vertex -2.45158 -14.3733 2.3
    endloop
  endfacet
  facet normal -0 0 1
    outer loop
      vertex -2.63744 -14.0564 2.3
      vertex -2.45158 -14.3733 2.3
      vertex -2.59532 -14.0272 2.3
    endloop
  endfacet
  facet normal 0 0 1
    outer loop
      vertex -2.45158 -14.3733 2.3
      vertex -2.63744 -14.0564 2.3
      vertex -2.53162 -14.4054 2.3
    endloop
  endfacet
  facet normal -0 0 1
    outer loop
      vertex -2.68262 -14.0817 2.3
      vertex -2.53162 -14.4054 2.3
      vertex -2.63744 -14.0564 2.3
    endloop
  endfacet
  facet normal 0 0 1
    outer loop
      vertex -2.53162 -14.4054 2.3
      vertex -2.68262 -14.0817 2.3
      vertex -2.6174 -14.4316 2.3
    endloop
  endfacet
  facet normal -0 0 1
    outer loop
      vertex -2.73087 -14.1032 2.3
      vertex -2.6174 -14.4316 2.3
      vertex -2.68262 -14.0817 2.3
    endloop
  endfacet
  facet normal 0 0 1
    outer loop
      vertex -2.6174 -14.4316 2.3
      vertex -2.73087 -14.1032 2.3
      vertex -2.70894 -14.452 2.3
    endloop
  endfacet
  facet normal -0 0 1
    outer loop
      vertex -2.78217 -14.1207 2.3
      vertex -2.70894 -14.452 2.3
      vertex -2.73087 -14.1032 2.3
    endloop
  endfacet
  facet normal -0 0 1
    outer loop
      vertex -2.83655 -14.1343 2.3
      vertex -2.70894 -14.452 2.3
      vertex -2.78217 -14.1207 2.3
    endloop
  endfacet
  facet normal 0 0 1
    outer loop
      vertex -2.70894 -14.452 2.3
      vertex -2.83655 -14.1343 2.3
      vertex -2.80623 -14.4666 2.3
    endloop
  endfacet
  facet normal -0 0 1
    outer loop
      vertex -2.89398 -14.1441 2.3
      vertex -2.80623 -14.4666 2.3
      vertex -2.83655 -14.1343 2.3
    endloop
  endfacet
  facet normal 0 0 1
    outer loop
      vertex -2.89398 -14.1441 2.3
      vertex -2.90926 -14.4753 2.3
      vertex -2.80623 -14.4666 2.3
    endloop
  endfacet
  facet normal -0 0 1
    outer loop
      vertex -2.95448 -14.1499 2.3
      vertex -2.90926 -14.4753 2.3
      vertex -2.89398 -14.1441 2.3
    endloop
  endfacet
  facet normal 0 0 1
    outer loop
      vertex -3.01805 -14.4783 2.3
      vertex -2.95448 -14.1499 2.3
      vertex -3.01805 -14.1519 2.3
    endloop
  endfacet
  facet normal 0 0 1
    outer loop
      vertex -2.95448 -14.1499 2.3
      vertex -3.01805 -14.4783 2.3
      vertex -2.90926 -14.4753 2.3
    endloop
  endfacet
  facet normal 0 0 1
    outer loop
      vertex -3.0816 -14.1499 2.3
      vertex -3.01805 -14.4783 2.3
      vertex -3.01805 -14.1519 2.3
    endloop
  endfacet
  facet normal 0 0 1
    outer loop
      vertex -3.0816 -14.1499 2.3
      vertex -3.12685 -14.4753 2.3
      vertex -3.01805 -14.4783 2.3
    endloop
  endfacet
  facet normal 0 0 1
    outer loop
      vertex -3.14207 -14.1441 2.3
      vertex -3.12685 -14.4753 2.3
      vertex -3.0816 -14.1499 2.3
    endloop
  endfacet
  facet normal 0 0 1
    outer loop
      vertex -3.22989 -14.4666 2.3
      vertex -3.14207 -14.1441 2.3
      vertex -3.19945 -14.1344 2.3
    endloop
  endfacet
  facet normal 0 0 1
    outer loop
      vertex -3.14207 -14.1441 2.3
      vertex -3.22989 -14.4666 2.3
      vertex -3.12685 -14.4753 2.3
    endloop
  endfacet
  facet normal 0 0 1
    outer loop
      vertex -3.32716 -14.452 2.3
      vertex -3.19945 -14.1344 2.3
      vertex -3.25374 -14.1209 2.3
    endloop
  endfacet
  facet normal 0 0 1
    outer loop
      vertex -3.32716 -14.452 2.3
      vertex -3.25374 -14.1209 2.3
      vertex -3.30495 -14.1035 2.3
    endloop
  endfacet
  facet normal 0 0 1
    outer loop
      vertex -3.19945 -14.1344 2.3
      vertex -3.32716 -14.452 2.3
      vertex -3.22989 -14.4666 2.3
    endloop
  endfacet
  facet normal 0 0 1
    outer loop
      vertex -3.4187 -14.4316 2.3
      vertex -3.30495 -14.1035 2.3
      vertex -3.35306 -14.0822 2.3
    endloop
  endfacet
  facet normal 0 0 1
    outer loop
      vertex -3.50449 -14.4054 2.3
      vertex -3.35306 -14.0822 2.3
      vertex -3.39807 -14.057 2.3
    endloop
  endfacet
  facet normal 0 0 1
    outer loop
      vertex -3.30495 -14.1035 2.3
      vertex -3.4187 -14.4316 2.3
      vertex -3.32716 -14.452 2.3
    endloop
  endfacet
  facet normal 0 0 1
    outer loop
      vertex -3.58452 -14.3733 2.3
      vertex -3.39807 -14.057 2.3
      vertex -3.44 -14.028 2.3
    endloop
  endfacet
  facet normal 0 0 1
    outer loop
      vertex -3.6588 -14.3354 2.3
      vertex -3.44 -14.028 2.3
      vertex -3.47885 -13.9951 2.3
    endloop
  endfacet
  facet normal 0 0 1
    outer loop
      vertex -3.35306 -14.0822 2.3
      vertex -3.50449 -14.4054 2.3
      vertex -3.4187 -14.4316 2.3
    endloop
  endfacet
  facet normal 0 0 1
    outer loop
      vertex -3.72733 -14.2916 2.3
      vertex -3.47885 -13.9951 2.3
      vertex -3.51407 -13.9588 2.3
    endloop
  endfacet
  facet normal 0 0 1
    outer loop
      vertex -3.84668 -14.187 2.3
      vertex -3.51407 -13.9588 2.3
      vertex -3.54515 -13.9196 2.3
    endloop
  endfacet
  facet normal 0 0 1
    outer loop
      vertex -3.89659 -14.1269 2.3
      vertex -3.54515 -13.9196 2.3
      vertex -3.57208 -13.8774 2.3
    endloop
  endfacet
  facet normal 0 0 1
    outer loop
      vertex -3.39807 -14.057 2.3
      vertex -3.58452 -14.3733 2.3
      vertex -3.50449 -14.4054 2.3
    endloop
  endfacet
  facet normal 0 0 1
    outer loop
      vertex -3.93985 -14.0618 2.3
      vertex -3.57208 -13.8774 2.3
      vertex -3.59488 -13.8324 2.3
    endloop
  endfacet
  facet normal 0 0 1
    outer loop
      vertex -3.97646 -13.9915 2.3
      vertex -3.59488 -13.8324 2.3
      vertex -3.61353 -13.7844 2.3
    endloop
  endfacet
  facet normal 0 0 1
    outer loop
      vertex -4.02971 -13.8357 2.3
      vertex -3.61353 -13.7844 2.3
      vertex -3.62802 -13.7335 2.3
    endloop
  endfacet
  facet normal 0 0 1
    outer loop
      vertex -4.04634 -13.7502 2.3
      vertex -3.62802 -13.7335 2.3
      vertex -3.63838 -13.6797 2.3
    endloop
  endfacet
  facet normal -0 0 1
    outer loop
      vertex -4.05632 -13.6597 2.3
      vertex -3.63838 -13.6797 2.3
      vertex -3.64461 -13.623 2.3
    endloop
  endfacet
  facet normal 0 0 1
    outer loop
      vertex -3.44 -14.028 2.3
      vertex -3.6588 -14.3354 2.3
      vertex -3.58452 -14.3733 2.3
    endloop
  endfacet
  facet normal -0 0 1
    outer loop
      vertex -4.05965 -13.564 2.3
      vertex -3.64461 -13.623 2.3
      vertex -3.64667 -13.5634 2.3
    endloop
  endfacet
  facet normal 0 0 1
    outer loop
      vertex -3.35306 -13.0446 2.3
      vertex -3.49339 -12.8175 2.3
      vertex -3.39807 -13.0698 2.3
    endloop
  endfacet
  facet normal -0 0 1
    outer loop
      vertex -3.55458 -12.8378 2.3
      vertex -3.39807 -13.0698 2.3
      vertex -3.49339 -12.8175 2.3
    endloop
  endfacet
  facet normal 0 0 1
    outer loop
      vertex -3.39807 -13.0698 2.3
      vertex -3.55458 -12.8378 2.3
      vertex -3.44 -13.0988 2.3
    endloop
  endfacet
  facet normal -0 0 1
    outer loop
      vertex -3.61255 -12.8613 2.3
      vertex -3.44 -13.0988 2.3
      vertex -3.55458 -12.8378 2.3
    endloop
  endfacet
  facet normal 0 0 1
    outer loop
      vertex -3.44 -13.0988 2.3
      vertex -3.61255 -12.8613 2.3
      vertex -3.47885 -13.1317 2.3
    endloop
  endfacet
  facet normal -0 0 1
    outer loop
      vertex -3.6673 -12.8881 2.3
      vertex -3.47885 -13.1317 2.3
      vertex -3.61255 -12.8613 2.3
    endloop
  endfacet
  facet normal 0 0 1
    outer loop
      vertex -3.47885 -13.1317 2.3
      vertex -3.6673 -12.8881 2.3
      vertex -3.51407 -13.168 2.3
    endloop
  endfacet
  facet normal -0 0 1
    outer loop
      vertex -3.71884 -12.9182 2.3
      vertex -3.51407 -13.168 2.3
      vertex -3.6673 -12.8881 2.3
    endloop
  endfacet
  facet normal -0 0 1
    outer loop
      vertex -3.76717 -12.9516 2.3
      vertex -3.51407 -13.168 2.3
      vertex -3.71884 -12.9182 2.3
    endloop
  endfacet
  facet normal 0 0 1
    outer loop
      vertex -3.51407 -13.168 2.3
      vertex -3.76717 -12.9516 2.3
      vertex -3.54515 -13.2072 2.3
    endloop
  endfacet
  facet normal -0 0 1
    outer loop
      vertex -3.81227 -12.9882 2.3
      vertex -3.54515 -13.2072 2.3
      vertex -3.76717 -12.9516 2.3
    endloop
  endfacet
  facet normal 0 0 1
    outer loop
      vertex -3.54515 -13.2072 2.3
      vertex -3.81227 -12.9882 2.3
      vertex -3.57208 -13.2494 2.3
    endloop
  endfacet
  facet normal -0 0 1
    outer loop
      vertex -3.85417 -13.0281 2.3
      vertex -3.57208 -13.2494 2.3
      vertex -3.81227 -12.9882 2.3
    endloop
  endfacet
  facet normal -0 0 1
    outer loop
      vertex -3.89285 -13.0713 2.3
      vertex -3.57208 -13.2494 2.3
      vertex -3.85417 -13.0281 2.3
    endloop
  endfacet
  facet normal 0 0 1
    outer loop
      vertex -3.57208 -13.2494 2.3
      vertex -3.89285 -13.0713 2.3
      vertex -3.59488 -13.2944 2.3
    endloop
  endfacet
  facet normal -0 0 1
    outer loop
      vertex -3.92786 -13.1172 2.3
      vertex -3.59488 -13.2944 2.3
      vertex -3.89285 -13.0713 2.3
    endloop
  endfacet
  facet normal -0 0 1
    outer loop
      vertex -3.95876 -13.1653 2.3
      vertex -3.59488 -13.2944 2.3
      vertex -3.92786 -13.1172 2.3
    endloop
  endfacet
  facet normal 0 0 1
    outer loop
      vertex -3.62802 -13.7335 2.3
      vertex -4.04634 -13.7502 2.3
      vertex -4.02971 -13.8357 2.3
    endloop
  endfacet
  facet normal 0 0 1
    outer loop
      vertex -3.59488 -13.2944 2.3
      vertex -3.95876 -13.1653 2.3
      vertex -3.61353 -13.3424 2.3
    endloop
  endfacet
  facet normal 0 0 1
    outer loop
      vertex -3.61353 -13.7844 2.3
      vertex -4.02971 -13.8357 2.3
      vertex -4.00641 -13.9161 2.3
    endloop
  endfacet
  facet normal -0 0 1
    outer loop
      vertex -3.98552 -13.2156 2.3
      vertex -3.61353 -13.3424 2.3
      vertex -3.95876 -13.1653 2.3
    endloop
  endfacet
  facet normal 0 0 1
    outer loop
      vertex -3.47885 -13.9951 2.3
      vertex -3.72733 -14.2916 2.3
      vertex -3.6588 -14.3354 2.3
    endloop
  endfacet
  facet normal 0 0 1
    outer loop
      vertex -3.61353 -13.3424 2.3
      vertex -3.98552 -13.2156 2.3
      vertex -3.62802 -13.3932 2.3
    endloop
  endfacet
  facet normal -0 0 1
    outer loop
      vertex -4.00818 -13.2681 2.3
      vertex -3.62802 -13.3932 2.3
      vertex -3.98552 -13.2156 2.3
    endloop
  endfacet
  facet normal 0 0 1
    outer loop
      vertex -3.51407 -13.9588 2.3
      vertex -3.7901 -14.2421 2.3
      vertex -3.72733 -14.2916 2.3
    endloop
  endfacet
  facet normal -0 0 1
    outer loop
      vertex -4.0267 -13.3229 2.3
      vertex -3.62802 -13.3932 2.3
      vertex -4.00818 -13.2681 2.3
    endloop
  endfacet
  facet normal 0 0 1
    outer loop
      vertex -3.51407 -13.9588 2.3
      vertex -3.84668 -14.187 2.3
      vertex -3.7901 -14.2421 2.3
    endloop
  endfacet
  facet normal 0 0 1
    outer loop
      vertex -3.62802 -13.3932 2.3
      vertex -4.0267 -13.3229 2.3
      vertex -3.63838 -13.447 2.3
    endloop
  endfacet
  facet normal 0 0 1
    outer loop
      vertex -3.54515 -13.9196 2.3
      vertex -3.89659 -14.1269 2.3
      vertex -3.84668 -14.187 2.3
    endloop
  endfacet
  facet normal -0 0 1
    outer loop
      vertex -4.04112 -13.3799 2.3
      vertex -3.63838 -13.447 2.3
      vertex -4.0267 -13.3229 2.3
    endloop
  endfacet
  facet normal 0 0 1
    outer loop
      vertex -3.57208 -13.8774 2.3
      vertex -3.93985 -14.0618 2.3
      vertex -3.89659 -14.1269 2.3
    endloop
  endfacet
  facet normal -0 0 1
    outer loop
      vertex -4.05142 -13.439 2.3
      vertex -3.63838 -13.447 2.3
      vertex -4.04112 -13.3799 2.3
    endloop
  endfacet
  facet normal 0 0 1
    outer loop
      vertex -3.63838 -13.447 2.3
      vertex -4.05142 -13.439 2.3
      vertex -3.64461 -13.5038 2.3
    endloop
  endfacet
  facet normal 0 0 1
    outer loop
      vertex -3.61353 -13.7844 2.3
      vertex -4.00641 -13.9161 2.3
      vertex -3.97646 -13.9915 2.3
    endloop
  endfacet
  facet normal -0 0 1
    outer loop
      vertex -4.0576 -13.5004 2.3
      vertex -3.64461 -13.5038 2.3
      vertex -4.05142 -13.439 2.3
    endloop
  endfacet
  facet normal 0 0 1
    outer loop
      vertex -3.59488 -13.8324 2.3
      vertex -3.97646 -13.9915 2.3
      vertex -3.93985 -14.0618 2.3
    endloop
  endfacet
  facet normal 0 0 1
    outer loop
      vertex -3.64461 -13.5038 2.3
      vertex -4.0576 -13.5004 2.3
      vertex -3.64667 -13.5634 2.3
    endloop
  endfacet
  facet normal 0 0 1
    outer loop
      vertex -3.63838 -13.6797 2.3
      vertex -4.05632 -13.6597 2.3
      vertex -4.04634 -13.7502 2.3
    endloop
  endfacet
  facet normal 0 0 1
    outer loop
      vertex -3.64667 -13.5634 2.3
      vertex -4.0576 -13.5004 2.3
      vertex -4.05965 -13.564 2.3
    endloop
  endfacet
  facet normal 0 0 1
    outer loop
      vertex -3.64461 -13.623 2.3
      vertex -4.05965 -13.564 2.3
      vertex -4.05632 -13.6597 2.3
    endloop
  endfacet
  facet normal 0 0 1
    outer loop
      vertex 4.19148 -11.3813 2.3
      vertex 2.95457 -11.7269 2.3
      vertex 4.19148 -11.7269 2.3
    endloop
  endfacet
  facet normal 0 0 1
    outer loop
      vertex 2.57823 -11.3813 2.3
      vertex 2.95457 -12.4714 2.3
      vertex 2.95457 -11.7269 2.3
    endloop
  endfacet
  facet normal 0 0 1
    outer loop
      vertex 2.95457 -12.4714 2.3
      vertex 2.91287 -12.7925 2.3
      vertex 2.94928 -12.7848 2.3
    endloop
  endfacet
  facet normal 0 0 1
    outer loop
      vertex 2.95457 -12.4714 2.3
      vertex 2.87639 -12.8011 2.3
      vertex 2.91287 -12.7925 2.3
    endloop
  endfacet
  facet normal 0 0 1
    outer loop
      vertex 2.95457 -12.4714 2.3
      vertex 2.83974 -12.8107 2.3
      vertex 2.87639 -12.8011 2.3
    endloop
  endfacet
  facet normal 0 0 1
    outer loop
      vertex 2.95457 -12.4714 2.3
      vertex 2.8029 -12.8213 2.3
      vertex 2.83974 -12.8107 2.3
    endloop
  endfacet
  facet normal 0 0 1
    outer loop
      vertex 2.95457 -12.4714 2.3
      vertex 2.7659 -12.8329 2.3
      vertex 2.8029 -12.8213 2.3
    endloop
  endfacet
  facet normal 0 0 1
    outer loop
      vertex 2.95457 -12.4714 2.3
      vertex 2.72871 -12.8454 2.3
      vertex 2.7659 -12.8329 2.3
    endloop
  endfacet
  facet normal 0 0 1
    outer loop
      vertex 2.95457 -12.4714 2.3
      vertex 2.69136 -12.859 2.3
      vertex 2.72871 -12.8454 2.3
    endloop
  endfacet
  facet normal 0 0 1
    outer loop
      vertex 2.95457 -12.4714 2.3
      vertex 2.65382 -12.8736 2.3
      vertex 2.69136 -12.859 2.3
    endloop
  endfacet
  facet normal 0 0 1
    outer loop
      vertex 2.95457 -12.4714 2.3
      vertex 2.6161 -12.8892 2.3
      vertex 2.65382 -12.8736 2.3
    endloop
  endfacet
  facet normal -0 0 1
    outer loop
      vertex 2.57823 -11.3813 2.3
      vertex 2.95457 -11.7269 2.3
      vertex 4.19148 -11.3813 2.3
    endloop
  endfacet
  facet normal 0 0 1
    outer loop
      vertex 2.95457 -12.4714 2.3
      vertex 2.57823 -11.3813 2.3
      vertex 2.57823 -12.9058 2.3
    endloop
  endfacet
  facet normal 0 0 1
    outer loop
      vertex 2.95457 -12.4714 2.3
      vertex 2.57823 -12.9058 2.3
      vertex 2.6161 -12.8892 2.3
    endloop
  endfacet
  facet normal -0 0 1
    outer loop
      vertex 4.00177 -13.3754 2.3
      vertex 4.41525 -13.4443 2.3
      vertex 4.41158 -13.3409 2.3
    endloop
  endfacet
  facet normal -0 0 1
    outer loop
      vertex 3.99416 -13.3097 2.3
      vertex 4.41158 -13.3409 2.3
      vertex 4.40057 -13.2424 2.3
    endloop
  endfacet
  facet normal 0 0 1
    outer loop
      vertex 4.00177 -13.5133 2.3
      vertex 4.41525 -13.4443 2.3
      vertex 4.0043 -13.4443 2.3
    endloop
  endfacet
  facet normal 0 0 1
    outer loop
      vertex 3.98148 -13.2473 2.3
      vertex 4.40057 -13.2424 2.3
      vertex 4.38225 -13.1488 2.3
    endloop
  endfacet
  facet normal 0 0 1
    outer loop
      vertex 4.41525 -13.4443 2.3
      vertex 4.00177 -13.5133 2.3
      vertex 4.41148 -13.5506 2.3
    endloop
  endfacet
  facet normal 0 0 1
    outer loop
      vertex 3.98148 -13.2473 2.3
      vertex 4.38225 -13.1488 2.3
      vertex 4.35657 -13.06 2.3
    endloop
  endfacet
  facet normal 0 0 1
    outer loop
      vertex 3.99416 -13.579 2.3
      vertex 4.41148 -13.5506 2.3
      vertex 4.00177 -13.5133 2.3
    endloop
  endfacet
  facet normal 0 0 1
    outer loop
      vertex 3.96371 -13.1881 2.3
      vertex 4.35657 -13.06 2.3
      vertex 4.32356 -12.9761 2.3
    endloop
  endfacet
  facet normal 0 0 1
    outer loop
      vertex 4.41148 -13.5506 2.3
      vertex 3.99416 -13.579 2.3
      vertex 4.40018 -13.6515 2.3
    endloop
  endfacet
  facet normal 0 0 1
    outer loop
      vertex 3.94089 -13.1322 2.3
      vertex 4.32356 -12.9761 2.3
      vertex 4.28323 -12.8971 2.3
    endloop
  endfacet
  facet normal -0 0 1
    outer loop
      vertex 3.98148 -13.6414 2.3
      vertex 4.40018 -13.6515 2.3
      vertex 3.99416 -13.579 2.3
    endloop
  endfacet
  facet normal 0 0 1
    outer loop
      vertex 3.91298 -13.0796 2.3
      vertex 4.28323 -12.8971 2.3
      vertex 4.23557 -12.823 2.3
    endloop
  endfacet
  facet normal 0 0 1
    outer loop
      vertex 4.40018 -13.6515 2.3
      vertex 3.98148 -13.6414 2.3
      vertex 4.38133 -13.747 2.3
    endloop
  endfacet
  facet normal 0 0 1
    outer loop
      vertex 3.88 -13.0302 2.3
      vertex 4.23557 -12.823 2.3
      vertex 4.18056 -12.7537 2.3
    endloop
  endfacet
  facet normal -0 0 1
    outer loop
      vertex 3.96371 -13.7006 2.3
      vertex 4.38133 -13.747 2.3
      vertex 3.98148 -13.6414 2.3
    endloop
  endfacet
  facet normal 0 0 1
    outer loop
      vertex 3.84196 -12.9841 2.3
      vertex 4.18056 -12.7537 2.3
      vertex 4.11821 -12.6893 2.3
    endloop
  endfacet
  facet normal 0 0 1
    outer loop
      vertex 4.38133 -13.747 2.3
      vertex 3.96371 -13.7006 2.3
      vertex 4.35497 -13.8371 2.3
    endloop
  endfacet
  facet normal 0 0 1
    outer loop
      vertex 3.79883 -12.9413 2.3
      vertex 4.11821 -12.6893 2.3
      vertex 4.04961 -12.6308 2.3
    endloop
  endfacet
  facet normal 0 0 1
    outer loop
      vertex 4.35497 -13.8371 2.3
      vertex 3.96371 -13.7006 2.3
      vertex 4.32106 -13.9218 2.3
    endloop
  endfacet
  facet normal -0 0 1
    outer loop
      vertex 3.94089 -13.7565 2.3
      vertex 4.32106 -13.9218 2.3
      vertex 3.96371 -13.7006 2.3
    endloop
  endfacet
  facet normal 0 0 1
    outer loop
      vertex 4.41525 -13.4443 2.3
      vertex 4.00177 -13.3754 2.3
      vertex 4.0043 -13.4443 2.3
    endloop
  endfacet
  facet normal 0 0 1
    outer loop
      vertex 4.41158 -13.3409 2.3
      vertex 3.99416 -13.3097 2.3
      vertex 4.00177 -13.3754 2.3
    endloop
  endfacet
  facet normal 0 0 1
    outer loop
      vertex 4.40057 -13.2424 2.3
      vertex 3.98148 -13.2473 2.3
      vertex 3.99416 -13.3097 2.3
    endloop
  endfacet
  facet normal 0 0 1
    outer loop
      vertex 3.75137 -12.9025 2.3
      vertex 4.04961 -12.6308 2.3
      vertex 3.97577 -12.5791 2.3
    endloop
  endfacet
  facet normal 0 0 1
    outer loop
      vertex 4.35657 -13.06 2.3
      vertex 3.96371 -13.1881 2.3
      vertex 3.98148 -13.2473 2.3
    endloop
  endfacet
  facet normal 0 0 1
    outer loop
      vertex 4.32356 -12.9761 2.3
      vertex 3.94089 -13.1322 2.3
      vertex 3.96371 -13.1881 2.3
    endloop
  endfacet
  facet normal 0 0 1
    outer loop
      vertex 4.28323 -12.8971 2.3
      vertex 3.91298 -13.0796 2.3
      vertex 3.94089 -13.1322 2.3
    endloop
  endfacet
  facet normal 0 0 1
    outer loop
      vertex 3.75137 -12.9025 2.3
      vertex 3.97577 -12.5791 2.3
      vertex 3.8967 -12.5344 2.3
    endloop
  endfacet
  facet normal 0 0 1
    outer loop
      vertex 4.23557 -12.823 2.3
      vertex 3.88 -13.0302 2.3
      vertex 3.91298 -13.0796 2.3
    endloop
  endfacet
  facet normal 0 0 1
    outer loop
      vertex 4.18056 -12.7537 2.3
      vertex 3.84196 -12.9841 2.3
      vertex 3.88 -13.0302 2.3
    endloop
  endfacet
  facet normal 0 0 1
    outer loop
      vertex 3.70029 -12.8681 2.3
      vertex 3.8967 -12.5344 2.3
      vertex 3.81242 -12.4965 2.3
    endloop
  endfacet
  facet normal 0 0 1
    outer loop
      vertex 4.11821 -12.6893 2.3
      vertex 3.79883 -12.9413 2.3
      vertex 3.84196 -12.9841 2.3
    endloop
  endfacet
  facet normal 0 0 1
    outer loop
      vertex 4.04961 -12.6308 2.3
      vertex 3.75137 -12.9025 2.3
      vertex 3.79883 -12.9413 2.3
    endloop
  endfacet
  facet normal 0 0 1
    outer loop
      vertex 3.64558 -12.8384 2.3
      vertex 3.81242 -12.4965 2.3
      vertex 3.72292 -12.4655 2.3
    endloop
  endfacet
  facet normal 0 0 1
    outer loop
      vertex 3.8967 -12.5344 2.3
      vertex 3.70029 -12.8681 2.3
      vertex 3.75137 -12.9025 2.3
    endloop
  endfacet
  facet normal 0 0 1
    outer loop
      vertex 3.81242 -12.4965 2.3
      vertex 3.64558 -12.8384 2.3
      vertex 3.70029 -12.8681 2.3
    endloop
  endfacet
  facet normal 0 0 1
    outer loop
      vertex 3.58727 -12.8132 2.3
      vertex 3.72292 -12.4655 2.3
      vertex 3.62817 -12.4414 2.3
    endloop
  endfacet
  facet normal 0 0 1
    outer loop
      vertex 3.72292 -12.4655 2.3
      vertex 3.58727 -12.8132 2.3
      vertex 3.64558 -12.8384 2.3
    endloop
  endfacet
  facet normal 0 0 1
    outer loop
      vertex 3.52533 -12.7926 2.3
      vertex 3.62817 -12.4414 2.3
      vertex 3.52821 -12.4242 2.3
    endloop
  endfacet
  facet normal 0 0 1
    outer loop
      vertex 3.62817 -12.4414 2.3
      vertex 3.52533 -12.7926 2.3
      vertex 3.58727 -12.8132 2.3
    endloop
  endfacet
  facet normal 0 0 1
    outer loop
      vertex 3.52821 -12.4242 2.3
      vertex 3.45978 -12.7766 2.3
      vertex 3.52533 -12.7926 2.3
    endloop
  endfacet
  facet normal 0 0 1
    outer loop
      vertex 3.42303 -12.4139 2.3
      vertex 3.45978 -12.7766 2.3
      vertex 3.52821 -12.4242 2.3
    endloop
  endfacet
  facet normal 0 0 1
    outer loop
      vertex 3.42303 -12.4139 2.3
      vertex 3.39061 -12.7652 2.3
      vertex 3.45978 -12.7766 2.3
    endloop
  endfacet
  facet normal 0 0 1
    outer loop
      vertex 3.42303 -12.4139 2.3
      vertex 3.31784 -12.7583 2.3
      vertex 3.39061 -12.7652 2.3
    endloop
  endfacet
  facet normal 0 0 1
    outer loop
      vertex 3.31262 -12.4104 2.3
      vertex 3.31784 -12.7583 2.3
      vertex 3.42303 -12.4139 2.3
    endloop
  endfacet
  facet normal -0 0 1
    outer loop
      vertex 3.29272 -12.4106 2.3
      vertex 3.31784 -12.7583 2.3
      vertex 3.31262 -12.4104 2.3
    endloop
  endfacet
  facet normal -0 0 1
    outer loop
      vertex 3.27284 -12.4112 2.3
      vertex 3.31784 -12.7583 2.3
      vertex 3.29272 -12.4106 2.3
    endloop
  endfacet
  facet normal 0 0 1
    outer loop
      vertex 3.24144 -12.756 2.3
      vertex 3.27284 -12.4112 2.3
      vertex 3.25294 -12.4121 2.3
    endloop
  endfacet
  facet normal 0 0 1
    outer loop
      vertex 3.27284 -12.4112 2.3
      vertex 3.24144 -12.756 2.3
      vertex 3.31784 -12.7583 2.3
    endloop
  endfacet
  facet normal -0 0 1
    outer loop
      vertex 3.23305 -12.4135 2.3
      vertex 3.24144 -12.756 2.3
      vertex 3.25294 -12.4121 2.3
    endloop
  endfacet
  facet normal -0 0 1
    outer loop
      vertex 3.21317 -12.4151 2.3
      vertex 3.24144 -12.756 2.3
      vertex 3.23305 -12.4135 2.3
    endloop
  endfacet
  facet normal 0 0 1
    outer loop
      vertex 3.21317 -12.4151 2.3
      vertex 3.20483 -12.7565 2.3
      vertex 3.24144 -12.756 2.3
    endloop
  endfacet
  facet normal -0 0 1
    outer loop
      vertex 3.19327 -12.4172 2.3
      vertex 3.20483 -12.7565 2.3
      vertex 3.21317 -12.4151 2.3
    endloop
  endfacet
  facet normal -0 0 1
    outer loop
      vertex 3.17337 -12.4197 2.3
      vertex 3.20483 -12.7565 2.3
      vertex 3.19327 -12.4172 2.3
    endloop
  endfacet
  facet normal -0 0 1
    outer loop
      vertex 3.15347 -12.4225 2.3
      vertex 3.20483 -12.7565 2.3
      vertex 3.17337 -12.4197 2.3
    endloop
  endfacet
  facet normal 0 0 1
    outer loop
      vertex 3.20483 -12.7565 2.3
      vertex 3.15347 -12.4225 2.3
      vertex 3.16824 -12.7578 2.3
    endloop
  endfacet
  facet normal -0 0 1
    outer loop
      vertex 3.13359 -12.4257 2.3
      vertex 3.16824 -12.7578 2.3
      vertex 3.15347 -12.4225 2.3
    endloop
  endfacet
  facet normal -0 0 1
    outer loop
      vertex 3.11369 -12.4293 2.3
      vertex 3.16824 -12.7578 2.3
      vertex 3.13359 -12.4257 2.3
    endloop
  endfacet
  facet normal 0 0 1
    outer loop
      vertex 3.16824 -12.7578 2.3
      vertex 3.11369 -12.4293 2.3
      vertex 3.13168 -12.7601 2.3
    endloop
  endfacet
  facet normal -0 0 1
    outer loop
      vertex 3.09381 -12.4332 2.3
      vertex 3.13168 -12.7601 2.3
      vertex 3.11369 -12.4293 2.3
    endloop
  endfacet
  facet normal -0 0 1
    outer loop
      vertex 3.07393 -12.4376 2.3
      vertex 3.13168 -12.7601 2.3
      vertex 3.09381 -12.4332 2.3
    endloop
  endfacet
  facet normal -0 0 1
    outer loop
      vertex 3.05403 -12.4423 2.3
      vertex 3.13168 -12.7601 2.3
      vertex 3.07393 -12.4376 2.3
    endloop
  endfacet
  facet normal 0 0 1
    outer loop
      vertex 3.13168 -12.7601 2.3
      vertex 3.05403 -12.4423 2.3
      vertex 3.09515 -12.7632 2.3
    endloop
  endfacet
  facet normal -0 0 1
    outer loop
      vertex 3.03415 -12.4473 2.3
      vertex 3.09515 -12.7632 2.3
      vertex 3.05403 -12.4423 2.3
    endloop
  endfacet
  facet normal -0 0 1
    outer loop
      vertex 3.01425 -12.4528 2.3
      vertex 3.09515 -12.7632 2.3
      vertex 3.03415 -12.4473 2.3
    endloop
  endfacet
  facet normal 0 0 1
    outer loop
      vertex 3.09515 -12.7632 2.3
      vertex 3.01425 -12.4528 2.3
      vertex 3.05865 -12.7673 2.3
    endloop
  endfacet
  facet normal -0 0 1
    outer loop
      vertex 2.99435 -12.4586 2.3
      vertex 3.05865 -12.7673 2.3
      vertex 3.01425 -12.4528 2.3
    endloop
  endfacet
  facet normal -0 0 1
    outer loop
      vertex 2.97447 -12.4648 2.3
      vertex 3.05865 -12.7673 2.3
      vertex 2.99435 -12.4586 2.3
    endloop
  endfacet
  facet normal 0 0 1
    outer loop
      vertex 3.05865 -12.7673 2.3
      vertex 2.97447 -12.4648 2.3
      vertex 3.02217 -12.7722 2.3
    endloop
  endfacet
  facet normal -0 0 1
    outer loop
      vertex 2.95457 -12.4714 2.3
      vertex 3.02217 -12.7722 2.3
      vertex 2.97447 -12.4648 2.3
    endloop
  endfacet
  facet normal 0 0 1
    outer loop
      vertex 3.02217 -12.7722 2.3
      vertex 2.95457 -12.4714 2.3
      vertex 2.98572 -12.7781 2.3
    endloop
  endfacet
  facet normal 0 0 1
    outer loop
      vertex 2.98572 -12.7781 2.3
      vertex 2.95457 -12.4714 2.3
      vertex 2.94928 -12.7848 2.3
    endloop
  endfacet
  facet normal 0 0 1
    outer loop
      vertex 4.32106 -13.9218 2.3
      vertex 3.94089 -13.7565 2.3
      vertex 4.27962 -14.0011 2.3
    endloop
  endfacet
  facet normal -0 0 1
    outer loop
      vertex 3.91298 -13.8091 2.3
      vertex 4.27962 -14.0011 2.3
      vertex 3.94089 -13.7565 2.3
    endloop
  endfacet
  facet normal 0 0 1
    outer loop
      vertex 4.27962 -14.0011 2.3
      vertex 3.91298 -13.8091 2.3
      vertex 4.23064 -14.075 2.3
    endloop
  endfacet
  facet normal -0 0 1
    outer loop
      vertex 3.88 -13.8585 2.3
      vertex 4.23064 -14.075 2.3
      vertex 3.91298 -13.8091 2.3
    endloop
  endfacet
  facet normal 0 0 1
    outer loop
      vertex 4.23064 -14.075 2.3
      vertex 3.88 -13.8585 2.3
      vertex 4.17413 -14.1435 2.3
    endloop
  endfacet
  facet normal -0 0 1
    outer loop
      vertex 3.84196 -13.9045 2.3
      vertex 4.17413 -14.1435 2.3
      vertex 3.88 -13.8585 2.3
    endloop
  endfacet
  facet normal 0 0 1
    outer loop
      vertex 4.17413 -14.1435 2.3
      vertex 3.84196 -13.9045 2.3
      vertex 4.11009 -14.2066 2.3
    endloop
  endfacet
  facet normal -0 0 1
    outer loop
      vertex 3.79883 -13.9474 2.3
      vertex 4.11009 -14.2066 2.3
      vertex 3.84196 -13.9045 2.3
    endloop
  endfacet
  facet normal 0 0 1
    outer loop
      vertex 4.11009 -14.2066 2.3
      vertex 3.79883 -13.9474 2.3
      vertex 4.03918 -14.2636 2.3
    endloop
  endfacet
  facet normal -0 0 1
    outer loop
      vertex 3.75137 -13.9863 2.3
      vertex 4.03918 -14.2636 2.3
      vertex 3.79883 -13.9474 2.3
    endloop
  endfacet
  facet normal 0 0 1
    outer loop
      vertex 4.03918 -14.2636 2.3
      vertex 3.75137 -13.9863 2.3
      vertex 3.9621 -14.3139 2.3
    endloop
  endfacet
  facet normal -0 0 1
    outer loop
      vertex 3.70029 -14.0206 2.3
      vertex 3.9621 -14.3139 2.3
      vertex 3.75137 -13.9863 2.3
    endloop
  endfacet
  facet normal 0 0 1
    outer loop
      vertex 3.9621 -14.3139 2.3
      vertex 3.70029 -14.0206 2.3
      vertex 3.87885 -14.3575 2.3
    endloop
  endfacet
  facet normal 0 0 1
    outer loop
      vertex 3.87885 -14.3575 2.3
      vertex 3.70029 -14.0206 2.3
      vertex 3.7894 -14.3944 2.3
    endloop
  endfacet
  facet normal -0 0 1
    outer loop
      vertex 3.64558 -14.0503 2.3
      vertex 3.7894 -14.3944 2.3
      vertex 3.70029 -14.0206 2.3
    endloop
  endfacet
  facet normal -0 0 1
    outer loop
      vertex 3.58727 -14.0755 2.3
      vertex 3.7894 -14.3944 2.3
      vertex 3.64558 -14.0503 2.3
    endloop
  endfacet
  facet normal 0 0 1
    outer loop
      vertex 3.7894 -14.3944 2.3
      vertex 3.58727 -14.0755 2.3
      vertex 3.69379 -14.4246 2.3
    endloop
  endfacet
  facet normal -0 0 1
    outer loop
      vertex 3.52533 -14.0961 2.3
      vertex 3.69379 -14.4246 2.3
      vertex 3.58727 -14.0755 2.3
    endloop
  endfacet
  facet normal 0 0 1
    outer loop
      vertex 3.69379 -14.4246 2.3
      vertex 3.52533 -14.0961 2.3
      vertex 3.592 -14.4481 2.3
    endloop
  endfacet
  facet normal -0 0 1
    outer loop
      vertex 3.45976 -14.1121 2.3
      vertex 3.592 -14.4481 2.3
      vertex 3.52533 -14.0961 2.3
    endloop
  endfacet
  facet normal 0 0 1
    outer loop
      vertex 3.592 -14.4481 2.3
      vertex 3.45976 -14.1121 2.3
      vertex 3.48402 -14.4648 2.3
    endloop
  endfacet
  facet normal -0 0 1
    outer loop
      vertex 3.39059 -14.1235 2.3
      vertex 3.48402 -14.4648 2.3
      vertex 3.45976 -14.1121 2.3
    endloop
  endfacet
  facet normal 0 0 1
    outer loop
      vertex 3.39059 -14.1235 2.3
      vertex 3.36987 -14.4749 2.3
      vertex 3.48402 -14.4648 2.3
    endloop
  endfacet
  facet normal -0 0 1
    outer loop
      vertex 3.31781 -14.1304 2.3
      vertex 3.36987 -14.4749 2.3
      vertex 3.39059 -14.1235 2.3
    endloop
  endfacet
  facet normal 0 0 1
    outer loop
      vertex 3.31781 -14.1304 2.3
      vertex 3.24954 -14.4783 2.3
      vertex 3.36987 -14.4749 2.3
    endloop
  endfacet
  facet normal -0 0 1
    outer loop
      vertex 3.24141 -14.1327 2.3
      vertex 3.24954 -14.4783 2.3
      vertex 3.31781 -14.1304 2.3
    endloop
  endfacet
  facet normal 0 0 1
    outer loop
      vertex 3.24141 -14.1327 2.3
      vertex 3.20695 -14.4779 2.3
      vertex 3.24954 -14.4783 2.3
    endloop
  endfacet
  facet normal 0 0 1
    outer loop
      vertex 3.19331 -14.1321 2.3
      vertex 3.20695 -14.4779 2.3
      vertex 3.24141 -14.1327 2.3
    endloop
  endfacet
  facet normal 0 0 1
    outer loop
      vertex 3.19331 -14.1321 2.3
      vertex 3.1642 -14.4767 2.3
      vertex 3.20695 -14.4779 2.3
    endloop
  endfacet
  facet normal 0 0 1
    outer loop
      vertex 3.14577 -14.1302 2.3
      vertex 3.1642 -14.4767 2.3
      vertex 3.19331 -14.1321 2.3
    endloop
  endfacet
  facet normal 0 0 1
    outer loop
      vertex 3.14577 -14.1302 2.3
      vertex 3.12126 -14.4746 2.3
      vertex 3.1642 -14.4767 2.3
    endloop
  endfacet
  facet normal 0 0 1
    outer loop
      vertex 3.09877 -14.1272 2.3
      vertex 3.12126 -14.4746 2.3
      vertex 3.14577 -14.1302 2.3
    endloop
  endfacet
  facet normal 0 0 1
    outer loop
      vertex 3.09877 -14.1272 2.3
      vertex 3.07816 -14.4718 2.3
      vertex 3.12126 -14.4746 2.3
    endloop
  endfacet
  facet normal 0 0 1
    outer loop
      vertex 3.03487 -14.4682 2.3
      vertex 3.09877 -14.1272 2.3
      vertex 3.05234 -14.123 2.3
    endloop
  endfacet
  facet normal 0 0 1
    outer loop
      vertex 3.09877 -14.1272 2.3
      vertex 3.03487 -14.4682 2.3
      vertex 3.07816 -14.4718 2.3
    endloop
  endfacet
  facet normal 0 0 1
    outer loop
      vertex 2.99141 -14.4638 2.3
      vertex 3.05234 -14.123 2.3
      vertex 3.00644 -14.1176 2.3
    endloop
  endfacet
  facet normal 0 0 1
    outer loop
      vertex 3.05234 -14.123 2.3
      vertex 2.99141 -14.4638 2.3
      vertex 3.03487 -14.4682 2.3
    endloop
  endfacet
  facet normal 0 0 1
    outer loop
      vertex 2.94777 -14.4585 2.3
      vertex 3.00644 -14.1176 2.3
      vertex 2.96111 -14.1109 2.3
    endloop
  endfacet
  facet normal 0 0 1
    outer loop
      vertex 3.00644 -14.1176 2.3
      vertex 2.94777 -14.4585 2.3
      vertex 2.99141 -14.4638 2.3
    endloop
  endfacet
  facet normal 0 0 1
    outer loop
      vertex 2.90395 -14.4525 2.3
      vertex 2.96111 -14.1109 2.3
      vertex 2.91634 -14.1031 2.3
    endloop
  endfacet
  facet normal 0 0 1
    outer loop
      vertex 2.96111 -14.1109 2.3
      vertex 2.90395 -14.4525 2.3
      vertex 2.94777 -14.4585 2.3
    endloop
  endfacet
  facet normal 0 0 1
    outer loop
      vertex 2.81572 -14.438 2.3
      vertex 2.91634 -14.1031 2.3
      vertex 2.8721 -14.094 2.3
    endloop
  endfacet
  facet normal 0 0 1
    outer loop
      vertex 2.91634 -14.1031 2.3
      vertex 2.85995 -14.4456 2.3
      vertex 2.90395 -14.4525 2.3
    endloop
  endfacet
  facet normal 0 0 1
    outer loop
      vertex 2.77115 -14.4295 2.3
      vertex 2.8721 -14.094 2.3
      vertex 2.82843 -14.0837 2.3
    endloop
  endfacet
  facet normal 0 0 1
    outer loop
      vertex 2.91634 -14.1031 2.3
      vertex 2.81572 -14.438 2.3
      vertex 2.85995 -14.4456 2.3
    endloop
  endfacet
  facet normal 0 0 1
    outer loop
      vertex 2.72626 -14.4202 2.3
      vertex 2.82843 -14.0837 2.3
      vertex 2.78517 -14.0722 2.3
    endloop
  endfacet
  facet normal 0 0 1
    outer loop
      vertex 2.8721 -14.094 2.3
      vertex 2.77115 -14.4295 2.3
      vertex 2.81572 -14.438 2.3
    endloop
  endfacet
  facet normal 0 0 1
    outer loop
      vertex 2.68105 -14.4102 2.3
      vertex 2.78517 -14.0722 2.3
      vertex 2.74223 -14.0595 2.3
    endloop
  endfacet
  facet normal 0 0 1
    outer loop
      vertex 2.82843 -14.0837 2.3
      vertex 2.72626 -14.4202 2.3
      vertex 2.77115 -14.4295 2.3
    endloop
  endfacet
  facet normal 0 0 1
    outer loop
      vertex 2.6355 -14.3993 2.3
      vertex 2.74223 -14.0595 2.3
      vertex 2.69958 -14.0455 2.3
    endloop
  endfacet
  facet normal 0 0 1
    outer loop
      vertex 2.78517 -14.0722 2.3
      vertex 2.68105 -14.4102 2.3
      vertex 2.72626 -14.4202 2.3
    endloop
  endfacet
  facet normal 0 0 1
    outer loop
      vertex 2.58961 -14.3876 2.3
      vertex 2.69958 -14.0455 2.3
      vertex 2.65724 -14.0302 2.3
    endloop
  endfacet
  facet normal 0 0 1
    outer loop
      vertex 2.74223 -14.0595 2.3
      vertex 2.6355 -14.3993 2.3
      vertex 2.68105 -14.4102 2.3
    endloop
  endfacet
  facet normal 0 0 1
    outer loop
      vertex 2.54343 -14.3751 2.3
      vertex 2.65724 -14.0302 2.3
      vertex 2.61519 -14.0136 2.3
    endloop
  endfacet
  facet normal 0 0 1
    outer loop
      vertex 2.69958 -14.0455 2.3
      vertex 2.58961 -14.3876 2.3
      vertex 2.6355 -14.3993 2.3
    endloop
  endfacet
  facet normal 0 0 1
    outer loop
      vertex 2.45004 -14.3477 2.3
      vertex 2.61519 -14.0136 2.3
      vertex 2.57346 -13.9958 2.3
    endloop
  endfacet
  facet normal 0 0 1
    outer loop
      vertex 2.65724 -14.0302 2.3
      vertex 2.54343 -14.3751 2.3
      vertex 2.58961 -14.3876 2.3
    endloop
  endfacet
  facet normal 0 0 1
    outer loop
      vertex 2.45004 -14.3477 2.3
      vertex 2.57346 -13.9958 2.3
      vertex 2.53201 -13.9768 2.3
    endloop
  endfacet
  facet normal 0 0 1
    outer loop
      vertex 2.61519 -14.0136 2.3
      vertex 2.49689 -14.3618 2.3
      vertex 2.54343 -14.3751 2.3
    endloop
  endfacet
  facet normal 0 0 1
    outer loop
      vertex 2.45004 -14.3477 2.3
      vertex 2.53201 -13.9768 2.3
      vertex 2.49088 -13.9565 2.3
    endloop
  endfacet
  facet normal 0 0 1
    outer loop
      vertex 2.45004 -14.3477 2.3
      vertex 2.49088 -13.9565 2.3
      vertex 2.45004 -13.9349 2.3
    endloop
  endfacet
  facet normal 0 0 1
    outer loop
      vertex 2.61519 -14.0136 2.3
      vertex 2.45004 -14.3477 2.3
      vertex 2.49689 -14.3618 2.3
    endloop
  endfacet
  facet normal -0 0 1
    outer loop
      vertex 1.28072 -13.9023 2.3
      vertex 1.70996 -14.4187 2.3
      vertex 1.70996 -13.9023 2.3
    endloop
  endfacet
  facet normal 0 0 1
    outer loop
      vertex 1.70996 -14.4187 2.3
      vertex 1.28072 -13.9023 2.3
      vertex 1.28072 -14.4187 2.3
    endloop
  endfacet
  facet normal -0.084142 0.996454 0
    outer loop
      vertex -2.80623 -14.4666 2.3
      vertex -2.90926 -14.4753 2.7
      vertex -2.80623 -14.4666 2.7
    endloop
  endfacet
  facet normal -0.084142 0.996454 0
    outer loop
      vertex -2.90926 -14.4753 2.7
      vertex -2.80623 -14.4666 2.3
      vertex -2.90926 -14.4753 2.3
    endloop
  endfacet
  facet normal -0.148405 0.988927 0
    outer loop
      vertex -2.70894 -14.452 2.3
      vertex -2.80623 -14.4666 2.7
      vertex -2.70894 -14.452 2.7
    endloop
  endfacet
  facet normal -0.148405 0.988927 0
    outer loop
      vertex -2.80623 -14.4666 2.7
      vertex -2.70894 -14.452 2.3
      vertex -2.80623 -14.4666 2.3
    endloop
  endfacet
  facet normal -0.217517 0.976056 0
    outer loop
      vertex -2.6174 -14.4316 2.3
      vertex -2.70894 -14.452 2.7
      vertex -2.6174 -14.4316 2.7
    endloop
  endfacet
  facet normal -0.217517 0.976056 0
    outer loop
      vertex -2.70894 -14.452 2.7
      vertex -2.6174 -14.4316 2.3
      vertex -2.70894 -14.452 2.3
    endloop
  endfacet
  facet normal -0.292111 0.956384 0
    outer loop
      vertex -2.53162 -14.4054 2.3
      vertex -2.6174 -14.4316 2.7
      vertex -2.53162 -14.4054 2.7
    endloop
  endfacet
  facet normal -0.292111 0.956384 0
    outer loop
      vertex -2.6174 -14.4316 2.7
      vertex -2.53162 -14.4054 2.3
      vertex -2.6174 -14.4316 2.3
    endloop
  endfacet
  facet normal -0.37223 0.92814 0
    outer loop
      vertex -2.45158 -14.3733 2.3
      vertex -2.53162 -14.4054 2.7
      vertex -2.45158 -14.3733 2.7
    endloop
  endfacet
  facet normal -0.37223 0.92814 0
    outer loop
      vertex -2.53162 -14.4054 2.7
      vertex -2.45158 -14.3733 2.3
      vertex -2.53162 -14.4054 2.3
    endloop
  endfacet
  facet normal -0.45449 0.890752 0
    outer loop
      vertex -2.3773 -14.3354 2.3
      vertex -2.45158 -14.3733 2.7
      vertex -2.3773 -14.3354 2.7
    endloop
  endfacet
  facet normal -0.45449 0.890752 0
    outer loop
      vertex -2.45158 -14.3733 2.7
      vertex -2.3773 -14.3354 2.3
      vertex -2.45158 -14.3733 2.3
    endloop
  endfacet
  facet normal -0.538593 0.842566 0
    outer loop
      vertex -2.30878 -14.2916 2.3
      vertex -2.3773 -14.3354 2.7
      vertex -2.30878 -14.2916 2.7
    endloop
  endfacet
  facet normal -0.538593 0.842566 0
    outer loop
      vertex -2.3773 -14.3354 2.7
      vertex -2.30878 -14.2916 2.3
      vertex -2.3773 -14.3354 2.3
    endloop
  endfacet
  facet normal -0.619158 0.785267 0
    outer loop
      vertex -2.246 -14.2421 2.3
      vertex -2.30878 -14.2916 2.7
      vertex -2.246 -14.2421 2.7
    endloop
  endfacet
  facet normal -0.619158 0.785267 0
    outer loop
      vertex -2.30878 -14.2916 2.7
      vertex -2.246 -14.2421 2.3
      vertex -2.30878 -14.2916 2.3
    endloop
  endfacet
  facet normal -0.697801 0.716291 0
    outer loop
      vertex -2.18944 -14.187 2.3
      vertex -2.246 -14.2421 2.7
      vertex -2.18944 -14.187 2.7
    endloop
  endfacet
  facet normal -0.697801 0.716291 0
    outer loop
      vertex -2.246 -14.2421 2.7
      vertex -2.18944 -14.187 2.3
      vertex -2.246 -14.2421 2.3
    endloop
  endfacet
  facet normal -0.769186 0.639026 0
    outer loop
      vertex -2.18944 -14.187 2.3
      vertex -2.13951 -14.1269 2.7
      vertex -2.13951 -14.1269 2.3
    endloop
  endfacet
  facet normal -0.769186 0.639026 0
    outer loop
      vertex -2.13951 -14.1269 2.7
      vertex -2.18944 -14.187 2.3
      vertex -2.18944 -14.187 2.7
    endloop
  endfacet
  facet normal -0.832876 0.55346 0
    outer loop
      vertex -2.13951 -14.1269 2.3
      vertex -2.09625 -14.0618 2.7
      vertex -2.09625 -14.0618 2.3
    endloop
  endfacet
  facet normal -0.832876 0.55346 0
    outer loop
      vertex -2.09625 -14.0618 2.7
      vertex -2.13951 -14.1269 2.3
      vertex -2.13951 -14.1269 2.7
    endloop
  endfacet
  facet normal -0.886989 0.46179 0
    outer loop
      vertex -2.09625 -14.0618 2.3
      vertex -2.05965 -13.9915 2.7
      vertex -2.05965 -13.9915 2.3
    endloop
  endfacet
  facet normal -0.886989 0.46179 0
    outer loop
      vertex -2.05965 -13.9915 2.7
      vertex -2.09625 -14.0618 2.3
      vertex -2.09625 -14.0618 2.7
    endloop
  endfacet
  facet normal -0.929324 0.369265 0
    outer loop
      vertex -2.05965 -13.9915 2.3
      vertex -2.02969 -13.9161 2.7
      vertex -2.02969 -13.9161 2.3
    endloop
  endfacet
  facet normal -0.929324 0.369265 0
    outer loop
      vertex -2.02969 -13.9161 2.7
      vertex -2.05965 -13.9915 2.3
      vertex -2.05965 -13.9915 2.7
    endloop
  endfacet
  facet normal -0.960544 0.278128 0
    outer loop
      vertex -2.02969 -13.9161 2.3
      vertex -2.00641 -13.8357 2.7
      vertex -2.00641 -13.8357 2.3
    endloop
  endfacet
  facet normal -0.960544 0.278128 0
    outer loop
      vertex -2.00641 -13.8357 2.7
      vertex -2.02969 -13.9161 2.3
      vertex -2.02969 -13.9161 2.7
    endloop
  endfacet
  facet normal -0.981562 0.191146 0
    outer loop
      vertex -2.00641 -13.8357 2.3
      vertex -1.98976 -13.7502 2.7
      vertex -1.98976 -13.7502 2.3
    endloop
  endfacet
  facet normal -0.981562 0.191146 0
    outer loop
      vertex -1.98976 -13.7502 2.7
      vertex -2.00641 -13.8357 2.3
      vertex -2.00641 -13.8357 2.7
    endloop
  endfacet
  facet normal -0.993974 0.109612 0
    outer loop
      vertex -1.98976 -13.7502 2.3
      vertex -1.97978 -13.6597 2.7
      vertex -1.97978 -13.6597 2.3
    endloop
  endfacet
  facet normal -0.993974 0.109612 0
    outer loop
      vertex -1.97978 -13.6597 2.7
      vertex -1.98976 -13.7502 2.3
      vertex -1.98976 -13.7502 2.7
    endloop
  endfacet
  facet normal -0.999399 0.0346709 0
    outer loop
      vertex -1.97978 -13.6597 2.3
      vertex -1.97646 -13.564 2.7
      vertex -1.97646 -13.564 2.3
    endloop
  endfacet
  facet normal -0.999399 0.0346709 0
    outer loop
      vertex -1.97646 -13.564 2.7
      vertex -1.97978 -13.6597 2.3
      vertex -1.97978 -13.6597 2.7
    endloop
  endfacet
  facet normal -0.999486 -0.032059 0
    outer loop
      vertex -1.97646 -13.564 2.3
      vertex -1.9785 -13.5004 2.7
      vertex -1.9785 -13.5004 2.3
    endloop
  endfacet
  facet normal -0.999486 -0.032059 0
    outer loop
      vertex -1.9785 -13.5004 2.7
      vertex -1.97646 -13.564 2.3
      vertex -1.97646 -13.564 2.7
    endloop
  endfacet
  facet normal -0.995053 -0.0993433 0
    outer loop
      vertex -1.9785 -13.5004 2.3
      vertex -1.98463 -13.439 2.7
      vertex -1.98463 -13.439 2.3
    endloop
  endfacet
  facet normal -0.995053 -0.0993433 0
    outer loop
      vertex -1.98463 -13.439 2.7
      vertex -1.9785 -13.5004 2.3
      vertex -1.9785 -13.5004 2.7
    endloop
  endfacet
  facet normal -0.985319 -0.170722 0
    outer loop
      vertex -1.98463 -13.439 2.3
      vertex -1.99487 -13.3799 2.7
      vertex -1.99487 -13.3799 2.3
    endloop
  endfacet
  facet normal -0.985319 -0.170722 0
    outer loop
      vertex -1.99487 -13.3799 2.7
      vertex -1.98463 -13.439 2.3
      vertex -1.98463 -13.439 2.7
    endloop
  endfacet
  facet normal -0.969821 -0.243816 0
    outer loop
      vertex -1.99487 -13.3799 2.3
      vertex -2.0092 -13.3229 2.7
      vertex -2.0092 -13.3229 2.3
    endloop
  endfacet
  facet normal -0.969821 -0.243816 0
    outer loop
      vertex -2.0092 -13.3229 2.7
      vertex -1.99487 -13.3799 2.3
      vertex -1.99487 -13.3799 2.7
    endloop
  endfacet
  facet normal -0.947832 -0.318769 0
    outer loop
      vertex -2.0092 -13.3229 2.3
      vertex -2.02763 -13.2681 2.7
      vertex -2.02763 -13.2681 2.3
    endloop
  endfacet
  facet normal -0.947832 -0.318769 0
    outer loop
      vertex -2.02763 -13.2681 2.7
      vertex -2.0092 -13.3229 2.3
      vertex -2.0092 -13.3229 2.7
    endloop
  endfacet
  facet normal -0.919082 -0.394067 0
    outer loop
      vertex -2.02763 -13.2681 2.3
      vertex -2.05014 -13.2156 2.7
      vertex -2.05014 -13.2156 2.3
    endloop
  endfacet
  facet normal -0.919082 -0.394067 0
    outer loop
      vertex -2.05014 -13.2156 2.7
      vertex -2.02763 -13.2681 2.3
      vertex -2.02763 -13.2681 2.7
    endloop
  endfacet
  facet normal -0.883929 -0.467621 0
    outer loop
      vertex -2.05014 -13.2156 2.3
      vertex -2.07675 -13.1653 2.7
      vertex -2.07675 -13.1653 2.3
    endloop
  endfacet
  facet normal -0.883929 -0.467621 0
    outer loop
      vertex -2.07675 -13.1653 2.7
      vertex -2.05014 -13.2156 2.3
      vertex -2.05014 -13.2156 2.7
    endloop
  endfacet
  facet normal -0.84278 -0.538258 0
    outer loop
      vertex -2.07675 -13.1653 2.3
      vertex -2.10747 -13.1172 2.7
      vertex -2.10747 -13.1172 2.3
    endloop
  endfacet
  facet normal -0.84278 -0.538258 0
    outer loop
      vertex -2.10747 -13.1172 2.7
      vertex -2.07675 -13.1653 2.3
      vertex -2.07675 -13.1653 2.7
    endloop
  endfacet
  facet normal -0.796948 -0.604048 0
    outer loop
      vertex -2.10747 -13.1172 2.3
      vertex -2.14226 -13.0713 2.7
      vertex -2.14226 -13.0713 2.3
    endloop
  endfacet
  facet normal -0.796948 -0.604048 0
    outer loop
      vertex -2.14226 -13.0713 2.7
      vertex -2.10747 -13.1172 2.3
      vertex -2.10747 -13.1172 2.7
    endloop
  endfacet
  facet normal -0.746808 -0.66504 0
    outer loop
      vertex -2.14226 -13.0713 2.3
      vertex -2.18073 -13.0281 2.7
      vertex -2.18073 -13.0281 2.3
    endloop
  endfacet
  facet normal -0.746808 -0.66504 0
    outer loop
      vertex -2.18073 -13.0281 2.7
      vertex -2.14226 -13.0713 2.3
      vertex -2.14226 -13.0713 2.7
    endloop
  endfacet
  facet normal -0.691341 -0.722529 0
    outer loop
      vertex -2.22243 -12.9882 2.3
      vertex -2.18073 -13.0281 2.7
      vertex -2.22243 -12.9882 2.7
    endloop
  endfacet
  facet normal -0.691341 -0.722529 -0
    outer loop
      vertex -2.18073 -13.0281 2.7
      vertex -2.22243 -12.9882 2.3
      vertex -2.18073 -13.0281 2.3
    endloop
  endfacet
  facet normal -0.631573 -0.775316 0
    outer loop
      vertex -2.26736 -12.9516 2.3
      vertex -2.22243 -12.9882 2.7
      vertex -2.26736 -12.9516 2.7
    endloop
  endfacet
  facet normal -0.631573 -0.775316 -0
    outer loop
      vertex -2.22243 -12.9882 2.7
      vertex -2.26736 -12.9516 2.3
      vertex -2.22243 -12.9882 2.3
    endloop
  endfacet
  facet normal -0.569644 -0.821891 0
    outer loop
      vertex -2.31555 -12.9182 2.3
      vertex -2.26736 -12.9516 2.7
      vertex -2.31555 -12.9182 2.7
    endloop
  endfacet
  facet normal -0.569644 -0.821891 -0
    outer loop
      vertex -2.26736 -12.9516 2.7
      vertex -2.31555 -12.9182 2.3
      vertex -2.26736 -12.9516 2.3
    endloop
  endfacet
  facet normal -0.505185 -0.863011 0
    outer loop
      vertex -2.36697 -12.8881 2.3
      vertex -2.31555 -12.9182 2.7
      vertex -2.36697 -12.8881 2.7
    endloop
  endfacet
  facet normal -0.505185 -0.863011 -0
    outer loop
      vertex -2.31555 -12.9182 2.7
      vertex -2.36697 -12.8881 2.3
      vertex -2.31555 -12.9182 2.3
    endloop
  endfacet
  facet normal -0.440235 -0.897883 0
    outer loop
      vertex -2.42163 -12.8613 2.3
      vertex -2.36697 -12.8881 2.7
      vertex -2.42163 -12.8613 2.7
    endloop
  endfacet
  facet normal -0.440235 -0.897883 -0
    outer loop
      vertex -2.36697 -12.8881 2.7
      vertex -2.42163 -12.8613 2.3
      vertex -2.36697 -12.8881 2.3
    endloop
  endfacet
  facet normal -0.376021 -0.926611 0
    outer loop
      vertex -2.47954 -12.8378 2.3
      vertex -2.42163 -12.8613 2.7
      vertex -2.47954 -12.8378 2.7
    endloop
  endfacet
  facet normal -0.376021 -0.926611 -0
    outer loop
      vertex -2.42163 -12.8613 2.7
      vertex -2.47954 -12.8378 2.3
      vertex -2.42163 -12.8613 2.3
    endloop
  endfacet
  facet normal -0.31511 -0.949055 0
    outer loop
      vertex -2.54068 -12.8175 2.3
      vertex -2.47954 -12.8378 2.7
      vertex -2.54068 -12.8175 2.7
    endloop
  endfacet
  facet normal -0.31511 -0.949055 -0
    outer loop
      vertex -2.47954 -12.8378 2.7
      vertex -2.54068 -12.8175 2.3
      vertex -2.47954 -12.8378 2.3
    endloop
  endfacet
  facet normal -0.256672 -0.966499 0
    outer loop
      vertex -2.60507 -12.8004 2.3
      vertex -2.54068 -12.8175 2.7
      vertex -2.60507 -12.8004 2.7
    endloop
  endfacet
  facet normal -0.256672 -0.966499 -0
    outer loop
      vertex -2.54068 -12.8175 2.7
      vertex -2.60507 -12.8004 2.3
      vertex -2.54068 -12.8175 2.3
    endloop
  endfacet
  facet normal -0.269128 0.963105 0
    outer loop
      vertex -2.54817 -12.7845 2.3
      vertex -2.60507 -12.8004 2.7
      vertex -2.54817 -12.7845 2.7
    endloop
  endfacet
  facet normal -0.269128 0.963105 0
    outer loop
      vertex -2.60507 -12.8004 2.7
      vertex -2.54817 -12.7845 2.3
      vertex -2.60507 -12.8004 2.3
    endloop
  endfacet
  facet normal -0.326906 0.945057 0
    outer loop
      vertex -2.49411 -12.7658 2.3
      vertex -2.54817 -12.7845 2.7
      vertex -2.49411 -12.7658 2.7
    endloop
  endfacet
  facet normal -0.326906 0.945057 0
    outer loop
      vertex -2.54817 -12.7845 2.7
      vertex -2.49411 -12.7658 2.3
      vertex -2.54817 -12.7845 2.3
    endloop
  endfacet
  facet normal -0.388572 0.921419 0
    outer loop
      vertex -2.44289 -12.7442 2.3
      vertex -2.49411 -12.7658 2.7
      vertex -2.44289 -12.7442 2.7
    endloop
  endfacet
  facet normal -0.388572 0.921419 0
    outer loop
      vertex -2.49411 -12.7658 2.7
      vertex -2.44289 -12.7442 2.3
      vertex -2.49411 -12.7658 2.3
    endloop
  endfacet
  facet normal -0.451707 0.892167 0
    outer loop
      vertex -2.3945 -12.7197 2.3
      vertex -2.44289 -12.7442 2.7
      vertex -2.3945 -12.7197 2.7
    endloop
  endfacet
  facet normal -0.451707 0.892167 0
    outer loop
      vertex -2.44289 -12.7442 2.7
      vertex -2.3945 -12.7197 2.3
      vertex -2.44289 -12.7442 2.3
    endloop
  endfacet
  facet normal -0.515464 0.856911 0
    outer loop
      vertex -2.34895 -12.6923 2.3
      vertex -2.3945 -12.7197 2.7
      vertex -2.34895 -12.6923 2.7
    endloop
  endfacet
  facet normal -0.515464 0.856911 0
    outer loop
      vertex -2.3945 -12.7197 2.7
      vertex -2.34895 -12.6923 2.3
      vertex -2.3945 -12.7197 2.3
    endloop
  endfacet
  facet normal -0.577344 0.816501 0
    outer loop
      vertex -2.30624 -12.6621 2.3
      vertex -2.34895 -12.6923 2.7
      vertex -2.30624 -12.6621 2.7
    endloop
  endfacet
  facet normal -0.577344 0.816501 0
    outer loop
      vertex -2.34895 -12.6923 2.7
      vertex -2.30624 -12.6621 2.3
      vertex -2.34895 -12.6923 2.3
    endloop
  endfacet
  facet normal -0.63876 0.769406 0
    outer loop
      vertex -2.26637 -12.629 2.3
      vertex -2.30624 -12.6621 2.7
      vertex -2.26637 -12.629 2.7
    endloop
  endfacet
  facet normal -0.63876 0.769406 0
    outer loop
      vertex -2.30624 -12.6621 2.7
      vertex -2.26637 -12.629 2.3
      vertex -2.30624 -12.6621 2.3
    endloop
  endfacet
  facet normal -0.696067 0.717977 0
    outer loop
      vertex -2.22934 -12.5931 2.3
      vertex -2.26637 -12.629 2.7
      vertex -2.22934 -12.5931 2.7
    endloop
  endfacet
  facet normal -0.696067 0.717977 0
    outer loop
      vertex -2.26637 -12.629 2.7
      vertex -2.22934 -12.5931 2.3
      vertex -2.26637 -12.629 2.3
    endloop
  endfacet
  facet normal -0.750368 0.66102 0
    outer loop
      vertex -2.22934 -12.5931 2.3
      vertex -2.19516 -12.5543 2.7
      vertex -2.19516 -12.5543 2.3
    endloop
  endfacet
  facet normal -0.750368 0.66102 0
    outer loop
      vertex -2.19516 -12.5543 2.7
      vertex -2.22934 -12.5931 2.3
      vertex -2.22934 -12.5931 2.7
    endloop
  endfacet
  facet normal -0.799441 0.600745 0
    outer loop
      vertex -2.19516 -12.5543 2.3
      vertex -2.1642 -12.5131 2.7
      vertex -2.1642 -12.5131 2.3
    endloop
  endfacet
  facet normal -0.799441 0.600745 0
    outer loop
      vertex -2.1642 -12.5131 2.7
      vertex -2.19516 -12.5543 2.3
      vertex -2.19516 -12.5543 2.7
    endloop
  endfacet
  facet normal -0.845084 0.534633 0
    outer loop
      vertex -2.1642 -12.5131 2.3
      vertex -2.13687 -12.4699 2.7
      vertex -2.13687 -12.4699 2.3
    endloop
  endfacet
  facet normal -0.845084 0.534633 0
    outer loop
      vertex -2.13687 -12.4699 2.7
      vertex -2.1642 -12.5131 2.3
      vertex -2.1642 -12.5131 2.7
    endloop
  endfacet
  facet normal -0.885458 0.464718 0
    outer loop
      vertex -2.13687 -12.4699 2.3
      vertex -2.1132 -12.4248 2.7
      vertex -2.1132 -12.4248 2.3
    endloop
  endfacet
  facet normal -0.885458 0.464718 0
    outer loop
      vertex -2.1132 -12.4248 2.7
      vertex -2.13687 -12.4699 2.3
      vertex -2.13687 -12.4699 2.7
    endloop
  endfacet
  facet normal -0.920243 0.391347 0
    outer loop
      vertex -2.1132 -12.4248 2.3
      vertex -2.09317 -12.3777 2.7
      vertex -2.09317 -12.3777 2.3
    endloop
  endfacet
  facet normal -0.920243 0.391347 0
    outer loop
      vertex -2.09317 -12.3777 2.7
      vertex -2.1132 -12.4248 2.3
      vertex -2.1132 -12.4248 2.7
    endloop
  endfacet
  facet normal -0.948354 0.317215 0
    outer loop
      vertex -2.09317 -12.3777 2.3
      vertex -2.07678 -12.3287 2.7
      vertex -2.07678 -12.3287 2.3
    endloop
  endfacet
  facet normal -0.948354 0.317215 0
    outer loop
      vertex -2.07678 -12.3287 2.7
      vertex -2.09317 -12.3777 2.3
      vertex -2.09317 -12.3777 2.7
    endloop
  endfacet
  facet normal -0.970299 0.24191 0
    outer loop
      vertex -2.07678 -12.3287 2.3
      vertex -2.06404 -12.2776 2.7
      vertex -2.06404 -12.2776 2.3
    endloop
  endfacet
  facet normal -0.970299 0.24191 0
    outer loop
      vertex -2.06404 -12.2776 2.7
      vertex -2.07678 -12.3287 2.3
      vertex -2.07678 -12.3287 2.7
    endloop
  endfacet
  facet normal -0.985493 0.169714 0
    outer loop
      vertex -2.06404 -12.2776 2.3
      vertex -2.05493 -12.2247 2.7
      vertex -2.05493 -12.2247 2.3
    endloop
  endfacet
  facet normal -0.985493 0.169714 0
    outer loop
      vertex -2.05493 -12.2247 2.7
      vertex -2.06404 -12.2776 2.3
      vertex -2.06404 -12.2776 2.7
    endloop
  endfacet
  facet normal -0.995091 0.0989653 0
    outer loop
      vertex -2.05493 -12.2247 2.3
      vertex -2.04947 -12.1698 2.7
      vertex -2.04947 -12.1698 2.3
    endloop
  endfacet
  facet normal -0.995091 0.0989653 0
    outer loop
      vertex -2.04947 -12.1698 2.7
      vertex -2.05493 -12.2247 2.3
      vertex -2.05493 -12.2247 2.7
    endloop
  endfacet
  facet normal -0.999483 0.0321451 0
    outer loop
      vertex -2.04947 -12.1698 2.3
      vertex -2.04764 -12.1129 2.7
      vertex -2.04764 -12.1129 2.3
    endloop
  endfacet
  facet normal -0.999483 0.0321451 0
    outer loop
      vertex -2.04764 -12.1129 2.7
      vertex -2.04947 -12.1698 2.3
      vertex -2.04947 -12.1698 2.7
    endloop
  endfacet
  facet normal -0.999188 -0.0402959 0
    outer loop
      vertex -2.04764 -12.1129 2.3
      vertex -2.05083 -12.0338 2.7
      vertex -2.05083 -12.0338 2.3
    endloop
  endfacet
  facet normal -0.999188 -0.0402959 0
    outer loop
      vertex -2.05083 -12.0338 2.7
      vertex -2.04764 -12.1129 2.3
      vertex -2.04764 -12.1129 2.7
    endloop
  endfacet
  facet normal -0.991983 -0.126372 0
    outer loop
      vertex -2.05083 -12.0338 2.3
      vertex -2.06041 -11.9586 2.7
      vertex -2.06041 -11.9586 2.3
    endloop
  endfacet
  facet normal -0.991983 -0.126372 0
    outer loop
      vertex -2.06041 -11.9586 2.7
      vertex -2.05083 -12.0338 2.3
      vertex -2.05083 -12.0338 2.7
    endloop
  endfacet
  facet normal -0.976039 -0.217595 0
    outer loop
      vertex -2.06041 -11.9586 2.3
      vertex -2.07635 -11.8871 2.7
      vertex -2.07635 -11.8871 2.3
    endloop
  endfacet
  facet normal -0.976039 -0.217595 0
    outer loop
      vertex -2.07635 -11.8871 2.7
      vertex -2.06041 -11.9586 2.3
      vertex -2.06041 -11.9586 2.7
    endloop
  endfacet
  facet normal -0.949675 -0.313238 0
    outer loop
      vertex -2.07635 -11.8871 2.3
      vertex -2.09868 -11.8194 2.7
      vertex -2.09868 -11.8194 2.3
    endloop
  endfacet
  facet normal -0.949675 -0.313238 0
    outer loop
      vertex -2.09868 -11.8194 2.7
      vertex -2.07635 -11.8871 2.3
      vertex -2.07635 -11.8871 2.7
    endloop
  endfacet
  facet normal -0.912348 -0.409416 0
    outer loop
      vertex -2.09868 -11.8194 2.3
      vertex -2.1274 -11.7554 2.7
      vertex -2.1274 -11.7554 2.3
    endloop
  endfacet
  facet normal -0.912348 -0.409416 0
    outer loop
      vertex -2.1274 -11.7554 2.7
      vertex -2.09868 -11.8194 2.3
      vertex -2.09868 -11.8194 2.7
    endloop
  endfacet
  facet normal -0.863945 -0.503585 0
    outer loop
      vertex -2.1274 -11.7554 2.3
      vertex -2.16249 -11.6952 2.7
      vertex -2.16249 -11.6952 2.3
    endloop
  endfacet
  facet normal -0.863945 -0.503585 0
    outer loop
      vertex -2.16249 -11.6952 2.7
      vertex -2.1274 -11.7554 2.3
      vertex -2.1274 -11.7554 2.7
    endloop
  endfacet
  facet normal -0.805723 -0.592292 0
    outer loop
      vertex -2.16249 -11.6952 2.3
      vertex -2.20395 -11.6388 2.7
      vertex -2.20395 -11.6388 2.3
    endloop
  endfacet
  facet normal -0.805723 -0.592292 0
    outer loop
      vertex -2.20395 -11.6388 2.7
      vertex -2.16249 -11.6952 2.3
      vertex -2.16249 -11.6952 2.7
    endloop
  endfacet
  facet normal -0.740353 -0.672218 0
    outer loop
      vertex -2.20395 -11.6388 2.3
      vertex -2.2518 -11.5861 2.7
      vertex -2.2518 -11.5861 2.3
    endloop
  endfacet
  facet normal -0.740353 -0.672218 0
    outer loop
      vertex -2.2518 -11.5861 2.7
      vertex -2.20395 -11.6388 2.3
      vertex -2.20395 -11.6388 2.7
    endloop
  endfacet
  facet normal -0.669668 -0.742661 0
    outer loop
      vertex -2.30603 -11.5372 2.3
      vertex -2.2518 -11.5861 2.7
      vertex -2.30603 -11.5372 2.7
    endloop
  endfacet
  facet normal -0.669668 -0.742661 -0
    outer loop
      vertex -2.2518 -11.5861 2.7
      vertex -2.30603 -11.5372 2.3
      vertex -2.2518 -11.5861 2.3
    endloop
  endfacet
  facet normal -0.595933 -0.803034 0
    outer loop
      vertex -2.36586 -11.4928 2.3
      vertex -2.30603 -11.5372 2.7
      vertex -2.36586 -11.4928 2.7
    endloop
  endfacet
  facet normal -0.595933 -0.803034 -0
    outer loop
      vertex -2.30603 -11.5372 2.7
      vertex -2.36586 -11.4928 2.3
      vertex -2.30603 -11.5372 2.3
    endloop
  endfacet
  facet normal -0.518478 -0.855091 0
    outer loop
      vertex -2.43051 -11.4536 2.3
      vertex -2.36586 -11.4928 2.7
      vertex -2.43051 -11.4536 2.7
    endloop
  endfacet
  facet normal -0.518478 -0.855091 -0
    outer loop
      vertex -2.36586 -11.4928 2.7
      vertex -2.43051 -11.4536 2.3
      vertex -2.36586 -11.4928 2.3
    endloop
  endfacet
  facet normal -0.438602 -0.898681 0
    outer loop
      vertex -2.49997 -11.4197 2.3
      vertex -2.43051 -11.4536 2.7
      vertex -2.49997 -11.4197 2.7
    endloop
  endfacet
  facet normal -0.438602 -0.898681 -0
    outer loop
      vertex -2.43051 -11.4536 2.7
      vertex -2.49997 -11.4197 2.3
      vertex -2.43051 -11.4536 2.3
    endloop
  endfacet
  facet normal -0.361459 -0.932388 0
    outer loop
      vertex -2.57426 -11.3909 2.3
      vertex -2.49997 -11.4197 2.7
      vertex -2.57426 -11.3909 2.7
    endloop
  endfacet
  facet normal -0.361459 -0.932388 -0
    outer loop
      vertex -2.49997 -11.4197 2.7
      vertex -2.57426 -11.3909 2.3
      vertex -2.49997 -11.4197 2.3
    endloop
  endfacet
  facet normal -0.284724 -0.95861 0
    outer loop
      vertex -2.65338 -11.3674 2.3
      vertex -2.57426 -11.3909 2.7
      vertex -2.65338 -11.3674 2.7
    endloop
  endfacet
  facet normal -0.284724 -0.95861 -0
    outer loop
      vertex -2.57426 -11.3909 2.7
      vertex -2.65338 -11.3674 2.3
      vertex -2.57426 -11.3909 2.3
    endloop
  endfacet
  facet normal -0.211898 -0.977292 0
    outer loop
      vertex -2.73732 -11.3492 2.3
      vertex -2.65338 -11.3674 2.7
      vertex -2.73732 -11.3492 2.7
    endloop
  endfacet
  facet normal -0.211898 -0.977292 -0
    outer loop
      vertex -2.65338 -11.3674 2.7
      vertex -2.73732 -11.3492 2.3
      vertex -2.65338 -11.3674 2.3
    endloop
  endfacet
  facet normal -0.146023 -0.989281 0
    outer loop
      vertex -2.82607 -11.3361 2.3
      vertex -2.73732 -11.3492 2.7
      vertex -2.82607 -11.3361 2.7
    endloop
  endfacet
  facet normal -0.146023 -0.989281 -0
    outer loop
      vertex -2.73732 -11.3492 2.7
      vertex -2.82607 -11.3361 2.3
      vertex -2.73732 -11.3492 2.3
    endloop
  endfacet
  facet normal -0.0841205 -0.996456 0
    outer loop
      vertex -2.91965 -11.3282 2.3
      vertex -2.82607 -11.3361 2.7
      vertex -2.91965 -11.3282 2.7
    endloop
  endfacet
  facet normal -0.0841205 -0.996456 -0
    outer loop
      vertex -2.82607 -11.3361 2.7
      vertex -2.91965 -11.3282 2.3
      vertex -2.82607 -11.3361 2.3
    endloop
  endfacet
  facet normal -0.0264135 -0.999651 0
    outer loop
      vertex -3.01805 -11.3256 2.3
      vertex -2.91965 -11.3282 2.7
      vertex -3.01805 -11.3256 2.7
    endloop
  endfacet
  facet normal -0.0264135 -0.999651 -0
    outer loop
      vertex -2.91965 -11.3282 2.7
      vertex -3.01805 -11.3256 2.3
      vertex -2.91965 -11.3282 2.3
    endloop
  endfacet
  facet normal 0.026524 -0.999648 0
    outer loop
      vertex -3.11604 -11.3282 2.3
      vertex -3.01805 -11.3256 2.7
      vertex -3.11604 -11.3282 2.7
    endloop
  endfacet
  facet normal 0.026524 -0.999648 0
    outer loop
      vertex -3.01805 -11.3256 2.7
      vertex -3.11604 -11.3282 2.3
      vertex -3.01805 -11.3256 2.3
    endloop
  endfacet
  facet normal 0.0844161 -0.996431 0
    outer loop
      vertex -3.20929 -11.3361 2.3
      vertex -3.11604 -11.3282 2.7
      vertex -3.20929 -11.3361 2.7
    endloop
  endfacet
  facet normal 0.0844161 -0.996431 0
    outer loop
      vertex -3.11604 -11.3282 2.7
      vertex -3.20929 -11.3361 2.3
      vertex -3.11604 -11.3282 2.3
    endloop
  endfacet
  facet normal 0.146427 -0.989221 0
    outer loop
      vertex -3.29779 -11.3492 2.3
      vertex -3.20929 -11.3361 2.7
      vertex -3.29779 -11.3492 2.7
    endloop
  endfacet
  facet normal 0.146427 -0.989221 0
    outer loop
      vertex -3.20929 -11.3361 2.7
      vertex -3.29779 -11.3492 2.3
      vertex -3.20929 -11.3361 2.3
    endloop
  endfacet
  facet normal 0.212333 -0.977197 0
    outer loop
      vertex -3.38155 -11.3674 2.3
      vertex -3.29779 -11.3492 2.7
      vertex -3.38155 -11.3674 2.7
    endloop
  endfacet
  facet normal 0.212333 -0.977197 0
    outer loop
      vertex -3.29779 -11.3492 2.7
      vertex -3.38155 -11.3674 2.3
      vertex -3.29779 -11.3492 2.3
    endloop
  endfacet
  facet normal 0.285154 -0.958482 0
    outer loop
      vertex -3.46054 -11.3909 2.3
      vertex -3.38155 -11.3674 2.7
      vertex -3.46054 -11.3909 2.7
    endloop
  endfacet
  facet normal 0.285154 -0.958482 0
    outer loop
      vertex -3.38155 -11.3674 2.7
      vertex -3.46054 -11.3909 2.3
      vertex -3.38155 -11.3674 2.3
    endloop
  endfacet
  facet normal 0.361543 -0.932355 0
    outer loop
      vertex -3.53481 -11.4197 2.3
      vertex -3.46054 -11.3909 2.7
      vertex -3.53481 -11.4197 2.7
    endloop
  endfacet
  facet normal 0.361543 -0.932355 0
    outer loop
      vertex -3.46054 -11.3909 2.7
      vertex -3.53481 -11.4197 2.3
      vertex -3.46054 -11.3909 2.3
    endloop
  endfacet
  facet normal 0.438398 -0.898781 0
    outer loop
      vertex -3.60431 -11.4536 2.3
      vertex -3.53481 -11.4197 2.7
      vertex -3.60431 -11.4536 2.7
    endloop
  endfacet
  facet normal 0.438398 -0.898781 0
    outer loop
      vertex -3.53481 -11.4197 2.7
      vertex -3.60431 -11.4536 2.3
      vertex -3.53481 -11.4197 2.3
    endloop
  endfacet
  facet normal 0.517833 -0.855482 0
    outer loop
      vertex -3.66907 -11.4928 2.3
      vertex -3.60431 -11.4536 2.7
      vertex -3.66907 -11.4928 2.7
    endloop
  endfacet
  facet normal 0.517833 -0.855482 0
    outer loop
      vertex -3.60431 -11.4536 2.7
      vertex -3.66907 -11.4928 2.3
      vertex -3.60431 -11.4536 2.3
    endloop
  endfacet
  facet normal 0.594779 -0.803889 0
    outer loop
      vertex -3.72908 -11.5372 2.3
      vertex -3.66907 -11.4928 2.7
      vertex -3.72908 -11.5372 2.7
    endloop
  endfacet
  facet normal 0.594779 -0.803889 0
    outer loop
      vertex -3.66907 -11.4928 2.7
      vertex -3.72908 -11.5372 2.3
      vertex -3.66907 -11.4928 2.3
    endloop
  endfacet
  facet normal 0.66824 -0.743946 0
    outer loop
      vertex -3.78352 -11.5861 2.3
      vertex -3.72908 -11.5372 2.7
      vertex -3.78352 -11.5861 2.7
    endloop
  endfacet
  facet normal 0.66824 -0.743946 0
    outer loop
      vertex -3.72908 -11.5372 2.7
      vertex -3.78352 -11.5861 2.3
      vertex -3.72908 -11.5372 2.3
    endloop
  endfacet
  facet normal 0.739026 -0.673677 0
    outer loop
      vertex -3.83156 -11.6388 2.7
      vertex -3.78352 -11.5861 2.3
      vertex -3.78352 -11.5861 2.7
    endloop
  endfacet
  facet normal 0.739026 -0.673677 0
    outer loop
      vertex -3.78352 -11.5861 2.3
      vertex -3.83156 -11.6388 2.7
      vertex -3.83156 -11.6388 2.3
    endloop
  endfacet
  facet normal 0.804633 -0.593773 0
    outer loop
      vertex -3.87318 -11.6952 2.7
      vertex -3.83156 -11.6388 2.3
      vertex -3.83156 -11.6388 2.7
    endloop
  endfacet
  facet normal 0.804633 -0.593773 0
    outer loop
      vertex -3.83156 -11.6388 2.3
      vertex -3.87318 -11.6952 2.7
      vertex -3.87318 -11.6952 2.3
    endloop
  endfacet
  facet normal 0.863133 -0.504976 0
    outer loop
      vertex -3.9084 -11.7554 2.7
      vertex -3.87318 -11.6952 2.3
      vertex -3.87318 -11.6952 2.7
    endloop
  endfacet
  facet normal 0.863133 -0.504976 0
    outer loop
      vertex -3.87318 -11.6952 2.3
      vertex -3.9084 -11.7554 2.7
      vertex -3.9084 -11.7554 2.3
    endloop
  endfacet
  facet normal 0.911761 -0.41072 0
    outer loop
      vertex -3.93723 -11.8194 2.7
      vertex -3.9084 -11.7554 2.3
      vertex -3.9084 -11.7554 2.7
    endloop
  endfacet
  facet normal 0.911761 -0.41072 0
    outer loop
      vertex -3.9084 -11.7554 2.3
      vertex -3.93723 -11.8194 2.7
      vertex -3.93723 -11.8194 2.3
    endloop
  endfacet
  facet normal 0.94934 -0.31425 0
    outer loop
      vertex -3.95964 -11.8871 2.7
      vertex -3.93723 -11.8194 2.3
      vertex -3.93723 -11.8194 2.7
    endloop
  endfacet
  facet normal 0.94934 -0.31425 0
    outer loop
      vertex -3.93723 -11.8194 2.3
      vertex -3.95964 -11.8871 2.7
      vertex -3.95964 -11.8871 2.3
    endloop
  endfacet
  facet normal 0.975807 -0.218635 0
    outer loop
      vertex -3.97566 -11.9586 2.7
      vertex -3.95964 -11.8871 2.3
      vertex -3.95964 -11.8871 2.7
    endloop
  endfacet
  facet normal 0.975807 -0.218635 0
    outer loop
      vertex -3.95964 -11.8871 2.3
      vertex -3.97566 -11.9586 2.7
      vertex -3.97566 -11.9586 2.3
    endloop
  endfacet
  facet normal 0.99195 -0.126632 0
    outer loop
      vertex -3.98526 -12.0338 2.7
      vertex -3.97566 -11.9586 2.3
      vertex -3.97566 -11.9586 2.7
    endloop
  endfacet
  facet normal 0.99195 -0.126632 0
    outer loop
      vertex -3.97566 -11.9586 2.3
      vertex -3.98526 -12.0338 2.7
      vertex -3.98526 -12.0338 2.3
    endloop
  endfacet
  facet normal 0.999183 -0.0404221 0
    outer loop
      vertex -3.98846 -12.1129 2.7
      vertex -3.98526 -12.0338 2.3
      vertex -3.98526 -12.0338 2.7
    endloop
  endfacet
  facet normal 0.999183 -0.0404221 0
    outer loop
      vertex -3.98526 -12.0338 2.3
      vertex -3.98846 -12.1129 2.7
      vertex -3.98846 -12.1129 2.3
    endloop
  endfacet
  facet normal 0.999494 0.0317941 0
    outer loop
      vertex -3.98665 -12.1698 2.7
      vertex -3.98846 -12.1129 2.3
      vertex -3.98846 -12.1129 2.7
    endloop
  endfacet
  facet normal 0.999494 0.0317941 0
    outer loop
      vertex -3.98846 -12.1129 2.3
      vertex -3.98665 -12.1698 2.7
      vertex -3.98665 -12.1698 2.3
    endloop
  endfacet
  facet normal 0.995091 0.0989653 0
    outer loop
      vertex -3.98119 -12.2247 2.7
      vertex -3.98665 -12.1698 2.3
      vertex -3.98665 -12.1698 2.7
    endloop
  endfacet
  facet normal 0.995091 0.0989653 0
    outer loop
      vertex -3.98665 -12.1698 2.3
      vertex -3.98119 -12.2247 2.7
      vertex -3.98119 -12.2247 2.3
    endloop
  endfacet
  facet normal 0.985493 0.169714 0
    outer loop
      vertex -3.97208 -12.2776 2.7
      vertex -3.98119 -12.2247 2.3
      vertex -3.98119 -12.2247 2.7
    endloop
  endfacet
  facet normal 0.985493 0.169714 0
    outer loop
      vertex -3.98119 -12.2247 2.3
      vertex -3.97208 -12.2776 2.7
      vertex -3.97208 -12.2776 2.3
    endloop
  endfacet
  facet normal 0.970299 0.24191 0
    outer loop
      vertex -3.95934 -12.3287 2.7
      vertex -3.97208 -12.2776 2.3
      vertex -3.97208 -12.2776 2.7
    endloop
  endfacet
  facet normal 0.970299 0.24191 0
    outer loop
      vertex -3.97208 -12.2776 2.3
      vertex -3.95934 -12.3287 2.7
      vertex -3.95934 -12.3287 2.3
    endloop
  endfacet
  facet normal 0.948354 0.317215 0
    outer loop
      vertex -3.94295 -12.3777 2.7
      vertex -3.95934 -12.3287 2.3
      vertex -3.95934 -12.3287 2.7
    endloop
  endfacet
  facet normal 0.948354 0.317215 0
    outer loop
      vertex -3.95934 -12.3287 2.3
      vertex -3.94295 -12.3777 2.7
      vertex -3.94295 -12.3777 2.3
    endloop
  endfacet
  facet normal 0.920173 0.391513 0
    outer loop
      vertex -3.92291 -12.4248 2.7
      vertex -3.94295 -12.3777 2.3
      vertex -3.94295 -12.3777 2.7
    endloop
  endfacet
  facet normal 0.920173 0.391513 0
    outer loop
      vertex -3.94295 -12.3777 2.3
      vertex -3.92291 -12.4248 2.7
      vertex -3.92291 -12.4248 2.3
    endloop
  endfacet
  facet normal 0.885539 0.464565 0
    outer loop
      vertex -3.89925 -12.4699 2.7
      vertex -3.92291 -12.4248 2.3
      vertex -3.92291 -12.4248 2.7
    endloop
  endfacet
  facet normal 0.885539 0.464565 0
    outer loop
      vertex -3.92291 -12.4248 2.3
      vertex -3.89925 -12.4699 2.7
      vertex -3.89925 -12.4699 2.3
    endloop
  endfacet
  facet normal 0.845173 0.534493 0
    outer loop
      vertex -3.87193 -12.5131 2.7
      vertex -3.89925 -12.4699 2.3
      vertex -3.89925 -12.4699 2.7
    endloop
  endfacet
  facet normal 0.845173 0.534493 0
    outer loop
      vertex -3.89925 -12.4699 2.3
      vertex -3.87193 -12.5131 2.7
      vertex -3.87193 -12.5131 2.3
    endloop
  endfacet
  facet normal 0.799627 0.600497 0
    outer loop
      vertex -3.84099 -12.5543 2.7
      vertex -3.87193 -12.5131 2.3
      vertex -3.87193 -12.5131 2.7
    endloop
  endfacet
  facet normal 0.799627 0.600497 0
    outer loop
      vertex -3.87193 -12.5131 2.3
      vertex -3.84099 -12.5543 2.7
      vertex -3.84099 -12.5543 2.3
    endloop
  endfacet
  facet normal 0.749889 0.661564 0
    outer loop
      vertex -3.80676 -12.5931 2.7
      vertex -3.84099 -12.5543 2.3
      vertex -3.84099 -12.5543 2.7
    endloop
  endfacet
  facet normal 0.749889 0.661564 0
    outer loop
      vertex -3.84099 -12.5543 2.3
      vertex -3.80676 -12.5931 2.7
      vertex -3.80676 -12.5931 2.3
    endloop
  endfacet
  facet normal 0.695292 0.718727 -0
    outer loop
      vertex -3.76965 -12.629 2.3
      vertex -3.80676 -12.5931 2.7
      vertex -3.76965 -12.629 2.7
    endloop
  endfacet
  facet normal 0.695292 0.718727 0
    outer loop
      vertex -3.80676 -12.5931 2.7
      vertex -3.76965 -12.629 2.3
      vertex -3.80676 -12.5931 2.3
    endloop
  endfacet
  facet normal 0.637434 0.770505 -0
    outer loop
      vertex -3.72964 -12.6621 2.3
      vertex -3.76965 -12.629 2.7
      vertex -3.72964 -12.6621 2.7
    endloop
  endfacet
  facet normal 0.637434 0.770505 0
    outer loop
      vertex -3.76965 -12.629 2.7
      vertex -3.72964 -12.6621 2.3
      vertex -3.76965 -12.629 2.3
    endloop
  endfacet
  facet normal 0.575725 0.817644 -0
    outer loop
      vertex -3.68675 -12.6923 2.3
      vertex -3.72964 -12.6621 2.7
      vertex -3.68675 -12.6923 2.7
    endloop
  endfacet
  facet normal 0.575725 0.817644 0
    outer loop
      vertex -3.72964 -12.6621 2.7
      vertex -3.68675 -12.6923 2.3
      vertex -3.72964 -12.6621 2.3
    endloop
  endfacet
  facet normal 0.513641 0.858005 -0
    outer loop
      vertex -3.64098 -12.7197 2.3
      vertex -3.68675 -12.6923 2.7
      vertex -3.64098 -12.7197 2.7
    endloop
  endfacet
  facet normal 0.513641 0.858005 0
    outer loop
      vertex -3.68675 -12.6923 2.7
      vertex -3.64098 -12.7197 2.3
      vertex -3.68675 -12.6923 2.3
    endloop
  endfacet
  facet normal 0.449708 0.893176 -0
    outer loop
      vertex -3.59232 -12.7442 2.3
      vertex -3.64098 -12.7197 2.7
      vertex -3.59232 -12.7442 2.7
    endloop
  endfacet
  facet normal 0.449708 0.893176 0
    outer loop
      vertex -3.64098 -12.7197 2.7
      vertex -3.59232 -12.7442 2.3
      vertex -3.64098 -12.7197 2.3
    endloop
  endfacet
  facet normal 0.386457 0.922308 -0
    outer loop
      vertex -3.54077 -12.7658 2.3
      vertex -3.59232 -12.7442 2.7
      vertex -3.54077 -12.7658 2.7
    endloop
  endfacet
  facet normal 0.386457 0.922308 0
    outer loop
      vertex -3.59232 -12.7442 2.7
      vertex -3.54077 -12.7658 2.3
      vertex -3.59232 -12.7442 2.3
    endloop
  endfacet
  facet normal 0.324866 0.94576 -0
    outer loop
      vertex -3.48633 -12.7845 2.3
      vertex -3.54077 -12.7658 2.7
      vertex -3.48633 -12.7845 2.7
    endloop
  endfacet
  facet normal 0.324866 0.94576 0
    outer loop
      vertex -3.54077 -12.7658 2.7
      vertex -3.48633 -12.7845 2.3
      vertex -3.54077 -12.7658 2.3
    endloop
  endfacet
  facet normal 0.267254 0.963626 -0
    outer loop
      vertex -3.429 -12.8004 2.3
      vertex -3.48633 -12.7845 2.7
      vertex -3.429 -12.8004 2.7
    endloop
  endfacet
  facet normal 0.267254 0.963626 0
    outer loop
      vertex -3.48633 -12.7845 2.7
      vertex -3.429 -12.8004 2.3
      vertex -3.48633 -12.7845 2.3
    endloop
  endfacet
  facet normal 0.256672 -0.966499 0
    outer loop
      vertex -3.49339 -12.8175 2.3
      vertex -3.429 -12.8004 2.7
      vertex -3.49339 -12.8175 2.7
    endloop
  endfacet
  facet normal 0.256672 -0.966499 0
    outer loop
      vertex -3.429 -12.8004 2.7
      vertex -3.49339 -12.8175 2.3
      vertex -3.429 -12.8004 2.3
    endloop
  endfacet
  facet normal 0.314878 -0.949132 0
    outer loop
      vertex -3.55458 -12.8378 2.3
      vertex -3.49339 -12.8175 2.7
      vertex -3.55458 -12.8378 2.7
    endloop
  endfacet
  facet normal 0.314878 -0.949132 0
    outer loop
      vertex -3.49339 -12.8175 2.7
      vertex -3.55458 -12.8378 2.3
      vertex -3.49339 -12.8175 2.3
    endloop
  endfacet
  facet normal 0.375687 -0.926747 0
    outer loop
      vertex -3.61255 -12.8613 2.3
      vertex -3.55458 -12.8378 2.7
      vertex -3.61255 -12.8613 2.7
    endloop
  endfacet
  facet normal 0.375687 -0.926747 0
    outer loop
      vertex -3.55458 -12.8378 2.7
      vertex -3.61255 -12.8613 2.3
      vertex -3.55458 -12.8378 2.3
    endloop
  endfacet
  facet normal 0.439651 -0.898168 0
    outer loop
      vertex -3.6673 -12.8881 2.3
      vertex -3.61255 -12.8613 2.7
      vertex -3.6673 -12.8881 2.7
    endloop
  endfacet
  facet normal 0.439651 -0.898168 0
    outer loop
      vertex -3.61255 -12.8613 2.7
      vertex -3.6673 -12.8881 2.3
      vertex -3.61255 -12.8613 2.3
    endloop
  endfacet
  facet normal 0.504308 -0.863524 0
    outer loop
      vertex -3.71884 -12.9182 2.3
      vertex -3.6673 -12.8881 2.7
      vertex -3.71884 -12.9182 2.7
    endloop
  endfacet
  facet normal 0.504308 -0.863524 0
    outer loop
      vertex -3.6673 -12.8881 2.7
      vertex -3.71884 -12.9182 2.3
      vertex -3.6673 -12.8881 2.3
    endloop
  endfacet
  facet normal 0.568528 -0.822664 0
    outer loop
      vertex -3.76717 -12.9516 2.3
      vertex -3.71884 -12.9182 2.7
      vertex -3.76717 -12.9516 2.7
    endloop
  endfacet
  facet normal 0.568528 -0.822664 0
    outer loop
      vertex -3.71884 -12.9182 2.7
      vertex -3.76717 -12.9516 2.3
      vertex -3.71884 -12.9182 2.3
    endloop
  endfacet
  facet normal 0.630139 -0.776483 0
    outer loop
      vertex -3.81227 -12.9882 2.3
      vertex -3.76717 -12.9516 2.7
      vertex -3.81227 -12.9882 2.7
    endloop
  endfacet
  facet normal 0.630139 -0.776483 0
    outer loop
      vertex -3.76717 -12.9516 2.7
      vertex -3.81227 -12.9882 2.3
      vertex -3.76717 -12.9516 2.3
    endloop
  endfacet
  facet normal 0.689612 -0.724179 0
    outer loop
      vertex -3.85417 -13.0281 2.3
      vertex -3.81227 -12.9882 2.7
      vertex -3.85417 -13.0281 2.7
    endloop
  endfacet
  facet normal 0.689612 -0.724179 0
    outer loop
      vertex -3.81227 -12.9882 2.7
      vertex -3.85417 -13.0281 2.3
      vertex -3.81227 -12.9882 2.3
    endloop
  endfacet
  facet normal 0.745007 -0.667057 0
    outer loop
      vertex -3.89285 -13.0713 2.7
      vertex -3.85417 -13.0281 2.3
      vertex -3.85417 -13.0281 2.7
    endloop
  endfacet
  facet normal 0.745007 -0.667057 0
    outer loop
      vertex -3.85417 -13.0281 2.3
      vertex -3.89285 -13.0713 2.7
      vertex -3.89285 -13.0713 2.3
    endloop
  endfacet
  facet normal 0.79511 -0.606466 0
    outer loop
      vertex -3.92786 -13.1172 2.7
      vertex -3.89285 -13.0713 2.3
      vertex -3.89285 -13.0713 2.7
    endloop
  endfacet
  facet normal 0.79511 -0.606466 0
    outer loop
      vertex -3.89285 -13.0713 2.3
      vertex -3.92786 -13.1172 2.7
      vertex -3.92786 -13.1172 2.3
    endloop
  endfacet
  facet normal 0.841349 -0.540492 0
    outer loop
      vertex -3.95876 -13.1653 2.7
      vertex -3.92786 -13.1172 2.3
      vertex -3.92786 -13.1172 2.7
    endloop
  endfacet
  facet normal 0.841349 -0.540492 0
    outer loop
      vertex -3.92786 -13.1172 2.3
      vertex -3.95876 -13.1653 2.7
      vertex -3.95876 -13.1653 2.3
    endloop
  endfacet
  facet normal 0.882838 -0.469677 0
    outer loop
      vertex -3.98552 -13.2156 2.7
      vertex -3.95876 -13.1653 2.3
      vertex -3.95876 -13.1653 2.7
    endloop
  endfacet
  facet normal 0.882838 -0.469677 0
    outer loop
      vertex -3.95876 -13.1653 2.3
      vertex -3.98552 -13.2156 2.7
      vertex -3.98552 -13.2156 2.3
    endloop
  endfacet
  facet normal 0.918129 -0.396282 0
    outer loop
      vertex -4.00818 -13.2681 2.7
      vertex -3.98552 -13.2156 2.3
      vertex -3.98552 -13.2156 2.7
    endloop
  endfacet
  facet normal 0.918129 -0.396282 0
    outer loop
      vertex -3.98552 -13.2156 2.3
      vertex -4.00818 -13.2681 2.7
      vertex -4.00818 -13.2681 2.3
    endloop
  endfacet
  facet normal 0.947361 -0.320167 0
    outer loop
      vertex -4.0267 -13.3229 2.7
      vertex -4.00818 -13.2681 2.3
      vertex -4.00818 -13.2681 2.7
    endloop
  endfacet
  facet normal 0.947361 -0.320167 0
    outer loop
      vertex -4.00818 -13.2681 2.3
      vertex -4.0267 -13.3229 2.7
      vertex -4.0267 -13.3229 2.3
    endloop
  endfacet
  facet normal 0.969458 -0.245256 0
    outer loop
      vertex -4.04112 -13.3799 2.7
      vertex -4.0267 -13.3229 2.3
      vertex -4.0267 -13.3229 2.7
    endloop
  endfacet
  facet normal 0.969458 -0.245256 0
    outer loop
      vertex -4.0267 -13.3229 2.3
      vertex -4.04112 -13.3799 2.7
      vertex -4.04112 -13.3799 2.3
    endloop
  endfacet
  facet normal 0.985151 -0.171693 0
    outer loop
      vertex -4.05142 -13.439 2.7
      vertex -4.04112 -13.3799 2.3
      vertex -4.04112 -13.3799 2.7
    endloop
  endfacet
  facet normal 0.985151 -0.171693 0
    outer loop
      vertex -4.04112 -13.3799 2.3
      vertex -4.05142 -13.439 2.7
      vertex -4.05142 -13.439 2.3
    endloop
  endfacet
  facet normal 0.994973 -0.100145 0
    outer loop
      vertex -4.0576 -13.5004 2.7
      vertex -4.05142 -13.439 2.3
      vertex -4.05142 -13.439 2.7
    endloop
  endfacet
  facet normal 0.994973 -0.100145 0
    outer loop
      vertex -4.05142 -13.439 2.3
      vertex -4.0576 -13.5004 2.7
      vertex -4.0576 -13.5004 2.3
    endloop
  endfacet
  facet normal 0.999481 -0.032216 0
    outer loop
      vertex -4.05965 -13.564 2.7
      vertex -4.0576 -13.5004 2.3
      vertex -4.0576 -13.5004 2.7
    endloop
  endfacet
  facet normal 0.999481 -0.032216 0
    outer loop
      vertex -4.0576 -13.5004 2.3
      vertex -4.05965 -13.564 2.7
      vertex -4.05965 -13.564 2.3
    endloop
  endfacet
  facet normal 0.999395 0.0347752 0
    outer loop
      vertex -4.05632 -13.6597 2.7
      vertex -4.05965 -13.564 2.3
      vertex -4.05965 -13.564 2.7
    endloop
  endfacet
  facet normal 0.999395 0.0347752 0
    outer loop
      vertex -4.05965 -13.564 2.3
      vertex -4.05632 -13.6597 2.7
      vertex -4.05632 -13.6597 2.3
    endloop
  endfacet
  facet normal 0.993974 0.109612 0
    outer loop
      vertex -4.04634 -13.7502 2.7
      vertex -4.05632 -13.6597 2.3
      vertex -4.05632 -13.6597 2.7
    endloop
  endfacet
  facet normal 0.993974 0.109612 0
    outer loop
      vertex -4.05632 -13.6597 2.3
      vertex -4.04634 -13.7502 2.7
      vertex -4.04634 -13.7502 2.3
    endloop
  endfacet
  facet normal 0.981605 0.190925 0
    outer loop
      vertex -4.02971 -13.8357 2.7
      vertex -4.04634 -13.7502 2.3
      vertex -4.04634 -13.7502 2.7
    endloop
  endfacet
  facet normal 0.981605 0.190925 0
    outer loop
      vertex -4.04634 -13.7502 2.3
      vertex -4.02971 -13.8357 2.7
      vertex -4.02971 -13.8357 2.3
    endloop
  endfacet
  facet normal 0.96048 0.278348 0
    outer loop
      vertex -4.00641 -13.9161 2.7
      vertex -4.02971 -13.8357 2.3
      vertex -4.02971 -13.8357 2.7
    endloop
  endfacet
  facet normal 0.96048 0.278348 0
    outer loop
      vertex -4.02971 -13.8357 2.3
      vertex -4.00641 -13.9161 2.7
      vertex -4.00641 -13.9161 2.3
    endloop
  endfacet
  facet normal 0.929367 0.369158 0
    outer loop
      vertex -3.97646 -13.9915 2.7
      vertex -4.00641 -13.9161 2.3
      vertex -4.00641 -13.9161 2.7
    endloop
  endfacet
  facet normal 0.929367 0.369158 0
    outer loop
      vertex -4.00641 -13.9161 2.3
      vertex -3.97646 -13.9915 2.7
      vertex -3.97646 -13.9915 2.3
    endloop
  endfacet
  facet normal 0.886938 0.461889 0
    outer loop
      vertex -3.93985 -14.0618 2.7
      vertex -3.97646 -13.9915 2.3
      vertex -3.97646 -13.9915 2.7
    endloop
  endfacet
  facet normal 0.886938 0.461889 0
    outer loop
      vertex -3.97646 -13.9915 2.3
      vertex -3.93985 -14.0618 2.7
      vertex -3.93985 -14.0618 2.3
    endloop
  endfacet
  facet normal 0.832876 0.55346 0
    outer loop
      vertex -3.89659 -14.1269 2.7
      vertex -3.93985 -14.0618 2.3
      vertex -3.93985 -14.0618 2.7
    endloop
  endfacet
  facet normal 0.832876 0.55346 0
    outer loop
      vertex -3.93985 -14.0618 2.3
      vertex -3.89659 -14.1269 2.7
      vertex -3.89659 -14.1269 2.3
    endloop
  endfacet
  facet normal 0.769311 0.638874 0
    outer loop
      vertex -3.84668 -14.187 2.7
      vertex -3.89659 -14.1269 2.3
      vertex -3.89659 -14.1269 2.7
    endloop
  endfacet
  facet normal 0.769311 0.638874 0
    outer loop
      vertex -3.89659 -14.1269 2.3
      vertex -3.84668 -14.187 2.7
      vertex -3.84668 -14.187 2.3
    endloop
  endfacet
  facet normal 0.697675 0.716415 -0
    outer loop
      vertex -3.7901 -14.2421 2.3
      vertex -3.84668 -14.187 2.7
      vertex -3.7901 -14.2421 2.7
    endloop
  endfacet
  facet normal 0.697675 0.716415 0
    outer loop
      vertex -3.84668 -14.187 2.7
      vertex -3.7901 -14.2421 2.3
      vertex -3.84668 -14.187 2.3
    endloop
  endfacet
  facet normal 0.619218 0.785219 -0
    outer loop
      vertex -3.72733 -14.2916 2.3
      vertex -3.7901 -14.2421 2.7
      vertex -3.72733 -14.2916 2.7
    endloop
  endfacet
  facet normal 0.619218 0.785219 0
    outer loop
      vertex -3.7901 -14.2421 2.7
      vertex -3.72733 -14.2916 2.3
      vertex -3.7901 -14.2421 2.3
    endloop
  endfacet
  facet normal 0.538537 0.842602 -0
    outer loop
      vertex -3.6588 -14.3354 2.3
      vertex -3.72733 -14.2916 2.7
      vertex -3.6588 -14.3354 2.7
    endloop
  endfacet
  facet normal 0.538537 0.842602 0
    outer loop
      vertex -3.72733 -14.2916 2.7
      vertex -3.6588 -14.3354 2.3
      vertex -3.72733 -14.2916 2.3
    endloop
  endfacet
  facet normal 0.45449 0.890752 -0
    outer loop
      vertex -3.58452 -14.3733 2.3
      vertex -3.6588 -14.3354 2.7
      vertex -3.58452 -14.3733 2.7
    endloop
  endfacet
  facet normal 0.45449 0.890752 0
    outer loop
      vertex -3.6588 -14.3354 2.7
      vertex -3.58452 -14.3733 2.3
      vertex -3.6588 -14.3354 2.3
    endloop
  endfacet
  facet normal 0.37227 0.928124 -0
    outer loop
      vertex -3.50449 -14.4054 2.3
      vertex -3.58452 -14.3733 2.7
      vertex -3.50449 -14.4054 2.7
    endloop
  endfacet
  facet normal 0.37227 0.928124 0
    outer loop
      vertex -3.58452 -14.3733 2.7
      vertex -3.50449 -14.4054 2.3
      vertex -3.58452 -14.3733 2.3
    endloop
  endfacet
  facet normal 0.29208 0.956394 -0
    outer loop
      vertex -3.4187 -14.4316 2.3
      vertex -3.50449 -14.4054 2.7
      vertex -3.4187 -14.4316 2.7
    endloop
  endfacet
  facet normal 0.29208 0.956394 0
    outer loop
      vertex -3.50449 -14.4054 2.7
      vertex -3.4187 -14.4316 2.3
      vertex -3.50449 -14.4054 2.3
    endloop
  endfacet
  facet normal 0.217517 0.976056 -0
    outer loop
      vertex -3.32716 -14.452 2.3
      vertex -3.4187 -14.4316 2.7
      vertex -3.32716 -14.452 2.7
    endloop
  endfacet
  facet normal 0.217517 0.976056 0
    outer loop
      vertex -3.4187 -14.4316 2.7
      vertex -3.32716 -14.452 2.3
      vertex -3.4187 -14.4316 2.3
    endloop
  endfacet
  facet normal 0.148435 0.988922 -0
    outer loop
      vertex -3.22989 -14.4666 2.3
      vertex -3.32716 -14.452 2.7
      vertex -3.22989 -14.4666 2.7
    endloop
  endfacet
  facet normal 0.148435 0.988922 0
    outer loop
      vertex -3.32716 -14.452 2.7
      vertex -3.22989 -14.4666 2.3
      vertex -3.32716 -14.452 2.3
    endloop
  endfacet
  facet normal 0.0841339 0.996454 -0
    outer loop
      vertex -3.12685 -14.4753 2.3
      vertex -3.22989 -14.4666 2.7
      vertex -3.12685 -14.4753 2.7
    endloop
  endfacet
  facet normal 0.0841339 0.996454 0
    outer loop
      vertex -3.22989 -14.4666 2.7
      vertex -3.12685 -14.4753 2.3
      vertex -3.22989 -14.4666 2.3
    endloop
  endfacet
  facet normal 0.0275631 0.99962 -0
    outer loop
      vertex -3.01805 -14.4783 2.3
      vertex -3.12685 -14.4753 2.7
      vertex -3.01805 -14.4783 2.7
    endloop
  endfacet
  facet normal 0.0275631 0.99962 0
    outer loop
      vertex -3.12685 -14.4753 2.7
      vertex -3.01805 -14.4783 2.3
      vertex -3.12685 -14.4753 2.3
    endloop
  endfacet
  facet normal -0.0275656 0.99962 0
    outer loop
      vertex -2.90926 -14.4753 2.3
      vertex -3.01805 -14.4783 2.7
      vertex -2.90926 -14.4753 2.7
    endloop
  endfacet
  facet normal -0.0275656 0.99962 0
    outer loop
      vertex -3.01805 -14.4783 2.7
      vertex -2.90926 -14.4753 2.3
      vertex -3.01805 -14.4783 2.3
    endloop
  endfacet
  facet normal -0.0890446 -0.996028 0
    outer loop
      vertex -3.13062 -12.6458 2.3
      vertex -3.07581 -12.6507 2.7
      vertex -3.13062 -12.6458 2.7
    endloop
  endfacet
  facet normal -0.0890446 -0.996028 -0
    outer loop
      vertex -3.07581 -12.6507 2.7
      vertex -3.13062 -12.6458 2.3
      vertex -3.07581 -12.6507 2.3
    endloop
  endfacet
  facet normal -0.154261 -0.98803 0
    outer loop
      vertex -3.1825 -12.6377 2.3
      vertex -3.13062 -12.6458 2.7
      vertex -3.1825 -12.6377 2.7
    endloop
  endfacet
  facet normal -0.154261 -0.98803 -0
    outer loop
      vertex -3.13062 -12.6458 2.7
      vertex -3.1825 -12.6377 2.3
      vertex -3.13062 -12.6458 2.3
    endloop
  endfacet
  facet normal -0.226909 -0.973916 0
    outer loop
      vertex -3.23143 -12.6263 2.3
      vertex -3.1825 -12.6377 2.7
      vertex -3.23143 -12.6263 2.7
    endloop
  endfacet
  facet normal -0.226909 -0.973916 -0
    outer loop
      vertex -3.1825 -12.6377 2.7
      vertex -3.23143 -12.6263 2.3
      vertex -3.1825 -12.6377 2.3
    endloop
  endfacet
  facet normal -0.30434 -0.952563 0
    outer loop
      vertex -3.27744 -12.6116 2.3
      vertex -3.23143 -12.6263 2.7
      vertex -3.27744 -12.6116 2.7
    endloop
  endfacet
  facet normal -0.30434 -0.952563 -0
    outer loop
      vertex -3.23143 -12.6263 2.7
      vertex -3.27744 -12.6116 2.3
      vertex -3.23143 -12.6263 2.3
    endloop
  endfacet
  facet normal -0.38568 -0.922633 0
    outer loop
      vertex -3.3205 -12.5936 2.3
      vertex -3.27744 -12.6116 2.7
      vertex -3.3205 -12.5936 2.7
    endloop
  endfacet
  facet normal -0.38568 -0.922633 -0
    outer loop
      vertex -3.27744 -12.6116 2.7
      vertex -3.3205 -12.5936 2.3
      vertex -3.27744 -12.6116 2.3
    endloop
  endfacet
  facet normal -0.46729 -0.884104 0
    outer loop
      vertex -3.36061 -12.5724 2.3
      vertex -3.3205 -12.5936 2.7
      vertex -3.36061 -12.5724 2.7
    endloop
  endfacet
  facet normal -0.46729 -0.884104 -0
    outer loop
      vertex -3.3205 -12.5936 2.7
      vertex -3.36061 -12.5724 2.3
      vertex -3.3205 -12.5936 2.3
    endloop
  endfacet
  facet normal -0.550029 -0.835146 0
    outer loop
      vertex -3.39781 -12.5479 2.3
      vertex -3.36061 -12.5724 2.7
      vertex -3.39781 -12.5479 2.7
    endloop
  endfacet
  facet normal -0.550029 -0.835146 -0
    outer loop
      vertex -3.36061 -12.5724 2.7
      vertex -3.39781 -12.5479 2.3
      vertex -3.36061 -12.5724 2.3
    endloop
  endfacet
  facet normal -0.62895 -0.777446 0
    outer loop
      vertex -3.43205 -12.5202 2.3
      vertex -3.39781 -12.5479 2.7
      vertex -3.43205 -12.5202 2.7
    endloop
  endfacet
  facet normal -0.62895 -0.777446 -0
    outer loop
      vertex -3.39781 -12.5479 2.7
      vertex -3.43205 -12.5202 2.3
      vertex -3.39781 -12.5479 2.3
    endloop
  endfacet
  facet normal -0.70296 -0.71123 0
    outer loop
      vertex -3.46301 -12.4896 2.3
      vertex -3.43205 -12.5202 2.7
      vertex -3.46301 -12.4896 2.7
    endloop
  endfacet
  facet normal -0.70296 -0.71123 -0
    outer loop
      vertex -3.43205 -12.5202 2.7
      vertex -3.46301 -12.4896 2.3
      vertex -3.43205 -12.5202 2.3
    endloop
  endfacet
  facet normal -0.7724 -0.635136 0
    outer loop
      vertex -3.46301 -12.4896 2.3
      vertex -3.49031 -12.4564 2.7
      vertex -3.49031 -12.4564 2.3
    endloop
  endfacet
  facet normal -0.7724 -0.635136 0
    outer loop
      vertex -3.49031 -12.4564 2.7
      vertex -3.46301 -12.4896 2.3
      vertex -3.46301 -12.4896 2.7
    endloop
  endfacet
  facet normal -0.834052 -0.551686 0
    outer loop
      vertex -3.49031 -12.4564 2.3
      vertex -3.51399 -12.4206 2.7
      vertex -3.51399 -12.4206 2.3
    endloop
  endfacet
  facet normal -0.834052 -0.551686 0
    outer loop
      vertex -3.51399 -12.4206 2.7
      vertex -3.49031 -12.4564 2.3
      vertex -3.49031 -12.4564 2.7
    endloop
  endfacet
  facet normal -0.886725 -0.462298 0
    outer loop
      vertex -3.51399 -12.4206 2.3
      vertex -3.53401 -12.3822 2.7
      vertex -3.53401 -12.3822 2.3
    endloop
  endfacet
  facet normal -0.886725 -0.462298 0
    outer loop
      vertex -3.53401 -12.3822 2.7
      vertex -3.51399 -12.4206 2.3
      vertex -3.51399 -12.4206 2.7
    endloop
  endfacet
  facet normal -0.927927 -0.372763 0
    outer loop
      vertex -3.53401 -12.3822 2.3
      vertex -3.5504 -12.3414 2.7
      vertex -3.5504 -12.3414 2.3
    endloop
  endfacet
  facet normal -0.927927 -0.372763 0
    outer loop
      vertex -3.5504 -12.3414 2.7
      vertex -3.53401 -12.3822 2.3
      vertex -3.53401 -12.3822 2.7
    endloop
  endfacet
  facet normal -0.959688 -0.281067 0
    outer loop
      vertex -3.5504 -12.3414 2.3
      vertex -3.56314 -12.2979 2.7
      vertex -3.56314 -12.2979 2.3
    endloop
  endfacet
  facet normal -0.959688 -0.281067 0
    outer loop
      vertex -3.56314 -12.2979 2.7
      vertex -3.5504 -12.3414 2.3
      vertex -3.5504 -12.3414 2.7
    endloop
  endfacet
  facet normal -0.980948 -0.19427 0
    outer loop
      vertex -3.56314 -12.2979 2.3
      vertex -3.57225 -12.2519 2.7
      vertex -3.57225 -12.2519 2.3
    endloop
  endfacet
  facet normal -0.980948 -0.19427 0
    outer loop
      vertex -3.57225 -12.2519 2.7
      vertex -3.56314 -12.2979 2.3
      vertex -3.56314 -12.2979 2.7
    endloop
  endfacet
  facet normal -0.993748 -0.111643 0
    outer loop
      vertex -3.57225 -12.2519 2.3
      vertex -3.57771 -12.2033 2.7
      vertex -3.57771 -12.2033 2.3
    endloop
  endfacet
  facet normal -0.993748 -0.111643 0
    outer loop
      vertex -3.57771 -12.2033 2.7
      vertex -3.57225 -12.2519 2.3
      vertex -3.57225 -12.2519 2.7
    endloop
  endfacet
  facet normal -0.999366 -0.0355939 0
    outer loop
      vertex -3.57771 -12.2033 2.3
      vertex -3.57953 -12.1522 2.7
      vertex -3.57953 -12.1522 2.3
    endloop
  endfacet
  facet normal -0.999366 -0.0355939 0
    outer loop
      vertex -3.57953 -12.1522 2.7
      vertex -3.57771 -12.2033 2.3
      vertex -3.57771 -12.2033 2.7
    endloop
  endfacet
  facet normal -0.999366 0.0355939 0
    outer loop
      vertex -3.57953 -12.1522 2.3
      vertex -3.57771 -12.1011 2.7
      vertex -3.57771 -12.1011 2.3
    endloop
  endfacet
  facet normal -0.999366 0.0355939 0
    outer loop
      vertex -3.57771 -12.1011 2.7
      vertex -3.57953 -12.1522 2.3
      vertex -3.57953 -12.1522 2.7
    endloop
  endfacet
  facet normal -0.993748 0.111643 0
    outer loop
      vertex -3.57771 -12.1011 2.3
      vertex -3.57225 -12.0525 2.7
      vertex -3.57225 -12.0525 2.3
    endloop
  endfacet
  facet normal -0.993748 0.111643 0
    outer loop
      vertex -3.57225 -12.0525 2.7
      vertex -3.57771 -12.1011 2.3
      vertex -3.57771 -12.1011 2.7
    endloop
  endfacet
  facet normal -0.980948 0.19427 0
    outer loop
      vertex -3.57225 -12.0525 2.3
      vertex -3.56314 -12.0065 2.7
      vertex -3.56314 -12.0065 2.3
    endloop
  endfacet
  facet normal -0.980948 0.19427 0
    outer loop
      vertex -3.56314 -12.0065 2.7
      vertex -3.57225 -12.0525 2.3
      vertex -3.57225 -12.0525 2.7
    endloop
  endfacet
  facet normal -0.959688 0.281067 0
    outer loop
      vertex -3.56314 -12.0065 2.3
      vertex -3.5504 -11.963 2.7
      vertex -3.5504 -11.963 2.3
    endloop
  endfacet
  facet normal -0.959688 0.281067 0
    outer loop
      vertex -3.5504 -11.963 2.7
      vertex -3.56314 -12.0065 2.3
      vertex -3.56314 -12.0065 2.7
    endloop
  endfacet
  facet normal -0.928242 0.371978 0
    outer loop
      vertex -3.5504 -11.963 2.3
      vertex -3.53401 -11.9221 2.7
      vertex -3.53401 -11.9221 2.3
    endloop
  endfacet
  facet normal -0.928242 0.371978 0
    outer loop
      vertex -3.53401 -11.9221 2.7
      vertex -3.5504 -11.963 2.3
      vertex -3.5504 -11.963 2.7
    endloop
  endfacet
  facet normal -0.88623 0.463246 0
    outer loop
      vertex -3.53401 -11.9221 2.3
      vertex -3.51399 -11.8838 2.7
      vertex -3.51399 -11.8838 2.3
    endloop
  endfacet
  facet normal -0.88623 0.463246 0
    outer loop
      vertex -3.51399 -11.8838 2.7
      vertex -3.53401 -11.9221 2.3
      vertex -3.53401 -11.9221 2.7
    endloop
  endfacet
  facet normal -0.834052 0.551686 0
    outer loop
      vertex -3.51399 -11.8838 2.3
      vertex -3.49031 -11.848 2.7
      vertex -3.49031 -11.848 2.3
    endloop
  endfacet
  facet normal -0.834052 0.551686 0
    outer loop
      vertex -3.49031 -11.848 2.7
      vertex -3.51399 -11.8838 2.3
      vertex -3.51399 -11.8838 2.7
    endloop
  endfacet
  facet normal -0.7724 0.635136 0
    outer loop
      vertex -3.49031 -11.848 2.3
      vertex -3.46301 -11.8148 2.7
      vertex -3.46301 -11.8148 2.3
    endloop
  endfacet
  facet normal -0.7724 0.635136 0
    outer loop
      vertex -3.46301 -11.8148 2.7
      vertex -3.49031 -11.848 2.3
      vertex -3.49031 -11.848 2.7
    endloop
  endfacet
  facet normal -0.70296 0.71123 0
    outer loop
      vertex -3.43205 -11.7842 2.3
      vertex -3.46301 -11.8148 2.7
      vertex -3.43205 -11.7842 2.7
    endloop
  endfacet
  facet normal -0.70296 0.71123 0
    outer loop
      vertex -3.46301 -11.8148 2.7
      vertex -3.43205 -11.7842 2.3
      vertex -3.46301 -11.8148 2.3
    endloop
  endfacet
  facet normal -0.62895 0.777446 0
    outer loop
      vertex -3.39781 -11.7565 2.3
      vertex -3.43205 -11.7842 2.7
      vertex -3.39781 -11.7565 2.7
    endloop
  endfacet
  facet normal -0.62895 0.777446 0
    outer loop
      vertex -3.43205 -11.7842 2.7
      vertex -3.39781 -11.7565 2.3
      vertex -3.43205 -11.7842 2.3
    endloop
  endfacet
  facet normal -0.550029 0.835146 0
    outer loop
      vertex -3.36061 -11.732 2.3
      vertex -3.39781 -11.7565 2.7
      vertex -3.36061 -11.732 2.7
    endloop
  endfacet
  facet normal -0.550029 0.835146 0
    outer loop
      vertex -3.39781 -11.7565 2.7
      vertex -3.36061 -11.732 2.3
      vertex -3.39781 -11.7565 2.3
    endloop
  endfacet
  facet normal -0.46729 0.884104 0
    outer loop
      vertex -3.3205 -11.7108 2.3
      vertex -3.36061 -11.732 2.7
      vertex -3.3205 -11.7108 2.7
    endloop
  endfacet
  facet normal -0.46729 0.884104 0
    outer loop
      vertex -3.36061 -11.732 2.7
      vertex -3.3205 -11.7108 2.3
      vertex -3.36061 -11.732 2.3
    endloop
  endfacet
  facet normal -0.38568 0.922633 0
    outer loop
      vertex -3.27744 -11.6928 2.3
      vertex -3.3205 -11.7108 2.7
      vertex -3.27744 -11.6928 2.7
    endloop
  endfacet
  facet normal -0.38568 0.922633 0
    outer loop
      vertex -3.3205 -11.7108 2.7
      vertex -3.27744 -11.6928 2.3
      vertex -3.3205 -11.7108 2.3
    endloop
  endfacet
  facet normal -0.30434 0.952563 0
    outer loop
      vertex -3.23143 -11.6781 2.3
      vertex -3.27744 -11.6928 2.7
      vertex -3.23143 -11.6781 2.7
    endloop
  endfacet
  facet normal -0.30434 0.952563 0
    outer loop
      vertex -3.27744 -11.6928 2.7
      vertex -3.23143 -11.6781 2.3
      vertex -3.27744 -11.6928 2.3
    endloop
  endfacet
  facet normal -0.226909 0.973916 0
    outer loop
      vertex -3.1825 -11.6667 2.3
      vertex -3.23143 -11.6781 2.7
      vertex -3.1825 -11.6667 2.7
    endloop
  endfacet
  facet normal -0.226909 0.973916 0
    outer loop
      vertex -3.23143 -11.6781 2.7
      vertex -3.1825 -11.6667 2.3
      vertex -3.23143 -11.6781 2.3
    endloop
  endfacet
  facet normal -0.154261 0.98803 0
    outer loop
      vertex -3.13062 -11.6586 2.3
      vertex -3.1825 -11.6667 2.7
      vertex -3.13062 -11.6586 2.7
    endloop
  endfacet
  facet normal -0.154261 0.98803 0
    outer loop
      vertex -3.1825 -11.6667 2.7
      vertex -3.13062 -11.6586 2.3
      vertex -3.1825 -11.6667 2.3
    endloop
  endfacet
  facet normal -0.0890446 0.996028 0
    outer loop
      vertex -3.07581 -11.6537 2.3
      vertex -3.13062 -11.6586 2.7
      vertex -3.07581 -11.6537 2.7
    endloop
  endfacet
  facet normal -0.0890446 0.996028 0
    outer loop
      vertex -3.13062 -11.6586 2.7
      vertex -3.07581 -11.6537 2.3
      vertex -3.13062 -11.6586 2.3
    endloop
  endfacet
  facet normal -0.0294194 0.999567 0
    outer loop
      vertex -3.01805 -11.652 2.3
      vertex -3.07581 -11.6537 2.7
      vertex -3.01805 -11.652 2.7
    endloop
  endfacet
  facet normal -0.0294194 0.999567 0
    outer loop
      vertex -3.07581 -11.6537 2.7
      vertex -3.01805 -11.652 2.3
      vertex -3.07581 -11.6537 2.3
    endloop
  endfacet
  facet normal 0.0296244 0.999561 -0
    outer loop
      vertex -2.96069 -11.6537 2.3
      vertex -3.01805 -11.652 2.7
      vertex -2.96069 -11.6537 2.7
    endloop
  endfacet
  facet normal 0.0296244 0.999561 0
    outer loop
      vertex -3.01805 -11.652 2.7
      vertex -2.96069 -11.6537 2.3
      vertex -3.01805 -11.652 2.3
    endloop
  endfacet
  facet normal 0.0895471 0.995983 -0
    outer loop
      vertex -2.90619 -11.6586 2.3
      vertex -2.96069 -11.6537 2.7
      vertex -2.90619 -11.6586 2.7
    endloop
  endfacet
  facet normal 0.0895471 0.995983 0
    outer loop
      vertex -2.96069 -11.6537 2.7
      vertex -2.90619 -11.6586 2.3
      vertex -2.96069 -11.6537 2.3
    endloop
  endfacet
  facet normal 0.154843 0.987939 -0
    outer loop
      vertex -2.85451 -11.6667 2.3
      vertex -2.90619 -11.6586 2.7
      vertex -2.85451 -11.6667 2.7
    endloop
  endfacet
  facet normal 0.154843 0.987939 0
    outer loop
      vertex -2.90619 -11.6586 2.7
      vertex -2.85451 -11.6667 2.3
      vertex -2.90619 -11.6586 2.3
    endloop
  endfacet
  facet normal 0.227261 0.973834 -0
    outer loop
      vertex -2.80566 -11.6781 2.3
      vertex -2.85451 -11.6667 2.7
      vertex -2.80566 -11.6781 2.7
    endloop
  endfacet
  facet normal 0.227261 0.973834 0
    outer loop
      vertex -2.85451 -11.6667 2.7
      vertex -2.80566 -11.6781 2.3
      vertex -2.85451 -11.6667 2.3
    endloop
  endfacet
  facet normal 0.30446 0.952525 -0
    outer loop
      vertex -2.75967 -11.6928 2.3
      vertex -2.80566 -11.6781 2.7
      vertex -2.75967 -11.6928 2.7
    endloop
  endfacet
  facet normal 0.30446 0.952525 0
    outer loop
      vertex -2.80566 -11.6781 2.7
      vertex -2.75967 -11.6928 2.3
      vertex -2.80566 -11.6781 2.3
    endloop
  endfacet
  facet normal 0.384919 0.92295 -0
    outer loop
      vertex -2.71651 -11.7108 2.3
      vertex -2.75967 -11.6928 2.7
      vertex -2.71651 -11.7108 2.7
    endloop
  endfacet
  facet normal 0.384919 0.92295 0
    outer loop
      vertex -2.75967 -11.6928 2.7
      vertex -2.71651 -11.7108 2.3
      vertex -2.75967 -11.6928 2.3
    endloop
  endfacet
  facet normal 0.465294 0.885156 -0
    outer loop
      vertex -2.67618 -11.732 2.3
      vertex -2.71651 -11.7108 2.7
      vertex -2.67618 -11.732 2.7
    endloop
  endfacet
  facet normal 0.465294 0.885156 0
    outer loop
      vertex -2.71651 -11.7108 2.7
      vertex -2.67618 -11.732 2.3
      vertex -2.71651 -11.7108 2.3
    endloop
  endfacet
  facet normal 0.547153 0.837033 -0
    outer loop
      vertex -2.6387 -11.7565 2.3
      vertex -2.67618 -11.732 2.7
      vertex -2.6387 -11.7565 2.7
    endloop
  endfacet
  facet normal 0.547153 0.837033 0
    outer loop
      vertex -2.67618 -11.732 2.7
      vertex -2.6387 -11.7565 2.3
      vertex -2.67618 -11.732 2.3
    endloop
  endfacet
  facet normal 0.62442 0.781089 -0
    outer loop
      vertex -2.60405 -11.7842 2.3
      vertex -2.6387 -11.7565 2.7
      vertex -2.60405 -11.7842 2.7
    endloop
  endfacet
  facet normal 0.62442 0.781089 0
    outer loop
      vertex -2.6387 -11.7565 2.7
      vertex -2.60405 -11.7842 2.3
      vertex -2.6387 -11.7565 2.3
    endloop
  endfacet
  facet normal 0.698267 0.715838 -0
    outer loop
      vertex -2.57268 -11.8148 2.3
      vertex -2.60405 -11.7842 2.7
      vertex -2.57268 -11.8148 2.7
    endloop
  endfacet
  facet normal 0.698267 0.715838 0
    outer loop
      vertex -2.60405 -11.7842 2.7
      vertex -2.57268 -11.8148 2.3
      vertex -2.60405 -11.7842 2.3
    endloop
  endfacet
  facet normal 0.767842 0.640639 0
    outer loop
      vertex -2.54498 -11.848 2.7
      vertex -2.57268 -11.8148 2.3
      vertex -2.57268 -11.8148 2.7
    endloop
  endfacet
  facet normal 0.767842 0.640639 0
    outer loop
      vertex -2.57268 -11.8148 2.3
      vertex -2.54498 -11.848 2.7
      vertex -2.54498 -11.848 2.3
    endloop
  endfacet
  facet normal 0.83062 0.55684 0
    outer loop
      vertex -2.52098 -11.8838 2.7
      vertex -2.54498 -11.848 2.3
      vertex -2.54498 -11.848 2.7
    endloop
  endfacet
  facet normal 0.83062 0.55684 0
    outer loop
      vertex -2.54498 -11.848 2.3
      vertex -2.52098 -11.8838 2.7
      vertex -2.52098 -11.8838 2.3
    endloop
  endfacet
  facet normal 0.883659 0.468132 0
    outer loop
      vertex -2.50069 -11.9221 2.7
      vertex -2.52098 -11.8838 2.3
      vertex -2.52098 -11.8838 2.7
    endloop
  endfacet
  facet normal 0.883659 0.468132 0
    outer loop
      vertex -2.52098 -11.8838 2.3
      vertex -2.50069 -11.9221 2.7
      vertex -2.50069 -11.9221 2.3
    endloop
  endfacet
  facet normal 0.926432 0.376462 0
    outer loop
      vertex -2.48407 -11.963 2.7
      vertex -2.50069 -11.9221 2.3
      vertex -2.50069 -11.9221 2.7
    endloop
  endfacet
  facet normal 0.926432 0.376462 0
    outer loop
      vertex -2.50069 -11.9221 2.3
      vertex -2.48407 -11.963 2.7
      vertex -2.48407 -11.963 2.3
    endloop
  endfacet
  facet normal 0.958611 0.284719 0
    outer loop
      vertex -2.47115 -12.0065 2.7
      vertex -2.48407 -11.963 2.3
      vertex -2.48407 -11.963 2.7
    endloop
  endfacet
  facet normal 0.958611 0.284719 0
    outer loop
      vertex -2.48407 -11.963 2.3
      vertex -2.47115 -12.0065 2.7
      vertex -2.47115 -12.0065 2.3
    endloop
  endfacet
  facet normal 0.980416 0.196936 0
    outer loop
      vertex -2.46191 -12.0525 2.7
      vertex -2.47115 -12.0065 2.3
      vertex -2.47115 -12.0065 2.7
    endloop
  endfacet
  facet normal 0.980416 0.196936 0
    outer loop
      vertex -2.47115 -12.0065 2.3
      vertex -2.46191 -12.0525 2.7
      vertex -2.46191 -12.0525 2.3
    endloop
  endfacet
  facet normal 0.993589 0.113056 0
    outer loop
      vertex -2.45638 -12.1011 2.7
      vertex -2.46191 -12.0525 2.3
      vertex -2.46191 -12.0525 2.7
    endloop
  endfacet
  facet normal 0.993589 0.113056 0
    outer loop
      vertex -2.46191 -12.0525 2.3
      vertex -2.45638 -12.1011 2.7
      vertex -2.45638 -12.1011 2.3
    endloop
  endfacet
  facet normal 0.999345 0.0361798 0
    outer loop
      vertex -2.45453 -12.1522 2.7
      vertex -2.45638 -12.1011 2.3
      vertex -2.45638 -12.1011 2.7
    endloop
  endfacet
  facet normal 0.999345 0.0361798 0
    outer loop
      vertex -2.45638 -12.1011 2.3
      vertex -2.45453 -12.1522 2.7
      vertex -2.45453 -12.1522 2.3
    endloop
  endfacet
  facet normal 0.999345 -0.0361798 0
    outer loop
      vertex -2.45638 -12.2033 2.7
      vertex -2.45453 -12.1522 2.3
      vertex -2.45453 -12.1522 2.7
    endloop
  endfacet
  facet normal 0.999345 -0.0361798 0
    outer loop
      vertex -2.45453 -12.1522 2.3
      vertex -2.45638 -12.2033 2.7
      vertex -2.45638 -12.2033 2.3
    endloop
  endfacet
  facet normal 0.993589 -0.113056 0
    outer loop
      vertex -2.46191 -12.2519 2.7
      vertex -2.45638 -12.2033 2.3
      vertex -2.45638 -12.2033 2.7
    endloop
  endfacet
  facet normal 0.993589 -0.113056 0
    outer loop
      vertex -2.45638 -12.2033 2.3
      vertex -2.46191 -12.2519 2.7
      vertex -2.46191 -12.2519 2.3
    endloop
  endfacet
  facet normal 0.980416 -0.196936 0
    outer loop
      vertex -2.47115 -12.2979 2.7
      vertex -2.46191 -12.2519 2.3
      vertex -2.46191 -12.2519 2.7
    endloop
  endfacet
  facet normal 0.980416 -0.196936 0
    outer loop
      vertex -2.46191 -12.2519 2.3
      vertex -2.47115 -12.2979 2.7
      vertex -2.47115 -12.2979 2.3
    endloop
  endfacet
  facet normal 0.958611 -0.284719 0
    outer loop
      vertex -2.48407 -12.3414 2.7
      vertex -2.47115 -12.2979 2.3
      vertex -2.47115 -12.2979 2.7
    endloop
  endfacet
  facet normal 0.958611 -0.284719 0
    outer loop
      vertex -2.47115 -12.2979 2.3
      vertex -2.48407 -12.3414 2.7
      vertex -2.48407 -12.3414 2.3
    endloop
  endfacet
  facet normal 0.92611 -0.377254 0
    outer loop
      vertex -2.50069 -12.3822 2.7
      vertex -2.48407 -12.3414 2.3
      vertex -2.48407 -12.3414 2.7
    endloop
  endfacet
  facet normal 0.92611 -0.377254 0
    outer loop
      vertex -2.48407 -12.3414 2.3
      vertex -2.50069 -12.3822 2.7
      vertex -2.50069 -12.3822 2.3
    endloop
  endfacet
  facet normal 0.884163 -0.467179 0
    outer loop
      vertex -2.52098 -12.4206 2.7
      vertex -2.50069 -12.3822 2.3
      vertex -2.50069 -12.3822 2.7
    endloop
  endfacet
  facet normal 0.884163 -0.467179 0
    outer loop
      vertex -2.50069 -12.3822 2.3
      vertex -2.52098 -12.4206 2.7
      vertex -2.52098 -12.4206 2.3
    endloop
  endfacet
  facet normal 0.83062 -0.55684 0
    outer loop
      vertex -2.54498 -12.4564 2.7
      vertex -2.52098 -12.4206 2.3
      vertex -2.52098 -12.4206 2.7
    endloop
  endfacet
  facet normal 0.83062 -0.55684 0
    outer loop
      vertex -2.52098 -12.4206 2.3
      vertex -2.54498 -12.4564 2.7
      vertex -2.54498 -12.4564 2.3
    endloop
  endfacet
  facet normal 0.767842 -0.640639 0
    outer loop
      vertex -2.57268 -12.4896 2.7
      vertex -2.54498 -12.4564 2.3
      vertex -2.54498 -12.4564 2.7
    endloop
  endfacet
  facet normal 0.767842 -0.640639 0
    outer loop
      vertex -2.54498 -12.4564 2.3
      vertex -2.57268 -12.4896 2.7
      vertex -2.57268 -12.4896 2.3
    endloop
  endfacet
  facet normal 0.698267 -0.715838 0
    outer loop
      vertex -2.60405 -12.5202 2.3
      vertex -2.57268 -12.4896 2.7
      vertex -2.60405 -12.5202 2.7
    endloop
  endfacet
  facet normal 0.698267 -0.715838 0
    outer loop
      vertex -2.57268 -12.4896 2.7
      vertex -2.60405 -12.5202 2.3
      vertex -2.57268 -12.4896 2.3
    endloop
  endfacet
  facet normal 0.62442 -0.781089 0
    outer loop
      vertex -2.6387 -12.5479 2.3
      vertex -2.60405 -12.5202 2.7
      vertex -2.6387 -12.5479 2.7
    endloop
  endfacet
  facet normal 0.62442 -0.781089 0
    outer loop
      vertex -2.60405 -12.5202 2.7
      vertex -2.6387 -12.5479 2.3
      vertex -2.60405 -12.5202 2.3
    endloop
  endfacet
  facet normal 0.547153 -0.837033 0
    outer loop
      vertex -2.67618 -12.5724 2.3
      vertex -2.6387 -12.5479 2.7
      vertex -2.67618 -12.5724 2.7
    endloop
  endfacet
  facet normal 0.547153 -0.837033 0
    outer loop
      vertex -2.6387 -12.5479 2.7
      vertex -2.67618 -12.5724 2.3
      vertex -2.6387 -12.5479 2.3
    endloop
  endfacet
  facet normal 0.465294 -0.885156 0
    outer loop
      vertex -2.71651 -12.5936 2.3
      vertex -2.67618 -12.5724 2.7
      vertex -2.71651 -12.5936 2.7
    endloop
  endfacet
  facet normal 0.465294 -0.885156 0
    outer loop
      vertex -2.67618 -12.5724 2.7
      vertex -2.71651 -12.5936 2.3
      vertex -2.67618 -12.5724 2.3
    endloop
  endfacet
  facet normal 0.384919 -0.92295 0
    outer loop
      vertex -2.75967 -12.6116 2.3
      vertex -2.71651 -12.5936 2.7
      vertex -2.75967 -12.6116 2.7
    endloop
  endfacet
  facet normal 0.384919 -0.92295 0
    outer loop
      vertex -2.71651 -12.5936 2.7
      vertex -2.75967 -12.6116 2.3
      vertex -2.71651 -12.5936 2.3
    endloop
  endfacet
  facet normal 0.30446 -0.952525 0
    outer loop
      vertex -2.80566 -12.6263 2.3
      vertex -2.75967 -12.6116 2.7
      vertex -2.80566 -12.6263 2.7
    endloop
  endfacet
  facet normal 0.30446 -0.952525 0
    outer loop
      vertex -2.75967 -12.6116 2.7
      vertex -2.80566 -12.6263 2.3
      vertex -2.75967 -12.6116 2.3
    endloop
  endfacet
  facet normal 0.227261 -0.973834 0
    outer loop
      vertex -2.85451 -12.6377 2.3
      vertex -2.80566 -12.6263 2.7
      vertex -2.85451 -12.6377 2.7
    endloop
  endfacet
  facet normal 0.227261 -0.973834 0
    outer loop
      vertex -2.80566 -12.6263 2.7
      vertex -2.85451 -12.6377 2.3
      vertex -2.80566 -12.6263 2.3
    endloop
  endfacet
  facet normal 0.154843 -0.987939 0
    outer loop
      vertex -2.90619 -12.6458 2.3
      vertex -2.85451 -12.6377 2.7
      vertex -2.90619 -12.6458 2.7
    endloop
  endfacet
  facet normal 0.154843 -0.987939 0
    outer loop
      vertex -2.85451 -12.6377 2.7
      vertex -2.90619 -12.6458 2.3
      vertex -2.85451 -12.6377 2.3
    endloop
  endfacet
  facet normal 0.0895471 -0.995983 0
    outer loop
      vertex -2.96069 -12.6507 2.3
      vertex -2.90619 -12.6458 2.7
      vertex -2.96069 -12.6507 2.7
    endloop
  endfacet
  facet normal 0.0895471 -0.995983 0
    outer loop
      vertex -2.90619 -12.6458 2.7
      vertex -2.96069 -12.6507 2.3
      vertex -2.90619 -12.6458 2.3
    endloop
  endfacet
  facet normal 0.0296244 -0.999561 0
    outer loop
      vertex -3.01805 -12.6524 2.3
      vertex -2.96069 -12.6507 2.7
      vertex -3.01805 -12.6524 2.7
    endloop
  endfacet
  facet normal 0.0296244 -0.999561 0
    outer loop
      vertex -2.96069 -12.6507 2.7
      vertex -3.01805 -12.6524 2.3
      vertex -2.96069 -12.6507 2.3
    endloop
  endfacet
  facet normal -0.0294194 -0.999567 0
    outer loop
      vertex -3.07581 -12.6507 2.3
      vertex -3.01805 -12.6524 2.7
      vertex -3.07581 -12.6507 2.7
    endloop
  endfacet
  facet normal -0.0294194 -0.999567 -0
    outer loop
      vertex -3.01805 -12.6524 2.7
      vertex -3.07581 -12.6507 2.3
      vertex -3.01805 -12.6524 2.3
    endloop
  endfacet
  facet normal -0.0954772 -0.995432 0
    outer loop
      vertex -3.14207 -14.1441 2.3
      vertex -3.0816 -14.1499 2.7
      vertex -3.14207 -14.1441 2.7
    endloop
  endfacet
  facet normal -0.0954772 -0.995432 -0
    outer loop
      vertex -3.0816 -14.1499 2.7
      vertex -3.14207 -14.1441 2.3
      vertex -3.0816 -14.1499 2.3
    endloop
  endfacet
  facet normal -0.166684 -0.98601 0
    outer loop
      vertex -3.19945 -14.1344 2.3
      vertex -3.14207 -14.1441 2.7
      vertex -3.19945 -14.1344 2.7
    endloop
  endfacet
  facet normal -0.166684 -0.98601 -0
    outer loop
      vertex -3.14207 -14.1441 2.7
      vertex -3.19945 -14.1344 2.3
      vertex -3.14207 -14.1441 2.3
    endloop
  endfacet
  facet normal -0.241316 -0.970447 0
    outer loop
      vertex -3.25374 -14.1209 2.3
      vertex -3.19945 -14.1344 2.7
      vertex -3.25374 -14.1209 2.7
    endloop
  endfacet
  facet normal -0.241316 -0.970447 -0
    outer loop
      vertex -3.19945 -14.1344 2.7
      vertex -3.25374 -14.1209 2.3
      vertex -3.19945 -14.1344 2.3
    endloop
  endfacet
  facet normal -0.321714 -0.946837 0
    outer loop
      vertex -3.30495 -14.1035 2.3
      vertex -3.25374 -14.1209 2.7
      vertex -3.30495 -14.1035 2.7
    endloop
  endfacet
  facet normal -0.321714 -0.946837 -0
    outer loop
      vertex -3.25374 -14.1209 2.7
      vertex -3.30495 -14.1035 2.3
      vertex -3.25374 -14.1209 2.3
    endloop
  endfacet
  facet normal -0.404833 -0.914391 0
    outer loop
      vertex -3.35306 -14.0822 2.3
      vertex -3.30495 -14.1035 2.7
      vertex -3.35306 -14.0822 2.7
    endloop
  endfacet
  facet normal -0.404833 -0.914391 -0
    outer loop
      vertex -3.30495 -14.1035 2.7
      vertex -3.35306 -14.0822 2.3
      vertex -3.30495 -14.1035 2.3
    endloop
  endfacet
  facet normal -0.488521 -0.872552 0
    outer loop
      vertex -3.39807 -14.057 2.3
      vertex -3.35306 -14.0822 2.7
      vertex -3.39807 -14.057 2.7
    endloop
  endfacet
  facet normal -0.488521 -0.872552 -0
    outer loop
      vertex -3.35306 -14.0822 2.7
      vertex -3.39807 -14.057 2.3
      vertex -3.35306 -14.0822 2.3
    endloop
  endfacet
  facet normal -0.568833 -0.822453 0
    outer loop
      vertex -3.44 -14.028 2.3
      vertex -3.39807 -14.057 2.7
      vertex -3.44 -14.028 2.7
    endloop
  endfacet
  facet normal -0.568833 -0.822453 -0
    outer loop
      vertex -3.39807 -14.057 2.7
      vertex -3.44 -14.028 2.3
      vertex -3.39807 -14.057 2.3
    endloop
  endfacet
  facet normal -0.64625 -0.763125 0
    outer loop
      vertex -3.47885 -13.9951 2.3
      vertex -3.44 -14.028 2.7
      vertex -3.47885 -13.9951 2.7
    endloop
  endfacet
  facet normal -0.64625 -0.763125 -0
    outer loop
      vertex -3.44 -14.028 2.7
      vertex -3.47885 -13.9951 2.3
      vertex -3.44 -14.028 2.3
    endloop
  endfacet
  facet normal -0.717703 -0.69635 0
    outer loop
      vertex -3.47885 -13.9951 2.3
      vertex -3.51407 -13.9588 2.7
      vertex -3.51407 -13.9588 2.3
    endloop
  endfacet
  facet normal -0.717703 -0.69635 0
    outer loop
      vertex -3.51407 -13.9588 2.7
      vertex -3.47885 -13.9951 2.3
      vertex -3.47885 -13.9951 2.7
    endloop
  endfacet
  facet normal -0.783592 -0.621276 0
    outer loop
      vertex -3.51407 -13.9588 2.3
      vertex -3.54515 -13.9196 2.7
      vertex -3.54515 -13.9196 2.3
    endloop
  endfacet
  facet normal -0.783592 -0.621276 0
    outer loop
      vertex -3.54515 -13.9196 2.7
      vertex -3.51407 -13.9588 2.3
      vertex -3.51407 -13.9588 2.7
    endloop
  endfacet
  facet normal -0.842978 -0.537948 0
    outer loop
      vertex -3.54515 -13.9196 2.3
      vertex -3.57208 -13.8774 2.7
      vertex -3.57208 -13.8774 2.3
    endloop
  endfacet
  facet normal -0.842978 -0.537948 0
    outer loop
      vertex -3.57208 -13.8774 2.7
      vertex -3.54515 -13.9196 2.3
      vertex -3.54515 -13.9196 2.7
    endloop
  endfacet
  facet normal -0.892036 -0.451965 0
    outer loop
      vertex -3.57208 -13.8774 2.3
      vertex -3.59488 -13.8324 2.7
      vertex -3.59488 -13.8324 2.3
    endloop
  endfacet
  facet normal -0.892036 -0.451965 0
    outer loop
      vertex -3.59488 -13.8324 2.7
      vertex -3.57208 -13.8774 2.3
      vertex -3.57208 -13.8774 2.7
    endloop
  endfacet
  facet normal -0.932114 -0.362165 0
    outer loop
      vertex -3.59488 -13.8324 2.3
      vertex -3.61353 -13.7844 2.7
      vertex -3.61353 -13.7844 2.3
    endloop
  endfacet
  facet normal -0.932114 -0.362165 0
    outer loop
      vertex -3.61353 -13.7844 2.7
      vertex -3.59488 -13.8324 2.3
      vertex -3.59488 -13.8324 2.7
    endloop
  endfacet
  facet normal -0.961787 -0.273798 0
    outer loop
      vertex -3.61353 -13.7844 2.3
      vertex -3.62802 -13.7335 2.7
      vertex -3.62802 -13.7335 2.3
    endloop
  endfacet
  facet normal -0.961787 -0.273798 0
    outer loop
      vertex -3.62802 -13.7335 2.7
      vertex -3.61353 -13.7844 2.3
      vertex -3.61353 -13.7844 2.7
    endloop
  endfacet
  facet normal -0.98196 -0.189091 0
    outer loop
      vertex -3.62802 -13.7335 2.3
      vertex -3.63838 -13.6797 2.7
      vertex -3.63838 -13.6797 2.3
    endloop
  endfacet
  facet normal -0.98196 -0.189091 0
    outer loop
      vertex -3.63838 -13.6797 2.7
      vertex -3.62802 -13.7335 2.3
      vertex -3.62802 -13.7335 2.7
    endloop
  endfacet
  facet normal -0.994018 -0.109219 0
    outer loop
      vertex -3.63838 -13.6797 2.3
      vertex -3.64461 -13.623 2.7
      vertex -3.64461 -13.623 2.3
    endloop
  endfacet
  facet normal -0.994018 -0.109219 0
    outer loop
      vertex -3.64461 -13.623 2.7
      vertex -3.63838 -13.6797 2.3
      vertex -3.63838 -13.6797 2.7
    endloop
  endfacet
  facet normal -0.999403 -0.0345431 0
    outer loop
      vertex -3.64461 -13.623 2.3
      vertex -3.64667 -13.5634 2.7
      vertex -3.64667 -13.5634 2.3
    endloop
  endfacet
  facet normal -0.999403 -0.0345431 0
    outer loop
      vertex -3.64667 -13.5634 2.7
      vertex -3.64461 -13.623 2.3
      vertex -3.64461 -13.623 2.7
    endloop
  endfacet
  facet normal -0.999403 0.0345431 0
    outer loop
      vertex -3.64667 -13.5634 2.3
      vertex -3.64461 -13.5038 2.7
      vertex -3.64461 -13.5038 2.3
    endloop
  endfacet
  facet normal -0.999403 0.0345431 0
    outer loop
      vertex -3.64461 -13.5038 2.7
      vertex -3.64667 -13.5634 2.3
      vertex -3.64667 -13.5634 2.7
    endloop
  endfacet
  facet normal -0.994039 0.109029 0
    outer loop
      vertex -3.64461 -13.5038 2.3
      vertex -3.63838 -13.447 2.7
      vertex -3.63838 -13.447 2.3
    endloop
  endfacet
  facet normal -0.994039 0.109029 0
    outer loop
      vertex -3.63838 -13.447 2.7
      vertex -3.64461 -13.5038 2.3
      vertex -3.64461 -13.5038 2.7
    endloop
  endfacet
  facet normal -0.98196 0.189091 0
    outer loop
      vertex -3.63838 -13.447 2.3
      vertex -3.62802 -13.3932 2.7
      vertex -3.62802 -13.3932 2.3
    endloop
  endfacet
  facet normal -0.98196 0.189091 0
    outer loop
      vertex -3.62802 -13.3932 2.7
      vertex -3.63838 -13.447 2.3
      vertex -3.63838 -13.447 2.7
    endloop
  endfacet
  facet normal -0.961645 0.274296 0
    outer loop
      vertex -3.62802 -13.3932 2.3
      vertex -3.61353 -13.3424 2.7
      vertex -3.61353 -13.3424 2.3
    endloop
  endfacet
  facet normal -0.961645 0.274296 0
    outer loop
      vertex -3.61353 -13.3424 2.7
      vertex -3.62802 -13.3932 2.3
      vertex -3.62802 -13.3932 2.7
    endloop
  endfacet
  facet normal -0.932114 0.362165 0
    outer loop
      vertex -3.61353 -13.3424 2.3
      vertex -3.59488 -13.2944 2.7
      vertex -3.59488 -13.2944 2.3
    endloop
  endfacet
  facet normal -0.932114 0.362165 0
    outer loop
      vertex -3.59488 -13.2944 2.7
      vertex -3.61353 -13.3424 2.3
      vertex -3.61353 -13.3424 2.7
    endloop
  endfacet
  facet normal -0.892036 0.451965 0
    outer loop
      vertex -3.59488 -13.2944 2.3
      vertex -3.57208 -13.2494 2.7
      vertex -3.57208 -13.2494 2.3
    endloop
  endfacet
  facet normal -0.892036 0.451965 0
    outer loop
      vertex -3.57208 -13.2494 2.7
      vertex -3.59488 -13.2944 2.3
      vertex -3.59488 -13.2944 2.7
    endloop
  endfacet
  facet normal -0.842978 0.537948 0
    outer loop
      vertex -3.57208 -13.2494 2.3
      vertex -3.54515 -13.2072 2.7
      vertex -3.54515 -13.2072 2.3
    endloop
  endfacet
  facet normal -0.842978 0.537948 0
    outer loop
      vertex -3.54515 -13.2072 2.7
      vertex -3.57208 -13.2494 2.3
      vertex -3.57208 -13.2494 2.7
    endloop
  endfacet
  facet normal -0.783592 0.621276 0
    outer loop
      vertex -3.54515 -13.2072 2.3
      vertex -3.51407 -13.168 2.7
      vertex -3.51407 -13.168 2.3
    endloop
  endfacet
  facet normal -0.783592 0.621276 0
    outer loop
      vertex -3.51407 -13.168 2.7
      vertex -3.54515 -13.2072 2.3
      vertex -3.54515 -13.2072 2.7
    endloop
  endfacet
  facet normal -0.717703 0.69635 0
    outer loop
      vertex -3.51407 -13.168 2.3
      vertex -3.47885 -13.1317 2.7
      vertex -3.47885 -13.1317 2.3
    endloop
  endfacet
  facet normal -0.717703 0.69635 0
    outer loop
      vertex -3.47885 -13.1317 2.7
      vertex -3.51407 -13.168 2.3
      vertex -3.51407 -13.168 2.7
    endloop
  endfacet
  facet normal -0.64625 0.763125 0
    outer loop
      vertex -3.44 -13.0988 2.3
      vertex -3.47885 -13.1317 2.7
      vertex -3.44 -13.0988 2.7
    endloop
  endfacet
  facet normal -0.64625 0.763125 0
    outer loop
      vertex -3.47885 -13.1317 2.7
      vertex -3.44 -13.0988 2.3
      vertex -3.47885 -13.1317 2.3
    endloop
  endfacet
  facet normal -0.568833 0.822453 0
    outer loop
      vertex -3.39807 -13.0698 2.3
      vertex -3.44 -13.0988 2.7
      vertex -3.39807 -13.0698 2.7
    endloop
  endfacet
  facet normal -0.568833 0.822453 0
    outer loop
      vertex -3.44 -13.0988 2.7
      vertex -3.39807 -13.0698 2.3
      vertex -3.44 -13.0988 2.3
    endloop
  endfacet
  facet normal -0.488521 0.872552 0
    outer loop
      vertex -3.35306 -13.0446 2.3
      vertex -3.39807 -13.0698 2.7
      vertex -3.35306 -13.0446 2.7
    endloop
  endfacet
  facet normal -0.488521 0.872552 0
    outer loop
      vertex -3.39807 -13.0698 2.7
      vertex -3.35306 -13.0446 2.3
      vertex -3.39807 -13.0698 2.3
    endloop
  endfacet
  facet normal -0.404833 0.914391 0
    outer loop
      vertex -3.30495 -13.0233 2.3
      vertex -3.35306 -13.0446 2.7
      vertex -3.30495 -13.0233 2.7
    endloop
  endfacet
  facet normal -0.404833 0.914391 0
    outer loop
      vertex -3.35306 -13.0446 2.7
      vertex -3.30495 -13.0233 2.3
      vertex -3.35306 -13.0446 2.3
    endloop
  endfacet
  facet normal -0.321714 0.946837 0
    outer loop
      vertex -3.25374 -13.0059 2.3
      vertex -3.30495 -13.0233 2.7
      vertex -3.25374 -13.0059 2.7
    endloop
  endfacet
  facet normal -0.321714 0.946837 0
    outer loop
      vertex -3.30495 -13.0233 2.7
      vertex -3.25374 -13.0059 2.3
      vertex -3.30495 -13.0233 2.3
    endloop
  endfacet
  facet normal -0.242998 0.970027 0
    outer loop
      vertex -3.19945 -12.9923 2.3
      vertex -3.25374 -13.0059 2.7
      vertex -3.19945 -12.9923 2.7
    endloop
  endfacet
  facet normal -0.242998 0.970027 0
    outer loop
      vertex -3.25374 -13.0059 2.7
      vertex -3.19945 -12.9923 2.3
      vertex -3.25374 -13.0059 2.3
    endloop
  endfacet
  facet normal -0.165012 0.986292 0
    outer loop
      vertex -3.14207 -12.9827 2.3
      vertex -3.19945 -12.9923 2.7
      vertex -3.14207 -12.9827 2.7
    endloop
  endfacet
  facet normal -0.165012 0.986292 0
    outer loop
      vertex -3.19945 -12.9923 2.7
      vertex -3.14207 -12.9827 2.3
      vertex -3.19945 -12.9923 2.3
    endloop
  endfacet
  facet normal -0.0971079 0.995274 0
    outer loop
      vertex -3.0816 -12.9768 2.3
      vertex -3.14207 -12.9827 2.7
      vertex -3.0816 -12.9768 2.7
    endloop
  endfacet
  facet normal -0.0971079 0.995274 0
    outer loop
      vertex -3.14207 -12.9827 2.7
      vertex -3.0816 -12.9768 2.3
      vertex -3.14207 -12.9827 2.3
    endloop
  endfacet
  facet normal -0.0298844 0.999553 0
    outer loop
      vertex -3.01805 -12.9749 2.3
      vertex -3.0816 -12.9768 2.7
      vertex -3.01805 -12.9749 2.7
    endloop
  endfacet
  facet normal -0.0298844 0.999553 0
    outer loop
      vertex -3.0816 -12.9768 2.7
      vertex -3.01805 -12.9749 2.3
      vertex -3.0816 -12.9768 2.3
    endloop
  endfacet
  facet normal 0.0296837 0.999559 -0
    outer loop
      vertex -2.95407 -12.9768 2.3
      vertex -3.01805 -12.9749 2.7
      vertex -2.95407 -12.9768 2.7
    endloop
  endfacet
  facet normal 0.0296837 0.999559 0
    outer loop
      vertex -3.01805 -12.9749 2.7
      vertex -2.95407 -12.9768 2.3
      vertex -3.01805 -12.9749 2.3
    endloop
  endfacet
  facet normal 0.0965229 0.995331 -0
    outer loop
      vertex -2.89323 -12.9827 2.3
      vertex -2.95407 -12.9768 2.7
      vertex -2.89323 -12.9827 2.7
    endloop
  endfacet
  facet normal 0.0965229 0.995331 0
    outer loop
      vertex -2.95407 -12.9768 2.7
      vertex -2.89323 -12.9827 2.3
      vertex -2.95407 -12.9768 2.3
    endloop
  endfacet
  facet normal 0.164122 0.98644 -0
    outer loop
      vertex -2.83553 -12.9923 2.3
      vertex -2.89323 -12.9827 2.7
      vertex -2.83553 -12.9923 2.7
    endloop
  endfacet
  facet normal 0.164122 0.98644 0
    outer loop
      vertex -2.89323 -12.9827 2.7
      vertex -2.83553 -12.9923 2.3
      vertex -2.89323 -12.9827 2.3
    endloop
  endfacet
  facet normal 0.241824 0.97032 -0
    outer loop
      vertex -2.78096 -13.0059 2.3
      vertex -2.83553 -12.9923 2.7
      vertex -2.78096 -13.0059 2.7
    endloop
  endfacet
  facet normal 0.241824 0.97032 0
    outer loop
      vertex -2.83553 -12.9923 2.7
      vertex -2.78096 -13.0059 2.3
      vertex -2.83553 -12.9923 2.3
    endloop
  endfacet
  facet normal 0.320535 0.947237 -0
    outer loop
      vertex -2.72954 -13.0233 2.3
      vertex -2.78096 -13.0059 2.7
      vertex -2.72954 -13.0233 2.7
    endloop
  endfacet
  facet normal 0.320535 0.947237 0
    outer loop
      vertex -2.78096 -13.0059 2.7
      vertex -2.72954 -13.0233 2.3
      vertex -2.78096 -13.0059 2.3
    endloop
  endfacet
  facet normal 0.40364 0.914918 -0
    outer loop
      vertex -2.68126 -13.0446 2.3
      vertex -2.72954 -13.0233 2.7
      vertex -2.68126 -13.0446 2.7
    endloop
  endfacet
  facet normal 0.40364 0.914918 0
    outer loop
      vertex -2.72954 -13.0233 2.7
      vertex -2.68126 -13.0446 2.3
      vertex -2.72954 -13.0233 2.3
    endloop
  endfacet
  facet normal 0.487366 0.873198 -0
    outer loop
      vertex -2.63611 -13.0698 2.3
      vertex -2.68126 -13.0446 2.7
      vertex -2.63611 -13.0698 2.7
    endloop
  endfacet
  facet normal 0.487366 0.873198 0
    outer loop
      vertex -2.68126 -13.0446 2.7
      vertex -2.63611 -13.0698 2.3
      vertex -2.68126 -13.0446 2.3
    endloop
  endfacet
  facet normal 0.568099 0.82296 -0
    outer loop
      vertex -2.5941 -13.0988 2.3
      vertex -2.63611 -13.0698 2.7
      vertex -2.5941 -13.0988 2.7
    endloop
  endfacet
  facet normal 0.568099 0.82296 0
    outer loop
      vertex -2.63611 -13.0698 2.7
      vertex -2.5941 -13.0988 2.3
      vertex -2.63611 -13.0698 2.3
    endloop
  endfacet
  facet normal 0.646154 0.763207 -0
    outer loop
      vertex -2.55524 -13.1317 2.3
      vertex -2.5941 -13.0988 2.7
      vertex -2.55524 -13.1317 2.7
    endloop
  endfacet
  facet normal 0.646154 0.763207 0
    outer loop
      vertex -2.5941 -13.0988 2.7
      vertex -2.55524 -13.1317 2.3
      vertex -2.5941 -13.0988 2.3
    endloop
  endfacet
  facet normal 0.717703 0.69635 0
    outer loop
      vertex -2.52002 -13.168 2.7
      vertex -2.55524 -13.1317 2.3
      vertex -2.55524 -13.1317 2.7
    endloop
  endfacet
  facet normal 0.717703 0.69635 0
    outer loop
      vertex -2.55524 -13.1317 2.3
      vertex -2.52002 -13.168 2.7
      vertex -2.52002 -13.168 2.3
    endloop
  endfacet
  facet normal 0.783592 0.621276 0
    outer loop
      vertex -2.48894 -13.2072 2.7
      vertex -2.52002 -13.168 2.3
      vertex -2.52002 -13.168 2.7
    endloop
  endfacet
  facet normal 0.783592 0.621276 0
    outer loop
      vertex -2.52002 -13.168 2.3
      vertex -2.48894 -13.2072 2.7
      vertex -2.48894 -13.2072 2.3
    endloop
  endfacet
  facet normal 0.842797 0.538232 0
    outer loop
      vertex -2.46199 -13.2494 2.7
      vertex -2.48894 -13.2072 2.3
      vertex -2.48894 -13.2072 2.7
    endloop
  endfacet
  facet normal 0.842797 0.538232 0
    outer loop
      vertex -2.48894 -13.2072 2.3
      vertex -2.46199 -13.2494 2.7
      vertex -2.46199 -13.2494 2.3
    endloop
  endfacet
  facet normal 0.892036 0.451965 0
    outer loop
      vertex -2.43919 -13.2944 2.7
      vertex -2.46199 -13.2494 2.3
      vertex -2.46199 -13.2494 2.7
    endloop
  endfacet
  facet normal 0.892036 0.451965 0
    outer loop
      vertex -2.46199 -13.2494 2.3
      vertex -2.43919 -13.2944 2.7
      vertex -2.43919 -13.2944 2.3
    endloop
  endfacet
  facet normal 0.93218 0.361996 0
    outer loop
      vertex -2.42055 -13.3424 2.7
      vertex -2.43919 -13.2944 2.3
      vertex -2.43919 -13.2944 2.7
    endloop
  endfacet
  facet normal 0.93218 0.361996 0
    outer loop
      vertex -2.43919 -13.2944 2.3
      vertex -2.42055 -13.3424 2.7
      vertex -2.42055 -13.3424 2.3
    endloop
  endfacet
  facet normal 0.961545 0.274646 0
    outer loop
      vertex -2.40604 -13.3932 2.7
      vertex -2.42055 -13.3424 2.3
      vertex -2.42055 -13.3424 2.7
    endloop
  endfacet
  facet normal 0.961545 0.274646 0
    outer loop
      vertex -2.42055 -13.3424 2.3
      vertex -2.40604 -13.3932 2.7
      vertex -2.40604 -13.3932 2.3
    endloop
  endfacet
  facet normal 0.98196 0.189091 0
    outer loop
      vertex -2.39568 -13.447 2.7
      vertex -2.40604 -13.3932 2.3
      vertex -2.40604 -13.3932 2.7
    endloop
  endfacet
  facet normal 0.98196 0.189091 0
    outer loop
      vertex -2.40604 -13.3932 2.3
      vertex -2.39568 -13.447 2.7
      vertex -2.39568 -13.447 2.3
    endloop
  endfacet
  facet normal 0.994076 0.108683 0
    outer loop
      vertex -2.38947 -13.5038 2.7
      vertex -2.39568 -13.447 2.3
      vertex -2.39568 -13.447 2.7
    endloop
  endfacet
  facet normal 0.994076 0.108683 0
    outer loop
      vertex -2.39568 -13.447 2.3
      vertex -2.38947 -13.5038 2.7
      vertex -2.38947 -13.5038 2.3
    endloop
  endfacet
  facet normal 0.999392 0.0348781 0
    outer loop
      vertex -2.38739 -13.5634 2.7
      vertex -2.38947 -13.5038 2.3
      vertex -2.38947 -13.5038 2.7
    endloop
  endfacet
  facet normal 0.999392 0.0348781 0
    outer loop
      vertex -2.38947 -13.5038 2.3
      vertex -2.38739 -13.5634 2.7
      vertex -2.38739 -13.5634 2.3
    endloop
  endfacet
  facet normal 0.999377 -0.0352821 0
    outer loop
      vertex -2.38948 -13.6226 2.7
      vertex -2.38739 -13.5634 2.3
      vertex -2.38739 -13.5634 2.7
    endloop
  endfacet
  facet normal 0.999377 -0.0352821 0
    outer loop
      vertex -2.38739 -13.5634 2.3
      vertex -2.38948 -13.6226 2.7
      vertex -2.38948 -13.6226 2.3
    endloop
  endfacet
  facet normal 0.993897 -0.110315 0
    outer loop
      vertex -2.39574 -13.679 2.7
      vertex -2.38948 -13.6226 2.3
      vertex -2.38948 -13.6226 2.7
    endloop
  endfacet
  facet normal 0.993897 -0.110315 0
    outer loop
      vertex -2.38948 -13.6226 2.3
      vertex -2.39574 -13.679 2.7
      vertex -2.39574 -13.679 2.3
    endloop
  endfacet
  facet normal 0.981556 -0.191174 0
    outer loop
      vertex -2.40616 -13.7325 2.7
      vertex -2.39574 -13.679 2.3
      vertex -2.39574 -13.679 2.7
    endloop
  endfacet
  facet normal 0.981556 -0.191174 0
    outer loop
      vertex -2.39574 -13.679 2.3
      vertex -2.40616 -13.7325 2.7
      vertex -2.40616 -13.7325 2.3
    endloop
  endfacet
  facet normal 0.961 -0.276548 0
    outer loop
      vertex -2.42075 -13.7832 2.7
      vertex -2.40616 -13.7325 2.3
      vertex -2.40616 -13.7325 2.7
    endloop
  endfacet
  facet normal 0.961 -0.276548 0
    outer loop
      vertex -2.40616 -13.7325 2.3
      vertex -2.42075 -13.7832 2.7
      vertex -2.42075 -13.7832 2.3
    endloop
  endfacet
  facet normal 0.931134 -0.364678 0
    outer loop
      vertex -2.43951 -13.8311 2.7
      vertex -2.42075 -13.7832 2.3
      vertex -2.42075 -13.7832 2.7
    endloop
  endfacet
  facet normal 0.931134 -0.364678 0
    outer loop
      vertex -2.42075 -13.7832 2.3
      vertex -2.43951 -13.8311 2.7
      vertex -2.43951 -13.8311 2.3
    endloop
  endfacet
  facet normal 0.890916 -0.454169 0
    outer loop
      vertex -2.46245 -13.8761 2.7
      vertex -2.43951 -13.8311 2.3
      vertex -2.43951 -13.8311 2.7
    endloop
  endfacet
  facet normal 0.890916 -0.454169 0
    outer loop
      vertex -2.43951 -13.8311 2.3
      vertex -2.46245 -13.8761 2.7
      vertex -2.46245 -13.8761 2.3
    endloop
  endfacet
  facet normal 0.840854 -0.541262 0
    outer loop
      vertex -2.48955 -13.9182 2.7
      vertex -2.46245 -13.8761 2.3
      vertex -2.46245 -13.8761 2.7
    endloop
  endfacet
  facet normal 0.840854 -0.541262 0
    outer loop
      vertex -2.46245 -13.8761 2.3
      vertex -2.48955 -13.9182 2.7
      vertex -2.48955 -13.9182 2.3
    endloop
  endfacet
  facet normal 0.783191 -0.621782 0
    outer loop
      vertex -2.52083 -13.9576 2.7
      vertex -2.48955 -13.9182 2.3
      vertex -2.48955 -13.9182 2.7
    endloop
  endfacet
  facet normal 0.783191 -0.621782 0
    outer loop
      vertex -2.48955 -13.9182 2.3
      vertex -2.52083 -13.9576 2.7
      vertex -2.52083 -13.9576 2.3
    endloop
  endfacet
  facet normal 0.717546 -0.696511 0
    outer loop
      vertex -2.55626 -13.9941 2.7
      vertex -2.52083 -13.9576 2.3
      vertex -2.52083 -13.9576 2.7
    endloop
  endfacet
  facet normal 0.717546 -0.696511 0
    outer loop
      vertex -2.52083 -13.9576 2.3
      vertex -2.55626 -13.9941 2.7
      vertex -2.55626 -13.9941 2.3
    endloop
  endfacet
  facet normal 0.646502 -0.762912 0
    outer loop
      vertex -2.59532 -14.0272 2.3
      vertex -2.55626 -13.9941 2.7
      vertex -2.59532 -14.0272 2.7
    endloop
  endfacet
  facet normal 0.646502 -0.762912 0
    outer loop
      vertex -2.55626 -13.9941 2.7
      vertex -2.59532 -14.0272 2.3
      vertex -2.55626 -13.9941 2.3
    endloop
  endfacet
  facet normal 0.569737 -0.821827 0
    outer loop
      vertex -2.63744 -14.0564 2.3
      vertex -2.59532 -14.0272 2.7
      vertex -2.63744 -14.0564 2.7
    endloop
  endfacet
  facet normal 0.569737 -0.821827 0
    outer loop
      vertex -2.59532 -14.0272 2.7
      vertex -2.63744 -14.0564 2.3
      vertex -2.59532 -14.0272 2.3
    endloop
  endfacet
  facet normal 0.488592 -0.872513 0
    outer loop
      vertex -2.68262 -14.0817 2.3
      vertex -2.63744 -14.0564 2.7
      vertex -2.68262 -14.0817 2.7
    endloop
  endfacet
  facet normal 0.488592 -0.872513 0
    outer loop
      vertex -2.63744 -14.0564 2.7
      vertex -2.68262 -14.0817 2.3
      vertex -2.63744 -14.0564 2.3
    endloop
  endfacet
  facet normal 0.407017 -0.913421 0
    outer loop
      vertex -2.73087 -14.1032 2.3
      vertex -2.68262 -14.0817 2.7
      vertex -2.73087 -14.1032 2.7
    endloop
  endfacet
  facet normal 0.407017 -0.913421 0
    outer loop
      vertex -2.68262 -14.0817 2.7
      vertex -2.73087 -14.1032 2.3
      vertex -2.68262 -14.0817 2.3
    endloop
  endfacet
  facet normal 0.322862 -0.946446 0
    outer loop
      vertex -2.78217 -14.1207 2.3
      vertex -2.73087 -14.1032 2.7
      vertex -2.78217 -14.1207 2.7
    endloop
  endfacet
  facet normal 0.322862 -0.946446 0
    outer loop
      vertex -2.73087 -14.1032 2.7
      vertex -2.78217 -14.1207 2.3
      vertex -2.73087 -14.1032 2.3
    endloop
  endfacet
  facet normal 0.24262 -0.970122 0
    outer loop
      vertex -2.83655 -14.1343 2.3
      vertex -2.78217 -14.1207 2.7
      vertex -2.83655 -14.1343 2.7
    endloop
  endfacet
  facet normal 0.24262 -0.970122 0
    outer loop
      vertex -2.78217 -14.1207 2.7
      vertex -2.83655 -14.1343 2.3
      vertex -2.78217 -14.1207 2.3
    endloop
  endfacet
  facet normal 0.168211 -0.985751 0
    outer loop
      vertex -2.89398 -14.1441 2.3
      vertex -2.83655 -14.1343 2.7
      vertex -2.89398 -14.1441 2.7
    endloop
  endfacet
  facet normal 0.168211 -0.985751 0
    outer loop
      vertex -2.83655 -14.1343 2.7
      vertex -2.89398 -14.1441 2.3
      vertex -2.83655 -14.1343 2.3
    endloop
  endfacet
  facet normal 0.0954302 -0.995436 0
    outer loop
      vertex -2.95448 -14.1499 2.3
      vertex -2.89398 -14.1441 2.7
      vertex -2.95448 -14.1499 2.7
    endloop
  endfacet
  facet normal 0.0954302 -0.995436 0
    outer loop
      vertex -2.89398 -14.1441 2.7
      vertex -2.95448 -14.1499 2.3
      vertex -2.89398 -14.1441 2.3
    endloop
  endfacet
  facet normal 0.0314458 -0.999505 0
    outer loop
      vertex -3.01805 -14.1519 2.3
      vertex -2.95448 -14.1499 2.7
      vertex -3.01805 -14.1519 2.7
    endloop
  endfacet
  facet normal 0.0314458 -0.999505 0
    outer loop
      vertex -2.95448 -14.1499 2.7
      vertex -3.01805 -14.1519 2.3
      vertex -2.95448 -14.1499 2.3
    endloop
  endfacet
  facet normal -0.0314557 -0.999505 0
    outer loop
      vertex -3.0816 -14.1499 2.3
      vertex -3.01805 -14.1519 2.7
      vertex -3.0816 -14.1499 2.7
    endloop
  endfacet
  facet normal -0.0314557 -0.999505 -0
    outer loop
      vertex -3.01805 -14.1519 2.7
      vertex -3.0816 -14.1499 2.3
      vertex -3.01805 -14.1519 2.3
    endloop
  endfacet
  facet normal -1 0 0
    outer loop
      vertex 0.541153 -11.5563 2.3
      vertex 0.541153 -11.3813 2.7
      vertex 0.541153 -11.3813 2.3
    endloop
  endfacet
  facet normal -1 -0 0
    outer loop
      vertex 0.541153 -11.3813 2.7
      vertex 0.541153 -11.5563 2.3
      vertex 0.541153 -11.5563 2.7
    endloop
  endfacet
  facet normal 0 -1 0
    outer loop
      vertex -1.41182 -11.3813 2.3
      vertex 0.541153 -11.3813 2.7
      vertex -1.41182 -11.3813 2.7
    endloop
  endfacet
  facet normal 0 -1 -0
    outer loop
      vertex 0.541153 -11.3813 2.7
      vertex -1.41182 -11.3813 2.3
      vertex 0.541153 -11.3813 2.3
    endloop
  endfacet
  facet normal 1 -0 0
    outer loop
      vertex -1.41182 -11.7269 2.7
      vertex -1.41182 -11.3813 2.3
      vertex -1.41182 -11.3813 2.7
    endloop
  endfacet
  facet normal 1 0 0
    outer loop
      vertex -1.41182 -11.3813 2.3
      vertex -1.41182 -11.7269 2.7
      vertex -1.41182 -11.7269 2.3
    endloop
  endfacet
  facet normal 0 1 -0
    outer loop
      vertex 0.0467987 -11.7269 2.3
      vertex -1.41182 -11.7269 2.7
      vertex 0.0467987 -11.7269 2.7
    endloop
  endfacet
  facet normal 0 1 0
    outer loop
      vertex -1.41182 -11.7269 2.7
      vertex 0.0467987 -11.7269 2.3
      vertex -1.41182 -11.7269 2.3
    endloop
  endfacet
  facet normal 0.933088 -0.359648 0
    outer loop
      vertex -0.990723 -14.4187 2.7
      vertex 0.0467987 -11.7269 2.3
      vertex 0.0467987 -11.7269 2.7
    endloop
  endfacet
  facet normal 0.933088 -0.359648 0
    outer loop
      vertex 0.0467987 -11.7269 2.3
      vertex -0.990723 -14.4187 2.7
      vertex -0.990723 -14.4187 2.3
    endloop
  endfacet
  facet normal 0 1 -0
    outer loop
      vertex -0.561478 -14.4187 2.3
      vertex -0.990723 -14.4187 2.7
      vertex -0.561478 -14.4187 2.7
    endloop
  endfacet
  facet normal 0 1 0
    outer loop
      vertex -0.990723 -14.4187 2.7
      vertex -0.561478 -14.4187 2.3
      vertex -0.990723 -14.4187 2.3
    endloop
  endfacet
  facet normal -0.933159 0.359464 0
    outer loop
      vertex -0.561478 -14.4187 2.3
      vertex 0.541153 -11.5563 2.7
      vertex 0.541153 -11.5563 2.3
    endloop
  endfacet
  facet normal -0.933159 0.359464 0
    outer loop
      vertex 0.541153 -11.5563 2.7
      vertex -0.561478 -14.4187 2.3
      vertex -0.561478 -14.4187 2.7
    endloop
  endfacet
  facet normal -0.0881357 0.996108 0
    outer loop
      vertex 3.48402 -14.4648 2.3
      vertex 3.36987 -14.4749 2.7
      vertex 3.48402 -14.4648 2.7
    endloop
  endfacet
  facet normal -0.0881357 0.996108 0
    outer loop
      vertex 3.36987 -14.4749 2.7
      vertex 3.48402 -14.4648 2.3
      vertex 3.36987 -14.4749 2.3
    endloop
  endfacet
  facet normal -0.152841 0.988251 0
    outer loop
      vertex 3.592 -14.4481 2.3
      vertex 3.48402 -14.4648 2.7
      vertex 3.592 -14.4481 2.7
    endloop
  endfacet
  facet normal -0.152841 0.988251 0
    outer loop
      vertex 3.48402 -14.4648 2.7
      vertex 3.592 -14.4481 2.3
      vertex 3.48402 -14.4648 2.3
    endloop
  endfacet
  facet normal -0.22495 0.97437 0
    outer loop
      vertex 3.69379 -14.4246 2.3
      vertex 3.592 -14.4481 2.7
      vertex 3.69379 -14.4246 2.7
    endloop
  endfacet
  facet normal -0.22495 0.97437 0
    outer loop
      vertex 3.592 -14.4481 2.7
      vertex 3.69379 -14.4246 2.3
      vertex 3.592 -14.4481 2.3
    endloop
  endfacet
  facet normal -0.301198 0.953562 0
    outer loop
      vertex 3.7894 -14.3944 2.3
      vertex 3.69379 -14.4246 2.7
      vertex 3.7894 -14.3944 2.7
    endloop
  endfacet
  facet normal -0.301198 0.953562 0
    outer loop
      vertex 3.69379 -14.4246 2.7
      vertex 3.7894 -14.3944 2.3
      vertex 3.69379 -14.4246 2.3
    endloop
  endfacet
  facet normal -0.381347 0.924432 0
    outer loop
      vertex 3.87885 -14.3575 2.3
      vertex 3.7894 -14.3944 2.7
      vertex 3.87885 -14.3575 2.7
    endloop
  endfacet
  facet normal -0.381347 0.924432 0
    outer loop
      vertex 3.7894 -14.3944 2.7
      vertex 3.87885 -14.3575 2.3
      vertex 3.7894 -14.3944 2.3
    endloop
  endfacet
  facet normal -0.463947 0.885863 0
    outer loop
      vertex 3.9621 -14.3139 2.3
      vertex 3.87885 -14.3575 2.7
      vertex 3.9621 -14.3139 2.7
    endloop
  endfacet
  facet normal -0.463947 0.885863 0
    outer loop
      vertex 3.87885 -14.3575 2.7
      vertex 3.9621 -14.3139 2.3
      vertex 3.87885 -14.3575 2.3
    endloop
  endfacet
  facet normal -0.5465 0.837459 0
    outer loop
      vertex 4.03918 -14.2636 2.3
      vertex 3.9621 -14.3139 2.7
      vertex 4.03918 -14.2636 2.7
    endloop
  endfacet
  facet normal -0.5465 0.837459 0
    outer loop
      vertex 3.9621 -14.3139 2.7
      vertex 4.03918 -14.2636 2.3
      vertex 3.9621 -14.3139 2.3
    endloop
  endfacet
  facet normal -0.626516 0.779408 0
    outer loop
      vertex 4.11009 -14.2066 2.3
      vertex 4.03918 -14.2636 2.7
      vertex 4.11009 -14.2066 2.7
    endloop
  endfacet
  facet normal -0.626516 0.779408 0
    outer loop
      vertex 4.03918 -14.2636 2.7
      vertex 4.11009 -14.2066 2.3
      vertex 4.03918 -14.2636 2.3
    endloop
  endfacet
  facet normal -0.70186 0.712315 0
    outer loop
      vertex 4.17413 -14.1435 2.3
      vertex 4.11009 -14.2066 2.7
      vertex 4.17413 -14.1435 2.7
    endloop
  endfacet
  facet normal -0.70186 0.712315 0
    outer loop
      vertex 4.11009 -14.2066 2.7
      vertex 4.17413 -14.1435 2.3
      vertex 4.11009 -14.2066 2.3
    endloop
  endfacet
  facet normal -0.771387 0.636366 0
    outer loop
      vertex 4.17413 -14.1435 2.3
      vertex 4.23064 -14.075 2.7
      vertex 4.23064 -14.075 2.3
    endloop
  endfacet
  facet normal -0.771387 0.636366 0
    outer loop
      vertex 4.23064 -14.075 2.7
      vertex 4.17413 -14.1435 2.3
      vertex 4.17413 -14.1435 2.7
    endloop
  endfacet
  facet normal -0.83354 0.55246 0
    outer loop
      vertex 4.23064 -14.075 2.3
      vertex 4.27962 -14.0011 2.7
      vertex 4.27962 -14.0011 2.3
    endloop
  endfacet
  facet normal -0.83354 0.55246 0
    outer loop
      vertex 4.27962 -14.0011 2.7
      vertex 4.23064 -14.075 2.3
      vertex 4.23064 -14.075 2.7
    endloop
  endfacet
  facet normal -0.886282 0.463146 0
    outer loop
      vertex 4.27962 -14.0011 2.3
      vertex 4.32106 -13.9218 2.7
      vertex 4.32106 -13.9218 2.3
    endloop
  endfacet
  facet normal -0.886282 0.463146 0
    outer loop
      vertex 4.32106 -13.9218 2.7
      vertex 4.27962 -14.0011 2.3
      vertex 4.27962 -14.0011 2.7
    endloop
  endfacet
  facet normal -0.928363 0.371674 0
    outer loop
      vertex 4.32106 -13.9218 2.3
      vertex 4.35497 -13.8371 2.7
      vertex 4.35497 -13.8371 2.3
    endloop
  endfacet
  facet normal -0.928363 0.371674 0
    outer loop
      vertex 4.35497 -13.8371 2.7
      vertex 4.32106 -13.9218 2.3
      vertex 4.32106 -13.9218 2.7
    endloop
  endfacet
  facet normal -0.959768 0.280793 0
    outer loop
      vertex 4.35497 -13.8371 2.3
      vertex 4.38133 -13.747 2.7
      vertex 4.38133 -13.747 2.3
    endloop
  endfacet
  facet normal -0.959768 0.280793 0
    outer loop
      vertex 4.38133 -13.747 2.7
      vertex 4.35497 -13.8371 2.3
      vertex 4.35497 -13.8371 2.7
    endloop
  endfacet
  facet normal -0.981071 0.193646 0
    outer loop
      vertex 4.38133 -13.747 2.3
      vertex 4.40018 -13.6515 2.7
      vertex 4.40018 -13.6515 2.3
    endloop
  endfacet
  facet normal -0.981071 0.193646 0
    outer loop
      vertex 4.40018 -13.6515 2.7
      vertex 4.38133 -13.747 2.3
      vertex 4.38133 -13.747 2.7
    endloop
  endfacet
  facet normal -0.993787 0.111296 0
    outer loop
      vertex 4.40018 -13.6515 2.3
      vertex 4.41148 -13.5506 2.7
      vertex 4.41148 -13.5506 2.3
    endloop
  endfacet
  facet normal -0.993787 0.111296 0
    outer loop
      vertex 4.41148 -13.5506 2.7
      vertex 4.40018 -13.6515 2.3
      vertex 4.40018 -13.6515 2.7
    endloop
  endfacet
  facet normal -0.999372 0.0354434 0
    outer loop
      vertex 4.41148 -13.5506 2.3
      vertex 4.41525 -13.4443 2.7
      vertex 4.41525 -13.4443 2.3
    endloop
  endfacet
  facet normal -0.999372 0.0354434 0
    outer loop
      vertex 4.41525 -13.4443 2.7
      vertex 4.41148 -13.5506 2.3
      vertex 4.41148 -13.5506 2.7
    endloop
  endfacet
  facet normal -0.999371 -0.0354709 0
    outer loop
      vertex 4.41525 -13.4443 2.3
      vertex 4.41158 -13.3409 2.7
      vertex 4.41158 -13.3409 2.3
    endloop
  endfacet
  facet normal -0.999371 -0.0354709 0
    outer loop
      vertex 4.41158 -13.3409 2.7
      vertex 4.41525 -13.4443 2.3
      vertex 4.41525 -13.4443 2.7
    endloop
  endfacet
  facet normal -0.993811 -0.111085 0
    outer loop
      vertex 4.41158 -13.3409 2.3
      vertex 4.40057 -13.2424 2.7
      vertex 4.40057 -13.2424 2.3
    endloop
  endfacet
  facet normal -0.993811 -0.111085 0
    outer loop
      vertex 4.40057 -13.2424 2.7
      vertex 4.41158 -13.3409 2.3
      vertex 4.41158 -13.3409 2.7
    endloop
  endfacet
  facet normal -0.981379 -0.192082 0
    outer loop
      vertex 4.40057 -13.2424 2.3
      vertex 4.38225 -13.1488 2.7
      vertex 4.38225 -13.1488 2.3
    endloop
  endfacet
  facet normal -0.981379 -0.192082 0
    outer loop
      vertex 4.38225 -13.1488 2.7
      vertex 4.40057 -13.2424 2.3
      vertex 4.40057 -13.2424 2.7
    endloop
  endfacet
  facet normal -0.960637 -0.277806 0
    outer loop
      vertex 4.38225 -13.1488 2.3
      vertex 4.35657 -13.06 2.7
      vertex 4.35657 -13.06 2.3
    endloop
  endfacet
  facet normal -0.960637 -0.277806 0
    outer loop
      vertex 4.35657 -13.06 2.7
      vertex 4.38225 -13.1488 2.3
      vertex 4.38225 -13.1488 2.7
    endloop
  endfacet
  facet normal -0.930565 -0.366126 0
    outer loop
      vertex 4.35657 -13.06 2.3
      vertex 4.32356 -12.9761 2.7
      vertex 4.32356 -12.9761 2.3
    endloop
  endfacet
  facet normal -0.930565 -0.366126 0
    outer loop
      vertex 4.32356 -12.9761 2.7
      vertex 4.35657 -13.06 2.3
      vertex 4.35657 -13.06 2.7
    endloop
  endfacet
  facet normal -0.890653 -0.454684 0
    outer loop
      vertex 4.32356 -12.9761 2.3
      vertex 4.28323 -12.8971 2.7
      vertex 4.28323 -12.8971 2.3
    endloop
  endfacet
  facet normal -0.890653 -0.454684 0
    outer loop
      vertex 4.28323 -12.8971 2.7
      vertex 4.32356 -12.9761 2.3
      vertex 4.32356 -12.9761 2.7
    endloop
  endfacet
  facet normal -0.841053 -0.540953 0
    outer loop
      vertex 4.28323 -12.8971 2.3
      vertex 4.23557 -12.823 2.7
      vertex 4.23557 -12.823 2.3
    endloop
  endfacet
  facet normal -0.841053 -0.540953 0
    outer loop
      vertex 4.23557 -12.823 2.7
      vertex 4.28323 -12.8971 2.3
      vertex 4.28323 -12.8971 2.7
    endloop
  endfacet
  facet normal -0.783234 -0.621727 0
    outer loop
      vertex 4.23557 -12.823 2.3
      vertex 4.18056 -12.7537 2.7
      vertex 4.18056 -12.7537 2.3
    endloop
  endfacet
  facet normal -0.783234 -0.621727 0
    outer loop
      vertex 4.18056 -12.7537 2.7
      vertex 4.23557 -12.823 2.3
      vertex 4.23557 -12.823 2.7
    endloop
  endfacet
  facet normal -0.718449 -0.695579 0
    outer loop
      vertex 4.18056 -12.7537 2.3
      vertex 4.11821 -12.6893 2.7
      vertex 4.11821 -12.6893 2.3
    endloop
  endfacet
  facet normal -0.718449 -0.695579 0
    outer loop
      vertex 4.11821 -12.6893 2.7
      vertex 4.18056 -12.7537 2.3
      vertex 4.18056 -12.7537 2.7
    endloop
  endfacet
  facet normal -0.648871 -0.760898 0
    outer loop
      vertex 4.04961 -12.6308 2.3
      vertex 4.11821 -12.6893 2.7
      vertex 4.04961 -12.6308 2.7
    endloop
  endfacet
  facet normal -0.648871 -0.760898 -0
    outer loop
      vertex 4.11821 -12.6893 2.7
      vertex 4.04961 -12.6308 2.3
      vertex 4.11821 -12.6893 2.3
    endloop
  endfacet
  facet normal -0.573552 -0.819169 0
    outer loop
      vertex 3.97577 -12.5791 2.3
      vertex 4.04961 -12.6308 2.7
      vertex 3.97577 -12.5791 2.7
    endloop
  endfacet
  facet normal -0.573552 -0.819169 -0
    outer loop
      vertex 4.04961 -12.6308 2.7
      vertex 3.97577 -12.5791 2.3
      vertex 4.04961 -12.6308 2.3
    endloop
  endfacet
  facet normal -0.492126 -0.870524 0
    outer loop
      vertex 3.8967 -12.5344 2.3
      vertex 3.97577 -12.5791 2.7
      vertex 3.8967 -12.5344 2.7
    endloop
  endfacet
  facet normal -0.492126 -0.870524 -0
    outer loop
      vertex 3.97577 -12.5791 2.7
      vertex 3.8967 -12.5344 2.3
      vertex 3.97577 -12.5791 2.3
    endloop
  endfacet
  facet normal -0.410131 -0.912027 0
    outer loop
      vertex 3.81242 -12.4965 2.3
      vertex 3.8967 -12.5344 2.7
      vertex 3.81242 -12.4965 2.7
    endloop
  endfacet
  facet normal -0.410131 -0.912027 -0
    outer loop
      vertex 3.8967 -12.5344 2.7
      vertex 3.81242 -12.4965 2.3
      vertex 3.8967 -12.5344 2.3
    endloop
  endfacet
  facet normal -0.327292 -0.944923 0
    outer loop
      vertex 3.72292 -12.4655 2.3
      vertex 3.81242 -12.4965 2.7
      vertex 3.72292 -12.4655 2.7
    endloop
  endfacet
  facet normal -0.327292 -0.944923 -0
    outer loop
      vertex 3.81242 -12.4965 2.7
      vertex 3.72292 -12.4655 2.3
      vertex 3.81242 -12.4965 2.3
    endloop
  endfacet
  facet normal -0.246505 -0.969142 0
    outer loop
      vertex 3.62817 -12.4414 2.3
      vertex 3.72292 -12.4655 2.7
      vertex 3.62817 -12.4414 2.7
    endloop
  endfacet
  facet normal -0.246505 -0.969142 -0
    outer loop
      vertex 3.72292 -12.4655 2.7
      vertex 3.62817 -12.4414 2.3
      vertex 3.72292 -12.4655 2.3
    endloop
  endfacet
  facet normal -0.169577 -0.985517 0
    outer loop
      vertex 3.52821 -12.4242 2.3
      vertex 3.62817 -12.4414 2.7
      vertex 3.52821 -12.4242 2.7
    endloop
  endfacet
  facet normal -0.169577 -0.985517 -0
    outer loop
      vertex 3.62817 -12.4414 2.7
      vertex 3.52821 -12.4242 2.3
      vertex 3.62817 -12.4414 2.3
    endloop
  endfacet
  facet normal -0.0974612 -0.995239 0
    outer loop
      vertex 3.42303 -12.4139 2.3
      vertex 3.52821 -12.4242 2.7
      vertex 3.42303 -12.4139 2.7
    endloop
  endfacet
  facet normal -0.0974612 -0.995239 -0
    outer loop
      vertex 3.52821 -12.4242 2.7
      vertex 3.42303 -12.4139 2.3
      vertex 3.52821 -12.4242 2.3
    endloop
  endfacet
  facet normal -0.0316841 -0.999498 0
    outer loop
      vertex 3.31262 -12.4104 2.3
      vertex 3.42303 -12.4139 2.7
      vertex 3.31262 -12.4104 2.7
    endloop
  endfacet
  facet normal -0.0316841 -0.999498 -0
    outer loop
      vertex 3.42303 -12.4139 2.7
      vertex 3.31262 -12.4104 2.3
      vertex 3.42303 -12.4139 2.3
    endloop
  endfacet
  facet normal 0.0100497 -0.99995 0
    outer loop
      vertex 3.29272 -12.4106 2.3
      vertex 3.31262 -12.4104 2.7
      vertex 3.29272 -12.4106 2.7
    endloop
  endfacet
  facet normal 0.0100497 -0.99995 0
    outer loop
      vertex 3.31262 -12.4104 2.7
      vertex 3.29272 -12.4106 2.3
      vertex 3.31262 -12.4104 2.3
    endloop
  endfacet
  facet normal 0.0301673 -0.999545 0
    outer loop
      vertex 3.27284 -12.4112 2.3
      vertex 3.29272 -12.4106 2.7
      vertex 3.27284 -12.4112 2.7
    endloop
  endfacet
  facet normal 0.0301673 -0.999545 0
    outer loop
      vertex 3.29272 -12.4106 2.7
      vertex 3.27284 -12.4112 2.3
      vertex 3.29272 -12.4106 2.3
    endloop
  endfacet
  facet normal 0.0451799 -0.998979 0
    outer loop
      vertex 3.25294 -12.4121 2.3
      vertex 3.27284 -12.4112 2.7
      vertex 3.25294 -12.4121 2.7
    endloop
  endfacet
  facet normal 0.0451799 -0.998979 0
    outer loop
      vertex 3.27284 -12.4112 2.7
      vertex 3.25294 -12.4121 2.3
      vertex 3.27284 -12.4112 2.3
    endloop
  endfacet
  facet normal 0.0702134 -0.997532 0
    outer loop
      vertex 3.23305 -12.4135 2.3
      vertex 3.25294 -12.4121 2.7
      vertex 3.23305 -12.4135 2.7
    endloop
  endfacet
  facet normal 0.0702134 -0.997532 0
    outer loop
      vertex 3.25294 -12.4121 2.7
      vertex 3.23305 -12.4135 2.3
      vertex 3.25294 -12.4121 2.3
    endloop
  endfacet
  facet normal 0.0802235 -0.996777 0
    outer loop
      vertex 3.21317 -12.4151 2.3
      vertex 3.23305 -12.4135 2.7
      vertex 3.21317 -12.4151 2.7
    endloop
  endfacet
  facet normal 0.0802235 -0.996777 0
    outer loop
      vertex 3.23305 -12.4135 2.7
      vertex 3.21317 -12.4151 2.3
      vertex 3.23305 -12.4135 2.3
    endloop
  endfacet
  facet normal 0.104945 -0.994478 0
    outer loop
      vertex 3.19327 -12.4172 2.3
      vertex 3.21317 -12.4151 2.7
      vertex 3.19327 -12.4172 2.7
    endloop
  endfacet
  facet normal 0.104945 -0.994478 0
    outer loop
      vertex 3.21317 -12.4151 2.7
      vertex 3.19327 -12.4172 2.3
      vertex 3.21317 -12.4151 2.3
    endloop
  endfacet
  facet normal 0.124648 -0.992201 0
    outer loop
      vertex 3.17337 -12.4197 2.3
      vertex 3.19327 -12.4172 2.7
      vertex 3.17337 -12.4197 2.7
    endloop
  endfacet
  facet normal 0.124648 -0.992201 0
    outer loop
      vertex 3.19327 -12.4172 2.7
      vertex 3.17337 -12.4197 2.3
      vertex 3.19327 -12.4172 2.3
    endloop
  endfacet
  facet normal 0.139331 -0.990246 0
    outer loop
      vertex 3.15347 -12.4225 2.3
      vertex 3.17337 -12.4197 2.7
      vertex 3.15347 -12.4225 2.7
    endloop
  endfacet
  facet normal 0.139331 -0.990246 0
    outer loop
      vertex 3.17337 -12.4197 2.7
      vertex 3.15347 -12.4225 2.3
      vertex 3.17337 -12.4197 2.3
    endloop
  endfacet
  facet normal 0.15892 -0.987291 0
    outer loop
      vertex 3.13359 -12.4257 2.3
      vertex 3.15347 -12.4225 2.7
      vertex 3.13359 -12.4257 2.7
    endloop
  endfacet
  facet normal 0.15892 -0.987291 0
    outer loop
      vertex 3.15347 -12.4225 2.7
      vertex 3.13359 -12.4257 2.3
      vertex 3.15347 -12.4225 2.3
    endloop
  endfacet
  facet normal 0.178015 -0.984028 0
    outer loop
      vertex 3.11369 -12.4293 2.3
      vertex 3.13359 -12.4257 2.7
      vertex 3.11369 -12.4293 2.7
    endloop
  endfacet
  facet normal 0.178015 -0.984028 0
    outer loop
      vertex 3.13359 -12.4257 2.7
      vertex 3.11369 -12.4293 2.3
      vertex 3.13359 -12.4257 2.3
    endloop
  endfacet
  facet normal 0.192508 -0.981295 0
    outer loop
      vertex 3.09381 -12.4332 2.3
      vertex 3.11369 -12.4293 2.7
      vertex 3.09381 -12.4332 2.7
    endloop
  endfacet
  facet normal 0.192508 -0.981295 0
    outer loop
      vertex 3.11369 -12.4293 2.7
      vertex 3.09381 -12.4332 2.3
      vertex 3.11369 -12.4293 2.3
    endloop
  endfacet
  facet normal 0.216098 -0.976372 0
    outer loop
      vertex 3.07393 -12.4376 2.3
      vertex 3.09381 -12.4332 2.7
      vertex 3.07393 -12.4376 2.7
    endloop
  endfacet
  facet normal 0.216098 -0.976372 0
    outer loop
      vertex 3.09381 -12.4332 2.7
      vertex 3.07393 -12.4376 2.3
      vertex 3.09381 -12.4332 2.3
    endloop
  endfacet
  facet normal 0.229857 -0.973224 0
    outer loop
      vertex 3.05403 -12.4423 2.3
      vertex 3.07393 -12.4376 2.7
      vertex 3.05403 -12.4423 2.7
    endloop
  endfacet
  facet normal 0.229857 -0.973224 0
    outer loop
      vertex 3.07393 -12.4376 2.7
      vertex 3.05403 -12.4423 2.3
      vertex 3.07393 -12.4376 2.3
    endloop
  endfacet
  facet normal 0.243913 -0.969797 0
    outer loop
      vertex 3.03415 -12.4473 2.3
      vertex 3.05403 -12.4423 2.7
      vertex 3.03415 -12.4473 2.7
    endloop
  endfacet
  facet normal 0.243913 -0.969797 0
    outer loop
      vertex 3.05403 -12.4423 2.7
      vertex 3.03415 -12.4473 2.3
      vertex 3.05403 -12.4423 2.3
    endloop
  endfacet
  facet normal 0.266395 -0.963864 0
    outer loop
      vertex 3.01425 -12.4528 2.3
      vertex 3.03415 -12.4473 2.7
      vertex 3.01425 -12.4528 2.7
    endloop
  endfacet
  facet normal 0.266395 -0.963864 0
    outer loop
      vertex 3.03415 -12.4473 2.7
      vertex 3.01425 -12.4528 2.3
      vertex 3.03415 -12.4473 2.3
    endloop
  endfacet
  facet normal 0.279815 -0.960054 0
    outer loop
      vertex 2.99435 -12.4586 2.3
      vertex 3.01425 -12.4528 2.7
      vertex 2.99435 -12.4586 2.7
    endloop
  endfacet
  facet normal 0.279815 -0.960054 0
    outer loop
      vertex 3.01425 -12.4528 2.7
      vertex 2.99435 -12.4586 2.3
      vertex 3.01425 -12.4528 2.3
    endloop
  endfacet
  facet normal 0.297728 -0.954651 0
    outer loop
      vertex 2.97447 -12.4648 2.3
      vertex 2.99435 -12.4586 2.7
      vertex 2.97447 -12.4648 2.7
    endloop
  endfacet
  facet normal 0.297728 -0.954651 0
    outer loop
      vertex 2.99435 -12.4586 2.7
      vertex 2.97447 -12.4648 2.3
      vertex 2.99435 -12.4586 2.3
    endloop
  endfacet
  facet normal 0.314797 -0.949159 0
    outer loop
      vertex 2.95457 -12.4714 2.3
      vertex 2.97447 -12.4648 2.7
      vertex 2.95457 -12.4714 2.7
    endloop
  endfacet
  facet normal 0.314797 -0.949159 0
    outer loop
      vertex 2.97447 -12.4648 2.7
      vertex 2.95457 -12.4714 2.3
      vertex 2.97447 -12.4648 2.3
    endloop
  endfacet
  facet normal -1 0 0
    outer loop
      vertex 2.95457 -12.4714 2.3
      vertex 2.95457 -11.7269 2.7
      vertex 2.95457 -11.7269 2.3
    endloop
  endfacet
  facet normal -1 -0 0
    outer loop
      vertex 2.95457 -11.7269 2.7
      vertex 2.95457 -12.4714 2.3
      vertex 2.95457 -12.4714 2.7
    endloop
  endfacet
  facet normal 0 1 -0
    outer loop
      vertex 4.19148 -11.7269 2.3
      vertex 2.95457 -11.7269 2.7
      vertex 4.19148 -11.7269 2.7
    endloop
  endfacet
  facet normal 0 1 0
    outer loop
      vertex 2.95457 -11.7269 2.7
      vertex 4.19148 -11.7269 2.3
      vertex 2.95457 -11.7269 2.3
    endloop
  endfacet
  facet normal -1 0 0
    outer loop
      vertex 4.19148 -11.7269 2.3
      vertex 4.19148 -11.3813 2.7
      vertex 4.19148 -11.3813 2.3
    endloop
  endfacet
  facet normal -1 -0 0
    outer loop
      vertex 4.19148 -11.3813 2.7
      vertex 4.19148 -11.7269 2.3
      vertex 4.19148 -11.7269 2.7
    endloop
  endfacet
  facet normal 0 -1 0
    outer loop
      vertex 2.57823 -11.3813 2.3
      vertex 4.19148 -11.3813 2.7
      vertex 2.57823 -11.3813 2.7
    endloop
  endfacet
  facet normal 0 -1 -0
    outer loop
      vertex 4.19148 -11.3813 2.7
      vertex 2.57823 -11.3813 2.3
      vertex 4.19148 -11.3813 2.3
    endloop
  endfacet
  facet normal 1 -0 0
    outer loop
      vertex 2.57823 -12.9058 2.7
      vertex 2.57823 -11.3813 2.3
      vertex 2.57823 -11.3813 2.7
    endloop
  endfacet
  facet normal 1 0 0
    outer loop
      vertex 2.57823 -11.3813 2.3
      vertex 2.57823 -12.9058 2.7
      vertex 2.57823 -12.9058 2.3
    endloop
  endfacet
  facet normal -0.401466 0.915874 0
    outer loop
      vertex 2.6161 -12.8892 2.3
      vertex 2.57823 -12.9058 2.7
      vertex 2.6161 -12.8892 2.7
    endloop
  endfacet
  facet normal -0.401466 0.915874 0
    outer loop
      vertex 2.57823 -12.9058 2.7
      vertex 2.6161 -12.8892 2.3
      vertex 2.57823 -12.9058 2.3
    endloop
  endfacet
  facet normal -0.382179 0.924088 0
    outer loop
      vertex 2.65382 -12.8736 2.3
      vertex 2.6161 -12.8892 2.7
      vertex 2.65382 -12.8736 2.7
    endloop
  endfacet
  facet normal -0.382179 0.924088 0
    outer loop
      vertex 2.6161 -12.8892 2.7
      vertex 2.65382 -12.8736 2.3
      vertex 2.6161 -12.8892 2.3
    endloop
  endfacet
  facet normal -0.36247 0.931995 0
    outer loop
      vertex 2.69136 -12.859 2.3
      vertex 2.65382 -12.8736 2.7
      vertex 2.69136 -12.859 2.7
    endloop
  endfacet
  facet normal -0.36247 0.931995 0
    outer loop
      vertex 2.65382 -12.8736 2.7
      vertex 2.69136 -12.859 2.3
      vertex 2.65382 -12.8736 2.3
    endloop
  endfacet
  facet normal -0.342147 0.939646 0
    outer loop
      vertex 2.72871 -12.8454 2.3
      vertex 2.69136 -12.859 2.7
      vertex 2.72871 -12.8454 2.7
    endloop
  endfacet
  facet normal -0.342147 0.939646 0
    outer loop
      vertex 2.69136 -12.859 2.7
      vertex 2.72871 -12.8454 2.3
      vertex 2.69136 -12.859 2.3
    endloop
  endfacet
  facet normal -0.318597 0.94789 0
    outer loop
      vertex 2.7659 -12.8329 2.3
      vertex 2.72871 -12.8454 2.7
      vertex 2.7659 -12.8329 2.7
    endloop
  endfacet
  facet normal -0.318597 0.94789 0
    outer loop
      vertex 2.72871 -12.8454 2.7
      vertex 2.7659 -12.8329 2.3
      vertex 2.72871 -12.8454 2.3
    endloop
  endfacet
  facet normal -0.299156 0.954204 0
    outer loop
      vertex 2.8029 -12.8213 2.3
      vertex 2.7659 -12.8329 2.7
      vertex 2.8029 -12.8213 2.7
    endloop
  endfacet
  facet normal -0.299156 0.954204 0
    outer loop
      vertex 2.7659 -12.8329 2.7
      vertex 2.8029 -12.8213 2.3
      vertex 2.7659 -12.8329 2.3
    endloop
  endfacet
  facet normal -0.276512 0.96101 0
    outer loop
      vertex 2.83974 -12.8107 2.3
      vertex 2.8029 -12.8213 2.7
      vertex 2.83974 -12.8107 2.7
    endloop
  endfacet
  facet normal -0.276512 0.96101 0
    outer loop
      vertex 2.8029 -12.8213 2.7
      vertex 2.83974 -12.8107 2.3
      vertex 2.8029 -12.8213 2.3
    endloop
  endfacet
  facet normal -0.253389 0.967365 0
    outer loop
      vertex 2.87639 -12.8011 2.3
      vertex 2.83974 -12.8107 2.7
      vertex 2.87639 -12.8011 2.7
    endloop
  endfacet
  facet normal -0.253389 0.967365 0
    outer loop
      vertex 2.83974 -12.8107 2.7
      vertex 2.87639 -12.8011 2.3
      vertex 2.83974 -12.8107 2.3
    endloop
  endfacet
  facet normal -0.229456 0.973319 0
    outer loop
      vertex 2.91287 -12.7925 2.3
      vertex 2.87639 -12.8011 2.7
      vertex 2.91287 -12.7925 2.7
    endloop
  endfacet
  facet normal -0.229456 0.973319 0
    outer loop
      vertex 2.87639 -12.8011 2.7
      vertex 2.91287 -12.7925 2.3
      vertex 2.87639 -12.8011 2.3
    endloop
  endfacet
  facet normal -0.206904 0.978361 0
    outer loop
      vertex 2.94928 -12.7848 2.3
      vertex 2.91287 -12.7925 2.7
      vertex 2.94928 -12.7848 2.7
    endloop
  endfacet
  facet normal -0.206904 0.978361 0
    outer loop
      vertex 2.91287 -12.7925 2.7
      vertex 2.94928 -12.7848 2.3
      vertex 2.91287 -12.7925 2.3
    endloop
  endfacet
  facet normal -0.180833 0.983514 0
    outer loop
      vertex 2.98572 -12.7781 2.3
      vertex 2.94928 -12.7848 2.7
      vertex 2.98572 -12.7781 2.7
    endloop
  endfacet
  facet normal -0.180833 0.983514 0
    outer loop
      vertex 2.94928 -12.7848 2.7
      vertex 2.98572 -12.7781 2.3
      vertex 2.94928 -12.7848 2.3
    endloop
  endfacet
  facet normal -0.159786 0.987152 0
    outer loop
      vertex 3.02217 -12.7722 2.3
      vertex 2.98572 -12.7781 2.7
      vertex 3.02217 -12.7722 2.7
    endloop
  endfacet
  facet normal -0.159786 0.987152 0
    outer loop
      vertex 2.98572 -12.7781 2.7
      vertex 3.02217 -12.7722 2.3
      vertex 2.98572 -12.7781 2.3
    endloop
  endfacet
  facet normal -0.133125 0.991099 0
    outer loop
      vertex 3.05865 -12.7673 2.3
      vertex 3.02217 -12.7722 2.7
      vertex 3.05865 -12.7673 2.7
    endloop
  endfacet
  facet normal -0.133125 0.991099 0
    outer loop
      vertex 3.02217 -12.7722 2.7
      vertex 3.05865 -12.7673 2.3
      vertex 3.02217 -12.7722 2.3
    endloop
  endfacet
  facet normal -0.111627 0.99375 0
    outer loop
      vertex 3.09515 -12.7632 2.3
      vertex 3.05865 -12.7673 2.7
      vertex 3.09515 -12.7632 2.7
    endloop
  endfacet
  facet normal -0.111627 0.99375 0
    outer loop
      vertex 3.05865 -12.7673 2.7
      vertex 3.09515 -12.7632 2.3
      vertex 3.05865 -12.7673 2.3
    endloop
  endfacet
  facet normal -0.0845578 0.996419 0
    outer loop
      vertex 3.13168 -12.7601 2.3
      vertex 3.09515 -12.7632 2.7
      vertex 3.13168 -12.7601 2.7
    endloop
  endfacet
  facet normal -0.0845578 0.996419 0
    outer loop
      vertex 3.09515 -12.7632 2.7
      vertex 3.13168 -12.7601 2.3
      vertex 3.09515 -12.7632 2.3
    endloop
  endfacet
  facet normal -0.0627862 0.998027 0
    outer loop
      vertex 3.16824 -12.7578 2.3
      vertex 3.13168 -12.7601 2.7
      vertex 3.16824 -12.7578 2.7
    endloop
  endfacet
  facet normal -0.0627862 0.998027 0
    outer loop
      vertex 3.13168 -12.7601 2.7
      vertex 3.16824 -12.7578 2.3
      vertex 3.13168 -12.7601 2.3
    endloop
  endfacet
  facet normal -0.0355064 0.999369 0
    outer loop
      vertex 3.20483 -12.7565 2.3
      vertex 3.16824 -12.7578 2.7
      vertex 3.20483 -12.7565 2.7
    endloop
  endfacet
  facet normal -0.0355064 0.999369 0
    outer loop
      vertex 3.16824 -12.7578 2.7
      vertex 3.20483 -12.7565 2.3
      vertex 3.16824 -12.7578 2.3
    endloop
  endfacet
  facet normal -0.0136562 0.999907 0
    outer loop
      vertex 3.24144 -12.756 2.3
      vertex 3.20483 -12.7565 2.7
      vertex 3.24144 -12.756 2.7
    endloop
  endfacet
  facet normal -0.0136562 0.999907 0
    outer loop
      vertex 3.20483 -12.7565 2.7
      vertex 3.24144 -12.756 2.3
      vertex 3.20483 -12.7565 2.3
    endloop
  endfacet
  facet normal 0.0300911 0.999547 -0
    outer loop
      vertex 3.31784 -12.7583 2.3
      vertex 3.24144 -12.756 2.7
      vertex 3.31784 -12.7583 2.7
    endloop
  endfacet
  facet normal 0.0300911 0.999547 0
    outer loop
      vertex 3.24144 -12.756 2.7
      vertex 3.31784 -12.7583 2.3
      vertex 3.24144 -12.756 2.3
    endloop
  endfacet
  facet normal 0.0943959 0.995535 -0
    outer loop
      vertex 3.39061 -12.7652 2.3
      vertex 3.31784 -12.7583 2.7
      vertex 3.39061 -12.7652 2.7
    endloop
  endfacet
  facet normal 0.0943959 0.995535 0
    outer loop
      vertex 3.31784 -12.7583 2.7
      vertex 3.39061 -12.7652 2.3
      vertex 3.31784 -12.7583 2.3
    endloop
  endfacet
  facet normal 0.162618 0.986689 -0
    outer loop
      vertex 3.45978 -12.7766 2.3
      vertex 3.39061 -12.7652 2.7
      vertex 3.45978 -12.7766 2.7
    endloop
  endfacet
  facet normal 0.162618 0.986689 0
    outer loop
      vertex 3.39061 -12.7652 2.7
      vertex 3.45978 -12.7766 2.3
      vertex 3.39061 -12.7652 2.3
    endloop
  endfacet
  facet normal 0.237127 0.971479 -0
    outer loop
      vertex 3.52533 -12.7926 2.3
      vertex 3.45978 -12.7766 2.7
      vertex 3.52533 -12.7926 2.7
    endloop
  endfacet
  facet normal 0.237127 0.971479 0
    outer loop
      vertex 3.45978 -12.7766 2.7
      vertex 3.52533 -12.7926 2.3
      vertex 3.45978 -12.7766 2.3
    endloop
  endfacet
  facet normal 0.315584 0.948898 -0
    outer loop
      vertex 3.58727 -12.8132 2.3
      vertex 3.52533 -12.7926 2.7
      vertex 3.58727 -12.8132 2.7
    endloop
  endfacet
  facet normal 0.315584 0.948898 0
    outer loop
      vertex 3.52533 -12.7926 2.7
      vertex 3.58727 -12.8132 2.3
      vertex 3.52533 -12.7926 2.3
    endloop
  endfacet
  facet normal 0.39671 0.917944 -0
    outer loop
      vertex 3.64558 -12.8384 2.3
      vertex 3.58727 -12.8132 2.7
      vertex 3.64558 -12.8384 2.7
    endloop
  endfacet
  facet normal 0.39671 0.917944 0
    outer loop
      vertex 3.58727 -12.8132 2.7
      vertex 3.64558 -12.8384 2.3
      vertex 3.58727 -12.8132 2.3
    endloop
  endfacet
  facet normal 0.477095 0.878852 -0
    outer loop
      vertex 3.70029 -12.8681 2.3
      vertex 3.64558 -12.8384 2.7
      vertex 3.70029 -12.8681 2.7
    endloop
  endfacet
  facet normal 0.477095 0.878852 0
    outer loop
      vertex 3.64558 -12.8384 2.7
      vertex 3.70029 -12.8681 2.3
      vertex 3.64558 -12.8384 2.3
    endloop
  endfacet
  facet normal 0.558591 0.829443 -0
    outer loop
      vertex 3.75137 -12.9025 2.3
      vertex 3.70029 -12.8681 2.7
      vertex 3.75137 -12.9025 2.7
    endloop
  endfacet
  facet normal 0.558591 0.829443 0
    outer loop
      vertex 3.70029 -12.8681 2.7
      vertex 3.75137 -12.9025 2.3
      vertex 3.70029 -12.8681 2.3
    endloop
  endfacet
  facet normal 0.632936 0.774204 -0
    outer loop
      vertex 3.79883 -12.9413 2.3
      vertex 3.75137 -12.9025 2.7
      vertex 3.79883 -12.9413 2.7
    endloop
  endfacet
  facet normal 0.632936 0.774204 0
    outer loop
      vertex 3.75137 -12.9025 2.7
      vertex 3.79883 -12.9413 2.3
      vertex 3.75137 -12.9025 2.3
    endloop
  endfacet
  facet normal 0.704386 0.709817 -0
    outer loop
      vertex 3.84196 -12.9841 2.3
      vertex 3.79883 -12.9413 2.7
      vertex 3.84196 -12.9841 2.7
    endloop
  endfacet
  facet normal 0.704386 0.709817 0
    outer loop
      vertex 3.79883 -12.9413 2.7
      vertex 3.84196 -12.9841 2.3
      vertex 3.79883 -12.9413 2.3
    endloop
  endfacet
  facet normal 0.771312 0.636458 0
    outer loop
      vertex 3.88 -13.0302 2.7
      vertex 3.84196 -12.9841 2.3
      vertex 3.84196 -12.9841 2.7
    endloop
  endfacet
  facet normal 0.771312 0.636458 0
    outer loop
      vertex 3.84196 -12.9841 2.3
      vertex 3.88 -13.0302 2.7
      vertex 3.88 -13.0302 2.3
    endloop
  endfacet
  facet normal 0.831687 0.555244 0
    outer loop
      vertex 3.91298 -13.0796 2.7
      vertex 3.88 -13.0302 2.3
      vertex 3.88 -13.0302 2.7
    endloop
  endfacet
  facet normal 0.831687 0.555244 0
    outer loop
      vertex 3.88 -13.0302 2.3
      vertex 3.91298 -13.0796 2.7
      vertex 3.91298 -13.0796 2.3
    endloop
  endfacet
  facet normal 0.88335 0.468713 0
    outer loop
      vertex 3.94089 -13.1322 2.7
      vertex 3.91298 -13.0796 2.3
      vertex 3.91298 -13.0796 2.7
    endloop
  endfacet
  facet normal 0.88335 0.468713 0
    outer loop
      vertex 3.91298 -13.0796 2.3
      vertex 3.94089 -13.1322 2.7
      vertex 3.94089 -13.1322 2.3
    endloop
  endfacet
  facet normal 0.925826 0.377949 0
    outer loop
      vertex 3.96371 -13.1881 2.7
      vertex 3.94089 -13.1322 2.3
      vertex 3.94089 -13.1322 2.7
    endloop
  endfacet
  facet normal 0.925826 0.377949 0
    outer loop
      vertex 3.94089 -13.1322 2.3
      vertex 3.96371 -13.1881 2.7
      vertex 3.96371 -13.1881 2.3
    endloop
  endfacet
  facet normal 0.957782 0.287496 0
    outer loop
      vertex 3.98148 -13.2473 2.7
      vertex 3.96371 -13.1881 2.3
      vertex 3.96371 -13.1881 2.7
    endloop
  endfacet
  facet normal 0.957782 0.287496 0
    outer loop
      vertex 3.96371 -13.1881 2.3
      vertex 3.98148 -13.2473 2.7
      vertex 3.98148 -13.2473 2.3
    endloop
  endfacet
  facet normal 0.979972 0.199135 0
    outer loop
      vertex 3.99416 -13.3097 2.7
      vertex 3.98148 -13.2473 2.3
      vertex 3.98148 -13.2473 2.7
    endloop
  endfacet
  facet normal 0.979972 0.199135 0
    outer loop
      vertex 3.98148 -13.2473 2.3
      vertex 3.99416 -13.3097 2.7
      vertex 3.99416 -13.3097 2.3
    endloop
  endfacet
  facet normal 0.993359 0.11506 0
    outer loop
      vertex 4.00177 -13.3754 2.7
      vertex 3.99416 -13.3097 2.3
      vertex 3.99416 -13.3097 2.7
    endloop
  endfacet
  facet normal 0.993359 0.11506 0
    outer loop
      vertex 3.99416 -13.3097 2.3
      vertex 4.00177 -13.3754 2.7
      vertex 4.00177 -13.3754 2.3
    endloop
  endfacet
  facet normal 0.999327 0.0366952 0
    outer loop
      vertex 4.0043 -13.4443 2.7
      vertex 4.00177 -13.3754 2.3
      vertex 4.00177 -13.3754 2.7
    endloop
  endfacet
  facet normal 0.999327 0.0366952 0
    outer loop
      vertex 4.00177 -13.3754 2.3
      vertex 4.0043 -13.4443 2.7
      vertex 4.0043 -13.4443 2.3
    endloop
  endfacet
  facet normal 0.999328 -0.036642 0
    outer loop
      vertex 4.00177 -13.5133 2.7
      vertex 4.0043 -13.4443 2.3
      vertex 4.0043 -13.4443 2.7
    endloop
  endfacet
  facet normal 0.999328 -0.036642 0
    outer loop
      vertex 4.0043 -13.4443 2.3
      vertex 4.00177 -13.5133 2.7
      vertex 4.00177 -13.5133 2.3
    endloop
  endfacet
  facet normal 0.993359 -0.11506 0
    outer loop
      vertex 3.99416 -13.579 2.7
      vertex 4.00177 -13.5133 2.3
      vertex 4.00177 -13.5133 2.7
    endloop
  endfacet
  facet normal 0.993359 -0.11506 0
    outer loop
      vertex 4.00177 -13.5133 2.3
      vertex 3.99416 -13.579 2.7
      vertex 3.99416 -13.579 2.3
    endloop
  endfacet
  facet normal 0.979972 -0.199135 0
    outer loop
      vertex 3.98148 -13.6414 2.7
      vertex 3.99416 -13.579 2.3
      vertex 3.99416 -13.579 2.7
    endloop
  endfacet
  facet normal 0.979972 -0.199135 0
    outer loop
      vertex 3.99416 -13.579 2.3
      vertex 3.98148 -13.6414 2.7
      vertex 3.98148 -13.6414 2.3
    endloop
  endfacet
  facet normal 0.957782 -0.287496 0
    outer loop
      vertex 3.96371 -13.7006 2.7
      vertex 3.98148 -13.6414 2.3
      vertex 3.98148 -13.6414 2.7
    endloop
  endfacet
  facet normal 0.957782 -0.287496 0
    outer loop
      vertex 3.98148 -13.6414 2.3
      vertex 3.96371 -13.7006 2.7
      vertex 3.96371 -13.7006 2.3
    endloop
  endfacet
  facet normal 0.925826 -0.377949 0
    outer loop
      vertex 3.94089 -13.7565 2.7
      vertex 3.96371 -13.7006 2.3
      vertex 3.96371 -13.7006 2.7
    endloop
  endfacet
  facet normal 0.925826 -0.377949 0
    outer loop
      vertex 3.96371 -13.7006 2.3
      vertex 3.94089 -13.7565 2.7
      vertex 3.94089 -13.7565 2.3
    endloop
  endfacet
  facet normal 0.88335 -0.468713 0
    outer loop
      vertex 3.91298 -13.8091 2.7
      vertex 3.94089 -13.7565 2.3
      vertex 3.94089 -13.7565 2.7
    endloop
  endfacet
  facet normal 0.88335 -0.468713 0
    outer loop
      vertex 3.94089 -13.7565 2.3
      vertex 3.91298 -13.8091 2.7
      vertex 3.91298 -13.8091 2.3
    endloop
  endfacet
  facet normal 0.831687 -0.555244 0
    outer loop
      vertex 3.88 -13.8585 2.7
      vertex 3.91298 -13.8091 2.3
      vertex 3.91298 -13.8091 2.7
    endloop
  endfacet
  facet normal 0.831687 -0.555244 0
    outer loop
      vertex 3.91298 -13.8091 2.3
      vertex 3.88 -13.8585 2.7
      vertex 3.88 -13.8585 2.3
    endloop
  endfacet
  facet normal 0.770633 -0.63728 0
    outer loop
      vertex 3.84196 -13.9045 2.7
      vertex 3.88 -13.8585 2.3
      vertex 3.88 -13.8585 2.7
    endloop
  endfacet
  facet normal 0.770633 -0.63728 0
    outer loop
      vertex 3.88 -13.8585 2.3
      vertex 3.84196 -13.9045 2.7
      vertex 3.84196 -13.9045 2.3
    endloop
  endfacet
  facet normal 0.705214 -0.708995 0
    outer loop
      vertex 3.79883 -13.9474 2.3
      vertex 3.84196 -13.9045 2.7
      vertex 3.79883 -13.9474 2.7
    endloop
  endfacet
  facet normal 0.705214 -0.708995 0
    outer loop
      vertex 3.84196 -13.9045 2.7
      vertex 3.79883 -13.9474 2.3
      vertex 3.84196 -13.9045 2.3
    endloop
  endfacet
  facet normal 0.633912 -0.773405 0
    outer loop
      vertex 3.75137 -13.9863 2.3
      vertex 3.79883 -13.9474 2.7
      vertex 3.75137 -13.9863 2.7
    endloop
  endfacet
  facet normal 0.633912 -0.773405 0
    outer loop
      vertex 3.79883 -13.9474 2.7
      vertex 3.75137 -13.9863 2.3
      vertex 3.79883 -13.9474 2.3
    endloop
  endfacet
  facet normal 0.557473 -0.830195 0
    outer loop
      vertex 3.70029 -14.0206 2.3
      vertex 3.75137 -13.9863 2.7
      vertex 3.70029 -14.0206 2.7
    endloop
  endfacet
  facet normal 0.557473 -0.830195 0
    outer loop
      vertex 3.75137 -13.9863 2.7
      vertex 3.70029 -14.0206 2.3
      vertex 3.75137 -13.9863 2.3
    endloop
  endfacet
  facet normal 0.477095 -0.878852 0
    outer loop
      vertex 3.64558 -14.0503 2.3
      vertex 3.70029 -14.0206 2.7
      vertex 3.64558 -14.0503 2.7
    endloop
  endfacet
  facet normal 0.477095 -0.878852 0
    outer loop
      vertex 3.70029 -14.0206 2.7
      vertex 3.64558 -14.0503 2.3
      vertex 3.70029 -14.0206 2.3
    endloop
  endfacet
  facet normal 0.39671 -0.917944 0
    outer loop
      vertex 3.58727 -14.0755 2.3
      vertex 3.64558 -14.0503 2.7
      vertex 3.58727 -14.0755 2.7
    endloop
  endfacet
  facet normal 0.39671 -0.917944 0
    outer loop
      vertex 3.64558 -14.0503 2.7
      vertex 3.58727 -14.0755 2.3
      vertex 3.64558 -14.0503 2.3
    endloop
  endfacet
  facet normal 0.315584 -0.948898 0
    outer loop
      vertex 3.52533 -14.0961 2.3
      vertex 3.58727 -14.0755 2.7
      vertex 3.52533 -14.0961 2.7
    endloop
  endfacet
  facet normal 0.315584 -0.948898 0
    outer loop
      vertex 3.58727 -14.0755 2.7
      vertex 3.52533 -14.0961 2.3
      vertex 3.58727 -14.0755 2.3
    endloop
  endfacet
  facet normal 0.237059 -0.971495 0
    outer loop
      vertex 3.45976 -14.1121 2.3
      vertex 3.52533 -14.0961 2.7
      vertex 3.45976 -14.1121 2.7
    endloop
  endfacet
  facet normal 0.237059 -0.971495 0
    outer loop
      vertex 3.52533 -14.0961 2.7
      vertex 3.45976 -14.1121 2.3
      vertex 3.52533 -14.0961 2.3
    endloop
  endfacet
  facet normal 0.162618 -0.986689 0
    outer loop
      vertex 3.39059 -14.1235 2.3
      vertex 3.45976 -14.1121 2.7
      vertex 3.39059 -14.1235 2.7
    endloop
  endfacet
  facet normal 0.162618 -0.986689 0
    outer loop
      vertex 3.45976 -14.1121 2.7
      vertex 3.39059 -14.1235 2.3
      vertex 3.45976 -14.1121 2.3
    endloop
  endfacet
  facet normal 0.094383 -0.995536 0
    outer loop
      vertex 3.31781 -14.1304 2.3
      vertex 3.39059 -14.1235 2.7
      vertex 3.31781 -14.1304 2.7
    endloop
  endfacet
  facet normal 0.094383 -0.995536 0
    outer loop
      vertex 3.39059 -14.1235 2.7
      vertex 3.31781 -14.1304 2.3
      vertex 3.39059 -14.1235 2.3
    endloop
  endfacet
  facet normal 0.0300911 -0.999547 0
    outer loop
      vertex 3.24141 -14.1327 2.3
      vertex 3.31781 -14.1304 2.7
      vertex 3.24141 -14.1327 2.7
    endloop
  endfacet
  facet normal 0.0300911 -0.999547 0
    outer loop
      vertex 3.31781 -14.1304 2.7
      vertex 3.24141 -14.1327 2.3
      vertex 3.31781 -14.1304 2.3
    endloop
  endfacet
  facet normal -0.012473 -0.999922 0
    outer loop
      vertex 3.19331 -14.1321 2.3
      vertex 3.24141 -14.1327 2.7
      vertex 3.19331 -14.1321 2.7
    endloop
  endfacet
  facet normal -0.012473 -0.999922 -0
    outer loop
      vertex 3.24141 -14.1327 2.7
      vertex 3.19331 -14.1321 2.3
      vertex 3.24141 -14.1327 2.3
    endloop
  endfacet
  facet normal -0.0399345 -0.999202 0
    outer loop
      vertex 3.14577 -14.1302 2.3
      vertex 3.19331 -14.1321 2.7
      vertex 3.14577 -14.1302 2.7
    endloop
  endfacet
  facet normal -0.0399345 -0.999202 -0
    outer loop
      vertex 3.19331 -14.1321 2.7
      vertex 3.14577 -14.1302 2.3
      vertex 3.19331 -14.1321 2.3
    endloop
  endfacet
  facet normal -0.0637002 -0.997969 0
    outer loop
      vertex 3.09877 -14.1272 2.3
      vertex 3.14577 -14.1302 2.7
      vertex 3.09877 -14.1272 2.7
    endloop
  endfacet
  facet normal -0.0637002 -0.997969 -0
    outer loop
      vertex 3.14577 -14.1302 2.7
      vertex 3.09877 -14.1272 2.3
      vertex 3.14577 -14.1302 2.3
    endloop
  endfacet
  facet normal -0.0900909 -0.995934 0
    outer loop
      vertex 3.05234 -14.123 2.3
      vertex 3.09877 -14.1272 2.7
      vertex 3.05234 -14.123 2.7
    endloop
  endfacet
  facet normal -0.0900909 -0.995934 -0
    outer loop
      vertex 3.09877 -14.1272 2.7
      vertex 3.05234 -14.123 2.3
      vertex 3.09877 -14.1272 2.3
    endloop
  endfacet
  facet normal -0.116841 -0.993151 0
    outer loop
      vertex 3.00644 -14.1176 2.3
      vertex 3.05234 -14.123 2.7
      vertex 3.00644 -14.1176 2.7
    endloop
  endfacet
  facet normal -0.116841 -0.993151 -0
    outer loop
      vertex 3.05234 -14.123 2.7
      vertex 3.00644 -14.1176 2.3
      vertex 3.05234 -14.123 2.3
    endloop
  endfacet
  facet normal -0.146216 -0.989253 0
    outer loop
      vertex 2.96111 -14.1109 2.3
      vertex 3.00644 -14.1176 2.7
      vertex 2.96111 -14.1109 2.7
    endloop
  endfacet
  facet normal -0.146216 -0.989253 -0
    outer loop
      vertex 3.00644 -14.1176 2.7
      vertex 2.96111 -14.1109 2.3
      vertex 3.00644 -14.1176 2.3
    endloop
  endfacet
  facet normal -0.171638 -0.98516 0
    outer loop
      vertex 2.91634 -14.1031 2.3
      vertex 2.96111 -14.1109 2.7
      vertex 2.91634 -14.1031 2.7
    endloop
  endfacet
  facet normal -0.171638 -0.98516 -0
    outer loop
      vertex 2.96111 -14.1109 2.7
      vertex 2.91634 -14.1031 2.3
      vertex 2.96111 -14.1109 2.3
    endloop
  endfacet
  facet normal -0.201478 -0.979493 0
    outer loop
      vertex 2.8721 -14.094 2.3
      vertex 2.91634 -14.1031 2.7
      vertex 2.8721 -14.094 2.7
    endloop
  endfacet
  facet normal -0.201478 -0.979493 -0
    outer loop
      vertex 2.91634 -14.1031 2.7
      vertex 2.8721 -14.094 2.3
      vertex 2.91634 -14.1031 2.3
    endloop
  endfacet
  facet normal -0.229561 -0.973294 0
    outer loop
      vertex 2.82843 -14.0837 2.3
      vertex 2.8721 -14.094 2.7
      vertex 2.82843 -14.0837 2.7
    endloop
  endfacet
  facet normal -0.229561 -0.973294 -0
    outer loop
      vertex 2.8721 -14.094 2.7
      vertex 2.82843 -14.0837 2.3
      vertex 2.8721 -14.094 2.3
    endloop
  endfacet
  facet normal -0.256912 -0.966435 0
    outer loop
      vertex 2.78517 -14.0722 2.3
      vertex 2.82843 -14.0837 2.7
      vertex 2.78517 -14.0722 2.7
    endloop
  endfacet
  facet normal -0.256912 -0.966435 -0
    outer loop
      vertex 2.82843 -14.0837 2.7
      vertex 2.78517 -14.0722 2.3
      vertex 2.82843 -14.0837 2.3
    endloop
  endfacet
  facet normal -0.283617 -0.958938 0
    outer loop
      vertex 2.74223 -14.0595 2.3
      vertex 2.78517 -14.0722 2.7
      vertex 2.74223 -14.0595 2.7
    endloop
  endfacet
  facet normal -0.283617 -0.958938 -0
    outer loop
      vertex 2.78517 -14.0722 2.7
      vertex 2.74223 -14.0595 2.3
      vertex 2.78517 -14.0722 2.3
    endloop
  endfacet
  facet normal -0.31188 -0.950121 0
    outer loop
      vertex 2.69958 -14.0455 2.3
      vertex 2.74223 -14.0595 2.7
      vertex 2.69958 -14.0455 2.7
    endloop
  endfacet
  facet normal -0.31188 -0.950121 -0
    outer loop
      vertex 2.74223 -14.0595 2.7
      vertex 2.69958 -14.0455 2.3
      vertex 2.74223 -14.0595 2.3
    endloop
  endfacet
  facet normal -0.339852 -0.940479 0
    outer loop
      vertex 2.65724 -14.0302 2.3
      vertex 2.69958 -14.0455 2.7
      vertex 2.65724 -14.0302 2.7
    endloop
  endfacet
  facet normal -0.339852 -0.940479 -0
    outer loop
      vertex 2.69958 -14.0455 2.7
      vertex 2.65724 -14.0302 2.3
      vertex 2.69958 -14.0455 2.3
    endloop
  endfacet
  facet normal -0.367192 -0.930145 0
    outer loop
      vertex 2.61519 -14.0136 2.3
      vertex 2.65724 -14.0302 2.7
      vertex 2.61519 -14.0136 2.7
    endloop
  endfacet
  facet normal -0.367192 -0.930145 -0
    outer loop
      vertex 2.65724 -14.0302 2.7
      vertex 2.61519 -14.0136 2.3
      vertex 2.65724 -14.0302 2.3
    endloop
  endfacet
  facet normal -0.392349 -0.919816 0
    outer loop
      vertex 2.57346 -13.9958 2.3
      vertex 2.61519 -14.0136 2.7
      vertex 2.57346 -13.9958 2.7
    endloop
  endfacet
  facet normal -0.392349 -0.919816 -0
    outer loop
      vertex 2.61519 -14.0136 2.7
      vertex 2.57346 -13.9958 2.3
      vertex 2.61519 -14.0136 2.3
    endloop
  endfacet
  facet normal -0.416692 -0.909048 0
    outer loop
      vertex 2.53201 -13.9768 2.3
      vertex 2.57346 -13.9958 2.7
      vertex 2.53201 -13.9768 2.7
    endloop
  endfacet
  facet normal -0.416692 -0.909048 -0
    outer loop
      vertex 2.57346 -13.9958 2.7
      vertex 2.53201 -13.9768 2.3
      vertex 2.57346 -13.9958 2.3
    endloop
  endfacet
  facet normal -0.442586 -0.896726 0
    outer loop
      vertex 2.49088 -13.9565 2.3
      vertex 2.53201 -13.9768 2.7
      vertex 2.49088 -13.9565 2.7
    endloop
  endfacet
  facet normal -0.442586 -0.896726 -0
    outer loop
      vertex 2.53201 -13.9768 2.7
      vertex 2.49088 -13.9565 2.3
      vertex 2.53201 -13.9768 2.3
    endloop
  endfacet
  facet normal -0.46753 -0.883977 0
    outer loop
      vertex 2.45004 -13.9349 2.3
      vertex 2.49088 -13.9565 2.7
      vertex 2.45004 -13.9349 2.7
    endloop
  endfacet
  facet normal -0.46753 -0.883977 -0
    outer loop
      vertex 2.49088 -13.9565 2.7
      vertex 2.45004 -13.9349 2.3
      vertex 2.49088 -13.9565 2.3
    endloop
  endfacet
  facet normal 1 -0 0
    outer loop
      vertex 2.45004 -14.3477 2.7
      vertex 2.45004 -13.9349 2.3
      vertex 2.45004 -13.9349 2.7
    endloop
  endfacet
  facet normal 1 0 0
    outer loop
      vertex 2.45004 -13.9349 2.3
      vertex 2.45004 -14.3477 2.7
      vertex 2.45004 -14.3477 2.3
    endloop
  endfacet
  facet normal 0.288192 0.957573 -0
    outer loop
      vertex 2.49689 -14.3618 2.3
      vertex 2.45004 -14.3477 2.7
      vertex 2.49689 -14.3618 2.7
    endloop
  endfacet
  facet normal 0.288192 0.957573 0
    outer loop
      vertex 2.45004 -14.3477 2.7
      vertex 2.49689 -14.3618 2.3
      vertex 2.45004 -14.3477 2.3
    endloop
  endfacet
  facet normal 0.274776 0.961508 -0
    outer loop
      vertex 2.54343 -14.3751 2.3
      vertex 2.49689 -14.3618 2.7
      vertex 2.54343 -14.3751 2.7
    endloop
  endfacet
  facet normal 0.274776 0.961508 0
    outer loop
      vertex 2.49689 -14.3618 2.7
      vertex 2.54343 -14.3751 2.3
      vertex 2.49689 -14.3618 2.3
    endloop
  endfacet
  facet normal 0.261278 0.965264 -0
    outer loop
      vertex 2.58961 -14.3876 2.3
      vertex 2.54343 -14.3751 2.7
      vertex 2.58961 -14.3876 2.7
    endloop
  endfacet
  facet normal 0.261278 0.965264 0
    outer loop
      vertex 2.54343 -14.3751 2.7
      vertex 2.58961 -14.3876 2.3
      vertex 2.54343 -14.3751 2.3
    endloop
  endfacet
  facet normal 0.247054 0.969002 -0
    outer loop
      vertex 2.6355 -14.3993 2.3
      vertex 2.58961 -14.3876 2.7
      vertex 2.6355 -14.3993 2.7
    endloop
  endfacet
  facet normal 0.247054 0.969002 0
    outer loop
      vertex 2.58961 -14.3876 2.7
      vertex 2.6355 -14.3993 2.3
      vertex 2.58961 -14.3876 2.3
    endloop
  endfacet
  facet normal 0.232727 0.972542 -0
    outer loop
      vertex 2.68105 -14.4102 2.3
      vertex 2.6355 -14.3993 2.7
      vertex 2.68105 -14.4102 2.7
    endloop
  endfacet
  facet normal 0.232727 0.972542 0
    outer loop
      vertex 2.6355 -14.3993 2.7
      vertex 2.68105 -14.4102 2.3
      vertex 2.6355 -14.3993 2.3
    endloop
  endfacet
  facet normal 0.21597 0.9764 -0
    outer loop
      vertex 2.72626 -14.4202 2.3
      vertex 2.68105 -14.4102 2.7
      vertex 2.72626 -14.4202 2.7
    endloop
  endfacet
  facet normal 0.21597 0.9764 0
    outer loop
      vertex 2.68105 -14.4102 2.7
      vertex 2.72626 -14.4202 2.3
      vertex 2.68105 -14.4102 2.3
    endloop
  endfacet
  facet normal 0.202865 0.979207 -0
    outer loop
      vertex 2.77115 -14.4295 2.3
      vertex 2.72626 -14.4202 2.7
      vertex 2.77115 -14.4295 2.7
    endloop
  endfacet
  facet normal 0.202865 0.979207 0
    outer loop
      vertex 2.72626 -14.4202 2.7
      vertex 2.77115 -14.4295 2.3
      vertex 2.72626 -14.4202 2.3
    endloop
  endfacet
  facet normal 0.187335 0.982296 -0
    outer loop
      vertex 2.81572 -14.438 2.3
      vertex 2.77115 -14.4295 2.7
      vertex 2.81572 -14.438 2.7
    endloop
  endfacet
  facet normal 0.187335 0.982296 0
    outer loop
      vertex 2.77115 -14.4295 2.7
      vertex 2.81572 -14.438 2.3
      vertex 2.77115 -14.4295 2.3
    endloop
  endfacet
  facet normal 0.169347 0.985556 -0
    outer loop
      vertex 2.85995 -14.4456 2.3
      vertex 2.81572 -14.438 2.7
      vertex 2.85995 -14.4456 2.7
    endloop
  endfacet
  facet normal 0.169347 0.985556 0
    outer loop
      vertex 2.81572 -14.438 2.7
      vertex 2.85995 -14.4456 2.3
      vertex 2.81572 -14.438 2.3
    endloop
  endfacet
  facet normal 0.154925 0.987926 -0
    outer loop
      vertex 2.90395 -14.4525 2.3
      vertex 2.85995 -14.4456 2.7
      vertex 2.90395 -14.4525 2.7
    endloop
  endfacet
  facet normal 0.154925 0.987926 0
    outer loop
      vertex 2.85995 -14.4456 2.7
      vertex 2.90395 -14.4525 2.3
      vertex 2.85995 -14.4456 2.3
    endloop
  endfacet
  facet normal 0.135658 0.990756 -0
    outer loop
      vertex 2.94777 -14.4585 2.3
      vertex 2.90395 -14.4525 2.7
      vertex 2.94777 -14.4585 2.7
    endloop
  endfacet
  facet normal 0.135658 0.990756 0
    outer loop
      vertex 2.90395 -14.4525 2.7
      vertex 2.94777 -14.4585 2.3
      vertex 2.90395 -14.4525 2.3
    endloop
  endfacet
  facet normal 0.120562 0.992706 -0
    outer loop
      vertex 2.99141 -14.4638 2.3
      vertex 2.94777 -14.4585 2.7
      vertex 2.99141 -14.4638 2.7
    endloop
  endfacet
  facet normal 0.120562 0.992706 0
    outer loop
      vertex 2.94777 -14.4585 2.7
      vertex 2.99141 -14.4638 2.3
      vertex 2.94777 -14.4585 2.3
    endloop
  endfacet
  facet normal 0.100728 0.994914 -0
    outer loop
      vertex 3.03487 -14.4682 2.3
      vertex 2.99141 -14.4638 2.7
      vertex 3.03487 -14.4682 2.7
    endloop
  endfacet
  facet normal 0.100728 0.994914 0
    outer loop
      vertex 2.99141 -14.4638 2.7
      vertex 3.03487 -14.4682 2.3
      vertex 2.99141 -14.4638 2.3
    endloop
  endfacet
  facet normal 0.082874 0.99656 -0
    outer loop
      vertex 3.07816 -14.4718 2.3
      vertex 3.03487 -14.4682 2.7
      vertex 3.07816 -14.4718 2.7
    endloop
  endfacet
  facet normal 0.082874 0.99656 0
    outer loop
      vertex 3.03487 -14.4682 2.7
      vertex 3.07816 -14.4718 2.3
      vertex 3.03487 -14.4682 2.3
    endloop
  endfacet
  facet normal 0.0648285 0.997896 -0
    outer loop
      vertex 3.12126 -14.4746 2.3
      vertex 3.07816 -14.4718 2.7
      vertex 3.12126 -14.4746 2.7
    endloop
  endfacet
  facet normal 0.0648285 0.997896 0
    outer loop
      vertex 3.07816 -14.4718 2.7
      vertex 3.12126 -14.4746 2.3
      vertex 3.07816 -14.4718 2.3
    endloop
  endfacet
  facet normal 0.0488471 0.998806 -0
    outer loop
      vertex 3.1642 -14.4767 2.3
      vertex 3.12126 -14.4746 2.7
      vertex 3.1642 -14.4767 2.7
    endloop
  endfacet
  facet normal 0.0488471 0.998806 0
    outer loop
      vertex 3.12126 -14.4746 2.7
      vertex 3.1642 -14.4767 2.3
      vertex 3.12126 -14.4746 2.3
    endloop
  endfacet
  facet normal 0.0280591 0.999606 -0
    outer loop
      vertex 3.20695 -14.4779 2.3
      vertex 3.1642 -14.4767 2.7
      vertex 3.20695 -14.4779 2.7
    endloop
  endfacet
  facet normal 0.0280591 0.999606 0
    outer loop
      vertex 3.1642 -14.4767 2.7
      vertex 3.20695 -14.4779 2.3
      vertex 3.1642 -14.4767 2.3
    endloop
  endfacet
  facet normal 0.00939146 0.999956 -0
    outer loop
      vertex 3.24954 -14.4783 2.3
      vertex 3.20695 -14.4779 2.7
      vertex 3.24954 -14.4783 2.7
    endloop
  endfacet
  facet normal 0.00939146 0.999956 0
    outer loop
      vertex 3.20695 -14.4779 2.7
      vertex 3.24954 -14.4783 2.3
      vertex 3.20695 -14.4779 2.3
    endloop
  endfacet
  facet normal -0.0282444 0.999601 0
    outer loop
      vertex 3.36987 -14.4749 2.3
      vertex 3.24954 -14.4783 2.7
      vertex 3.36987 -14.4749 2.7
    endloop
  endfacet
  facet normal -0.0282444 0.999601 0
    outer loop
      vertex 3.24954 -14.4783 2.7
      vertex 3.36987 -14.4749 2.3
      vertex 3.24954 -14.4783 2.3
    endloop
  endfacet
  facet normal 0 -1 0
    outer loop
      vertex 1.28072 -13.9023 2.3
      vertex 1.70996 -13.9023 2.7
      vertex 1.28072 -13.9023 2.7
    endloop
  endfacet
  facet normal 0 -1 -0
    outer loop
      vertex 1.70996 -13.9023 2.7
      vertex 1.28072 -13.9023 2.3
      vertex 1.70996 -13.9023 2.3
    endloop
  endfacet
  facet normal 1 -0 0
    outer loop
      vertex 1.28072 -14.4187 2.7
      vertex 1.28072 -13.9023 2.3
      vertex 1.28072 -13.9023 2.7
    endloop
  endfacet
  facet normal 1 0 0
    outer loop
      vertex 1.28072 -13.9023 2.3
      vertex 1.28072 -14.4187 2.7
      vertex 1.28072 -14.4187 2.3
    endloop
  endfacet
  facet normal 0 1 -0
    outer loop
      vertex 1.70996 -14.4187 2.3
      vertex 1.28072 -14.4187 2.7
      vertex 1.70996 -14.4187 2.7
    endloop
  endfacet
  facet normal 0 1 0
    outer loop
      vertex 1.28072 -14.4187 2.7
      vertex 1.70996 -14.4187 2.3
      vertex 1.28072 -14.4187 2.3
    endloop
  endfacet
  facet normal -1 0 0
    outer loop
      vertex 1.70996 -14.4187 2.3
      vertex 1.70996 -13.9023 2.7
      vertex 1.70996 -13.9023 2.3
    endloop
  endfacet
  facet normal -1 -0 0
    outer loop
      vertex 1.70996 -13.9023 2.7
      vertex 1.70996 -14.4187 2.3
      vertex 1.70996 -14.4187 2.7
    endloop
  endfacet
endsolid OpenSCAD_Model
