solid OpenSCAD_Model
  facet normal 0 0 -1
    outer loop
      vertex -14.0625 -2.1875 0
      vertex -15.418 -0.11272 0
      vertex -15.4125 0 0
    endloop
  endfacet
  facet normal 0 0 -1
    outer loop
      vertex -14.0625 -2.1875 0
      vertex -15.4346 -0.224354 0
      vertex -15.418 -0.11272 0
    endloop
  endfacet
  facet normal 0 0 -1
    outer loop
      vertex -14.0625 -2.1875 0
      vertex -15.462 -0.333827 0
      vertex -15.4346 -0.224354 0
    endloop
  endfacet
  facet normal 0 0 -1
    outer loop
      vertex -14.0625 -2.1875 0
      vertex -15.5 -0.440085 0
      vertex -15.462 -0.333827 0
    endloop
  endfacet
  facet normal 0 0 -1
    outer loop
      vertex -14.0625 -2.1875 0
      vertex -15.5483 -0.542106 0
      vertex -15.5 -0.440085 0
    endloop
  endfacet
  facet normal 0 0 -1
    outer loop
      vertex -14.0625 -2.1875 0
      vertex -15.6063 -0.638906 0
      vertex -15.5483 -0.542106 0
    endloop
  endfacet
  facet normal 0 0 -1
    outer loop
      vertex -14.0625 -2.1875 0
      vertex -15.6735 -0.729552 0
      vertex -15.6063 -0.638906 0
    endloop
  endfacet
  facet normal 0 0 -1
    outer loop
      vertex -14.0625 -2.1875 0
      vertex -15.7493 -0.813172 0
      vertex -15.6735 -0.729552 0
    endloop
  endfacet
  facet normal 0 0 -1
    outer loop
      vertex -14.0625 -2.1875 0
      vertex -15.8329 -0.888962 0
      vertex -15.7493 -0.813172 0
    endloop
  endfacet
  facet normal 0 0 -1
    outer loop
      vertex -14.0625 -2.1875 0
      vertex -15.9236 -0.956189 0
      vertex -15.8329 -0.888962 0
    endloop
  endfacet
  facet normal 0 0 -1
    outer loop
      vertex -14.0625 -2.1875 0
      vertex -16.0204 -1.01421 0
      vertex -15.9236 -0.956189 0
    endloop
  endfacet
  facet normal 0 0 -1
    outer loop
      vertex -14.0625 -2.1875 0
      vertex -16.1224 -1.06246 0
      vertex -16.0204 -1.01421 0
    endloop
  endfacet
  facet normal 0 0 -1
    outer loop
      vertex -14.0625 -2.1875 0
      vertex -16.2287 -1.10048 0
      vertex -16.1224 -1.06246 0
    endloop
  endfacet
  facet normal 0 0 -1
    outer loop
      vertex -14.0625 -2.1875 0
      vertex -16.3381 -1.1279 0
      vertex -16.2287 -1.10048 0
    endloop
  endfacet
  facet normal 0 0 -1
    outer loop
      vertex -14.0625 -2.1875 0
      vertex -16.4498 -1.14446 0
      vertex -16.3381 -1.1279 0
    endloop
  endfacet
  facet normal 0 0 -1
    outer loop
      vertex -14.0625 -2.1875 0
      vertex -16.5625 -1.15 0
      vertex -16.4498 -1.14446 0
    endloop
  endfacet
  facet normal 0 0 -1
    outer loop
      vertex -19.0625 -2.1875 0
      vertex -16.5625 -1.15 0
      vertex -14.0625 -2.1875 0
    endloop
  endfacet
  facet normal -0 0 -1
    outer loop
      vertex -16.5625 -1.15 0
      vertex -19.0625 -2.1875 0
      vertex -16.6752 -1.14446 0
    endloop
  endfacet
  facet normal -0 0 -1
    outer loop
      vertex -16.6752 -1.14446 0
      vertex -19.0625 -2.1875 0
      vertex -16.7869 -1.1279 0
    endloop
  endfacet
  facet normal -0 0 -1
    outer loop
      vertex -16.7869 -1.1279 0
      vertex -19.0625 -2.1875 0
      vertex -16.8963 -1.10048 0
    endloop
  endfacet
  facet normal -0 0 -1
    outer loop
      vertex -17.707 -0.11272 0
      vertex -19.0625 -2.1875 0
      vertex -17.7125 0 0
    endloop
  endfacet
  facet normal -0 0 -1
    outer loop
      vertex -17.6904 -0.224354 0
      vertex -19.0625 -2.1875 0
      vertex -17.707 -0.11272 0
    endloop
  endfacet
  facet normal -0 0 -1
    outer loop
      vertex -17.663 -0.333827 0
      vertex -19.0625 -2.1875 0
      vertex -17.6904 -0.224354 0
    endloop
  endfacet
  facet normal -0 0 -1
    outer loop
      vertex -17.625 -0.440085 0
      vertex -19.0625 -2.1875 0
      vertex -17.663 -0.333827 0
    endloop
  endfacet
  facet normal -0 0 -1
    outer loop
      vertex -17.5767 -0.542106 0
      vertex -19.0625 -2.1875 0
      vertex -17.625 -0.440085 0
    endloop
  endfacet
  facet normal -0 0 -1
    outer loop
      vertex -17.5187 -0.638906 0
      vertex -19.0625 -2.1875 0
      vertex -17.5767 -0.542106 0
    endloop
  endfacet
  facet normal -0 0 -1
    outer loop
      vertex -17.4515 -0.729552 0
      vertex -19.0625 -2.1875 0
      vertex -17.5187 -0.638906 0
    endloop
  endfacet
  facet normal -0 0 -1
    outer loop
      vertex -17.3757 -0.813172 0
      vertex -19.0625 -2.1875 0
      vertex -17.4515 -0.729552 0
    endloop
  endfacet
  facet normal -0 0 -1
    outer loop
      vertex -17.2921 -0.888962 0
      vertex -19.0625 -2.1875 0
      vertex -17.3757 -0.813172 0
    endloop
  endfacet
  facet normal -0 0 -1
    outer loop
      vertex -17.2014 -0.956189 0
      vertex -19.0625 -2.1875 0
      vertex -17.2921 -0.888962 0
    endloop
  endfacet
  facet normal -0 0 -1
    outer loop
      vertex -17.1046 -1.01421 0
      vertex -19.0625 -2.1875 0
      vertex -17.2014 -0.956189 0
    endloop
  endfacet
  facet normal -0 0 -1
    outer loop
      vertex -17.0026 -1.06246 0
      vertex -19.0625 -2.1875 0
      vertex -17.1046 -1.01421 0
    endloop
  endfacet
  facet normal -0 0 -1
    outer loop
      vertex -16.8963 -1.10048 0
      vertex -19.0625 -2.1875 0
      vertex -17.0026 -1.06246 0
    endloop
  endfacet
  facet normal 0 0 -1
    outer loop
      vertex 19.0625 -2.1875 0
      vertex 17.7125 0 0
      vertex 19.0625 2.1875 0
    endloop
  endfacet
  facet normal 0 0 -1
    outer loop
      vertex 19.0625 -2.1875 0
      vertex 17.707 -0.11272 0
      vertex 17.7125 0 0
    endloop
  endfacet
  facet normal 0 0 -1
    outer loop
      vertex 19.0625 -2.1875 0
      vertex 17.6904 -0.224354 0
      vertex 17.707 -0.11272 0
    endloop
  endfacet
  facet normal 0 0 -1
    outer loop
      vertex 19.0625 -2.1875 0
      vertex 17.663 -0.333827 0
      vertex 17.6904 -0.224354 0
    endloop
  endfacet
  facet normal 0 0 -1
    outer loop
      vertex 19.0625 -2.1875 0
      vertex 17.625 -0.440085 0
      vertex 17.663 -0.333827 0
    endloop
  endfacet
  facet normal 0 0 -1
    outer loop
      vertex 19.0625 -2.1875 0
      vertex 17.5767 -0.542106 0
      vertex 17.625 -0.440085 0
    endloop
  endfacet
  facet normal 0 0 -1
    outer loop
      vertex 19.0625 -2.1875 0
      vertex 17.5187 -0.638906 0
      vertex 17.5767 -0.542106 0
    endloop
  endfacet
  facet normal 0 0 -1
    outer loop
      vertex 19.0625 -2.1875 0
      vertex 17.4515 -0.729552 0
      vertex 17.5187 -0.638906 0
    endloop
  endfacet
  facet normal 0 0 -1
    outer loop
      vertex 19.0625 -2.1875 0
      vertex 17.3757 -0.813172 0
      vertex 17.4515 -0.729552 0
    endloop
  endfacet
  facet normal 0 0 -1
    outer loop
      vertex 19.0625 -2.1875 0
      vertex 17.2921 -0.888962 0
      vertex 17.3757 -0.813172 0
    endloop
  endfacet
  facet normal 0 0 -1
    outer loop
      vertex 19.0625 -2.1875 0
      vertex 17.2014 -0.956189 0
      vertex 17.2921 -0.888962 0
    endloop
  endfacet
  facet normal 0 0 -1
    outer loop
      vertex 19.0625 -2.1875 0
      vertex 17.1046 -1.01421 0
      vertex 17.2014 -0.956189 0
    endloop
  endfacet
  facet normal 0 0 -1
    outer loop
      vertex 19.0625 -2.1875 0
      vertex 17.0026 -1.06246 0
      vertex 17.1046 -1.01421 0
    endloop
  endfacet
  facet normal 0 0 -1
    outer loop
      vertex 19.0625 -2.1875 0
      vertex 16.8963 -1.10048 0
      vertex 17.0026 -1.06246 0
    endloop
  endfacet
  facet normal 0 0 -1
    outer loop
      vertex 19.0625 -2.1875 0
      vertex 16.7869 -1.1279 0
      vertex 16.8963 -1.10048 0
    endloop
  endfacet
  facet normal 0 0 -1
    outer loop
      vertex 19.0625 -2.1875 0
      vertex 16.6752 -1.14446 0
      vertex 16.7869 -1.1279 0
    endloop
  endfacet
  facet normal 0 0 -1
    outer loop
      vertex 19.0625 -2.1875 0
      vertex 16.5625 -1.15 0
      vertex 16.6752 -1.14446 0
    endloop
  endfacet
  facet normal 0 0 -1
    outer loop
      vertex 13.6875 -2.1875 0
      vertex 16.5625 -1.15 0
      vertex 19.0625 -2.1875 0
    endloop
  endfacet
  facet normal -0 0 -1
    outer loop
      vertex 16.5625 -1.15 0
      vertex 13.6875 -2.1875 0
      vertex 16.4498 -1.14446 0
    endloop
  endfacet
  facet normal -0 0 -1
    outer loop
      vertex 16.4498 -1.14446 0
      vertex 13.6875 -2.1875 0
      vertex 16.3381 -1.1279 0
    endloop
  endfacet
  facet normal -0 0 -1
    outer loop
      vertex 16.3381 -1.1279 0
      vertex 13.6875 -2.1875 0
      vertex 16.2287 -1.10048 0
    endloop
  endfacet
  facet normal -0 0 -1
    outer loop
      vertex 15.418 -0.11272 0
      vertex 13.6875 -2.1875 0
      vertex 15.4125 0 0
    endloop
  endfacet
  facet normal -0 0 -1
    outer loop
      vertex 15.4346 -0.224354 0
      vertex 13.6875 -2.1875 0
      vertex 15.418 -0.11272 0
    endloop
  endfacet
  facet normal -0 0 -1
    outer loop
      vertex 15.462 -0.333827 0
      vertex 13.6875 -2.1875 0
      vertex 15.4346 -0.224354 0
    endloop
  endfacet
  facet normal -0 0 -1
    outer loop
      vertex 15.5 -0.440085 0
      vertex 13.6875 -2.1875 0
      vertex 15.462 -0.333827 0
    endloop
  endfacet
  facet normal -0 0 -1
    outer loop
      vertex 15.5483 -0.542106 0
      vertex 13.6875 -2.1875 0
      vertex 15.5 -0.440085 0
    endloop
  endfacet
  facet normal -0 0 -1
    outer loop
      vertex 15.6063 -0.638906 0
      vertex 13.6875 -2.1875 0
      vertex 15.5483 -0.542106 0
    endloop
  endfacet
  facet normal -0 0 -1
    outer loop
      vertex 15.6735 -0.729552 0
      vertex 13.6875 -2.1875 0
      vertex 15.6063 -0.638906 0
    endloop
  endfacet
  facet normal -0 0 -1
    outer loop
      vertex 15.7493 -0.813172 0
      vertex 13.6875 -2.1875 0
      vertex 15.6735 -0.729552 0
    endloop
  endfacet
  facet normal -0 0 -1
    outer loop
      vertex 15.8329 -0.888962 0
      vertex 13.6875 -2.1875 0
      vertex 15.7493 -0.813172 0
    endloop
  endfacet
  facet normal -0 0 -1
    outer loop
      vertex 15.9236 -0.956189 0
      vertex 13.6875 -2.1875 0
      vertex 15.8329 -0.888962 0
    endloop
  endfacet
  facet normal -0 0 -1
    outer loop
      vertex 16.0204 -1.01421 0
      vertex 13.6875 -2.1875 0
      vertex 15.9236 -0.956189 0
    endloop
  endfacet
  facet normal -0 0 -1
    outer loop
      vertex 16.1224 -1.06246 0
      vertex 13.6875 -2.1875 0
      vertex 16.0204 -1.01421 0
    endloop
  endfacet
  facet normal -0 0 -1
    outer loop
      vertex 16.2287 -1.10048 0
      vertex 13.6875 -2.1875 0
      vertex 16.1224 -1.06246 0
    endloop
  endfacet
  facet normal 0 0 -1
    outer loop
      vertex 17.707 0.11272 0
      vertex 19.0625 2.1875 0
      vertex 17.7125 0 0
    endloop
  endfacet
  facet normal 0 0 -1
    outer loop
      vertex 17.6904 0.224354 0
      vertex 19.0625 2.1875 0
      vertex 17.707 0.11272 0
    endloop
  endfacet
  facet normal 0 0 -1
    outer loop
      vertex 17.663 0.333827 0
      vertex 19.0625 2.1875 0
      vertex 17.6904 0.224354 0
    endloop
  endfacet
  facet normal 0 0 -1
    outer loop
      vertex 17.625 0.440085 0
      vertex 19.0625 2.1875 0
      vertex 17.663 0.333827 0
    endloop
  endfacet
  facet normal 0 0 -1
    outer loop
      vertex 17.5767 0.542106 0
      vertex 19.0625 2.1875 0
      vertex 17.625 0.440085 0
    endloop
  endfacet
  facet normal 0 0 -1
    outer loop
      vertex 17.5187 0.638906 0
      vertex 19.0625 2.1875 0
      vertex 17.5767 0.542106 0
    endloop
  endfacet
  facet normal 0 0 -1
    outer loop
      vertex 17.4515 0.729552 0
      vertex 19.0625 2.1875 0
      vertex 17.5187 0.638906 0
    endloop
  endfacet
  facet normal 0 0 -1
    outer loop
      vertex 17.3757 0.813172 0
      vertex 19.0625 2.1875 0
      vertex 17.4515 0.729552 0
    endloop
  endfacet
  facet normal 0 0 -1
    outer loop
      vertex 17.2921 0.888962 0
      vertex 19.0625 2.1875 0
      vertex 17.3757 0.813172 0
    endloop
  endfacet
  facet normal 0 0 -1
    outer loop
      vertex 17.2014 0.956189 0
      vertex 19.0625 2.1875 0
      vertex 17.2921 0.888962 0
    endloop
  endfacet
  facet normal 0 0 -1
    outer loop
      vertex 17.1046 1.01421 0
      vertex 19.0625 2.1875 0
      vertex 17.2014 0.956189 0
    endloop
  endfacet
  facet normal 0 0 -1
    outer loop
      vertex 17.0026 1.06246 0
      vertex 19.0625 2.1875 0
      vertex 17.1046 1.01421 0
    endloop
  endfacet
  facet normal 0 0 -1
    outer loop
      vertex 16.8963 1.10048 0
      vertex 19.0625 2.1875 0
      vertex 17.0026 1.06246 0
    endloop
  endfacet
  facet normal 0 0 -1
    outer loop
      vertex 16.7869 1.1279 0
      vertex 19.0625 2.1875 0
      vertex 16.8963 1.10048 0
    endloop
  endfacet
  facet normal 0 0 -1
    outer loop
      vertex 16.6752 1.14446 0
      vertex 19.0625 2.1875 0
      vertex 16.7869 1.1279 0
    endloop
  endfacet
  facet normal 0 0 -1
    outer loop
      vertex 16.5625 1.15 0
      vertex 19.0625 2.1875 0
      vertex 16.6752 1.14446 0
    endloop
  endfacet
  facet normal 0 0 -1
    outer loop
      vertex 16.4498 1.14446 0
      vertex 19.0625 2.1875 0
      vertex 16.5625 1.15 0
    endloop
  endfacet
  facet normal 0 0 -1
    outer loop
      vertex 16.3381 1.1279 0
      vertex 19.0625 2.1875 0
      vertex 16.4498 1.14446 0
    endloop
  endfacet
  facet normal 0 0 -1
    outer loop
      vertex 16.2287 1.10048 0
      vertex 19.0625 2.1875 0
      vertex 16.3381 1.1279 0
    endloop
  endfacet
  facet normal 0 0 -1
    outer loop
      vertex 16.1224 1.06246 0
      vertex 19.0625 2.1875 0
      vertex 16.2287 1.10048 0
    endloop
  endfacet
  facet normal 0 0 -1
    outer loop
      vertex 13.6875 -2.1875 0
      vertex 15.418 0.11272 0
      vertex 15.4125 0 0
    endloop
  endfacet
  facet normal 0 0 -1
    outer loop
      vertex 13.6875 -2.1875 0
      vertex 15.4346 0.224354 0
      vertex 15.418 0.11272 0
    endloop
  endfacet
  facet normal 0 0 -1
    outer loop
      vertex 13.6875 -2.1875 0
      vertex 15.462 0.333827 0
      vertex 15.4346 0.224354 0
    endloop
  endfacet
  facet normal 0 0 -1
    outer loop
      vertex 13.6875 -2.1875 0
      vertex 15.5 0.440085 0
      vertex 15.462 0.333827 0
    endloop
  endfacet
  facet normal 0 0 -1
    outer loop
      vertex 13.6875 -2.1875 0
      vertex 15.5483 0.542106 0
      vertex 15.5 0.440085 0
    endloop
  endfacet
  facet normal 0 0 -1
    outer loop
      vertex -15.5483 0.542106 0
      vertex 15.5483 0.542106 0
      vertex 13.6875 -2.1875 0
    endloop
  endfacet
  facet normal 0 0 -1
    outer loop
      vertex -14.0625 -2.1875 0
      vertex 13.5539 -4.90747 0
      vertex 13.1543 -7.60124 0
    endloop
  endfacet
  facet normal 0 0 -1
    outer loop
      vertex -14.0625 -2.1875 0
      vertex 13.1543 -7.60124 0
      vertex 12.4926 -10.2429 0
    endloop
  endfacet
  facet normal 0 0 -1
    outer loop
      vertex -14.0625 -2.1875 0
      vertex 12.4926 -10.2429 0
      vertex 11.5751 -12.807 0
    endloop
  endfacet
  facet normal 0 0 -1
    outer loop
      vertex -14.0625 -2.1875 0
      vertex 11.5751 -12.807 0
      vertex 10.4108 -15.2688 0
    endloop
  endfacet
  facet normal 0 0 -1
    outer loop
      vertex -14.0625 -2.1875 0
      vertex 10.4108 -15.2688 0
      vertex 9.01077 -17.6046 0
    endloop
  endfacet
  facet normal 0 0 -1
    outer loop
      vertex -14.0625 -2.1875 0
      vertex 9.01077 -17.6046 0
      vertex 7.38853 -19.7919 0
    endloop
  endfacet
  facet normal 0 0 -1
    outer loop
      vertex -14.0625 -2.1875 0
      vertex 7.38853 -19.7919 0
      vertex 5.55971 -21.8097 0
    endloop
  endfacet
  facet normal 0 0 -1
    outer loop
      vertex -14.0625 -2.1875 0
      vertex 5.55971 -21.8097 0
      vertex 3.5419 -23.6385 0
    endloop
  endfacet
  facet normal 0 0 -1
    outer loop
      vertex -14.0625 -2.1875 0
      vertex 3.5419 -23.6385 0
      vertex 1.35457 -25.2608 0
    endloop
  endfacet
  facet normal 0 0 -1
    outer loop
      vertex -14.0625 -2.1875 0
      vertex 1.35457 -25.2608 0
      vertex -0.981247 -26.6608 0
    endloop
  endfacet
  facet normal 0 0 -1
    outer loop
      vertex -14.0625 -2.1875 0
      vertex -0.981247 -26.6608 0
      vertex -3.44304 -27.8251 0
    endloop
  endfacet
  facet normal 0 0 -1
    outer loop
      vertex -14.0625 -2.1875 0
      vertex -3.44304 -27.8251 0
      vertex -6.00711 -28.7426 0
    endloop
  endfacet
  facet normal 0 0 -1
    outer loop
      vertex 13.5539 -4.90747 0
      vertex -14.0625 -2.1875 0
      vertex 13.6875 -2.1875 0
    endloop
  endfacet
  facet normal 0 0 -1
    outer loop
      vertex -14.0625 -2.1875 0
      vertex -6.00711 -28.7426 0
      vertex -8.64876 -29.4043 0
    endloop
  endfacet
  facet normal 0 0 -1
    outer loop
      vertex -15.5 0.440085 0
      vertex 13.6875 -2.1875 0
      vertex -14.0625 -2.1875 0
    endloop
  endfacet
  facet normal 0 0 -1
    outer loop
      vertex -14.0625 -2.1875 0
      vertex -8.64876 -29.4043 0
      vertex -11.3425 -29.8039 0
    endloop
  endfacet
  facet normal 0 0 -1
    outer loop
      vertex -14.0625 -2.1875 0
      vertex -11.3425 -29.8039 0
      vertex -14.0625 -29.9375 0
    endloop
  endfacet
  facet normal 0 0 -1
    outer loop
      vertex -15.5483 0.542106 0
      vertex 13.6875 -2.1875 0
      vertex -15.5 0.440085 0
    endloop
  endfacet
  facet normal 0 0 -1
    outer loop
      vertex 15.5483 0.542106 0
      vertex -15.5483 0.542106 0
      vertex 15.6063 0.638906 0
    endloop
  endfacet
  facet normal 0 0 -1
    outer loop
      vertex -15.6063 0.638906 0
      vertex 15.6063 0.638906 0
      vertex -15.5483 0.542106 0
    endloop
  endfacet
  facet normal 0 0 -1
    outer loop
      vertex 15.6063 0.638906 0
      vertex -15.6063 0.638906 0
      vertex 15.6735 0.729552 0
    endloop
  endfacet
  facet normal 0 0 -1
    outer loop
      vertex -15.6735 0.729552 0
      vertex 15.6735 0.729552 0
      vertex -15.6063 0.638906 0
    endloop
  endfacet
  facet normal 0 0 -1
    outer loop
      vertex 15.6735 0.729552 0
      vertex -15.6735 0.729552 0
      vertex 15.7493 0.813172 0
    endloop
  endfacet
  facet normal 0 0 -1
    outer loop
      vertex -15.7493 0.813172 0
      vertex 15.7493 0.813172 0
      vertex -15.6735 0.729552 0
    endloop
  endfacet
  facet normal 0 0 -1
    outer loop
      vertex -15.418 0.11272 0
      vertex -14.0625 -2.1875 0
      vertex -15.4125 0 0
    endloop
  endfacet
  facet normal 0 0 -1
    outer loop
      vertex -15.4346 0.224354 0
      vertex -14.0625 -2.1875 0
      vertex -15.418 0.11272 0
    endloop
  endfacet
  facet normal 0 0 -1
    outer loop
      vertex -15.462 0.333827 0
      vertex -14.0625 -2.1875 0
      vertex -15.4346 0.224354 0
    endloop
  endfacet
  facet normal 0 0 -1
    outer loop
      vertex -15.5 0.440085 0
      vertex -14.0625 -2.1875 0
      vertex -15.462 0.333827 0
    endloop
  endfacet
  facet normal 0 0 -1
    outer loop
      vertex 15.7493 0.813172 0
      vertex -15.7493 0.813172 0
      vertex 15.8329 0.888962 0
    endloop
  endfacet
  facet normal 0 0 -1
    outer loop
      vertex -15.8329 0.888962 0
      vertex 15.8329 0.888962 0
      vertex -15.7493 0.813172 0
    endloop
  endfacet
  facet normal 0 0 -1
    outer loop
      vertex 15.8329 0.888962 0
      vertex -15.8329 0.888962 0
      vertex 15.9236 0.956189 0
    endloop
  endfacet
  facet normal 0 0 -1
    outer loop
      vertex -15.9236 0.956189 0
      vertex 15.9236 0.956189 0
      vertex -15.8329 0.888962 0
    endloop
  endfacet
  facet normal 0 0 -1
    outer loop
      vertex 15.9236 0.956189 0
      vertex -15.9236 0.956189 0
      vertex 16.0204 1.01421 0
    endloop
  endfacet
  facet normal 0 0 -1
    outer loop
      vertex -16.0204 1.01421 0
      vertex 16.0204 1.01421 0
      vertex -15.9236 0.956189 0
    endloop
  endfacet
  facet normal 0 0 -1
    outer loop
      vertex 16.0204 1.01421 0
      vertex -16.0204 1.01421 0
      vertex 16.1224 1.06246 0
    endloop
  endfacet
  facet normal 0 0 -1
    outer loop
      vertex -16.1224 1.06246 0
      vertex 16.1224 1.06246 0
      vertex -16.0204 1.01421 0
    endloop
  endfacet
  facet normal 0 0 -1
    outer loop
      vertex 16.1224 1.06246 0
      vertex -16.1224 1.06246 0
      vertex 19.0625 2.1875 0
    endloop
  endfacet
  facet normal 0 0 -1
    outer loop
      vertex -16.2287 1.10048 0
      vertex 19.0625 2.1875 0
      vertex -16.1224 1.06246 0
    endloop
  endfacet
  facet normal 0 0 -1
    outer loop
      vertex -19.0625 2.1875 0
      vertex -16.2287 1.10048 0
      vertex -16.3381 1.1279 0
    endloop
  endfacet
  facet normal 0 0 -1
    outer loop
      vertex -19.0625 2.1875 0
      vertex -16.3381 1.1279 0
      vertex -16.4498 1.14446 0
    endloop
  endfacet
  facet normal 0 0 -1
    outer loop
      vertex -19.0625 2.1875 0
      vertex -16.4498 1.14446 0
      vertex -16.5625 1.15 0
    endloop
  endfacet
  facet normal 0 0 -1
    outer loop
      vertex -19.0625 2.1875 0
      vertex -17.7125 0 0
      vertex -19.0625 -2.1875 0
    endloop
  endfacet
  facet normal 0 0 -1
    outer loop
      vertex -17.7125 0 0
      vertex -19.0625 2.1875 0
      vertex -17.707 0.11272 0
    endloop
  endfacet
  facet normal 0 0 -1
    outer loop
      vertex -17.707 0.11272 0
      vertex -19.0625 2.1875 0
      vertex -17.6904 0.224354 0
    endloop
  endfacet
  facet normal 0 0 -1
    outer loop
      vertex -17.6904 0.224354 0
      vertex -19.0625 2.1875 0
      vertex -17.663 0.333827 0
    endloop
  endfacet
  facet normal 0 0 -1
    outer loop
      vertex -17.663 0.333827 0
      vertex -19.0625 2.1875 0
      vertex -17.625 0.440085 0
    endloop
  endfacet
  facet normal 0 0 -1
    outer loop
      vertex -16.2287 1.10048 0
      vertex -19.0625 2.1875 0
      vertex 19.0625 2.1875 0
    endloop
  endfacet
  facet normal 0 0 -1
    outer loop
      vertex -16.6752 1.14446 0
      vertex -19.0625 2.1875 0
      vertex -16.5625 1.15 0
    endloop
  endfacet
  facet normal 0 0 -1
    outer loop
      vertex -16.7869 1.1279 0
      vertex -19.0625 2.1875 0
      vertex -16.6752 1.14446 0
    endloop
  endfacet
  facet normal 0 0 -1
    outer loop
      vertex -16.8963 1.10048 0
      vertex -19.0625 2.1875 0
      vertex -16.7869 1.1279 0
    endloop
  endfacet
  facet normal 0 0 -1
    outer loop
      vertex -17.0026 1.06246 0
      vertex -19.0625 2.1875 0
      vertex -16.8963 1.10048 0
    endloop
  endfacet
  facet normal 0 0 -1
    outer loop
      vertex -17.1046 1.01421 0
      vertex -19.0625 2.1875 0
      vertex -17.0026 1.06246 0
    endloop
  endfacet
  facet normal 0 0 -1
    outer loop
      vertex -17.2014 0.956189 0
      vertex -19.0625 2.1875 0
      vertex -17.1046 1.01421 0
    endloop
  endfacet
  facet normal 0 0 -1
    outer loop
      vertex -17.2921 0.888962 0
      vertex -19.0625 2.1875 0
      vertex -17.2014 0.956189 0
    endloop
  endfacet
  facet normal 0 0 -1
    outer loop
      vertex -17.3757 0.813172 0
      vertex -19.0625 2.1875 0
      vertex -17.2921 0.888962 0
    endloop
  endfacet
  facet normal 0 0 -1
    outer loop
      vertex -17.4515 0.729552 0
      vertex -19.0625 2.1875 0
      vertex -17.3757 0.813172 0
    endloop
  endfacet
  facet normal 0 0 -1
    outer loop
      vertex -17.5187 0.638906 0
      vertex -19.0625 2.1875 0
      vertex -17.4515 0.729552 0
    endloop
  endfacet
  facet normal 0 0 -1
    outer loop
      vertex -17.5767 0.542106 0
      vertex -19.0625 2.1875 0
      vertex -17.5187 0.638906 0
    endloop
  endfacet
  facet normal 0 0 -1
    outer loop
      vertex -17.625 0.440085 0
      vertex -19.0625 2.1875 0
      vertex -17.5767 0.542106 0
    endloop
  endfacet
  facet normal 1 0 0
    outer loop
      vertex -14.0625 2.1875 12.5
      vertex -14.0625 -1.1875 2.7
      vertex -14.0625 2.1875 2.7
    endloop
  endfacet
  facet normal 1 -0 0
    outer loop
      vertex -14.0625 -2.1875 12.5
      vertex -14.0625 -1.1875 2.7
      vertex -14.0625 2.1875 12.5
    endloop
  endfacet
  facet normal 1 0 0
    outer loop
      vertex -14.0625 -1.1875 2.7
      vertex -14.0625 -2.1875 12.5
      vertex -14.0625 -2.1875 2.7
    endloop
  endfacet
  facet normal 0 -1 0
    outer loop
      vertex 13.6875 -2.1875 2.7
      vertex 13.6875 -2.1875 0
      vertex 14.0625 -2.1875 2.7
    endloop
  endfacet
  facet normal 0 -1 0
    outer loop
      vertex 14.0625 -2.1875 2.7
      vertex 19.0625 -2.1875 12.5
      vertex 14.0625 -2.1875 12.5
    endloop
  endfacet
  facet normal 0 -1 0
    outer loop
      vertex 19.0625 -2.1875 0
      vertex 14.0625 -2.1875 2.7
      vertex 13.6875 -2.1875 0
    endloop
  endfacet
  facet normal 0 -1 0
    outer loop
      vertex 14.0625 -2.1875 2.7
      vertex 19.0625 -2.1875 0
      vertex 19.0625 -2.1875 12.5
    endloop
  endfacet
  facet normal 0 -1 0
    outer loop
      vertex -19.0625 -2.1875 12.5
      vertex -14.0625 -2.1875 2.7
      vertex -14.0625 -2.1875 12.5
    endloop
  endfacet
  facet normal 0 -1 0
    outer loop
      vertex -19.0625 -2.1875 0
      vertex -14.0625 -2.1875 2.7
      vertex -19.0625 -2.1875 12.5
    endloop
  endfacet
  facet normal 0 -1 -0
    outer loop
      vertex -14.0625 -2.1875 2.7
      vertex -19.0625 -2.1875 0
      vertex -14.0625 -2.1875 0
    endloop
  endfacet
  facet normal -0 0 1
    outer loop
      vertex -19.0625 2.1875 12.5
      vertex -14.0625 -2.1875 12.5
      vertex -14.0625 2.1875 12.5
    endloop
  endfacet
  facet normal 0 0 1
    outer loop
      vertex -14.0625 -2.1875 12.5
      vertex -19.0625 2.1875 12.5
      vertex -19.0625 -2.1875 12.5
    endloop
  endfacet
  facet normal -1 0 0
    outer loop
      vertex -19.0625 -2.1875 0
      vertex -19.0625 2.1875 12.5
      vertex -19.0625 2.1875 0
    endloop
  endfacet
  facet normal -1 -0 0
    outer loop
      vertex -19.0625 2.1875 12.5
      vertex -19.0625 -2.1875 0
      vertex -19.0625 -2.1875 12.5
    endloop
  endfacet
  facet normal 0 1 0
    outer loop
      vertex 19.0625 2.1875 12.5
      vertex 14.0625 2.1875 2.7
      vertex 14.0625 2.1875 12.5
    endloop
  endfacet
  facet normal 0 1 0
    outer loop
      vertex 14.0625 2.1875 2.7
      vertex 19.0625 2.1875 0
      vertex -14.0625 2.1875 2.7
    endloop
  endfacet
  facet normal 0 1 -0
    outer loop
      vertex 19.0625 2.1875 0
      vertex 14.0625 2.1875 2.7
      vertex 19.0625 2.1875 12.5
    endloop
  endfacet
  facet normal 0 1 -0
    outer loop
      vertex -14.0625 2.1875 2.7
      vertex -19.0625 2.1875 12.5
      vertex -14.0625 2.1875 12.5
    endloop
  endfacet
  facet normal 0 1 0
    outer loop
      vertex -14.0625 2.1875 2.7
      vertex -19.0625 2.1875 0
      vertex -19.0625 2.1875 12.5
    endloop
  endfacet
  facet normal 0 1 0
    outer loop
      vertex -19.0625 2.1875 0
      vertex -14.0625 2.1875 2.7
      vertex 19.0625 2.1875 0
    endloop
  endfacet
  facet normal 1 -0 0
    outer loop
      vertex 19.0625 -2.1875 12.5
      vertex 19.0625 2.1875 0
      vertex 19.0625 2.1875 12.5
    endloop
  endfacet
  facet normal 1 0 0
    outer loop
      vertex 19.0625 2.1875 0
      vertex 19.0625 -2.1875 12.5
      vertex 19.0625 -2.1875 0
    endloop
  endfacet
  facet normal -0 0 1
    outer loop
      vertex 14.0625 2.1875 12.5
      vertex 19.0625 -2.1875 12.5
      vertex 19.0625 2.1875 12.5
    endloop
  endfacet
  facet normal 0 0 1
    outer loop
      vertex 19.0625 -2.1875 12.5
      vertex 14.0625 2.1875 12.5
      vertex 14.0625 -2.1875 12.5
    endloop
  endfacet
  facet normal -1 0 0
    outer loop
      vertex 14.0625 -1.1875 2.7
      vertex 14.0625 2.1875 12.5
      vertex 14.0625 2.1875 2.7
    endloop
  endfacet
  facet normal -1 0 0
    outer loop
      vertex 14.0625 -2.1875 12.5
      vertex 14.0625 -1.1875 2.7
      vertex 14.0625 -2.1875 2.7
    endloop
  endfacet
  facet normal -1 0 0
    outer loop
      vertex 14.0625 -1.1875 2.7
      vertex 14.0625 -2.1875 12.5
      vertex 14.0625 2.1875 12.5
    endloop
  endfacet
  facet normal -0 0 1
    outer loop
      vertex -5.55411 -15.0266 2.7
      vertex -4.82375 -17.1981 2.7
      vertex -4.82375 -14.8807 2.7
    endloop
  endfacet
  facet normal 0 0 1
    outer loop
      vertex -5.49512 -17.1981 2.7
      vertex -5.55411 -15.0266 2.7
      vertex -5.49512 -17.5437 2.7
    endloop
  endfacet
  facet normal 0 0 1
    outer loop
      vertex -4.82375 -17.1981 2.7
      vertex -5.55411 -15.0266 2.7
      vertex -5.49512 -17.1981 2.7
    endloop
  endfacet
  facet normal -0 0 1
    outer loop
      vertex -2.96529 -15.0266 2.7
      vertex -2.23494 -17.1981 2.7
      vertex -2.23494 -14.8807 2.7
    endloop
  endfacet
  facet normal 0 0 1
    outer loop
      vertex -2.90631 -17.1981 2.7
      vertex -2.96529 -15.0266 2.7
      vertex -2.90631 -17.5437 2.7
    endloop
  endfacet
  facet normal 0 0 1
    outer loop
      vertex -2.23494 -17.1981 2.7
      vertex -2.96529 -15.0266 2.7
      vertex -2.90631 -17.1981 2.7
    endloop
  endfacet
  facet normal -0 0 1
    outer loop
      vertex 14.0615 -1.2071 2.7
      vertex 14.0625 -2.1875 2.7
      vertex 14.0625 -1.1875 2.7
    endloop
  endfacet
  facet normal -0 0 1
    outer loop
      vertex 14.0587 -1.22652 2.7
      vertex 14.0625 -2.1875 2.7
      vertex 14.0615 -1.2071 2.7
    endloop
  endfacet
  facet normal -0 0 1
    outer loop
      vertex 14.0539 -1.24556 2.7
      vertex 14.0625 -2.1875 2.7
      vertex 14.0587 -1.22652 2.7
    endloop
  endfacet
  facet normal -0 0 1
    outer loop
      vertex 14.0473 -1.26404 2.7
      vertex 14.0625 -2.1875 2.7
      vertex 14.0539 -1.24556 2.7
    endloop
  endfacet
  facet normal -0 0 1
    outer loop
      vertex 14.0389 -1.28178 2.7
      vertex 14.0625 -2.1875 2.7
      vertex 14.0473 -1.26404 2.7
    endloop
  endfacet
  facet normal -0 0 1
    outer loop
      vertex 14.0288 -1.29861 2.7
      vertex 14.0625 -2.1875 2.7
      vertex 14.0389 -1.28178 2.7
    endloop
  endfacet
  facet normal -0 0 1
    outer loop
      vertex 14.0171 -1.31438 2.7
      vertex 14.0625 -2.1875 2.7
      vertex 14.0288 -1.29861 2.7
    endloop
  endfacet
  facet normal -0 0 1
    outer loop
      vertex 14.0039 -1.32892 2.7
      vertex 14.0625 -2.1875 2.7
      vertex 14.0171 -1.31438 2.7
    endloop
  endfacet
  facet normal -0 0 1
    outer loop
      vertex 13.9894 -1.3421 2.7
      vertex 14.0625 -2.1875 2.7
      vertex 14.0039 -1.32892 2.7
    endloop
  endfacet
  facet normal -0 0 1
    outer loop
      vertex 13.9736 -1.35379 2.7
      vertex 14.0625 -2.1875 2.7
      vertex 13.9894 -1.3421 2.7
    endloop
  endfacet
  facet normal -0 0 1
    outer loop
      vertex 13.9568 -1.36388 2.7
      vertex 14.0625 -2.1875 2.7
      vertex 13.9736 -1.35379 2.7
    endloop
  endfacet
  facet normal -0 0 1
    outer loop
      vertex 13.939 -1.37228 2.7
      vertex 14.0625 -2.1875 2.7
      vertex 13.9568 -1.36388 2.7
    endloop
  endfacet
  facet normal -0 0 1
    outer loop
      vertex 13.9206 -1.37889 2.7
      vertex 14.0625 -2.1875 2.7
      vertex 13.939 -1.37228 2.7
    endloop
  endfacet
  facet normal -0 0 1
    outer loop
      vertex 13.9015 -1.38366 2.7
      vertex 14.0625 -2.1875 2.7
      vertex 13.9206 -1.37889 2.7
    endloop
  endfacet
  facet normal -0 0 1
    outer loop
      vertex 13.8821 -1.38654 2.7
      vertex 14.0625 -2.1875 2.7
      vertex 13.9015 -1.38366 2.7
    endloop
  endfacet
  facet normal -0 0 1
    outer loop
      vertex 13.8625 -1.3875 2.7
      vertex 14.0625 -2.1875 2.7
      vertex 13.8821 -1.38654 2.7
    endloop
  endfacet
  facet normal 0 0 1
    outer loop
      vertex 13.8625 -1.3875 2.7
      vertex 13.6875 -2.1875 2.7
      vertex 14.0625 -2.1875 2.7
    endloop
  endfacet
  facet normal 0 0 1
    outer loop
      vertex 3.49763 -14.5063 2.7
      vertex 13.5539 -4.90747 2.7
      vertex 13.6875 -2.1875 2.7
    endloop
  endfacet
  facet normal 0 0 1
    outer loop
      vertex 13.5539 -4.90747 2.7
      vertex 3.49763 -14.5063 2.7
      vertex 13.1543 -7.60124 2.7
    endloop
  endfacet
  facet normal 0 0 1
    outer loop
      vertex 13.1543 -7.60124 2.7
      vertex 5.11089 -14.5063 2.7
      vertex 12.4926 -10.2429 2.7
    endloop
  endfacet
  facet normal 0 0 1
    outer loop
      vertex 12.4926 -10.2429 2.7
      vertex 5.11089 -14.5063 2.7
      vertex 11.5751 -12.807 2.7
    endloop
  endfacet
  facet normal -0 0 1
    outer loop
      vertex -13.8625 -1.3875 2.7
      vertex 13.6875 -2.1875 2.7
      vertex 13.8625 -1.3875 2.7
    endloop
  endfacet
  facet normal 0 0 1
    outer loop
      vertex 11.5751 -12.807 2.7
      vertex 5.11089 -14.5063 2.7
      vertex 10.4108 -15.2688 2.7
    endloop
  endfacet
  facet normal -0 0 1
    outer loop
      vertex 5.11089 -14.8519 2.7
      vertex 10.4108 -15.2688 2.7
      vertex 5.11089 -14.5063 2.7
    endloop
  endfacet
  facet normal 0 -0 1
    outer loop
      vertex 5.27599 -16.185 2.7
      vertex 10.4108 -15.2688 2.7
      vertex 5.11089 -14.8519 2.7
    endloop
  endfacet
  facet normal -0 0 1
    outer loop
      vertex 5.31958 -16.7765 2.7
      vertex 9.01077 -17.6046 2.7
      vertex 5.33089 -16.6756 2.7
    endloop
  endfacet
  facet normal -0 0 1
    outer loop
      vertex 5.33089 -16.6756 2.7
      vertex 9.01077 -17.6046 2.7
      vertex 5.33466 -16.5693 2.7
    endloop
  endfacet
  facet normal -0 -0 1
    outer loop
      vertex 5.33466 -16.5693 2.7
      vertex 9.01077 -17.6046 2.7
      vertex 5.33099 -16.4659 2.7
    endloop
  endfacet
  facet normal -0 -0 1
    outer loop
      vertex 5.31999 -16.3674 2.7
      vertex 9.01077 -17.6046 2.7
      vertex 5.30165 -16.2738 2.7
    endloop
  endfacet
  facet normal -0 -0 1
    outer loop
      vertex 5.33099 -16.4659 2.7
      vertex 9.01077 -17.6046 2.7
      vertex 5.31999 -16.3674 2.7
    endloop
  endfacet
  facet normal 0 0 1
    outer loop
      vertex 10.4108 -15.2688 2.7
      vertex 5.27599 -16.185 2.7
      vertex 9.01077 -17.6046 2.7
    endloop
  endfacet
  facet normal 0 0 1
    outer loop
      vertex 9.01077 -17.6046 2.7
      vertex 5.27599 -16.185 2.7
      vertex 5.30165 -16.2738 2.7
    endloop
  endfacet
  facet normal 0 0 1
    outer loop
      vertex 5.27599 -16.185 2.7
      vertex 5.11089 -14.8519 2.7
      vertex 5.24298 -16.1011 2.7
    endloop
  endfacet
  facet normal 0 0 1
    outer loop
      vertex 5.24298 -16.1011 2.7
      vertex 5.11089 -14.8519 2.7
      vertex 5.20264 -16.0221 2.7
    endloop
  endfacet
  facet normal 0 0 1
    outer loop
      vertex 13.1543 -7.60124 2.7
      vertex 3.49763 -14.5063 2.7
      vertex 5.11089 -14.5063 2.7
    endloop
  endfacet
  facet normal -0 0 1
    outer loop
      vertex 1.38326 -15.3176 2.7
      vertex 3.49763 -16.0308 2.7
      vertex 3.49763 -14.5063 2.7
    endloop
  endfacet
  facet normal 0 0 1
    outer loop
      vertex 3.49763 -16.0308 2.7
      vertex 3.45142 -17.1018 2.7
      vertex 3.49286 -17.1208 2.7
    endloop
  endfacet
  facet normal 0 0 1
    outer loop
      vertex 3.49763 -16.0308 2.7
      vertex 3.41028 -17.0815 2.7
      vertex 3.45142 -17.1018 2.7
    endloop
  endfacet
  facet normal 0 0 1
    outer loop
      vertex 3.49763 -16.0308 2.7
      vertex 3.36945 -17.0599 2.7
      vertex 3.41028 -17.0815 2.7
    endloop
  endfacet
  facet normal 0 0 1
    outer loop
      vertex 3.36945 -17.0599 2.7
      vertex 2.62936 -17.0273 2.7
      vertex 3.36945 -17.4727 2.7
    endloop
  endfacet
  facet normal 0 0 1
    outer loop
      vertex 3.49763 -16.0308 2.7
      vertex 2.62936 -17.0273 2.7
      vertex 3.36945 -17.0599 2.7
    endloop
  endfacet
  facet normal -0 0 1
    outer loop
      vertex 1.36159 -15.5197 2.7
      vertex 3.49763 -16.0308 2.7
      vertex 1.36938 -15.4803 2.7
    endloop
  endfacet
  facet normal 0 0 1
    outer loop
      vertex 2.20013 -17.0273 2.7
      vertex 1.39952 -17.1981 2.7
      vertex 2.20013 -17.5437 2.7
    endloop
  endfacet
  facet normal -0 0 1
    outer loop
      vertex 1.35207 -15.5587 2.7
      vertex 3.49763 -16.0308 2.7
      vertex 1.36159 -15.5197 2.7
    endloop
  endfacet
  facet normal 0 0 1
    outer loop
      vertex 3.49763 -16.0308 2.7
      vertex 1.38326 -15.3176 2.7
      vertex 1.38239 -15.359 2.7
    endloop
  endfacet
  facet normal 0 0 1
    outer loop
      vertex 13.6875 -2.1875 2.7
      vertex 0.55011 -14.4623 2.7
      vertex 3.49763 -14.5063 2.7
    endloop
  endfacet
  facet normal 0 0 1
    outer loop
      vertex 3.49763 -14.5063 2.7
      vertex 1.37979 -15.2319 2.7
      vertex 1.38326 -15.3176 2.7
    endloop
  endfacet
  facet normal 0 0 1
    outer loop
      vertex 3.49763 -14.5063 2.7
      vertex 1.3694 -15.15 2.7
      vertex 1.37979 -15.2319 2.7
    endloop
  endfacet
  facet normal 0 0 1
    outer loop
      vertex 3.49763 -14.5063 2.7
      vertex 1.35207 -15.0721 2.7
      vertex 1.3694 -15.15 2.7
    endloop
  endfacet
  facet normal 0 0 1
    outer loop
      vertex 3.49763 -14.5063 2.7
      vertex 1.3278 -14.998 2.7
      vertex 1.35207 -15.0721 2.7
    endloop
  endfacet
  facet normal 0 0 1
    outer loop
      vertex 3.49763 -14.5063 2.7
      vertex 1.29662 -14.9279 2.7
      vertex 1.3278 -14.998 2.7
    endloop
  endfacet
  facet normal 0 0 1
    outer loop
      vertex 3.49763 -14.5063 2.7
      vertex 1.25848 -14.8618 2.7
      vertex 1.29662 -14.9279 2.7
    endloop
  endfacet
  facet normal 0 0 1
    outer loop
      vertex 3.49763 -14.5063 2.7
      vertex 1.21342 -14.7995 2.7
      vertex 1.25848 -14.8618 2.7
    endloop
  endfacet
  facet normal 0 0 1
    outer loop
      vertex 3.49763 -14.5063 2.7
      vertex 1.16144 -14.7412 2.7
      vertex 1.21342 -14.7995 2.7
    endloop
  endfacet
  facet normal 0 0 1
    outer loop
      vertex 3.49763 -14.5063 2.7
      vertex 1.10252 -14.6867 2.7
      vertex 1.16144 -14.7412 2.7
    endloop
  endfacet
  facet normal 0 0 1
    outer loop
      vertex 3.49763 -14.5063 2.7
      vertex 1.03777 -14.6372 2.7
      vertex 1.10252 -14.6867 2.7
    endloop
  endfacet
  facet normal 0 0 1
    outer loop
      vertex 3.49763 -14.5063 2.7
      vertex 0.968307 -14.5935 2.7
      vertex 1.03777 -14.6372 2.7
    endloop
  endfacet
  facet normal 0 0 1
    outer loop
      vertex 3.49763 -14.5063 2.7
      vertex 0.894104 -14.5556 2.7
      vertex 0.968307 -14.5935 2.7
    endloop
  endfacet
  facet normal 0 0 1
    outer loop
      vertex 3.49763 -14.5063 2.7
      vertex 0.815201 -14.5235 2.7
      vertex 0.894104 -14.5556 2.7
    endloop
  endfacet
  facet normal 0 0 1
    outer loop
      vertex 3.49763 -14.5063 2.7
      vertex 0.731552 -14.4973 2.7
      vertex 0.815201 -14.5235 2.7
    endloop
  endfacet
  facet normal 0 0 1
    outer loop
      vertex 3.49763 -14.5063 2.7
      vertex 0.643204 -14.4769 2.7
      vertex 0.731552 -14.4973 2.7
    endloop
  endfacet
  facet normal 0 0 1
    outer loop
      vertex 3.49763 -14.5063 2.7
      vertex 0.55011 -14.4623 2.7
      vertex 0.643204 -14.4769 2.7
    endloop
  endfacet
  facet normal 0 0 1
    outer loop
      vertex 13.6875 -2.1875 2.7
      vertex 0.452316 -14.4536 2.7
      vertex 0.55011 -14.4623 2.7
    endloop
  endfacet
  facet normal 0 0 1
    outer loop
      vertex 13.6875 -2.1875 2.7
      vertex 0.349792 -14.4506 2.7
      vertex 0.452316 -14.4536 2.7
    endloop
  endfacet
  facet normal 0 0 1
    outer loop
      vertex 13.6875 -2.1875 2.7
      vertex 0.309555 -14.4513 2.7
      vertex 0.349792 -14.4506 2.7
    endloop
  endfacet
  facet normal 0 0 1
    outer loop
      vertex 13.6875 -2.1875 2.7
      vertex -13.8625 -1.3875 2.7
      vertex 0.309555 -14.4513 2.7
    endloop
  endfacet
  facet normal 0 0 1
    outer loop
      vertex 0.309555 -14.4513 2.7
      vertex -13.8625 -1.3875 2.7
      vertex 0.268417 -14.4532 2.7
    endloop
  endfacet
  facet normal 0 0 1
    outer loop
      vertex 0.268417 -14.4532 2.7
      vertex -13.8625 -1.3875 2.7
      vertex 0.226379 -14.4563 2.7
    endloop
  endfacet
  facet normal 0 0 1
    outer loop
      vertex 0.226379 -14.4563 2.7
      vertex -13.8625 -1.3875 2.7
      vertex 0.183426 -14.4607 2.7
    endloop
  endfacet
  facet normal 0 -0 1
    outer loop
      vertex -1.82808 -14.5063 2.7
      vertex 0.183426 -14.4607 2.7
      vertex -13.8625 -1.3875 2.7
    endloop
  endfacet
  facet normal 0 0 1
    outer loop
      vertex 0.183426 -14.4607 2.7
      vertex -1.82808 -14.5063 2.7
      vertex 0.139572 -14.4664 2.7
    endloop
  endfacet
  facet normal 0 0 1
    outer loop
      vertex 0.139572 -14.4664 2.7
      vertex -1.82808 -14.5063 2.7
      vertex 0.0948181 -14.4733 2.7
    endloop
  endfacet
  facet normal 0 0 1
    outer loop
      vertex 0.0948181 -14.4733 2.7
      vertex -1.82808 -14.5063 2.7
      vertex 0.0491486 -14.4814 2.7
    endloop
  endfacet
  facet normal 0 0 1
    outer loop
      vertex 0.0491486 -14.4814 2.7
      vertex -1.82808 -14.5063 2.7
      vertex 0.00257874 -14.4909 2.7
    endloop
  endfacet
  facet normal 0 0 1
    outer loop
      vertex 0.00257874 -14.4909 2.7
      vertex -1.82808 -14.5063 2.7
      vertex -0.0448914 -14.5015 2.7
    endloop
  endfacet
  facet normal 0 0 1
    outer loop
      vertex -0.0448914 -14.5015 2.7
      vertex -1.82808 -14.5063 2.7
      vertex -0.0932159 -14.5135 2.7
    endloop
  endfacet
  facet normal 0 0 1
    outer loop
      vertex -0.0932159 -14.5135 2.7
      vertex -1.82808 -14.5063 2.7
      vertex -0.142334 -14.5266 2.7
    endloop
  endfacet
  facet normal 0 0 1
    outer loop
      vertex -0.142334 -14.5266 2.7
      vertex -1.82808 -14.5063 2.7
      vertex -0.192245 -14.5409 2.7
    endloop
  endfacet
  facet normal 0 0 1
    outer loop
      vertex -0.192245 -14.5409 2.7
      vertex -1.82808 -14.5063 2.7
      vertex -0.242981 -14.5565 2.7
    endloop
  endfacet
  facet normal 0 0 1
    outer loop
      vertex -0.242981 -14.5565 2.7
      vertex -1.82808 -14.5063 2.7
      vertex -0.294525 -14.5732 2.7
    endloop
  endfacet
  facet normal 0 0 1
    outer loop
      vertex -0.346863 -14.5911 2.7
      vertex -1.82808 -14.5063 2.7
      vertex -0.400009 -14.6103 2.7
    endloop
  endfacet
  facet normal 0 0 1
    outer loop
      vertex -0.400009 -14.6103 2.7
      vertex -1.82808 -14.5063 2.7
      vertex -0.453949 -14.6307 2.7
    endloop
  endfacet
  facet normal 0 0 1
    outer loop
      vertex -1.82808 -14.5063 2.7
      vertex -0.508713 -15.067 2.7
      vertex -0.508713 -14.6522 2.7
    endloop
  endfacet
  facet normal 0 0 1
    outer loop
      vertex -1.15674 -17.5437 2.7
      vertex -0.529053 -17.5437 2.7
      vertex -0.529053 -17.1981 2.7
    endloop
  endfacet
  facet normal 0 0 1
    outer loop
      vertex -0.508713 -15.067 2.7
      vertex -1.15674 -17.1981 2.7
      vertex -0.529053 -17.1981 2.7
    endloop
  endfacet
  facet normal 0 0 1
    outer loop
      vertex -0.529053 -17.1981 2.7
      vertex -1.15674 -17.1981 2.7
      vertex -1.15674 -17.5437 2.7
    endloop
  endfacet
  facet normal 0 0 1
    outer loop
      vertex -1.82808 -17.1981 2.7
      vertex -0.508713 -15.067 2.7
      vertex -1.82808 -14.5063 2.7
    endloop
  endfacet
  facet normal 0 0 1
    outer loop
      vertex -0.453949 -14.6307 2.7
      vertex -1.82808 -14.5063 2.7
      vertex -0.508713 -14.6522 2.7
    endloop
  endfacet
  facet normal 0 0 1
    outer loop
      vertex -0.294525 -14.5732 2.7
      vertex -1.82808 -14.5063 2.7
      vertex -0.346863 -14.5911 2.7
    endloop
  endfacet
  facet normal 0 0 1
    outer loop
      vertex -1.82808 -14.5063 2.7
      vertex -13.8625 -1.3875 2.7
      vertex -2.23901 -14.5063 2.7
    endloop
  endfacet
  facet normal 0 0 1
    outer loop
      vertex -4.41689 -14.5063 2.7
      vertex -2.96529 -15.0266 2.7
      vertex -2.96529 -14.6522 2.7
    endloop
  endfacet
  facet normal 0 0 1
    outer loop
      vertex -2.96529 -15.0266 2.7
      vertex -3.74556 -17.1981 2.7
      vertex -3.74556 -17.5437 2.7
    endloop
  endfacet
  facet normal 0 0 1
    outer loop
      vertex -2.96529 -15.0266 2.7
      vertex -4.41689 -14.5063 2.7
      vertex -3.74556 -17.1981 2.7
    endloop
  endfacet
  facet normal 0 -0 1
    outer loop
      vertex -4.41689 -14.5063 2.7
      vertex -2.23901 -14.5063 2.7
      vertex -13.8625 -1.3875 2.7
    endloop
  endfacet
  facet normal 0 0 1
    outer loop
      vertex -2.23901 -14.5063 2.7
      vertex -4.41689 -14.5063 2.7
      vertex -2.96529 -14.6522 2.7
    endloop
  endfacet
  facet normal -0 0 1
    outer loop
      vertex -14.0625 -2.1875 2.7
      vertex -4.41689 -14.5063 2.7
      vertex -13.8625 -1.3875 2.7
    endloop
  endfacet
  facet normal 0 0 1
    outer loop
      vertex -14.0625 -2.1875 2.7
      vertex -5.55411 -15.0266 2.7
      vertex -5.55411 -14.6522 2.7
    endloop
  endfacet
  facet normal 0 0 1
    outer loop
      vertex -5.55411 -15.0266 2.7
      vertex -8.64876 -29.4043 2.7
      vertex -6.00711 -28.7426 2.7
    endloop
  endfacet
  facet normal 0 0 1
    outer loop
      vertex -5.55411 -15.0266 2.7
      vertex -11.3425 -29.8039 2.7
      vertex -8.64876 -29.4043 2.7
    endloop
  endfacet
  facet normal 0 0 1
    outer loop
      vertex -4.41689 -14.5063 2.7
      vertex -14.0625 -2.1875 2.7
      vertex -4.82784 -14.5063 2.7
    endloop
  endfacet
  facet normal 0 0 1
    outer loop
      vertex -4.82784 -14.5063 2.7
      vertex -14.0625 -2.1875 2.7
      vertex -5.55411 -14.6522 2.7
    endloop
  endfacet
  facet normal 0 0 1
    outer loop
      vertex -14.0625 -2.1875 2.7
      vertex -13.8625 -1.3875 2.7
      vertex -13.8821 -1.38654 2.7
    endloop
  endfacet
  facet normal 0 0 1
    outer loop
      vertex -14.0625 -2.1875 2.7
      vertex -13.8821 -1.38654 2.7
      vertex -13.9015 -1.38366 2.7
    endloop
  endfacet
  facet normal 0 0 1
    outer loop
      vertex -14.0625 -2.1875 2.7
      vertex -13.9015 -1.38366 2.7
      vertex -13.9206 -1.37889 2.7
    endloop
  endfacet
  facet normal 0 0 1
    outer loop
      vertex -14.0625 -2.1875 2.7
      vertex -13.9206 -1.37889 2.7
      vertex -13.939 -1.37228 2.7
    endloop
  endfacet
  facet normal 0 0 1
    outer loop
      vertex -14.0625 -2.1875 2.7
      vertex -13.939 -1.37228 2.7
      vertex -13.9568 -1.36388 2.7
    endloop
  endfacet
  facet normal 0 0 1
    outer loop
      vertex -14.0625 -2.1875 2.7
      vertex -13.9568 -1.36388 2.7
      vertex -13.9736 -1.35379 2.7
    endloop
  endfacet
  facet normal 0 0 1
    outer loop
      vertex -14.0625 -2.1875 2.7
      vertex -13.9736 -1.35379 2.7
      vertex -13.9894 -1.3421 2.7
    endloop
  endfacet
  facet normal 0 0 1
    outer loop
      vertex -14.0625 -2.1875 2.7
      vertex -13.9894 -1.3421 2.7
      vertex -14.0039 -1.32892 2.7
    endloop
  endfacet
  facet normal 0 0 1
    outer loop
      vertex -14.0625 -2.1875 2.7
      vertex -14.0039 -1.32892 2.7
      vertex -14.0171 -1.31438 2.7
    endloop
  endfacet
  facet normal 0 0 1
    outer loop
      vertex -14.0625 -2.1875 2.7
      vertex -14.0171 -1.31438 2.7
      vertex -14.0288 -1.29861 2.7
    endloop
  endfacet
  facet normal 0 0 1
    outer loop
      vertex -14.0625 -2.1875 2.7
      vertex -14.0288 -1.29861 2.7
      vertex -14.0389 -1.28178 2.7
    endloop
  endfacet
  facet normal 0 0 1
    outer loop
      vertex -14.0625 -2.1875 2.7
      vertex -14.0389 -1.28178 2.7
      vertex -14.0473 -1.26404 2.7
    endloop
  endfacet
  facet normal 0 0 1
    outer loop
      vertex -14.0625 -2.1875 2.7
      vertex -14.0473 -1.26404 2.7
      vertex -14.0539 -1.24556 2.7
    endloop
  endfacet
  facet normal 0 0 1
    outer loop
      vertex -14.0625 -2.1875 2.7
      vertex -14.0539 -1.24556 2.7
      vertex -14.0587 -1.22652 2.7
    endloop
  endfacet
  facet normal 0 0 1
    outer loop
      vertex -14.0625 -2.1875 2.7
      vertex -14.0587 -1.22652 2.7
      vertex -14.0615 -1.2071 2.7
    endloop
  endfacet
  facet normal 0 0 1
    outer loop
      vertex -14.0625 -2.1875 2.7
      vertex -14.0615 -1.2071 2.7
      vertex -14.0625 -1.1875 2.7
    endloop
  endfacet
  facet normal 0 0 1
    outer loop
      vertex -5.55411 -15.0266 2.7
      vertex -14.0625 -2.1875 2.7
      vertex -14.0625 -29.9375 2.7
    endloop
  endfacet
  facet normal 0 0 1
    outer loop
      vertex -5.55411 -15.0266 2.7
      vertex -14.0625 -29.9375 2.7
      vertex -11.3425 -29.8039 2.7
    endloop
  endfacet
  facet normal -0 0 1
    outer loop
      vertex 5.30075 -16.872 2.7
      vertex 9.01077 -17.6046 2.7
      vertex 5.31958 -16.7765 2.7
    endloop
  endfacet
  facet normal -0 0 1
    outer loop
      vertex 5.27438 -16.9621 2.7
      vertex 9.01077 -17.6046 2.7
      vertex 5.30075 -16.872 2.7
    endloop
  endfacet
  facet normal -0 0 1
    outer loop
      vertex 5.24046 -17.0468 2.7
      vertex 9.01077 -17.6046 2.7
      vertex 5.27438 -16.9621 2.7
    endloop
  endfacet
  facet normal 0 0 1
    outer loop
      vertex 9.01077 -17.6046 2.7
      vertex 5.24046 -17.0468 2.7
      vertex 7.38853 -19.7919 2.7
    endloop
  endfacet
  facet normal -0 0 1
    outer loop
      vertex 5.19902 -17.1261 2.7
      vertex 7.38853 -19.7919 2.7
      vertex 5.24046 -17.0468 2.7
    endloop
  endfacet
  facet normal -0 0 1
    outer loop
      vertex 5.15005 -17.2 2.7
      vertex 7.38853 -19.7919 2.7
      vertex 5.19902 -17.1261 2.7
    endloop
  endfacet
  facet normal -0 0 1
    outer loop
      vertex 5.09354 -17.2685 2.7
      vertex 7.38853 -19.7919 2.7
      vertex 5.15005 -17.2 2.7
    endloop
  endfacet
  facet normal -0 0 1
    outer loop
      vertex 5.0295 -17.3316 2.7
      vertex 7.38853 -19.7919 2.7
      vertex 5.09354 -17.2685 2.7
    endloop
  endfacet
  facet normal -0 0 1
    outer loop
      vertex 4.95859 -17.3886 2.7
      vertex 7.38853 -19.7919 2.7
      vertex 5.0295 -17.3316 2.7
    endloop
  endfacet
  facet normal -0 0 1
    outer loop
      vertex 4.88152 -17.4389 2.7
      vertex 7.38853 -19.7919 2.7
      vertex 4.95859 -17.3886 2.7
    endloop
  endfacet
  facet normal -0 0 1
    outer loop
      vertex 4.79825 -17.4825 2.7
      vertex 7.38853 -19.7919 2.7
      vertex 4.88152 -17.4389 2.7
    endloop
  endfacet
  facet normal -0 0 1
    outer loop
      vertex 4.70882 -17.5194 2.7
      vertex 7.38853 -19.7919 2.7
      vertex 4.79825 -17.4825 2.7
    endloop
  endfacet
  facet normal -0 0 1
    outer loop
      vertex 4.61319 -17.5496 2.7
      vertex 7.38853 -19.7919 2.7
      vertex 4.70882 -17.5194 2.7
    endloop
  endfacet
  facet normal 0 0 1
    outer loop
      vertex 7.38853 -19.7919 2.7
      vertex 4.61319 -17.5496 2.7
      vertex 5.55971 -21.8097 2.7
    endloop
  endfacet
  facet normal -0 0 1
    outer loop
      vertex 4.5114 -17.5731 2.7
      vertex 5.55971 -21.8097 2.7
      vertex 4.61319 -17.5496 2.7
    endloop
  endfacet
  facet normal -0 0 1
    outer loop
      vertex 4.40343 -17.5898 2.7
      vertex 5.55971 -21.8097 2.7
      vertex 4.5114 -17.5731 2.7
    endloop
  endfacet
  facet normal -0 0 1
    outer loop
      vertex 4.28928 -17.5999 2.7
      vertex 5.55971 -21.8097 2.7
      vertex 4.40343 -17.5898 2.7
    endloop
  endfacet
  facet normal -0 0 1
    outer loop
      vertex 4.16895 -17.6033 2.7
      vertex 5.55971 -21.8097 2.7
      vertex 4.28928 -17.5999 2.7
    endloop
  endfacet
  facet normal 0 0 1
    outer loop
      vertex 4.12636 -17.6029 2.7
      vertex 5.55971 -21.8097 2.7
      vertex 4.16895 -17.6033 2.7
    endloop
  endfacet
  facet normal 0 0 1
    outer loop
      vertex 4.0836 -17.6017 2.7
      vertex 5.55971 -21.8097 2.7
      vertex 4.12636 -17.6029 2.7
    endloop
  endfacet
  facet normal 0 0 1
    outer loop
      vertex 4.04066 -17.5996 2.7
      vertex 5.55971 -21.8097 2.7
      vertex 4.0836 -17.6017 2.7
    endloop
  endfacet
  facet normal 0 0 1
    outer loop
      vertex 3.99756 -17.5968 2.7
      vertex 5.55971 -21.8097 2.7
      vertex 4.04066 -17.5996 2.7
    endloop
  endfacet
  facet normal 0 0 1
    outer loop
      vertex 3.95427 -17.5932 2.7
      vertex 5.55971 -21.8097 2.7
      vertex 3.99756 -17.5968 2.7
    endloop
  endfacet
  facet normal 0 0 1
    outer loop
      vertex 3.91081 -17.5888 2.7
      vertex 5.55971 -21.8097 2.7
      vertex 3.95427 -17.5932 2.7
    endloop
  endfacet
  facet normal 0 0 1
    outer loop
      vertex 3.86717 -17.5835 2.7
      vertex 5.55971 -21.8097 2.7
      vertex 3.91081 -17.5888 2.7
    endloop
  endfacet
  facet normal 0 0 1
    outer loop
      vertex 3.82335 -17.5775 2.7
      vertex 5.55971 -21.8097 2.7
      vertex 3.86717 -17.5835 2.7
    endloop
  endfacet
  facet normal 0 0 1
    outer loop
      vertex 3.77936 -17.5706 2.7
      vertex 5.55971 -21.8097 2.7
      vertex 3.82335 -17.5775 2.7
    endloop
  endfacet
  facet normal 0 0 1
    outer loop
      vertex 3.73512 -17.563 2.7
      vertex 5.55971 -21.8097 2.7
      vertex 3.77936 -17.5706 2.7
    endloop
  endfacet
  facet normal 0 0 1
    outer loop
      vertex 3.69057 -17.5545 2.7
      vertex 5.55971 -21.8097 2.7
      vertex 3.73512 -17.563 2.7
    endloop
  endfacet
  facet normal 0 0 1
    outer loop
      vertex 2.62936 -17.5437 2.7
      vertex 3.69057 -17.5545 2.7
      vertex 3.64568 -17.5452 2.7
    endloop
  endfacet
  facet normal -0 0 1
    outer loop
      vertex 2.62936 -17.5437 2.7
      vertex 3.64568 -17.5452 2.7
      vertex 3.60045 -17.5352 2.7
    endloop
  endfacet
  facet normal 0 0 1
    outer loop
      vertex 2.62936 -17.5437 2.7
      vertex 3.60045 -17.5352 2.7
      vertex 3.5549 -17.5243 2.7
    endloop
  endfacet
  facet normal 0 0 1
    outer loop
      vertex 3.69057 -17.5545 2.7
      vertex 2.62936 -17.5437 2.7
      vertex 5.55971 -21.8097 2.7
    endloop
  endfacet
  facet normal 0 0 1
    outer loop
      vertex 2.62936 -17.5437 2.7
      vertex 3.5549 -17.5243 2.7
      vertex 3.50903 -17.5126 2.7
    endloop
  endfacet
  facet normal 0 0 1
    outer loop
      vertex 2.62936 -17.5437 2.7
      vertex 3.50903 -17.5126 2.7
      vertex 3.46283 -17.5001 2.7
    endloop
  endfacet
  facet normal 0 0 1
    outer loop
      vertex 2.62936 -17.5437 2.7
      vertex 3.46283 -17.5001 2.7
      vertex 3.41631 -17.4868 2.7
    endloop
  endfacet
  facet normal 0 0 1
    outer loop
      vertex 2.62936 -17.5437 2.7
      vertex 3.41631 -17.4868 2.7
      vertex 3.36945 -17.4727 2.7
    endloop
  endfacet
  facet normal 0 0 1
    outer loop
      vertex 2.62936 -17.5437 2.7
      vertex 3.36945 -17.4727 2.7
      vertex 2.62936 -17.0273 2.7
    endloop
  endfacet
  facet normal 0 0 1
    outer loop
      vertex 5.55971 -21.8097 2.7
      vertex 2.62936 -17.5437 2.7
      vertex 3.5419 -23.6385 2.7
    endloop
  endfacet
  facet normal -0 0 1
    outer loop
      vertex 2.20013 -17.5437 2.7
      vertex 3.5419 -23.6385 2.7
      vertex 2.62936 -17.5437 2.7
    endloop
  endfacet
  facet normal 0 0 1
    outer loop
      vertex 1.39952 -17.5437 2.7
      vertex 2.20013 -17.5437 2.7
      vertex 1.39952 -17.1981 2.7
    endloop
  endfacet
  facet normal 0 0 1
    outer loop
      vertex 2.20013 -17.5437 2.7
      vertex 1.39952 -17.5437 2.7
      vertex 3.5419 -23.6385 2.7
    endloop
  endfacet
  facet normal -0 0 1
    outer loop
      vertex -0.529053 -17.5437 2.7
      vertex 3.5419 -23.6385 2.7
      vertex 1.39952 -17.5437 2.7
    endloop
  endfacet
  facet normal 0 0 1
    outer loop
      vertex 3.5419 -23.6385 2.7
      vertex -0.529053 -17.5437 2.7
      vertex 1.35457 -25.2608 2.7
    endloop
  endfacet
  facet normal 0 0 1
    outer loop
      vertex 1.35457 -25.2608 2.7
      vertex -0.529053 -17.5437 2.7
      vertex -0.981247 -26.6608 2.7
    endloop
  endfacet
  facet normal 0 0 1
    outer loop
      vertex 5.20264 -16.0221 2.7
      vertex 5.11089 -14.8519 2.7
      vertex 5.15497 -15.948 2.7
    endloop
  endfacet
  facet normal 0 0 1
    outer loop
      vertex 5.11089 -14.8519 2.7
      vertex 5.09996 -15.8787 2.7
      vertex 5.15497 -15.948 2.7
    endloop
  endfacet
  facet normal 0 0 1
    outer loop
      vertex 5.11089 -14.8519 2.7
      vertex 5.03763 -15.8143 2.7
      vertex 5.09996 -15.8787 2.7
    endloop
  endfacet
  facet normal 0 0 1
    outer loop
      vertex 5.11089 -14.8519 2.7
      vertex 4.96901 -15.7558 2.7
      vertex 5.03763 -15.8143 2.7
    endloop
  endfacet
  facet normal 0 0 1
    outer loop
      vertex 5.11089 -14.8519 2.7
      vertex 4.89517 -15.7041 2.7
      vertex 4.96901 -15.7558 2.7
    endloop
  endfacet
  facet normal 0 0 1
    outer loop
      vertex 5.11089 -14.8519 2.7
      vertex 4.81612 -15.6594 2.7
      vertex 4.89517 -15.7041 2.7
    endloop
  endfacet
  facet normal 0 0 1
    outer loop
      vertex 5.11089 -14.8519 2.7
      vertex 4.73183 -15.6215 2.7
      vertex 4.81612 -15.6594 2.7
    endloop
  endfacet
  facet normal 0 0 1
    outer loop
      vertex 5.11089 -14.8519 2.7
      vertex 4.64232 -15.5905 2.7
      vertex 4.73183 -15.6215 2.7
    endloop
  endfacet
  facet normal 0 0 1
    outer loop
      vertex 5.11089 -14.8519 2.7
      vertex 4.54759 -15.5664 2.7
      vertex 4.64232 -15.5905 2.7
    endloop
  endfacet
  facet normal 0 0 1
    outer loop
      vertex 5.11089 -14.8519 2.7
      vertex 4.44763 -15.5492 2.7
      vertex 4.54759 -15.5664 2.7
    endloop
  endfacet
  facet normal -0 0 1
    outer loop
      vertex 3.87398 -14.8519 2.7
      vertex 4.44763 -15.5492 2.7
      vertex 5.11089 -14.8519 2.7
    endloop
  endfacet
  facet normal 0 0 1
    outer loop
      vertex 4.44763 -15.5492 2.7
      vertex 3.87398 -14.8519 2.7
      vertex 4.34244 -15.5389 2.7
    endloop
  endfacet
  facet normal 0 0 1
    outer loop
      vertex 4.34244 -15.5389 2.7
      vertex 3.87398 -14.8519 2.7
      vertex 4.23204 -15.5354 2.7
    endloop
  endfacet
  facet normal 0 0 1
    outer loop
      vertex 4.23204 -15.5354 2.7
      vertex 3.87398 -14.8519 2.7
      vertex 4.21214 -15.5356 2.7
    endloop
  endfacet
  facet normal 0 0 1
    outer loop
      vertex 4.21214 -15.5356 2.7
      vertex 3.87398 -14.8519 2.7
      vertex 4.19225 -15.5362 2.7
    endloop
  endfacet
  facet normal 0 0 1
    outer loop
      vertex 4.19225 -15.5362 2.7
      vertex 3.87398 -14.8519 2.7
      vertex 4.17235 -15.5371 2.7
    endloop
  endfacet
  facet normal 0 0 1
    outer loop
      vertex 4.17235 -15.5371 2.7
      vertex 3.87398 -14.8519 2.7
      vertex 4.15247 -15.5385 2.7
    endloop
  endfacet
  facet normal 0 0 1
    outer loop
      vertex 4.15247 -15.5385 2.7
      vertex 3.87398 -14.8519 2.7
      vertex 4.13257 -15.5401 2.7
    endloop
  endfacet
  facet normal 0 0 1
    outer loop
      vertex 4.13257 -15.5401 2.7
      vertex 3.87398 -14.8519 2.7
      vertex 4.11267 -15.5422 2.7
    endloop
  endfacet
  facet normal 0 0 1
    outer loop
      vertex 4.11267 -15.5422 2.7
      vertex 3.87398 -14.8519 2.7
      vertex 4.09279 -15.5447 2.7
    endloop
  endfacet
  facet normal 0 0 1
    outer loop
      vertex 4.09279 -15.5447 2.7
      vertex 3.87398 -14.8519 2.7
      vertex 4.07289 -15.5475 2.7
    endloop
  endfacet
  facet normal 0 0 1
    outer loop
      vertex 4.07289 -15.5475 2.7
      vertex 3.87398 -14.8519 2.7
      vertex 4.05299 -15.5507 2.7
    endloop
  endfacet
  facet normal 0 0 1
    outer loop
      vertex 4.05299 -15.5507 2.7
      vertex 3.87398 -14.8519 2.7
      vertex 4.03311 -15.5543 2.7
    endloop
  endfacet
  facet normal 0 0 1
    outer loop
      vertex 4.03311 -15.5543 2.7
      vertex 3.87398 -14.8519 2.7
      vertex 4.01321 -15.5582 2.7
    endloop
  endfacet
  facet normal 0 0 1
    outer loop
      vertex 4.01321 -15.5582 2.7
      vertex 3.87398 -14.8519 2.7
      vertex 3.99333 -15.5626 2.7
    endloop
  endfacet
  facet normal 0 0 1
    outer loop
      vertex 3.99333 -15.5626 2.7
      vertex 3.87398 -14.8519 2.7
      vertex 3.97343 -15.5673 2.7
    endloop
  endfacet
  facet normal 0 0 1
    outer loop
      vertex 3.97343 -15.5673 2.7
      vertex 3.87398 -14.8519 2.7
      vertex 3.95355 -15.5723 2.7
    endloop
  endfacet
  facet normal 0 0 1
    outer loop
      vertex 3.95355 -15.5723 2.7
      vertex 3.87398 -14.8519 2.7
      vertex 3.93365 -15.5778 2.7
    endloop
  endfacet
  facet normal 0 0 1
    outer loop
      vertex 3.93365 -15.5778 2.7
      vertex 3.87398 -14.8519 2.7
      vertex 3.91377 -15.5836 2.7
    endloop
  endfacet
  facet normal 0 0 1
    outer loop
      vertex 3.91377 -15.5836 2.7
      vertex 3.87398 -14.8519 2.7
      vertex 3.89388 -15.5898 2.7
    endloop
  endfacet
  facet normal 0 0 1
    outer loop
      vertex 3.89388 -15.5898 2.7
      vertex 3.87398 -14.8519 2.7
      vertex 3.87398 -15.5964 2.7
    endloop
  endfacet
  facet normal 0 0 1
    outer loop
      vertex 4.3792 -15.9016 2.7
      vertex 4.92372 -16.5693 2.7
      vertex 4.92117 -16.5004 2.7
    endloop
  endfacet
  facet normal 0 0 1
    outer loop
      vertex 4.44475 -15.9176 2.7
      vertex 4.92117 -16.5004 2.7
      vertex 4.91357 -16.4347 2.7
    endloop
  endfacet
  facet normal 0 0 1
    outer loop
      vertex 4.3792 -15.9016 2.7
      vertex 4.92117 -16.5004 2.7
      vertex 4.44475 -15.9176 2.7
    endloop
  endfacet
  facet normal 0 0 1
    outer loop
      vertex 4.56499 -15.9634 2.7
      vertex 4.91357 -16.4347 2.7
      vertex 4.90088 -16.3723 2.7
    endloop
  endfacet
  facet normal 0 0 1
    outer loop
      vertex 4.37918 -17.2371 2.7
      vertex 4.92372 -16.5693 2.7
      vertex 4.3792 -15.9016 2.7
    endloop
  endfacet
  facet normal 0 0 1
    outer loop
      vertex 4.61969 -15.9931 2.7
      vertex 4.90088 -16.3723 2.7
      vertex 4.88313 -16.3131 2.7
    endloop
  endfacet
  facet normal 0 0 1
    outer loop
      vertex 4.92117 -16.6383 2.7
      vertex 4.44473 -17.2211 2.7
      vertex 4.91357 -16.704 2.7
    endloop
  endfacet
  facet normal 0 0 1
    outer loop
      vertex 4.61969 -15.9931 2.7
      vertex 4.88313 -16.3131 2.7
      vertex 4.86029 -16.2572 2.7
    endloop
  endfacet
  facet normal 0 0 1
    outer loop
      vertex 4.91357 -16.4347 2.7
      vertex 4.50667 -15.9382 2.7
      vertex 4.44475 -15.9176 2.7
    endloop
  endfacet
  facet normal 0 0 1
    outer loop
      vertex 4.61969 -15.9931 2.7
      vertex 4.86029 -16.2572 2.7
      vertex 4.8324 -16.2046 2.7
    endloop
  endfacet
  facet normal 0 -0 1
    outer loop
      vertex 4.50667 -17.2005 2.7
      vertex 4.91357 -16.704 2.7
      vertex 4.44473 -17.2211 2.7
    endloop
  endfacet
  facet normal 0 0 1
    outer loop
      vertex 4.61969 -15.9931 2.7
      vertex 4.8324 -16.2046 2.7
      vertex 4.79942 -16.1552 2.7
    endloop
  endfacet
  facet normal 0 0 1
    outer loop
      vertex 4.90088 -16.3723 2.7
      vertex 4.61969 -15.9931 2.7
      vertex 4.56499 -15.9634 2.7
    endloop
  endfacet
  facet normal 0 0 1
    outer loop
      vertex 4.71825 -16.0663 2.7
      vertex 4.79942 -16.1552 2.7
      vertex 4.76137 -16.1091 2.7
    endloop
  endfacet
  facet normal 0 0 1
    outer loop
      vertex 4.67078 -16.0275 2.7
      vertex 4.79942 -16.1552 2.7
      vertex 4.71825 -16.0663 2.7
    endloop
  endfacet
  facet normal 0 0 1
    outer loop
      vertex 4.61969 -15.9931 2.7
      vertex 4.79942 -16.1552 2.7
      vertex 4.67078 -16.0275 2.7
    endloop
  endfacet
  facet normal 0 0 1
    outer loop
      vertex 4.79942 -16.9835 2.7
      vertex 4.71825 -17.0724 2.7
      vertex 4.76137 -17.0295 2.7
    endloop
  endfacet
  facet normal 0 0 1
    outer loop
      vertex 4.91357 -16.4347 2.7
      vertex 4.56499 -15.9634 2.7
      vertex 4.50667 -15.9382 2.7
    endloop
  endfacet
  facet normal 0 0 1
    outer loop
      vertex 4.79942 -16.9835 2.7
      vertex 4.67078 -17.1113 2.7
      vertex 4.71825 -17.0724 2.7
    endloop
  endfacet
  facet normal 0 -0 1
    outer loop
      vertex 4.61969 -17.1456 2.7
      vertex 4.90088 -16.7664 2.7
      vertex 4.56499 -17.1753 2.7
    endloop
  endfacet
  facet normal 0 0 1
    outer loop
      vertex 4.79942 -16.9835 2.7
      vertex 4.61969 -17.1456 2.7
      vertex 4.67078 -17.1113 2.7
    endloop
  endfacet
  facet normal 0 0 1
    outer loop
      vertex 4.86029 -16.8815 2.7
      vertex 4.61969 -17.1456 2.7
      vertex 4.8324 -16.9341 2.7
    endloop
  endfacet
  facet normal 0 0 1
    outer loop
      vertex 4.8324 -16.9341 2.7
      vertex 4.61969 -17.1456 2.7
      vertex 4.79942 -16.9835 2.7
    endloop
  endfacet
  facet normal 0 0 1
    outer loop
      vertex 4.90088 -16.7664 2.7
      vertex 4.61969 -17.1456 2.7
      vertex 4.88313 -16.8256 2.7
    endloop
  endfacet
  facet normal 0 0 1
    outer loop
      vertex 4.88313 -16.8256 2.7
      vertex 4.61969 -17.1456 2.7
      vertex 4.86029 -16.8815 2.7
    endloop
  endfacet
  facet normal 0 -0 1
    outer loop
      vertex 4.56499 -17.1753 2.7
      vertex 4.91357 -16.704 2.7
      vertex 4.50667 -17.2005 2.7
    endloop
  endfacet
  facet normal 0 0 1
    outer loop
      vertex 4.91357 -16.704 2.7
      vertex 4.56499 -17.1753 2.7
      vertex 4.90088 -16.7664 2.7
    endloop
  endfacet
  facet normal 0 0 1
    outer loop
      vertex 4.92372 -16.5693 2.7
      vertex 4.37918 -17.2371 2.7
      vertex 4.92117 -16.6383 2.7
    endloop
  endfacet
  facet normal 0 0 1
    outer loop
      vertex 4.92117 -16.6383 2.7
      vertex 4.37918 -17.2371 2.7
      vertex 4.44473 -17.2211 2.7
    endloop
  endfacet
  facet normal 0 0 1
    outer loop
      vertex 4.31003 -15.8902 2.7
      vertex 4.37918 -17.2371 2.7
      vertex 4.3792 -15.9016 2.7
    endloop
  endfacet
  facet normal 0 0 1
    outer loop
      vertex 4.31003 -15.8902 2.7
      vertex 4.31001 -17.2485 2.7
      vertex 4.37918 -17.2371 2.7
    endloop
  endfacet
  facet normal 0 0 1
    outer loop
      vertex 4.23724 -15.8833 2.7
      vertex 4.31001 -17.2485 2.7
      vertex 4.31003 -15.8902 2.7
    endloop
  endfacet
  facet normal 0 0 1
    outer loop
      vertex 4.23724 -15.8833 2.7
      vertex 4.23721 -17.2554 2.7
      vertex 4.31001 -17.2485 2.7
    endloop
  endfacet
  facet normal 0 0 1
    outer loop
      vertex 4.16084 -15.881 2.7
      vertex 4.23721 -17.2554 2.7
      vertex 4.23724 -15.8833 2.7
    endloop
  endfacet
  facet normal 0 0 1
    outer loop
      vertex 4.16084 -15.881 2.7
      vertex 4.16081 -17.2577 2.7
      vertex 4.23721 -17.2554 2.7
    endloop
  endfacet
  facet normal -0 0 1
    outer loop
      vertex 4.12424 -15.8815 2.7
      vertex 4.16081 -17.2577 2.7
      vertex 4.16084 -15.881 2.7
    endloop
  endfacet
  facet normal 0 0 1
    outer loop
      vertex 4.12424 -15.8815 2.7
      vertex 4.11272 -17.2571 2.7
      vertex 4.16081 -17.2577 2.7
    endloop
  endfacet
  facet normal -0 0 1
    outer loop
      vertex 4.08766 -15.8828 2.7
      vertex 4.11272 -17.2571 2.7
      vertex 4.12424 -15.8815 2.7
    endloop
  endfacet
  facet normal 0 0 1
    outer loop
      vertex 4.08766 -15.8828 2.7
      vertex 4.06517 -17.2552 2.7
      vertex 4.11272 -17.2571 2.7
    endloop
  endfacet
  facet normal -0 0 1
    outer loop
      vertex 4.0511 -15.8851 2.7
      vertex 4.06517 -17.2552 2.7
      vertex 4.08766 -15.8828 2.7
    endloop
  endfacet
  facet normal 0 0 1
    outer loop
      vertex 4.0511 -15.8851 2.7
      vertex 4.01819 -17.2522 2.7
      vertex 4.06517 -17.2552 2.7
    endloop
  endfacet
  facet normal -0 0 1
    outer loop
      vertex 4.01457 -15.8882 2.7
      vertex 4.01819 -17.2522 2.7
      vertex 4.0511 -15.8851 2.7
    endloop
  endfacet
  facet normal -0 0 1
    outer loop
      vertex 3.97806 -15.8923 2.7
      vertex 4.01819 -17.2522 2.7
      vertex 4.01457 -15.8882 2.7
    endloop
  endfacet
  facet normal 0 0 1
    outer loop
      vertex 3.97806 -15.8923 2.7
      vertex 3.97174 -17.248 2.7
      vertex 4.01819 -17.2522 2.7
    endloop
  endfacet
  facet normal -0 0 1
    outer loop
      vertex 3.94157 -15.8972 2.7
      vertex 3.97174 -17.248 2.7
      vertex 3.97806 -15.8923 2.7
    endloop
  endfacet
  facet normal 0 0 1
    outer loop
      vertex 3.94157 -15.8972 2.7
      vertex 3.92586 -17.2426 2.7
      vertex 3.97174 -17.248 2.7
    endloop
  endfacet
  facet normal -0 0 1
    outer loop
      vertex 3.90512 -15.9031 2.7
      vertex 3.92586 -17.2426 2.7
      vertex 3.94157 -15.8972 2.7
    endloop
  endfacet
  facet normal -0 0 1
    outer loop
      vertex 3.8687 -15.9098 2.7
      vertex 3.92586 -17.2426 2.7
      vertex 3.90512 -15.9031 2.7
    endloop
  endfacet
  facet normal 0 0 1
    outer loop
      vertex 3.92586 -17.2426 2.7
      vertex 3.8687 -15.9098 2.7
      vertex 3.88052 -17.2359 2.7
    endloop
  endfacet
  facet normal -0 0 1
    outer loop
      vertex 3.83229 -15.9175 2.7
      vertex 3.88052 -17.2359 2.7
      vertex 3.8687 -15.9098 2.7
    endloop
  endfacet
  facet normal 0 0 1
    outer loop
      vertex 3.88052 -17.2359 2.7
      vertex 3.83229 -15.9175 2.7
      vertex 3.83574 -17.2281 2.7
    endloop
  endfacet
  facet normal -0 0 1
    outer loop
      vertex 3.79581 -15.9261 2.7
      vertex 3.83574 -17.2281 2.7
      vertex 3.83229 -15.9175 2.7
    endloop
  endfacet
  facet normal 0 0 1
    outer loop
      vertex 3.79581 -15.9261 2.7
      vertex 3.7915 -17.219 2.7
      vertex 3.83574 -17.2281 2.7
    endloop
  endfacet
  facet normal -0 0 1
    outer loop
      vertex 3.75914 -15.9357 2.7
      vertex 3.7915 -17.219 2.7
      vertex 3.79581 -15.9261 2.7
    endloop
  endfacet
  facet normal 0 0 1
    outer loop
      vertex 3.75914 -15.9357 2.7
      vertex 3.74783 -17.2087 2.7
      vertex 3.7915 -17.219 2.7
    endloop
  endfacet
  facet normal -0 0 1
    outer loop
      vertex 3.72232 -15.9463 2.7
      vertex 3.74783 -17.2087 2.7
      vertex 3.75914 -15.9357 2.7
    endloop
  endfacet
  facet normal 0 0 1
    outer loop
      vertex 3.72232 -15.9463 2.7
      vertex 3.70459 -17.1972 2.7
      vertex 3.74783 -17.2087 2.7
    endloop
  endfacet
  facet normal -0 0 1
    outer loop
      vertex 3.6853 -15.9579 2.7
      vertex 3.70459 -17.1972 2.7
      vertex 3.72232 -15.9463 2.7
    endloop
  endfacet
  facet normal -0 0 1
    outer loop
      vertex 3.64812 -15.9704 2.7
      vertex 3.70459 -17.1972 2.7
      vertex 3.6853 -15.9579 2.7
    endloop
  endfacet
  facet normal 0 0 1
    outer loop
      vertex 3.70459 -17.1972 2.7
      vertex 3.64812 -15.9704 2.7
      vertex 3.66164 -17.1845 2.7
    endloop
  endfacet
  facet normal -0 0 1
    outer loop
      vertex 3.61076 -15.984 2.7
      vertex 3.66164 -17.1845 2.7
      vertex 3.64812 -15.9704 2.7
    endloop
  endfacet
  facet normal 0 0 1
    outer loop
      vertex 3.66164 -17.1845 2.7
      vertex 3.61076 -15.984 2.7
      vertex 3.61899 -17.1705 2.7
    endloop
  endfacet
  facet normal -0 0 1
    outer loop
      vertex 3.57323 -15.9986 2.7
      vertex 3.61899 -17.1705 2.7
      vertex 3.61076 -15.984 2.7
    endloop
  endfacet
  facet normal 0 0 1
    outer loop
      vertex 3.61899 -17.1705 2.7
      vertex 3.57323 -15.9986 2.7
      vertex 3.57664 -17.1552 2.7
    endloop
  endfacet
  facet normal -0 0 1
    outer loop
      vertex 3.53552 -16.0142 2.7
      vertex 3.57664 -17.1552 2.7
      vertex 3.57323 -15.9986 2.7
    endloop
  endfacet
  facet normal 0 0 1
    outer loop
      vertex 3.53552 -16.0142 2.7
      vertex 3.53461 -17.1386 2.7
      vertex 3.57664 -17.1552 2.7
    endloop
  endfacet
  facet normal -0 0 1
    outer loop
      vertex 3.49763 -16.0308 2.7
      vertex 3.53461 -17.1386 2.7
      vertex 3.53552 -16.0142 2.7
    endloop
  endfacet
  facet normal 0 0 1
    outer loop
      vertex 3.53461 -17.1386 2.7
      vertex 3.49763 -16.0308 2.7
      vertex 3.49286 -17.1208 2.7
    endloop
  endfacet
  facet normal 0 0 1
    outer loop
      vertex 3.49763 -16.0308 2.7
      vertex 1.38239 -15.359 2.7
      vertex 1.37979 -15.3999 2.7
    endloop
  endfacet
  facet normal 0 0 1
    outer loop
      vertex 3.49763 -16.0308 2.7
      vertex 1.37979 -15.3999 2.7
      vertex 1.37546 -15.4403 2.7
    endloop
  endfacet
  facet normal 0 0 1
    outer loop
      vertex 3.49763 -16.0308 2.7
      vertex 1.37546 -15.4403 2.7
      vertex 1.36938 -15.4803 2.7
    endloop
  endfacet
  facet normal -0 0 1
    outer loop
      vertex 1.34079 -15.5972 2.7
      vertex 3.49763 -16.0308 2.7
      vertex 1.35207 -15.5587 2.7
    endloop
  endfacet
  facet normal 0 -0 1
    outer loop
      vertex 2.20013 -17.0273 2.7
      vertex 3.49763 -16.0308 2.7
      vertex 1.34079 -15.5972 2.7
    endloop
  endfacet
  facet normal 0 0 1
    outer loop
      vertex 3.49763 -16.0308 2.7
      vertex 2.20013 -17.0273 2.7
      vertex 2.62936 -17.0273 2.7
    endloop
  endfacet
  facet normal 0 0 1
    outer loop
      vertex 2.20013 -17.0273 2.7
      vertex 1.34079 -15.5972 2.7
      vertex 1.32779 -15.6352 2.7
    endloop
  endfacet
  facet normal -0 0 1
    outer loop
      vertex 1.31306 -15.6728 2.7
      vertex 2.20013 -17.0273 2.7
      vertex 1.32779 -15.6352 2.7
    endloop
  endfacet
  facet normal -0 0 1
    outer loop
      vertex 1.29605 -15.7108 2.7
      vertex 2.20013 -17.0273 2.7
      vertex 1.31306 -15.6728 2.7
    endloop
  endfacet
  facet normal -0 0 1
    outer loop
      vertex 1.2762 -15.7504 2.7
      vertex 2.20013 -17.0273 2.7
      vertex 1.29605 -15.7108 2.7
    endloop
  endfacet
  facet normal -0 0 1
    outer loop
      vertex 1.25351 -15.7914 2.7
      vertex 2.20013 -17.0273 2.7
      vertex 1.2762 -15.7504 2.7
    endloop
  endfacet
  facet normal -0 0 1
    outer loop
      vertex 1.22798 -15.8339 2.7
      vertex 2.20013 -17.0273 2.7
      vertex 1.25351 -15.7914 2.7
    endloop
  endfacet
  facet normal -0 0 1
    outer loop
      vertex 1.19962 -15.8779 2.7
      vertex 2.20013 -17.0273 2.7
      vertex 1.22798 -15.8339 2.7
    endloop
  endfacet
  facet normal -0 0 1
    outer loop
      vertex 1.16841 -15.9233 2.7
      vertex 2.20013 -17.0273 2.7
      vertex 1.19962 -15.8779 2.7
    endloop
  endfacet
  facet normal -0 0 1
    outer loop
      vertex 1.13437 -15.9703 2.7
      vertex 2.20013 -17.0273 2.7
      vertex 1.16841 -15.9233 2.7
    endloop
  endfacet
  facet normal -0 0 1
    outer loop
      vertex 1.09747 -16.0187 2.7
      vertex 2.20013 -17.0273 2.7
      vertex 1.13437 -15.9703 2.7
    endloop
  endfacet
  facet normal 0 0 1
    outer loop
      vertex 2.20013 -17.0273 2.7
      vertex 1.09747 -16.0187 2.7
      vertex 1.39952 -17.1981 2.7
    endloop
  endfacet
  facet normal -0 0 1
    outer loop
      vertex 1.05775 -16.0686 2.7
      vertex 1.39952 -17.1981 2.7
      vertex 1.09747 -16.0187 2.7
    endloop
  endfacet
  facet normal -0 0 1
    outer loop
      vertex 1.04372 -16.0845 2.7
      vertex 1.39952 -17.1981 2.7
      vertex 1.05775 -16.0686 2.7
    endloop
  endfacet
  facet normal -0 0 1
    outer loop
      vertex 1.0242 -16.1059 2.7
      vertex 1.39952 -17.1981 2.7
      vertex 1.04372 -16.0845 2.7
    endloop
  endfacet
  facet normal -0 0 1
    outer loop
      vertex 0.999222 -16.1327 2.7
      vertex 1.39952 -17.1981 2.7
      vertex 1.0242 -16.1059 2.7
    endloop
  endfacet
  facet normal -0 0 1
    outer loop
      vertex 0.96875 -16.1651 2.7
      vertex 1.39952 -17.1981 2.7
      vertex 0.999222 -16.1327 2.7
    endloop
  endfacet
  facet normal -0 0 1
    outer loop
      vertex 0.9328 -16.203 2.7
      vertex 1.39952 -17.1981 2.7
      vertex 0.96875 -16.1651 2.7
    endloop
  endfacet
  facet normal -0 0 1
    outer loop
      vertex 0.891388 -16.2464 2.7
      vertex 1.39952 -17.1981 2.7
      vertex 0.9328 -16.203 2.7
    endloop
  endfacet
  facet normal -0 0 1
    outer loop
      vertex 0.844482 -16.2952 2.7
      vertex 1.39952 -17.1981 2.7
      vertex 0.891388 -16.2464 2.7
    endloop
  endfacet
  facet normal -0 0 1
    outer loop
      vertex 0.792114 -16.3496 2.7
      vertex 1.39952 -17.1981 2.7
      vertex 0.844482 -16.2952 2.7
    endloop
  endfacet
  facet normal -0 0 1
    outer loop
      vertex 0.734268 -16.4095 2.7
      vertex 1.39952 -17.1981 2.7
      vertex 0.792114 -16.3496 2.7
    endloop
  endfacet
  facet normal -0 0 1
    outer loop
      vertex 0.670929 -16.4749 2.7
      vertex 1.39952 -17.1981 2.7
      vertex 0.734268 -16.4095 2.7
    endloop
  endfacet
  facet normal -0 0 1
    outer loop
      vertex 0.602051 -16.5459 2.7
      vertex 1.39952 -17.1981 2.7
      vertex 0.670929 -16.4749 2.7
    endloop
  endfacet
  facet normal -0 0 1
    outer loop
      vertex 0.527664 -16.6224 2.7
      vertex 1.39952 -17.1981 2.7
      vertex 0.602051 -16.5459 2.7
    endloop
  endfacet
  facet normal -0 0 1
    outer loop
      vertex 0.447754 -16.7045 2.7
      vertex 1.39952 -17.1981 2.7
      vertex 0.527664 -16.6224 2.7
    endloop
  endfacet
  facet normal -0 0 1
    outer loop
      vertex 0.362305 -16.7921 2.7
      vertex 1.39952 -17.1981 2.7
      vertex 0.447754 -16.7045 2.7
    endloop
  endfacet
  facet normal -0 0 1
    outer loop
      vertex 0.271332 -16.8853 2.7
      vertex 1.39952 -17.1981 2.7
      vertex 0.362305 -16.7921 2.7
    endloop
  endfacet
  facet normal -0 0 1
    outer loop
      vertex 0.174835 -16.984 2.7
      vertex 1.39952 -17.1981 2.7
      vertex 0.271332 -16.8853 2.7
    endloop
  endfacet
  facet normal -0 0 1
    outer loop
      vertex 0.0728302 -17.0883 2.7
      vertex 1.39952 -17.1981 2.7
      vertex 0.174835 -16.984 2.7
    endloop
  endfacet
  facet normal 0 0 1
    outer loop
      vertex 1.39952 -17.1981 2.7
      vertex 0.0728302 -17.0883 2.7
      vertex -0.034729 -17.1981 2.7
    endloop
  endfacet
  facet normal 0 0 1
    outer loop
      vertex 0.719818 -14.8886 2.7
      vertex 0.970276 -15.3438 2.7
      vertex 0.968185 -15.2911 2.7
    endloop
  endfacet
  facet normal 0 0 1
    outer loop
      vertex 0.675735 -14.8641 2.7
      vertex 0.970276 -15.3438 2.7
      vertex 0.719818 -14.8886 2.7
    endloop
  endfacet
  facet normal 0 0 1
    outer loop
      vertex 0.761368 -14.9169 2.7
      vertex 0.968185 -15.2911 2.7
      vertex 0.961884 -15.2406 2.7
    endloop
  endfacet
  facet normal 0 0 1
    outer loop
      vertex 0.719818 -14.8886 2.7
      vertex 0.968185 -15.2911 2.7
      vertex 0.761368 -14.9169 2.7
    endloop
  endfacet
  facet normal 0 0 1
    outer loop
      vertex 0.970276 -15.3438 2.7
      vertex 0.675735 -14.8641 2.7
      vertex 0.969315 -15.3769 2.7
    endloop
  endfacet
  facet normal 0 0 1
    outer loop
      vertex 0.800385 -14.9489 2.7
      vertex 0.961884 -15.2406 2.7
      vertex 0.951401 -15.1923 2.7
    endloop
  endfacet
  facet normal 0 0 1
    outer loop
      vertex 0.761368 -14.9169 2.7
      vertex 0.961884 -15.2406 2.7
      vertex 0.800385 -14.9489 2.7
    endloop
  endfacet
  facet normal 0 0 1
    outer loop
      vertex 0.800385 -14.9489 2.7
      vertex 0.951401 -15.1923 2.7
      vertex 0.936722 -15.1462 2.7
    endloop
  endfacet
  facet normal 0 0 1
    outer loop
      vertex 0.969315 -15.3769 2.7
      vertex 0.675735 -14.8641 2.7
      vertex 0.966415 -15.4101 2.7
    endloop
  endfacet
  facet normal 0 0 1
    outer loop
      vertex 0.629105 -14.8434 2.7
      vertex 0.966415 -15.4101 2.7
      vertex 0.675735 -14.8641 2.7
    endloop
  endfacet
  facet normal 0 0 1
    outer loop
      vertex 0.836044 -14.9839 2.7
      vertex 0.936722 -15.1462 2.7
      vertex 0.917847 -15.1023 2.7
    endloop
  endfacet
  facet normal 0 0 1
    outer loop
      vertex 0.800385 -14.9489 2.7
      vertex 0.936722 -15.1462 2.7
      vertex 0.836044 -14.9839 2.7
    endloop
  endfacet
  facet normal 0 0 1
    outer loop
      vertex 0.867508 -15.0212 2.7
      vertex 0.917847 -15.1023 2.7
      vertex 0.894775 -15.0606 2.7
    endloop
  endfacet
  facet normal 0 0 1
    outer loop
      vertex 0.836044 -14.9839 2.7
      vertex 0.917847 -15.1023 2.7
      vertex 0.867508 -15.0212 2.7
    endloop
  endfacet
  facet normal 0 0 1
    outer loop
      vertex 0.966415 -15.4101 2.7
      vertex 0.629105 -14.8434 2.7
      vertex 0.961578 -15.4434 2.7
    endloop
  endfacet
  facet normal 0 0 1
    outer loop
      vertex 0.579941 -14.8264 2.7
      vertex 0.961578 -15.4434 2.7
      vertex 0.629105 -14.8434 2.7
    endloop
  endfacet
  facet normal 0 0 1
    outer loop
      vertex 0.961578 -15.4434 2.7
      vertex 0.579941 -14.8264 2.7
      vertex 0.954803 -15.4769 2.7
    endloop
  endfacet
  facet normal 0 0 1
    outer loop
      vertex 0.954803 -15.4769 2.7
      vertex 0.579941 -14.8264 2.7
      vertex 0.946106 -15.5105 2.7
    endloop
  endfacet
  facet normal 0 0 1
    outer loop
      vertex 0.528244 -14.8132 2.7
      vertex 0.946106 -15.5105 2.7
      vertex 0.579941 -14.8264 2.7
    endloop
  endfacet
  facet normal 0 0 1
    outer loop
      vertex 0.946106 -15.5105 2.7
      vertex 0.528244 -14.8132 2.7
      vertex 0.935471 -15.5442 2.7
    endloop
  endfacet
  facet normal 0 0 1
    outer loop
      vertex 0.935471 -15.5442 2.7
      vertex 0.528244 -14.8132 2.7
      vertex 0.922897 -15.578 2.7
    endloop
  endfacet
  facet normal 0 0 1
    outer loop
      vertex 0.473999 -14.8038 2.7
      vertex 0.922897 -15.578 2.7
      vertex 0.528244 -14.8132 2.7
    endloop
  endfacet
  facet normal 0 0 1
    outer loop
      vertex 0.922897 -15.578 2.7
      vertex 0.473999 -14.8038 2.7
      vertex 0.908386 -15.612 2.7
    endloop
  endfacet
  facet normal 0 0 1
    outer loop
      vertex 0.417236 -14.7981 2.7
      vertex 0.908386 -15.612 2.7
      vertex 0.473999 -14.8038 2.7
    endloop
  endfacet
  facet normal 0 0 1
    outer loop
      vertex 0.908386 -15.612 2.7
      vertex 0.417236 -14.7981 2.7
      vertex 0.891953 -15.6461 2.7
    endloop
  endfacet
  facet normal 0 0 1
    outer loop
      vertex 0.891953 -15.6461 2.7
      vertex 0.417236 -14.7981 2.7
      vertex 0.873077 -15.6811 2.7
    endloop
  endfacet
  facet normal 0 0 1
    outer loop
      vertex 0.357925 -14.7962 2.7
      vertex 0.873077 -15.6811 2.7
      vertex 0.417236 -14.7981 2.7
    endloop
  endfacet
  facet normal 0 0 1
    outer loop
      vertex 0.873077 -15.6811 2.7
      vertex 0.357925 -14.7962 2.7
      vertex 0.851257 -15.7177 2.7
    endloop
  endfacet
  facet normal -0 0 1
    outer loop
      vertex 0.314713 -14.7971 2.7
      vertex 0.851257 -15.7177 2.7
      vertex 0.357925 -14.7962 2.7
    endloop
  endfacet
  facet normal 0 0 1
    outer loop
      vertex 0.851257 -15.7177 2.7
      vertex 0.314713 -14.7971 2.7
      vertex 0.826508 -15.7561 2.7
    endloop
  endfacet
  facet normal -0 0 1
    outer loop
      vertex 0.270966 -14.7996 2.7
      vertex 0.826508 -15.7561 2.7
      vertex 0.314713 -14.7971 2.7
    endloop
  endfacet
  facet normal 0 0 1
    outer loop
      vertex 0.826508 -15.7561 2.7
      vertex 0.270966 -14.7996 2.7
      vertex 0.798813 -15.7961 2.7
    endloop
  endfacet
  facet normal -0 0 1
    outer loop
      vertex 0.2267 -14.8037 2.7
      vertex 0.798813 -15.7961 2.7
      vertex 0.270966 -14.7996 2.7
    endloop
  endfacet
  facet normal -0 0 1
    outer loop
      vertex 0.181915 -14.8095 2.7
      vertex 0.798813 -15.7961 2.7
      vertex 0.2267 -14.8037 2.7
    endloop
  endfacet
  facet normal 0 0 1
    outer loop
      vertex 0.798813 -15.7961 2.7
      vertex 0.181915 -14.8095 2.7
      vertex 0.768188 -15.8379 2.7
    endloop
  endfacet
  facet normal -0 0 1
    outer loop
      vertex 0.136597 -14.817 2.7
      vertex 0.768188 -15.8379 2.7
      vertex 0.181915 -14.8095 2.7
    endloop
  endfacet
  facet normal 0 0 1
    outer loop
      vertex 0.768188 -15.8379 2.7
      vertex 0.136597 -14.817 2.7
      vertex 0.734634 -15.8813 2.7
    endloop
  endfacet
  facet normal -0 0 1
    outer loop
      vertex 0.090744 -14.8261 2.7
      vertex 0.734634 -15.8813 2.7
      vertex 0.136597 -14.817 2.7
    endloop
  endfacet
  facet normal -0 0 1
    outer loop
      vertex 0.0443726 -14.8369 2.7
      vertex 0.734634 -15.8813 2.7
      vertex 0.090744 -14.8261 2.7
    endloop
  endfacet
  facet normal 0 0 1
    outer loop
      vertex 0.734634 -15.8813 2.7
      vertex 0.0443726 -14.8369 2.7
      vertex 0.69812 -15.9264 2.7
    endloop
  endfacet
  facet normal -0 0 1
    outer loop
      vertex -0.00253296 -14.8493 2.7
      vertex 0.69812 -15.9264 2.7
      vertex 0.0443726 -14.8369 2.7
    endloop
  endfacet
  facet normal -0 0 1
    outer loop
      vertex -0.0499573 -14.8634 2.7
      vertex 0.69812 -15.9264 2.7
      vertex -0.00253296 -14.8493 2.7
    endloop
  endfacet
  facet normal 0 0 1
    outer loop
      vertex 0.69812 -15.9264 2.7
      vertex -0.0499573 -14.8634 2.7
      vertex 0.658691 -15.9732 2.7
    endloop
  endfacet
  facet normal -0 0 1
    outer loop
      vertex -0.0980225 -14.8792 2.7
      vertex 0.658691 -15.9732 2.7
      vertex -0.0499573 -14.8634 2.7
    endloop
  endfacet
  facet normal 0 0 1
    outer loop
      vertex 0.658691 -15.9732 2.7
      vertex -0.0980225 -14.8792 2.7
      vertex 0.616302 -16.0216 2.7
    endloop
  endfacet
  facet normal -0 0 1
    outer loop
      vertex -0.146805 -14.8967 2.7
      vertex 0.616302 -16.0216 2.7
      vertex -0.0980225 -14.8792 2.7
    endloop
  endfacet
  facet normal 0 0 1
    outer loop
      vertex 0.616302 -16.0216 2.7
      vertex -0.146805 -14.8967 2.7
      vertex 0.589539 -16.0514 2.7
    endloop
  endfacet
  facet normal -0 0 1
    outer loop
      vertex -0.196304 -14.9159 2.7
      vertex 0.589539 -16.0514 2.7
      vertex -0.146805 -14.8967 2.7
    endloop
  endfacet
  facet normal 0 0 1
    outer loop
      vertex 0.589539 -16.0514 2.7
      vertex -0.196304 -14.9159 2.7
      vertex 0.555374 -16.0884 2.7
    endloop
  endfacet
  facet normal -0 0 1
    outer loop
      vertex -0.246552 -14.9368 2.7
      vertex 0.555374 -16.0884 2.7
      vertex -0.196304 -14.9159 2.7
    endloop
  endfacet
  facet normal -0 0 1
    outer loop
      vertex -0.297531 -14.9594 2.7
      vertex 0.555374 -16.0884 2.7
      vertex -0.246552 -14.9368 2.7
    endloop
  endfacet
  facet normal 0 0 1
    outer loop
      vertex 0.555374 -16.0884 2.7
      vertex -0.297531 -14.9594 2.7
      vertex 0.513794 -16.1326 2.7
    endloop
  endfacet
  facet normal -0 0 1
    outer loop
      vertex -0.349228 -14.9837 2.7
      vertex 0.513794 -16.1326 2.7
      vertex -0.297531 -14.9594 2.7
    endloop
  endfacet
  facet normal 0 0 1
    outer loop
      vertex 0.513794 -16.1326 2.7
      vertex -0.349228 -14.9837 2.7
      vertex 0.464798 -16.1839 2.7
    endloop
  endfacet
  facet normal -0 0 1
    outer loop
      vertex -0.401657 -15.0098 2.7
      vertex 0.464798 -16.1839 2.7
      vertex -0.349228 -14.9837 2.7
    endloop
  endfacet
  facet normal -0 0 1
    outer loop
      vertex -0.454819 -15.0375 2.7
      vertex 0.464798 -16.1839 2.7
      vertex -0.401657 -15.0098 2.7
    endloop
  endfacet
  facet normal 0 0 1
    outer loop
      vertex 0.464798 -16.1839 2.7
      vertex -0.454819 -15.0375 2.7
      vertex 0.408401 -16.2423 2.7
    endloop
  endfacet
  facet normal -0 0 1
    outer loop
      vertex -0.508713 -15.067 2.7
      vertex 0.408401 -16.2423 2.7
      vertex -0.454819 -15.0375 2.7
    endloop
  endfacet
  facet normal 0 0 1
    outer loop
      vertex 0.408401 -16.2423 2.7
      vertex -0.508713 -15.067 2.7
      vertex 0.344589 -16.308 2.7
    endloop
  endfacet
  facet normal 0 0 1
    outer loop
      vertex 0.344589 -16.308 2.7
      vertex -0.508713 -15.067 2.7
      vertex 0.273376 -16.3807 2.7
    endloop
  endfacet
  facet normal 0 0 1
    outer loop
      vertex 0.273376 -16.3807 2.7
      vertex -0.508713 -15.067 2.7
      vertex 0.194748 -16.4607 2.7
    endloop
  endfacet
  facet normal 0 0 1
    outer loop
      vertex 0.194748 -16.4607 2.7
      vertex -0.508713 -15.067 2.7
      vertex 0.108704 -16.5478 2.7
    endloop
  endfacet
  facet normal 0 0 1
    outer loop
      vertex 0.108704 -16.5478 2.7
      vertex -0.508713 -15.067 2.7
      vertex 0.0210724 -16.6364 2.7
    endloop
  endfacet
  facet normal 0 0 1
    outer loop
      vertex 0.0210724 -16.6364 2.7
      vertex -0.508713 -15.067 2.7
      vertex -0.0623779 -16.721 2.7
    endloop
  endfacet
  facet normal 0 0 1
    outer loop
      vertex -0.0623779 -16.721 2.7
      vertex -0.508713 -15.067 2.7
      vertex -0.141632 -16.8015 2.7
    endloop
  endfacet
  facet normal 0 0 1
    outer loop
      vertex -0.141632 -16.8015 2.7
      vertex -0.508713 -15.067 2.7
      vertex -0.216675 -16.8778 2.7
    endloop
  endfacet
  facet normal 0 0 1
    outer loop
      vertex -0.216675 -16.8778 2.7
      vertex -0.508713 -15.067 2.7
      vertex -0.287537 -16.9501 2.7
    endloop
  endfacet
  facet normal 0 0 1
    outer loop
      vertex -0.287537 -16.9501 2.7
      vertex -0.508713 -15.067 2.7
      vertex -0.354202 -17.0182 2.7
    endloop
  endfacet
  facet normal 0 0 1
    outer loop
      vertex -0.354202 -17.0182 2.7
      vertex -0.508713 -15.067 2.7
      vertex -0.416687 -17.0823 2.7
    endloop
  endfacet
  facet normal 0 0 1
    outer loop
      vertex -0.416687 -17.0823 2.7
      vertex -0.508713 -15.067 2.7
      vertex -0.47496 -17.1423 2.7
    endloop
  endfacet
  facet normal 0 0 1
    outer loop
      vertex -0.47496 -17.1423 2.7
      vertex -0.508713 -15.067 2.7
      vertex -0.529053 -17.1981 2.7
    endloop
  endfacet
  facet normal 0 0 1
    outer loop
      vertex -0.529053 -17.5437 2.7
      vertex -1.15674 -17.5437 2.7
      vertex -0.981247 -26.6608 2.7
    endloop
  endfacet
  facet normal -0 0 1
    outer loop
      vertex -2.90631 -17.5437 2.7
      vertex -0.981247 -26.6608 2.7
      vertex -1.15674 -17.5437 2.7
    endloop
  endfacet
  facet normal 0 0 1
    outer loop
      vertex -2.90631 -17.5437 2.7
      vertex -3.44304 -27.8251 2.7
      vertex -0.981247 -26.6608 2.7
    endloop
  endfacet
  facet normal 0 0 1
    outer loop
      vertex -3.44304 -27.8251 2.7
      vertex -2.90631 -17.5437 2.7
      vertex -2.96529 -15.0266 2.7
    endloop
  endfacet
  facet normal 0 0 1
    outer loop
      vertex -0.508713 -15.067 2.7
      vertex -1.82808 -17.1981 2.7
      vertex -1.15674 -17.1981 2.7
    endloop
  endfacet
  facet normal 0 0 1
    outer loop
      vertex -2.96529 -15.0266 2.7
      vertex -3.74556 -17.5437 2.7
      vertex -3.44304 -27.8251 2.7
    endloop
  endfacet
  facet normal -0 0 1
    outer loop
      vertex -5.49512 -17.5437 2.7
      vertex -3.44304 -27.8251 2.7
      vertex -3.74556 -17.5437 2.7
    endloop
  endfacet
  facet normal 0 0 1
    outer loop
      vertex -5.49512 -17.5437 2.7
      vertex -6.00711 -28.7426 2.7
      vertex -3.44304 -27.8251 2.7
    endloop
  endfacet
  facet normal 0 0 1
    outer loop
      vertex -6.00711 -28.7426 2.7
      vertex -5.49512 -17.5437 2.7
      vertex -5.55411 -15.0266 2.7
    endloop
  endfacet
  facet normal 0 0 1
    outer loop
      vertex -3.74556 -17.1981 2.7
      vertex -4.41689 -14.5063 2.7
      vertex -4.41689 -17.1981 2.7
    endloop
  endfacet
  facet normal 0 0 1
    outer loop
      vertex 14.0625 2.1875 2.7
      vertex 14.0615 -1.1679 2.7
      vertex 14.0625 -1.1875 2.7
    endloop
  endfacet
  facet normal 0 0 1
    outer loop
      vertex 14.0625 2.1875 2.7
      vertex 14.0587 -1.14848 2.7
      vertex 14.0615 -1.1679 2.7
    endloop
  endfacet
  facet normal 0 0 1
    outer loop
      vertex 14.0625 2.1875 2.7
      vertex 14.0539 -1.12944 2.7
      vertex 14.0587 -1.14848 2.7
    endloop
  endfacet
  facet normal 0 0 1
    outer loop
      vertex 14.0625 2.1875 2.7
      vertex 14.0473 -1.11096 2.7
      vertex 14.0539 -1.12944 2.7
    endloop
  endfacet
  facet normal 0 0 1
    outer loop
      vertex 14.0625 2.1875 2.7
      vertex 14.0389 -1.09322 2.7
      vertex 14.0473 -1.11096 2.7
    endloop
  endfacet
  facet normal 0 0 1
    outer loop
      vertex 14.0625 2.1875 2.7
      vertex 14.0288 -1.07639 2.7
      vertex 14.0389 -1.09322 2.7
    endloop
  endfacet
  facet normal 0 0 1
    outer loop
      vertex 14.0625 2.1875 2.7
      vertex 14.0171 -1.06062 2.7
      vertex 14.0288 -1.07639 2.7
    endloop
  endfacet
  facet normal 0 0 1
    outer loop
      vertex 14.0625 2.1875 2.7
      vertex 14.0039 -1.04608 2.7
      vertex 14.0171 -1.06062 2.7
    endloop
  endfacet
  facet normal 0 0 1
    outer loop
      vertex 14.0625 2.1875 2.7
      vertex 13.9894 -1.0329 2.7
      vertex 14.0039 -1.04608 2.7
    endloop
  endfacet
  facet normal 0 0 1
    outer loop
      vertex 14.0625 2.1875 2.7
      vertex 13.9736 -1.02121 2.7
      vertex 13.9894 -1.0329 2.7
    endloop
  endfacet
  facet normal 0 0 1
    outer loop
      vertex 14.0625 2.1875 2.7
      vertex 13.9568 -1.01112 2.7
      vertex 13.9736 -1.02121 2.7
    endloop
  endfacet
  facet normal 0 0 1
    outer loop
      vertex 14.0625 2.1875 2.7
      vertex 13.939 -1.00272 2.7
      vertex 13.9568 -1.01112 2.7
    endloop
  endfacet
  facet normal 0 0 1
    outer loop
      vertex 14.0625 2.1875 2.7
      vertex 13.9206 -0.996112 2.7
      vertex 13.939 -1.00272 2.7
    endloop
  endfacet
  facet normal 0 0 1
    outer loop
      vertex 14.0625 2.1875 2.7
      vertex 13.9015 -0.991343 2.7
      vertex 13.9206 -0.996112 2.7
    endloop
  endfacet
  facet normal 0 0 1
    outer loop
      vertex 14.0625 2.1875 2.7
      vertex 13.8821 -0.988462 2.7
      vertex 13.9015 -0.991343 2.7
    endloop
  endfacet
  facet normal 0 0 1
    outer loop
      vertex 14.0625 2.1875 2.7
      vertex 13.8625 -0.987499 2.7
      vertex 13.8821 -0.988462 2.7
    endloop
  endfacet
  facet normal 0 0 1
    outer loop
      vertex 14.0625 2.1875 2.7
      vertex -13.8625 -0.987499 2.7
      vertex 13.8625 -0.987499 2.7
    endloop
  endfacet
  facet normal -0 0 1
    outer loop
      vertex -14.0625 2.1875 2.7
      vertex -13.8625 -0.987499 2.7
      vertex 14.0625 2.1875 2.7
    endloop
  endfacet
  facet normal 0 0 1
    outer loop
      vertex -13.8625 -0.987499 2.7
      vertex -14.0625 2.1875 2.7
      vertex -13.8821 -0.988462 2.7
    endloop
  endfacet
  facet normal 0 0 1
    outer loop
      vertex -14.0625 2.1875 2.7
      vertex -13.9015 -0.991343 2.7
      vertex -13.8821 -0.988462 2.7
    endloop
  endfacet
  facet normal 0 0 1
    outer loop
      vertex -14.0625 2.1875 2.7
      vertex -13.9206 -0.996112 2.7
      vertex -13.9015 -0.991343 2.7
    endloop
  endfacet
  facet normal 0 0 1
    outer loop
      vertex -14.0625 2.1875 2.7
      vertex -13.939 -1.00272 2.7
      vertex -13.9206 -0.996112 2.7
    endloop
  endfacet
  facet normal 0 0 1
    outer loop
      vertex -14.0625 2.1875 2.7
      vertex -13.9568 -1.01112 2.7
      vertex -13.939 -1.00272 2.7
    endloop
  endfacet
  facet normal 0 0 1
    outer loop
      vertex -14.0625 2.1875 2.7
      vertex -13.9736 -1.02121 2.7
      vertex -13.9568 -1.01112 2.7
    endloop
  endfacet
  facet normal 0 0 1
    outer loop
      vertex -14.0625 2.1875 2.7
      vertex -13.9894 -1.0329 2.7
      vertex -13.9736 -1.02121 2.7
    endloop
  endfacet
  facet normal 0 0 1
    outer loop
      vertex -14.0625 2.1875 2.7
      vertex -14.0039 -1.04608 2.7
      vertex -13.9894 -1.0329 2.7
    endloop
  endfacet
  facet normal 0 0 1
    outer loop
      vertex -14.0625 2.1875 2.7
      vertex -14.0171 -1.06062 2.7
      vertex -14.0039 -1.04608 2.7
    endloop
  endfacet
  facet normal 0 0 1
    outer loop
      vertex -14.0625 2.1875 2.7
      vertex -14.0288 -1.07639 2.7
      vertex -14.0171 -1.06062 2.7
    endloop
  endfacet
  facet normal 0 0 1
    outer loop
      vertex -14.0625 2.1875 2.7
      vertex -14.0389 -1.09322 2.7
      vertex -14.0288 -1.07639 2.7
    endloop
  endfacet
  facet normal 0 0 1
    outer loop
      vertex -14.0625 2.1875 2.7
      vertex -14.0473 -1.11096 2.7
      vertex -14.0389 -1.09322 2.7
    endloop
  endfacet
  facet normal 0 0 1
    outer loop
      vertex -14.0625 2.1875 2.7
      vertex -14.0539 -1.12944 2.7
      vertex -14.0473 -1.11096 2.7
    endloop
  endfacet
  facet normal 0 0 1
    outer loop
      vertex -14.0625 2.1875 2.7
      vertex -14.0587 -1.14848 2.7
      vertex -14.0539 -1.12944 2.7
    endloop
  endfacet
  facet normal 0 0 1
    outer loop
      vertex -14.0625 2.1875 2.7
      vertex -14.0615 -1.1679 2.7
      vertex -14.0587 -1.14848 2.7
    endloop
  endfacet
  facet normal 0 0 1
    outer loop
      vertex -14.0615 -1.1679 2.7
      vertex -14.0625 2.1875 2.7
      vertex -14.0625 -1.1875 2.7
    endloop
  endfacet
  facet normal 0.0490585 -0.998796 0
    outer loop
      vertex -14.0625 -29.9375 0
      vertex -11.3425 -29.8039 2.7
      vertex -14.0625 -29.9375 2.7
    endloop
  endfacet
  facet normal 0.0490585 -0.998796 0
    outer loop
      vertex -11.3425 -29.8039 2.7
      vertex -14.0625 -29.9375 0
      vertex -11.3425 -29.8039 0
    endloop
  endfacet
  facet normal 0.242981 -0.970031 0
    outer loop
      vertex -8.64876 -29.4043 0
      vertex -6.00711 -28.7426 2.7
      vertex -8.64876 -29.4043 2.7
    endloop
  endfacet
  facet normal 0.242981 -0.970031 0
    outer loop
      vertex -6.00711 -28.7426 2.7
      vertex -8.64876 -29.4043 0
      vertex -6.00711 -28.7426 0
    endloop
  endfacet
  facet normal -1 0 0
    outer loop
      vertex -14.0625 -29.9375 0
      vertex -14.0625 -2.1875 2.7
      vertex -14.0625 -2.1875 0
    endloop
  endfacet
  facet normal -1 -0 0
    outer loop
      vertex -14.0625 -2.1875 2.7
      vertex -14.0625 -29.9375 0
      vertex -14.0625 -29.9375 2.7
    endloop
  endfacet
  facet normal 0.989176 -0.146737 0
    outer loop
      vertex 13.1543 -7.60124 2.7
      vertex 13.5539 -4.90747 0
      vertex 13.5539 -4.90747 2.7
    endloop
  endfacet
  facet normal 0.989176 -0.146737 0
    outer loop
      vertex 13.5539 -4.90747 0
      vertex 13.1543 -7.60124 2.7
      vertex 13.1543 -7.60124 0
    endloop
  endfacet
  facet normal 0.514093 -0.857734 0
    outer loop
      vertex -0.981247 -26.6608 0
      vertex 1.35457 -25.2608 2.7
      vertex -0.981247 -26.6608 2.7
    endloop
  endfacet
  facet normal 0.514093 -0.857734 0
    outer loop
      vertex 1.35457 -25.2608 2.7
      vertex -0.981247 -26.6608 0
      vertex 1.35457 -25.2608 0
    endloop
  endfacet
  facet normal 0.740952 -0.671557 0
    outer loop
      vertex 5.55971 -21.8097 2.7
      vertex 7.38853 -19.7919 0
      vertex 7.38853 -19.7919 2.7
    endloop
  endfacet
  facet normal 0.740952 -0.671557 0
    outer loop
      vertex 7.38853 -19.7919 0
      vertex 5.55971 -21.8097 2.7
      vertex 5.55971 -21.8097 0
    endloop
  endfacet
  facet normal 0.427543 -0.903995 0
    outer loop
      vertex -3.44304 -27.8251 0
      vertex -0.981247 -26.6608 2.7
      vertex -3.44304 -27.8251 2.7
    endloop
  endfacet
  facet normal 0.427543 -0.903995 0
    outer loop
      vertex -0.981247 -26.6608 2.7
      vertex -3.44304 -27.8251 0
      vertex -0.981247 -26.6608 0
    endloop
  endfacet
  facet normal 0.970031 -0.24298 0
    outer loop
      vertex 12.4926 -10.2429 2.7
      vertex 13.1543 -7.60124 0
      vertex 13.1543 -7.60124 2.7
    endloop
  endfacet
  facet normal 0.970031 -0.24298 0
    outer loop
      vertex 13.1543 -7.60124 0
      vertex 12.4926 -10.2429 2.7
      vertex 12.4926 -10.2429 0
    endloop
  endfacet
  facet normal 0.671552 -0.740958 0
    outer loop
      vertex 3.5419 -23.6385 0
      vertex 5.55971 -21.8097 2.7
      vertex 3.5419 -23.6385 2.7
    endloop
  endfacet
  facet normal 0.671552 -0.740958 0
    outer loop
      vertex 5.55971 -21.8097 2.7
      vertex 3.5419 -23.6385 0
      vertex 5.55971 -21.8097 0
    endloop
  endfacet
  facet normal 0.146738 -0.989175 0
    outer loop
      vertex -11.3425 -29.8039 0
      vertex -8.64876 -29.4043 2.7
      vertex -11.3425 -29.8039 2.7
    endloop
  endfacet
  facet normal 0.146738 -0.989175 0
    outer loop
      vertex -8.64876 -29.4043 2.7
      vertex -11.3425 -29.8039 0
      vertex -8.64876 -29.4043 0
    endloop
  endfacet
  facet normal 0.998796 -0.049059 0
    outer loop
      vertex 13.5539 -4.90747 2.7
      vertex 13.6875 -2.1875 0
      vertex 13.6875 -2.1875 2.7
    endloop
  endfacet
  facet normal 0.998796 -0.049059 0
    outer loop
      vertex 13.6875 -2.1875 0
      vertex 13.5539 -4.90747 2.7
      vertex 13.5539 -4.90747 0
    endloop
  endfacet
  facet normal 0.595715 -0.803196 0
    outer loop
      vertex 1.35457 -25.2608 0
      vertex 3.5419 -23.6385 2.7
      vertex 1.35457 -25.2608 2.7
    endloop
  endfacet
  facet normal 0.595715 -0.803196 0
    outer loop
      vertex 3.5419 -23.6385 2.7
      vertex 1.35457 -25.2608 0
      vertex 3.5419 -23.6385 0
    endloop
  endfacet
  facet normal 0.33691 -0.941537 0
    outer loop
      vertex -6.00711 -28.7426 0
      vertex -3.44304 -27.8251 2.7
      vertex -6.00711 -28.7426 2.7
    endloop
  endfacet
  facet normal 0.33691 -0.941537 0
    outer loop
      vertex -3.44304 -27.8251 2.7
      vertex -6.00711 -28.7426 0
      vertex -3.44304 -27.8251 0
    endloop
  endfacet
  facet normal 0.803203 -0.595706 0
    outer loop
      vertex 7.38853 -19.7919 2.7
      vertex 9.01077 -17.6046 0
      vertex 9.01077 -17.6046 2.7
    endloop
  endfacet
  facet normal 0.803203 -0.595706 0
    outer loop
      vertex 9.01077 -17.6046 0
      vertex 7.38853 -19.7919 2.7
      vertex 7.38853 -19.7919 0
    endloop
  endfacet
  facet normal 0.857728 -0.514104 0
    outer loop
      vertex 9.01077 -17.6046 2.7
      vertex 10.4108 -15.2688 0
      vertex 10.4108 -15.2688 2.7
    endloop
  endfacet
  facet normal 0.857728 -0.514104 0
    outer loop
      vertex 10.4108 -15.2688 0
      vertex 9.01077 -17.6046 2.7
      vertex 9.01077 -17.6046 0
    endloop
  endfacet
  facet normal 0.903996 -0.427542 0
    outer loop
      vertex 10.4108 -15.2688 2.7
      vertex 11.5751 -12.807 0
      vertex 11.5751 -12.807 2.7
    endloop
  endfacet
  facet normal 0.903996 -0.427542 0
    outer loop
      vertex 11.5751 -12.807 0
      vertex 10.4108 -15.2688 2.7
      vertex 10.4108 -15.2688 0
    endloop
  endfacet
  facet normal 0.941538 -0.336906 0
    outer loop
      vertex 11.5751 -12.807 2.7
      vertex 12.4926 -10.2429 0
      vertex 12.4926 -10.2429 2.7
    endloop
  endfacet
  facet normal 0.941538 -0.336906 0
    outer loop
      vertex 12.4926 -10.2429 0
      vertex 11.5751 -12.807 2.7
      vertex 11.5751 -12.807 0
    endloop
  endfacet
  facet normal -0.989124 -0.147083 0
    outer loop
      vertex -15.418 0.11272 0
      vertex -15.4346 0.224354 1.2
      vertex -15.4346 0.224354 0
    endloop
  endfacet
  facet normal -0.989124 -0.147083 0
    outer loop
      vertex -15.4346 0.224354 1.2
      vertex -15.418 0.11272 0
      vertex -15.418 0.11272 1.2
    endloop
  endfacet
  facet normal -0.998812 -0.0487355 0
    outer loop
      vertex -15.4125 0 0
      vertex -15.418 0.11272 1.2
      vertex -15.418 0.11272 0
    endloop
  endfacet
  facet normal -0.998812 -0.0487355 0
    outer loop
      vertex -15.418 0.11272 1.2
      vertex -15.4125 0 0
      vertex -15.4125 0 1.2
    endloop
  endfacet
  facet normal -0.970076 -0.2428 0
    outer loop
      vertex -15.4346 0.224354 0
      vertex -15.462 0.333827 1.2
      vertex -15.462 0.333827 0
    endloop
  endfacet
  facet normal -0.970076 -0.2428 0
    outer loop
      vertex -15.462 0.333827 1.2
      vertex -15.4346 0.224354 0
      vertex -15.4346 0.224354 1.2
    endloop
  endfacet
  facet normal 0.146651 -0.989188 0
    outer loop
      vertex -16.7869 1.1279 0
      vertex -16.6752 1.14446 1.2
      vertex -16.7869 1.1279 1.2
    endloop
  endfacet
  facet normal 0.146651 -0.989188 0
    outer loop
      vertex -16.6752 1.14446 1.2
      vertex -16.7869 1.1279 0
      vertex -16.6752 1.14446 0
    endloop
  endfacet
  facet normal 0.941599 0.336735 0
    outer loop
      vertex -17.625 -0.440085 1.2
      vertex -17.663 -0.333827 0
      vertex -17.663 -0.333827 1.2
    endloop
  endfacet
  facet normal 0.941599 0.336735 0
    outer loop
      vertex -17.663 -0.333827 0
      vertex -17.625 -0.440085 1.2
      vertex -17.625 -0.440085 0
    endloop
  endfacet
  facet normal -0.514111 -0.857723 0
    outer loop
      vertex -16.0204 1.01421 0
      vertex -15.9236 0.956189 1.2
      vertex -16.0204 1.01421 1.2
    endloop
  endfacet
  facet normal -0.514111 -0.857723 -0
    outer loop
      vertex -15.9236 0.956189 1.2
      vertex -16.0204 1.01421 0
      vertex -15.9236 0.956189 0
    endloop
  endfacet
  facet normal 0.857806 -0.513974 0
    outer loop
      vertex -17.5767 0.542106 1.2
      vertex -17.5187 0.638906 0
      vertex -17.5187 0.638906 1.2
    endloop
  endfacet
  facet normal 0.857806 -0.513974 0
    outer loop
      vertex -17.5187 0.638906 0
      vertex -17.5767 0.542106 1.2
      vertex -17.5767 0.542106 0
    endloop
  endfacet
  facet normal -0.42761 0.903963 0
    outer loop
      vertex -16.0204 -1.01421 0
      vertex -16.1224 -1.06246 1.2
      vertex -16.0204 -1.01421 1.2
    endloop
  endfacet
  facet normal -0.42761 0.903963 0
    outer loop
      vertex -16.1224 -1.06246 1.2
      vertex -16.0204 -1.01421 0
      vertex -16.1224 -1.06246 0
    endloop
  endfacet
  facet normal -0.998812 0.0487355 0
    outer loop
      vertex -15.418 -0.11272 0
      vertex -15.4125 0 1.2
      vertex -15.4125 0 0
    endloop
  endfacet
  facet normal -0.998812 0.0487355 0
    outer loop
      vertex -15.4125 0 1.2
      vertex -15.418 -0.11272 0
      vertex -15.418 -0.11272 1.2
    endloop
  endfacet
  facet normal -0.24312 0.969996 0
    outer loop
      vertex -16.2287 -1.10048 0
      vertex -16.3381 -1.1279 1.2
      vertex -16.2287 -1.10048 1.2
    endloop
  endfacet
  facet normal -0.24312 0.969996 0
    outer loop
      vertex -16.3381 -1.1279 1.2
      vertex -16.2287 -1.10048 0
      vertex -16.3381 -1.1279 0
    endloop
  endfacet
  facet normal 0.595467 -0.80338 0
    outer loop
      vertex -17.2921 0.888962 0
      vertex -17.2014 0.956189 1.2
      vertex -17.2921 0.888962 1.2
    endloop
  endfacet
  facet normal 0.595467 -0.80338 0
    outer loop
      vertex -17.2014 0.956189 1.2
      vertex -17.2921 0.888962 0
      vertex -17.2014 0.956189 0
    endloop
  endfacet
  facet normal -0.0490978 0.998794 0
    outer loop
      vertex -16.4498 -1.14446 0
      vertex -16.5625 -1.15 1.2
      vertex -16.4498 -1.14446 1.2
    endloop
  endfacet
  facet normal -0.0490978 0.998794 0
    outer loop
      vertex -16.5625 -1.15 1.2
      vertex -16.4498 -1.14446 0
      vertex -16.5625 -1.15 0
    endloop
  endfacet
  facet normal 0.514111 0.857723 -0
    outer loop
      vertex -17.1046 -1.01421 0
      vertex -17.2014 -0.956189 1.2
      vertex -17.1046 -1.01421 1.2
    endloop
  endfacet
  facet normal 0.514111 0.857723 0
    outer loop
      vertex -17.2014 -0.956189 1.2
      vertex -17.1046 -1.01421 0
      vertex -17.2014 -0.956189 0
    endloop
  endfacet
  facet normal -0.903826 -0.4279 0
    outer loop
      vertex -15.5 0.440085 0
      vertex -15.5483 0.542106 1.2
      vertex -15.5483 0.542106 0
    endloop
  endfacet
  facet normal -0.903826 -0.4279 0
    outer loop
      vertex -15.5483 0.542106 1.2
      vertex -15.5 0.440085 0
      vertex -15.5 0.440085 1.2
    endloop
  endfacet
  facet normal 0.146651 0.989188 -0
    outer loop
      vertex -16.6752 -1.14446 0
      vertex -16.7869 -1.1279 1.2
      vertex -16.6752 -1.14446 1.2
    endloop
  endfacet
  facet normal 0.146651 0.989188 0
    outer loop
      vertex -16.7869 -1.1279 1.2
      vertex -16.6752 -1.14446 0
      vertex -16.7869 -1.1279 0
    endloop
  endfacet
  facet normal 0.24312 0.969996 -0
    outer loop
      vertex -16.7869 -1.1279 0
      vertex -16.8963 -1.10048 1.2
      vertex -16.7869 -1.1279 1.2
    endloop
  endfacet
  facet normal 0.24312 0.969996 0
    outer loop
      vertex -16.8963 -1.10048 1.2
      vertex -16.7869 -1.1279 0
      vertex -16.8963 -1.10048 0
    endloop
  endfacet
  facet normal -0.595467 -0.80338 0
    outer loop
      vertex -15.9236 0.956189 0
      vertex -15.8329 0.888962 1.2
      vertex -15.9236 0.956189 1.2
    endloop
  endfacet
  facet normal -0.595467 -0.80338 -0
    outer loop
      vertex -15.8329 0.888962 1.2
      vertex -15.9236 0.956189 0
      vertex -15.8329 0.888962 0
    endloop
  endfacet
  facet normal 0.903826 0.4279 0
    outer loop
      vertex -17.5767 -0.542106 1.2
      vertex -17.625 -0.440085 0
      vertex -17.625 -0.440085 1.2
    endloop
  endfacet
  facet normal 0.903826 0.4279 0
    outer loop
      vertex -17.625 -0.440085 0
      vertex -17.5767 -0.542106 1.2
      vertex -17.5767 -0.542106 0
    endloop
  endfacet
  facet normal -0.803325 0.595541 0
    outer loop
      vertex -15.6735 -0.729552 0
      vertex -15.6063 -0.638906 1.2
      vertex -15.6063 -0.638906 0
    endloop
  endfacet
  facet normal -0.803325 0.595541 0
    outer loop
      vertex -15.6063 -0.638906 1.2
      vertex -15.6735 -0.729552 0
      vertex -15.6735 -0.729552 1.2
    endloop
  endfacet
  facet normal -0.803325 -0.595541 0
    outer loop
      vertex -15.6063 0.638906 0
      vertex -15.6735 0.729552 1.2
      vertex -15.6735 0.729552 0
    endloop
  endfacet
  facet normal -0.803325 -0.595541 0
    outer loop
      vertex -15.6735 0.729552 1.2
      vertex -15.6063 0.638906 0
      vertex -15.6063 0.638906 1.2
    endloop
  endfacet
  facet normal 0 0 -1
    outer loop
      vertex -15.418 -0.11272 1.2
      vertex -15.418 0.11272 1.2
      vertex -15.4125 0 1.2
    endloop
  endfacet
  facet normal 0 0 -1
    outer loop
      vertex -15.4346 -0.224354 1.2
      vertex -15.418 0.11272 1.2
      vertex -15.418 -0.11272 1.2
    endloop
  endfacet
  facet normal 0 0 -1
    outer loop
      vertex -15.4346 -0.224354 1.2
      vertex -15.4346 0.224354 1.2
      vertex -15.418 0.11272 1.2
    endloop
  endfacet
  facet normal 0 0 -1
    outer loop
      vertex -15.462 -0.333827 1.2
      vertex -15.4346 0.224354 1.2
      vertex -15.4346 -0.224354 1.2
    endloop
  endfacet
  facet normal 0 0 -1
    outer loop
      vertex -15.462 -0.333827 1.2
      vertex -15.462 0.333827 1.2
      vertex -15.4346 0.224354 1.2
    endloop
  endfacet
  facet normal 0 0 -1
    outer loop
      vertex -15.5 -0.440085 1.2
      vertex -15.462 0.333827 1.2
      vertex -15.462 -0.333827 1.2
    endloop
  endfacet
  facet normal 0 0 -1
    outer loop
      vertex -15.5 -0.440085 1.2
      vertex -15.5 0.440085 1.2
      vertex -15.462 0.333827 1.2
    endloop
  endfacet
  facet normal 0 0 -1
    outer loop
      vertex -15.5483 -0.542106 1.2
      vertex -15.5 0.440085 1.2
      vertex -15.5 -0.440085 1.2
    endloop
  endfacet
  facet normal 0 0 -1
    outer loop
      vertex -15.5483 -0.542106 1.2
      vertex -15.5483 0.542106 1.2
      vertex -15.5 0.440085 1.2
    endloop
  endfacet
  facet normal 0 0 -1
    outer loop
      vertex -15.6063 -0.638906 1.2
      vertex -15.5483 0.542106 1.2
      vertex -15.5483 -0.542106 1.2
    endloop
  endfacet
  facet normal 0 0 -1
    outer loop
      vertex -15.6063 -0.638906 1.2
      vertex -15.6063 0.638906 1.2
      vertex -15.5483 0.542106 1.2
    endloop
  endfacet
  facet normal 0 0 -1
    outer loop
      vertex -15.6735 -0.729552 1.2
      vertex -15.6063 0.638906 1.2
      vertex -15.6063 -0.638906 1.2
    endloop
  endfacet
  facet normal 0 0 -1
    outer loop
      vertex -15.6735 -0.729552 1.2
      vertex -15.6735 0.729552 1.2
      vertex -15.6063 0.638906 1.2
    endloop
  endfacet
  facet normal 0 0 -1
    outer loop
      vertex -15.7493 -0.813172 1.2
      vertex -15.6735 0.729552 1.2
      vertex -15.6735 -0.729552 1.2
    endloop
  endfacet
  facet normal 0 0 -1
    outer loop
      vertex -15.7493 -0.813172 1.2
      vertex -15.7493 0.813172 1.2
      vertex -15.6735 0.729552 1.2
    endloop
  endfacet
  facet normal 0 0 -1
    outer loop
      vertex -15.8329 -0.888962 1.2
      vertex -15.7493 0.813172 1.2
      vertex -15.7493 -0.813172 1.2
    endloop
  endfacet
  facet normal 0 0 -1
    outer loop
      vertex -15.8329 -0.888962 1.2
      vertex -15.8329 0.888962 1.2
      vertex -15.7493 0.813172 1.2
    endloop
  endfacet
  facet normal 0 0 -1
    outer loop
      vertex -15.9236 -0.956189 1.2
      vertex -15.8329 0.888962 1.2
      vertex -15.8329 -0.888962 1.2
    endloop
  endfacet
  facet normal 0 0 -1
    outer loop
      vertex -15.9236 -0.956189 1.2
      vertex -15.9236 0.956189 1.2
      vertex -15.8329 0.888962 1.2
    endloop
  endfacet
  facet normal 0 0 -1
    outer loop
      vertex -16.0204 -1.01421 1.2
      vertex -15.9236 0.956189 1.2
      vertex -15.9236 -0.956189 1.2
    endloop
  endfacet
  facet normal 0 0 -1
    outer loop
      vertex -16.0204 -1.01421 1.2
      vertex -16.0204 1.01421 1.2
      vertex -15.9236 0.956189 1.2
    endloop
  endfacet
  facet normal 0 0 -1
    outer loop
      vertex -16.1224 -1.06246 1.2
      vertex -16.0204 1.01421 1.2
      vertex -16.0204 -1.01421 1.2
    endloop
  endfacet
  facet normal 0 0 -1
    outer loop
      vertex -16.1224 -1.06246 1.2
      vertex -16.1224 1.06246 1.2
      vertex -16.0204 1.01421 1.2
    endloop
  endfacet
  facet normal 0 0 -1
    outer loop
      vertex -16.2287 -1.10048 1.2
      vertex -16.1224 1.06246 1.2
      vertex -16.1224 -1.06246 1.2
    endloop
  endfacet
  facet normal 0 0 -1
    outer loop
      vertex -16.2287 -1.10048 1.2
      vertex -16.2287 1.10048 1.2
      vertex -16.1224 1.06246 1.2
    endloop
  endfacet
  facet normal 0 0 -1
    outer loop
      vertex -16.3381 -1.1279 1.2
      vertex -16.2287 1.10048 1.2
      vertex -16.2287 -1.10048 1.2
    endloop
  endfacet
  facet normal 0 0 -1
    outer loop
      vertex -16.3381 -1.1279 1.2
      vertex -16.3381 1.1279 1.2
      vertex -16.2287 1.10048 1.2
    endloop
  endfacet
  facet normal 0 0 -1
    outer loop
      vertex -16.4498 -1.14446 1.2
      vertex -16.3381 1.1279 1.2
      vertex -16.3381 -1.1279 1.2
    endloop
  endfacet
  facet normal 0 0 -1
    outer loop
      vertex -16.4498 -1.14446 1.2
      vertex -16.4498 1.14446 1.2
      vertex -16.3381 1.1279 1.2
    endloop
  endfacet
  facet normal 0 0 -1
    outer loop
      vertex -16.5625 -1.15 1.2
      vertex -16.4498 1.14446 1.2
      vertex -16.4498 -1.14446 1.2
    endloop
  endfacet
  facet normal 0 0 -1
    outer loop
      vertex -16.5625 -1.15 1.2
      vertex -16.5625 1.15 1.2
      vertex -16.4498 1.14446 1.2
    endloop
  endfacet
  facet normal 0 0 -1
    outer loop
      vertex -16.6752 -1.14446 1.2
      vertex -16.5625 1.15 1.2
      vertex -16.5625 -1.15 1.2
    endloop
  endfacet
  facet normal 0 0 -1
    outer loop
      vertex -16.6752 -1.14446 1.2
      vertex -16.6752 1.14446 1.2
      vertex -16.5625 1.15 1.2
    endloop
  endfacet
  facet normal 0 0 -1
    outer loop
      vertex -16.7869 -1.1279 1.2
      vertex -16.6752 1.14446 1.2
      vertex -16.6752 -1.14446 1.2
    endloop
  endfacet
  facet normal 0 0 -1
    outer loop
      vertex -16.7869 -1.1279 1.2
      vertex -16.7869 1.1279 1.2
      vertex -16.6752 1.14446 1.2
    endloop
  endfacet
  facet normal 0 0 -1
    outer loop
      vertex -16.8963 -1.10048 1.2
      vertex -16.7869 1.1279 1.2
      vertex -16.7869 -1.1279 1.2
    endloop
  endfacet
  facet normal 0 0 -1
    outer loop
      vertex -16.8963 -1.10048 1.2
      vertex -16.8963 1.10048 1.2
      vertex -16.7869 1.1279 1.2
    endloop
  endfacet
  facet normal 0 0 -1
    outer loop
      vertex -17.0026 -1.06246 1.2
      vertex -16.8963 1.10048 1.2
      vertex -16.8963 -1.10048 1.2
    endloop
  endfacet
  facet normal 0 0 -1
    outer loop
      vertex -17.0026 -1.06246 1.2
      vertex -17.0026 1.06246 1.2
      vertex -16.8963 1.10048 1.2
    endloop
  endfacet
  facet normal 0 0 -1
    outer loop
      vertex -17.1046 -1.01421 1.2
      vertex -17.0026 1.06246 1.2
      vertex -17.0026 -1.06246 1.2
    endloop
  endfacet
  facet normal 0 0 -1
    outer loop
      vertex -17.1046 -1.01421 1.2
      vertex -17.1046 1.01421 1.2
      vertex -17.0026 1.06246 1.2
    endloop
  endfacet
  facet normal 0 0 -1
    outer loop
      vertex -17.2014 -0.956189 1.2
      vertex -17.1046 1.01421 1.2
      vertex -17.1046 -1.01421 1.2
    endloop
  endfacet
  facet normal 0 0 -1
    outer loop
      vertex -17.2014 -0.956189 1.2
      vertex -17.2014 0.956189 1.2
      vertex -17.1046 1.01421 1.2
    endloop
  endfacet
  facet normal 0 0 -1
    outer loop
      vertex -17.2921 -0.888962 1.2
      vertex -17.2014 0.956189 1.2
      vertex -17.2014 -0.956189 1.2
    endloop
  endfacet
  facet normal 0 0 -1
    outer loop
      vertex -17.2921 -0.888962 1.2
      vertex -17.2921 0.888962 1.2
      vertex -17.2014 0.956189 1.2
    endloop
  endfacet
  facet normal 0 0 -1
    outer loop
      vertex -17.3757 -0.813172 1.2
      vertex -17.2921 0.888962 1.2
      vertex -17.2921 -0.888962 1.2
    endloop
  endfacet
  facet normal 0 0 -1
    outer loop
      vertex -17.3757 -0.813172 1.2
      vertex -17.3757 0.813172 1.2
      vertex -17.2921 0.888962 1.2
    endloop
  endfacet
  facet normal 0 0 -1
    outer loop
      vertex -17.4515 -0.729552 1.2
      vertex -17.3757 0.813172 1.2
      vertex -17.3757 -0.813172 1.2
    endloop
  endfacet
  facet normal 0 0 -1
    outer loop
      vertex -17.4515 -0.729552 1.2
      vertex -17.4515 0.729552 1.2
      vertex -17.3757 0.813172 1.2
    endloop
  endfacet
  facet normal 0 0 -1
    outer loop
      vertex -17.5187 -0.638906 1.2
      vertex -17.4515 0.729552 1.2
      vertex -17.4515 -0.729552 1.2
    endloop
  endfacet
  facet normal 0 0 -1
    outer loop
      vertex -17.5187 -0.638906 1.2
      vertex -17.5187 0.638906 1.2
      vertex -17.4515 0.729552 1.2
    endloop
  endfacet
  facet normal 0 0 -1
    outer loop
      vertex -17.5767 -0.542106 1.2
      vertex -17.5187 0.638906 1.2
      vertex -17.5187 -0.638906 1.2
    endloop
  endfacet
  facet normal 0 0 -1
    outer loop
      vertex -17.5767 -0.542106 1.2
      vertex -17.5767 0.542106 1.2
      vertex -17.5187 0.638906 1.2
    endloop
  endfacet
  facet normal 0 0 -1
    outer loop
      vertex -17.625 -0.440085 1.2
      vertex -17.5767 0.542106 1.2
      vertex -17.5767 -0.542106 1.2
    endloop
  endfacet
  facet normal 0 0 -1
    outer loop
      vertex -17.625 -0.440085 1.2
      vertex -17.625 0.440085 1.2
      vertex -17.5767 0.542106 1.2
    endloop
  endfacet
  facet normal 0 0 -1
    outer loop
      vertex -17.663 -0.333827 1.2
      vertex -17.625 0.440085 1.2
      vertex -17.625 -0.440085 1.2
    endloop
  endfacet
  facet normal 0 0 -1
    outer loop
      vertex -17.663 -0.333827 1.2
      vertex -17.663 0.333827 1.2
      vertex -17.625 0.440085 1.2
    endloop
  endfacet
  facet normal 0 0 -1
    outer loop
      vertex -17.6904 -0.224354 1.2
      vertex -17.663 0.333827 1.2
      vertex -17.663 -0.333827 1.2
    endloop
  endfacet
  facet normal 0 0 -1
    outer loop
      vertex -17.6904 -0.224354 1.2
      vertex -17.6904 0.224354 1.2
      vertex -17.663 0.333827 1.2
    endloop
  endfacet
  facet normal 0 0 -1
    outer loop
      vertex -17.707 -0.11272 1.2
      vertex -17.6904 0.224354 1.2
      vertex -17.6904 -0.224354 1.2
    endloop
  endfacet
  facet normal 0 0 -1
    outer loop
      vertex -17.707 -0.11272 1.2
      vertex -17.707 0.11272 1.2
      vertex -17.6904 0.224354 1.2
    endloop
  endfacet
  facet normal 0 -0 -1
    outer loop
      vertex -17.707 0.11272 1.2
      vertex -17.707 -0.11272 1.2
      vertex -17.7125 0 1.2
    endloop
  endfacet
  facet normal 0.989124 -0.147083 0
    outer loop
      vertex -17.707 0.11272 1.2
      vertex -17.6904 0.224354 0
      vertex -17.6904 0.224354 1.2
    endloop
  endfacet
  facet normal 0.989124 -0.147083 0
    outer loop
      vertex -17.6904 0.224354 0
      vertex -17.707 0.11272 1.2
      vertex -17.707 0.11272 0
    endloop
  endfacet
  facet normal 0.0490978 -0.998794 0
    outer loop
      vertex -16.6752 1.14446 0
      vertex -16.5625 1.15 1.2
      vertex -16.6752 1.14446 1.2
    endloop
  endfacet
  facet normal 0.0490978 -0.998794 0
    outer loop
      vertex -16.5625 1.15 1.2
      vertex -16.6752 1.14446 0
      vertex -16.5625 1.15 0
    endloop
  endfacet
  facet normal 0.970076 0.2428 0
    outer loop
      vertex -17.663 -0.333827 1.2
      vertex -17.6904 -0.224354 0
      vertex -17.6904 -0.224354 1.2
    endloop
  endfacet
  facet normal 0.970076 0.2428 0
    outer loop
      vertex -17.6904 -0.224354 0
      vertex -17.663 -0.333827 1.2
      vertex -17.663 -0.333827 0
    endloop
  endfacet
  facet normal 0.336774 -0.941585 0
    outer loop
      vertex -17.0026 1.06246 0
      vertex -16.8963 1.10048 1.2
      vertex -17.0026 1.06246 1.2
    endloop
  endfacet
  facet normal 0.336774 -0.941585 0
    outer loop
      vertex -16.8963 1.10048 1.2
      vertex -17.0026 1.06246 0
      vertex -16.8963 1.10048 0
    endloop
  endfacet
  facet normal 0.740902 -0.671614 0
    outer loop
      vertex -17.4515 0.729552 1.2
      vertex -17.3757 0.813172 0
      vertex -17.3757 0.813172 1.2
    endloop
  endfacet
  facet normal 0.740902 -0.671614 0
    outer loop
      vertex -17.3757 0.813172 0
      vertex -17.4515 0.729552 1.2
      vertex -17.4515 0.729552 0
    endloop
  endfacet
  facet normal -0.941599 0.336735 0
    outer loop
      vertex -15.5 -0.440085 0
      vertex -15.462 -0.333827 1.2
      vertex -15.462 -0.333827 0
    endloop
  endfacet
  facet normal -0.941599 0.336735 0
    outer loop
      vertex -15.462 -0.333827 1.2
      vertex -15.5 -0.440085 0
      vertex -15.5 -0.440085 1.2
    endloop
  endfacet
  facet normal -0.146651 0.989188 0
    outer loop
      vertex -16.3381 -1.1279 0
      vertex -16.4498 -1.14446 1.2
      vertex -16.3381 -1.1279 1.2
    endloop
  endfacet
  facet normal -0.146651 0.989188 0
    outer loop
      vertex -16.4498 -1.14446 1.2
      vertex -16.3381 -1.1279 0
      vertex -16.4498 -1.14446 0
    endloop
  endfacet
  facet normal -0.857806 -0.513974 0
    outer loop
      vertex -15.5483 0.542106 0
      vertex -15.6063 0.638906 1.2
      vertex -15.6063 0.638906 0
    endloop
  endfacet
  facet normal -0.857806 -0.513974 0
    outer loop
      vertex -15.6063 0.638906 1.2
      vertex -15.5483 0.542106 0
      vertex -15.5483 0.542106 1.2
    endloop
  endfacet
  facet normal -0.941599 -0.336735 0
    outer loop
      vertex -15.462 0.333827 0
      vertex -15.5 0.440085 1.2
      vertex -15.5 0.440085 0
    endloop
  endfacet
  facet normal -0.941599 -0.336735 0
    outer loop
      vertex -15.5 0.440085 1.2
      vertex -15.462 0.333827 0
      vertex -15.462 0.333827 1.2
    endloop
  endfacet
  facet normal -0.671653 -0.740866 0
    outer loop
      vertex -15.8329 0.888962 0
      vertex -15.7493 0.813172 1.2
      vertex -15.8329 0.888962 1.2
    endloop
  endfacet
  facet normal -0.671653 -0.740866 -0
    outer loop
      vertex -15.7493 0.813172 1.2
      vertex -15.8329 0.888962 0
      vertex -15.7493 0.813172 0
    endloop
  endfacet
  facet normal -0.970076 0.2428 0
    outer loop
      vertex -15.462 -0.333827 0
      vertex -15.4346 -0.224354 1.2
      vertex -15.4346 -0.224354 0
    endloop
  endfacet
  facet normal -0.970076 0.2428 0
    outer loop
      vertex -15.4346 -0.224354 1.2
      vertex -15.462 -0.333827 0
      vertex -15.462 -0.333827 1.2
    endloop
  endfacet
  facet normal -0.0490978 -0.998794 0
    outer loop
      vertex -16.5625 1.15 0
      vertex -16.4498 1.14446 1.2
      vertex -16.5625 1.15 1.2
    endloop
  endfacet
  facet normal -0.0490978 -0.998794 -0
    outer loop
      vertex -16.4498 1.14446 1.2
      vertex -16.5625 1.15 0
      vertex -16.4498 1.14446 0
    endloop
  endfacet
  facet normal 0.514111 -0.857723 0
    outer loop
      vertex -17.2014 0.956189 0
      vertex -17.1046 1.01421 1.2
      vertex -17.2014 0.956189 1.2
    endloop
  endfacet
  facet normal 0.514111 -0.857723 0
    outer loop
      vertex -17.1046 1.01421 1.2
      vertex -17.2014 0.956189 0
      vertex -17.1046 1.01421 0
    endloop
  endfacet
  facet normal -0.336774 -0.941585 0
    outer loop
      vertex -16.2287 1.10048 0
      vertex -16.1224 1.06246 1.2
      vertex -16.2287 1.10048 1.2
    endloop
  endfacet
  facet normal -0.336774 -0.941585 -0
    outer loop
      vertex -16.1224 1.06246 1.2
      vertex -16.2287 1.10048 0
      vertex -16.1224 1.06246 0
    endloop
  endfacet
  facet normal 0.24312 -0.969996 0
    outer loop
      vertex -16.8963 1.10048 0
      vertex -16.7869 1.1279 1.2
      vertex -16.8963 1.10048 1.2
    endloop
  endfacet
  facet normal 0.24312 -0.969996 0
    outer loop
      vertex -16.7869 1.1279 1.2
      vertex -16.8963 1.10048 0
      vertex -16.7869 1.1279 0
    endloop
  endfacet
  facet normal -0.989124 0.147083 0
    outer loop
      vertex -15.4346 -0.224354 0
      vertex -15.418 -0.11272 1.2
      vertex -15.418 -0.11272 0
    endloop
  endfacet
  facet normal -0.989124 0.147083 0
    outer loop
      vertex -15.418 -0.11272 1.2
      vertex -15.4346 -0.224354 0
      vertex -15.4346 -0.224354 1.2
    endloop
  endfacet
  facet normal -0.514111 0.857723 0
    outer loop
      vertex -15.9236 -0.956189 0
      vertex -16.0204 -1.01421 1.2
      vertex -15.9236 -0.956189 1.2
    endloop
  endfacet
  facet normal -0.514111 0.857723 0
    outer loop
      vertex -16.0204 -1.01421 1.2
      vertex -15.9236 -0.956189 0
      vertex -16.0204 -1.01421 0
    endloop
  endfacet
  facet normal -0.857806 0.513974 0
    outer loop
      vertex -15.6063 -0.638906 0
      vertex -15.5483 -0.542106 1.2
      vertex -15.5483 -0.542106 0
    endloop
  endfacet
  facet normal -0.857806 0.513974 0
    outer loop
      vertex -15.5483 -0.542106 1.2
      vertex -15.6063 -0.638906 0
      vertex -15.6063 -0.638906 1.2
    endloop
  endfacet
  facet normal -0.42761 -0.903963 0
    outer loop
      vertex -16.1224 1.06246 0
      vertex -16.0204 1.01421 1.2
      vertex -16.1224 1.06246 1.2
    endloop
  endfacet
  facet normal -0.42761 -0.903963 -0
    outer loop
      vertex -16.0204 1.01421 1.2
      vertex -16.1224 1.06246 0
      vertex -16.0204 1.01421 0
    endloop
  endfacet
  facet normal 0.941599 -0.336735 0
    outer loop
      vertex -17.663 0.333827 1.2
      vertex -17.625 0.440085 0
      vertex -17.625 0.440085 1.2
    endloop
  endfacet
  facet normal 0.941599 -0.336735 0
    outer loop
      vertex -17.625 0.440085 0
      vertex -17.663 0.333827 1.2
      vertex -17.663 0.333827 0
    endloop
  endfacet
  facet normal -0.903826 0.4279 0
    outer loop
      vertex -15.5483 -0.542106 0
      vertex -15.5 -0.440085 1.2
      vertex -15.5 -0.440085 0
    endloop
  endfacet
  facet normal -0.903826 0.4279 0
    outer loop
      vertex -15.5 -0.440085 1.2
      vertex -15.5483 -0.542106 0
      vertex -15.5483 -0.542106 1.2
    endloop
  endfacet
  facet normal -0.24312 -0.969996 0
    outer loop
      vertex -16.3381 1.1279 0
      vertex -16.2287 1.10048 1.2
      vertex -16.3381 1.1279 1.2
    endloop
  endfacet
  facet normal -0.24312 -0.969996 -0
    outer loop
      vertex -16.2287 1.10048 1.2
      vertex -16.3381 1.1279 0
      vertex -16.2287 1.10048 0
    endloop
  endfacet
  facet normal 0.970076 -0.2428 0
    outer loop
      vertex -17.6904 0.224354 1.2
      vertex -17.663 0.333827 0
      vertex -17.663 0.333827 1.2
    endloop
  endfacet
  facet normal 0.970076 -0.2428 0
    outer loop
      vertex -17.663 0.333827 0
      vertex -17.6904 0.224354 1.2
      vertex -17.6904 0.224354 0
    endloop
  endfacet
  facet normal 0.671653 -0.740866 0
    outer loop
      vertex -17.3757 0.813172 0
      vertex -17.2921 0.888962 1.2
      vertex -17.3757 0.813172 1.2
    endloop
  endfacet
  facet normal 0.671653 -0.740866 0
    outer loop
      vertex -17.2921 0.888962 1.2
      vertex -17.3757 0.813172 0
      vertex -17.2921 0.888962 0
    endloop
  endfacet
  facet normal 0.857806 0.513974 0
    outer loop
      vertex -17.5187 -0.638906 1.2
      vertex -17.5767 -0.542106 0
      vertex -17.5767 -0.542106 1.2
    endloop
  endfacet
  facet normal 0.857806 0.513974 0
    outer loop
      vertex -17.5767 -0.542106 0
      vertex -17.5187 -0.638906 1.2
      vertex -17.5187 -0.638906 0
    endloop
  endfacet
  facet normal -0.146651 -0.989188 0
    outer loop
      vertex -16.4498 1.14446 0
      vertex -16.3381 1.1279 1.2
      vertex -16.4498 1.14446 1.2
    endloop
  endfacet
  facet normal -0.146651 -0.989188 -0
    outer loop
      vertex -16.3381 1.1279 1.2
      vertex -16.4498 1.14446 0
      vertex -16.3381 1.1279 0
    endloop
  endfacet
  facet normal 0.740902 0.671614 0
    outer loop
      vertex -17.3757 -0.813172 1.2
      vertex -17.4515 -0.729552 0
      vertex -17.4515 -0.729552 1.2
    endloop
  endfacet
  facet normal 0.740902 0.671614 0
    outer loop
      vertex -17.4515 -0.729552 0
      vertex -17.3757 -0.813172 1.2
      vertex -17.3757 -0.813172 0
    endloop
  endfacet
  facet normal 0.595467 0.80338 -0
    outer loop
      vertex -17.2014 -0.956189 0
      vertex -17.2921 -0.888962 1.2
      vertex -17.2014 -0.956189 1.2
    endloop
  endfacet
  facet normal 0.595467 0.80338 0
    outer loop
      vertex -17.2921 -0.888962 1.2
      vertex -17.2014 -0.956189 0
      vertex -17.2921 -0.888962 0
    endloop
  endfacet
  facet normal 0.989124 0.147083 0
    outer loop
      vertex -17.6904 -0.224354 1.2
      vertex -17.707 -0.11272 0
      vertex -17.707 -0.11272 1.2
    endloop
  endfacet
  facet normal 0.989124 0.147083 0
    outer loop
      vertex -17.707 -0.11272 0
      vertex -17.6904 -0.224354 1.2
      vertex -17.6904 -0.224354 0
    endloop
  endfacet
  facet normal 0.42761 -0.903963 0
    outer loop
      vertex -17.1046 1.01421 0
      vertex -17.0026 1.06246 1.2
      vertex -17.1046 1.01421 1.2
    endloop
  endfacet
  facet normal 0.42761 -0.903963 0
    outer loop
      vertex -17.0026 1.06246 1.2
      vertex -17.1046 1.01421 0
      vertex -17.0026 1.06246 0
    endloop
  endfacet
  facet normal 0.803325 0.595541 0
    outer loop
      vertex -17.4515 -0.729552 1.2
      vertex -17.5187 -0.638906 0
      vertex -17.5187 -0.638906 1.2
    endloop
  endfacet
  facet normal 0.803325 0.595541 0
    outer loop
      vertex -17.5187 -0.638906 0
      vertex -17.4515 -0.729552 1.2
      vertex -17.4515 -0.729552 0
    endloop
  endfacet
  facet normal -0.336774 0.941585 0
    outer loop
      vertex -16.1224 -1.06246 0
      vertex -16.2287 -1.10048 1.2
      vertex -16.1224 -1.06246 1.2
    endloop
  endfacet
  facet normal -0.336774 0.941585 0
    outer loop
      vertex -16.2287 -1.10048 1.2
      vertex -16.1224 -1.06246 0
      vertex -16.2287 -1.10048 0
    endloop
  endfacet
  facet normal 0.998812 0.0487355 0
    outer loop
      vertex -17.707 -0.11272 1.2
      vertex -17.7125 0 0
      vertex -17.7125 0 1.2
    endloop
  endfacet
  facet normal 0.998812 0.0487355 0
    outer loop
      vertex -17.7125 0 0
      vertex -17.707 -0.11272 1.2
      vertex -17.707 -0.11272 0
    endloop
  endfacet
  facet normal 0.42761 0.903963 -0
    outer loop
      vertex -17.0026 -1.06246 0
      vertex -17.1046 -1.01421 1.2
      vertex -17.0026 -1.06246 1.2
    endloop
  endfacet
  facet normal 0.42761 0.903963 0
    outer loop
      vertex -17.1046 -1.01421 1.2
      vertex -17.0026 -1.06246 0
      vertex -17.1046 -1.01421 0
    endloop
  endfacet
  facet normal -0.595467 0.80338 0
    outer loop
      vertex -15.8329 -0.888962 0
      vertex -15.9236 -0.956189 1.2
      vertex -15.8329 -0.888962 1.2
    endloop
  endfacet
  facet normal -0.595467 0.80338 0
    outer loop
      vertex -15.9236 -0.956189 1.2
      vertex -15.8329 -0.888962 0
      vertex -15.9236 -0.956189 0
    endloop
  endfacet
  facet normal 0.803325 -0.595541 0
    outer loop
      vertex -17.5187 0.638906 1.2
      vertex -17.4515 0.729552 0
      vertex -17.4515 0.729552 1.2
    endloop
  endfacet
  facet normal 0.803325 -0.595541 0
    outer loop
      vertex -17.4515 0.729552 0
      vertex -17.5187 0.638906 1.2
      vertex -17.5187 0.638906 0
    endloop
  endfacet
  facet normal -0.740902 -0.671614 0
    outer loop
      vertex -15.6735 0.729552 0
      vertex -15.7493 0.813172 1.2
      vertex -15.7493 0.813172 0
    endloop
  endfacet
  facet normal -0.740902 -0.671614 0
    outer loop
      vertex -15.7493 0.813172 1.2
      vertex -15.6735 0.729552 0
      vertex -15.6735 0.729552 1.2
    endloop
  endfacet
  facet normal 0.903826 -0.4279 0
    outer loop
      vertex -17.625 0.440085 1.2
      vertex -17.5767 0.542106 0
      vertex -17.5767 0.542106 1.2
    endloop
  endfacet
  facet normal 0.903826 -0.4279 0
    outer loop
      vertex -17.5767 0.542106 0
      vertex -17.625 0.440085 1.2
      vertex -17.625 0.440085 0
    endloop
  endfacet
  facet normal 0.336774 0.941585 -0
    outer loop
      vertex -16.8963 -1.10048 0
      vertex -17.0026 -1.06246 1.2
      vertex -16.8963 -1.10048 1.2
    endloop
  endfacet
  facet normal 0.336774 0.941585 0
    outer loop
      vertex -17.0026 -1.06246 1.2
      vertex -16.8963 -1.10048 0
      vertex -17.0026 -1.06246 0
    endloop
  endfacet
  facet normal 0.0490978 0.998794 -0
    outer loop
      vertex -16.5625 -1.15 0
      vertex -16.6752 -1.14446 1.2
      vertex -16.5625 -1.15 1.2
    endloop
  endfacet
  facet normal 0.0490978 0.998794 0
    outer loop
      vertex -16.6752 -1.14446 1.2
      vertex -16.5625 -1.15 0
      vertex -16.6752 -1.14446 0
    endloop
  endfacet
  facet normal 0.998812 -0.0487355 0
    outer loop
      vertex -17.7125 0 1.2
      vertex -17.707 0.11272 0
      vertex -17.707 0.11272 1.2
    endloop
  endfacet
  facet normal 0.998812 -0.0487355 0
    outer loop
      vertex -17.707 0.11272 0
      vertex -17.7125 0 1.2
      vertex -17.7125 0 0
    endloop
  endfacet
  facet normal 0.671653 0.740866 -0
    outer loop
      vertex -17.2921 -0.888962 0
      vertex -17.3757 -0.813172 1.2
      vertex -17.2921 -0.888962 1.2
    endloop
  endfacet
  facet normal 0.671653 0.740866 0
    outer loop
      vertex -17.3757 -0.813172 1.2
      vertex -17.2921 -0.888962 0
      vertex -17.3757 -0.813172 0
    endloop
  endfacet
  facet normal -0.740902 0.671614 0
    outer loop
      vertex -15.7493 -0.813172 0
      vertex -15.6735 -0.729552 1.2
      vertex -15.6735 -0.729552 0
    endloop
  endfacet
  facet normal -0.740902 0.671614 0
    outer loop
      vertex -15.6735 -0.729552 1.2
      vertex -15.7493 -0.813172 0
      vertex -15.7493 -0.813172 1.2
    endloop
  endfacet
  facet normal -0.671653 0.740866 0
    outer loop
      vertex -15.7493 -0.813172 0
      vertex -15.8329 -0.888962 1.2
      vertex -15.7493 -0.813172 1.2
    endloop
  endfacet
  facet normal -0.671653 0.740866 0
    outer loop
      vertex -15.8329 -0.888962 1.2
      vertex -15.7493 -0.813172 0
      vertex -15.8329 -0.888962 0
    endloop
  endfacet
  facet normal -0.989124 -0.147083 0
    outer loop
      vertex 17.707 0.11272 0
      vertex 17.6904 0.224354 1.2
      vertex 17.6904 0.224354 0
    endloop
  endfacet
  facet normal -0.989124 -0.147083 0
    outer loop
      vertex 17.6904 0.224354 1.2
      vertex 17.707 0.11272 0
      vertex 17.707 0.11272 1.2
    endloop
  endfacet
  facet normal -0.998812 -0.0487355 0
    outer loop
      vertex 17.7125 0 0
      vertex 17.707 0.11272 1.2
      vertex 17.707 0.11272 0
    endloop
  endfacet
  facet normal -0.998812 -0.0487355 0
    outer loop
      vertex 17.707 0.11272 1.2
      vertex 17.7125 0 0
      vertex 17.7125 0 1.2
    endloop
  endfacet
  facet normal -0.970076 -0.2428 0
    outer loop
      vertex 17.6904 0.224354 0
      vertex 17.663 0.333827 1.2
      vertex 17.663 0.333827 0
    endloop
  endfacet
  facet normal -0.970076 -0.2428 0
    outer loop
      vertex 17.663 0.333827 1.2
      vertex 17.6904 0.224354 0
      vertex 17.6904 0.224354 1.2
    endloop
  endfacet
  facet normal 0.146651 -0.989188 0
    outer loop
      vertex 16.3381 1.1279 0
      vertex 16.4498 1.14446 1.2
      vertex 16.3381 1.1279 1.2
    endloop
  endfacet
  facet normal 0.146651 -0.989188 0
    outer loop
      vertex 16.4498 1.14446 1.2
      vertex 16.3381 1.1279 0
      vertex 16.4498 1.14446 0
    endloop
  endfacet
  facet normal 0.941599 0.336735 0
    outer loop
      vertex 15.5 -0.440085 1.2
      vertex 15.462 -0.333827 0
      vertex 15.462 -0.333827 1.2
    endloop
  endfacet
  facet normal 0.941599 0.336735 0
    outer loop
      vertex 15.462 -0.333827 0
      vertex 15.5 -0.440085 1.2
      vertex 15.5 -0.440085 0
    endloop
  endfacet
  facet normal -0.336774 0.941585 0
    outer loop
      vertex 17.0026 -1.06246 0
      vertex 16.8963 -1.10048 1.2
      vertex 17.0026 -1.06246 1.2
    endloop
  endfacet
  facet normal -0.336774 0.941585 0
    outer loop
      vertex 16.8963 -1.10048 1.2
      vertex 17.0026 -1.06246 0
      vertex 16.8963 -1.10048 0
    endloop
  endfacet
  facet normal -0.514111 -0.857723 0
    outer loop
      vertex 17.1046 1.01421 0
      vertex 17.2014 0.956189 1.2
      vertex 17.1046 1.01421 1.2
    endloop
  endfacet
  facet normal -0.514111 -0.857723 -0
    outer loop
      vertex 17.2014 0.956189 1.2
      vertex 17.1046 1.01421 0
      vertex 17.2014 0.956189 0
    endloop
  endfacet
  facet normal 0.857806 -0.513974 0
    outer loop
      vertex 15.5483 0.542106 1.2
      vertex 15.6063 0.638906 0
      vertex 15.6063 0.638906 1.2
    endloop
  endfacet
  facet normal 0.857806 -0.513974 0
    outer loop
      vertex 15.6063 0.638906 0
      vertex 15.5483 0.542106 1.2
      vertex 15.5483 0.542106 0
    endloop
  endfacet
  facet normal -0.42761 0.903963 0
    outer loop
      vertex 17.1046 -1.01421 0
      vertex 17.0026 -1.06246 1.2
      vertex 17.1046 -1.01421 1.2
    endloop
  endfacet
  facet normal -0.42761 0.903963 0
    outer loop
      vertex 17.0026 -1.06246 1.2
      vertex 17.1046 -1.01421 0
      vertex 17.0026 -1.06246 0
    endloop
  endfacet
  facet normal -0.998812 0.0487355 0
    outer loop
      vertex 17.707 -0.11272 0
      vertex 17.7125 0 1.2
      vertex 17.7125 0 0
    endloop
  endfacet
  facet normal -0.998812 0.0487355 0
    outer loop
      vertex 17.7125 0 1.2
      vertex 17.707 -0.11272 0
      vertex 17.707 -0.11272 1.2
    endloop
  endfacet
  facet normal -0.24312 0.969996 0
    outer loop
      vertex 16.8963 -1.10048 0
      vertex 16.7869 -1.1279 1.2
      vertex 16.8963 -1.10048 1.2
    endloop
  endfacet
  facet normal -0.24312 0.969996 0
    outer loop
      vertex 16.7869 -1.1279 1.2
      vertex 16.8963 -1.10048 0
      vertex 16.7869 -1.1279 0
    endloop
  endfacet
  facet normal 0.595467 -0.80338 0
    outer loop
      vertex 15.8329 0.888962 0
      vertex 15.9236 0.956189 1.2
      vertex 15.8329 0.888962 1.2
    endloop
  endfacet
  facet normal 0.595467 -0.80338 0
    outer loop
      vertex 15.9236 0.956189 1.2
      vertex 15.8329 0.888962 0
      vertex 15.9236 0.956189 0
    endloop
  endfacet
  facet normal -0.0490978 0.998794 0
    outer loop
      vertex 16.6752 -1.14446 0
      vertex 16.5625 -1.15 1.2
      vertex 16.6752 -1.14446 1.2
    endloop
  endfacet
  facet normal -0.0490978 0.998794 0
    outer loop
      vertex 16.5625 -1.15 1.2
      vertex 16.6752 -1.14446 0
      vertex 16.5625 -1.15 0
    endloop
  endfacet
  facet normal 0.514111 0.857723 -0
    outer loop
      vertex 16.0204 -1.01421 0
      vertex 15.9236 -0.956189 1.2
      vertex 16.0204 -1.01421 1.2
    endloop
  endfacet
  facet normal 0.514111 0.857723 0
    outer loop
      vertex 15.9236 -0.956189 1.2
      vertex 16.0204 -1.01421 0
      vertex 15.9236 -0.956189 0
    endloop
  endfacet
  facet normal -0.903826 -0.4279 0
    outer loop
      vertex 17.625 0.440085 0
      vertex 17.5767 0.542106 1.2
      vertex 17.5767 0.542106 0
    endloop
  endfacet
  facet normal -0.903826 -0.4279 0
    outer loop
      vertex 17.5767 0.542106 1.2
      vertex 17.625 0.440085 0
      vertex 17.625 0.440085 1.2
    endloop
  endfacet
  facet normal 0.146651 0.989188 -0
    outer loop
      vertex 16.4498 -1.14446 0
      vertex 16.3381 -1.1279 1.2
      vertex 16.4498 -1.14446 1.2
    endloop
  endfacet
  facet normal 0.146651 0.989188 0
    outer loop
      vertex 16.3381 -1.1279 1.2
      vertex 16.4498 -1.14446 0
      vertex 16.3381 -1.1279 0
    endloop
  endfacet
  facet normal 0.24312 0.969996 -0
    outer loop
      vertex 16.3381 -1.1279 0
      vertex 16.2287 -1.10048 1.2
      vertex 16.3381 -1.1279 1.2
    endloop
  endfacet
  facet normal 0.24312 0.969996 0
    outer loop
      vertex 16.2287 -1.10048 1.2
      vertex 16.3381 -1.1279 0
      vertex 16.2287 -1.10048 0
    endloop
  endfacet
  facet normal -0.595467 -0.80338 0
    outer loop
      vertex 17.2014 0.956189 0
      vertex 17.2921 0.888962 1.2
      vertex 17.2014 0.956189 1.2
    endloop
  endfacet
  facet normal -0.595467 -0.80338 -0
    outer loop
      vertex 17.2921 0.888962 1.2
      vertex 17.2014 0.956189 0
      vertex 17.2921 0.888962 0
    endloop
  endfacet
  facet normal 0.903826 0.4279 0
    outer loop
      vertex 15.5483 -0.542106 1.2
      vertex 15.5 -0.440085 0
      vertex 15.5 -0.440085 1.2
    endloop
  endfacet
  facet normal 0.903826 0.4279 0
    outer loop
      vertex 15.5 -0.440085 0
      vertex 15.5483 -0.542106 1.2
      vertex 15.5483 -0.542106 0
    endloop
  endfacet
  facet normal -0.803325 0.595541 0
    outer loop
      vertex 17.4515 -0.729552 0
      vertex 17.5187 -0.638906 1.2
      vertex 17.5187 -0.638906 0
    endloop
  endfacet
  facet normal -0.803325 0.595541 0
    outer loop
      vertex 17.5187 -0.638906 1.2
      vertex 17.4515 -0.729552 0
      vertex 17.4515 -0.729552 1.2
    endloop
  endfacet
  facet normal -0.803325 -0.595541 0
    outer loop
      vertex 17.5187 0.638906 0
      vertex 17.4515 0.729552 1.2
      vertex 17.4515 0.729552 0
    endloop
  endfacet
  facet normal -0.803325 -0.595541 0
    outer loop
      vertex 17.4515 0.729552 1.2
      vertex 17.5187 0.638906 0
      vertex 17.5187 0.638906 1.2
    endloop
  endfacet
  facet normal 0 0 -1
    outer loop
      vertex 17.707 -0.11272 1.2
      vertex 17.707 0.11272 1.2
      vertex 17.7125 0 1.2
    endloop
  endfacet
  facet normal 0 0 -1
    outer loop
      vertex 17.6904 -0.224354 1.2
      vertex 17.707 0.11272 1.2
      vertex 17.707 -0.11272 1.2
    endloop
  endfacet
  facet normal 0 0 -1
    outer loop
      vertex 17.6904 -0.224354 1.2
      vertex 17.6904 0.224354 1.2
      vertex 17.707 0.11272 1.2
    endloop
  endfacet
  facet normal 0 0 -1
    outer loop
      vertex 17.663 -0.333827 1.2
      vertex 17.6904 0.224354 1.2
      vertex 17.6904 -0.224354 1.2
    endloop
  endfacet
  facet normal 0 0 -1
    outer loop
      vertex 17.663 -0.333827 1.2
      vertex 17.663 0.333827 1.2
      vertex 17.6904 0.224354 1.2
    endloop
  endfacet
  facet normal 0 0 -1
    outer loop
      vertex 17.625 -0.440085 1.2
      vertex 17.663 0.333827 1.2
      vertex 17.663 -0.333827 1.2
    endloop
  endfacet
  facet normal 0 0 -1
    outer loop
      vertex 17.625 -0.440085 1.2
      vertex 17.625 0.440085 1.2
      vertex 17.663 0.333827 1.2
    endloop
  endfacet
  facet normal 0 0 -1
    outer loop
      vertex 17.5767 -0.542106 1.2
      vertex 17.625 0.440085 1.2
      vertex 17.625 -0.440085 1.2
    endloop
  endfacet
  facet normal 0 0 -1
    outer loop
      vertex 17.5767 -0.542106 1.2
      vertex 17.5767 0.542106 1.2
      vertex 17.625 0.440085 1.2
    endloop
  endfacet
  facet normal 0 0 -1
    outer loop
      vertex 17.5187 -0.638906 1.2
      vertex 17.5767 0.542106 1.2
      vertex 17.5767 -0.542106 1.2
    endloop
  endfacet
  facet normal 0 0 -1
    outer loop
      vertex 17.5187 -0.638906 1.2
      vertex 17.5187 0.638906 1.2
      vertex 17.5767 0.542106 1.2
    endloop
  endfacet
  facet normal 0 0 -1
    outer loop
      vertex 17.4515 -0.729552 1.2
      vertex 17.5187 0.638906 1.2
      vertex 17.5187 -0.638906 1.2
    endloop
  endfacet
  facet normal 0 0 -1
    outer loop
      vertex 17.4515 -0.729552 1.2
      vertex 17.4515 0.729552 1.2
      vertex 17.5187 0.638906 1.2
    endloop
  endfacet
  facet normal 0 0 -1
    outer loop
      vertex 17.3757 -0.813172 1.2
      vertex 17.4515 0.729552 1.2
      vertex 17.4515 -0.729552 1.2
    endloop
  endfacet
  facet normal 0 0 -1
    outer loop
      vertex 17.3757 -0.813172 1.2
      vertex 17.3757 0.813172 1.2
      vertex 17.4515 0.729552 1.2
    endloop
  endfacet
  facet normal 0 0 -1
    outer loop
      vertex 17.2921 -0.888962 1.2
      vertex 17.3757 0.813172 1.2
      vertex 17.3757 -0.813172 1.2
    endloop
  endfacet
  facet normal 0 0 -1
    outer loop
      vertex 17.2921 -0.888962 1.2
      vertex 17.2921 0.888962 1.2
      vertex 17.3757 0.813172 1.2
    endloop
  endfacet
  facet normal 0 0 -1
    outer loop
      vertex 17.2014 -0.956189 1.2
      vertex 17.2921 0.888962 1.2
      vertex 17.2921 -0.888962 1.2
    endloop
  endfacet
  facet normal 0 0 -1
    outer loop
      vertex 17.2014 -0.956189 1.2
      vertex 17.2014 0.956189 1.2
      vertex 17.2921 0.888962 1.2
    endloop
  endfacet
  facet normal 0 0 -1
    outer loop
      vertex 17.1046 -1.01421 1.2
      vertex 17.2014 0.956189 1.2
      vertex 17.2014 -0.956189 1.2
    endloop
  endfacet
  facet normal 0 0 -1
    outer loop
      vertex 17.1046 -1.01421 1.2
      vertex 17.1046 1.01421 1.2
      vertex 17.2014 0.956189 1.2
    endloop
  endfacet
  facet normal 0 0 -1
    outer loop
      vertex 17.0026 -1.06246 1.2
      vertex 17.1046 1.01421 1.2
      vertex 17.1046 -1.01421 1.2
    endloop
  endfacet
  facet normal 0 0 -1
    outer loop
      vertex 17.0026 -1.06246 1.2
      vertex 17.0026 1.06246 1.2
      vertex 17.1046 1.01421 1.2
    endloop
  endfacet
  facet normal 0 0 -1
    outer loop
      vertex 16.8963 -1.10048 1.2
      vertex 17.0026 1.06246 1.2
      vertex 17.0026 -1.06246 1.2
    endloop
  endfacet
  facet normal 0 0 -1
    outer loop
      vertex 16.8963 -1.10048 1.2
      vertex 16.8963 1.10048 1.2
      vertex 17.0026 1.06246 1.2
    endloop
  endfacet
  facet normal 0 0 -1
    outer loop
      vertex 16.7869 -1.1279 1.2
      vertex 16.8963 1.10048 1.2
      vertex 16.8963 -1.10048 1.2
    endloop
  endfacet
  facet normal 0 0 -1
    outer loop
      vertex 16.7869 -1.1279 1.2
      vertex 16.7869 1.1279 1.2
      vertex 16.8963 1.10048 1.2
    endloop
  endfacet
  facet normal 0 0 -1
    outer loop
      vertex 16.6752 -1.14446 1.2
      vertex 16.7869 1.1279 1.2
      vertex 16.7869 -1.1279 1.2
    endloop
  endfacet
  facet normal 0 0 -1
    outer loop
      vertex 16.6752 -1.14446 1.2
      vertex 16.6752 1.14446 1.2
      vertex 16.7869 1.1279 1.2
    endloop
  endfacet
  facet normal 0 0 -1
    outer loop
      vertex 16.5625 -1.15 1.2
      vertex 16.6752 1.14446 1.2
      vertex 16.6752 -1.14446 1.2
    endloop
  endfacet
  facet normal 0 0 -1
    outer loop
      vertex 16.5625 -1.15 1.2
      vertex 16.5625 1.15 1.2
      vertex 16.6752 1.14446 1.2
    endloop
  endfacet
  facet normal 0 0 -1
    outer loop
      vertex 16.4498 -1.14446 1.2
      vertex 16.5625 1.15 1.2
      vertex 16.5625 -1.15 1.2
    endloop
  endfacet
  facet normal 0 0 -1
    outer loop
      vertex 16.4498 -1.14446 1.2
      vertex 16.4498 1.14446 1.2
      vertex 16.5625 1.15 1.2
    endloop
  endfacet
  facet normal 0 0 -1
    outer loop
      vertex 16.3381 -1.1279 1.2
      vertex 16.4498 1.14446 1.2
      vertex 16.4498 -1.14446 1.2
    endloop
  endfacet
  facet normal 0 0 -1
    outer loop
      vertex 16.3381 -1.1279 1.2
      vertex 16.3381 1.1279 1.2
      vertex 16.4498 1.14446 1.2
    endloop
  endfacet
  facet normal 0 0 -1
    outer loop
      vertex 16.2287 -1.10048 1.2
      vertex 16.3381 1.1279 1.2
      vertex 16.3381 -1.1279 1.2
    endloop
  endfacet
  facet normal 0 0 -1
    outer loop
      vertex 16.2287 -1.10048 1.2
      vertex 16.2287 1.10048 1.2
      vertex 16.3381 1.1279 1.2
    endloop
  endfacet
  facet normal 0 0 -1
    outer loop
      vertex 16.1224 -1.06246 1.2
      vertex 16.2287 1.10048 1.2
      vertex 16.2287 -1.10048 1.2
    endloop
  endfacet
  facet normal 0 0 -1
    outer loop
      vertex 16.1224 -1.06246 1.2
      vertex 16.1224 1.06246 1.2
      vertex 16.2287 1.10048 1.2
    endloop
  endfacet
  facet normal 0 0 -1
    outer loop
      vertex 16.0204 -1.01421 1.2
      vertex 16.1224 1.06246 1.2
      vertex 16.1224 -1.06246 1.2
    endloop
  endfacet
  facet normal 0 0 -1
    outer loop
      vertex 16.0204 -1.01421 1.2
      vertex 16.0204 1.01421 1.2
      vertex 16.1224 1.06246 1.2
    endloop
  endfacet
  facet normal 0 0 -1
    outer loop
      vertex 15.9236 -0.956189 1.2
      vertex 16.0204 1.01421 1.2
      vertex 16.0204 -1.01421 1.2
    endloop
  endfacet
  facet normal 0 0 -1
    outer loop
      vertex 15.9236 -0.956189 1.2
      vertex 15.9236 0.956189 1.2
      vertex 16.0204 1.01421 1.2
    endloop
  endfacet
  facet normal 0 0 -1
    outer loop
      vertex 15.8329 -0.888962 1.2
      vertex 15.9236 0.956189 1.2
      vertex 15.9236 -0.956189 1.2
    endloop
  endfacet
  facet normal 0 0 -1
    outer loop
      vertex 15.8329 -0.888962 1.2
      vertex 15.8329 0.888962 1.2
      vertex 15.9236 0.956189 1.2
    endloop
  endfacet
  facet normal 0 0 -1
    outer loop
      vertex 15.7493 -0.813172 1.2
      vertex 15.8329 0.888962 1.2
      vertex 15.8329 -0.888962 1.2
    endloop
  endfacet
  facet normal 0 0 -1
    outer loop
      vertex 15.7493 -0.813172 1.2
      vertex 15.7493 0.813172 1.2
      vertex 15.8329 0.888962 1.2
    endloop
  endfacet
  facet normal 0 0 -1
    outer loop
      vertex 15.6735 -0.729552 1.2
      vertex 15.7493 0.813172 1.2
      vertex 15.7493 -0.813172 1.2
    endloop
  endfacet
  facet normal 0 0 -1
    outer loop
      vertex 15.6735 -0.729552 1.2
      vertex 15.6735 0.729552 1.2
      vertex 15.7493 0.813172 1.2
    endloop
  endfacet
  facet normal 0 0 -1
    outer loop
      vertex 15.6063 -0.638906 1.2
      vertex 15.6735 0.729552 1.2
      vertex 15.6735 -0.729552 1.2
    endloop
  endfacet
  facet normal 0 0 -1
    outer loop
      vertex 15.6063 -0.638906 1.2
      vertex 15.6063 0.638906 1.2
      vertex 15.6735 0.729552 1.2
    endloop
  endfacet
  facet normal 0 0 -1
    outer loop
      vertex 15.5483 -0.542106 1.2
      vertex 15.6063 0.638906 1.2
      vertex 15.6063 -0.638906 1.2
    endloop
  endfacet
  facet normal 0 0 -1
    outer loop
      vertex 15.5483 -0.542106 1.2
      vertex 15.5483 0.542106 1.2
      vertex 15.6063 0.638906 1.2
    endloop
  endfacet
  facet normal 0 0 -1
    outer loop
      vertex 15.5 -0.440085 1.2
      vertex 15.5483 0.542106 1.2
      vertex 15.5483 -0.542106 1.2
    endloop
  endfacet
  facet normal 0 0 -1
    outer loop
      vertex 15.5 -0.440085 1.2
      vertex 15.5 0.440085 1.2
      vertex 15.5483 0.542106 1.2
    endloop
  endfacet
  facet normal 0 0 -1
    outer loop
      vertex 15.462 -0.333827 1.2
      vertex 15.5 0.440085 1.2
      vertex 15.5 -0.440085 1.2
    endloop
  endfacet
  facet normal 0 0 -1
    outer loop
      vertex 15.462 -0.333827 1.2
      vertex 15.462 0.333827 1.2
      vertex 15.5 0.440085 1.2
    endloop
  endfacet
  facet normal 0 0 -1
    outer loop
      vertex 15.4346 -0.224354 1.2
      vertex 15.462 0.333827 1.2
      vertex 15.462 -0.333827 1.2
    endloop
  endfacet
  facet normal 0 0 -1
    outer loop
      vertex 15.4346 -0.224354 1.2
      vertex 15.4346 0.224354 1.2
      vertex 15.462 0.333827 1.2
    endloop
  endfacet
  facet normal 0 0 -1
    outer loop
      vertex 15.418 -0.11272 1.2
      vertex 15.4346 0.224354 1.2
      vertex 15.4346 -0.224354 1.2
    endloop
  endfacet
  facet normal 0 0 -1
    outer loop
      vertex 15.418 -0.11272 1.2
      vertex 15.418 0.11272 1.2
      vertex 15.4346 0.224354 1.2
    endloop
  endfacet
  facet normal 0 -0 -1
    outer loop
      vertex 15.418 0.11272 1.2
      vertex 15.418 -0.11272 1.2
      vertex 15.4125 0 1.2
    endloop
  endfacet
  facet normal 0.989124 -0.147083 0
    outer loop
      vertex 15.418 0.11272 1.2
      vertex 15.4346 0.224354 0
      vertex 15.4346 0.224354 1.2
    endloop
  endfacet
  facet normal 0.989124 -0.147083 0
    outer loop
      vertex 15.4346 0.224354 0
      vertex 15.418 0.11272 1.2
      vertex 15.418 0.11272 0
    endloop
  endfacet
  facet normal 0.970076 0.2428 0
    outer loop
      vertex 15.462 -0.333827 1.2
      vertex 15.4346 -0.224354 0
      vertex 15.4346 -0.224354 1.2
    endloop
  endfacet
  facet normal 0.970076 0.2428 0
    outer loop
      vertex 15.4346 -0.224354 0
      vertex 15.462 -0.333827 1.2
      vertex 15.462 -0.333827 0
    endloop
  endfacet
  facet normal 0.336774 -0.941585 0
    outer loop
      vertex 16.1224 1.06246 0
      vertex 16.2287 1.10048 1.2
      vertex 16.1224 1.06246 1.2
    endloop
  endfacet
  facet normal 0.336774 -0.941585 0
    outer loop
      vertex 16.2287 1.10048 1.2
      vertex 16.1224 1.06246 0
      vertex 16.2287 1.10048 0
    endloop
  endfacet
  facet normal 0.740902 -0.671614 0
    outer loop
      vertex 15.6735 0.729552 1.2
      vertex 15.7493 0.813172 0
      vertex 15.7493 0.813172 1.2
    endloop
  endfacet
  facet normal 0.740902 -0.671614 0
    outer loop
      vertex 15.7493 0.813172 0
      vertex 15.6735 0.729552 1.2
      vertex 15.6735 0.729552 0
    endloop
  endfacet
  facet normal -0.941599 0.336735 0
    outer loop
      vertex 17.625 -0.440085 0
      vertex 17.663 -0.333827 1.2
      vertex 17.663 -0.333827 0
    endloop
  endfacet
  facet normal -0.941599 0.336735 0
    outer loop
      vertex 17.663 -0.333827 1.2
      vertex 17.625 -0.440085 0
      vertex 17.625 -0.440085 1.2
    endloop
  endfacet
  facet normal -0.146651 0.989188 0
    outer loop
      vertex 16.7869 -1.1279 0
      vertex 16.6752 -1.14446 1.2
      vertex 16.7869 -1.1279 1.2
    endloop
  endfacet
  facet normal -0.146651 0.989188 0
    outer loop
      vertex 16.6752 -1.14446 1.2
      vertex 16.7869 -1.1279 0
      vertex 16.6752 -1.14446 0
    endloop
  endfacet
  facet normal -0.941599 -0.336735 0
    outer loop
      vertex 17.663 0.333827 0
      vertex 17.625 0.440085 1.2
      vertex 17.625 0.440085 0
    endloop
  endfacet
  facet normal -0.941599 -0.336735 0
    outer loop
      vertex 17.625 0.440085 1.2
      vertex 17.663 0.333827 0
      vertex 17.663 0.333827 1.2
    endloop
  endfacet
  facet normal -0.671653 -0.740866 0
    outer loop
      vertex 17.2921 0.888962 0
      vertex 17.3757 0.813172 1.2
      vertex 17.2921 0.888962 1.2
    endloop
  endfacet
  facet normal -0.671653 -0.740866 -0
    outer loop
      vertex 17.3757 0.813172 1.2
      vertex 17.2921 0.888962 0
      vertex 17.3757 0.813172 0
    endloop
  endfacet
  facet normal -0.970076 0.2428 0
    outer loop
      vertex 17.663 -0.333827 0
      vertex 17.6904 -0.224354 1.2
      vertex 17.6904 -0.224354 0
    endloop
  endfacet
  facet normal -0.970076 0.2428 0
    outer loop
      vertex 17.6904 -0.224354 1.2
      vertex 17.663 -0.333827 0
      vertex 17.663 -0.333827 1.2
    endloop
  endfacet
  facet normal -0.0490978 -0.998794 0
    outer loop
      vertex 16.5625 1.15 0
      vertex 16.6752 1.14446 1.2
      vertex 16.5625 1.15 1.2
    endloop
  endfacet
  facet normal -0.0490978 -0.998794 -0
    outer loop
      vertex 16.6752 1.14446 1.2
      vertex 16.5625 1.15 0
      vertex 16.6752 1.14446 0
    endloop
  endfacet
  facet normal 0.514111 -0.857723 0
    outer loop
      vertex 15.9236 0.956189 0
      vertex 16.0204 1.01421 1.2
      vertex 15.9236 0.956189 1.2
    endloop
  endfacet
  facet normal 0.514111 -0.857723 0
    outer loop
      vertex 16.0204 1.01421 1.2
      vertex 15.9236 0.956189 0
      vertex 16.0204 1.01421 0
    endloop
  endfacet
  facet normal -0.336774 -0.941585 0
    outer loop
      vertex 16.8963 1.10048 0
      vertex 17.0026 1.06246 1.2
      vertex 16.8963 1.10048 1.2
    endloop
  endfacet
  facet normal -0.336774 -0.941585 -0
    outer loop
      vertex 17.0026 1.06246 1.2
      vertex 16.8963 1.10048 0
      vertex 17.0026 1.06246 0
    endloop
  endfacet
  facet normal 0.24312 -0.969996 0
    outer loop
      vertex 16.2287 1.10048 0
      vertex 16.3381 1.1279 1.2
      vertex 16.2287 1.10048 1.2
    endloop
  endfacet
  facet normal 0.24312 -0.969996 0
    outer loop
      vertex 16.3381 1.1279 1.2
      vertex 16.2287 1.10048 0
      vertex 16.3381 1.1279 0
    endloop
  endfacet
  facet normal -0.989124 0.147083 0
    outer loop
      vertex 17.6904 -0.224354 0
      vertex 17.707 -0.11272 1.2
      vertex 17.707 -0.11272 0
    endloop
  endfacet
  facet normal -0.989124 0.147083 0
    outer loop
      vertex 17.707 -0.11272 1.2
      vertex 17.6904 -0.224354 0
      vertex 17.6904 -0.224354 1.2
    endloop
  endfacet
  facet normal -0.514111 0.857723 0
    outer loop
      vertex 17.2014 -0.956189 0
      vertex 17.1046 -1.01421 1.2
      vertex 17.2014 -0.956189 1.2
    endloop
  endfacet
  facet normal -0.514111 0.857723 0
    outer loop
      vertex 17.1046 -1.01421 1.2
      vertex 17.2014 -0.956189 0
      vertex 17.1046 -1.01421 0
    endloop
  endfacet
  facet normal -0.857806 0.513974 0
    outer loop
      vertex 17.5187 -0.638906 0
      vertex 17.5767 -0.542106 1.2
      vertex 17.5767 -0.542106 0
    endloop
  endfacet
  facet normal -0.857806 0.513974 0
    outer loop
      vertex 17.5767 -0.542106 1.2
      vertex 17.5187 -0.638906 0
      vertex 17.5187 -0.638906 1.2
    endloop
  endfacet
  facet normal -0.42761 -0.903963 0
    outer loop
      vertex 17.0026 1.06246 0
      vertex 17.1046 1.01421 1.2
      vertex 17.0026 1.06246 1.2
    endloop
  endfacet
  facet normal -0.42761 -0.903963 -0
    outer loop
      vertex 17.1046 1.01421 1.2
      vertex 17.0026 1.06246 0
      vertex 17.1046 1.01421 0
    endloop
  endfacet
  facet normal 0.941599 -0.336735 0
    outer loop
      vertex 15.462 0.333827 1.2
      vertex 15.5 0.440085 0
      vertex 15.5 0.440085 1.2
    endloop
  endfacet
  facet normal 0.941599 -0.336735 0
    outer loop
      vertex 15.5 0.440085 0
      vertex 15.462 0.333827 1.2
      vertex 15.462 0.333827 0
    endloop
  endfacet
  facet normal -0.903826 0.4279 0
    outer loop
      vertex 17.5767 -0.542106 0
      vertex 17.625 -0.440085 1.2
      vertex 17.625 -0.440085 0
    endloop
  endfacet
  facet normal -0.903826 0.4279 0
    outer loop
      vertex 17.625 -0.440085 1.2
      vertex 17.5767 -0.542106 0
      vertex 17.5767 -0.542106 1.2
    endloop
  endfacet
  facet normal -0.24312 -0.969996 0
    outer loop
      vertex 16.7869 1.1279 0
      vertex 16.8963 1.10048 1.2
      vertex 16.7869 1.1279 1.2
    endloop
  endfacet
  facet normal -0.24312 -0.969996 -0
    outer loop
      vertex 16.8963 1.10048 1.2
      vertex 16.7869 1.1279 0
      vertex 16.8963 1.10048 0
    endloop
  endfacet
  facet normal -0.857806 -0.513974 0
    outer loop
      vertex 17.5767 0.542106 0
      vertex 17.5187 0.638906 1.2
      vertex 17.5187 0.638906 0
    endloop
  endfacet
  facet normal -0.857806 -0.513974 0
    outer loop
      vertex 17.5187 0.638906 1.2
      vertex 17.5767 0.542106 0
      vertex 17.5767 0.542106 1.2
    endloop
  endfacet
  facet normal 0.970076 -0.2428 0
    outer loop
      vertex 15.4346 0.224354 1.2
      vertex 15.462 0.333827 0
      vertex 15.462 0.333827 1.2
    endloop
  endfacet
  facet normal 0.970076 -0.2428 0
    outer loop
      vertex 15.462 0.333827 0
      vertex 15.4346 0.224354 1.2
      vertex 15.4346 0.224354 0
    endloop
  endfacet
  facet normal 0.671653 -0.740866 0
    outer loop
      vertex 15.7493 0.813172 0
      vertex 15.8329 0.888962 1.2
      vertex 15.7493 0.813172 1.2
    endloop
  endfacet
  facet normal 0.671653 -0.740866 0
    outer loop
      vertex 15.8329 0.888962 1.2
      vertex 15.7493 0.813172 0
      vertex 15.8329 0.888962 0
    endloop
  endfacet
  facet normal 0.857806 0.513974 0
    outer loop
      vertex 15.6063 -0.638906 1.2
      vertex 15.5483 -0.542106 0
      vertex 15.5483 -0.542106 1.2
    endloop
  endfacet
  facet normal 0.857806 0.513974 0
    outer loop
      vertex 15.5483 -0.542106 0
      vertex 15.6063 -0.638906 1.2
      vertex 15.6063 -0.638906 0
    endloop
  endfacet
  facet normal 0.0490978 -0.998794 0
    outer loop
      vertex 16.4498 1.14446 0
      vertex 16.5625 1.15 1.2
      vertex 16.4498 1.14446 1.2
    endloop
  endfacet
  facet normal 0.0490978 -0.998794 0
    outer loop
      vertex 16.5625 1.15 1.2
      vertex 16.4498 1.14446 0
      vertex 16.5625 1.15 0
    endloop
  endfacet
  facet normal -0.146651 -0.989188 0
    outer loop
      vertex 16.6752 1.14446 0
      vertex 16.7869 1.1279 1.2
      vertex 16.6752 1.14446 1.2
    endloop
  endfacet
  facet normal -0.146651 -0.989188 -0
    outer loop
      vertex 16.7869 1.1279 1.2
      vertex 16.6752 1.14446 0
      vertex 16.7869 1.1279 0
    endloop
  endfacet
  facet normal 0.740902 0.671614 0
    outer loop
      vertex 15.7493 -0.813172 1.2
      vertex 15.6735 -0.729552 0
      vertex 15.6735 -0.729552 1.2
    endloop
  endfacet
  facet normal 0.740902 0.671614 0
    outer loop
      vertex 15.6735 -0.729552 0
      vertex 15.7493 -0.813172 1.2
      vertex 15.7493 -0.813172 0
    endloop
  endfacet
  facet normal 0.595467 0.80338 -0
    outer loop
      vertex 15.9236 -0.956189 0
      vertex 15.8329 -0.888962 1.2
      vertex 15.9236 -0.956189 1.2
    endloop
  endfacet
  facet normal 0.595467 0.80338 0
    outer loop
      vertex 15.8329 -0.888962 1.2
      vertex 15.9236 -0.956189 0
      vertex 15.8329 -0.888962 0
    endloop
  endfacet
  facet normal 0.989124 0.147083 0
    outer loop
      vertex 15.4346 -0.224354 1.2
      vertex 15.418 -0.11272 0
      vertex 15.418 -0.11272 1.2
    endloop
  endfacet
  facet normal 0.989124 0.147083 0
    outer loop
      vertex 15.418 -0.11272 0
      vertex 15.4346 -0.224354 1.2
      vertex 15.4346 -0.224354 0
    endloop
  endfacet
  facet normal 0.42761 -0.903963 0
    outer loop
      vertex 16.0204 1.01421 0
      vertex 16.1224 1.06246 1.2
      vertex 16.0204 1.01421 1.2
    endloop
  endfacet
  facet normal 0.42761 -0.903963 0
    outer loop
      vertex 16.1224 1.06246 1.2
      vertex 16.0204 1.01421 0
      vertex 16.1224 1.06246 0
    endloop
  endfacet
  facet normal 0.803325 0.595541 0
    outer loop
      vertex 15.6735 -0.729552 1.2
      vertex 15.6063 -0.638906 0
      vertex 15.6063 -0.638906 1.2
    endloop
  endfacet
  facet normal 0.803325 0.595541 0
    outer loop
      vertex 15.6063 -0.638906 0
      vertex 15.6735 -0.729552 1.2
      vertex 15.6735 -0.729552 0
    endloop
  endfacet
  facet normal 0.998812 0.0487355 0
    outer loop
      vertex 15.418 -0.11272 1.2
      vertex 15.4125 0 0
      vertex 15.4125 0 1.2
    endloop
  endfacet
  facet normal 0.998812 0.0487355 0
    outer loop
      vertex 15.4125 0 0
      vertex 15.418 -0.11272 1.2
      vertex 15.418 -0.11272 0
    endloop
  endfacet
  facet normal 0.42761 0.903963 -0
    outer loop
      vertex 16.1224 -1.06246 0
      vertex 16.0204 -1.01421 1.2
      vertex 16.1224 -1.06246 1.2
    endloop
  endfacet
  facet normal 0.42761 0.903963 0
    outer loop
      vertex 16.0204 -1.01421 1.2
      vertex 16.1224 -1.06246 0
      vertex 16.0204 -1.01421 0
    endloop
  endfacet
  facet normal -0.595467 0.80338 0
    outer loop
      vertex 17.2921 -0.888962 0
      vertex 17.2014 -0.956189 1.2
      vertex 17.2921 -0.888962 1.2
    endloop
  endfacet
  facet normal -0.595467 0.80338 0
    outer loop
      vertex 17.2014 -0.956189 1.2
      vertex 17.2921 -0.888962 0
      vertex 17.2014 -0.956189 0
    endloop
  endfacet
  facet normal 0.803325 -0.595541 0
    outer loop
      vertex 15.6063 0.638906 1.2
      vertex 15.6735 0.729552 0
      vertex 15.6735 0.729552 1.2
    endloop
  endfacet
  facet normal 0.803325 -0.595541 0
    outer loop
      vertex 15.6735 0.729552 0
      vertex 15.6063 0.638906 1.2
      vertex 15.6063 0.638906 0
    endloop
  endfacet
  facet normal -0.740902 -0.671614 0
    outer loop
      vertex 17.4515 0.729552 0
      vertex 17.3757 0.813172 1.2
      vertex 17.3757 0.813172 0
    endloop
  endfacet
  facet normal -0.740902 -0.671614 0
    outer loop
      vertex 17.3757 0.813172 1.2
      vertex 17.4515 0.729552 0
      vertex 17.4515 0.729552 1.2
    endloop
  endfacet
  facet normal 0.903826 -0.4279 0
    outer loop
      vertex 15.5 0.440085 1.2
      vertex 15.5483 0.542106 0
      vertex 15.5483 0.542106 1.2
    endloop
  endfacet
  facet normal 0.903826 -0.4279 0
    outer loop
      vertex 15.5483 0.542106 0
      vertex 15.5 0.440085 1.2
      vertex 15.5 0.440085 0
    endloop
  endfacet
  facet normal 0.336774 0.941585 -0
    outer loop
      vertex 16.2287 -1.10048 0
      vertex 16.1224 -1.06246 1.2
      vertex 16.2287 -1.10048 1.2
    endloop
  endfacet
  facet normal 0.336774 0.941585 0
    outer loop
      vertex 16.1224 -1.06246 1.2
      vertex 16.2287 -1.10048 0
      vertex 16.1224 -1.06246 0
    endloop
  endfacet
  facet normal 0.0490978 0.998794 -0
    outer loop
      vertex 16.5625 -1.15 0
      vertex 16.4498 -1.14446 1.2
      vertex 16.5625 -1.15 1.2
    endloop
  endfacet
  facet normal 0.0490978 0.998794 0
    outer loop
      vertex 16.4498 -1.14446 1.2
      vertex 16.5625 -1.15 0
      vertex 16.4498 -1.14446 0
    endloop
  endfacet
  facet normal 0.998812 -0.0487355 0
    outer loop
      vertex 15.4125 0 1.2
      vertex 15.418 0.11272 0
      vertex 15.418 0.11272 1.2
    endloop
  endfacet
  facet normal 0.998812 -0.0487355 0
    outer loop
      vertex 15.418 0.11272 0
      vertex 15.4125 0 1.2
      vertex 15.4125 0 0
    endloop
  endfacet
  facet normal 0.671653 0.740866 -0
    outer loop
      vertex 15.8329 -0.888962 0
      vertex 15.7493 -0.813172 1.2
      vertex 15.8329 -0.888962 1.2
    endloop
  endfacet
  facet normal 0.671653 0.740866 0
    outer loop
      vertex 15.7493 -0.813172 1.2
      vertex 15.8329 -0.888962 0
      vertex 15.7493 -0.813172 0
    endloop
  endfacet
  facet normal -0.740902 0.671614 0
    outer loop
      vertex 17.3757 -0.813172 0
      vertex 17.4515 -0.729552 1.2
      vertex 17.4515 -0.729552 0
    endloop
  endfacet
  facet normal -0.740902 0.671614 0
    outer loop
      vertex 17.4515 -0.729552 1.2
      vertex 17.3757 -0.813172 0
      vertex 17.3757 -0.813172 1.2
    endloop
  endfacet
  facet normal -0.671653 0.740866 0
    outer loop
      vertex 17.3757 -0.813172 0
      vertex 17.2921 -0.888962 1.2
      vertex 17.3757 -0.813172 1.2
    endloop
  endfacet
  facet normal -0.671653 0.740866 0
    outer loop
      vertex 17.2921 -0.888962 1.2
      vertex 17.3757 -0.813172 0
      vertex 17.2921 -0.888962 0
    endloop
  endfacet
  facet normal 0.989765 0.142706 0
    outer loop
      vertex -14.0587 -1.22652 2.7
      vertex -14.0615 -1.2071 2.3
      vertex -14.0615 -1.2071 2.7
    endloop
  endfacet
  facet normal 0.989765 0.142706 0
    outer loop
      vertex -14.0615 -1.2071 2.3
      vertex -14.0587 -1.22652 2.7
      vertex -14.0587 -1.22652 2.3
    endloop
  endfacet
  facet normal 0.146844 0.98916 -0
    outer loop
      vertex -13.8821 -1.38654 2.3
      vertex -13.9015 -1.38366 2.7
      vertex -13.8821 -1.38654 2.7
    endloop
  endfacet
  facet normal 0.146844 0.98916 0
    outer loop
      vertex -13.9015 -1.38366 2.7
      vertex -13.8821 -1.38654 2.3
      vertex -13.9015 -1.38366 2.3
    endloop
  endfacet
  facet normal -0.998701 0.0509541 0
    outer loop
      vertex 14.0615 -1.2071 2.3
      vertex 14.0625 -1.1875 2.7
      vertex 14.0625 -1.1875 2.3
    endloop
  endfacet
  facet normal -0.998701 0.0509541 0
    outer loop
      vertex 14.0625 -1.1875 2.7
      vertex 14.0615 -1.2071 2.3
      vertex 14.0615 -1.2071 2.7
    endloop
  endfacet
  facet normal 0.998701 0.0509541 0
    outer loop
      vertex -14.0615 -1.2071 2.7
      vertex -14.0625 -1.1875 2.3
      vertex -14.0625 -1.1875 2.7
    endloop
  endfacet
  facet normal 0.998701 0.0509541 0
    outer loop
      vertex -14.0625 -1.1875 2.3
      vertex -14.0615 -1.2071 2.7
      vertex -14.0615 -1.2071 2.3
    endloop
  endfacet
  facet normal 0 -1 0
    outer loop
      vertex -13.8625 -0.987499 2.3
      vertex 13.8625 -0.987499 2.7
      vertex -13.8625 -0.987499 2.7
    endloop
  endfacet
  facet normal 0 -1 -0
    outer loop
      vertex 13.8625 -0.987499 2.7
      vertex -13.8625 -0.987499 2.3
      vertex 13.8625 -0.987499 2.3
    endloop
  endfacet
  facet normal -0.989765 0.142706 0
    outer loop
      vertex 14.0587 -1.22652 2.3
      vertex 14.0615 -1.2071 2.7
      vertex 14.0615 -1.2071 2.3
    endloop
  endfacet
  facet normal -0.989765 0.142706 0
    outer loop
      vertex 14.0615 -1.2071 2.7
      vertex 14.0587 -1.22652 2.3
      vertex 14.0587 -1.22652 2.7
    endloop
  endfacet
  facet normal 0.672622 -0.739986 0
    outer loop
      vertex -14.0039 -1.04608 2.3
      vertex -13.9894 -1.0329 2.7
      vertex -14.0039 -1.04608 2.7
    endloop
  endfacet
  facet normal 0.672622 -0.739986 0
    outer loop
      vertex -13.9894 -1.0329 2.7
      vertex -14.0039 -1.04608 2.3
      vertex -13.9894 -1.0329 2.3
    endloop
  endfacet
  facet normal -0.337995 -0.941148 0
    outer loop
      vertex 13.9206 -0.996112 2.3
      vertex 13.939 -1.00272 2.7
      vertex 13.9206 -0.996112 2.7
    endloop
  endfacet
  facet normal -0.337995 -0.941148 -0
    outer loop
      vertex 13.939 -1.00272 2.7
      vertex 13.9206 -0.996112 2.3
      vertex 13.939 -1.00272 2.3
    endloop
  endfacet
  facet normal -0.0489209 0.998803 0
    outer loop
      vertex 13.8821 -1.38654 2.3
      vertex 13.8625 -1.3875 2.7
      vertex 13.8821 -1.38654 2.7
    endloop
  endfacet
  facet normal -0.0489209 0.998803 0
    outer loop
      vertex 13.8625 -1.3875 2.7
      vertex 13.8821 -1.38654 2.3
      vertex 13.8625 -1.3875 2.3
    endloop
  endfacet
  facet normal 0.514871 0.857268 -0
    outer loop
      vertex -13.9568 -1.36388 2.3
      vertex -13.9736 -1.35379 2.7
      vertex -13.9568 -1.36388 2.7
    endloop
  endfacet
  facet normal 0.514871 0.857268 0
    outer loop
      vertex -13.9736 -1.35379 2.7
      vertex -13.9568 -1.36388 2.3
      vertex -13.9736 -1.35379 2.3
    endloop
  endfacet
  facet normal -0.9038 -0.427955 0
    outer loop
      vertex 14.0473 -1.11096 2.3
      vertex 14.0389 -1.09322 2.7
      vertex 14.0389 -1.09322 2.3
    endloop
  endfacet
  facet normal -0.9038 -0.427955 0
    outer loop
      vertex 14.0389 -1.09322 2.7
      vertex 14.0473 -1.11096 2.3
      vertex 14.0473 -1.11096 2.7
    endloop
  endfacet
  facet normal 0.514871 -0.857268 0
    outer loop
      vertex -13.9736 -1.02121 2.3
      vertex -13.9568 -1.01112 2.7
      vertex -13.9736 -1.02121 2.7
    endloop
  endfacet
  facet normal 0.514871 -0.857268 0
    outer loop
      vertex -13.9568 -1.01112 2.7
      vertex -13.9736 -1.02121 2.3
      vertex -13.9568 -1.01112 2.3
    endloop
  endfacet
  facet normal -0.969661 -0.244452 0
    outer loop
      vertex 14.0587 -1.14848 2.3
      vertex 14.0539 -1.12944 2.7
      vertex 14.0539 -1.12944 2.3
    endloop
  endfacet
  facet normal -0.969661 -0.244452 0
    outer loop
      vertex 14.0539 -1.12944 2.7
      vertex 14.0587 -1.14848 2.3
      vertex 14.0587 -1.14848 2.7
    endloop
  endfacet
  facet normal 0 1 -0
    outer loop
      vertex 13.8625 -1.3875 2.3
      vertex -13.8625 -1.3875 2.7
      vertex 13.8625 -1.3875 2.7
    endloop
  endfacet
  facet normal 0 1 0
    outer loop
      vertex -13.8625 -1.3875 2.7
      vertex 13.8625 -1.3875 2.3
      vertex -13.8625 -1.3875 2.3
    endloop
  endfacet
  facet normal 0.803106 -0.595836 0
    outer loop
      vertex -14.0288 -1.07639 2.7
      vertex -14.0171 -1.06062 2.3
      vertex -14.0171 -1.06062 2.7
    endloop
  endfacet
  facet normal 0.803106 -0.595836 0
    outer loop
      vertex -14.0171 -1.06062 2.3
      vertex -14.0288 -1.07639 2.7
      vertex -14.0288 -1.07639 2.3
    endloop
  endfacet
  facet normal -0.857448 0.514571 0
    outer loop
      vertex 14.0288 -1.29861 2.3
      vertex 14.0389 -1.28178 2.7
      vertex 14.0389 -1.28178 2.3
    endloop
  endfacet
  facet normal -0.857448 0.514571 0
    outer loop
      vertex 14.0389 -1.28178 2.7
      vertex 14.0288 -1.29861 2.3
      vertex 14.0288 -1.29861 2.7
    endloop
  endfacet
  facet normal -0.803106 0.595836 0
    outer loop
      vertex 14.0171 -1.31438 2.3
      vertex 14.0288 -1.29861 2.7
      vertex 14.0288 -1.29861 2.3
    endloop
  endfacet
  facet normal -0.803106 0.595836 0
    outer loop
      vertex 14.0288 -1.29861 2.7
      vertex 14.0171 -1.31438 2.3
      vertex 14.0171 -1.31438 2.7
    endloop
  endfacet
  facet normal 0.969661 0.244452 0
    outer loop
      vertex -14.0539 -1.24556 2.7
      vertex -14.0587 -1.22652 2.3
      vertex -14.0587 -1.22652 2.7
    endloop
  endfacet
  facet normal 0.969661 0.244452 0
    outer loop
      vertex -14.0587 -1.22652 2.3
      vertex -14.0539 -1.24556 2.7
      vertex -14.0539 -1.24556 2.3
    endloop
  endfacet
  facet normal 0.426775 -0.904358 0
    outer loop
      vertex -13.9568 -1.01112 2.3
      vertex -13.939 -1.00272 2.7
      vertex -13.9568 -1.01112 2.7
    endloop
  endfacet
  facet normal 0.426775 -0.904358 0
    outer loop
      vertex -13.939 -1.00272 2.7
      vertex -13.9568 -1.01112 2.3
      vertex -13.939 -1.00272 2.3
    endloop
  endfacet
  facet normal -0.338085 0.941115 0
    outer loop
      vertex 13.939 -1.37228 2.3
      vertex 13.9206 -1.37889 2.7
      vertex 13.939 -1.37228 2.7
    endloop
  endfacet
  facet normal -0.338085 0.941115 0
    outer loop
      vertex 13.9206 -1.37889 2.7
      vertex 13.939 -1.37228 2.3
      vertex 13.9206 -1.37889 2.3
    endloop
  endfacet
  facet normal 0.426775 0.904358 -0
    outer loop
      vertex -13.939 -1.37228 2.3
      vertex -13.9568 -1.36388 2.7
      vertex -13.939 -1.37228 2.7
    endloop
  endfacet
  facet normal 0.426775 0.904358 0
    outer loop
      vertex -13.9568 -1.36388 2.7
      vertex -13.939 -1.37228 2.3
      vertex -13.9568 -1.36388 2.3
    endloop
  endfacet
  facet normal 0.740401 -0.672166 0
    outer loop
      vertex -14.0171 -1.06062 2.7
      vertex -14.0039 -1.04608 2.3
      vertex -14.0039 -1.04608 2.7
    endloop
  endfacet
  facet normal 0.740401 -0.672166 0
    outer loop
      vertex -14.0039 -1.04608 2.3
      vertex -14.0171 -1.06062 2.7
      vertex -14.0171 -1.06062 2.3
    endloop
  endfacet
  facet normal -0.0490735 -0.998795 0
    outer loop
      vertex 13.8625 -0.987499 2.3
      vertex 13.8821 -0.988462 2.7
      vertex 13.8625 -0.987499 2.7
    endloop
  endfacet
  facet normal -0.0490735 -0.998795 -0
    outer loop
      vertex 13.8821 -0.988462 2.7
      vertex 13.8625 -0.987499 2.3
      vertex 13.8821 -0.988462 2.3
    endloop
  endfacet
  facet normal 0.969661 -0.244452 0
    outer loop
      vertex -14.0587 -1.14848 2.7
      vertex -14.0539 -1.12944 2.3
      vertex -14.0539 -1.12944 2.7
    endloop
  endfacet
  facet normal 0.969661 -0.244452 0
    outer loop
      vertex -14.0539 -1.12944 2.3
      vertex -14.0587 -1.14848 2.7
      vertex -14.0587 -1.14848 2.3
    endloop
  endfacet
  facet normal 0.941742 -0.336336 0
    outer loop
      vertex -14.0539 -1.12944 2.7
      vertex -14.0473 -1.11096 2.3
      vertex -14.0473 -1.11096 2.7
    endloop
  endfacet
  facet normal 0.941742 -0.336336 0
    outer loop
      vertex -14.0473 -1.11096 2.3
      vertex -14.0539 -1.12944 2.7
      vertex -14.0539 -1.12944 2.3
    endloop
  endfacet
  facet normal 0.857448 -0.514571 0
    outer loop
      vertex -14.0389 -1.09322 2.7
      vertex -14.0288 -1.07639 2.3
      vertex -14.0288 -1.07639 2.7
    endloop
  endfacet
  facet normal 0.857448 -0.514571 0
    outer loop
      vertex -14.0288 -1.07639 2.3
      vertex -14.0389 -1.09322 2.7
      vertex -14.0389 -1.09322 2.3
    endloop
  endfacet
  facet normal -0.242249 -0.970214 0
    outer loop
      vertex 13.9015 -0.991343 2.3
      vertex 13.9206 -0.996112 2.7
      vertex 13.9015 -0.991343 2.7
    endloop
  endfacet
  facet normal -0.242249 -0.970214 -0
    outer loop
      vertex 13.9206 -0.996112 2.7
      vertex 13.9015 -0.991343 2.3
      vertex 13.9206 -0.996112 2.3
    endloop
  endfacet
  facet normal 0.0490735 -0.998795 0
    outer loop
      vertex -13.8821 -0.988462 2.3
      vertex -13.8625 -0.987499 2.7
      vertex -13.8821 -0.988462 2.7
    endloop
  endfacet
  facet normal 0.0490735 -0.998795 0
    outer loop
      vertex -13.8625 -0.987499 2.7
      vertex -13.8821 -0.988462 2.3
      vertex -13.8625 -0.987499 2.3
    endloop
  endfacet
  facet normal -0.426775 -0.904358 0
    outer loop
      vertex 13.939 -1.00272 2.3
      vertex 13.9568 -1.01112 2.7
      vertex 13.939 -1.00272 2.7
    endloop
  endfacet
  facet normal -0.426775 -0.904358 -0
    outer loop
      vertex 13.9568 -1.01112 2.7
      vertex 13.939 -1.00272 2.3
      vertex 13.9568 -1.01112 2.3
    endloop
  endfacet
  facet normal -0.998701 -0.0509541 0
    outer loop
      vertex 14.0625 -1.1875 2.3
      vertex 14.0615 -1.1679 2.7
      vertex 14.0615 -1.1679 2.3
    endloop
  endfacet
  facet normal -0.998701 -0.0509541 0
    outer loop
      vertex 14.0615 -1.1679 2.7
      vertex 14.0625 -1.1875 2.3
      vertex 14.0625 -1.1875 2.7
    endloop
  endfacet
  facet normal 0.146894 -0.989152 0
    outer loop
      vertex -13.9015 -0.991343 2.3
      vertex -13.8821 -0.988462 2.7
      vertex -13.9015 -0.991343 2.7
    endloop
  endfacet
  facet normal 0.146894 -0.989152 0
    outer loop
      vertex -13.8821 -0.988462 2.7
      vertex -13.9015 -0.991343 2.3
      vertex -13.8821 -0.988462 2.3
    endloop
  endfacet
  facet normal -0.857448 -0.514571 0
    outer loop
      vertex 14.0389 -1.09322 2.3
      vertex 14.0288 -1.07639 2.7
      vertex 14.0288 -1.07639 2.3
    endloop
  endfacet
  facet normal -0.857448 -0.514571 0
    outer loop
      vertex 14.0288 -1.07639 2.7
      vertex 14.0389 -1.09322 2.3
      vertex 14.0389 -1.09322 2.7
    endloop
  endfacet
  facet normal -0.594777 -0.803891 0
    outer loop
      vertex 13.9736 -1.02121 2.3
      vertex 13.9894 -1.0329 2.7
      vertex 13.9736 -1.02121 2.7
    endloop
  endfacet
  facet normal -0.594777 -0.803891 -0
    outer loop
      vertex 13.9894 -1.0329 2.7
      vertex 13.9736 -1.02121 2.3
      vertex 13.9894 -1.0329 2.3
    endloop
  endfacet
  facet normal 0.594777 -0.803891 0
    outer loop
      vertex -13.9894 -1.0329 2.3
      vertex -13.9736 -1.02121 2.7
      vertex -13.9894 -1.0329 2.7
    endloop
  endfacet
  facet normal 0.594777 -0.803891 0
    outer loop
      vertex -13.9736 -1.02121 2.7
      vertex -13.9894 -1.0329 2.3
      vertex -13.9736 -1.02121 2.3
    endloop
  endfacet
  facet normal 0.242297 0.970202 -0
    outer loop
      vertex -13.9015 -1.38366 2.3
      vertex -13.9206 -1.37889 2.7
      vertex -13.9015 -1.38366 2.7
    endloop
  endfacet
  facet normal 0.242297 0.970202 0
    outer loop
      vertex -13.9206 -1.37889 2.7
      vertex -13.9015 -1.38366 2.3
      vertex -13.9206 -1.37889 2.3
    endloop
  endfacet
  facet normal 0.803106 0.595836 0
    outer loop
      vertex -14.0171 -1.31438 2.7
      vertex -14.0288 -1.29861 2.3
      vertex -14.0288 -1.29861 2.7
    endloop
  endfacet
  facet normal 0.803106 0.595836 0
    outer loop
      vertex -14.0288 -1.29861 2.3
      vertex -14.0171 -1.31438 2.7
      vertex -14.0171 -1.31438 2.3
    endloop
  endfacet
  facet normal -0.989765 -0.142706 0
    outer loop
      vertex 14.0615 -1.1679 2.3
      vertex 14.0587 -1.14848 2.7
      vertex 14.0587 -1.14848 2.3
    endloop
  endfacet
  facet normal -0.989765 -0.142706 0
    outer loop
      vertex 14.0587 -1.14848 2.7
      vertex 14.0615 -1.1679 2.3
      vertex 14.0615 -1.1679 2.7
    endloop
  endfacet
  facet normal 0.989765 -0.142706 0
    outer loop
      vertex -14.0615 -1.1679 2.7
      vertex -14.0587 -1.14848 2.3
      vertex -14.0587 -1.14848 2.7
    endloop
  endfacet
  facet normal 0.989765 -0.142706 0
    outer loop
      vertex -14.0587 -1.14848 2.3
      vertex -14.0615 -1.1679 2.7
      vertex -14.0615 -1.1679 2.3
    endloop
  endfacet
  facet normal 0.998701 -0.0509541 0
    outer loop
      vertex -14.0625 -1.1875 2.7
      vertex -14.0615 -1.1679 2.3
      vertex -14.0615 -1.1679 2.7
    endloop
  endfacet
  facet normal 0.998701 -0.0509541 0
    outer loop
      vertex -14.0615 -1.1679 2.3
      vertex -14.0625 -1.1875 2.7
      vertex -14.0625 -1.1875 2.3
    endloop
  endfacet
  facet normal -0.740401 0.672166 0
    outer loop
      vertex 14.0039 -1.32892 2.3
      vertex 14.0171 -1.31438 2.7
      vertex 14.0171 -1.31438 2.3
    endloop
  endfacet
  facet normal -0.740401 0.672166 0
    outer loop
      vertex 14.0171 -1.31438 2.7
      vertex 14.0039 -1.32892 2.3
      vertex 14.0039 -1.32892 2.7
    endloop
  endfacet
  facet normal -0.146844 0.98916 0
    outer loop
      vertex 13.9015 -1.38366 2.3
      vertex 13.8821 -1.38654 2.7
      vertex 13.9015 -1.38366 2.7
    endloop
  endfacet
  facet normal -0.146844 0.98916 0
    outer loop
      vertex 13.8821 -1.38654 2.7
      vertex 13.9015 -1.38366 2.3
      vertex 13.8821 -1.38654 2.3
    endloop
  endfacet
  facet normal 0.337995 -0.941148 0
    outer loop
      vertex -13.939 -1.00272 2.3
      vertex -13.9206 -0.996112 2.7
      vertex -13.939 -1.00272 2.7
    endloop
  endfacet
  facet normal 0.337995 -0.941148 0
    outer loop
      vertex -13.9206 -0.996112 2.7
      vertex -13.939 -1.00272 2.3
      vertex -13.9206 -0.996112 2.3
    endloop
  endfacet
  facet normal -0.672622 -0.739986 0
    outer loop
      vertex 13.9894 -1.0329 2.3
      vertex 14.0039 -1.04608 2.7
      vertex 13.9894 -1.0329 2.7
    endloop
  endfacet
  facet normal -0.672622 -0.739986 -0
    outer loop
      vertex 14.0039 -1.04608 2.7
      vertex 13.9894 -1.0329 2.3
      vertex 14.0039 -1.04608 2.3
    endloop
  endfacet
  facet normal -0.969661 0.244452 0
    outer loop
      vertex 14.0539 -1.24556 2.3
      vertex 14.0587 -1.22652 2.7
      vertex 14.0587 -1.22652 2.3
    endloop
  endfacet
  facet normal -0.969661 0.244452 0
    outer loop
      vertex 14.0587 -1.22652 2.7
      vertex 14.0539 -1.24556 2.3
      vertex 14.0539 -1.24556 2.7
    endloop
  endfacet
  facet normal 0.242249 -0.970214 0
    outer loop
      vertex -13.9206 -0.996112 2.3
      vertex -13.9015 -0.991343 2.7
      vertex -13.9206 -0.996112 2.7
    endloop
  endfacet
  facet normal 0.242249 -0.970214 0
    outer loop
      vertex -13.9015 -0.991343 2.7
      vertex -13.9206 -0.996112 2.3
      vertex -13.9015 -0.991343 2.3
    endloop
  endfacet
  facet normal -0.514871 -0.857268 0
    outer loop
      vertex 13.9568 -1.01112 2.3
      vertex 13.9736 -1.02121 2.7
      vertex 13.9568 -1.01112 2.7
    endloop
  endfacet
  facet normal -0.514871 -0.857268 -0
    outer loop
      vertex 13.9736 -1.02121 2.7
      vertex 13.9568 -1.01112 2.3
      vertex 13.9736 -1.02121 2.3
    endloop
  endfacet
  facet normal 0.9038 -0.427955 0
    outer loop
      vertex -14.0473 -1.11096 2.7
      vertex -14.0389 -1.09322 2.3
      vertex -14.0389 -1.09322 2.7
    endloop
  endfacet
  facet normal 0.9038 -0.427955 0
    outer loop
      vertex -14.0389 -1.09322 2.3
      vertex -14.0473 -1.11096 2.7
      vertex -14.0473 -1.11096 2.3
    endloop
  endfacet
  facet normal -0.514871 0.857268 0
    outer loop
      vertex 13.9736 -1.35379 2.3
      vertex 13.9568 -1.36388 2.7
      vertex 13.9736 -1.35379 2.7
    endloop
  endfacet
  facet normal -0.514871 0.857268 0
    outer loop
      vertex 13.9568 -1.36388 2.7
      vertex 13.9736 -1.35379 2.3
      vertex 13.9568 -1.36388 2.3
    endloop
  endfacet
  facet normal -0.941742 -0.336336 0
    outer loop
      vertex 14.0539 -1.12944 2.3
      vertex 14.0473 -1.11096 2.7
      vertex 14.0473 -1.11096 2.3
    endloop
  endfacet
  facet normal -0.941742 -0.336336 0
    outer loop
      vertex 14.0473 -1.11096 2.7
      vertex 14.0539 -1.12944 2.3
      vertex 14.0539 -1.12944 2.7
    endloop
  endfacet
  facet normal -0.594777 0.803891 0
    outer loop
      vertex 13.9894 -1.3421 2.3
      vertex 13.9736 -1.35379 2.7
      vertex 13.9894 -1.3421 2.7
    endloop
  endfacet
  facet normal -0.594777 0.803891 0
    outer loop
      vertex 13.9736 -1.35379 2.7
      vertex 13.9894 -1.3421 2.3
      vertex 13.9736 -1.35379 2.3
    endloop
  endfacet
  facet normal 0.740401 0.672166 0
    outer loop
      vertex -14.0039 -1.32892 2.7
      vertex -14.0171 -1.31438 2.3
      vertex -14.0171 -1.31438 2.7
    endloop
  endfacet
  facet normal 0.740401 0.672166 0
    outer loop
      vertex -14.0171 -1.31438 2.3
      vertex -14.0039 -1.32892 2.7
      vertex -14.0039 -1.32892 2.3
    endloop
  endfacet
  facet normal -0.426775 0.904358 0
    outer loop
      vertex 13.9568 -1.36388 2.3
      vertex 13.939 -1.37228 2.7
      vertex 13.9568 -1.36388 2.7
    endloop
  endfacet
  facet normal -0.426775 0.904358 0
    outer loop
      vertex 13.939 -1.37228 2.7
      vertex 13.9568 -1.36388 2.3
      vertex 13.939 -1.37228 2.3
    endloop
  endfacet
  facet normal -0.740401 -0.672166 0
    outer loop
      vertex 14.0171 -1.06062 2.3
      vertex 14.0039 -1.04608 2.7
      vertex 14.0039 -1.04608 2.3
    endloop
  endfacet
  facet normal -0.740401 -0.672166 0
    outer loop
      vertex 14.0039 -1.04608 2.7
      vertex 14.0171 -1.06062 2.3
      vertex 14.0171 -1.06062 2.7
    endloop
  endfacet
  facet normal -0.242297 0.970202 0
    outer loop
      vertex 13.9206 -1.37889 2.3
      vertex 13.9015 -1.38366 2.7
      vertex 13.9206 -1.37889 2.7
    endloop
  endfacet
  facet normal -0.242297 0.970202 0
    outer loop
      vertex 13.9015 -1.38366 2.7
      vertex 13.9206 -1.37889 2.3
      vertex 13.9015 -1.38366 2.3
    endloop
  endfacet
  facet normal -0.803106 -0.595836 0
    outer loop
      vertex 14.0288 -1.07639 2.3
      vertex 14.0171 -1.06062 2.7
      vertex 14.0171 -1.06062 2.3
    endloop
  endfacet
  facet normal -0.803106 -0.595836 0
    outer loop
      vertex 14.0171 -1.06062 2.7
      vertex 14.0288 -1.07639 2.3
      vertex 14.0288 -1.07639 2.7
    endloop
  endfacet
  facet normal -0.146894 -0.989152 0
    outer loop
      vertex 13.8821 -0.988462 2.3
      vertex 13.9015 -0.991343 2.7
      vertex 13.8821 -0.988462 2.7
    endloop
  endfacet
  facet normal -0.146894 -0.989152 -0
    outer loop
      vertex 13.9015 -0.991343 2.7
      vertex 13.8821 -0.988462 2.3
      vertex 13.9015 -0.991343 2.3
    endloop
  endfacet
  facet normal -0.941742 0.336336 0
    outer loop
      vertex 14.0473 -1.26404 2.3
      vertex 14.0539 -1.24556 2.7
      vertex 14.0539 -1.24556 2.3
    endloop
  endfacet
  facet normal -0.941742 0.336336 0
    outer loop
      vertex 14.0539 -1.24556 2.7
      vertex 14.0473 -1.26404 2.3
      vertex 14.0473 -1.26404 2.7
    endloop
  endfacet
  facet normal -0.9038 0.427955 0
    outer loop
      vertex 14.0389 -1.28178 2.3
      vertex 14.0473 -1.26404 2.7
      vertex 14.0473 -1.26404 2.3
    endloop
  endfacet
  facet normal -0.9038 0.427955 0
    outer loop
      vertex 14.0473 -1.26404 2.7
      vertex 14.0389 -1.28178 2.3
      vertex 14.0389 -1.28178 2.7
    endloop
  endfacet
  facet normal 0.9038 0.427955 0
    outer loop
      vertex -14.0389 -1.28178 2.7
      vertex -14.0473 -1.26404 2.3
      vertex -14.0473 -1.26404 2.7
    endloop
  endfacet
  facet normal 0.9038 0.427955 0
    outer loop
      vertex -14.0473 -1.26404 2.3
      vertex -14.0389 -1.28178 2.7
      vertex -14.0389 -1.28178 2.3
    endloop
  endfacet
  facet normal 0.0489209 0.998803 -0
    outer loop
      vertex -13.8625 -1.3875 2.3
      vertex -13.8821 -1.38654 2.7
      vertex -13.8625 -1.3875 2.7
    endloop
  endfacet
  facet normal 0.0489209 0.998803 0
    outer loop
      vertex -13.8821 -1.38654 2.7
      vertex -13.8625 -1.3875 2.3
      vertex -13.8821 -1.38654 2.3
    endloop
  endfacet
  facet normal 0.338085 0.941115 -0
    outer loop
      vertex -13.9206 -1.37889 2.3
      vertex -13.939 -1.37228 2.7
      vertex -13.9206 -1.37889 2.7
    endloop
  endfacet
  facet normal 0.338085 0.941115 0
    outer loop
      vertex -13.939 -1.37228 2.7
      vertex -13.9206 -1.37889 2.3
      vertex -13.939 -1.37228 2.3
    endloop
  endfacet
  facet normal -0.672622 0.739986 0
    outer loop
      vertex 14.0039 -1.32892 2.3
      vertex 13.9894 -1.3421 2.7
      vertex 14.0039 -1.32892 2.7
    endloop
  endfacet
  facet normal -0.672622 0.739986 0
    outer loop
      vertex 13.9894 -1.3421 2.7
      vertex 14.0039 -1.32892 2.3
      vertex 13.9894 -1.3421 2.3
    endloop
  endfacet
  facet normal 0.857448 0.514571 0
    outer loop
      vertex -14.0288 -1.29861 2.7
      vertex -14.0389 -1.28178 2.3
      vertex -14.0389 -1.28178 2.7
    endloop
  endfacet
  facet normal 0.857448 0.514571 0
    outer loop
      vertex -14.0389 -1.28178 2.3
      vertex -14.0288 -1.29861 2.7
      vertex -14.0288 -1.29861 2.3
    endloop
  endfacet
  facet normal 0.594777 0.803891 -0
    outer loop
      vertex -13.9736 -1.35379 2.3
      vertex -13.9894 -1.3421 2.7
      vertex -13.9736 -1.35379 2.7
    endloop
  endfacet
  facet normal 0.594777 0.803891 0
    outer loop
      vertex -13.9894 -1.3421 2.7
      vertex -13.9736 -1.35379 2.3
      vertex -13.9894 -1.3421 2.3
    endloop
  endfacet
  facet normal 0.672622 0.739986 -0
    outer loop
      vertex -13.9894 -1.3421 2.3
      vertex -14.0039 -1.32892 2.7
      vertex -13.9894 -1.3421 2.7
    endloop
  endfacet
  facet normal 0.672622 0.739986 0
    outer loop
      vertex -14.0039 -1.32892 2.7
      vertex -13.9894 -1.3421 2.3
      vertex -14.0039 -1.32892 2.3
    endloop
  endfacet
  facet normal 0 0 1
    outer loop
      vertex 14.0615 -1.1679 2.3
      vertex 14.0615 -1.2071 2.3
      vertex 14.0625 -1.1875 2.3
    endloop
  endfacet
  facet normal 0 0 1
    outer loop
      vertex 14.0587 -1.14848 2.3
      vertex 14.0615 -1.2071 2.3
      vertex 14.0615 -1.1679 2.3
    endloop
  endfacet
  facet normal 0 0 1
    outer loop
      vertex 14.0587 -1.14848 2.3
      vertex 14.0587 -1.22652 2.3
      vertex 14.0615 -1.2071 2.3
    endloop
  endfacet
  facet normal 0 0 1
    outer loop
      vertex 14.0539 -1.12944 2.3
      vertex 14.0587 -1.22652 2.3
      vertex 14.0587 -1.14848 2.3
    endloop
  endfacet
  facet normal 0 0 1
    outer loop
      vertex 14.0539 -1.12944 2.3
      vertex 14.0539 -1.24556 2.3
      vertex 14.0587 -1.22652 2.3
    endloop
  endfacet
  facet normal 0 0 1
    outer loop
      vertex 14.0473 -1.11096 2.3
      vertex 14.0539 -1.24556 2.3
      vertex 14.0539 -1.12944 2.3
    endloop
  endfacet
  facet normal 0 0 1
    outer loop
      vertex 14.0473 -1.11096 2.3
      vertex 14.0473 -1.26404 2.3
      vertex 14.0539 -1.24556 2.3
    endloop
  endfacet
  facet normal 0 0 1
    outer loop
      vertex 14.0389 -1.09322 2.3
      vertex 14.0473 -1.26404 2.3
      vertex 14.0473 -1.11096 2.3
    endloop
  endfacet
  facet normal 0 0 1
    outer loop
      vertex 14.0389 -1.09322 2.3
      vertex 14.0389 -1.28178 2.3
      vertex 14.0473 -1.26404 2.3
    endloop
  endfacet
  facet normal 0 0 1
    outer loop
      vertex 14.0288 -1.07639 2.3
      vertex 14.0389 -1.28178 2.3
      vertex 14.0389 -1.09322 2.3
    endloop
  endfacet
  facet normal 0 0 1
    outer loop
      vertex 14.0288 -1.07639 2.3
      vertex 14.0288 -1.29861 2.3
      vertex 14.0389 -1.28178 2.3
    endloop
  endfacet
  facet normal 0 0 1
    outer loop
      vertex 14.0171 -1.06062 2.3
      vertex 14.0288 -1.29861 2.3
      vertex 14.0288 -1.07639 2.3
    endloop
  endfacet
  facet normal 0 0 1
    outer loop
      vertex 14.0171 -1.06062 2.3
      vertex 14.0171 -1.31438 2.3
      vertex 14.0288 -1.29861 2.3
    endloop
  endfacet
  facet normal 0 0 1
    outer loop
      vertex 14.0039 -1.04608 2.3
      vertex 14.0171 -1.31438 2.3
      vertex 14.0171 -1.06062 2.3
    endloop
  endfacet
  facet normal 0 0 1
    outer loop
      vertex 14.0039 -1.04608 2.3
      vertex 14.0039 -1.32892 2.3
      vertex 14.0171 -1.31438 2.3
    endloop
  endfacet
  facet normal 0 0 1
    outer loop
      vertex 13.9894 -1.0329 2.3
      vertex 14.0039 -1.32892 2.3
      vertex 14.0039 -1.04608 2.3
    endloop
  endfacet
  facet normal 0 0 1
    outer loop
      vertex 13.9894 -1.0329 2.3
      vertex 13.9894 -1.3421 2.3
      vertex 14.0039 -1.32892 2.3
    endloop
  endfacet
  facet normal 0 0 1
    outer loop
      vertex 13.9736 -1.02121 2.3
      vertex 13.9894 -1.3421 2.3
      vertex 13.9894 -1.0329 2.3
    endloop
  endfacet
  facet normal 0 0 1
    outer loop
      vertex 13.9736 -1.02121 2.3
      vertex 13.9736 -1.35379 2.3
      vertex 13.9894 -1.3421 2.3
    endloop
  endfacet
  facet normal 0 0 1
    outer loop
      vertex 13.9568 -1.01112 2.3
      vertex 13.9736 -1.35379 2.3
      vertex 13.9736 -1.02121 2.3
    endloop
  endfacet
  facet normal 0 0 1
    outer loop
      vertex 13.9568 -1.01112 2.3
      vertex 13.9568 -1.36388 2.3
      vertex 13.9736 -1.35379 2.3
    endloop
  endfacet
  facet normal 0 0 1
    outer loop
      vertex 13.939 -1.00272 2.3
      vertex 13.9568 -1.36388 2.3
      vertex 13.9568 -1.01112 2.3
    endloop
  endfacet
  facet normal 0 0 1
    outer loop
      vertex 13.939 -1.00272 2.3
      vertex 13.939 -1.37228 2.3
      vertex 13.9568 -1.36388 2.3
    endloop
  endfacet
  facet normal 0 0 1
    outer loop
      vertex 13.9206 -0.996112 2.3
      vertex 13.939 -1.37228 2.3
      vertex 13.939 -1.00272 2.3
    endloop
  endfacet
  facet normal 0 0 1
    outer loop
      vertex 13.9206 -0.996112 2.3
      vertex 13.9206 -1.37889 2.3
      vertex 13.939 -1.37228 2.3
    endloop
  endfacet
  facet normal 0 0 1
    outer loop
      vertex 13.9015 -0.991343 2.3
      vertex 13.9206 -1.37889 2.3
      vertex 13.9206 -0.996112 2.3
    endloop
  endfacet
  facet normal 0 0 1
    outer loop
      vertex 13.9015 -0.991343 2.3
      vertex 13.9015 -1.38366 2.3
      vertex 13.9206 -1.37889 2.3
    endloop
  endfacet
  facet normal 0 0 1
    outer loop
      vertex 13.8821 -0.988462 2.3
      vertex 13.9015 -1.38366 2.3
      vertex 13.9015 -0.991343 2.3
    endloop
  endfacet
  facet normal 0 0 1
    outer loop
      vertex 13.8821 -0.988462 2.3
      vertex 13.8821 -1.38654 2.3
      vertex 13.9015 -1.38366 2.3
    endloop
  endfacet
  facet normal 0 0 1
    outer loop
      vertex 13.8625 -0.987499 2.3
      vertex 13.8821 -1.38654 2.3
      vertex 13.8821 -0.988462 2.3
    endloop
  endfacet
  facet normal 0 0 1
    outer loop
      vertex 13.8625 -0.987499 2.3
      vertex 13.8625 -1.3875 2.3
      vertex 13.8821 -1.38654 2.3
    endloop
  endfacet
  facet normal -0 0 1
    outer loop
      vertex -13.8625 -0.987499 2.3
      vertex 13.8625 -1.3875 2.3
      vertex 13.8625 -0.987499 2.3
    endloop
  endfacet
  facet normal 0 0 1
    outer loop
      vertex -13.8625 -0.987499 2.3
      vertex -13.8625 -1.3875 2.3
      vertex 13.8625 -1.3875 2.3
    endloop
  endfacet
  facet normal -0 0 1
    outer loop
      vertex -13.8821 -0.988462 2.3
      vertex -13.8625 -1.3875 2.3
      vertex -13.8625 -0.987499 2.3
    endloop
  endfacet
  facet normal 0 0 1
    outer loop
      vertex -13.8821 -0.988462 2.3
      vertex -13.8821 -1.38654 2.3
      vertex -13.8625 -1.3875 2.3
    endloop
  endfacet
  facet normal -0 0 1
    outer loop
      vertex -13.9015 -0.991343 2.3
      vertex -13.8821 -1.38654 2.3
      vertex -13.8821 -0.988462 2.3
    endloop
  endfacet
  facet normal 0 0 1
    outer loop
      vertex -13.9015 -0.991343 2.3
      vertex -13.9015 -1.38366 2.3
      vertex -13.8821 -1.38654 2.3
    endloop
  endfacet
  facet normal -0 0 1
    outer loop
      vertex -13.9206 -0.996112 2.3
      vertex -13.9015 -1.38366 2.3
      vertex -13.9015 -0.991343 2.3
    endloop
  endfacet
  facet normal 0 0 1
    outer loop
      vertex -13.9206 -0.996112 2.3
      vertex -13.9206 -1.37889 2.3
      vertex -13.9015 -1.38366 2.3
    endloop
  endfacet
  facet normal -0 0 1
    outer loop
      vertex -13.939 -1.00272 2.3
      vertex -13.9206 -1.37889 2.3
      vertex -13.9206 -0.996112 2.3
    endloop
  endfacet
  facet normal 0 0 1
    outer loop
      vertex -13.939 -1.00272 2.3
      vertex -13.939 -1.37228 2.3
      vertex -13.9206 -1.37889 2.3
    endloop
  endfacet
  facet normal -0 0 1
    outer loop
      vertex -13.9568 -1.01112 2.3
      vertex -13.939 -1.37228 2.3
      vertex -13.939 -1.00272 2.3
    endloop
  endfacet
  facet normal 0 0 1
    outer loop
      vertex -13.9568 -1.01112 2.3
      vertex -13.9568 -1.36388 2.3
      vertex -13.939 -1.37228 2.3
    endloop
  endfacet
  facet normal -0 0 1
    outer loop
      vertex -13.9736 -1.02121 2.3
      vertex -13.9568 -1.36388 2.3
      vertex -13.9568 -1.01112 2.3
    endloop
  endfacet
  facet normal 0 0 1
    outer loop
      vertex -13.9736 -1.02121 2.3
      vertex -13.9736 -1.35379 2.3
      vertex -13.9568 -1.36388 2.3
    endloop
  endfacet
  facet normal -0 0 1
    outer loop
      vertex -13.9894 -1.0329 2.3
      vertex -13.9736 -1.35379 2.3
      vertex -13.9736 -1.02121 2.3
    endloop
  endfacet
  facet normal 0 0 1
    outer loop
      vertex -13.9894 -1.0329 2.3
      vertex -13.9894 -1.3421 2.3
      vertex -13.9736 -1.35379 2.3
    endloop
  endfacet
  facet normal -0 0 1
    outer loop
      vertex -14.0039 -1.04608 2.3
      vertex -13.9894 -1.3421 2.3
      vertex -13.9894 -1.0329 2.3
    endloop
  endfacet
  facet normal 0 0 1
    outer loop
      vertex -14.0039 -1.04608 2.3
      vertex -14.0039 -1.32892 2.3
      vertex -13.9894 -1.3421 2.3
    endloop
  endfacet
  facet normal -0 0 1
    outer loop
      vertex -14.0171 -1.06062 2.3
      vertex -14.0039 -1.32892 2.3
      vertex -14.0039 -1.04608 2.3
    endloop
  endfacet
  facet normal 0 0 1
    outer loop
      vertex -14.0171 -1.06062 2.3
      vertex -14.0171 -1.31438 2.3
      vertex -14.0039 -1.32892 2.3
    endloop
  endfacet
  facet normal -0 0 1
    outer loop
      vertex -14.0288 -1.07639 2.3
      vertex -14.0171 -1.31438 2.3
      vertex -14.0171 -1.06062 2.3
    endloop
  endfacet
  facet normal 0 0 1
    outer loop
      vertex -14.0288 -1.07639 2.3
      vertex -14.0288 -1.29861 2.3
      vertex -14.0171 -1.31438 2.3
    endloop
  endfacet
  facet normal -0 0 1
    outer loop
      vertex -14.0389 -1.09322 2.3
      vertex -14.0288 -1.29861 2.3
      vertex -14.0288 -1.07639 2.3
    endloop
  endfacet
  facet normal 0 0 1
    outer loop
      vertex -14.0389 -1.09322 2.3
      vertex -14.0389 -1.28178 2.3
      vertex -14.0288 -1.29861 2.3
    endloop
  endfacet
  facet normal -0 0 1
    outer loop
      vertex -14.0473 -1.11096 2.3
      vertex -14.0389 -1.28178 2.3
      vertex -14.0389 -1.09322 2.3
    endloop
  endfacet
  facet normal 0 0 1
    outer loop
      vertex -14.0473 -1.11096 2.3
      vertex -14.0473 -1.26404 2.3
      vertex -14.0389 -1.28178 2.3
    endloop
  endfacet
  facet normal -0 0 1
    outer loop
      vertex -14.0539 -1.12944 2.3
      vertex -14.0473 -1.26404 2.3
      vertex -14.0473 -1.11096 2.3
    endloop
  endfacet
  facet normal 0 0 1
    outer loop
      vertex -14.0539 -1.12944 2.3
      vertex -14.0539 -1.24556 2.3
      vertex -14.0473 -1.26404 2.3
    endloop
  endfacet
  facet normal -0 0 1
    outer loop
      vertex -14.0587 -1.14848 2.3
      vertex -14.0539 -1.24556 2.3
      vertex -14.0539 -1.12944 2.3
    endloop
  endfacet
  facet normal 0 0 1
    outer loop
      vertex -14.0587 -1.14848 2.3
      vertex -14.0587 -1.22652 2.3
      vertex -14.0539 -1.24556 2.3
    endloop
  endfacet
  facet normal -0 0 1
    outer loop
      vertex -14.0615 -1.1679 2.3
      vertex -14.0587 -1.22652 2.3
      vertex -14.0587 -1.14848 2.3
    endloop
  endfacet
  facet normal 0 0 1
    outer loop
      vertex -14.0615 -1.1679 2.3
      vertex -14.0615 -1.2071 2.3
      vertex -14.0587 -1.22652 2.3
    endloop
  endfacet
  facet normal 0 -0 1
    outer loop
      vertex -14.0615 -1.2071 2.3
      vertex -14.0615 -1.1679 2.3
      vertex -14.0625 -1.1875 2.3
    endloop
  endfacet
  facet normal 0.941742 0.336336 0
    outer loop
      vertex -14.0473 -1.26404 2.7
      vertex -14.0539 -1.24556 2.3
      vertex -14.0539 -1.24556 2.7
    endloop
  endfacet
  facet normal 0.941742 0.336336 0
    outer loop
      vertex -14.0539 -1.24556 2.3
      vertex -14.0473 -1.26404 2.7
      vertex -14.0473 -1.26404 2.3
    endloop
  endfacet
  facet normal -0 0 1
    outer loop
      vertex 0.968185 -15.2911 2.3
      vertex 1.38326 -15.3176 2.3
      vertex 1.37979 -15.2319 2.3
    endloop
  endfacet
  facet normal 0 -0 1
    outer loop
      vertex 0.970276 -15.3438 2.3
      vertex 1.38326 -15.3176 2.3
      vertex 0.968185 -15.2911 2.3
    endloop
  endfacet
  facet normal 0 0 1
    outer loop
      vertex 1.38239 -15.359 2.3
      vertex 0.970276 -15.3438 2.3
      vertex 1.37979 -15.3999 2.3
    endloop
  endfacet
  facet normal 0 0 1
    outer loop
      vertex 0.961884 -15.2406 2.3
      vertex 1.37979 -15.2319 2.3
      vertex 1.3694 -15.15 2.3
    endloop
  endfacet
  facet normal 0 0 1
    outer loop
      vertex 1.38326 -15.3176 2.3
      vertex 0.970276 -15.3438 2.3
      vertex 1.38239 -15.359 2.3
    endloop
  endfacet
  facet normal 0 0 1
    outer loop
      vertex 1.37979 -15.3999 2.3
      vertex 0.969315 -15.3769 2.3
      vertex 1.37546 -15.4403 2.3
    endloop
  endfacet
  facet normal 0 0 1
    outer loop
      vertex 0.951401 -15.1923 2.3
      vertex 1.3694 -15.15 2.3
      vertex 1.35207 -15.0721 2.3
    endloop
  endfacet
  facet normal -0 0 1
    outer loop
      vertex 0.969315 -15.3769 2.3
      vertex 1.37979 -15.3999 2.3
      vertex 0.970276 -15.3438 2.3
    endloop
  endfacet
  facet normal 0 0 1
    outer loop
      vertex 1.37546 -15.4403 2.3
      vertex 0.966415 -15.4101 2.3
      vertex 1.36938 -15.4803 2.3
    endloop
  endfacet
  facet normal 0 0 1
    outer loop
      vertex 0.936722 -15.1462 2.3
      vertex 1.35207 -15.0721 2.3
      vertex 1.3278 -14.998 2.3
    endloop
  endfacet
  facet normal -0 0 1
    outer loop
      vertex 0.966415 -15.4101 2.3
      vertex 1.37546 -15.4403 2.3
      vertex 0.969315 -15.3769 2.3
    endloop
  endfacet
  facet normal 0 0 1
    outer loop
      vertex 1.36938 -15.4803 2.3
      vertex 0.961578 -15.4434 2.3
      vertex 1.36159 -15.5197 2.3
    endloop
  endfacet
  facet normal 0 0 1
    outer loop
      vertex 0.936722 -15.1462 2.3
      vertex 1.3278 -14.998 2.3
      vertex 1.29662 -14.9279 2.3
    endloop
  endfacet
  facet normal 0 0 1
    outer loop
      vertex 1.36159 -15.5197 2.3
      vertex 0.961578 -15.4434 2.3
      vertex 1.35207 -15.5587 2.3
    endloop
  endfacet
  facet normal -0 0 1
    outer loop
      vertex 0.954803 -15.4769 2.3
      vertex 1.35207 -15.5587 2.3
      vertex 0.961578 -15.4434 2.3
    endloop
  endfacet
  facet normal 0 0 1
    outer loop
      vertex 0.917847 -15.1023 2.3
      vertex 1.29662 -14.9279 2.3
      vertex 1.25848 -14.8618 2.3
    endloop
  endfacet
  facet normal 0 0 1
    outer loop
      vertex 1.35207 -15.5587 2.3
      vertex 0.954803 -15.4769 2.3
      vertex 1.34079 -15.5972 2.3
    endloop
  endfacet
  facet normal -0 0 1
    outer loop
      vertex 0.946106 -15.5105 2.3
      vertex 1.34079 -15.5972 2.3
      vertex 0.954803 -15.4769 2.3
    endloop
  endfacet
  facet normal 0 0 1
    outer loop
      vertex 0.894775 -15.0606 2.3
      vertex 1.25848 -14.8618 2.3
      vertex 1.21342 -14.7995 2.3
    endloop
  endfacet
  facet normal 0 0 1
    outer loop
      vertex 1.34079 -15.5972 2.3
      vertex 0.946106 -15.5105 2.3
      vertex 1.32779 -15.6352 2.3
    endloop
  endfacet
  facet normal 0 0 1
    outer loop
      vertex 1.32779 -15.6352 2.3
      vertex 0.946106 -15.5105 2.3
      vertex 1.31306 -15.6728 2.3
    endloop
  endfacet
  facet normal 0 0 1
    outer loop
      vertex 0.867508 -15.0212 2.3
      vertex 1.21342 -14.7995 2.3
      vertex 1.16144 -14.7412 2.3
    endloop
  endfacet
  facet normal -0 0 1
    outer loop
      vertex 0.935471 -15.5442 2.3
      vertex 1.31306 -15.6728 2.3
      vertex 0.946106 -15.5105 2.3
    endloop
  endfacet
  facet normal 0 0 1
    outer loop
      vertex 0.836044 -14.9839 2.3
      vertex 1.16144 -14.7412 2.3
      vertex 1.10252 -14.6867 2.3
    endloop
  endfacet
  facet normal 0 0 1
    outer loop
      vertex 1.31306 -15.6728 2.3
      vertex 0.935471 -15.5442 2.3
      vertex 1.29605 -15.7108 2.3
    endloop
  endfacet
  facet normal -0 0 1
    outer loop
      vertex 0.922897 -15.578 2.3
      vertex 1.29605 -15.7108 2.3
      vertex 0.935471 -15.5442 2.3
    endloop
  endfacet
  facet normal -0 0 1
    outer loop
      vertex 0.908386 -15.612 2.3
      vertex 1.2762 -15.7504 2.3
      vertex 0.922897 -15.578 2.3
    endloop
  endfacet
  facet normal 0 0 1
    outer loop
      vertex 0.800385 -14.9489 2.3
      vertex 1.10252 -14.6867 2.3
      vertex 1.03777 -14.6372 2.3
    endloop
  endfacet
  facet normal 0 0 1
    outer loop
      vertex 1.29605 -15.7108 2.3
      vertex 0.922897 -15.578 2.3
      vertex 1.2762 -15.7504 2.3
    endloop
  endfacet
  facet normal 0 0 1
    outer loop
      vertex 1.2762 -15.7504 2.3
      vertex 0.908386 -15.612 2.3
      vertex 1.25351 -15.7914 2.3
    endloop
  endfacet
  facet normal 0 0 1
    outer loop
      vertex 1.25351 -15.7914 2.3
      vertex 0.908386 -15.612 2.3
      vertex 1.22798 -15.8339 2.3
    endloop
  endfacet
  facet normal 0 0 1
    outer loop
      vertex 0.761368 -14.9169 2.3
      vertex 1.03777 -14.6372 2.3
      vertex 0.968307 -14.5935 2.3
    endloop
  endfacet
  facet normal -0 0 1
    outer loop
      vertex 0.961578 -15.4434 2.3
      vertex 1.36938 -15.4803 2.3
      vertex 0.966415 -15.4101 2.3
    endloop
  endfacet
  facet normal 0 0 1
    outer loop
      vertex 1.37979 -15.2319 2.3
      vertex 0.961884 -15.2406 2.3
      vertex 0.968185 -15.2911 2.3
    endloop
  endfacet
  facet normal 0 0 1
    outer loop
      vertex 1.3694 -15.15 2.3
      vertex 0.951401 -15.1923 2.3
      vertex 0.961884 -15.2406 2.3
    endloop
  endfacet
  facet normal 0 0 1
    outer loop
      vertex 1.35207 -15.0721 2.3
      vertex 0.936722 -15.1462 2.3
      vertex 0.951401 -15.1923 2.3
    endloop
  endfacet
  facet normal 0 0 1
    outer loop
      vertex 1.29662 -14.9279 2.3
      vertex 0.917847 -15.1023 2.3
      vertex 0.936722 -15.1462 2.3
    endloop
  endfacet
  facet normal 0 0 1
    outer loop
      vertex 1.25848 -14.8618 2.3
      vertex 0.894775 -15.0606 2.3
      vertex 0.917847 -15.1023 2.3
    endloop
  endfacet
  facet normal 0 0 1
    outer loop
      vertex 0.719818 -14.8886 2.3
      vertex 0.968307 -14.5935 2.3
      vertex 0.894104 -14.5556 2.3
    endloop
  endfacet
  facet normal 0 0 1
    outer loop
      vertex 1.21342 -14.7995 2.3
      vertex 0.867508 -15.0212 2.3
      vertex 0.894775 -15.0606 2.3
    endloop
  endfacet
  facet normal 0 0 1
    outer loop
      vertex 1.16144 -14.7412 2.3
      vertex 0.836044 -14.9839 2.3
      vertex 0.867508 -15.0212 2.3
    endloop
  endfacet
  facet normal 0 0 1
    outer loop
      vertex 0.675735 -14.8641 2.3
      vertex 0.894104 -14.5556 2.3
      vertex 0.815201 -14.5235 2.3
    endloop
  endfacet
  facet normal 0 0 1
    outer loop
      vertex 1.10252 -14.6867 2.3
      vertex 0.800385 -14.9489 2.3
      vertex 0.836044 -14.9839 2.3
    endloop
  endfacet
  facet normal 0 0 1
    outer loop
      vertex 1.03777 -14.6372 2.3
      vertex 0.761368 -14.9169 2.3
      vertex 0.800385 -14.9489 2.3
    endloop
  endfacet
  facet normal 0 0 1
    outer loop
      vertex 0.629105 -14.8434 2.3
      vertex 0.815201 -14.5235 2.3
      vertex 0.731552 -14.4973 2.3
    endloop
  endfacet
  facet normal 0 0 1
    outer loop
      vertex 0.968307 -14.5935 2.3
      vertex 0.719818 -14.8886 2.3
      vertex 0.761368 -14.9169 2.3
    endloop
  endfacet
  facet normal 0 0 1
    outer loop
      vertex 0.894104 -14.5556 2.3
      vertex 0.675735 -14.8641 2.3
      vertex 0.719818 -14.8886 2.3
    endloop
  endfacet
  facet normal 0 0 1
    outer loop
      vertex 0.579941 -14.8264 2.3
      vertex 0.731552 -14.4973 2.3
      vertex 0.643204 -14.4769 2.3
    endloop
  endfacet
  facet normal 0 0 1
    outer loop
      vertex 0.815201 -14.5235 2.3
      vertex 0.629105 -14.8434 2.3
      vertex 0.675735 -14.8641 2.3
    endloop
  endfacet
  facet normal 0 0 1
    outer loop
      vertex 0.731552 -14.4973 2.3
      vertex 0.579941 -14.8264 2.3
      vertex 0.629105 -14.8434 2.3
    endloop
  endfacet
  facet normal 0 0 1
    outer loop
      vertex 0.528244 -14.8132 2.3
      vertex 0.643204 -14.4769 2.3
      vertex 0.55011 -14.4623 2.3
    endloop
  endfacet
  facet normal 0 0 1
    outer loop
      vertex 0.643204 -14.4769 2.3
      vertex 0.528244 -14.8132 2.3
      vertex 0.579941 -14.8264 2.3
    endloop
  endfacet
  facet normal 0 0 1
    outer loop
      vertex 0.55011 -14.4623 2.3
      vertex 0.473999 -14.8038 2.3
      vertex 0.528244 -14.8132 2.3
    endloop
  endfacet
  facet normal 0 0 1
    outer loop
      vertex 0.452316 -14.4536 2.3
      vertex 0.473999 -14.8038 2.3
      vertex 0.55011 -14.4623 2.3
    endloop
  endfacet
  facet normal 0 0 1
    outer loop
      vertex 0.452316 -14.4536 2.3
      vertex 0.417236 -14.7981 2.3
      vertex 0.473999 -14.8038 2.3
    endloop
  endfacet
  facet normal 0 0 1
    outer loop
      vertex 0.349792 -14.4506 2.3
      vertex 0.417236 -14.7981 2.3
      vertex 0.452316 -14.4536 2.3
    endloop
  endfacet
  facet normal 0 0 1
    outer loop
      vertex 0.417236 -14.7981 2.3
      vertex 0.349792 -14.4506 2.3
      vertex 0.357925 -14.7962 2.3
    endloop
  endfacet
  facet normal 0 0 1
    outer loop
      vertex 0.349792 -14.4506 2.3
      vertex 0.314713 -14.7971 2.3
      vertex 0.357925 -14.7962 2.3
    endloop
  endfacet
  facet normal -0 0 1
    outer loop
      vertex 0.309555 -14.4513 2.3
      vertex 0.314713 -14.7971 2.3
      vertex 0.349792 -14.4506 2.3
    endloop
  endfacet
  facet normal -0 0 1
    outer loop
      vertex 0.268417 -14.4532 2.3
      vertex 0.314713 -14.7971 2.3
      vertex 0.309555 -14.4513 2.3
    endloop
  endfacet
  facet normal 0 0 1
    outer loop
      vertex 0.314713 -14.7971 2.3
      vertex 0.268417 -14.4532 2.3
      vertex 0.270966 -14.7996 2.3
    endloop
  endfacet
  facet normal -0 0 1
    outer loop
      vertex 0.226379 -14.4563 2.3
      vertex 0.270966 -14.7996 2.3
      vertex 0.268417 -14.4532 2.3
    endloop
  endfacet
  facet normal 0 0 1
    outer loop
      vertex 0.270966 -14.7996 2.3
      vertex 0.226379 -14.4563 2.3
      vertex 0.2267 -14.8037 2.3
    endloop
  endfacet
  facet normal -0 0 1
    outer loop
      vertex 0.183426 -14.4607 2.3
      vertex 0.2267 -14.8037 2.3
      vertex 0.226379 -14.4563 2.3
    endloop
  endfacet
  facet normal 0 0 1
    outer loop
      vertex 0.183426 -14.4607 2.3
      vertex 0.181915 -14.8095 2.3
      vertex 0.2267 -14.8037 2.3
    endloop
  endfacet
  facet normal -0 0 1
    outer loop
      vertex 0.139572 -14.4664 2.3
      vertex 0.181915 -14.8095 2.3
      vertex 0.183426 -14.4607 2.3
    endloop
  endfacet
  facet normal -0 0 1
    outer loop
      vertex 0.0948181 -14.4733 2.3
      vertex 0.181915 -14.8095 2.3
      vertex 0.139572 -14.4664 2.3
    endloop
  endfacet
  facet normal 0 0 1
    outer loop
      vertex 0.181915 -14.8095 2.3
      vertex 0.0948181 -14.4733 2.3
      vertex 0.136597 -14.817 2.3
    endloop
  endfacet
  facet normal -0 0 1
    outer loop
      vertex 0.0491486 -14.4814 2.3
      vertex 0.136597 -14.817 2.3
      vertex 0.0948181 -14.4733 2.3
    endloop
  endfacet
  facet normal 0 0 1
    outer loop
      vertex 0.136597 -14.817 2.3
      vertex 0.0491486 -14.4814 2.3
      vertex 0.090744 -14.8261 2.3
    endloop
  endfacet
  facet normal -0 0 1
    outer loop
      vertex 0.00257874 -14.4909 2.3
      vertex 0.090744 -14.8261 2.3
      vertex 0.0491486 -14.4814 2.3
    endloop
  endfacet
  facet normal 0 0 1
    outer loop
      vertex 0.090744 -14.8261 2.3
      vertex 0.00257874 -14.4909 2.3
      vertex 0.0443726 -14.8369 2.3
    endloop
  endfacet
  facet normal -0 0 1
    outer loop
      vertex -0.0448914 -14.5015 2.3
      vertex 0.0443726 -14.8369 2.3
      vertex 0.00257874 -14.4909 2.3
    endloop
  endfacet
  facet normal 0 0 1
    outer loop
      vertex 0.0443726 -14.8369 2.3
      vertex -0.0448914 -14.5015 2.3
      vertex -0.00253296 -14.8493 2.3
    endloop
  endfacet
  facet normal -0 0 1
    outer loop
      vertex -0.0932159 -14.5135 2.3
      vertex -0.00253296 -14.8493 2.3
      vertex -0.0448914 -14.5015 2.3
    endloop
  endfacet
  facet normal -0 0 1
    outer loop
      vertex -0.142334 -14.5266 2.3
      vertex -0.00253296 -14.8493 2.3
      vertex -0.0932159 -14.5135 2.3
    endloop
  endfacet
  facet normal 0 0 1
    outer loop
      vertex -0.00253296 -14.8493 2.3
      vertex -0.142334 -14.5266 2.3
      vertex -0.0499573 -14.8634 2.3
    endloop
  endfacet
  facet normal -0 0 1
    outer loop
      vertex -0.192245 -14.5409 2.3
      vertex -0.0499573 -14.8634 2.3
      vertex -0.142334 -14.5266 2.3
    endloop
  endfacet
  facet normal 0 0 1
    outer loop
      vertex -0.0499573 -14.8634 2.3
      vertex -0.192245 -14.5409 2.3
      vertex -0.0980225 -14.8792 2.3
    endloop
  endfacet
  facet normal -0 0 1
    outer loop
      vertex -0.242981 -14.5565 2.3
      vertex -0.0980225 -14.8792 2.3
      vertex -0.192245 -14.5409 2.3
    endloop
  endfacet
  facet normal 0 0 1
    outer loop
      vertex -0.0980225 -14.8792 2.3
      vertex -0.242981 -14.5565 2.3
      vertex -0.146805 -14.8967 2.3
    endloop
  endfacet
  facet normal -0 0 1
    outer loop
      vertex -0.294525 -14.5732 2.3
      vertex -0.146805 -14.8967 2.3
      vertex -0.242981 -14.5565 2.3
    endloop
  endfacet
  facet normal 0 0 1
    outer loop
      vertex -0.146805 -14.8967 2.3
      vertex -0.294525 -14.5732 2.3
      vertex -0.196304 -14.9159 2.3
    endloop
  endfacet
  facet normal -0 0 1
    outer loop
      vertex -0.346863 -14.5911 2.3
      vertex -0.196304 -14.9159 2.3
      vertex -0.294525 -14.5732 2.3
    endloop
  endfacet
  facet normal 0 0 1
    outer loop
      vertex -0.196304 -14.9159 2.3
      vertex -0.346863 -14.5911 2.3
      vertex -0.246552 -14.9368 2.3
    endloop
  endfacet
  facet normal -0 0 1
    outer loop
      vertex -0.400009 -14.6103 2.3
      vertex -0.246552 -14.9368 2.3
      vertex -0.346863 -14.5911 2.3
    endloop
  endfacet
  facet normal 0 0 1
    outer loop
      vertex -0.246552 -14.9368 2.3
      vertex -0.400009 -14.6103 2.3
      vertex -0.297531 -14.9594 2.3
    endloop
  endfacet
  facet normal -0 0 1
    outer loop
      vertex -0.453949 -14.6307 2.3
      vertex -0.297531 -14.9594 2.3
      vertex -0.400009 -14.6103 2.3
    endloop
  endfacet
  facet normal 0 0 1
    outer loop
      vertex -0.297531 -14.9594 2.3
      vertex -0.453949 -14.6307 2.3
      vertex -0.349228 -14.9837 2.3
    endloop
  endfacet
  facet normal -0 0 1
    outer loop
      vertex -0.508713 -14.6522 2.3
      vertex -0.349228 -14.9837 2.3
      vertex -0.453949 -14.6307 2.3
    endloop
  endfacet
  facet normal 0 0 1
    outer loop
      vertex -0.349228 -14.9837 2.3
      vertex -0.508713 -14.6522 2.3
      vertex -0.401657 -15.0098 2.3
    endloop
  endfacet
  facet normal 0 0 1
    outer loop
      vertex -0.401657 -15.0098 2.3
      vertex -0.508713 -14.6522 2.3
      vertex -0.454819 -15.0375 2.3
    endloop
  endfacet
  facet normal 0 0 1
    outer loop
      vertex -0.454819 -15.0375 2.3
      vertex -0.508713 -14.6522 2.3
      vertex -0.508713 -15.067 2.3
    endloop
  endfacet
  facet normal -0 0 1
    outer loop
      vertex 0.891953 -15.6461 2.3
      vertex 1.22798 -15.8339 2.3
      vertex 0.908386 -15.612 2.3
    endloop
  endfacet
  facet normal 0 0 1
    outer loop
      vertex 1.22798 -15.8339 2.3
      vertex 0.891953 -15.6461 2.3
      vertex 1.19962 -15.8779 2.3
    endloop
  endfacet
  facet normal -0 0 1
    outer loop
      vertex 0.873077 -15.6811 2.3
      vertex 1.19962 -15.8779 2.3
      vertex 0.891953 -15.6461 2.3
    endloop
  endfacet
  facet normal 0 0 1
    outer loop
      vertex 1.19962 -15.8779 2.3
      vertex 0.873077 -15.6811 2.3
      vertex 1.16841 -15.9233 2.3
    endloop
  endfacet
  facet normal -0 0 1
    outer loop
      vertex 0.851257 -15.7177 2.3
      vertex 1.16841 -15.9233 2.3
      vertex 0.873077 -15.6811 2.3
    endloop
  endfacet
  facet normal 0 0 1
    outer loop
      vertex 1.16841 -15.9233 2.3
      vertex 0.851257 -15.7177 2.3
      vertex 1.13437 -15.9703 2.3
    endloop
  endfacet
  facet normal -0 0 1
    outer loop
      vertex 0.826508 -15.7561 2.3
      vertex 1.13437 -15.9703 2.3
      vertex 0.851257 -15.7177 2.3
    endloop
  endfacet
  facet normal 0 0 1
    outer loop
      vertex 1.13437 -15.9703 2.3
      vertex 0.826508 -15.7561 2.3
      vertex 1.09747 -16.0187 2.3
    endloop
  endfacet
  facet normal -0 0 1
    outer loop
      vertex 0.798813 -15.7961 2.3
      vertex 1.09747 -16.0187 2.3
      vertex 0.826508 -15.7561 2.3
    endloop
  endfacet
  facet normal 0 0 1
    outer loop
      vertex 1.09747 -16.0187 2.3
      vertex 0.798813 -15.7961 2.3
      vertex 1.05775 -16.0686 2.3
    endloop
  endfacet
  facet normal -0 0 1
    outer loop
      vertex 0.768188 -15.8379 2.3
      vertex 1.05775 -16.0686 2.3
      vertex 0.798813 -15.7961 2.3
    endloop
  endfacet
  facet normal 0 0 1
    outer loop
      vertex 1.05775 -16.0686 2.3
      vertex 0.768188 -15.8379 2.3
      vertex 1.04372 -16.0845 2.3
    endloop
  endfacet
  facet normal 0 0 1
    outer loop
      vertex 1.04372 -16.0845 2.3
      vertex 0.768188 -15.8379 2.3
      vertex 1.0242 -16.1059 2.3
    endloop
  endfacet
  facet normal -0 0 1
    outer loop
      vertex 0.734634 -15.8813 2.3
      vertex 1.0242 -16.1059 2.3
      vertex 0.768188 -15.8379 2.3
    endloop
  endfacet
  facet normal 0 0 1
    outer loop
      vertex 1.0242 -16.1059 2.3
      vertex 0.734634 -15.8813 2.3
      vertex 0.999222 -16.1327 2.3
    endloop
  endfacet
  facet normal -0 0 1
    outer loop
      vertex 0.69812 -15.9264 2.3
      vertex 0.999222 -16.1327 2.3
      vertex 0.734634 -15.8813 2.3
    endloop
  endfacet
  facet normal 0 0 1
    outer loop
      vertex 0.999222 -16.1327 2.3
      vertex 0.69812 -15.9264 2.3
      vertex 0.96875 -16.1651 2.3
    endloop
  endfacet
  facet normal 0 0 1
    outer loop
      vertex 0.96875 -16.1651 2.3
      vertex 0.69812 -15.9264 2.3
      vertex 0.9328 -16.203 2.3
    endloop
  endfacet
  facet normal -0 0 1
    outer loop
      vertex 0.658691 -15.9732 2.3
      vertex 0.9328 -16.203 2.3
      vertex 0.69812 -15.9264 2.3
    endloop
  endfacet
  facet normal 0 0 1
    outer loop
      vertex 0.9328 -16.203 2.3
      vertex 0.658691 -15.9732 2.3
      vertex 0.891388 -16.2464 2.3
    endloop
  endfacet
  facet normal -0 0 1
    outer loop
      vertex 0.616302 -16.0216 2.3
      vertex 0.891388 -16.2464 2.3
      vertex 0.658691 -15.9732 2.3
    endloop
  endfacet
  facet normal 0 0 1
    outer loop
      vertex 0.891388 -16.2464 2.3
      vertex 0.616302 -16.0216 2.3
      vertex 0.844482 -16.2952 2.3
    endloop
  endfacet
  facet normal -0 0 1
    outer loop
      vertex 0.589539 -16.0514 2.3
      vertex 0.844482 -16.2952 2.3
      vertex 0.616302 -16.0216 2.3
    endloop
  endfacet
  facet normal -0 0 1
    outer loop
      vertex 0.555374 -16.0884 2.3
      vertex 0.844482 -16.2952 2.3
      vertex 0.589539 -16.0514 2.3
    endloop
  endfacet
  facet normal 0 0 1
    outer loop
      vertex 0.844482 -16.2952 2.3
      vertex 0.555374 -16.0884 2.3
      vertex 0.792114 -16.3496 2.3
    endloop
  endfacet
  facet normal -0 0 1
    outer loop
      vertex 0.513794 -16.1326 2.3
      vertex 0.792114 -16.3496 2.3
      vertex 0.555374 -16.0884 2.3
    endloop
  endfacet
  facet normal 0 0 1
    outer loop
      vertex 0.792114 -16.3496 2.3
      vertex 0.513794 -16.1326 2.3
      vertex 0.734268 -16.4095 2.3
    endloop
  endfacet
  facet normal -0 0 1
    outer loop
      vertex 0.464798 -16.1839 2.3
      vertex 0.734268 -16.4095 2.3
      vertex 0.513794 -16.1326 2.3
    endloop
  endfacet
  facet normal 0 0 1
    outer loop
      vertex 0.734268 -16.4095 2.3
      vertex 0.464798 -16.1839 2.3
      vertex 0.670929 -16.4749 2.3
    endloop
  endfacet
  facet normal -0 0 1
    outer loop
      vertex 0.408401 -16.2423 2.3
      vertex 0.670929 -16.4749 2.3
      vertex 0.464798 -16.1839 2.3
    endloop
  endfacet
  facet normal 0 0 1
    outer loop
      vertex 0.670929 -16.4749 2.3
      vertex 0.408401 -16.2423 2.3
      vertex 0.602051 -16.5459 2.3
    endloop
  endfacet
  facet normal -0 0 1
    outer loop
      vertex 0.344589 -16.308 2.3
      vertex 0.602051 -16.5459 2.3
      vertex 0.408401 -16.2423 2.3
    endloop
  endfacet
  facet normal 0 0 1
    outer loop
      vertex 0.602051 -16.5459 2.3
      vertex 0.344589 -16.308 2.3
      vertex 0.527664 -16.6224 2.3
    endloop
  endfacet
  facet normal -0 0 1
    outer loop
      vertex 0.273376 -16.3807 2.3
      vertex 0.527664 -16.6224 2.3
      vertex 0.344589 -16.308 2.3
    endloop
  endfacet
  facet normal 0 0 1
    outer loop
      vertex 0.527664 -16.6224 2.3
      vertex 0.273376 -16.3807 2.3
      vertex 0.447754 -16.7045 2.3
    endloop
  endfacet
  facet normal -0 0 1
    outer loop
      vertex 0.194748 -16.4607 2.3
      vertex 0.447754 -16.7045 2.3
      vertex 0.273376 -16.3807 2.3
    endloop
  endfacet
  facet normal 0 0 1
    outer loop
      vertex 0.447754 -16.7045 2.3
      vertex 0.194748 -16.4607 2.3
      vertex 0.362305 -16.7921 2.3
    endloop
  endfacet
  facet normal -0 0 1
    outer loop
      vertex 0.108704 -16.5478 2.3
      vertex 0.362305 -16.7921 2.3
      vertex 0.194748 -16.4607 2.3
    endloop
  endfacet
  facet normal 0 0 1
    outer loop
      vertex 0.362305 -16.7921 2.3
      vertex 0.108704 -16.5478 2.3
      vertex 0.271332 -16.8853 2.3
    endloop
  endfacet
  facet normal -0 0 1
    outer loop
      vertex 0.0210724 -16.6364 2.3
      vertex 0.271332 -16.8853 2.3
      vertex 0.108704 -16.5478 2.3
    endloop
  endfacet
  facet normal -0 0 1
    outer loop
      vertex -0.0623779 -16.721 2.3
      vertex 0.271332 -16.8853 2.3
      vertex 0.0210724 -16.6364 2.3
    endloop
  endfacet
  facet normal 0 0 1
    outer loop
      vertex 0.271332 -16.8853 2.3
      vertex -0.0623779 -16.721 2.3
      vertex 0.174835 -16.984 2.3
    endloop
  endfacet
  facet normal -0 0 1
    outer loop
      vertex -0.141632 -16.8015 2.3
      vertex 0.174835 -16.984 2.3
      vertex -0.0623779 -16.721 2.3
    endloop
  endfacet
  facet normal 0 0 1
    outer loop
      vertex 0.174835 -16.984 2.3
      vertex -0.141632 -16.8015 2.3
      vertex 0.0728302 -17.0883 2.3
    endloop
  endfacet
  facet normal -0 0 1
    outer loop
      vertex -0.034729 -17.1981 2.3
      vertex 1.39952 -17.5437 2.3
      vertex 1.39952 -17.1981 2.3
    endloop
  endfacet
  facet normal -0 0 1
    outer loop
      vertex -0.216675 -16.8778 2.3
      vertex 0.0728302 -17.0883 2.3
      vertex -0.141632 -16.8015 2.3
    endloop
  endfacet
  facet normal 0 0 1
    outer loop
      vertex 0.0728302 -17.0883 2.3
      vertex -0.216675 -16.8778 2.3
      vertex -0.034729 -17.1981 2.3
    endloop
  endfacet
  facet normal -0 0 1
    outer loop
      vertex -0.287537 -16.9501 2.3
      vertex -0.034729 -17.1981 2.3
      vertex -0.216675 -16.8778 2.3
    endloop
  endfacet
  facet normal -0 0 1
    outer loop
      vertex -0.354202 -17.0182 2.3
      vertex -0.034729 -17.1981 2.3
      vertex -0.287537 -16.9501 2.3
    endloop
  endfacet
  facet normal -0 0 1
    outer loop
      vertex -0.416687 -17.0823 2.3
      vertex -0.034729 -17.1981 2.3
      vertex -0.354202 -17.0182 2.3
    endloop
  endfacet
  facet normal -0 0 1
    outer loop
      vertex -0.47496 -17.1423 2.3
      vertex -0.034729 -17.1981 2.3
      vertex -0.416687 -17.0823 2.3
    endloop
  endfacet
  facet normal 0 0 1
    outer loop
      vertex -0.529053 -17.5437 2.3
      vertex -0.034729 -17.1981 2.3
      vertex -0.47496 -17.1423 2.3
    endloop
  endfacet
  facet normal 0 0 1
    outer loop
      vertex -0.529053 -17.5437 2.3
      vertex -0.47496 -17.1423 2.3
      vertex -0.529053 -17.1981 2.3
    endloop
  endfacet
  facet normal 0 0 1
    outer loop
      vertex -0.034729 -17.1981 2.3
      vertex -0.529053 -17.5437 2.3
      vertex 1.39952 -17.5437 2.3
    endloop
  endfacet
  facet normal 0 0 1
    outer loop
      vertex -4.41689 -14.5063 2.3
      vertex -4.82375 -14.8807 2.3
      vertex -4.41689 -17.1981 2.3
    endloop
  endfacet
  facet normal -0 0 1
    outer loop
      vertex -4.82784 -14.5063 2.3
      vertex -4.82375 -14.8807 2.3
      vertex -4.41689 -14.5063 2.3
    endloop
  endfacet
  facet normal -0 0 1
    outer loop
      vertex -5.55411 -14.6522 2.3
      vertex -4.82375 -14.8807 2.3
      vertex -4.82784 -14.5063 2.3
    endloop
  endfacet
  facet normal 0 0 1
    outer loop
      vertex -4.82375 -14.8807 2.3
      vertex -5.55411 -14.6522 2.3
      vertex -5.55411 -15.0266 2.3
    endloop
  endfacet
  facet normal -0 0 1
    outer loop
      vertex -4.41689 -17.1981 2.3
      vertex -3.74556 -17.5437 2.3
      vertex -3.74556 -17.1981 2.3
    endloop
  endfacet
  facet normal 0 0 1
    outer loop
      vertex -4.82375 -17.1981 2.3
      vertex -4.41689 -17.1981 2.3
      vertex -4.82375 -14.8807 2.3
    endloop
  endfacet
  facet normal -0 0 1
    outer loop
      vertex -4.82375 -17.1981 2.3
      vertex -3.74556 -17.5437 2.3
      vertex -4.41689 -17.1981 2.3
    endloop
  endfacet
  facet normal 0 0 1
    outer loop
      vertex -5.49512 -17.5437 2.3
      vertex -4.82375 -17.1981 2.3
      vertex -5.49512 -17.1981 2.3
    endloop
  endfacet
  facet normal 0 0 1
    outer loop
      vertex -4.82375 -17.1981 2.3
      vertex -5.49512 -17.5437 2.3
      vertex -3.74556 -17.5437 2.3
    endloop
  endfacet
  facet normal 0 0 1
    outer loop
      vertex -1.82808 -14.5063 2.3
      vertex -2.23494 -14.8807 2.3
      vertex -1.82808 -17.1981 2.3
    endloop
  endfacet
  facet normal -0 0 1
    outer loop
      vertex -2.23901 -14.5063 2.3
      vertex -2.23494 -14.8807 2.3
      vertex -1.82808 -14.5063 2.3
    endloop
  endfacet
  facet normal -0 0 1
    outer loop
      vertex -2.96529 -14.6522 2.3
      vertex -2.23494 -14.8807 2.3
      vertex -2.23901 -14.5063 2.3
    endloop
  endfacet
  facet normal 0 0 1
    outer loop
      vertex -2.23494 -14.8807 2.3
      vertex -2.96529 -14.6522 2.3
      vertex -2.96529 -15.0266 2.3
    endloop
  endfacet
  facet normal -0 0 1
    outer loop
      vertex -1.82808 -17.1981 2.3
      vertex -1.15674 -17.5437 2.3
      vertex -1.15674 -17.1981 2.3
    endloop
  endfacet
  facet normal 0 0 1
    outer loop
      vertex -2.23494 -17.1981 2.3
      vertex -1.82808 -17.1981 2.3
      vertex -2.23494 -14.8807 2.3
    endloop
  endfacet
  facet normal -0 0 1
    outer loop
      vertex -2.23494 -17.1981 2.3
      vertex -1.15674 -17.5437 2.3
      vertex -1.82808 -17.1981 2.3
    endloop
  endfacet
  facet normal 0 0 1
    outer loop
      vertex -2.90631 -17.5437 2.3
      vertex -2.23494 -17.1981 2.3
      vertex -2.90631 -17.1981 2.3
    endloop
  endfacet
  facet normal 0 0 1
    outer loop
      vertex -2.23494 -17.1981 2.3
      vertex -2.90631 -17.5437 2.3
      vertex -1.15674 -17.5437 2.3
    endloop
  endfacet
  facet normal 0 0 1
    outer loop
      vertex 5.11089 -14.5063 2.3
      vertex 3.87398 -14.8519 2.3
      vertex 5.11089 -14.8519 2.3
    endloop
  endfacet
  facet normal 0 0 1
    outer loop
      vertex 3.49763 -14.5063 2.3
      vertex 3.87398 -15.5964 2.3
      vertex 3.87398 -14.8519 2.3
    endloop
  endfacet
  facet normal 0 0 1
    outer loop
      vertex 3.87398 -15.5964 2.3
      vertex 3.83229 -15.9175 2.3
      vertex 3.8687 -15.9098 2.3
    endloop
  endfacet
  facet normal 0 0 1
    outer loop
      vertex 3.87398 -15.5964 2.3
      vertex 3.79581 -15.9261 2.3
      vertex 3.83229 -15.9175 2.3
    endloop
  endfacet
  facet normal 0 0 1
    outer loop
      vertex 3.87398 -15.5964 2.3
      vertex 3.75914 -15.9357 2.3
      vertex 3.79581 -15.9261 2.3
    endloop
  endfacet
  facet normal 0 0 1
    outer loop
      vertex 3.87398 -15.5964 2.3
      vertex 3.72232 -15.9463 2.3
      vertex 3.75914 -15.9357 2.3
    endloop
  endfacet
  facet normal 0 0 1
    outer loop
      vertex 3.87398 -15.5964 2.3
      vertex 3.6853 -15.9579 2.3
      vertex 3.72232 -15.9463 2.3
    endloop
  endfacet
  facet normal 0 0 1
    outer loop
      vertex 3.87398 -15.5964 2.3
      vertex 3.64812 -15.9704 2.3
      vertex 3.6853 -15.9579 2.3
    endloop
  endfacet
  facet normal 0 0 1
    outer loop
      vertex 3.87398 -15.5964 2.3
      vertex 3.61076 -15.984 2.3
      vertex 3.64812 -15.9704 2.3
    endloop
  endfacet
  facet normal 0 0 1
    outer loop
      vertex 3.87398 -15.5964 2.3
      vertex 3.57323 -15.9986 2.3
      vertex 3.61076 -15.984 2.3
    endloop
  endfacet
  facet normal 0 0 1
    outer loop
      vertex 3.87398 -15.5964 2.3
      vertex 3.53552 -16.0142 2.3
      vertex 3.57323 -15.9986 2.3
    endloop
  endfacet
  facet normal -0 0 1
    outer loop
      vertex 3.49763 -14.5063 2.3
      vertex 3.87398 -14.8519 2.3
      vertex 5.11089 -14.5063 2.3
    endloop
  endfacet
  facet normal 0 0 1
    outer loop
      vertex 3.87398 -15.5964 2.3
      vertex 3.49763 -14.5063 2.3
      vertex 3.49763 -16.0308 2.3
    endloop
  endfacet
  facet normal 0 0 1
    outer loop
      vertex 3.87398 -15.5964 2.3
      vertex 3.49763 -16.0308 2.3
      vertex 3.53552 -16.0142 2.3
    endloop
  endfacet
  facet normal -0 0 1
    outer loop
      vertex 4.92117 -16.5004 2.3
      vertex 5.33466 -16.5693 2.3
      vertex 5.33099 -16.4659 2.3
    endloop
  endfacet
  facet normal -0 0 1
    outer loop
      vertex 4.91357 -16.4347 2.3
      vertex 5.33099 -16.4659 2.3
      vertex 5.31999 -16.3674 2.3
    endloop
  endfacet
  facet normal 0 0 1
    outer loop
      vertex 4.92117 -16.6383 2.3
      vertex 5.33466 -16.5693 2.3
      vertex 4.92372 -16.5693 2.3
    endloop
  endfacet
  facet normal 0 0 1
    outer loop
      vertex 4.90088 -16.3723 2.3
      vertex 5.31999 -16.3674 2.3
      vertex 5.30165 -16.2738 2.3
    endloop
  endfacet
  facet normal 0 0 1
    outer loop
      vertex 5.33466 -16.5693 2.3
      vertex 4.92117 -16.6383 2.3
      vertex 5.33089 -16.6756 2.3
    endloop
  endfacet
  facet normal 0 0 1
    outer loop
      vertex 4.90088 -16.3723 2.3
      vertex 5.30165 -16.2738 2.3
      vertex 5.27599 -16.185 2.3
    endloop
  endfacet
  facet normal 0 0 1
    outer loop
      vertex 4.91357 -16.704 2.3
      vertex 5.33089 -16.6756 2.3
      vertex 4.92117 -16.6383 2.3
    endloop
  endfacet
  facet normal 0 0 1
    outer loop
      vertex 4.88313 -16.3131 2.3
      vertex 5.27599 -16.185 2.3
      vertex 5.24298 -16.1011 2.3
    endloop
  endfacet
  facet normal 0 0 1
    outer loop
      vertex 5.33089 -16.6756 2.3
      vertex 4.91357 -16.704 2.3
      vertex 5.31958 -16.7765 2.3
    endloop
  endfacet
  facet normal 0 0 1
    outer loop
      vertex 4.86029 -16.2572 2.3
      vertex 5.24298 -16.1011 2.3
      vertex 5.20264 -16.0221 2.3
    endloop
  endfacet
  facet normal -0 0 1
    outer loop
      vertex 4.90088 -16.7664 2.3
      vertex 5.31958 -16.7765 2.3
      vertex 4.91357 -16.704 2.3
    endloop
  endfacet
  facet normal 0 0 1
    outer loop
      vertex 4.8324 -16.2046 2.3
      vertex 5.20264 -16.0221 2.3
      vertex 5.15497 -15.948 2.3
    endloop
  endfacet
  facet normal 0 0 1
    outer loop
      vertex 5.31958 -16.7765 2.3
      vertex 4.90088 -16.7664 2.3
      vertex 5.30075 -16.872 2.3
    endloop
  endfacet
  facet normal 0 0 1
    outer loop
      vertex 4.79942 -16.1552 2.3
      vertex 5.15497 -15.948 2.3
      vertex 5.09996 -15.8787 2.3
    endloop
  endfacet
  facet normal -0 0 1
    outer loop
      vertex 4.88313 -16.8256 2.3
      vertex 5.30075 -16.872 2.3
      vertex 4.90088 -16.7664 2.3
    endloop
  endfacet
  facet normal 0 0 1
    outer loop
      vertex 4.76137 -16.1091 2.3
      vertex 5.09996 -15.8787 2.3
      vertex 5.03763 -15.8143 2.3
    endloop
  endfacet
  facet normal 0 0 1
    outer loop
      vertex 5.30075 -16.872 2.3
      vertex 4.88313 -16.8256 2.3
      vertex 5.27438 -16.9621 2.3
    endloop
  endfacet
  facet normal 0 0 1
    outer loop
      vertex 4.71825 -16.0663 2.3
      vertex 5.03763 -15.8143 2.3
      vertex 4.96901 -15.7558 2.3
    endloop
  endfacet
  facet normal 0 0 1
    outer loop
      vertex 5.27438 -16.9621 2.3
      vertex 4.88313 -16.8256 2.3
      vertex 5.24046 -17.0468 2.3
    endloop
  endfacet
  facet normal -0 0 1
    outer loop
      vertex 4.86029 -16.8815 2.3
      vertex 5.24046 -17.0468 2.3
      vertex 4.88313 -16.8256 2.3
    endloop
  endfacet
  facet normal 0 0 1
    outer loop
      vertex 5.33466 -16.5693 2.3
      vertex 4.92117 -16.5004 2.3
      vertex 4.92372 -16.5693 2.3
    endloop
  endfacet
  facet normal 0 0 1
    outer loop
      vertex 5.33099 -16.4659 2.3
      vertex 4.91357 -16.4347 2.3
      vertex 4.92117 -16.5004 2.3
    endloop
  endfacet
  facet normal 0 0 1
    outer loop
      vertex 5.31999 -16.3674 2.3
      vertex 4.90088 -16.3723 2.3
      vertex 4.91357 -16.4347 2.3
    endloop
  endfacet
  facet normal 0 0 1
    outer loop
      vertex 4.67078 -16.0275 2.3
      vertex 4.96901 -15.7558 2.3
      vertex 4.89517 -15.7041 2.3
    endloop
  endfacet
  facet normal 0 0 1
    outer loop
      vertex 5.27599 -16.185 2.3
      vertex 4.88313 -16.3131 2.3
      vertex 4.90088 -16.3723 2.3
    endloop
  endfacet
  facet normal 0 0 1
    outer loop
      vertex 5.24298 -16.1011 2.3
      vertex 4.86029 -16.2572 2.3
      vertex 4.88313 -16.3131 2.3
    endloop
  endfacet
  facet normal 0 0 1
    outer loop
      vertex 5.20264 -16.0221 2.3
      vertex 4.8324 -16.2046 2.3
      vertex 4.86029 -16.2572 2.3
    endloop
  endfacet
  facet normal 0 0 1
    outer loop
      vertex 4.67078 -16.0275 2.3
      vertex 4.89517 -15.7041 2.3
      vertex 4.81612 -15.6594 2.3
    endloop
  endfacet
  facet normal 0 0 1
    outer loop
      vertex 5.15497 -15.948 2.3
      vertex 4.79942 -16.1552 2.3
      vertex 4.8324 -16.2046 2.3
    endloop
  endfacet
  facet normal 0 0 1
    outer loop
      vertex 5.09996 -15.8787 2.3
      vertex 4.76137 -16.1091 2.3
      vertex 4.79942 -16.1552 2.3
    endloop
  endfacet
  facet normal 0 0 1
    outer loop
      vertex 4.61969 -15.9931 2.3
      vertex 4.81612 -15.6594 2.3
      vertex 4.73183 -15.6215 2.3
    endloop
  endfacet
  facet normal 0 0 1
    outer loop
      vertex 5.03763 -15.8143 2.3
      vertex 4.71825 -16.0663 2.3
      vertex 4.76137 -16.1091 2.3
    endloop
  endfacet
  facet normal 0 0 1
    outer loop
      vertex 4.96901 -15.7558 2.3
      vertex 4.67078 -16.0275 2.3
      vertex 4.71825 -16.0663 2.3
    endloop
  endfacet
  facet normal 0 0 1
    outer loop
      vertex 4.56499 -15.9634 2.3
      vertex 4.73183 -15.6215 2.3
      vertex 4.64232 -15.5905 2.3
    endloop
  endfacet
  facet normal 0 0 1
    outer loop
      vertex 4.81612 -15.6594 2.3
      vertex 4.61969 -15.9931 2.3
      vertex 4.67078 -16.0275 2.3
    endloop
  endfacet
  facet normal 0 0 1
    outer loop
      vertex 4.73183 -15.6215 2.3
      vertex 4.56499 -15.9634 2.3
      vertex 4.61969 -15.9931 2.3
    endloop
  endfacet
  facet normal 0 0 1
    outer loop
      vertex 4.50667 -15.9382 2.3
      vertex 4.64232 -15.5905 2.3
      vertex 4.54759 -15.5664 2.3
    endloop
  endfacet
  facet normal 0 0 1
    outer loop
      vertex 4.64232 -15.5905 2.3
      vertex 4.50667 -15.9382 2.3
      vertex 4.56499 -15.9634 2.3
    endloop
  endfacet
  facet normal 0 0 1
    outer loop
      vertex 4.44475 -15.9176 2.3
      vertex 4.54759 -15.5664 2.3
      vertex 4.44763 -15.5492 2.3
    endloop
  endfacet
  facet normal 0 0 1
    outer loop
      vertex 4.54759 -15.5664 2.3
      vertex 4.44475 -15.9176 2.3
      vertex 4.50667 -15.9382 2.3
    endloop
  endfacet
  facet normal 0 0 1
    outer loop
      vertex 4.44763 -15.5492 2.3
      vertex 4.3792 -15.9016 2.3
      vertex 4.44475 -15.9176 2.3
    endloop
  endfacet
  facet normal 0 0 1
    outer loop
      vertex 4.34244 -15.5389 2.3
      vertex 4.3792 -15.9016 2.3
      vertex 4.44763 -15.5492 2.3
    endloop
  endfacet
  facet normal 0 0 1
    outer loop
      vertex 4.34244 -15.5389 2.3
      vertex 4.31003 -15.8902 2.3
      vertex 4.3792 -15.9016 2.3
    endloop
  endfacet
  facet normal 0 0 1
    outer loop
      vertex 4.34244 -15.5389 2.3
      vertex 4.23724 -15.8833 2.3
      vertex 4.31003 -15.8902 2.3
    endloop
  endfacet
  facet normal 0 0 1
    outer loop
      vertex 4.23204 -15.5354 2.3
      vertex 4.23724 -15.8833 2.3
      vertex 4.34244 -15.5389 2.3
    endloop
  endfacet
  facet normal -0 0 1
    outer loop
      vertex 4.21214 -15.5356 2.3
      vertex 4.23724 -15.8833 2.3
      vertex 4.23204 -15.5354 2.3
    endloop
  endfacet
  facet normal -0 0 1
    outer loop
      vertex 4.19225 -15.5362 2.3
      vertex 4.23724 -15.8833 2.3
      vertex 4.21214 -15.5356 2.3
    endloop
  endfacet
  facet normal 0 0 1
    outer loop
      vertex 4.16084 -15.881 2.3
      vertex 4.19225 -15.5362 2.3
      vertex 4.17235 -15.5371 2.3
    endloop
  endfacet
  facet normal 0 0 1
    outer loop
      vertex 4.19225 -15.5362 2.3
      vertex 4.16084 -15.881 2.3
      vertex 4.23724 -15.8833 2.3
    endloop
  endfacet
  facet normal -0 0 1
    outer loop
      vertex 4.15247 -15.5385 2.3
      vertex 4.16084 -15.881 2.3
      vertex 4.17235 -15.5371 2.3
    endloop
  endfacet
  facet normal -0 0 1
    outer loop
      vertex 4.13257 -15.5401 2.3
      vertex 4.16084 -15.881 2.3
      vertex 4.15247 -15.5385 2.3
    endloop
  endfacet
  facet normal 0 0 1
    outer loop
      vertex 4.13257 -15.5401 2.3
      vertex 4.12424 -15.8815 2.3
      vertex 4.16084 -15.881 2.3
    endloop
  endfacet
  facet normal -0 0 1
    outer loop
      vertex 4.11267 -15.5422 2.3
      vertex 4.12424 -15.8815 2.3
      vertex 4.13257 -15.5401 2.3
    endloop
  endfacet
  facet normal -0 0 1
    outer loop
      vertex 4.09279 -15.5447 2.3
      vertex 4.12424 -15.8815 2.3
      vertex 4.11267 -15.5422 2.3
    endloop
  endfacet
  facet normal -0 0 1
    outer loop
      vertex 4.07289 -15.5475 2.3
      vertex 4.12424 -15.8815 2.3
      vertex 4.09279 -15.5447 2.3
    endloop
  endfacet
  facet normal 0 0 1
    outer loop
      vertex 4.12424 -15.8815 2.3
      vertex 4.07289 -15.5475 2.3
      vertex 4.08766 -15.8828 2.3
    endloop
  endfacet
  facet normal -0 0 1
    outer loop
      vertex 4.05299 -15.5507 2.3
      vertex 4.08766 -15.8828 2.3
      vertex 4.07289 -15.5475 2.3
    endloop
  endfacet
  facet normal -0 0 1
    outer loop
      vertex 4.03311 -15.5543 2.3
      vertex 4.08766 -15.8828 2.3
      vertex 4.05299 -15.5507 2.3
    endloop
  endfacet
  facet normal 0 0 1
    outer loop
      vertex 4.08766 -15.8828 2.3
      vertex 4.03311 -15.5543 2.3
      vertex 4.0511 -15.8851 2.3
    endloop
  endfacet
  facet normal -0 0 1
    outer loop
      vertex 4.01321 -15.5582 2.3
      vertex 4.0511 -15.8851 2.3
      vertex 4.03311 -15.5543 2.3
    endloop
  endfacet
  facet normal -0 0 1
    outer loop
      vertex 3.99333 -15.5626 2.3
      vertex 4.0511 -15.8851 2.3
      vertex 4.01321 -15.5582 2.3
    endloop
  endfacet
  facet normal -0 0 1
    outer loop
      vertex 3.97343 -15.5673 2.3
      vertex 4.0511 -15.8851 2.3
      vertex 3.99333 -15.5626 2.3
    endloop
  endfacet
  facet normal 0 0 1
    outer loop
      vertex 4.0511 -15.8851 2.3
      vertex 3.97343 -15.5673 2.3
      vertex 4.01457 -15.8882 2.3
    endloop
  endfacet
  facet normal -0 0 1
    outer loop
      vertex 3.95355 -15.5723 2.3
      vertex 4.01457 -15.8882 2.3
      vertex 3.97343 -15.5673 2.3
    endloop
  endfacet
  facet normal -0 0 1
    outer loop
      vertex 3.93365 -15.5778 2.3
      vertex 4.01457 -15.8882 2.3
      vertex 3.95355 -15.5723 2.3
    endloop
  endfacet
  facet normal 0 0 1
    outer loop
      vertex 4.01457 -15.8882 2.3
      vertex 3.93365 -15.5778 2.3
      vertex 3.97806 -15.8923 2.3
    endloop
  endfacet
  facet normal -0 0 1
    outer loop
      vertex 3.91377 -15.5836 2.3
      vertex 3.97806 -15.8923 2.3
      vertex 3.93365 -15.5778 2.3
    endloop
  endfacet
  facet normal -0 0 1
    outer loop
      vertex 3.89388 -15.5898 2.3
      vertex 3.97806 -15.8923 2.3
      vertex 3.91377 -15.5836 2.3
    endloop
  endfacet
  facet normal 0 0 1
    outer loop
      vertex 3.97806 -15.8923 2.3
      vertex 3.89388 -15.5898 2.3
      vertex 3.94157 -15.8972 2.3
    endloop
  endfacet
  facet normal -0 0 1
    outer loop
      vertex 3.87398 -15.5964 2.3
      vertex 3.94157 -15.8972 2.3
      vertex 3.89388 -15.5898 2.3
    endloop
  endfacet
  facet normal 0 0 1
    outer loop
      vertex 3.94157 -15.8972 2.3
      vertex 3.87398 -15.5964 2.3
      vertex 3.90512 -15.9031 2.3
    endloop
  endfacet
  facet normal 0 0 1
    outer loop
      vertex 3.90512 -15.9031 2.3
      vertex 3.87398 -15.5964 2.3
      vertex 3.8687 -15.9098 2.3
    endloop
  endfacet
  facet normal 0 0 1
    outer loop
      vertex 5.24046 -17.0468 2.3
      vertex 4.86029 -16.8815 2.3
      vertex 5.19902 -17.1261 2.3
    endloop
  endfacet
  facet normal -0 0 1
    outer loop
      vertex 4.8324 -16.9341 2.3
      vertex 5.19902 -17.1261 2.3
      vertex 4.86029 -16.8815 2.3
    endloop
  endfacet
  facet normal 0 0 1
    outer loop
      vertex 5.19902 -17.1261 2.3
      vertex 4.8324 -16.9341 2.3
      vertex 5.15005 -17.2 2.3
    endloop
  endfacet
  facet normal -0 0 1
    outer loop
      vertex 4.79942 -16.9835 2.3
      vertex 5.15005 -17.2 2.3
      vertex 4.8324 -16.9341 2.3
    endloop
  endfacet
  facet normal 0 0 1
    outer loop
      vertex 5.15005 -17.2 2.3
      vertex 4.79942 -16.9835 2.3
      vertex 5.09354 -17.2685 2.3
    endloop
  endfacet
  facet normal -0 0 1
    outer loop
      vertex 4.76137 -17.0295 2.3
      vertex 5.09354 -17.2685 2.3
      vertex 4.79942 -16.9835 2.3
    endloop
  endfacet
  facet normal 0 0 1
    outer loop
      vertex 5.09354 -17.2685 2.3
      vertex 4.76137 -17.0295 2.3
      vertex 5.0295 -17.3316 2.3
    endloop
  endfacet
  facet normal -0 0 1
    outer loop
      vertex 4.71825 -17.0724 2.3
      vertex 5.0295 -17.3316 2.3
      vertex 4.76137 -17.0295 2.3
    endloop
  endfacet
  facet normal 0 0 1
    outer loop
      vertex 5.0295 -17.3316 2.3
      vertex 4.71825 -17.0724 2.3
      vertex 4.95859 -17.3886 2.3
    endloop
  endfacet
  facet normal -0 0 1
    outer loop
      vertex 4.67078 -17.1113 2.3
      vertex 4.95859 -17.3886 2.3
      vertex 4.71825 -17.0724 2.3
    endloop
  endfacet
  facet normal 0 0 1
    outer loop
      vertex 4.95859 -17.3886 2.3
      vertex 4.67078 -17.1113 2.3
      vertex 4.88152 -17.4389 2.3
    endloop
  endfacet
  facet normal -0 0 1
    outer loop
      vertex 4.61969 -17.1456 2.3
      vertex 4.88152 -17.4389 2.3
      vertex 4.67078 -17.1113 2.3
    endloop
  endfacet
  facet normal 0 0 1
    outer loop
      vertex 4.88152 -17.4389 2.3
      vertex 4.61969 -17.1456 2.3
      vertex 4.79825 -17.4825 2.3
    endloop
  endfacet
  facet normal 0 0 1
    outer loop
      vertex 4.79825 -17.4825 2.3
      vertex 4.61969 -17.1456 2.3
      vertex 4.70882 -17.5194 2.3
    endloop
  endfacet
  facet normal -0 0 1
    outer loop
      vertex 4.56499 -17.1753 2.3
      vertex 4.70882 -17.5194 2.3
      vertex 4.61969 -17.1456 2.3
    endloop
  endfacet
  facet normal -0 0 1
    outer loop
      vertex 4.50667 -17.2005 2.3
      vertex 4.70882 -17.5194 2.3
      vertex 4.56499 -17.1753 2.3
    endloop
  endfacet
  facet normal 0 0 1
    outer loop
      vertex 4.70882 -17.5194 2.3
      vertex 4.50667 -17.2005 2.3
      vertex 4.61319 -17.5496 2.3
    endloop
  endfacet
  facet normal -0 0 1
    outer loop
      vertex 4.44473 -17.2211 2.3
      vertex 4.61319 -17.5496 2.3
      vertex 4.50667 -17.2005 2.3
    endloop
  endfacet
  facet normal 0 0 1
    outer loop
      vertex 4.61319 -17.5496 2.3
      vertex 4.44473 -17.2211 2.3
      vertex 4.5114 -17.5731 2.3
    endloop
  endfacet
  facet normal -0 0 1
    outer loop
      vertex 4.37918 -17.2371 2.3
      vertex 4.5114 -17.5731 2.3
      vertex 4.44473 -17.2211 2.3
    endloop
  endfacet
  facet normal 0 0 1
    outer loop
      vertex 4.5114 -17.5731 2.3
      vertex 4.37918 -17.2371 2.3
      vertex 4.40343 -17.5898 2.3
    endloop
  endfacet
  facet normal -0 0 1
    outer loop
      vertex 4.31001 -17.2485 2.3
      vertex 4.40343 -17.5898 2.3
      vertex 4.37918 -17.2371 2.3
    endloop
  endfacet
  facet normal 0 0 1
    outer loop
      vertex 4.31001 -17.2485 2.3
      vertex 4.28928 -17.5999 2.3
      vertex 4.40343 -17.5898 2.3
    endloop
  endfacet
  facet normal -0 0 1
    outer loop
      vertex 4.23721 -17.2554 2.3
      vertex 4.28928 -17.5999 2.3
      vertex 4.31001 -17.2485 2.3
    endloop
  endfacet
  facet normal 0 0 1
    outer loop
      vertex 4.23721 -17.2554 2.3
      vertex 4.16895 -17.6033 2.3
      vertex 4.28928 -17.5999 2.3
    endloop
  endfacet
  facet normal -0 0 1
    outer loop
      vertex 4.16081 -17.2577 2.3
      vertex 4.16895 -17.6033 2.3
      vertex 4.23721 -17.2554 2.3
    endloop
  endfacet
  facet normal 0 0 1
    outer loop
      vertex 4.16081 -17.2577 2.3
      vertex 4.12636 -17.6029 2.3
      vertex 4.16895 -17.6033 2.3
    endloop
  endfacet
  facet normal 0 0 1
    outer loop
      vertex 4.11272 -17.2571 2.3
      vertex 4.12636 -17.6029 2.3
      vertex 4.16081 -17.2577 2.3
    endloop
  endfacet
  facet normal 0 0 1
    outer loop
      vertex 4.11272 -17.2571 2.3
      vertex 4.0836 -17.6017 2.3
      vertex 4.12636 -17.6029 2.3
    endloop
  endfacet
  facet normal 0 0 1
    outer loop
      vertex 4.06517 -17.2552 2.3
      vertex 4.0836 -17.6017 2.3
      vertex 4.11272 -17.2571 2.3
    endloop
  endfacet
  facet normal 0 0 1
    outer loop
      vertex 4.06517 -17.2552 2.3
      vertex 4.04066 -17.5996 2.3
      vertex 4.0836 -17.6017 2.3
    endloop
  endfacet
  facet normal 0 0 1
    outer loop
      vertex 4.01819 -17.2522 2.3
      vertex 4.04066 -17.5996 2.3
      vertex 4.06517 -17.2552 2.3
    endloop
  endfacet
  facet normal 0 0 1
    outer loop
      vertex 4.01819 -17.2522 2.3
      vertex 3.99756 -17.5968 2.3
      vertex 4.04066 -17.5996 2.3
    endloop
  endfacet
  facet normal 0 0 1
    outer loop
      vertex 3.95427 -17.5932 2.3
      vertex 4.01819 -17.2522 2.3
      vertex 3.97174 -17.248 2.3
    endloop
  endfacet
  facet normal 0 0 1
    outer loop
      vertex 4.01819 -17.2522 2.3
      vertex 3.95427 -17.5932 2.3
      vertex 3.99756 -17.5968 2.3
    endloop
  endfacet
  facet normal 0 0 1
    outer loop
      vertex 3.91081 -17.5888 2.3
      vertex 3.97174 -17.248 2.3
      vertex 3.92586 -17.2426 2.3
    endloop
  endfacet
  facet normal 0 0 1
    outer loop
      vertex 3.97174 -17.248 2.3
      vertex 3.91081 -17.5888 2.3
      vertex 3.95427 -17.5932 2.3
    endloop
  endfacet
  facet normal 0 0 1
    outer loop
      vertex 3.86717 -17.5835 2.3
      vertex 3.92586 -17.2426 2.3
      vertex 3.88052 -17.2359 2.3
    endloop
  endfacet
  facet normal 0 0 1
    outer loop
      vertex 3.92586 -17.2426 2.3
      vertex 3.86717 -17.5835 2.3
      vertex 3.91081 -17.5888 2.3
    endloop
  endfacet
  facet normal 0 0 1
    outer loop
      vertex 3.82335 -17.5775 2.3
      vertex 3.88052 -17.2359 2.3
      vertex 3.83574 -17.2281 2.3
    endloop
  endfacet
  facet normal 0 0 1
    outer loop
      vertex 3.88052 -17.2359 2.3
      vertex 3.82335 -17.5775 2.3
      vertex 3.86717 -17.5835 2.3
    endloop
  endfacet
  facet normal 0 0 1
    outer loop
      vertex 3.73512 -17.563 2.3
      vertex 3.83574 -17.2281 2.3
      vertex 3.7915 -17.219 2.3
    endloop
  endfacet
  facet normal 0 0 1
    outer loop
      vertex 3.83574 -17.2281 2.3
      vertex 3.77936 -17.5706 2.3
      vertex 3.82335 -17.5775 2.3
    endloop
  endfacet
  facet normal 0 0 1
    outer loop
      vertex 3.69057 -17.5545 2.3
      vertex 3.7915 -17.219 2.3
      vertex 3.74783 -17.2087 2.3
    endloop
  endfacet
  facet normal 0 0 1
    outer loop
      vertex 3.83574 -17.2281 2.3
      vertex 3.73512 -17.563 2.3
      vertex 3.77936 -17.5706 2.3
    endloop
  endfacet
  facet normal 0 0 1
    outer loop
      vertex 3.64568 -17.5452 2.3
      vertex 3.74783 -17.2087 2.3
      vertex 3.70459 -17.1972 2.3
    endloop
  endfacet
  facet normal 0 0 1
    outer loop
      vertex 3.7915 -17.219 2.3
      vertex 3.69057 -17.5545 2.3
      vertex 3.73512 -17.563 2.3
    endloop
  endfacet
  facet normal 0 0 1
    outer loop
      vertex 3.60045 -17.5352 2.3
      vertex 3.70459 -17.1972 2.3
      vertex 3.66164 -17.1845 2.3
    endloop
  endfacet
  facet normal 0 0 1
    outer loop
      vertex 3.74783 -17.2087 2.3
      vertex 3.64568 -17.5452 2.3
      vertex 3.69057 -17.5545 2.3
    endloop
  endfacet
  facet normal 0 0 1
    outer loop
      vertex 3.5549 -17.5243 2.3
      vertex 3.66164 -17.1845 2.3
      vertex 3.61899 -17.1705 2.3
    endloop
  endfacet
  facet normal 0 0 1
    outer loop
      vertex 3.70459 -17.1972 2.3
      vertex 3.60045 -17.5352 2.3
      vertex 3.64568 -17.5452 2.3
    endloop
  endfacet
  facet normal 0 0 1
    outer loop
      vertex 3.50903 -17.5126 2.3
      vertex 3.61899 -17.1705 2.3
      vertex 3.57664 -17.1552 2.3
    endloop
  endfacet
  facet normal 0 0 1
    outer loop
      vertex 3.66164 -17.1845 2.3
      vertex 3.5549 -17.5243 2.3
      vertex 3.60045 -17.5352 2.3
    endloop
  endfacet
  facet normal 0 0 1
    outer loop
      vertex 3.46283 -17.5001 2.3
      vertex 3.57664 -17.1552 2.3
      vertex 3.53461 -17.1386 2.3
    endloop
  endfacet
  facet normal 0 0 1
    outer loop
      vertex 3.61899 -17.1705 2.3
      vertex 3.50903 -17.5126 2.3
      vertex 3.5549 -17.5243 2.3
    endloop
  endfacet
  facet normal 0 0 1
    outer loop
      vertex 3.36945 -17.4727 2.3
      vertex 3.53461 -17.1386 2.3
      vertex 3.49286 -17.1208 2.3
    endloop
  endfacet
  facet normal 0 0 1
    outer loop
      vertex 3.57664 -17.1552 2.3
      vertex 3.46283 -17.5001 2.3
      vertex 3.50903 -17.5126 2.3
    endloop
  endfacet
  facet normal 0 0 1
    outer loop
      vertex 3.36945 -17.4727 2.3
      vertex 3.49286 -17.1208 2.3
      vertex 3.45142 -17.1018 2.3
    endloop
  endfacet
  facet normal 0 0 1
    outer loop
      vertex 3.53461 -17.1386 2.3
      vertex 3.41631 -17.4868 2.3
      vertex 3.46283 -17.5001 2.3
    endloop
  endfacet
  facet normal 0 0 1
    outer loop
      vertex 3.36945 -17.4727 2.3
      vertex 3.45142 -17.1018 2.3
      vertex 3.41028 -17.0815 2.3
    endloop
  endfacet
  facet normal 0 0 1
    outer loop
      vertex 3.36945 -17.4727 2.3
      vertex 3.41028 -17.0815 2.3
      vertex 3.36945 -17.0599 2.3
    endloop
  endfacet
  facet normal 0 0 1
    outer loop
      vertex 3.53461 -17.1386 2.3
      vertex 3.36945 -17.4727 2.3
      vertex 3.41631 -17.4868 2.3
    endloop
  endfacet
  facet normal -0 0 1
    outer loop
      vertex 2.20013 -17.0273 2.3
      vertex 2.62936 -17.5437 2.3
      vertex 2.62936 -17.0273 2.3
    endloop
  endfacet
  facet normal 0 0 1
    outer loop
      vertex 2.62936 -17.5437 2.3
      vertex 2.20013 -17.0273 2.3
      vertex 2.20013 -17.5437 2.3
    endloop
  endfacet
  facet normal 0 -1 0
    outer loop
      vertex -0.034729 -17.1981 2.3
      vertex 1.39952 -17.1981 2.7
      vertex -0.034729 -17.1981 2.7
    endloop
  endfacet
  facet normal 0 -1 -0
    outer loop
      vertex 1.39952 -17.1981 2.7
      vertex -0.034729 -17.1981 2.3
      vertex 1.39952 -17.1981 2.3
    endloop
  endfacet
  facet normal -0.714359 0.69978 0
    outer loop
      vertex -0.034729 -17.1981 2.3
      vertex 0.0728302 -17.0883 2.7
      vertex 0.0728302 -17.0883 2.3
    endloop
  endfacet
  facet normal -0.714359 0.69978 0
    outer loop
      vertex 0.0728302 -17.0883 2.7
      vertex -0.034729 -17.1981 2.3
      vertex -0.034729 -17.1981 2.7
    endloop
  endfacet
  facet normal -0.714929 0.699197 0
    outer loop
      vertex 0.0728302 -17.0883 2.3
      vertex 0.174835 -16.984 2.7
      vertex 0.174835 -16.984 2.3
    endloop
  endfacet
  facet normal -0.714929 0.699197 0
    outer loop
      vertex 0.174835 -16.984 2.7
      vertex 0.0728302 -17.0883 2.3
      vertex 0.0728302 -17.0883 2.7
    endloop
  endfacet
  facet normal -0.715042 0.699082 0
    outer loop
      vertex 0.174835 -16.984 2.3
      vertex 0.271332 -16.8853 2.7
      vertex 0.271332 -16.8853 2.3
    endloop
  endfacet
  facet normal -0.715042 0.699082 0
    outer loop
      vertex 0.271332 -16.8853 2.7
      vertex 0.174835 -16.984 2.3
      vertex 0.174835 -16.984 2.7
    endloop
  endfacet
  facet normal -0.715605 0.698505 0
    outer loop
      vertex 0.271332 -16.8853 2.3
      vertex 0.362305 -16.7921 2.7
      vertex 0.362305 -16.7921 2.3
    endloop
  endfacet
  facet normal -0.715605 0.698505 0
    outer loop
      vertex 0.362305 -16.7921 2.7
      vertex 0.271332 -16.8853 2.3
      vertex 0.271332 -16.8853 2.7
    endloop
  endfacet
  facet normal -0.715841 0.698263 0
    outer loop
      vertex 0.362305 -16.7921 2.3
      vertex 0.447754 -16.7045 2.7
      vertex 0.447754 -16.7045 2.3
    endloop
  endfacet
  facet normal -0.715841 0.698263 0
    outer loop
      vertex 0.447754 -16.7045 2.7
      vertex 0.362305 -16.7921 2.3
      vertex 0.362305 -16.7921 2.7
    endloop
  endfacet
  facet normal -0.7166 0.697485 0
    outer loop
      vertex 0.447754 -16.7045 2.3
      vertex 0.527664 -16.6224 2.7
      vertex 0.527664 -16.6224 2.3
    endloop
  endfacet
  facet normal -0.7166 0.697485 0
    outer loop
      vertex 0.527664 -16.6224 2.7
      vertex 0.447754 -16.7045 2.3
      vertex 0.447754 -16.7045 2.7
    endloop
  endfacet
  facet normal -0.716939 0.697136 0
    outer loop
      vertex 0.527664 -16.6224 2.3
      vertex 0.602051 -16.5459 2.7
      vertex 0.602051 -16.5459 2.3
    endloop
  endfacet
  facet normal -0.716939 0.697136 0
    outer loop
      vertex 0.602051 -16.5459 2.7
      vertex 0.527664 -16.6224 2.3
      vertex 0.527664 -16.6224 2.7
    endloop
  endfacet
  facet normal -0.717751 0.6963 0
    outer loop
      vertex 0.602051 -16.5459 2.3
      vertex 0.670929 -16.4749 2.7
      vertex 0.670929 -16.4749 2.3
    endloop
  endfacet
  facet normal -0.717751 0.6963 0
    outer loop
      vertex 0.670929 -16.4749 2.7
      vertex 0.602051 -16.5459 2.3
      vertex 0.602051 -16.5459 2.7
    endloop
  endfacet
  facet normal -0.718335 0.695697 0
    outer loop
      vertex 0.670929 -16.4749 2.3
      vertex 0.734268 -16.4095 2.7
      vertex 0.734268 -16.4095 2.3
    endloop
  endfacet
  facet normal -0.718335 0.695697 0
    outer loop
      vertex 0.734268 -16.4095 2.7
      vertex 0.670929 -16.4749 2.3
      vertex 0.670929 -16.4749 2.7
    endloop
  endfacet
  facet normal -0.719332 0.694666 0
    outer loop
      vertex 0.734268 -16.4095 2.3
      vertex 0.792114 -16.3496 2.7
      vertex 0.792114 -16.3496 2.3
    endloop
  endfacet
  facet normal -0.719332 0.694666 0
    outer loop
      vertex 0.792114 -16.3496 2.7
      vertex 0.734268 -16.4095 2.3
      vertex 0.734268 -16.4095 2.7
    endloop
  endfacet
  facet normal -0.720434 0.693524 0
    outer loop
      vertex 0.792114 -16.3496 2.3
      vertex 0.844482 -16.2952 2.7
      vertex 0.844482 -16.2952 2.3
    endloop
  endfacet
  facet normal -0.720434 0.693524 0
    outer loop
      vertex 0.844482 -16.2952 2.7
      vertex 0.792114 -16.3496 2.3
      vertex 0.792114 -16.3496 2.7
    endloop
  endfacet
  facet normal -0.720959 0.692978 0
    outer loop
      vertex 0.844482 -16.2952 2.3
      vertex 0.891388 -16.2464 2.7
      vertex 0.891388 -16.2464 2.3
    endloop
  endfacet
  facet normal -0.720959 0.692978 0
    outer loop
      vertex 0.891388 -16.2464 2.7
      vertex 0.844482 -16.2952 2.3
      vertex 0.844482 -16.2952 2.7
    endloop
  endfacet
  facet normal -0.723483 0.690343 0
    outer loop
      vertex 0.891388 -16.2464 2.3
      vertex 0.9328 -16.203 2.7
      vertex 0.9328 -16.203 2.3
    endloop
  endfacet
  facet normal -0.723483 0.690343 0
    outer loop
      vertex 0.9328 -16.203 2.7
      vertex 0.891388 -16.2464 2.3
      vertex 0.891388 -16.2464 2.7
    endloop
  endfacet
  facet normal -0.725525 0.688196 0
    outer loop
      vertex 0.9328 -16.203 2.3
      vertex 0.96875 -16.1651 2.7
      vertex 0.96875 -16.1651 2.3
    endloop
  endfacet
  facet normal -0.725525 0.688196 0
    outer loop
      vertex 0.96875 -16.1651 2.7
      vertex 0.9328 -16.203 2.3
      vertex 0.9328 -16.203 2.7
    endloop
  endfacet
  facet normal -0.728448 0.685101 0
    outer loop
      vertex 0.96875 -16.1651 2.3
      vertex 0.999222 -16.1327 2.7
      vertex 0.999222 -16.1327 2.3
    endloop
  endfacet
  facet normal -0.728448 0.685101 0
    outer loop
      vertex 0.999222 -16.1327 2.7
      vertex 0.96875 -16.1651 2.3
      vertex 0.96875 -16.1651 2.7
    endloop
  endfacet
  facet normal -0.731536 0.681803 0
    outer loop
      vertex 0.999222 -16.1327 2.3
      vertex 1.0242 -16.1059 2.7
      vertex 1.0242 -16.1059 2.3
    endloop
  endfacet
  facet normal -0.731536 0.681803 0
    outer loop
      vertex 1.0242 -16.1059 2.7
      vertex 0.999222 -16.1327 2.3
      vertex 0.999222 -16.1327 2.7
    endloop
  endfacet
  facet normal -0.738814 0.673909 0
    outer loop
      vertex 1.0242 -16.1059 2.3
      vertex 1.04372 -16.0845 2.7
      vertex 1.04372 -16.0845 2.3
    endloop
  endfacet
  facet normal -0.738814 0.673909 0
    outer loop
      vertex 1.04372 -16.0845 2.7
      vertex 1.0242 -16.1059 2.3
      vertex 1.0242 -16.1059 2.7
    endloop
  endfacet
  facet normal -0.749824 0.661637 0
    outer loop
      vertex 1.04372 -16.0845 2.3
      vertex 1.05775 -16.0686 2.7
      vertex 1.05775 -16.0686 2.3
    endloop
  endfacet
  facet normal -0.749824 0.661637 0
    outer loop
      vertex 1.05775 -16.0686 2.7
      vertex 1.04372 -16.0845 2.3
      vertex 1.04372 -16.0845 2.7
    endloop
  endfacet
  facet normal -0.782396 0.622781 0
    outer loop
      vertex 1.05775 -16.0686 2.3
      vertex 1.09747 -16.0187 2.7
      vertex 1.09747 -16.0187 2.3
    endloop
  endfacet
  facet normal -0.782396 0.622781 0
    outer loop
      vertex 1.09747 -16.0187 2.7
      vertex 1.05775 -16.0686 2.3
      vertex 1.05775 -16.0686 2.7
    endloop
  endfacet
  facet normal -0.795243 0.606291 0
    outer loop
      vertex 1.09747 -16.0187 2.3
      vertex 1.13437 -15.9703 2.7
      vertex 1.13437 -15.9703 2.3
    endloop
  endfacet
  facet normal -0.795243 0.606291 0
    outer loop
      vertex 1.13437 -15.9703 2.7
      vertex 1.09747 -16.0187 2.3
      vertex 1.09747 -16.0187 2.7
    endloop
  endfacet
  facet normal -0.809897 0.586572 0
    outer loop
      vertex 1.13437 -15.9703 2.3
      vertex 1.16841 -15.9233 2.7
      vertex 1.16841 -15.9233 2.3
    endloop
  endfacet
  facet normal -0.809897 0.586572 0
    outer loop
      vertex 1.16841 -15.9233 2.7
      vertex 1.13437 -15.9703 2.3
      vertex 1.13437 -15.9703 2.7
    endloop
  endfacet
  facet normal -0.824063 0.566498 0
    outer loop
      vertex 1.16841 -15.9233 2.3
      vertex 1.19962 -15.8779 2.7
      vertex 1.19962 -15.8779 2.3
    endloop
  endfacet
  facet normal -0.824063 0.566498 0
    outer loop
      vertex 1.19962 -15.8779 2.7
      vertex 1.16841 -15.9233 2.3
      vertex 1.16841 -15.9233 2.7
    endloop
  endfacet
  facet normal -0.840532 0.541761 0
    outer loop
      vertex 1.19962 -15.8779 2.3
      vertex 1.22798 -15.8339 2.7
      vertex 1.22798 -15.8339 2.3
    endloop
  endfacet
  facet normal -0.840532 0.541761 0
    outer loop
      vertex 1.22798 -15.8339 2.7
      vertex 1.19962 -15.8779 2.3
      vertex 1.19962 -15.8779 2.7
    endloop
  endfacet
  facet normal -0.857226 0.514941 0
    outer loop
      vertex 1.22798 -15.8339 2.3
      vertex 1.25351 -15.7914 2.7
      vertex 1.25351 -15.7914 2.3
    endloop
  endfacet
  facet normal -0.857226 0.514941 0
    outer loop
      vertex 1.25351 -15.7914 2.7
      vertex 1.22798 -15.8339 2.3
      vertex 1.22798 -15.8339 2.7
    endloop
  endfacet
  facet normal -0.874951 0.484211 0
    outer loop
      vertex 1.25351 -15.7914 2.3
      vertex 1.2762 -15.7504 2.7
      vertex 1.2762 -15.7504 2.3
    endloop
  endfacet
  facet normal -0.874951 0.484211 0
    outer loop
      vertex 1.2762 -15.7504 2.7
      vertex 1.25351 -15.7914 2.3
      vertex 1.25351 -15.7914 2.7
    endloop
  endfacet
  facet normal -0.893975 0.448116 0
    outer loop
      vertex 1.2762 -15.7504 2.3
      vertex 1.29605 -15.7108 2.7
      vertex 1.29605 -15.7108 2.3
    endloop
  endfacet
  facet normal -0.893975 0.448116 0
    outer loop
      vertex 1.29605 -15.7108 2.7
      vertex 1.2762 -15.7504 2.3
      vertex 1.2762 -15.7504 2.7
    endloop
  endfacet
  facet normal -0.912729 0.408566 0
    outer loop
      vertex 1.29605 -15.7108 2.3
      vertex 1.31306 -15.6728 2.7
      vertex 1.31306 -15.6728 2.3
    endloop
  endfacet
  facet normal -0.912729 0.408566 0
    outer loop
      vertex 1.31306 -15.6728 2.7
      vertex 1.29605 -15.7108 2.3
      vertex 1.29605 -15.7108 2.7
    endloop
  endfacet
  facet normal -0.9311 0.364763 0
    outer loop
      vertex 1.31306 -15.6728 2.3
      vertex 1.32779 -15.6352 2.7
      vertex 1.32779 -15.6352 2.3
    endloop
  endfacet
  facet normal -0.9311 0.364763 0
    outer loop
      vertex 1.32779 -15.6352 2.7
      vertex 1.31306 -15.6728 2.3
      vertex 1.31306 -15.6728 2.7
    endloop
  endfacet
  facet normal -0.946164 0.323688 0
    outer loop
      vertex 1.32779 -15.6352 2.3
      vertex 1.34079 -15.5972 2.7
      vertex 1.34079 -15.5972 2.3
    endloop
  endfacet
  facet normal -0.946164 0.323688 0
    outer loop
      vertex 1.34079 -15.5972 2.7
      vertex 1.32779 -15.6352 2.3
      vertex 1.32779 -15.6352 2.7
    endloop
  endfacet
  facet normal -0.959659 0.281168 0
    outer loop
      vertex 1.34079 -15.5972 2.3
      vertex 1.35207 -15.5587 2.7
      vertex 1.35207 -15.5587 2.3
    endloop
  endfacet
  facet normal -0.959659 0.281168 0
    outer loop
      vertex 1.35207 -15.5587 2.7
      vertex 1.34079 -15.5972 2.3
      vertex 1.34079 -15.5972 2.7
    endloop
  endfacet
  facet normal -0.971476 0.23714 0
    outer loop
      vertex 1.35207 -15.5587 2.3
      vertex 1.36159 -15.5197 2.7
      vertex 1.36159 -15.5197 2.3
    endloop
  endfacet
  facet normal -0.971476 0.23714 0
    outer loop
      vertex 1.36159 -15.5197 2.7
      vertex 1.35207 -15.5587 2.3
      vertex 1.35207 -15.5587 2.7
    endloop
  endfacet
  facet normal -0.981009 0.193961 0
    outer loop
      vertex 1.36159 -15.5197 2.3
      vertex 1.36938 -15.4803 2.7
      vertex 1.36938 -15.4803 2.3
    endloop
  endfacet
  facet normal -0.981009 0.193961 0
    outer loop
      vertex 1.36938 -15.4803 2.7
      vertex 1.36159 -15.5197 2.3
      vertex 1.36159 -15.5197 2.7
    endloop
  endfacet
  facet normal -0.988644 0.150274 0
    outer loop
      vertex 1.36938 -15.4803 2.3
      vertex 1.37546 -15.4403 2.7
      vertex 1.37546 -15.4403 2.3
    endloop
  endfacet
  facet normal -0.988644 0.150274 0
    outer loop
      vertex 1.37546 -15.4403 2.7
      vertex 1.36938 -15.4803 2.3
      vertex 1.36938 -15.4803 2.7
    endloop
  endfacet
  facet normal -0.994305 0.106568 0
    outer loop
      vertex 1.37546 -15.4403 2.3
      vertex 1.37979 -15.3999 2.7
      vertex 1.37979 -15.3999 2.3
    endloop
  endfacet
  facet normal -0.994305 0.106568 0
    outer loop
      vertex 1.37979 -15.3999 2.7
      vertex 1.37546 -15.4403 2.3
      vertex 1.37546 -15.4403 2.7
    endloop
  endfacet
  facet normal -0.997986 0.0634416 0
    outer loop
      vertex 1.37979 -15.3999 2.3
      vertex 1.38239 -15.359 2.7
      vertex 1.38239 -15.359 2.3
    endloop
  endfacet
  facet normal -0.997986 0.0634416 0
    outer loop
      vertex 1.38239 -15.359 2.7
      vertex 1.37979 -15.3999 2.3
      vertex 1.37979 -15.3999 2.7
    endloop
  endfacet
  facet normal -0.999779 0.0210099 0
    outer loop
      vertex 1.38239 -15.359 2.3
      vertex 1.38326 -15.3176 2.7
      vertex 1.38326 -15.3176 2.3
    endloop
  endfacet
  facet normal -0.999779 0.0210099 0
    outer loop
      vertex 1.38326 -15.3176 2.7
      vertex 1.38239 -15.359 2.3
      vertex 1.38239 -15.359 2.7
    endloop
  endfacet
  facet normal -0.999181 -0.0404569 0
    outer loop
      vertex 1.38326 -15.3176 2.3
      vertex 1.37979 -15.2319 2.7
      vertex 1.37979 -15.2319 2.3
    endloop
  endfacet
  facet normal -0.999181 -0.0404569 0
    outer loop
      vertex 1.37979 -15.2319 2.7
      vertex 1.38326 -15.3176 2.3
      vertex 1.38326 -15.3176 2.7
    endloop
  endfacet
  facet normal -0.992049 -0.125853 0
    outer loop
      vertex 1.37979 -15.2319 2.3
      vertex 1.3694 -15.15 2.7
      vertex 1.3694 -15.15 2.3
    endloop
  endfacet
  facet normal -0.992049 -0.125853 0
    outer loop
      vertex 1.3694 -15.15 2.7
      vertex 1.37979 -15.2319 2.3
      vertex 1.37979 -15.2319 2.7
    endloop
  endfacet
  facet normal -0.976137 -0.217156 0
    outer loop
      vertex 1.3694 -15.15 2.3
      vertex 1.35207 -15.0721 2.7
      vertex 1.35207 -15.0721 2.3
    endloop
  endfacet
  facet normal -0.976137 -0.217156 0
    outer loop
      vertex 1.35207 -15.0721 2.7
      vertex 1.3694 -15.15 2.3
      vertex 1.3694 -15.15 2.7
    endloop
  endfacet
  facet normal -0.950325 -0.31126 0
    outer loop
      vertex 1.35207 -15.0721 2.3
      vertex 1.3278 -14.998 2.7
      vertex 1.3278 -14.998 2.3
    endloop
  endfacet
  facet normal -0.950325 -0.31126 0
    outer loop
      vertex 1.3278 -14.998 2.7
      vertex 1.35207 -15.0721 2.3
      vertex 1.35207 -15.0721 2.7
    endloop
  endfacet
  facet normal -0.913693 -0.406405 0
    outer loop
      vertex 1.3278 -14.998 2.3
      vertex 1.29662 -14.9279 2.7
      vertex 1.29662 -14.9279 2.3
    endloop
  endfacet
  facet normal -0.913693 -0.406405 0
    outer loop
      vertex 1.29662 -14.9279 2.7
      vertex 1.3278 -14.998 2.3
      vertex 1.3278 -14.998 2.7
    endloop
  endfacet
  facet normal -0.866155 -0.499775 0
    outer loop
      vertex 1.29662 -14.9279 2.3
      vertex 1.25848 -14.8618 2.7
      vertex 1.25848 -14.8618 2.3
    endloop
  endfacet
  facet normal -0.866155 -0.499775 0
    outer loop
      vertex 1.25848 -14.8618 2.7
      vertex 1.29662 -14.9279 2.3
      vertex 1.29662 -14.9279 2.7
    endloop
  endfacet
  facet normal -0.810274 -0.586051 0
    outer loop
      vertex 1.25848 -14.8618 2.3
      vertex 1.21342 -14.7995 2.7
      vertex 1.21342 -14.7995 2.3
    endloop
  endfacet
  facet normal -0.810274 -0.586051 0
    outer loop
      vertex 1.21342 -14.7995 2.7
      vertex 1.25848 -14.8618 2.3
      vertex 1.25848 -14.8618 2.7
    endloop
  endfacet
  facet normal -0.746405 -0.665491 0
    outer loop
      vertex 1.21342 -14.7995 2.3
      vertex 1.16144 -14.7412 2.7
      vertex 1.16144 -14.7412 2.3
    endloop
  endfacet
  facet normal -0.746405 -0.665491 0
    outer loop
      vertex 1.16144 -14.7412 2.7
      vertex 1.21342 -14.7995 2.3
      vertex 1.21342 -14.7995 2.7
    endloop
  endfacet
  facet normal -0.679035 -0.734106 0
    outer loop
      vertex 1.10252 -14.6867 2.3
      vertex 1.16144 -14.7412 2.7
      vertex 1.10252 -14.6867 2.7
    endloop
  endfacet
  facet normal -0.679035 -0.734106 -0
    outer loop
      vertex 1.16144 -14.7412 2.7
      vertex 1.10252 -14.6867 2.3
      vertex 1.16144 -14.7412 2.3
    endloop
  endfacet
  facet normal -0.607336 -0.794445 0
    outer loop
      vertex 1.03777 -14.6372 2.3
      vertex 1.10252 -14.6867 2.7
      vertex 1.03777 -14.6372 2.7
    endloop
  endfacet
  facet normal -0.607336 -0.794445 -0
    outer loop
      vertex 1.10252 -14.6867 2.7
      vertex 1.03777 -14.6372 2.3
      vertex 1.10252 -14.6867 2.3
    endloop
  endfacet
  facet normal -0.532499 -0.84643 0
    outer loop
      vertex 0.968307 -14.5935 2.3
      vertex 1.03777 -14.6372 2.7
      vertex 0.968307 -14.5935 2.7
    endloop
  endfacet
  facet normal -0.532499 -0.84643 -0
    outer loop
      vertex 1.03777 -14.6372 2.7
      vertex 0.968307 -14.5935 2.3
      vertex 1.03777 -14.6372 2.3
    endloop
  endfacet
  facet normal -0.454864 -0.890561 0
    outer loop
      vertex 0.894104 -14.5556 2.3
      vertex 0.968307 -14.5935 2.7
      vertex 0.894104 -14.5556 2.7
    endloop
  endfacet
  facet normal -0.454864 -0.890561 -0
    outer loop
      vertex 0.968307 -14.5935 2.7
      vertex 0.894104 -14.5556 2.3
      vertex 0.968307 -14.5935 2.3
    endloop
  endfacet
  facet normal -0.376837 -0.92628 0
    outer loop
      vertex 0.815201 -14.5235 2.3
      vertex 0.894104 -14.5556 2.7
      vertex 0.815201 -14.5235 2.7
    endloop
  endfacet
  facet normal -0.376837 -0.92628 -0
    outer loop
      vertex 0.894104 -14.5556 2.7
      vertex 0.815201 -14.5235 2.3
      vertex 0.894104 -14.5556 2.3
    endloop
  endfacet
  facet normal -0.298895 -0.954286 0
    outer loop
      vertex 0.731552 -14.4973 2.3
      vertex 0.815201 -14.5235 2.7
      vertex 0.731552 -14.4973 2.7
    endloop
  endfacet
  facet normal -0.298895 -0.954286 -0
    outer loop
      vertex 0.815201 -14.5235 2.7
      vertex 0.731552 -14.4973 2.3
      vertex 0.815201 -14.5235 2.3
    endloop
  endfacet
  facet normal -0.224985 -0.974362 0
    outer loop
      vertex 0.643204 -14.4769 2.3
      vertex 0.731552 -14.4973 2.7
      vertex 0.643204 -14.4769 2.7
    endloop
  endfacet
  facet normal -0.224985 -0.974362 -0
    outer loop
      vertex 0.731552 -14.4973 2.7
      vertex 0.643204 -14.4769 2.3
      vertex 0.731552 -14.4973 2.3
    endloop
  endfacet
  facet normal -0.154937 -0.987924 0
    outer loop
      vertex 0.55011 -14.4623 2.3
      vertex 0.643204 -14.4769 2.7
      vertex 0.55011 -14.4623 2.7
    endloop
  endfacet
  facet normal -0.154937 -0.987924 -0
    outer loop
      vertex 0.643204 -14.4769 2.7
      vertex 0.55011 -14.4623 2.3
      vertex 0.643204 -14.4769 2.3
    endloop
  endfacet
  facet normal -0.0886125 -0.996066 0
    outer loop
      vertex 0.452316 -14.4536 2.3
      vertex 0.55011 -14.4623 2.7
      vertex 0.452316 -14.4536 2.7
    endloop
  endfacet
  facet normal -0.0886125 -0.996066 -0
    outer loop
      vertex 0.55011 -14.4623 2.7
      vertex 0.452316 -14.4536 2.3
      vertex 0.55011 -14.4623 2.3
    endloop
  endfacet
  facet normal -0.0292489 -0.999572 0
    outer loop
      vertex 0.349792 -14.4506 2.3
      vertex 0.452316 -14.4536 2.7
      vertex 0.349792 -14.4506 2.7
    endloop
  endfacet
  facet normal -0.0292489 -0.999572 -0
    outer loop
      vertex 0.452316 -14.4536 2.7
      vertex 0.349792 -14.4506 2.3
      vertex 0.452316 -14.4536 2.3
    endloop
  endfacet
  facet normal 0.0173943 -0.999849 0
    outer loop
      vertex 0.309555 -14.4513 2.3
      vertex 0.349792 -14.4506 2.7
      vertex 0.309555 -14.4513 2.7
    endloop
  endfacet
  facet normal 0.0173943 -0.999849 0
    outer loop
      vertex 0.349792 -14.4506 2.7
      vertex 0.309555 -14.4513 2.3
      vertex 0.349792 -14.4506 2.3
    endloop
  endfacet
  facet normal 0.0461368 -0.998935 0
    outer loop
      vertex 0.268417 -14.4532 2.3
      vertex 0.309555 -14.4513 2.7
      vertex 0.268417 -14.4532 2.7
    endloop
  endfacet
  facet normal 0.0461368 -0.998935 0
    outer loop
      vertex 0.309555 -14.4513 2.7
      vertex 0.268417 -14.4532 2.3
      vertex 0.309555 -14.4513 2.3
    endloop
  endfacet
  facet normal 0.0735431 -0.997292 0
    outer loop
      vertex 0.226379 -14.4563 2.3
      vertex 0.268417 -14.4532 2.7
      vertex 0.226379 -14.4563 2.7
    endloop
  endfacet
  facet normal 0.0735431 -0.997292 0
    outer loop
      vertex 0.268417 -14.4532 2.7
      vertex 0.226379 -14.4563 2.3
      vertex 0.268417 -14.4532 2.3
    endloop
  endfacet
  facet normal 0.101904 -0.994794 0
    outer loop
      vertex 0.183426 -14.4607 2.3
      vertex 0.226379 -14.4563 2.7
      vertex 0.183426 -14.4607 2.7
    endloop
  endfacet
  facet normal 0.101904 -0.994794 0
    outer loop
      vertex 0.226379 -14.4563 2.7
      vertex 0.183426 -14.4607 2.3
      vertex 0.226379 -14.4563 2.3
    endloop
  endfacet
  facet normal 0.128893 -0.991659 0
    outer loop
      vertex 0.139572 -14.4664 2.3
      vertex 0.183426 -14.4607 2.7
      vertex 0.139572 -14.4664 2.7
    endloop
  endfacet
  facet normal 0.128893 -0.991659 0
    outer loop
      vertex 0.183426 -14.4607 2.7
      vertex 0.139572 -14.4664 2.3
      vertex 0.183426 -14.4607 2.3
    endloop
  endfacet
  facet normal 0.152376 -0.988323 0
    outer loop
      vertex 0.0948181 -14.4733 2.3
      vertex 0.139572 -14.4664 2.7
      vertex 0.0948181 -14.4733 2.7
    endloop
  endfacet
  facet normal 0.152376 -0.988323 0
    outer loop
      vertex 0.139572 -14.4664 2.7
      vertex 0.0948181 -14.4733 2.3
      vertex 0.139572 -14.4664 2.3
    endloop
  endfacet
  facet normal 0.174636 -0.984633 0
    outer loop
      vertex 0.0491486 -14.4814 2.3
      vertex 0.0948181 -14.4733 2.7
      vertex 0.0491486 -14.4814 2.7
    endloop
  endfacet
  facet normal 0.174636 -0.984633 0
    outer loop
      vertex 0.0948181 -14.4733 2.7
      vertex 0.0491486 -14.4814 2.3
      vertex 0.0948181 -14.4733 2.3
    endloop
  endfacet
  facet normal 0.199878 -0.979821 0
    outer loop
      vertex 0.00257874 -14.4909 2.3
      vertex 0.0491486 -14.4814 2.7
      vertex 0.00257874 -14.4909 2.7
    endloop
  endfacet
  facet normal 0.199878 -0.979821 0
    outer loop
      vertex 0.0491486 -14.4814 2.7
      vertex 0.00257874 -14.4909 2.3
      vertex 0.0491486 -14.4814 2.3
    endloop
  endfacet
  facet normal 0.217931 -0.975964 0
    outer loop
      vertex -0.0448914 -14.5015 2.3
      vertex 0.00257874 -14.4909 2.7
      vertex -0.0448914 -14.5015 2.7
    endloop
  endfacet
  facet normal 0.217931 -0.975964 0
    outer loop
      vertex 0.00257874 -14.4909 2.7
      vertex -0.0448914 -14.5015 2.3
      vertex 0.00257874 -14.4909 2.3
    endloop
  endfacet
  facet normal 0.241002 -0.970525 0
    outer loop
      vertex -0.0932159 -14.5135 2.3
      vertex -0.0448914 -14.5015 2.7
      vertex -0.0932159 -14.5135 2.7
    endloop
  endfacet
  facet normal 0.241002 -0.970525 0
    outer loop
      vertex -0.0448914 -14.5015 2.7
      vertex -0.0932159 -14.5135 2.3
      vertex -0.0448914 -14.5015 2.3
    endloop
  endfacet
  facet normal 0.257696 -0.966226 0
    outer loop
      vertex -0.142334 -14.5266 2.3
      vertex -0.0932159 -14.5135 2.7
      vertex -0.142334 -14.5266 2.7
    endloop
  endfacet
  facet normal 0.257696 -0.966226 0
    outer loop
      vertex -0.0932159 -14.5135 2.7
      vertex -0.142334 -14.5266 2.3
      vertex -0.0932159 -14.5135 2.3
    endloop
  endfacet
  facet normal 0.275428 -0.961322 0
    outer loop
      vertex -0.192245 -14.5409 2.3
      vertex -0.142334 -14.5266 2.7
      vertex -0.192245 -14.5409 2.7
    endloop
  endfacet
  facet normal 0.275428 -0.961322 0
    outer loop
      vertex -0.142334 -14.5266 2.7
      vertex -0.192245 -14.5409 2.3
      vertex -0.142334 -14.5266 2.3
    endloop
  endfacet
  facet normal 0.293895 -0.955838 0
    outer loop
      vertex -0.242981 -14.5565 2.3
      vertex -0.192245 -14.5409 2.7
      vertex -0.242981 -14.5565 2.7
    endloop
  endfacet
  facet normal 0.293895 -0.955838 0
    outer loop
      vertex -0.192245 -14.5409 2.7
      vertex -0.242981 -14.5565 2.3
      vertex -0.192245 -14.5409 2.3
    endloop
  endfacet
  facet normal 0.308221 -0.951315 0
    outer loop
      vertex -0.294525 -14.5732 2.3
      vertex -0.242981 -14.5565 2.7
      vertex -0.294525 -14.5732 2.7
    endloop
  endfacet
  facet normal 0.308221 -0.951315 0
    outer loop
      vertex -0.242981 -14.5565 2.7
      vertex -0.294525 -14.5732 2.3
      vertex -0.242981 -14.5565 2.3
    endloop
  endfacet
  facet normal 0.323605 -0.946192 0
    outer loop
      vertex -0.346863 -14.5911 2.3
      vertex -0.294525 -14.5732 2.7
      vertex -0.346863 -14.5911 2.7
    endloop
  endfacet
  facet normal 0.323605 -0.946192 0
    outer loop
      vertex -0.294525 -14.5732 2.7
      vertex -0.346863 -14.5911 2.3
      vertex -0.294525 -14.5732 2.3
    endloop
  endfacet
  facet normal 0.339776 -0.940506 0
    outer loop
      vertex -0.400009 -14.6103 2.3
      vertex -0.346863 -14.5911 2.7
      vertex -0.400009 -14.6103 2.7
    endloop
  endfacet
  facet normal 0.339776 -0.940506 0
    outer loop
      vertex -0.346863 -14.5911 2.7
      vertex -0.400009 -14.6103 2.3
      vertex -0.346863 -14.5911 2.3
    endloop
  endfacet
  facet normal 0.353745 -0.935342 0
    outer loop
      vertex -0.453949 -14.6307 2.3
      vertex -0.400009 -14.6103 2.7
      vertex -0.453949 -14.6307 2.7
    endloop
  endfacet
  facet normal 0.353745 -0.935342 0
    outer loop
      vertex -0.400009 -14.6103 2.7
      vertex -0.453949 -14.6307 2.3
      vertex -0.400009 -14.6103 2.3
    endloop
  endfacet
  facet normal 0.36544 -0.930835 0
    outer loop
      vertex -0.508713 -14.6522 2.3
      vertex -0.453949 -14.6307 2.7
      vertex -0.508713 -14.6522 2.7
    endloop
  endfacet
  facet normal 0.36544 -0.930835 0
    outer loop
      vertex -0.453949 -14.6307 2.7
      vertex -0.508713 -14.6522 2.3
      vertex -0.453949 -14.6307 2.3
    endloop
  endfacet
  facet normal 1 -0 0
    outer loop
      vertex -0.508713 -15.067 2.7
      vertex -0.508713 -14.6522 2.3
      vertex -0.508713 -14.6522 2.7
    endloop
  endfacet
  facet normal 1 0 0
    outer loop
      vertex -0.508713 -14.6522 2.3
      vertex -0.508713 -15.067 2.7
      vertex -0.508713 -15.067 2.3
    endloop
  endfacet
  facet normal -0.480147 0.877188 0
    outer loop
      vertex -0.454819 -15.0375 2.3
      vertex -0.508713 -15.067 2.7
      vertex -0.454819 -15.0375 2.7
    endloop
  endfacet
  facet normal -0.480147 0.877188 0
    outer loop
      vertex -0.508713 -15.067 2.7
      vertex -0.454819 -15.0375 2.3
      vertex -0.508713 -15.067 2.3
    endloop
  endfacet
  facet normal -0.462085 0.886836 0
    outer loop
      vertex -0.401657 -15.0098 2.3
      vertex -0.454819 -15.0375 2.7
      vertex -0.401657 -15.0098 2.7
    endloop
  endfacet
  facet normal -0.462085 0.886836 0
    outer loop
      vertex -0.454819 -15.0375 2.7
      vertex -0.401657 -15.0098 2.3
      vertex -0.454819 -15.0375 2.3
    endloop
  endfacet
  facet normal -0.445649 0.895208 0
    outer loop
      vertex -0.349228 -14.9837 2.3
      vertex -0.401657 -15.0098 2.7
      vertex -0.349228 -14.9837 2.7
    endloop
  endfacet
  facet normal -0.445649 0.895208 0
    outer loop
      vertex -0.401657 -15.0098 2.7
      vertex -0.349228 -14.9837 2.3
      vertex -0.401657 -15.0098 2.3
    endloop
  endfacet
  facet normal -0.425396 0.905007 0
    outer loop
      vertex -0.297531 -14.9594 2.3
      vertex -0.349228 -14.9837 2.7
      vertex -0.297531 -14.9594 2.7
    endloop
  endfacet
  facet normal -0.425396 0.905007 0
    outer loop
      vertex -0.349228 -14.9837 2.7
      vertex -0.297531 -14.9594 2.3
      vertex -0.349228 -14.9837 2.3
    endloop
  endfacet
  facet normal -0.40528 0.914193 0
    outer loop
      vertex -0.246552 -14.9368 2.3
      vertex -0.297531 -14.9594 2.7
      vertex -0.246552 -14.9368 2.7
    endloop
  endfacet
  facet normal -0.40528 0.914193 0
    outer loop
      vertex -0.297531 -14.9594 2.7
      vertex -0.246552 -14.9368 2.3
      vertex -0.297531 -14.9594 2.3
    endloop
  endfacet
  facet normal -0.384041 0.923316 0
    outer loop
      vertex -0.196304 -14.9159 2.3
      vertex -0.246552 -14.9368 2.7
      vertex -0.196304 -14.9159 2.7
    endloop
  endfacet
  facet normal -0.384041 0.923316 0
    outer loop
      vertex -0.246552 -14.9368 2.7
      vertex -0.196304 -14.9159 2.3
      vertex -0.246552 -14.9368 2.3
    endloop
  endfacet
  facet normal -0.361634 0.93232 0
    outer loop
      vertex -0.146805 -14.8967 2.3
      vertex -0.196304 -14.9159 2.7
      vertex -0.146805 -14.8967 2.7
    endloop
  endfacet
  facet normal -0.361634 0.93232 0
    outer loop
      vertex -0.196304 -14.9159 2.7
      vertex -0.146805 -14.8967 2.3
      vertex -0.196304 -14.9159 2.3
    endloop
  endfacet
  facet normal -0.337665 0.941266 0
    outer loop
      vertex -0.0980225 -14.8792 2.3
      vertex -0.146805 -14.8967 2.7
      vertex -0.0980225 -14.8792 2.7
    endloop
  endfacet
  facet normal -0.337665 0.941266 0
    outer loop
      vertex -0.146805 -14.8967 2.7
      vertex -0.0980225 -14.8792 2.3
      vertex -0.146805 -14.8967 2.3
    endloop
  endfacet
  facet normal -0.312281 0.94999 0
    outer loop
      vertex -0.0499573 -14.8634 2.3
      vertex -0.0980225 -14.8792 2.7
      vertex -0.0499573 -14.8634 2.7
    endloop
  endfacet
  facet normal -0.312281 0.94999 0
    outer loop
      vertex -0.0980225 -14.8792 2.7
      vertex -0.0499573 -14.8634 2.3
      vertex -0.0980225 -14.8792 2.3
    endloop
  endfacet
  facet normal -0.284986 0.958532 0
    outer loop
      vertex -0.00253296 -14.8493 2.3
      vertex -0.0499573 -14.8634 2.7
      vertex -0.00253296 -14.8493 2.7
    endloop
  endfacet
  facet normal -0.284986 0.958532 0
    outer loop
      vertex -0.0499573 -14.8634 2.7
      vertex -0.00253296 -14.8493 2.3
      vertex -0.0499573 -14.8634 2.3
    endloop
  endfacet
  facet normal -0.255581 0.966788 0
    outer loop
      vertex 0.0443726 -14.8369 2.3
      vertex -0.00253296 -14.8493 2.7
      vertex 0.0443726 -14.8369 2.7
    endloop
  endfacet
  facet normal -0.255581 0.966788 0
    outer loop
      vertex -0.00253296 -14.8493 2.7
      vertex 0.0443726 -14.8369 2.3
      vertex -0.00253296 -14.8493 2.3
    endloop
  endfacet
  facet normal -0.226831 0.973934 0
    outer loop
      vertex 0.090744 -14.8261 2.3
      vertex 0.0443726 -14.8369 2.7
      vertex 0.090744 -14.8261 2.7
    endloop
  endfacet
  facet normal -0.226831 0.973934 0
    outer loop
      vertex 0.0443726 -14.8369 2.7
      vertex 0.090744 -14.8261 2.3
      vertex 0.0443726 -14.8369 2.3
    endloop
  endfacet
  facet normal -0.194664 0.98087 0
    outer loop
      vertex 0.136597 -14.817 2.3
      vertex 0.090744 -14.8261 2.7
      vertex 0.136597 -14.817 2.7
    endloop
  endfacet
  facet normal -0.194664 0.98087 0
    outer loop
      vertex 0.090744 -14.8261 2.7
      vertex 0.136597 -14.817 2.3
      vertex 0.090744 -14.8261 2.3
    endloop
  endfacet
  facet normal -0.163276 0.98658 0
    outer loop
      vertex 0.181915 -14.8095 2.3
      vertex 0.136597 -14.817 2.7
      vertex 0.181915 -14.8095 2.7
    endloop
  endfacet
  facet normal -0.163276 0.98658 0
    outer loop
      vertex 0.136597 -14.817 2.7
      vertex 0.181915 -14.8095 2.3
      vertex 0.136597 -14.817 2.3
    endloop
  endfacet
  facet normal -0.128435 0.991718 0
    outer loop
      vertex 0.2267 -14.8037 2.3
      vertex 0.181915 -14.8095 2.7
      vertex 0.2267 -14.8037 2.7
    endloop
  endfacet
  facet normal -0.128435 0.991718 0
    outer loop
      vertex 0.181915 -14.8095 2.7
      vertex 0.2267 -14.8037 2.3
      vertex 0.181915 -14.8095 2.3
    endloop
  endfacet
  facet normal -0.0922271 0.995738 0
    outer loop
      vertex 0.270966 -14.7996 2.3
      vertex 0.2267 -14.8037 2.7
      vertex 0.270966 -14.7996 2.7
    endloop
  endfacet
  facet normal -0.0922271 0.995738 0
    outer loop
      vertex 0.2267 -14.8037 2.7
      vertex 0.270966 -14.7996 2.3
      vertex 0.2267 -14.8037 2.3
    endloop
  endfacet
  facet normal -0.0570537 0.998371 0
    outer loop
      vertex 0.314713 -14.7971 2.3
      vertex 0.270966 -14.7996 2.7
      vertex 0.314713 -14.7971 2.7
    endloop
  endfacet
  facet normal -0.0570537 0.998371 0
    outer loop
      vertex 0.270966 -14.7996 2.7
      vertex 0.314713 -14.7971 2.3
      vertex 0.270966 -14.7996 2.3
    endloop
  endfacet
  facet normal -0.020823 0.999783 0
    outer loop
      vertex 0.357925 -14.7962 2.3
      vertex 0.314713 -14.7971 2.7
      vertex 0.357925 -14.7962 2.7
    endloop
  endfacet
  facet normal -0.020823 0.999783 0
    outer loop
      vertex 0.314713 -14.7971 2.7
      vertex 0.357925 -14.7962 2.3
      vertex 0.314713 -14.7971 2.3
    endloop
  endfacet
  facet normal 0.0320181 0.999487 -0
    outer loop
      vertex 0.417236 -14.7981 2.3
      vertex 0.357925 -14.7962 2.7
      vertex 0.417236 -14.7981 2.7
    endloop
  endfacet
  facet normal 0.0320181 0.999487 0
    outer loop
      vertex 0.357925 -14.7962 2.7
      vertex 0.417236 -14.7981 2.3
      vertex 0.357925 -14.7962 2.3
    endloop
  endfacet
  facet normal 0.099915 0.994996 -0
    outer loop
      vertex 0.473999 -14.8038 2.3
      vertex 0.417236 -14.7981 2.7
      vertex 0.473999 -14.8038 2.7
    endloop
  endfacet
  facet normal 0.099915 0.994996 0
    outer loop
      vertex 0.417236 -14.7981 2.7
      vertex 0.473999 -14.8038 2.3
      vertex 0.417236 -14.7981 2.3
    endloop
  endfacet
  facet normal 0.170743 0.985316 -0
    outer loop
      vertex 0.528244 -14.8132 2.3
      vertex 0.473999 -14.8038 2.7
      vertex 0.528244 -14.8132 2.7
    endloop
  endfacet
  facet normal 0.170743 0.985316 0
    outer loop
      vertex 0.473999 -14.8038 2.7
      vertex 0.528244 -14.8132 2.3
      vertex 0.473999 -14.8038 2.3
    endloop
  endfacet
  facet normal 0.247397 0.968914 -0
    outer loop
      vertex 0.579941 -14.8264 2.3
      vertex 0.528244 -14.8132 2.7
      vertex 0.579941 -14.8264 2.7
    endloop
  endfacet
  facet normal 0.247397 0.968914 0
    outer loop
      vertex 0.528244 -14.8132 2.7
      vertex 0.579941 -14.8264 2.3
      vertex 0.528244 -14.8132 2.3
    endloop
  endfacet
  facet normal 0.326796 0.945095 -0
    outer loop
      vertex 0.629105 -14.8434 2.3
      vertex 0.579941 -14.8264 2.7
      vertex 0.629105 -14.8434 2.7
    endloop
  endfacet
  facet normal 0.326796 0.945095 0
    outer loop
      vertex 0.579941 -14.8264 2.7
      vertex 0.629105 -14.8434 2.3
      vertex 0.579941 -14.8264 2.3
    endloop
  endfacet
  facet normal 0.405738 0.913989 -0
    outer loop
      vertex 0.675735 -14.8641 2.3
      vertex 0.629105 -14.8434 2.7
      vertex 0.675735 -14.8641 2.7
    endloop
  endfacet
  facet normal 0.405738 0.913989 0
    outer loop
      vertex 0.629105 -14.8434 2.7
      vertex 0.675735 -14.8641 2.3
      vertex 0.629105 -14.8434 2.3
    endloop
  endfacet
  facet normal 0.485786 0.874078 -0
    outer loop
      vertex 0.719818 -14.8886 2.3
      vertex 0.675735 -14.8641 2.7
      vertex 0.719818 -14.8886 2.7
    endloop
  endfacet
  facet normal 0.485786 0.874078 0
    outer loop
      vertex 0.675735 -14.8641 2.7
      vertex 0.719818 -14.8886 2.3
      vertex 0.675735 -14.8641 2.3
    endloop
  endfacet
  facet normal 0.562936 0.826501 -0
    outer loop
      vertex 0.761368 -14.9169 2.3
      vertex 0.719818 -14.8886 2.7
      vertex 0.761368 -14.9169 2.7
    endloop
  endfacet
  facet normal 0.562936 0.826501 0
    outer loop
      vertex 0.719818 -14.8886 2.7
      vertex 0.761368 -14.9169 2.3
      vertex 0.719818 -14.8886 2.3
    endloop
  endfacet
  facet normal 0.634151 0.773209 -0
    outer loop
      vertex 0.800385 -14.9489 2.3
      vertex 0.761368 -14.9169 2.7
      vertex 0.800385 -14.9489 2.7
    endloop
  endfacet
  facet normal 0.634151 0.773209 0
    outer loop
      vertex 0.761368 -14.9169 2.7
      vertex 0.800385 -14.9489 2.3
      vertex 0.761368 -14.9169 2.3
    endloop
  endfacet
  facet normal 0.700481 0.713671 -0
    outer loop
      vertex 0.836044 -14.9839 2.3
      vertex 0.800385 -14.9489 2.7
      vertex 0.836044 -14.9839 2.7
    endloop
  endfacet
  facet normal 0.700481 0.713671 0
    outer loop
      vertex 0.800385 -14.9489 2.7
      vertex 0.836044 -14.9839 2.3
      vertex 0.800385 -14.9489 2.3
    endloop
  endfacet
  facet normal 0.764371 0.644777 0
    outer loop
      vertex 0.867508 -15.0212 2.7
      vertex 0.836044 -14.9839 2.3
      vertex 0.836044 -14.9839 2.7
    endloop
  endfacet
  facet normal 0.764371 0.644777 0
    outer loop
      vertex 0.836044 -14.9839 2.3
      vertex 0.867508 -15.0212 2.7
      vertex 0.867508 -15.0212 2.3
    endloop
  endfacet
  facet normal 0.822289 0.56907 0
    outer loop
      vertex 0.894775 -15.0606 2.7
      vertex 0.867508 -15.0212 2.3
      vertex 0.867508 -15.0212 2.7
    endloop
  endfacet
  facet normal 0.822289 0.56907 0
    outer loop
      vertex 0.867508 -15.0212 2.3
      vertex 0.894775 -15.0606 2.7
      vertex 0.894775 -15.0606 2.3
    endloop
  endfacet
  facet normal 0.874999 0.484124 0
    outer loop
      vertex 0.917847 -15.1023 2.7
      vertex 0.894775 -15.0606 2.3
      vertex 0.894775 -15.0606 2.7
    endloop
  endfacet
  facet normal 0.874999 0.484124 0
    outer loop
      vertex 0.894775 -15.0606 2.3
      vertex 0.917847 -15.1023 2.7
      vertex 0.917847 -15.1023 2.3
    endloop
  endfacet
  facet normal 0.918684 0.394992 0
    outer loop
      vertex 0.936722 -15.1462 2.7
      vertex 0.917847 -15.1023 2.3
      vertex 0.917847 -15.1023 2.7
    endloop
  endfacet
  facet normal 0.918684 0.394992 0
    outer loop
      vertex 0.917847 -15.1023 2.3
      vertex 0.936722 -15.1462 2.7
      vertex 0.936722 -15.1462 2.3
    endloop
  endfacet
  facet normal 0.952861 0.303407 0
    outer loop
      vertex 0.951401 -15.1923 2.7
      vertex 0.936722 -15.1462 2.3
      vertex 0.936722 -15.1462 2.7
    endloop
  endfacet
  facet normal 0.952861 0.303407 0
    outer loop
      vertex 0.936722 -15.1462 2.3
      vertex 0.951401 -15.1923 2.7
      vertex 0.951401 -15.1923 2.3
    endloop
  endfacet
  facet normal 0.977248 0.212101 0
    outer loop
      vertex 0.961884 -15.2406 2.7
      vertex 0.951401 -15.1923 2.3
      vertex 0.951401 -15.1923 2.7
    endloop
  endfacet
  facet normal 0.977248 0.212101 0
    outer loop
      vertex 0.951401 -15.1923 2.3
      vertex 0.961884 -15.2406 2.7
      vertex 0.961884 -15.2406 2.3
    endloop
  endfacet
  facet normal 0.992306 0.123812 0
    outer loop
      vertex 0.968185 -15.2911 2.7
      vertex 0.961884 -15.2406 2.3
      vertex 0.961884 -15.2406 2.7
    endloop
  endfacet
  facet normal 0.992306 0.123812 0
    outer loop
      vertex 0.961884 -15.2406 2.3
      vertex 0.968185 -15.2911 2.7
      vertex 0.968185 -15.2911 2.3
    endloop
  endfacet
  facet normal 0.999214 0.0396462 0
    outer loop
      vertex 0.970276 -15.3438 2.7
      vertex 0.968185 -15.2911 2.3
      vertex 0.968185 -15.2911 2.7
    endloop
  endfacet
  facet normal 0.999214 0.0396462 0
    outer loop
      vertex 0.968185 -15.2911 2.3
      vertex 0.970276 -15.3438 2.7
      vertex 0.970276 -15.3438 2.3
    endloop
  endfacet
  facet normal 0.999579 -0.029021 0
    outer loop
      vertex 0.969315 -15.3769 2.7
      vertex 0.970276 -15.3438 2.3
      vertex 0.970276 -15.3438 2.7
    endloop
  endfacet
  facet normal 0.999579 -0.029021 0
    outer loop
      vertex 0.970276 -15.3438 2.3
      vertex 0.969315 -15.3769 2.7
      vertex 0.969315 -15.3769 2.3
    endloop
  endfacet
  facet normal 0.996207 -0.0870181 0
    outer loop
      vertex 0.966415 -15.4101 2.7
      vertex 0.969315 -15.3769 2.3
      vertex 0.969315 -15.3769 2.7
    endloop
  endfacet
  facet normal 0.996207 -0.0870181 0
    outer loop
      vertex 0.969315 -15.3769 2.3
      vertex 0.966415 -15.4101 2.7
      vertex 0.966415 -15.4101 2.3
    endloop
  endfacet
  facet normal 0.989615 -0.143747 0
    outer loop
      vertex 0.961578 -15.4434 2.7
      vertex 0.966415 -15.4101 2.3
      vertex 0.966415 -15.4101 2.7
    endloop
  endfacet
  facet normal 0.989615 -0.143747 0
    outer loop
      vertex 0.966415 -15.4101 2.3
      vertex 0.961578 -15.4434 2.7
      vertex 0.961578 -15.4434 2.3
    endloop
  endfacet
  facet normal 0.980156 -0.198226 0
    outer loop
      vertex 0.954803 -15.4769 2.7
      vertex 0.961578 -15.4434 2.3
      vertex 0.961578 -15.4434 2.7
    endloop
  endfacet
  facet normal 0.980156 -0.198226 0
    outer loop
      vertex 0.961578 -15.4434 2.3
      vertex 0.954803 -15.4769 2.7
      vertex 0.954803 -15.4769 2.3
    endloop
  endfacet
  facet normal 0.968096 -0.250581 0
    outer loop
      vertex 0.946106 -15.5105 2.7
      vertex 0.954803 -15.4769 2.3
      vertex 0.954803 -15.4769 2.7
    endloop
  endfacet
  facet normal 0.968096 -0.250581 0
    outer loop
      vertex 0.954803 -15.4769 2.3
      vertex 0.946106 -15.5105 2.7
      vertex 0.946106 -15.5105 2.3
    endloop
  endfacet
  facet normal 0.95364 -0.300949 0
    outer loop
      vertex 0.935471 -15.5442 2.7
      vertex 0.946106 -15.5105 2.3
      vertex 0.946106 -15.5105 2.7
    endloop
  endfacet
  facet normal 0.95364 -0.300949 0
    outer loop
      vertex 0.946106 -15.5105 2.3
      vertex 0.935471 -15.5442 2.7
      vertex 0.935471 -15.5442 2.3
    endloop
  endfacet
  facet normal 0.937247 -0.348667 0
    outer loop
      vertex 0.922897 -15.578 2.7
      vertex 0.935471 -15.5442 2.3
      vertex 0.935471 -15.5442 2.7
    endloop
  endfacet
  facet normal 0.937247 -0.348667 0
    outer loop
      vertex 0.935471 -15.5442 2.3
      vertex 0.922897 -15.578 2.7
      vertex 0.922897 -15.578 2.3
    endloop
  endfacet
  facet normal 0.919736 -0.392538 0
    outer loop
      vertex 0.908386 -15.612 2.7
      vertex 0.922897 -15.578 2.3
      vertex 0.922897 -15.578 2.7
    endloop
  endfacet
  facet normal 0.919736 -0.392538 0
    outer loop
      vertex 0.922897 -15.578 2.3
      vertex 0.908386 -15.612 2.7
      vertex 0.908386 -15.612 2.3
    endloop
  endfacet
  facet normal 0.900852 -0.434126 0
    outer loop
      vertex 0.891953 -15.6461 2.7
      vertex 0.908386 -15.612 2.3
      vertex 0.908386 -15.612 2.7
    endloop
  endfacet
  facet normal 0.900852 -0.434126 0
    outer loop
      vertex 0.908386 -15.612 2.3
      vertex 0.891953 -15.6461 2.7
      vertex 0.891953 -15.6461 2.3
    endloop
  endfacet
  facet normal 0.880158 -0.474682 0
    outer loop
      vertex 0.873077 -15.6811 2.7
      vertex 0.891953 -15.6461 2.3
      vertex 0.891953 -15.6461 2.7
    endloop
  endfacet
  facet normal 0.880158 -0.474682 0
    outer loop
      vertex 0.891953 -15.6461 2.3
      vertex 0.873077 -15.6811 2.7
      vertex 0.873077 -15.6811 2.3
    endloop
  endfacet
  facet normal 0.858939 -0.512078 0
    outer loop
      vertex 0.851257 -15.7177 2.7
      vertex 0.873077 -15.6811 2.3
      vertex 0.873077 -15.6811 2.7
    endloop
  endfacet
  facet normal 0.858939 -0.512078 0
    outer loop
      vertex 0.873077 -15.6811 2.3
      vertex 0.851257 -15.7177 2.7
      vertex 0.851257 -15.7177 2.3
    endloop
  endfacet
  facet normal 0.840548 -0.541737 0
    outer loop
      vertex 0.826508 -15.7561 2.7
      vertex 0.851257 -15.7177 2.3
      vertex 0.851257 -15.7177 2.7
    endloop
  endfacet
  facet normal 0.840548 -0.541737 0
    outer loop
      vertex 0.851257 -15.7177 2.3
      vertex 0.826508 -15.7561 2.7
      vertex 0.826508 -15.7561 2.3
    endloop
  endfacet
  facet normal 0.822166 -0.569247 0
    outer loop
      vertex 0.798813 -15.7961 2.7
      vertex 0.826508 -15.7561 2.3
      vertex 0.826508 -15.7561 2.7
    endloop
  endfacet
  facet normal 0.822166 -0.569247 0
    outer loop
      vertex 0.826508 -15.7561 2.3
      vertex 0.798813 -15.7961 2.7
      vertex 0.798813 -15.7961 2.3
    endloop
  endfacet
  facet normal 0.806666 -0.591008 0
    outer loop
      vertex 0.768188 -15.8379 2.7
      vertex 0.798813 -15.7961 2.3
      vertex 0.798813 -15.7961 2.7
    endloop
  endfacet
  facet normal 0.806666 -0.591008 0
    outer loop
      vertex 0.798813 -15.7961 2.3
      vertex 0.768188 -15.8379 2.7
      vertex 0.768188 -15.8379 2.3
    endloop
  endfacet
  facet normal 0.791129 -0.611649 0
    outer loop
      vertex 0.734634 -15.8813 2.7
      vertex 0.768188 -15.8379 2.3
      vertex 0.768188 -15.8379 2.7
    endloop
  endfacet
  facet normal 0.791129 -0.611649 0
    outer loop
      vertex 0.768188 -15.8379 2.3
      vertex 0.734634 -15.8813 2.7
      vertex 0.734634 -15.8813 2.3
    endloop
  endfacet
  facet normal 0.777207 -0.629245 0
    outer loop
      vertex 0.69812 -15.9264 2.7
      vertex 0.734634 -15.8813 2.3
      vertex 0.734634 -15.8813 2.7
    endloop
  endfacet
  facet normal 0.777207 -0.629245 0
    outer loop
      vertex 0.734634 -15.8813 2.3
      vertex 0.69812 -15.9264 2.7
      vertex 0.69812 -15.9264 2.3
    endloop
  endfacet
  facet normal 0.764762 -0.644312 0
    outer loop
      vertex 0.658691 -15.9732 2.7
      vertex 0.69812 -15.9264 2.3
      vertex 0.69812 -15.9264 2.7
    endloop
  endfacet
  facet normal 0.764762 -0.644312 0
    outer loop
      vertex 0.69812 -15.9264 2.3
      vertex 0.658691 -15.9732 2.7
      vertex 0.658691 -15.9732 2.3
    endloop
  endfacet
  facet normal 0.752276 -0.658848 0
    outer loop
      vertex 0.616302 -16.0216 2.7
      vertex 0.658691 -15.9732 2.3
      vertex 0.658691 -15.9732 2.7
    endloop
  endfacet
  facet normal 0.752276 -0.658848 0
    outer loop
      vertex 0.658691 -15.9732 2.3
      vertex 0.616302 -16.0216 2.7
      vertex 0.616302 -16.0216 2.3
    endloop
  endfacet
  facet normal 0.744001 -0.668178 0
    outer loop
      vertex 0.589539 -16.0514 2.7
      vertex 0.616302 -16.0216 2.3
      vertex 0.616302 -16.0216 2.7
    endloop
  endfacet
  facet normal 0.744001 -0.668178 0
    outer loop
      vertex 0.616302 -16.0216 2.3
      vertex 0.589539 -16.0514 2.7
      vertex 0.589539 -16.0514 2.3
    endloop
  endfacet
  facet normal 0.734693 -0.6784 0
    outer loop
      vertex 0.555374 -16.0884 2.7
      vertex 0.589539 -16.0514 2.3
      vertex 0.589539 -16.0514 2.7
    endloop
  endfacet
  facet normal 0.734693 -0.6784 0
    outer loop
      vertex 0.589539 -16.0514 2.3
      vertex 0.555374 -16.0884 2.7
      vertex 0.555374 -16.0884 2.3
    endloop
  endfacet
  facet normal 0.728364 -0.68519 0
    outer loop
      vertex 0.513794 -16.1326 2.7
      vertex 0.555374 -16.0884 2.3
      vertex 0.555374 -16.0884 2.7
    endloop
  endfacet
  facet normal 0.728364 -0.68519 0
    outer loop
      vertex 0.555374 -16.0884 2.3
      vertex 0.513794 -16.1326 2.7
      vertex 0.513794 -16.1326 2.3
    endloop
  endfacet
  facet normal 0.72316 -0.690681 0
    outer loop
      vertex 0.464798 -16.1839 2.7
      vertex 0.513794 -16.1326 2.3
      vertex 0.513794 -16.1326 2.7
    endloop
  endfacet
  facet normal 0.72316 -0.690681 0
    outer loop
      vertex 0.513794 -16.1326 2.3
      vertex 0.464798 -16.1839 2.7
      vertex 0.464798 -16.1839 2.3
    endloop
  endfacet
  facet normal 0.719335 -0.694663 0
    outer loop
      vertex 0.408401 -16.2423 2.7
      vertex 0.464798 -16.1839 2.3
      vertex 0.464798 -16.1839 2.7
    endloop
  endfacet
  facet normal 0.719335 -0.694663 0
    outer loop
      vertex 0.464798 -16.1839 2.3
      vertex 0.408401 -16.2423 2.7
      vertex 0.408401 -16.2423 2.3
    endloop
  endfacet
  facet normal 0.717339 -0.696725 0
    outer loop
      vertex 0.344589 -16.308 2.7
      vertex 0.408401 -16.2423 2.3
      vertex 0.408401 -16.2423 2.7
    endloop
  endfacet
  facet normal 0.717339 -0.696725 0
    outer loop
      vertex 0.408401 -16.2423 2.3
      vertex 0.344589 -16.308 2.7
      vertex 0.344589 -16.308 2.3
    endloop
  endfacet
  facet normal 0.714375 -0.699763 0
    outer loop
      vertex 0.273376 -16.3807 2.7
      vertex 0.344589 -16.308 2.3
      vertex 0.344589 -16.308 2.7
    endloop
  endfacet
  facet normal 0.714375 -0.699763 0
    outer loop
      vertex 0.344589 -16.308 2.3
      vertex 0.273376 -16.3807 2.7
      vertex 0.273376 -16.3807 2.3
    endloop
  endfacet
  facet normal 0.713196 -0.700965 0
    outer loop
      vertex 0.194748 -16.4607 2.7
      vertex 0.273376 -16.3807 2.3
      vertex 0.273376 -16.3807 2.7
    endloop
  endfacet
  facet normal 0.713196 -0.700965 0
    outer loop
      vertex 0.273376 -16.3807 2.3
      vertex 0.194748 -16.4607 2.7
      vertex 0.194748 -16.4607 2.3
    endloop
  endfacet
  facet normal 0.711406 -0.702781 0
    outer loop
      vertex 0.108704 -16.5478 2.7
      vertex 0.194748 -16.4607 2.3
      vertex 0.194748 -16.4607 2.7
    endloop
  endfacet
  facet normal 0.711406 -0.702781 0
    outer loop
      vertex 0.194748 -16.4607 2.3
      vertex 0.108704 -16.5478 2.7
      vertex 0.108704 -16.5478 2.3
    endloop
  endfacet
  facet normal 0.710982 -0.703211 0
    outer loop
      vertex 0.0210724 -16.6364 2.7
      vertex 0.108704 -16.5478 2.3
      vertex 0.108704 -16.5478 2.7
    endloop
  endfacet
  facet normal 0.710982 -0.703211 0
    outer loop
      vertex 0.108704 -16.5478 2.3
      vertex 0.0210724 -16.6364 2.7
      vertex 0.0210724 -16.6364 2.3
    endloop
  endfacet
  facet normal 0.711928 -0.702253 0
    outer loop
      vertex -0.0623779 -16.721 2.7
      vertex 0.0210724 -16.6364 2.3
      vertex 0.0210724 -16.6364 2.7
    endloop
  endfacet
  facet normal 0.711928 -0.702253 0
    outer loop
      vertex 0.0210724 -16.6364 2.3
      vertex -0.0623779 -16.721 2.7
      vertex -0.0623779 -16.721 2.3
    endloop
  endfacet
  facet normal 0.7126 -0.701571 0
    outer loop
      vertex -0.141632 -16.8015 2.7
      vertex -0.0623779 -16.721 2.3
      vertex -0.0623779 -16.721 2.7
    endloop
  endfacet
  facet normal 0.7126 -0.701571 0
    outer loop
      vertex -0.0623779 -16.721 2.3
      vertex -0.141632 -16.8015 2.7
      vertex -0.141632 -16.8015 2.3
    endloop
  endfacet
  facet normal 0.712955 -0.70121 0
    outer loop
      vertex -0.216675 -16.8778 2.7
      vertex -0.141632 -16.8015 2.3
      vertex -0.141632 -16.8015 2.7
    endloop
  endfacet
  facet normal 0.712955 -0.70121 0
    outer loop
      vertex -0.141632 -16.8015 2.3
      vertex -0.216675 -16.8778 2.7
      vertex -0.216675 -16.8778 2.3
    endloop
  endfacet
  facet normal 0.714173 -0.699969 0
    outer loop
      vertex -0.287537 -16.9501 2.7
      vertex -0.216675 -16.8778 2.3
      vertex -0.216675 -16.8778 2.7
    endloop
  endfacet
  facet normal 0.714173 -0.699969 0
    outer loop
      vertex -0.216675 -16.8778 2.3
      vertex -0.287537 -16.9501 2.7
      vertex -0.287537 -16.9501 2.3
    endloop
  endfacet
  facet normal 0.714596 -0.699538 0
    outer loop
      vertex -0.354202 -17.0182 2.7
      vertex -0.287537 -16.9501 2.3
      vertex -0.287537 -16.9501 2.7
    endloop
  endfacet
  facet normal 0.714596 -0.699538 0
    outer loop
      vertex -0.287537 -16.9501 2.3
      vertex -0.354202 -17.0182 2.7
      vertex -0.354202 -17.0182 2.3
    endloop
  endfacet
  facet normal 0.71607 -0.698029 0
    outer loop
      vertex -0.416687 -17.0823 2.7
      vertex -0.354202 -17.0182 2.3
      vertex -0.354202 -17.0182 2.7
    endloop
  endfacet
  facet normal 0.71607 -0.698029 0
    outer loop
      vertex -0.354202 -17.0182 2.3
      vertex -0.416687 -17.0823 2.7
      vertex -0.416687 -17.0823 2.3
    endloop
  endfacet
  facet normal 0.717355 -0.696707 0
    outer loop
      vertex -0.47496 -17.1423 2.7
      vertex -0.416687 -17.0823 2.3
      vertex -0.416687 -17.0823 2.7
    endloop
  endfacet
  facet normal 0.717355 -0.696707 0
    outer loop
      vertex -0.416687 -17.0823 2.3
      vertex -0.47496 -17.1423 2.7
      vertex -0.47496 -17.1423 2.3
    endloop
  endfacet
  facet normal 0.718004 -0.696039 0
    outer loop
      vertex -0.529053 -17.1981 2.7
      vertex -0.47496 -17.1423 2.3
      vertex -0.47496 -17.1423 2.7
    endloop
  endfacet
  facet normal 0.718004 -0.696039 0
    outer loop
      vertex -0.47496 -17.1423 2.3
      vertex -0.529053 -17.1981 2.7
      vertex -0.529053 -17.1981 2.3
    endloop
  endfacet
  facet normal 1 -0 0
    outer loop
      vertex -0.529053 -17.5437 2.7
      vertex -0.529053 -17.1981 2.3
      vertex -0.529053 -17.1981 2.7
    endloop
  endfacet
  facet normal 1 0 0
    outer loop
      vertex -0.529053 -17.1981 2.3
      vertex -0.529053 -17.5437 2.7
      vertex -0.529053 -17.5437 2.3
    endloop
  endfacet
  facet normal 0 1 -0
    outer loop
      vertex 1.39952 -17.5437 2.3
      vertex -0.529053 -17.5437 2.7
      vertex 1.39952 -17.5437 2.7
    endloop
  endfacet
  facet normal 0 1 0
    outer loop
      vertex -0.529053 -17.5437 2.7
      vertex 1.39952 -17.5437 2.3
      vertex -0.529053 -17.5437 2.3
    endloop
  endfacet
  facet normal -1 0 0
    outer loop
      vertex 1.39952 -17.5437 2.3
      vertex 1.39952 -17.1981 2.7
      vertex 1.39952 -17.1981 2.3
    endloop
  endfacet
  facet normal -1 -0 0
    outer loop
      vertex 1.39952 -17.1981 2.7
      vertex 1.39952 -17.5437 2.3
      vertex 1.39952 -17.5437 2.7
    endloop
  endfacet
  facet normal 0 -1 0
    outer loop
      vertex -4.41689 -17.1981 2.3
      vertex -3.74556 -17.1981 2.7
      vertex -4.41689 -17.1981 2.7
    endloop
  endfacet
  facet normal 0 -1 -0
    outer loop
      vertex -3.74556 -17.1981 2.7
      vertex -4.41689 -17.1981 2.3
      vertex -3.74556 -17.1981 2.3
    endloop
  endfacet
  facet normal -1 0 0
    outer loop
      vertex -4.41689 -17.1981 2.3
      vertex -4.41689 -14.5063 2.7
      vertex -4.41689 -14.5063 2.3
    endloop
  endfacet
  facet normal -1 -0 0
    outer loop
      vertex -4.41689 -14.5063 2.7
      vertex -4.41689 -17.1981 2.3
      vertex -4.41689 -17.1981 2.7
    endloop
  endfacet
  facet normal 0 -1 0
    outer loop
      vertex -4.82784 -14.5063 2.3
      vertex -4.41689 -14.5063 2.7
      vertex -4.82784 -14.5063 2.7
    endloop
  endfacet
  facet normal 0 -1 -0
    outer loop
      vertex -4.41689 -14.5063 2.7
      vertex -4.82784 -14.5063 2.3
      vertex -4.41689 -14.5063 2.3
    endloop
  endfacet
  facet normal 0.196955 -0.980413 0
    outer loop
      vertex -5.55411 -14.6522 2.3
      vertex -4.82784 -14.5063 2.7
      vertex -5.55411 -14.6522 2.7
    endloop
  endfacet
  facet normal 0.196955 -0.980413 0
    outer loop
      vertex -4.82784 -14.5063 2.7
      vertex -5.55411 -14.6522 2.3
      vertex -4.82784 -14.5063 2.3
    endloop
  endfacet
  facet normal 1 -0 0
    outer loop
      vertex -5.55411 -15.0266 2.7
      vertex -5.55411 -14.6522 2.3
      vertex -5.55411 -14.6522 2.7
    endloop
  endfacet
  facet normal 1 0 0
    outer loop
      vertex -5.55411 -14.6522 2.3
      vertex -5.55411 -15.0266 2.7
      vertex -5.55411 -15.0266 2.3
    endloop
  endfacet
  facet normal -0.195894 0.980625 0
    outer loop
      vertex -4.82375 -14.8807 2.3
      vertex -5.55411 -15.0266 2.7
      vertex -4.82375 -14.8807 2.7
    endloop
  endfacet
  facet normal -0.195894 0.980625 0
    outer loop
      vertex -5.55411 -15.0266 2.7
      vertex -4.82375 -14.8807 2.3
      vertex -5.55411 -15.0266 2.3
    endloop
  endfacet
  facet normal 1 -0 0
    outer loop
      vertex -4.82375 -17.1981 2.7
      vertex -4.82375 -14.8807 2.3
      vertex -4.82375 -14.8807 2.7
    endloop
  endfacet
  facet normal 1 0 0
    outer loop
      vertex -4.82375 -14.8807 2.3
      vertex -4.82375 -17.1981 2.7
      vertex -4.82375 -17.1981 2.3
    endloop
  endfacet
  facet normal 0 -1 0
    outer loop
      vertex -5.49512 -17.1981 2.3
      vertex -4.82375 -17.1981 2.7
      vertex -5.49512 -17.1981 2.7
    endloop
  endfacet
  facet normal 0 -1 -0
    outer loop
      vertex -4.82375 -17.1981 2.7
      vertex -5.49512 -17.1981 2.3
      vertex -4.82375 -17.1981 2.3
    endloop
  endfacet
  facet normal 1 -0 0
    outer loop
      vertex -5.49512 -17.5437 2.7
      vertex -5.49512 -17.1981 2.3
      vertex -5.49512 -17.1981 2.7
    endloop
  endfacet
  facet normal 1 0 0
    outer loop
      vertex -5.49512 -17.1981 2.3
      vertex -5.49512 -17.5437 2.7
      vertex -5.49512 -17.5437 2.3
    endloop
  endfacet
  facet normal 0 1 -0
    outer loop
      vertex -3.74556 -17.5437 2.3
      vertex -5.49512 -17.5437 2.7
      vertex -3.74556 -17.5437 2.7
    endloop
  endfacet
  facet normal 0 1 0
    outer loop
      vertex -5.49512 -17.5437 2.7
      vertex -3.74556 -17.5437 2.3
      vertex -5.49512 -17.5437 2.3
    endloop
  endfacet
  facet normal -1 0 0
    outer loop
      vertex -3.74556 -17.5437 2.3
      vertex -3.74556 -17.1981 2.7
      vertex -3.74556 -17.1981 2.3
    endloop
  endfacet
  facet normal -1 -0 0
    outer loop
      vertex -3.74556 -17.1981 2.7
      vertex -3.74556 -17.5437 2.3
      vertex -3.74556 -17.5437 2.7
    endloop
  endfacet
  facet normal 0 -1 0
    outer loop
      vertex -1.82808 -17.1981 2.3
      vertex -1.15674 -17.1981 2.7
      vertex -1.82808 -17.1981 2.7
    endloop
  endfacet
  facet normal 0 -1 -0
    outer loop
      vertex -1.15674 -17.1981 2.7
      vertex -1.82808 -17.1981 2.3
      vertex -1.15674 -17.1981 2.3
    endloop
  endfacet
  facet normal -1 0 0
    outer loop
      vertex -1.82808 -17.1981 2.3
      vertex -1.82808 -14.5063 2.7
      vertex -1.82808 -14.5063 2.3
    endloop
  endfacet
  facet normal -1 -0 0
    outer loop
      vertex -1.82808 -14.5063 2.7
      vertex -1.82808 -17.1981 2.3
      vertex -1.82808 -17.1981 2.7
    endloop
  endfacet
  facet normal 0 -1 0
    outer loop
      vertex -2.23901 -14.5063 2.3
      vertex -1.82808 -14.5063 2.7
      vertex -2.23901 -14.5063 2.7
    endloop
  endfacet
  facet normal 0 -1 -0
    outer loop
      vertex -1.82808 -14.5063 2.7
      vertex -2.23901 -14.5063 2.3
      vertex -1.82808 -14.5063 2.3
    endloop
  endfacet
  facet normal 0.196952 -0.980413 0
    outer loop
      vertex -2.96529 -14.6522 2.3
      vertex -2.23901 -14.5063 2.7
      vertex -2.96529 -14.6522 2.7
    endloop
  endfacet
  facet normal 0.196952 -0.980413 0
    outer loop
      vertex -2.23901 -14.5063 2.7
      vertex -2.96529 -14.6522 2.3
      vertex -2.23901 -14.5063 2.3
    endloop
  endfacet
  facet normal 1 -0 0
    outer loop
      vertex -2.96529 -15.0266 2.7
      vertex -2.96529 -14.6522 2.3
      vertex -2.96529 -14.6522 2.7
    endloop
  endfacet
  facet normal 1 0 0
    outer loop
      vertex -2.96529 -14.6522 2.3
      vertex -2.96529 -15.0266 2.7
      vertex -2.96529 -15.0266 2.3
    endloop
  endfacet
  facet normal -0.195897 0.980625 0
    outer loop
      vertex -2.23494 -14.8807 2.3
      vertex -2.96529 -15.0266 2.7
      vertex -2.23494 -14.8807 2.7
    endloop
  endfacet
  facet normal -0.195897 0.980625 0
    outer loop
      vertex -2.96529 -15.0266 2.7
      vertex -2.23494 -14.8807 2.3
      vertex -2.96529 -15.0266 2.3
    endloop
  endfacet
  facet normal 1 -0 0
    outer loop
      vertex -2.23494 -17.1981 2.7
      vertex -2.23494 -14.8807 2.3
      vertex -2.23494 -14.8807 2.7
    endloop
  endfacet
  facet normal 1 0 0
    outer loop
      vertex -2.23494 -14.8807 2.3
      vertex -2.23494 -17.1981 2.7
      vertex -2.23494 -17.1981 2.3
    endloop
  endfacet
  facet normal 0 -1 0
    outer loop
      vertex -2.90631 -17.1981 2.3
      vertex -2.23494 -17.1981 2.7
      vertex -2.90631 -17.1981 2.7
    endloop
  endfacet
  facet normal 0 -1 -0
    outer loop
      vertex -2.23494 -17.1981 2.7
      vertex -2.90631 -17.1981 2.3
      vertex -2.23494 -17.1981 2.3
    endloop
  endfacet
  facet normal 1 -0 0
    outer loop
      vertex -2.90631 -17.5437 2.7
      vertex -2.90631 -17.1981 2.3
      vertex -2.90631 -17.1981 2.7
    endloop
  endfacet
  facet normal 1 0 0
    outer loop
      vertex -2.90631 -17.1981 2.3
      vertex -2.90631 -17.5437 2.7
      vertex -2.90631 -17.5437 2.3
    endloop
  endfacet
  facet normal 0 1 -0
    outer loop
      vertex -1.15674 -17.5437 2.3
      vertex -2.90631 -17.5437 2.7
      vertex -1.15674 -17.5437 2.7
    endloop
  endfacet
  facet normal 0 1 0
    outer loop
      vertex -2.90631 -17.5437 2.7
      vertex -1.15674 -17.5437 2.3
      vertex -2.90631 -17.5437 2.3
    endloop
  endfacet
  facet normal -1 0 0
    outer loop
      vertex -1.15674 -17.5437 2.3
      vertex -1.15674 -17.1981 2.7
      vertex -1.15674 -17.1981 2.3
    endloop
  endfacet
  facet normal -1 -0 0
    outer loop
      vertex -1.15674 -17.1981 2.7
      vertex -1.15674 -17.5437 2.3
      vertex -1.15674 -17.5437 2.7
    endloop
  endfacet
  facet normal -0.0881357 0.996108 0
    outer loop
      vertex 4.40343 -17.5898 2.3
      vertex 4.28928 -17.5999 2.7
      vertex 4.40343 -17.5898 2.7
    endloop
  endfacet
  facet normal -0.0881357 0.996108 0
    outer loop
      vertex 4.28928 -17.5999 2.7
      vertex 4.40343 -17.5898 2.3
      vertex 4.28928 -17.5999 2.3
    endloop
  endfacet
  facet normal -0.152855 0.988249 0
    outer loop
      vertex 4.5114 -17.5731 2.3
      vertex 4.40343 -17.5898 2.7
      vertex 4.5114 -17.5731 2.7
    endloop
  endfacet
  facet normal -0.152855 0.988249 0
    outer loop
      vertex 4.40343 -17.5898 2.7
      vertex 4.5114 -17.5731 2.3
      vertex 4.40343 -17.5898 2.3
    endloop
  endfacet
  facet normal -0.22495 0.97437 0
    outer loop
      vertex 4.61319 -17.5496 2.3
      vertex 4.5114 -17.5731 2.7
      vertex 4.61319 -17.5496 2.7
    endloop
  endfacet
  facet normal -0.22495 0.97437 0
    outer loop
      vertex 4.5114 -17.5731 2.7
      vertex 4.61319 -17.5496 2.3
      vertex 4.5114 -17.5731 2.3
    endloop
  endfacet
  facet normal -0.301141 0.95358 0
    outer loop
      vertex 4.70882 -17.5194 2.3
      vertex 4.61319 -17.5496 2.7
      vertex 4.70882 -17.5194 2.7
    endloop
  endfacet
  facet normal -0.301141 0.95358 0
    outer loop
      vertex 4.61319 -17.5496 2.7
      vertex 4.70882 -17.5194 2.3
      vertex 4.61319 -17.5496 2.3
    endloop
  endfacet
  facet normal -0.38142 0.924402 0
    outer loop
      vertex 4.79825 -17.4825 2.3
      vertex 4.70882 -17.5194 2.7
      vertex 4.79825 -17.4825 2.7
    endloop
  endfacet
  facet normal -0.38142 0.924402 0
    outer loop
      vertex 4.70882 -17.5194 2.7
      vertex 4.79825 -17.4825 2.3
      vertex 4.70882 -17.5194 2.3
    endloop
  endfacet
  facet normal -0.46386 0.885909 0
    outer loop
      vertex 4.88152 -17.4389 2.3
      vertex 4.79825 -17.4825 2.7
      vertex 4.88152 -17.4389 2.7
    endloop
  endfacet
  facet normal -0.46386 0.885909 0
    outer loop
      vertex 4.79825 -17.4825 2.7
      vertex 4.88152 -17.4389 2.3
      vertex 4.79825 -17.4825 2.3
    endloop
  endfacet
  facet normal -0.546549 0.837427 0
    outer loop
      vertex 4.95859 -17.3886 2.3
      vertex 4.88152 -17.4389 2.7
      vertex 4.95859 -17.3886 2.7
    endloop
  endfacet
  facet normal -0.546549 0.837427 0
    outer loop
      vertex 4.88152 -17.4389 2.7
      vertex 4.95859 -17.3886 2.3
      vertex 4.88152 -17.4389 2.3
    endloop
  endfacet
  facet normal -0.626516 0.779408 0
    outer loop
      vertex 5.0295 -17.3316 2.3
      vertex 4.95859 -17.3886 2.7
      vertex 5.0295 -17.3316 2.7
    endloop
  endfacet
  facet normal -0.626516 0.779408 0
    outer loop
      vertex 4.95859 -17.3886 2.7
      vertex 5.0295 -17.3316 2.3
      vertex 4.95859 -17.3886 2.3
    endloop
  endfacet
  facet normal -0.70186 0.712315 0
    outer loop
      vertex 5.09354 -17.2685 2.3
      vertex 5.0295 -17.3316 2.7
      vertex 5.09354 -17.2685 2.7
    endloop
  endfacet
  facet normal -0.70186 0.712315 0
    outer loop
      vertex 5.0295 -17.3316 2.7
      vertex 5.09354 -17.2685 2.3
      vertex 5.0295 -17.3316 2.3
    endloop
  endfacet
  facet normal -0.771387 0.636366 0
    outer loop
      vertex 5.09354 -17.2685 2.3
      vertex 5.15005 -17.2 2.7
      vertex 5.15005 -17.2 2.3
    endloop
  endfacet
  facet normal -0.771387 0.636366 0
    outer loop
      vertex 5.15005 -17.2 2.7
      vertex 5.09354 -17.2685 2.3
      vertex 5.09354 -17.2685 2.7
    endloop
  endfacet
  facet normal -0.833592 0.552381 0
    outer loop
      vertex 5.15005 -17.2 2.3
      vertex 5.19902 -17.1261 2.7
      vertex 5.19902 -17.1261 2.3
    endloop
  endfacet
  facet normal -0.833592 0.552381 0
    outer loop
      vertex 5.19902 -17.1261 2.7
      vertex 5.15005 -17.2 2.3
      vertex 5.15005 -17.2 2.7
    endloop
  endfacet
  facet normal -0.886282 0.463146 0
    outer loop
      vertex 5.19902 -17.1261 2.3
      vertex 5.24046 -17.0468 2.7
      vertex 5.24046 -17.0468 2.3
    endloop
  endfacet
  facet normal -0.886282 0.463146 0
    outer loop
      vertex 5.24046 -17.0468 2.7
      vertex 5.19902 -17.1261 2.3
      vertex 5.19902 -17.1261 2.7
    endloop
  endfacet
  facet normal -0.928325 0.371769 0
    outer loop
      vertex 5.24046 -17.0468 2.3
      vertex 5.27438 -16.9621 2.7
      vertex 5.27438 -16.9621 2.3
    endloop
  endfacet
  facet normal -0.928325 0.371769 0
    outer loop
      vertex 5.27438 -16.9621 2.7
      vertex 5.24046 -17.0468 2.3
      vertex 5.24046 -17.0468 2.7
    endloop
  endfacet
  facet normal -0.95974 0.280892 0
    outer loop
      vertex 5.27438 -16.9621 2.3
      vertex 5.30075 -16.872 2.7
      vertex 5.30075 -16.872 2.3
    endloop
  endfacet
  facet normal -0.95974 0.280892 0
    outer loop
      vertex 5.30075 -16.872 2.7
      vertex 5.27438 -16.9621 2.3
      vertex 5.27438 -16.9621 2.7
    endloop
  endfacet
  facet normal -0.98111 0.193448 0
    outer loop
      vertex 5.30075 -16.872 2.3
      vertex 5.31958 -16.7765 2.7
      vertex 5.31958 -16.7765 2.3
    endloop
  endfacet
  facet normal -0.98111 0.193448 0
    outer loop
      vertex 5.31958 -16.7765 2.7
      vertex 5.30075 -16.872 2.3
      vertex 5.30075 -16.872 2.7
    endloop
  endfacet
  facet normal -0.993776 0.111394 0
    outer loop
      vertex 5.31958 -16.7765 2.3
      vertex 5.33089 -16.6756 2.7
      vertex 5.33089 -16.6756 2.3
    endloop
  endfacet
  facet normal -0.993776 0.111394 0
    outer loop
      vertex 5.33089 -16.6756 2.7
      vertex 5.31958 -16.7765 2.3
      vertex 5.31958 -16.7765 2.7
    endloop
  endfacet
  facet normal -0.999372 0.0354434 0
    outer loop
      vertex 5.33089 -16.6756 2.3
      vertex 5.33466 -16.5693 2.7
      vertex 5.33466 -16.5693 2.3
    endloop
  endfacet
  facet normal -0.999372 0.0354434 0
    outer loop
      vertex 5.33466 -16.5693 2.7
      vertex 5.33089 -16.6756 2.3
      vertex 5.33089 -16.6756 2.7
    endloop
  endfacet
  facet normal -0.999371 -0.0354709 0
    outer loop
      vertex 5.33466 -16.5693 2.3
      vertex 5.33099 -16.4659 2.7
      vertex 5.33099 -16.4659 2.3
    endloop
  endfacet
  facet normal -0.999371 -0.0354709 0
    outer loop
      vertex 5.33099 -16.4659 2.7
      vertex 5.33466 -16.5693 2.3
      vertex 5.33466 -16.5693 2.7
    endloop
  endfacet
  facet normal -0.993822 -0.110985 0
    outer loop
      vertex 5.33099 -16.4659 2.3
      vertex 5.31999 -16.3674 2.7
      vertex 5.31999 -16.3674 2.3
    endloop
  endfacet
  facet normal -0.993822 -0.110985 0
    outer loop
      vertex 5.31999 -16.3674 2.7
      vertex 5.33099 -16.4659 2.3
      vertex 5.33099 -16.4659 2.7
    endloop
  endfacet
  facet normal -0.981339 -0.192284 0
    outer loop
      vertex 5.31999 -16.3674 2.3
      vertex 5.30165 -16.2738 2.7
      vertex 5.30165 -16.2738 2.3
    endloop
  endfacet
  facet normal -0.981339 -0.192284 0
    outer loop
      vertex 5.30165 -16.2738 2.7
      vertex 5.31999 -16.3674 2.3
      vertex 5.31999 -16.3674 2.7
    endloop
  endfacet
  facet normal -0.960695 -0.277606 0
    outer loop
      vertex 5.30165 -16.2738 2.3
      vertex 5.27599 -16.185 2.7
      vertex 5.27599 -16.185 2.3
    endloop
  endfacet
  facet normal -0.960695 -0.277606 0
    outer loop
      vertex 5.27599 -16.185 2.7
      vertex 5.30165 -16.2738 2.3
      vertex 5.30165 -16.2738 2.7
    endloop
  endfacet
  facet normal -0.930565 -0.366126 0
    outer loop
      vertex 5.27599 -16.185 2.3
      vertex 5.24298 -16.1011 2.7
      vertex 5.24298 -16.1011 2.3
    endloop
  endfacet
  facet normal -0.930565 -0.366126 0
    outer loop
      vertex 5.24298 -16.1011 2.7
      vertex 5.27599 -16.185 2.3
      vertex 5.27599 -16.185 2.7
    endloop
  endfacet
  facet normal -0.890607 -0.454773 0
    outer loop
      vertex 5.24298 -16.1011 2.3
      vertex 5.20264 -16.0221 2.7
      vertex 5.20264 -16.0221 2.3
    endloop
  endfacet
  facet normal -0.890607 -0.454773 0
    outer loop
      vertex 5.20264 -16.0221 2.7
      vertex 5.24298 -16.1011 2.3
      vertex 5.24298 -16.1011 2.7
    endloop
  endfacet
  facet normal -0.841001 -0.541033 0
    outer loop
      vertex 5.20264 -16.0221 2.3
      vertex 5.15497 -15.948 2.7
      vertex 5.15497 -15.948 2.3
    endloop
  endfacet
  facet normal -0.841001 -0.541033 0
    outer loop
      vertex 5.15497 -15.948 2.7
      vertex 5.20264 -16.0221 2.3
      vertex 5.20264 -16.0221 2.7
    endloop
  endfacet
  facet normal -0.783234 -0.621727 0
    outer loop
      vertex 5.15497 -15.948 2.3
      vertex 5.09996 -15.8787 2.7
      vertex 5.09996 -15.8787 2.3
    endloop
  endfacet
  facet normal -0.783234 -0.621727 0
    outer loop
      vertex 5.09996 -15.8787 2.7
      vertex 5.15497 -15.948 2.3
      vertex 5.15497 -15.948 2.7
    endloop
  endfacet
  facet normal -0.718561 -0.695464 0
    outer loop
      vertex 5.09996 -15.8787 2.3
      vertex 5.03763 -15.8143 2.7
      vertex 5.03763 -15.8143 2.3
    endloop
  endfacet
  facet normal -0.718561 -0.695464 0
    outer loop
      vertex 5.03763 -15.8143 2.7
      vertex 5.09996 -15.8787 2.3
      vertex 5.09996 -15.8787 2.7
    endloop
  endfacet
  facet normal -0.648762 -0.760992 0
    outer loop
      vertex 4.96901 -15.7558 2.3
      vertex 5.03763 -15.8143 2.7
      vertex 4.96901 -15.7558 2.7
    endloop
  endfacet
  facet normal -0.648762 -0.760992 -0
    outer loop
      vertex 5.03763 -15.8143 2.7
      vertex 4.96901 -15.7558 2.3
      vertex 5.03763 -15.8143 2.3
    endloop
  endfacet
  facet normal -0.573552 -0.819169 0
    outer loop
      vertex 4.89517 -15.7041 2.3
      vertex 4.96901 -15.7558 2.7
      vertex 4.89517 -15.7041 2.7
    endloop
  endfacet
  facet normal -0.573552 -0.819169 -0
    outer loop
      vertex 4.96901 -15.7558 2.7
      vertex 4.89517 -15.7041 2.3
      vertex 4.96901 -15.7558 2.3
    endloop
  endfacet
  facet normal -0.492221 -0.870471 0
    outer loop
      vertex 4.81612 -15.6594 2.3
      vertex 4.89517 -15.7041 2.7
      vertex 4.81612 -15.6594 2.7
    endloop
  endfacet
  facet normal -0.492221 -0.870471 -0
    outer loop
      vertex 4.89517 -15.7041 2.7
      vertex 4.81612 -15.6594 2.3
      vertex 4.89517 -15.7041 2.3
    endloop
  endfacet
  facet normal -0.41009 -0.912045 0
    outer loop
      vertex 4.73183 -15.6215 2.3
      vertex 4.81612 -15.6594 2.7
      vertex 4.73183 -15.6215 2.7
    endloop
  endfacet
  facet normal -0.41009 -0.912045 -0
    outer loop
      vertex 4.81612 -15.6594 2.7
      vertex 4.73183 -15.6215 2.3
      vertex 4.81612 -15.6594 2.3
    endloop
  endfacet
  facet normal -0.327259 -0.944935 0
    outer loop
      vertex 4.64232 -15.5905 2.3
      vertex 4.73183 -15.6215 2.7
      vertex 4.64232 -15.5905 2.7
    endloop
  endfacet
  facet normal -0.327259 -0.944935 -0
    outer loop
      vertex 4.73183 -15.6215 2.7
      vertex 4.64232 -15.5905 2.3
      vertex 4.73183 -15.6215 2.3
    endloop
  endfacet
  facet normal -0.246554 -0.969129 0
    outer loop
      vertex 4.54759 -15.5664 2.3
      vertex 4.64232 -15.5905 2.7
      vertex 4.54759 -15.5664 2.7
    endloop
  endfacet
  facet normal -0.246554 -0.969129 -0
    outer loop
      vertex 4.64232 -15.5905 2.7
      vertex 4.54759 -15.5664 2.3
      vertex 4.64232 -15.5905 2.3
    endloop
  endfacet
  facet normal -0.169577 -0.985517 0
    outer loop
      vertex 4.44763 -15.5492 2.3
      vertex 4.54759 -15.5664 2.7
      vertex 4.44763 -15.5492 2.7
    endloop
  endfacet
  facet normal -0.169577 -0.985517 -0
    outer loop
      vertex 4.54759 -15.5664 2.7
      vertex 4.44763 -15.5492 2.3
      vertex 4.54759 -15.5664 2.3
    endloop
  endfacet
  facet normal -0.097452 -0.99524 0
    outer loop
      vertex 4.34244 -15.5389 2.3
      vertex 4.44763 -15.5492 2.7
      vertex 4.34244 -15.5389 2.7
    endloop
  endfacet
  facet normal -0.097452 -0.99524 -0
    outer loop
      vertex 4.44763 -15.5492 2.7
      vertex 4.34244 -15.5389 2.3
      vertex 4.44763 -15.5492 2.3
    endloop
  endfacet
  facet normal -0.031687 -0.999498 0
    outer loop
      vertex 4.23204 -15.5354 2.3
      vertex 4.34244 -15.5389 2.7
      vertex 4.23204 -15.5354 2.7
    endloop
  endfacet
  facet normal -0.031687 -0.999498 -0
    outer loop
      vertex 4.34244 -15.5389 2.7
      vertex 4.23204 -15.5354 2.3
      vertex 4.34244 -15.5389 2.3
    endloop
  endfacet
  facet normal 0.0100497 -0.99995 0
    outer loop
      vertex 4.21214 -15.5356 2.3
      vertex 4.23204 -15.5354 2.7
      vertex 4.21214 -15.5356 2.7
    endloop
  endfacet
  facet normal 0.0100497 -0.99995 0
    outer loop
      vertex 4.23204 -15.5354 2.7
      vertex 4.21214 -15.5356 2.3
      vertex 4.23204 -15.5354 2.3
    endloop
  endfacet
  facet normal 0.0301522 -0.999545 0
    outer loop
      vertex 4.19225 -15.5362 2.3
      vertex 4.21214 -15.5356 2.7
      vertex 4.19225 -15.5362 2.7
    endloop
  endfacet
  facet normal 0.0301522 -0.999545 0
    outer loop
      vertex 4.21214 -15.5356 2.7
      vertex 4.19225 -15.5362 2.3
      vertex 4.21214 -15.5356 2.3
    endloop
  endfacet
  facet normal 0.0451799 -0.998979 0
    outer loop
      vertex 4.17235 -15.5371 2.3
      vertex 4.19225 -15.5362 2.7
      vertex 4.17235 -15.5371 2.7
    endloop
  endfacet
  facet normal 0.0451799 -0.998979 0
    outer loop
      vertex 4.19225 -15.5362 2.7
      vertex 4.17235 -15.5371 2.3
      vertex 4.19225 -15.5362 2.3
    endloop
  endfacet
  facet normal 0.0702486 -0.99753 0
    outer loop
      vertex 4.15247 -15.5385 2.3
      vertex 4.17235 -15.5371 2.7
      vertex 4.15247 -15.5385 2.7
    endloop
  endfacet
  facet normal 0.0702486 -0.99753 0
    outer loop
      vertex 4.17235 -15.5371 2.7
      vertex 4.15247 -15.5385 2.3
      vertex 4.17235 -15.5371 2.3
    endloop
  endfacet
  facet normal 0.0801434 -0.996783 0
    outer loop
      vertex 4.13257 -15.5401 2.3
      vertex 4.15247 -15.5385 2.7
      vertex 4.13257 -15.5401 2.7
    endloop
  endfacet
  facet normal 0.0801434 -0.996783 0
    outer loop
      vertex 4.15247 -15.5385 2.7
      vertex 4.13257 -15.5401 2.3
      vertex 4.15247 -15.5385 2.3
    endloop
  endfacet
  facet normal 0.104945 -0.994478 0
    outer loop
      vertex 4.11267 -15.5422 2.3
      vertex 4.13257 -15.5401 2.7
      vertex 4.11267 -15.5422 2.7
    endloop
  endfacet
  facet normal 0.104945 -0.994478 0
    outer loop
      vertex 4.13257 -15.5401 2.7
      vertex 4.11267 -15.5422 2.3
      vertex 4.13257 -15.5401 2.3
    endloop
  endfacet
  facet normal 0.124772 -0.992185 0
    outer loop
      vertex 4.09279 -15.5447 2.3
      vertex 4.11267 -15.5422 2.7
      vertex 4.09279 -15.5447 2.7
    endloop
  endfacet
  facet normal 0.124772 -0.992185 0
    outer loop
      vertex 4.11267 -15.5422 2.7
      vertex 4.09279 -15.5447 2.3
      vertex 4.11267 -15.5422 2.3
    endloop
  endfacet
  facet normal 0.139331 -0.990246 0
    outer loop
      vertex 4.07289 -15.5475 2.3
      vertex 4.09279 -15.5447 2.7
      vertex 4.07289 -15.5475 2.7
    endloop
  endfacet
  facet normal 0.139331 -0.990246 0
    outer loop
      vertex 4.09279 -15.5447 2.7
      vertex 4.07289 -15.5475 2.3
      vertex 4.09279 -15.5447 2.3
    endloop
  endfacet
  facet normal 0.158764 -0.987316 0
    outer loop
      vertex 4.05299 -15.5507 2.3
      vertex 4.07289 -15.5475 2.7
      vertex 4.05299 -15.5507 2.7
    endloop
  endfacet
  facet normal 0.158764 -0.987316 0
    outer loop
      vertex 4.07289 -15.5475 2.7
      vertex 4.05299 -15.5507 2.3
      vertex 4.07289 -15.5475 2.3
    endloop
  endfacet
  facet normal 0.178188 -0.983996 0
    outer loop
      vertex 4.03311 -15.5543 2.3
      vertex 4.05299 -15.5507 2.7
      vertex 4.03311 -15.5543 2.7
    endloop
  endfacet
  facet normal 0.178188 -0.983996 0
    outer loop
      vertex 4.05299 -15.5507 2.7
      vertex 4.03311 -15.5543 2.3
      vertex 4.05299 -15.5507 2.3
    endloop
  endfacet
  facet normal 0.192321 -0.981332 0
    outer loop
      vertex 4.01321 -15.5582 2.3
      vertex 4.03311 -15.5543 2.7
      vertex 4.01321 -15.5582 2.7
    endloop
  endfacet
  facet normal 0.192321 -0.981332 0
    outer loop
      vertex 4.03311 -15.5543 2.7
      vertex 4.01321 -15.5582 2.3
      vertex 4.03311 -15.5543 2.3
    endloop
  endfacet
  facet normal 0.216098 -0.976372 0
    outer loop
      vertex 3.99333 -15.5626 2.3
      vertex 4.01321 -15.5582 2.7
      vertex 3.99333 -15.5626 2.7
    endloop
  endfacet
  facet normal 0.216098 -0.976372 0
    outer loop
      vertex 4.01321 -15.5582 2.7
      vertex 3.99333 -15.5626 2.3
      vertex 4.01321 -15.5582 2.3
    endloop
  endfacet
  facet normal 0.229857 -0.973224 0
    outer loop
      vertex 3.97343 -15.5673 2.3
      vertex 3.99333 -15.5626 2.7
      vertex 3.97343 -15.5673 2.7
    endloop
  endfacet
  facet normal 0.229857 -0.973224 0
    outer loop
      vertex 3.99333 -15.5626 2.7
      vertex 3.97343 -15.5673 2.3
      vertex 3.99333 -15.5626 2.3
    endloop
  endfacet
  facet normal 0.243913 -0.969797 0
    outer loop
      vertex 3.95355 -15.5723 2.3
      vertex 3.97343 -15.5673 2.7
      vertex 3.95355 -15.5723 2.7
    endloop
  endfacet
  facet normal 0.243913 -0.969797 0
    outer loop
      vertex 3.97343 -15.5673 2.7
      vertex 3.95355 -15.5723 2.3
      vertex 3.97343 -15.5673 2.3
    endloop
  endfacet
  facet normal 0.266395 -0.963864 0
    outer loop
      vertex 3.93365 -15.5778 2.3
      vertex 3.95355 -15.5723 2.7
      vertex 3.93365 -15.5778 2.7
    endloop
  endfacet
  facet normal 0.266395 -0.963864 0
    outer loop
      vertex 3.95355 -15.5723 2.7
      vertex 3.93365 -15.5778 2.3
      vertex 3.95355 -15.5723 2.3
    endloop
  endfacet
  facet normal 0.280074 -0.959978 0
    outer loop
      vertex 3.91377 -15.5836 2.3
      vertex 3.93365 -15.5778 2.7
      vertex 3.91377 -15.5836 2.7
    endloop
  endfacet
  facet normal 0.280074 -0.959978 0
    outer loop
      vertex 3.93365 -15.5778 2.7
      vertex 3.91377 -15.5836 2.3
      vertex 3.93365 -15.5778 2.3
    endloop
  endfacet
  facet normal 0.297592 -0.954693 0
    outer loop
      vertex 3.89388 -15.5898 2.3
      vertex 3.91377 -15.5836 2.7
      vertex 3.89388 -15.5898 2.7
    endloop
  endfacet
  facet normal 0.297592 -0.954693 0
    outer loop
      vertex 3.91377 -15.5836 2.7
      vertex 3.89388 -15.5898 2.3
      vertex 3.91377 -15.5836 2.3
    endloop
  endfacet
  facet normal 0.314797 -0.949159 0
    outer loop
      vertex 3.87398 -15.5964 2.3
      vertex 3.89388 -15.5898 2.7
      vertex 3.87398 -15.5964 2.7
    endloop
  endfacet
  facet normal 0.314797 -0.949159 0
    outer loop
      vertex 3.89388 -15.5898 2.7
      vertex 3.87398 -15.5964 2.3
      vertex 3.89388 -15.5898 2.3
    endloop
  endfacet
  facet normal -1 0 0
    outer loop
      vertex 3.87398 -15.5964 2.3
      vertex 3.87398 -14.8519 2.7
      vertex 3.87398 -14.8519 2.3
    endloop
  endfacet
  facet normal -1 -0 0
    outer loop
      vertex 3.87398 -14.8519 2.7
      vertex 3.87398 -15.5964 2.3
      vertex 3.87398 -15.5964 2.7
    endloop
  endfacet
  facet normal 0 1 -0
    outer loop
      vertex 5.11089 -14.8519 2.3
      vertex 3.87398 -14.8519 2.7
      vertex 5.11089 -14.8519 2.7
    endloop
  endfacet
  facet normal 0 1 0
    outer loop
      vertex 3.87398 -14.8519 2.7
      vertex 5.11089 -14.8519 2.3
      vertex 3.87398 -14.8519 2.3
    endloop
  endfacet
  facet normal -1 0 0
    outer loop
      vertex 5.11089 -14.8519 2.3
      vertex 5.11089 -14.5063 2.7
      vertex 5.11089 -14.5063 2.3
    endloop
  endfacet
  facet normal -1 -0 0
    outer loop
      vertex 5.11089 -14.5063 2.7
      vertex 5.11089 -14.8519 2.3
      vertex 5.11089 -14.8519 2.7
    endloop
  endfacet
  facet normal 0 -1 0
    outer loop
      vertex 3.49763 -14.5063 2.3
      vertex 5.11089 -14.5063 2.7
      vertex 3.49763 -14.5063 2.7
    endloop
  endfacet
  facet normal 0 -1 -0
    outer loop
      vertex 5.11089 -14.5063 2.7
      vertex 3.49763 -14.5063 2.3
      vertex 5.11089 -14.5063 2.3
    endloop
  endfacet
  facet normal 1 -0 0
    outer loop
      vertex 3.49763 -16.0308 2.7
      vertex 3.49763 -14.5063 2.3
      vertex 3.49763 -14.5063 2.7
    endloop
  endfacet
  facet normal 1 0 0
    outer loop
      vertex 3.49763 -14.5063 2.3
      vertex 3.49763 -16.0308 2.7
      vertex 3.49763 -16.0308 2.3
    endloop
  endfacet
  facet normal -0.401288 0.915952 0
    outer loop
      vertex 3.53552 -16.0142 2.3
      vertex 3.49763 -16.0308 2.7
      vertex 3.53552 -16.0142 2.7
    endloop
  endfacet
  facet normal -0.401288 0.915952 0
    outer loop
      vertex 3.49763 -16.0308 2.7
      vertex 3.53552 -16.0142 2.3
      vertex 3.49763 -16.0308 2.3
    endloop
  endfacet
  facet normal -0.382265 0.924053 0
    outer loop
      vertex 3.57323 -15.9986 2.3
      vertex 3.53552 -16.0142 2.7
      vertex 3.57323 -15.9986 2.7
    endloop
  endfacet
  facet normal -0.382265 0.924053 0
    outer loop
      vertex 3.53552 -16.0142 2.7
      vertex 3.57323 -15.9986 2.3
      vertex 3.53552 -16.0142 2.3
    endloop
  endfacet
  facet normal -0.362554 0.931963 0
    outer loop
      vertex 3.61076 -15.984 2.3
      vertex 3.57323 -15.9986 2.7
      vertex 3.61076 -15.984 2.7
    endloop
  endfacet
  facet normal -0.362554 0.931963 0
    outer loop
      vertex 3.57323 -15.9986 2.7
      vertex 3.61076 -15.984 2.3
      vertex 3.57323 -15.9986 2.3
    endloop
  endfacet
  facet normal -0.342066 0.939676 0
    outer loop
      vertex 3.64812 -15.9704 2.3
      vertex 3.61076 -15.984 2.7
      vertex 3.64812 -15.9704 2.7
    endloop
  endfacet
  facet normal -0.342066 0.939676 0
    outer loop
      vertex 3.61076 -15.984 2.7
      vertex 3.64812 -15.9704 2.3
      vertex 3.61076 -15.984 2.3
    endloop
  endfacet
  facet normal -0.318674 0.947864 0
    outer loop
      vertex 3.6853 -15.9579 2.3
      vertex 3.64812 -15.9704 2.7
      vertex 3.6853 -15.9579 2.7
    endloop
  endfacet
  facet normal -0.318674 0.947864 0
    outer loop
      vertex 3.64812 -15.9704 2.7
      vertex 3.6853 -15.9579 2.3
      vertex 3.64812 -15.9704 2.3
    endloop
  endfacet
  facet normal -0.299009 0.95425 0
    outer loop
      vertex 3.72232 -15.9463 2.3
      vertex 3.6853 -15.9579 2.7
      vertex 3.72232 -15.9463 2.7
    endloop
  endfacet
  facet normal -0.299009 0.95425 0
    outer loop
      vertex 3.6853 -15.9579 2.7
      vertex 3.72232 -15.9463 2.3
      vertex 3.6853 -15.9579 2.3
    endloop
  endfacet
  facet normal -0.276651 0.96097 0
    outer loop
      vertex 3.75914 -15.9357 2.3
      vertex 3.72232 -15.9463 2.7
      vertex 3.75914 -15.9357 2.7
    endloop
  endfacet
  facet normal -0.276651 0.96097 0
    outer loop
      vertex 3.72232 -15.9463 2.7
      vertex 3.75914 -15.9357 2.3
      vertex 3.72232 -15.9463 2.3
    endloop
  endfacet
  facet normal -0.253259 0.967398 0
    outer loop
      vertex 3.79581 -15.9261 2.3
      vertex 3.75914 -15.9357 2.7
      vertex 3.79581 -15.9261 2.7
    endloop
  endfacet
  facet normal -0.253259 0.967398 0
    outer loop
      vertex 3.75914 -15.9357 2.7
      vertex 3.79581 -15.9261 2.3
      vertex 3.75914 -15.9357 2.3
    endloop
  endfacet
  facet normal -0.229456 0.973319 0
    outer loop
      vertex 3.83229 -15.9175 2.3
      vertex 3.79581 -15.9261 2.7
      vertex 3.83229 -15.9175 2.7
    endloop
  endfacet
  facet normal -0.229456 0.973319 0
    outer loop
      vertex 3.79581 -15.9261 2.7
      vertex 3.83229 -15.9175 2.3
      vertex 3.79581 -15.9261 2.3
    endloop
  endfacet
  facet normal -0.206904 0.978361 0
    outer loop
      vertex 3.8687 -15.9098 2.3
      vertex 3.83229 -15.9175 2.7
      vertex 3.8687 -15.9098 2.7
    endloop
  endfacet
  facet normal -0.206904 0.978361 0
    outer loop
      vertex 3.83229 -15.9175 2.7
      vertex 3.8687 -15.9098 2.3
      vertex 3.83229 -15.9175 2.3
    endloop
  endfacet
  facet normal -0.180929 0.983496 0
    outer loop
      vertex 3.90512 -15.9031 2.3
      vertex 3.8687 -15.9098 2.7
      vertex 3.90512 -15.9031 2.7
    endloop
  endfacet
  facet normal -0.180929 0.983496 0
    outer loop
      vertex 3.8687 -15.9098 2.7
      vertex 3.90512 -15.9031 2.3
      vertex 3.8687 -15.9098 2.3
    endloop
  endfacet
  facet normal -0.159786 0.987152 0
    outer loop
      vertex 3.94157 -15.8972 2.3
      vertex 3.90512 -15.9031 2.7
      vertex 3.94157 -15.8972 2.7
    endloop
  endfacet
  facet normal -0.159786 0.987152 0
    outer loop
      vertex 3.90512 -15.9031 2.7
      vertex 3.94157 -15.8972 2.3
      vertex 3.90512 -15.9031 2.3
    endloop
  endfacet
  facet normal -0.133089 0.991104 0
    outer loop
      vertex 3.97806 -15.8923 2.3
      vertex 3.94157 -15.8972 2.7
      vertex 3.97806 -15.8923 2.7
    endloop
  endfacet
  facet normal -0.133089 0.991104 0
    outer loop
      vertex 3.94157 -15.8972 2.7
      vertex 3.97806 -15.8923 2.3
      vertex 3.94157 -15.8972 2.3
    endloop
  endfacet
  facet normal -0.111597 0.993754 0
    outer loop
      vertex 4.01457 -15.8882 2.3
      vertex 3.97806 -15.8923 2.7
      vertex 4.01457 -15.8882 2.7
    endloop
  endfacet
  facet normal -0.111597 0.993754 0
    outer loop
      vertex 3.97806 -15.8923 2.7
      vertex 4.01457 -15.8882 2.3
      vertex 3.97806 -15.8923 2.3
    endloop
  endfacet
  facet normal -0.0845578 0.996419 0
    outer loop
      vertex 4.0511 -15.8851 2.3
      vertex 4.01457 -15.8882 2.7
      vertex 4.0511 -15.8851 2.7
    endloop
  endfacet
  facet normal -0.0845578 0.996419 0
    outer loop
      vertex 4.01457 -15.8882 2.7
      vertex 4.0511 -15.8851 2.3
      vertex 4.01457 -15.8882 2.3
    endloop
  endfacet
  facet normal -0.0627862 0.998027 0
    outer loop
      vertex 4.08766 -15.8828 2.3
      vertex 4.0511 -15.8851 2.7
      vertex 4.08766 -15.8828 2.7
    endloop
  endfacet
  facet normal -0.0627862 0.998027 0
    outer loop
      vertex 4.0511 -15.8851 2.7
      vertex 4.08766 -15.8828 2.3
      vertex 4.0511 -15.8851 2.3
    endloop
  endfacet
  facet normal -0.0355161 0.999369 0
    outer loop
      vertex 4.12424 -15.8815 2.3
      vertex 4.08766 -15.8828 2.7
      vertex 4.12424 -15.8815 2.7
    endloop
  endfacet
  facet normal -0.0355161 0.999369 0
    outer loop
      vertex 4.08766 -15.8828 2.7
      vertex 4.12424 -15.8815 2.3
      vertex 4.08766 -15.8828 2.3
    endloop
  endfacet
  facet normal -0.0136599 0.999907 0
    outer loop
      vertex 4.16084 -15.881 2.3
      vertex 4.12424 -15.8815 2.7
      vertex 4.16084 -15.881 2.7
    endloop
  endfacet
  facet normal -0.0136599 0.999907 0
    outer loop
      vertex 4.12424 -15.8815 2.7
      vertex 4.16084 -15.881 2.3
      vertex 4.12424 -15.8815 2.3
    endloop
  endfacet
  facet normal 0.0300911 0.999547 -0
    outer loop
      vertex 4.23724 -15.8833 2.3
      vertex 4.16084 -15.881 2.7
      vertex 4.23724 -15.8833 2.7
    endloop
  endfacet
  facet normal 0.0300911 0.999547 0
    outer loop
      vertex 4.16084 -15.881 2.7
      vertex 4.23724 -15.8833 2.3
      vertex 4.16084 -15.881 2.3
    endloop
  endfacet
  facet normal 0.0943702 0.995537 -0
    outer loop
      vertex 4.31003 -15.8902 2.3
      vertex 4.23724 -15.8833 2.7
      vertex 4.31003 -15.8902 2.7
    endloop
  endfacet
  facet normal 0.0943702 0.995537 0
    outer loop
      vertex 4.23724 -15.8833 2.7
      vertex 4.31003 -15.8902 2.3
      vertex 4.23724 -15.8833 2.3
    endloop
  endfacet
  facet normal 0.162618 0.986689 -0
    outer loop
      vertex 4.3792 -15.9016 2.3
      vertex 4.31003 -15.8902 2.7
      vertex 4.3792 -15.9016 2.7
    endloop
  endfacet
  facet normal 0.162618 0.986689 0
    outer loop
      vertex 4.31003 -15.8902 2.7
      vertex 4.3792 -15.9016 2.3
      vertex 4.31003 -15.8902 2.3
    endloop
  endfacet
  facet normal 0.237127 0.971479 -0
    outer loop
      vertex 4.44475 -15.9176 2.3
      vertex 4.3792 -15.9016 2.7
      vertex 4.44475 -15.9176 2.7
    endloop
  endfacet
  facet normal 0.237127 0.971479 0
    outer loop
      vertex 4.3792 -15.9016 2.7
      vertex 4.44475 -15.9176 2.3
      vertex 4.3792 -15.9016 2.3
    endloop
  endfacet
  facet normal 0.315676 0.948867 -0
    outer loop
      vertex 4.50667 -15.9382 2.3
      vertex 4.44475 -15.9176 2.7
      vertex 4.50667 -15.9382 2.7
    endloop
  endfacet
  facet normal 0.315676 0.948867 0
    outer loop
      vertex 4.44475 -15.9176 2.7
      vertex 4.50667 -15.9382 2.3
      vertex 4.44475 -15.9176 2.3
    endloop
  endfacet
  facet normal 0.396653 0.917969 -0
    outer loop
      vertex 4.56499 -15.9634 2.3
      vertex 4.50667 -15.9382 2.7
      vertex 4.56499 -15.9634 2.7
    endloop
  endfacet
  facet normal 0.396653 0.917969 0
    outer loop
      vertex 4.50667 -15.9382 2.7
      vertex 4.56499 -15.9634 2.3
      vertex 4.50667 -15.9382 2.3
    endloop
  endfacet
  facet normal 0.477163 0.878815 -0
    outer loop
      vertex 4.61969 -15.9931 2.3
      vertex 4.56499 -15.9634 2.7
      vertex 4.61969 -15.9931 2.7
    endloop
  endfacet
  facet normal 0.477163 0.878815 0
    outer loop
      vertex 4.56499 -15.9634 2.7
      vertex 4.61969 -15.9931 2.3
      vertex 4.56499 -15.9634 2.3
    endloop
  endfacet
  facet normal 0.558516 0.829494 -0
    outer loop
      vertex 4.67078 -16.0275 2.3
      vertex 4.61969 -15.9931 2.7
      vertex 4.67078 -16.0275 2.7
    endloop
  endfacet
  facet normal 0.558516 0.829494 0
    outer loop
      vertex 4.61969 -15.9931 2.7
      vertex 4.67078 -16.0275 2.3
      vertex 4.61969 -15.9931 2.3
    endloop
  endfacet
  facet normal 0.632856 0.77427 -0
    outer loop
      vertex 4.71825 -16.0663 2.3
      vertex 4.67078 -16.0275 2.7
      vertex 4.71825 -16.0663 2.7
    endloop
  endfacet
  facet normal 0.632856 0.77427 0
    outer loop
      vertex 4.67078 -16.0275 2.7
      vertex 4.71825 -16.0663 2.3
      vertex 4.67078 -16.0275 2.3
    endloop
  endfacet
  facet normal 0.704468 0.709735 -0
    outer loop
      vertex 4.76137 -16.1091 2.3
      vertex 4.71825 -16.0663 2.7
      vertex 4.76137 -16.1091 2.7
    endloop
  endfacet
  facet normal 0.704468 0.709735 0
    outer loop
      vertex 4.71825 -16.0663 2.7
      vertex 4.76137 -16.1091 2.3
      vertex 4.71825 -16.0663 2.3
    endloop
  endfacet
  facet normal 0.77123 0.636557 0
    outer loop
      vertex 4.79942 -16.1552 2.7
      vertex 4.76137 -16.1091 2.3
      vertex 4.76137 -16.1091 2.7
    endloop
  endfacet
  facet normal 0.77123 0.636557 0
    outer loop
      vertex 4.76137 -16.1091 2.3
      vertex 4.79942 -16.1552 2.7
      vertex 4.79942 -16.1552 2.3
    endloop
  endfacet
  facet normal 0.831687 0.555244 0
    outer loop
      vertex 4.8324 -16.2046 2.7
      vertex 4.79942 -16.1552 2.3
      vertex 4.79942 -16.1552 2.7
    endloop
  endfacet
  facet normal 0.831687 0.555244 0
    outer loop
      vertex 4.79942 -16.1552 2.3
      vertex 4.8324 -16.2046 2.7
      vertex 4.8324 -16.2046 2.3
    endloop
  endfacet
  facet normal 0.883489 0.468451 0
    outer loop
      vertex 4.86029 -16.2572 2.7
      vertex 4.8324 -16.2046 2.3
      vertex 4.8324 -16.2046 2.7
    endloop
  endfacet
  facet normal 0.883489 0.468451 0
    outer loop
      vertex 4.8324 -16.2046 2.3
      vertex 4.86029 -16.2572 2.7
      vertex 4.86029 -16.2572 2.3
    endloop
  endfacet
  facet normal 0.92571 0.378233 0
    outer loop
      vertex 4.88313 -16.3131 2.7
      vertex 4.86029 -16.2572 2.3
      vertex 4.86029 -16.2572 2.7
    endloop
  endfacet
  facet normal 0.92571 0.378233 0
    outer loop
      vertex 4.86029 -16.2572 2.3
      vertex 4.88313 -16.3131 2.7
      vertex 4.88313 -16.3131 2.3
    endloop
  endfacet
  facet normal 0.957871 0.287199 0
    outer loop
      vertex 4.90088 -16.3723 2.7
      vertex 4.88313 -16.3131 2.3
      vertex 4.88313 -16.3131 2.7
    endloop
  endfacet
  facet normal 0.957871 0.287199 0
    outer loop
      vertex 4.88313 -16.3131 2.3
      vertex 4.90088 -16.3723 2.7
      vertex 4.90088 -16.3723 2.3
    endloop
  endfacet
  facet normal 0.979941 0.199286 0
    outer loop
      vertex 4.91357 -16.4347 2.7
      vertex 4.90088 -16.3723 2.3
      vertex 4.90088 -16.3723 2.7
    endloop
  endfacet
  facet normal 0.979941 0.199286 0
    outer loop
      vertex 4.90088 -16.3723 2.3
      vertex 4.91357 -16.4347 2.7
      vertex 4.91357 -16.4347 2.3
    endloop
  endfacet
  facet normal 0.993376 0.114911 0
    outer loop
      vertex 4.92117 -16.5004 2.7
      vertex 4.91357 -16.4347 2.3
      vertex 4.91357 -16.4347 2.7
    endloop
  endfacet
  facet normal 0.993376 0.114911 0
    outer loop
      vertex 4.91357 -16.4347 2.3
      vertex 4.92117 -16.5004 2.7
      vertex 4.92117 -16.5004 2.3
    endloop
  endfacet
  facet normal 0.999316 0.0369848 0
    outer loop
      vertex 4.92372 -16.5693 2.7
      vertex 4.92117 -16.5004 2.3
      vertex 4.92117 -16.5004 2.7
    endloop
  endfacet
  facet normal 0.999316 0.0369848 0
    outer loop
      vertex 4.92117 -16.5004 2.3
      vertex 4.92372 -16.5693 2.7
      vertex 4.92372 -16.5693 2.3
    endloop
  endfacet
  facet normal 0.999318 -0.0369313 0
    outer loop
      vertex 4.92117 -16.6383 2.7
      vertex 4.92372 -16.5693 2.3
      vertex 4.92372 -16.5693 2.7
    endloop
  endfacet
  facet normal 0.999318 -0.0369313 0
    outer loop
      vertex 4.92372 -16.5693 2.3
      vertex 4.92117 -16.6383 2.7
      vertex 4.92117 -16.6383 2.3
    endloop
  endfacet
  facet normal 0.993376 -0.114911 0
    outer loop
      vertex 4.91357 -16.704 2.7
      vertex 4.92117 -16.6383 2.3
      vertex 4.92117 -16.6383 2.7
    endloop
  endfacet
  facet normal 0.993376 -0.114911 0
    outer loop
      vertex 4.92117 -16.6383 2.3
      vertex 4.91357 -16.704 2.7
      vertex 4.91357 -16.704 2.3
    endloop
  endfacet
  facet normal 0.979941 -0.199286 0
    outer loop
      vertex 4.90088 -16.7664 2.7
      vertex 4.91357 -16.704 2.3
      vertex 4.91357 -16.704 2.7
    endloop
  endfacet
  facet normal 0.979941 -0.199286 0
    outer loop
      vertex 4.91357 -16.704 2.3
      vertex 4.90088 -16.7664 2.7
      vertex 4.90088 -16.7664 2.3
    endloop
  endfacet
  facet normal 0.957871 -0.287199 0
    outer loop
      vertex 4.88313 -16.8256 2.7
      vertex 4.90088 -16.7664 2.3
      vertex 4.90088 -16.7664 2.7
    endloop
  endfacet
  facet normal 0.957871 -0.287199 0
    outer loop
      vertex 4.90088 -16.7664 2.3
      vertex 4.88313 -16.8256 2.7
      vertex 4.88313 -16.8256 2.3
    endloop
  endfacet
  facet normal 0.92571 -0.378233 0
    outer loop
      vertex 4.86029 -16.8815 2.7
      vertex 4.88313 -16.8256 2.3
      vertex 4.88313 -16.8256 2.7
    endloop
  endfacet
  facet normal 0.92571 -0.378233 0
    outer loop
      vertex 4.88313 -16.8256 2.3
      vertex 4.86029 -16.8815 2.7
      vertex 4.86029 -16.8815 2.3
    endloop
  endfacet
  facet normal 0.883489 -0.468451 0
    outer loop
      vertex 4.8324 -16.9341 2.7
      vertex 4.86029 -16.8815 2.3
      vertex 4.86029 -16.8815 2.7
    endloop
  endfacet
  facet normal 0.883489 -0.468451 0
    outer loop
      vertex 4.86029 -16.8815 2.3
      vertex 4.8324 -16.9341 2.7
      vertex 4.8324 -16.9341 2.3
    endloop
  endfacet
  facet normal 0.831687 -0.555244 0
    outer loop
      vertex 4.79942 -16.9835 2.7
      vertex 4.8324 -16.9341 2.3
      vertex 4.8324 -16.9341 2.7
    endloop
  endfacet
  facet normal 0.831687 -0.555244 0
    outer loop
      vertex 4.8324 -16.9341 2.3
      vertex 4.79942 -16.9835 2.7
      vertex 4.79942 -16.9835 2.3
    endloop
  endfacet
  facet normal 0.77055 -0.637379 0
    outer loop
      vertex 4.76137 -17.0295 2.7
      vertex 4.79942 -16.9835 2.3
      vertex 4.79942 -16.9835 2.7
    endloop
  endfacet
  facet normal 0.77055 -0.637379 0
    outer loop
      vertex 4.79942 -16.9835 2.3
      vertex 4.76137 -17.0295 2.7
      vertex 4.76137 -17.0295 2.3
    endloop
  endfacet
  facet normal 0.705296 -0.708913 0
    outer loop
      vertex 4.71825 -17.0724 2.3
      vertex 4.76137 -17.0295 2.7
      vertex 4.71825 -17.0724 2.7
    endloop
  endfacet
  facet normal 0.705296 -0.708913 0
    outer loop
      vertex 4.76137 -17.0295 2.7
      vertex 4.71825 -17.0724 2.3
      vertex 4.76137 -17.0295 2.3
    endloop
  endfacet
  facet normal 0.633832 -0.773471 0
    outer loop
      vertex 4.67078 -17.1113 2.3
      vertex 4.71825 -17.0724 2.7
      vertex 4.67078 -17.1113 2.7
    endloop
  endfacet
  facet normal 0.633832 -0.773471 0
    outer loop
      vertex 4.71825 -17.0724 2.7
      vertex 4.67078 -17.1113 2.3
      vertex 4.71825 -17.0724 2.3
    endloop
  endfacet
  facet normal 0.557397 -0.830246 0
    outer loop
      vertex 4.61969 -17.1456 2.3
      vertex 4.67078 -17.1113 2.7
      vertex 4.61969 -17.1456 2.7
    endloop
  endfacet
  facet normal 0.557397 -0.830246 0
    outer loop
      vertex 4.67078 -17.1113 2.7
      vertex 4.61969 -17.1456 2.3
      vertex 4.67078 -17.1113 2.3
    endloop
  endfacet
  facet normal 0.477163 -0.878815 0
    outer loop
      vertex 4.56499 -17.1753 2.3
      vertex 4.61969 -17.1456 2.7
      vertex 4.56499 -17.1753 2.7
    endloop
  endfacet
  facet normal 0.477163 -0.878815 0
    outer loop
      vertex 4.61969 -17.1456 2.7
      vertex 4.56499 -17.1753 2.3
      vertex 4.61969 -17.1456 2.3
    endloop
  endfacet
  facet normal 0.396653 -0.917969 0
    outer loop
      vertex 4.50667 -17.2005 2.3
      vertex 4.56499 -17.1753 2.7
      vertex 4.50667 -17.2005 2.7
    endloop
  endfacet
  facet normal 0.396653 -0.917969 0
    outer loop
      vertex 4.56499 -17.1753 2.7
      vertex 4.50667 -17.2005 2.3
      vertex 4.56499 -17.1753 2.3
    endloop
  endfacet
  facet normal 0.315584 -0.948898 0
    outer loop
      vertex 4.44473 -17.2211 2.3
      vertex 4.50667 -17.2005 2.7
      vertex 4.44473 -17.2211 2.7
    endloop
  endfacet
  facet normal 0.315584 -0.948898 0
    outer loop
      vertex 4.50667 -17.2005 2.7
      vertex 4.44473 -17.2211 2.3
      vertex 4.50667 -17.2005 2.3
    endloop
  endfacet
  facet normal 0.237127 -0.971479 0
    outer loop
      vertex 4.37918 -17.2371 2.3
      vertex 4.44473 -17.2211 2.7
      vertex 4.37918 -17.2371 2.7
    endloop
  endfacet
  facet normal 0.237127 -0.971479 0
    outer loop
      vertex 4.44473 -17.2211 2.7
      vertex 4.37918 -17.2371 2.3
      vertex 4.44473 -17.2211 2.3
    endloop
  endfacet
  facet normal 0.162618 -0.986689 0
    outer loop
      vertex 4.31001 -17.2485 2.3
      vertex 4.37918 -17.2371 2.7
      vertex 4.31001 -17.2485 2.7
    endloop
  endfacet
  facet normal 0.162618 -0.986689 0
    outer loop
      vertex 4.37918 -17.2371 2.7
      vertex 4.31001 -17.2485 2.3
      vertex 4.37918 -17.2371 2.3
    endloop
  endfacet
  facet normal 0.0943573 -0.995538 0
    outer loop
      vertex 4.23721 -17.2554 2.3
      vertex 4.31001 -17.2485 2.7
      vertex 4.23721 -17.2554 2.7
    endloop
  endfacet
  facet normal 0.0943573 -0.995538 0
    outer loop
      vertex 4.31001 -17.2485 2.7
      vertex 4.23721 -17.2554 2.3
      vertex 4.31001 -17.2485 2.3
    endloop
  endfacet
  facet normal 0.0300911 -0.999547 0
    outer loop
      vertex 4.16081 -17.2577 2.3
      vertex 4.23721 -17.2554 2.7
      vertex 4.16081 -17.2577 2.7
    endloop
  endfacet
  facet normal 0.0300911 -0.999547 0
    outer loop
      vertex 4.23721 -17.2554 2.7
      vertex 4.16081 -17.2577 2.3
      vertex 4.23721 -17.2554 2.3
    endloop
  endfacet
  facet normal -0.0124756 -0.999922 0
    outer loop
      vertex 4.11272 -17.2571 2.3
      vertex 4.16081 -17.2577 2.7
      vertex 4.11272 -17.2571 2.7
    endloop
  endfacet
  facet normal -0.0124756 -0.999922 -0
    outer loop
      vertex 4.16081 -17.2577 2.7
      vertex 4.11272 -17.2571 2.3
      vertex 4.16081 -17.2577 2.3
    endloop
  endfacet
  facet normal -0.0399261 -0.999203 0
    outer loop
      vertex 4.06517 -17.2552 2.3
      vertex 4.11272 -17.2571 2.7
      vertex 4.06517 -17.2552 2.7
    endloop
  endfacet
  facet normal -0.0399261 -0.999203 -0
    outer loop
      vertex 4.11272 -17.2571 2.7
      vertex 4.06517 -17.2552 2.3
      vertex 4.11272 -17.2571 2.3
    endloop
  endfacet
  facet normal -0.0637272 -0.997967 0
    outer loop
      vertex 4.01819 -17.2522 2.3
      vertex 4.06517 -17.2552 2.7
      vertex 4.01819 -17.2522 2.7
    endloop
  endfacet
  facet normal -0.0637272 -0.997967 -0
    outer loop
      vertex 4.06517 -17.2552 2.7
      vertex 4.01819 -17.2522 2.3
      vertex 4.06517 -17.2552 2.3
    endloop
  endfacet
  facet normal -0.0900524 -0.995937 0
    outer loop
      vertex 3.97174 -17.248 2.3
      vertex 4.01819 -17.2522 2.7
      vertex 3.97174 -17.248 2.7
    endloop
  endfacet
  facet normal -0.0900524 -0.995937 -0
    outer loop
      vertex 4.01819 -17.2522 2.7
      vertex 3.97174 -17.248 2.3
      vertex 4.01819 -17.2522 2.3
    endloop
  endfacet
  facet normal -0.116891 -0.993145 0
    outer loop
      vertex 3.92586 -17.2426 2.3
      vertex 3.97174 -17.248 2.7
      vertex 3.92586 -17.2426 2.7
    endloop
  endfacet
  facet normal -0.116891 -0.993145 -0
    outer loop
      vertex 3.97174 -17.248 2.7
      vertex 3.92586 -17.2426 2.3
      vertex 3.97174 -17.248 2.3
    endloop
  endfacet
  facet normal -0.146185 -0.989257 0
    outer loop
      vertex 3.88052 -17.2359 2.3
      vertex 3.92586 -17.2426 2.7
      vertex 3.88052 -17.2359 2.7
    endloop
  endfacet
  facet normal -0.146185 -0.989257 -0
    outer loop
      vertex 3.92586 -17.2426 2.7
      vertex 3.88052 -17.2359 2.3
      vertex 3.92586 -17.2426 2.3
    endloop
  endfacet
  facet normal -0.171601 -0.985167 0
    outer loop
      vertex 3.83574 -17.2281 2.3
      vertex 3.88052 -17.2359 2.7
      vertex 3.83574 -17.2281 2.7
    endloop
  endfacet
  facet normal -0.171601 -0.985167 -0
    outer loop
      vertex 3.88052 -17.2359 2.7
      vertex 3.83574 -17.2281 2.3
      vertex 3.88052 -17.2359 2.3
    endloop
  endfacet
  facet normal -0.201478 -0.979493 0
    outer loop
      vertex 3.7915 -17.219 2.3
      vertex 3.83574 -17.2281 2.7
      vertex 3.7915 -17.219 2.7
    endloop
  endfacet
  facet normal -0.201478 -0.979493 -0
    outer loop
      vertex 3.83574 -17.2281 2.7
      vertex 3.7915 -17.219 2.3
      vertex 3.83574 -17.2281 2.3
    endloop
  endfacet
  facet normal -0.229561 -0.973294 0
    outer loop
      vertex 3.74783 -17.2087 2.3
      vertex 3.7915 -17.219 2.7
      vertex 3.74783 -17.2087 2.7
    endloop
  endfacet
  facet normal -0.229561 -0.973294 -0
    outer loop
      vertex 3.7915 -17.219 2.7
      vertex 3.74783 -17.2087 2.3
      vertex 3.7915 -17.219 2.3
    endloop
  endfacet
  facet normal -0.257023 -0.966405 0
    outer loop
      vertex 3.70459 -17.1972 2.3
      vertex 3.74783 -17.2087 2.7
      vertex 3.70459 -17.1972 2.7
    endloop
  endfacet
  facet normal -0.257023 -0.966405 -0
    outer loop
      vertex 3.74783 -17.2087 2.7
      vertex 3.70459 -17.1972 2.3
      vertex 3.74783 -17.2087 2.3
    endloop
  endfacet
  facet normal -0.283556 -0.958956 0
    outer loop
      vertex 3.66164 -17.1845 2.3
      vertex 3.70459 -17.1972 2.7
      vertex 3.66164 -17.1845 2.7
    endloop
  endfacet
  facet normal -0.283556 -0.958956 -0
    outer loop
      vertex 3.70459 -17.1972 2.7
      vertex 3.66164 -17.1845 2.3
      vertex 3.70459 -17.1972 2.3
    endloop
  endfacet
  facet normal -0.31188 -0.950121 0
    outer loop
      vertex 3.61899 -17.1705 2.3
      vertex 3.66164 -17.1845 2.7
      vertex 3.61899 -17.1705 2.7
    endloop
  endfacet
  facet normal -0.31188 -0.950121 -0
    outer loop
      vertex 3.66164 -17.1845 2.7
      vertex 3.61899 -17.1705 2.3
      vertex 3.66164 -17.1845 2.3
    endloop
  endfacet
  facet normal -0.339781 -0.940505 0
    outer loop
      vertex 3.57664 -17.1552 2.3
      vertex 3.61899 -17.1705 2.7
      vertex 3.57664 -17.1552 2.7
    endloop
  endfacet
  facet normal -0.339781 -0.940505 -0
    outer loop
      vertex 3.61899 -17.1705 2.7
      vertex 3.57664 -17.1552 2.3
      vertex 3.61899 -17.1705 2.3
    endloop
  endfacet
  facet normal -0.367343 -0.930086 0
    outer loop
      vertex 3.53461 -17.1386 2.3
      vertex 3.57664 -17.1552 2.7
      vertex 3.53461 -17.1386 2.7
    endloop
  endfacet
  facet normal -0.367343 -0.930086 -0
    outer loop
      vertex 3.57664 -17.1552 2.7
      vertex 3.53461 -17.1386 2.3
      vertex 3.57664 -17.1552 2.3
    endloop
  endfacet
  facet normal -0.39219 -0.919884 0
    outer loop
      vertex 3.49286 -17.1208 2.3
      vertex 3.53461 -17.1386 2.7
      vertex 3.49286 -17.1208 2.7
    endloop
  endfacet
  facet normal -0.39219 -0.919884 -0
    outer loop
      vertex 3.53461 -17.1386 2.7
      vertex 3.49286 -17.1208 2.3
      vertex 3.53461 -17.1386 2.3
    endloop
  endfacet
  facet normal -0.416776 -0.909009 0
    outer loop
      vertex 3.45142 -17.1018 2.3
      vertex 3.49286 -17.1208 2.7
      vertex 3.45142 -17.1018 2.7
    endloop
  endfacet
  facet normal -0.416776 -0.909009 -0
    outer loop
      vertex 3.49286 -17.1208 2.7
      vertex 3.45142 -17.1018 2.3
      vertex 3.49286 -17.1208 2.3
    endloop
  endfacet
  facet normal -0.442499 -0.896769 0
    outer loop
      vertex 3.41028 -17.0815 2.3
      vertex 3.45142 -17.1018 2.7
      vertex 3.41028 -17.0815 2.7
    endloop
  endfacet
  facet normal -0.442499 -0.896769 -0
    outer loop
      vertex 3.45142 -17.1018 2.7
      vertex 3.41028 -17.0815 2.3
      vertex 3.45142 -17.1018 2.3
    endloop
  endfacet
  facet normal -0.467619 -0.88393 0
    outer loop
      vertex 3.36945 -17.0599 2.3
      vertex 3.41028 -17.0815 2.7
      vertex 3.36945 -17.0599 2.7
    endloop
  endfacet
  facet normal -0.467619 -0.88393 -0
    outer loop
      vertex 3.41028 -17.0815 2.7
      vertex 3.36945 -17.0599 2.3
      vertex 3.41028 -17.0815 2.3
    endloop
  endfacet
  facet normal 1 -0 0
    outer loop
      vertex 3.36945 -17.4727 2.7
      vertex 3.36945 -17.0599 2.3
      vertex 3.36945 -17.0599 2.7
    endloop
  endfacet
  facet normal 1 0 0
    outer loop
      vertex 3.36945 -17.0599 2.3
      vertex 3.36945 -17.4727 2.7
      vertex 3.36945 -17.4727 2.3
    endloop
  endfacet
  facet normal 0.288135 0.95759 -0
    outer loop
      vertex 3.41631 -17.4868 2.3
      vertex 3.36945 -17.4727 2.7
      vertex 3.41631 -17.4868 2.7
    endloop
  endfacet
  facet normal 0.288135 0.95759 0
    outer loop
      vertex 3.36945 -17.4727 2.7
      vertex 3.41631 -17.4868 2.3
      vertex 3.36945 -17.4727 2.3
    endloop
  endfacet
  facet normal 0.274885 0.961477 -0
    outer loop
      vertex 3.46283 -17.5001 2.3
      vertex 3.41631 -17.4868 2.7
      vertex 3.46283 -17.5001 2.7
    endloop
  endfacet
  facet normal 0.274885 0.961477 0
    outer loop
      vertex 3.41631 -17.4868 2.7
      vertex 3.46283 -17.5001 2.3
      vertex 3.41631 -17.4868 2.3
    endloop
  endfacet
  facet normal 0.261172 0.965292 -0
    outer loop
      vertex 3.50903 -17.5126 2.3
      vertex 3.46283 -17.5001 2.7
      vertex 3.50903 -17.5126 2.7
    endloop
  endfacet
  facet normal 0.261172 0.965292 0
    outer loop
      vertex 3.46283 -17.5001 2.7
      vertex 3.50903 -17.5126 2.3
      vertex 3.46283 -17.5001 2.3
    endloop
  endfacet
  facet normal 0.247155 0.968976 -0
    outer loop
      vertex 3.5549 -17.5243 2.3
      vertex 3.50903 -17.5126 2.7
      vertex 3.5549 -17.5243 2.7
    endloop
  endfacet
  facet normal 0.247155 0.968976 0
    outer loop
      vertex 3.50903 -17.5126 2.7
      vertex 3.5549 -17.5243 2.3
      vertex 3.50903 -17.5126 2.3
    endloop
  endfacet
  facet normal 0.232727 0.972542 -0
    outer loop
      vertex 3.60045 -17.5352 2.3
      vertex 3.5549 -17.5243 2.7
      vertex 3.60045 -17.5352 2.7
    endloop
  endfacet
  facet normal 0.232727 0.972542 0
    outer loop
      vertex 3.5549 -17.5243 2.7
      vertex 3.60045 -17.5352 2.3
      vertex 3.5549 -17.5243 2.3
    endloop
  endfacet
  facet normal 0.215879 0.97642 -0
    outer loop
      vertex 3.64568 -17.5452 2.3
      vertex 3.60045 -17.5352 2.7
      vertex 3.64568 -17.5452 2.7
    endloop
  endfacet
  facet normal 0.215879 0.97642 0
    outer loop
      vertex 3.60045 -17.5352 2.7
      vertex 3.64568 -17.5452 2.3
      vertex 3.60045 -17.5352 2.3
    endloop
  endfacet
  facet normal 0.202865 0.979207 -0
    outer loop
      vertex 3.69057 -17.5545 2.3
      vertex 3.64568 -17.5452 2.7
      vertex 3.69057 -17.5545 2.7
    endloop
  endfacet
  facet normal 0.202865 0.979207 0
    outer loop
      vertex 3.64568 -17.5452 2.7
      vertex 3.69057 -17.5545 2.3
      vertex 3.64568 -17.5452 2.3
    endloop
  endfacet
  facet normal 0.187416 0.982281 -0
    outer loop
      vertex 3.73512 -17.563 2.3
      vertex 3.69057 -17.5545 2.7
      vertex 3.73512 -17.563 2.7
    endloop
  endfacet
  facet normal 0.187416 0.982281 0
    outer loop
      vertex 3.69057 -17.5545 2.7
      vertex 3.73512 -17.563 2.3
      vertex 3.69057 -17.5545 2.3
    endloop
  endfacet
  facet normal 0.16931 0.985563 -0
    outer loop
      vertex 3.77936 -17.5706 2.3
      vertex 3.73512 -17.563 2.7
      vertex 3.77936 -17.5706 2.7
    endloop
  endfacet
  facet normal 0.16931 0.985563 0
    outer loop
      vertex 3.73512 -17.563 2.7
      vertex 3.77936 -17.5706 2.3
      vertex 3.73512 -17.563 2.3
    endloop
  endfacet
  facet normal 0.154959 0.987921 -0
    outer loop
      vertex 3.82335 -17.5775 2.3
      vertex 3.77936 -17.5706 2.7
      vertex 3.82335 -17.5775 2.7
    endloop
  endfacet
  facet normal 0.154959 0.987921 0
    outer loop
      vertex 3.77936 -17.5706 2.7
      vertex 3.82335 -17.5775 2.3
      vertex 3.77936 -17.5706 2.3
    endloop
  endfacet
  facet normal 0.135658 0.990756 -0
    outer loop
      vertex 3.86717 -17.5835 2.3
      vertex 3.82335 -17.5775 2.7
      vertex 3.86717 -17.5835 2.7
    endloop
  endfacet
  facet normal 0.135658 0.990756 0
    outer loop
      vertex 3.82335 -17.5775 2.7
      vertex 3.86717 -17.5835 2.3
      vertex 3.82335 -17.5775 2.3
    endloop
  endfacet
  facet normal 0.120562 0.992706 -0
    outer loop
      vertex 3.91081 -17.5888 2.3
      vertex 3.86717 -17.5835 2.7
      vertex 3.91081 -17.5888 2.7
    endloop
  endfacet
  facet normal 0.120562 0.992706 0
    outer loop
      vertex 3.86717 -17.5835 2.7
      vertex 3.91081 -17.5888 2.3
      vertex 3.86717 -17.5835 2.3
    endloop
  endfacet
  facet normal 0.100728 0.994914 -0
    outer loop
      vertex 3.95427 -17.5932 2.3
      vertex 3.91081 -17.5888 2.7
      vertex 3.95427 -17.5932 2.7
    endloop
  endfacet
  facet normal 0.100728 0.994914 0
    outer loop
      vertex 3.91081 -17.5888 2.7
      vertex 3.95427 -17.5932 2.3
      vertex 3.91081 -17.5888 2.3
    endloop
  endfacet
  facet normal 0.082874 0.99656 -0
    outer loop
      vertex 3.99756 -17.5968 2.3
      vertex 3.95427 -17.5932 2.7
      vertex 3.99756 -17.5968 2.7
    endloop
  endfacet
  facet normal 0.082874 0.99656 0
    outer loop
      vertex 3.95427 -17.5932 2.7
      vertex 3.99756 -17.5968 2.3
      vertex 3.95427 -17.5932 2.3
    endloop
  endfacet
  facet normal 0.0648285 0.997896 -0
    outer loop
      vertex 4.04066 -17.5996 2.3
      vertex 3.99756 -17.5968 2.7
      vertex 4.04066 -17.5996 2.7
    endloop
  endfacet
  facet normal 0.0648285 0.997896 0
    outer loop
      vertex 3.99756 -17.5968 2.7
      vertex 4.04066 -17.5996 2.3
      vertex 3.99756 -17.5968 2.3
    endloop
  endfacet
  facet normal 0.0488471 0.998806 -0
    outer loop
      vertex 4.0836 -17.6017 2.3
      vertex 4.04066 -17.5996 2.7
      vertex 4.0836 -17.6017 2.7
    endloop
  endfacet
  facet normal 0.0488471 0.998806 0
    outer loop
      vertex 4.04066 -17.5996 2.7
      vertex 4.0836 -17.6017 2.3
      vertex 4.04066 -17.5996 2.3
    endloop
  endfacet
  facet normal 0.0280526 0.999606 -0
    outer loop
      vertex 4.12636 -17.6029 2.3
      vertex 4.0836 -17.6017 2.7
      vertex 4.12636 -17.6029 2.7
    endloop
  endfacet
  facet normal 0.0280526 0.999606 0
    outer loop
      vertex 4.0836 -17.6017 2.7
      vertex 4.12636 -17.6029 2.3
      vertex 4.0836 -17.6017 2.3
    endloop
  endfacet
  facet normal 0.00939146 0.999956 -0
    outer loop
      vertex 4.16895 -17.6033 2.3
      vertex 4.12636 -17.6029 2.7
      vertex 4.16895 -17.6033 2.7
    endloop
  endfacet
  facet normal 0.00939146 0.999956 0
    outer loop
      vertex 4.12636 -17.6029 2.7
      vertex 4.16895 -17.6033 2.3
      vertex 4.12636 -17.6029 2.3
    endloop
  endfacet
  facet normal -0.0282444 0.999601 0
    outer loop
      vertex 4.28928 -17.5999 2.3
      vertex 4.16895 -17.6033 2.7
      vertex 4.28928 -17.5999 2.7
    endloop
  endfacet
  facet normal -0.0282444 0.999601 0
    outer loop
      vertex 4.16895 -17.6033 2.7
      vertex 4.28928 -17.5999 2.3
      vertex 4.16895 -17.6033 2.3
    endloop
  endfacet
  facet normal 0 -1 0
    outer loop
      vertex 2.20013 -17.0273 2.3
      vertex 2.62936 -17.0273 2.7
      vertex 2.20013 -17.0273 2.7
    endloop
  endfacet
  facet normal 0 -1 -0
    outer loop
      vertex 2.62936 -17.0273 2.7
      vertex 2.20013 -17.0273 2.3
      vertex 2.62936 -17.0273 2.3
    endloop
  endfacet
  facet normal 1 -0 0
    outer loop
      vertex 2.20013 -17.5437 2.7
      vertex 2.20013 -17.0273 2.3
      vertex 2.20013 -17.0273 2.7
    endloop
  endfacet
  facet normal 1 0 0
    outer loop
      vertex 2.20013 -17.0273 2.3
      vertex 2.20013 -17.5437 2.7
      vertex 2.20013 -17.5437 2.3
    endloop
  endfacet
  facet normal 0 1 -0
    outer loop
      vertex 2.62936 -17.5437 2.3
      vertex 2.20013 -17.5437 2.7
      vertex 2.62936 -17.5437 2.7
    endloop
  endfacet
  facet normal 0 1 0
    outer loop
      vertex 2.20013 -17.5437 2.7
      vertex 2.62936 -17.5437 2.3
      vertex 2.20013 -17.5437 2.3
    endloop
  endfacet
  facet normal -1 0 0
    outer loop
      vertex 2.62936 -17.5437 2.3
      vertex 2.62936 -17.0273 2.7
      vertex 2.62936 -17.0273 2.3
    endloop
  endfacet
  facet normal -1 -0 0
    outer loop
      vertex 2.62936 -17.0273 2.7
      vertex 2.62936 -17.5437 2.3
      vertex 2.62936 -17.5437 2.7
    endloop
  endfacet
endsolid OpenSCAD_Model
